model,cv_fold,feature,importance
random_forest,1,numeric__USM0_pose_global_pause_duration_seconds,0.0831314495971332
random_forest,1,numeric__USM2_pose_global_pause_duration_seconds,0.07117155999292919
random_forest,1,numeric__USM0_pose_global_rotation_determinant_mean,0.06422031245055526
random_forest,1,numeric__USM0_pose_global_n_samples,0.06146007105908222
random_forest,1,numeric__USM3_pose_global_pause_duration_seconds,0.04673141210859283
random_forest,1,numeric__USM2_pose_global_mean_angular_speed_rad_s,0.03598480810969183
random_forest,1,numeric__USM3_pose_global_pause_fraction,0.02791051557031623
random_forest,1,numeric__active_pair_mean_distance_rel,0.024599968061135864
random_forest,1,numeric__USM2_pose_global_mean_acceleration_l2,0.018646465938643674
random_forest,1,numeric__USM0_USM3_pose_global_path_length_imbalance,0.01803560745783284
random_forest,1,numeric__USM2_pose_global_mean_abs_angular_acceleration_rad_s2,0.01620778183205526
random_forest,1,numeric__USM0_pose_global_rms_speed_l2,0.015493828681542914
random_forest,1,numeric__USM3_pose_global_rotation_determinant_mean,0.015226328741598509
random_forest,1,numeric__USM0_USM2_pose_global_std_distance_rel,0.013713684565001702
random_forest,1,numeric__active_pair_simultaneous_active_fraction,0.01365695163311538
random_forest,1,numeric__USM0_USM2_pose_global_simultaneous_active_fraction,0.013532884021987147
random_forest,1,numeric__USM0_pose_global_log_dimensionless_jerk,0.01160112826073331
random_forest,1,numeric__USM3_pose_global_rms_speed_l2,0.011193613870647911
random_forest,1,numeric__USM3_pose_global_pause_count,0.010662064093335609
random_forest,1,numeric__USM3_pose_global_idle_fraction_relative,0.009975565008798532
random_forest,1,numeric__USM0_pose_global_mean_angular_speed_rad_s,0.009959780113229993
random_forest,1,numeric__USM0_pose_global_raw_path_l2,0.009011346911856948
random_forest,1,numeric__USM0_USM3_pose_global_both_idle_fraction,0.00876918094073777
random_forest,1,numeric__USM2_USM3_pose_global_mean_abs_relative_speed,0.008598324280804235
random_forest,1,numeric__USM2_pose_global_pause_count,0.008581317805350848
random_forest,1,numeric__USM2_pose_global_pause_fraction,0.008495534435767813
random_forest,1,numeric__USM0_pose_global_mean_acceleration_l2,0.008471308998266633
random_forest,1,numeric__USM3_pose_global_idle_threshold_relative,0.00842023267447193
random_forest,1,numeric__USM2_pose_global_mean_speed_l2,0.008347673855085053
random_forest,1,numeric__USM0_pose_global_max_speed_l2,0.007945381825238775
random_forest,1,numeric__USM0_USM3_pose_global_speed_correlation,0.007301434592300511
random_forest,1,numeric__USM0_USM2_pose_global_speed_correlation,0.006807766349919397
random_forest,1,numeric__USM2_pose_global_rotation_determinant_mean,0.006632319423451722
random_forest,1,numeric__USM2_USM3_pose_global_both_idle_fraction,0.006080001954478719
random_forest,1,numeric__USM2_USM3_pose_global_simultaneous_active_fraction,0.006036473943768667
random_forest,1,numeric__USM0_pose_global_dimensionless_jerk,0.005979776411853394
random_forest,1,numeric__USM2_pose_global_idle_fraction_relative,0.005912391498797787
random_forest,1,numeric__USM2_pose_global_economy_area_yz,0.0058583369941403885
random_forest,1,numeric__USM2_USM3_pose_global_speed_correlation,0.005684485957883959
random_forest,1,numeric__USM0_pose_global_pause_count,0.005614741441778495
random_forest,1,numeric__USM3_pose_global_dimensionless_jerk,0.005589508538585843
random_forest,1,numeric__USM0_pose_global_max_abs_angular_acceleration_rad_s2,0.00535846014312952
random_forest,1,numeric__USM2_pose_global_log_dimensionless_jerk,0.0051684698166947615
random_forest,1,numeric__USM3_pose_global_log_dimensionless_jerk,0.005122136492698966
random_forest,1,numeric__USM2_USM3_pose_global_mean_distance_rel,0.005051073021525799
random_forest,1,numeric__USM2_USM3_pose_global_path_length_imbalance,0.005041396587890343
random_forest,1,numeric__USM3_pose_global_mean_speed_l2,0.005033390394577399
random_forest,1,numeric__USM0_USM2_pose_global_one_arm_only_active_fraction,0.004985911269515511
random_forest,1,numeric__USM0_USM3_pose_global_mean_distance_rel,0.0048812833840121
random_forest,1,numeric__USM2_USM3_pose_global_std_distance_rel,0.004764599331417248
random_forest,1,numeric__USM2_USM3_pose_global_distance_range_rel,0.004755211177556859
random_forest,1,numeric__USM0_pose_global_mean_abs_angular_acceleration_rad_s2,0.0047336812293613225
random_forest,1,numeric__USM3_pose_global_z_range_m,0.004602486899600537
random_forest,1,numeric__USM2_pose_global_max_angular_speed_rad_s,0.004546024446763262
random_forest,1,numeric__USM3_pose_global_economy_area_xy,0.004533441325926126
random_forest,1,numeric__active_pair_path_length_b_rel,0.0045160268255123965
random_forest,1,numeric__active_pair_speed_correlation,0.004502239999227548
random_forest,1,numeric__USM2_pose_global_max_abs_angular_acceleration_rad_s2,0.004415352846452477
random_forest,1,numeric__USM0_USM3_pose_global_simultaneous_active_fraction,0.0043302202300391415
random_forest,1,numeric__active_pair_one_arm_only_active_fraction,0.004312404180159057
random_forest,1,numeric__USM0_pose_global_idle_fraction_relative,0.004281161792440452
random_forest,1,numeric__USM2_pose_global_movement_economy,0.004235228386752508
random_forest,1,numeric__USM0_USM3_pose_global_one_arm_only_active_fraction,0.0041600424527616225
random_forest,1,numeric__USM0_pose_global_movement_economy,0.004048062776416555
random_forest,1,numeric__USM0_pose_global_net_displacement_l2,0.004028033186202613
random_forest,1,numeric__USM0_pose_global_rotation_path_radians,0.004020181717129947
random_forest,1,numeric__USM0_USM3_pose_global_mean_abs_relative_speed,0.003975061581441344
random_forest,1,numeric__active_pair_path_length_imbalance,0.0039318689972562245
random_forest,1,numeric__USM0_pose_global_pause_fraction,0.0038994067644478833
random_forest,1,numeric__USM0_pose_global_max_angular_speed_rad_s,0.003879635730447759
random_forest,1,numeric__USM0_USM2_pose_global_mean_abs_relative_speed,0.003878611117537224
random_forest,1,numeric__USM3_pose_global_max_speed_l2,0.003832294470858621
random_forest,1,numeric__all_psm_pose_global_path_total_m,0.003762939954010665
random_forest,1,numeric__USM2_pose_global_rotation_path_radians,0.003729832929123926
random_forest,1,numeric__USM2_pose_global_y_range_m,0.003722178308361647
random_forest,1,numeric__USM3_pose_global_economy_volume,0.003609460647252679
random_forest,1,numeric__USM0_pose_global_economy_area_yz,0.0034862512430531966
random_forest,1,numeric__USM0_USM3_pose_global_std_distance_rel,0.003444179896462695
random_forest,1,numeric__USM3_pose_global_max_angular_speed_rad_s,0.0034413414965555156
random_forest,1,numeric__USM3_pose_global_economy_area_yz,0.0034311753077852897
random_forest,1,numeric__USM0_pose_global_economy_volume,0.003421416810477976
random_forest,1,numeric__USM3_pose_global_y_range_m,0.0033006208655039643
random_forest,1,numeric__USM3_pose_global_mean_abs_angular_acceleration_rad_s2,0.0032934407358862355
random_forest,1,numeric__USM0_USM3_pose_global_distance_range_rel,0.0032740939740468398
random_forest,1,numeric__USM0_pose_global_max_gap_seconds,0.0032492019555085414
random_forest,1,numeric__USM3_pose_global_max_abs_angular_acceleration_rad_s2,0.0032017045690244735
random_forest,1,numeric__USM3_pose_global_movement_economy,0.003181100369974927
random_forest,1,numeric__USM0_pose_global_x_range_m,0.003075370372952792
random_forest,1,numeric__USM0_pose_global_z_range_m,0.003051260076705134
random_forest,1,numeric__USM0_pose_global_mean_speed_l2,0.003049655084248997
random_forest,1,numeric__USM0_pose_global_economy_area_xy,0.0030399960698104774
random_forest,1,numeric__USM2_pose_global_z_range_m,0.0030386749160577035
random_forest,1,numeric__USM0_USM2_pose_global_path_length_imbalance,0.0030125465419684355
random_forest,1,numeric__USM2_pose_global_x_range_m,0.0030076545230047426
random_forest,1,numeric__USM3_pose_global_net_displacement_l2,0.0029737839347712676
random_forest,1,numeric__USM3_pose_global_raw_path_l2,0.0028740001568679425
random_forest,1,numeric__USM3_pose_global_x_range_m,0.002758577243548028
random_forest,1,numeric__USM0_pose_global_y_range_m,0.0027568251412454416
random_forest,1,numeric__USM3_pose_global_jerk_cost,0.002755846910008559
random_forest,1,numeric__USM2_pose_global_idle_threshold_relative,0.0027194538702331127
random_forest,1,numeric__USM2_USM3_pose_global_one_arm_only_active_fraction,0.002635486204463324
random_forest,1,numeric__USM3_pose_global_economy_area_xz,0.002584626525522082
random_forest,1,numeric__USM3_pose_global_max_jerk_l2,0.002542451588159817
random_forest,1,numeric__USM2_pose_global_raw_path_l2,0.002429282236772457
random_forest,1,numeric__USM3_pose_global_mean_angular_speed_rad_s,0.0024050479551621746
random_forest,1,numeric__USM2_pose_global_economy_volume,0.0023613089871271256
random_forest,1,numeric__USM3_pose_global_rotation_path_radians,0.0022838047726594906
random_forest,1,numeric__USM0_USM2_pose_global_both_idle_fraction,0.002088823430853902
random_forest,1,numeric__USM2_pose_global_economy_area_xy,0.001815850059497608
random_forest,1,numeric__USM0_pose_global_idle_threshold_relative,0.0017839670829122502
random_forest,1,numeric__USM2_pose_global_dimensionless_jerk,0.0017705865197941034
random_forest,1,numeric__USM3_pose_global_max_acceleration_l2,0.0017060951959954206
random_forest,1,numeric__USM0_pose_global_economy_area_xz,0.001704764682613694
random_forest,1,numeric__USM0_USM2_pose_global_alignment_coverage,0.00135102126625293
random_forest,1,numeric__USM3_pose_global_workspace_box_volume_m3,0.001310155049964983
random_forest,1,numeric__USM2_pose_global_economy_area_xz,0.0012809489260135671
random_forest,1,numeric__USM3_pose_global_rotation_determinant_std,0.0004840032833484642
random_forest,1,task__task_clean_suture,0.00044197944211533827
random_forest,1,task__task_clean_sea_spikes,0.00039608691101225807
random_forest,1,numeric__USM0_pose_global_rotation_determinant_std,0.00030811282046126304
random_forest,1,task__task_clean_ring_rollercoaster,0.00021518875087869654
random_forest,1,task__task_clean_camera_target,0.00021010282342693389
random_forest,1,numeric__USM2_pose_global_rotation_determinant_std,0.0001144019354573669
random_forest,1,task__task_clean_glove_cut,1.68967399697018e-05
random_forest,1,numeric__active_pair_usm_a,1.201431256113603e-05
random_forest,1,numeric__USM3_pose_global_active,6.439990690070343e-06
random_forest,1,numeric__active_psm_count,1.2500236113230743e-06
random_forest,1,numeric__USM0_pose_global_median_dt_seconds,0.0
random_forest,1,numeric__USM0_pose_global_active,0.0
random_forest,1,numeric__active_pair_usm_b,0.0
random_forest,2,numeric__USM0_pose_global_n_samples,0.11933797268598445
random_forest,2,numeric__USM0_pose_global_pause_duration_seconds,0.09638715065738351
random_forest,2,numeric__USM0_pose_global_rms_speed_l2,0.048162181610368116
random_forest,2,numeric__USM3_pose_global_pause_duration_seconds,0.04465089343641353
random_forest,2,numeric__USM2_pose_global_pause_duration_seconds,0.03853736080655134
random_forest,2,numeric__USM2_pose_global_mean_angular_speed_rad_s,0.03367945968952222
random_forest,2,numeric__USM0_pose_global_max_speed_l2,0.027564656339864428
random_forest,2,numeric__USM0_pose_global_dimensionless_jerk,0.026915633453693927
random_forest,2,numeric__active_pair_simultaneous_active_fraction,0.024135109722014495
random_forest,2,numeric__USM0_pose_global_log_dimensionless_jerk,0.023398580157172236
random_forest,2,numeric__USM2_pose_global_mean_abs_angular_acceleration_rad_s2,0.01989613102415513
random_forest,2,numeric__USM0_pose_global_rotation_determinant_mean,0.018916463399376377
random_forest,2,numeric__USM2_pose_global_dimensionless_jerk,0.015851482990008228
random_forest,2,numeric__USM3_pose_global_pause_fraction,0.015057039014073938
random_forest,2,numeric__USM2_pose_global_log_dimensionless_jerk,0.014726604567168601
random_forest,2,numeric__USM0_pose_global_pause_count,0.01209574241577143
random_forest,2,numeric__USM2_USM3_pose_global_speed_correlation,0.012055990783132086
random_forest,2,numeric__USM0_pose_global_mean_abs_angular_acceleration_rad_s2,0.011057153625768892
random_forest,2,numeric__USM3_pose_global_rotation_determinant_mean,0.010990537028243898
random_forest,2,numeric__USM0_pose_global_max_jerk_l2,0.010906889811099227
random_forest,2,numeric__USM3_pose_global_pause_count,0.009790132062632257
random_forest,2,numeric__USM2_pose_global_pause_count,0.009527821870648226
random_forest,2,numeric__USM0_USM2_pose_global_simultaneous_active_fraction,0.009266005710033293
random_forest,2,numeric__USM0_pose_global_mean_angular_speed_rad_s,0.008964583559736347
random_forest,2,numeric__USM2_pose_global_idle_fraction_relative,0.008156283684977676
random_forest,2,numeric__USM0_pose_global_mean_speed_l2,0.007677630738466747
random_forest,2,numeric__USM2_USM3_pose_global_one_arm_only_active_fraction,0.007396906259148727
random_forest,2,numeric__USM0_pose_global_net_displacement_l2,0.007308315552461755
random_forest,2,numeric__USM0_pose_global_max_abs_angular_acceleration_rad_s2,0.007051503859935349
random_forest,2,numeric__USM3_pose_global_idle_fraction_relative,0.006987807146923854
random_forest,2,numeric__USM2_pose_global_max_angular_speed_rad_s,0.0067122246193213365
random_forest,2,numeric__USM2_pose_global_rotation_determinant_mean,0.0066481719948630336
random_forest,2,numeric__USM0_pose_global_movement_economy,0.0066162101096511146
random_forest,2,numeric__USM0_pose_global_max_angular_speed_rad_s,0.006275354391852719
random_forest,2,numeric__USM0_USM3_pose_global_speed_correlation,0.006224539645639375
random_forest,2,numeric__active_pair_path_length_imbalance,0.006201353291466356
random_forest,2,numeric__USM0_USM3_pose_global_path_length_imbalance,0.005922101940138491
random_forest,2,numeric__USM2_pose_global_mean_speed_l2,0.0058501081582960435
random_forest,2,numeric__USM0_pose_global_rotation_path_radians,0.0057758949643234424
random_forest,2,numeric__USM2_pose_global_max_abs_angular_acceleration_rad_s2,0.005741292015004533
random_forest,2,numeric__USM3_pose_global_idle_threshold_relative,0.005390574893798226
random_forest,2,numeric__USM3_pose_global_dimensionless_jerk,0.005360661505524179
random_forest,2,numeric__USM2_USM3_pose_global_path_length_imbalance,0.005299488291020177
random_forest,2,numeric__USM3_pose_global_z_range_m,0.0050656880010816795
random_forest,2,numeric__USM0_USM3_pose_global_both_idle_fraction,0.005005863498714995
random_forest,2,numeric__USM2_pose_global_movement_economy,0.004973995220392577
random_forest,2,numeric__USM0_USM3_pose_global_mean_distance_rel,0.0048141029494361285
random_forest,2,numeric__active_pair_one_arm_only_active_fraction,0.004707152688484684
random_forest,2,numeric__USM0_USM3_pose_global_simultaneous_active_fraction,0.004598627687313207
random_forest,2,numeric__USM3_pose_global_rms_speed_l2,0.00456768526254442
random_forest,2,numeric__USM2_USM3_pose_global_mean_distance_rel,0.004558686144175746
random_forest,2,numeric__USM0_pose_global_economy_area_xy,0.0044284136863386786
random_forest,2,numeric__USM3_pose_global_economy_area_xy,0.0044113023171514255
random_forest,2,numeric__USM0_USM3_pose_global_one_arm_only_active_fraction,0.004386377790362022
random_forest,2,numeric__active_pair_path_length_b_rel,0.004365549152073309
random_forest,2,numeric__USM0_USM2_pose_global_one_arm_only_active_fraction,0.004327286252876657
random_forest,2,numeric__USM2_pose_global_z_range_m,0.004268810014158558
random_forest,2,numeric__USM2_USM3_pose_global_distance_range_rel,0.004249756308779545
random_forest,2,numeric__USM0_pose_global_pause_fraction,0.004128356071520037
random_forest,2,numeric__USM0_pose_global_economy_volume,0.004077153890151026
random_forest,2,numeric__USM2_USM3_pose_global_both_idle_fraction,0.003950704499679045
random_forest,2,numeric__USM0_pose_global_path_l2,0.003872561250326222
random_forest,2,numeric__USM3_pose_global_log_dimensionless_jerk,0.0038540553299482657
random_forest,2,numeric__USM2_pose_global_economy_area_yz,0.0038489410192589237
random_forest,2,numeric__USM2_pose_global_rotation_path_radians,0.003552944705540628
random_forest,2,numeric__USM0_pose_global_economy_area_yz,0.0034965426367677657
random_forest,2,numeric__USM3_pose_global_y_range_m,0.0034559786339108133
random_forest,2,numeric__active_pair_speed_correlation,0.003418582931117604
random_forest,2,numeric__USM0_USM2_pose_global_path_length_imbalance,0.0033577525773994133
random_forest,2,numeric__USM0_pose_global_idle_fraction_relative,0.0033077371393945084
random_forest,2,numeric__USM3_pose_global_movement_economy,0.003270153160647342
random_forest,2,numeric__USM0_pose_global_raw_path_l2,0.003244681872404365
random_forest,2,numeric__USM0_USM2_pose_global_speed_correlation,0.003229794752613785
random_forest,2,numeric__USM3_pose_global_mean_acceleration_l2,0.0031642662556475836
random_forest,2,numeric__USM2_pose_global_y_range_m,0.0031614712711278904
random_forest,2,numeric__USM2_pose_global_economy_area_xy,0.0031466014424556808
random_forest,2,numeric__USM2_pose_global_idle_threshold_relative,0.003090143106898774
random_forest,2,numeric__USM2_USM3_pose_global_simultaneous_active_fraction,0.0030536914221693766
random_forest,2,numeric__USM2_pose_global_economy_area_xz,0.0030525962136800267
random_forest,2,numeric__USM2_USM3_pose_global_std_distance_rel,0.0029220552786082864
random_forest,2,numeric__USM0_USM3_pose_global_mean_abs_relative_speed,0.0029090613988096915
random_forest,2,numeric__USM3_pose_global_net_displacement_l2,0.002897035321075035
random_forest,2,numeric__USM3_pose_global_x_range_m,0.002756887648982638
random_forest,2,numeric__USM3_pose_global_economy_area_yz,0.00273807637600163
random_forest,2,numeric__all_psm_pose_global_path_total_m,0.0027088928406940856
random_forest,2,numeric__USM2_pose_global_economy_volume,0.0025691470752963043
random_forest,2,numeric__USM3_pose_global_raw_path_l2,0.0025245421820555224
random_forest,2,numeric__USM3_pose_global_max_angular_speed_rad_s,0.0025172975230264957
random_forest,2,numeric__USM0_pose_global_x_range_m,0.002424876840517776
random_forest,2,numeric__USM0_pose_global_economy_area_xz,0.0024179238043395687
random_forest,2,numeric__USM3_pose_global_economy_area_xz,0.002413995407072282
random_forest,2,numeric__USM3_pose_global_mean_speed_l2,0.0023271964763727664
random_forest,2,numeric__USM3_pose_global_economy_volume,0.002276771018291598
random_forest,2,numeric__USM0_USM3_pose_global_distance_range_rel,0.00224452495025171
random_forest,2,numeric__USM2_pose_global_path_l2,0.002134878173078496
random_forest,2,numeric__USM0_pose_global_y_range_m,0.002123181679612679
random_forest,2,numeric__USM3_pose_global_mean_angular_speed_rad_s,0.002018115799039457
random_forest,2,numeric__USM0_USM3_pose_global_std_distance_rel,0.0020151638911740685
random_forest,2,numeric__USM2_pose_global_x_range_m,0.0020016614145155387
random_forest,2,numeric__USM0_pose_global_max_gap_seconds,0.0019821719662354203
random_forest,2,numeric__USM3_pose_global_max_speed_l2,0.0019697570203935032
random_forest,2,numeric__USM0_USM2_pose_global_both_idle_fraction,0.001924150989954771
random_forest,2,numeric__USM3_pose_global_jerk_cost,0.0019156616895214926
random_forest,2,numeric__USM3_pose_global_mean_abs_angular_acceleration_rad_s2,0.0018837562300279805
random_forest,2,numeric__USM0_pose_global_idle_threshold_relative,0.0018763847405115191
random_forest,2,numeric__USM3_pose_global_max_jerk_l2,0.0018589868119239657
random_forest,2,numeric__USM3_pose_global_max_acceleration_l2,0.0018463930389498958
random_forest,2,numeric__USM2_pose_global_raw_path_l2,0.0016944306554700615
random_forest,2,numeric__active_pair_both_idle_fraction,0.0016449999971073518
random_forest,2,numeric__USM3_pose_global_rotation_path_radians,0.001639518353637364
random_forest,2,numeric__USM0_USM2_pose_global_alignment_coverage,0.0014767108560314077
random_forest,2,task__task_clean_suture,0.0009601105003245005
random_forest,2,task__task_clean_sea_spikes,0.0005574748072411517
random_forest,2,numeric__USM2_pose_global_rotation_determinant_std,0.0004946917881969941
random_forest,2,task__task_clean_camera_target,0.00042827194401071913
random_forest,2,task__task_clean_glove_cut,0.00030868578584472756
random_forest,2,task__task_clean_ring_rollercoaster,0.0002903250571171726
random_forest,2,numeric__USM3_pose_global_rotation_determinant_std,0.00026241575794244026
random_forest,2,numeric__USM0_pose_global_rotation_determinant_std,8.91353582961792e-05
random_forest,2,numeric__USM3_pose_global_active,1.9066929237025732e-05
random_forest,2,numeric__active_pair_usm_b,3.6079830368095944e-06
random_forest,2,numeric__USM0_pose_global_median_dt_seconds,0.0
random_forest,2,numeric__USM0_pose_global_active,0.0
random_forest,2,numeric__active_pair_usm_a,0.0
random_forest,3,numeric__USM2_pose_global_pause_duration_seconds,0.03897861974246767
random_forest,3,numeric__USM0_pose_global_log_dimensionless_jerk,0.035415611337677774
random_forest,3,numeric__USM0_pose_global_n_samples,0.03229938417369998
random_forest,3,numeric__USM0_pose_global_pause_duration_seconds,0.03083575361507457
random_forest,3,numeric__active_pair_simultaneous_active_fraction,0.026525836116336902
random_forest,3,numeric__USM2_pose_global_dimensionless_jerk,0.023507740443995784
random_forest,3,numeric__USM0_pose_global_dimensionless_jerk,0.0226390572395761
random_forest,3,numeric__USM0_pose_global_rms_speed_l2,0.021698389792511843
random_forest,3,numeric__USM2_pose_global_log_dimensionless_jerk,0.021518095753389026
random_forest,3,numeric__USM3_pose_global_pause_duration_seconds,0.020058482870589835
random_forest,3,numeric__USM0_pose_global_pause_count,0.0193162296131894
random_forest,3,numeric__USM2_pose_global_pause_count,0.017423950191258766
random_forest,3,numeric__USM0_pose_global_max_speed_l2,0.015030922453985547
random_forest,3,numeric__USM2_pose_global_mean_angular_speed_rad_s,0.014723169967107135
random_forest,3,numeric__USM0_USM2_pose_global_simultaneous_active_fraction,0.014560794994153617
random_forest,3,numeric__USM3_pose_global_pause_count,0.013950073912658812
random_forest,3,numeric__USM2_pose_global_mean_abs_angular_acceleration_rad_s2,0.012552003435882683
random_forest,3,numeric__USM0_pose_global_mean_angular_speed_rad_s,0.012509183903162819
random_forest,3,numeric__USM0_pose_global_mean_speed_l2,0.012390367925446991
random_forest,3,numeric__USM0_pose_global_rotation_determinant_mean,0.01227010670230236
random_forest,3,numeric__USM3_pose_global_idle_fraction_relative,0.011404117708901065
random_forest,3,numeric__USM0_pose_global_mean_abs_angular_acceleration_rad_s2,0.011226356999055559
random_forest,3,numeric__USM0_pose_global_raw_path_l2,0.01117383863557096
random_forest,3,numeric__USM2_USM3_pose_global_speed_correlation,0.010456259170545901
random_forest,3,numeric__USM0_USM3_pose_global_both_idle_fraction,0.010167850454028257
random_forest,3,numeric__active_pair_speed_correlation,0.009936348188542438
random_forest,3,numeric__USM2_pose_global_pause_fraction,0.009763039223740088
random_forest,3,numeric__USM0_pose_global_max_jerk_l2,0.009721087120648517
random_forest,3,numeric__USM3_pose_global_pause_fraction,0.009563344624184917
random_forest,3,numeric__USM2_pose_global_mean_speed_l2,0.00932201030832872
random_forest,3,numeric__USM2_pose_global_economy_area_yz,0.009214823633809306
random_forest,3,numeric__USM0_USM3_pose_global_path_length_imbalance,0.009148315197299552
random_forest,3,numeric__USM2_pose_global_idle_fraction_relative,0.00872742964445402
random_forest,3,numeric__USM3_pose_global_rotation_determinant_mean,0.008668959114086421
random_forest,3,numeric__active_pair_path_length_b_rel,0.008512372735058006
random_forest,3,numeric__USM0_USM3_pose_global_mean_abs_relative_speed,0.008143022475506162
random_forest,3,numeric__USM0_USM3_pose_global_simultaneous_active_fraction,0.007952761762628411
random_forest,3,numeric__USM0_pose_global_economy_area_yz,0.007813682197437555
random_forest,3,numeric__USM0_pose_global_path_l2,0.007797831321400391
random_forest,3,numeric__USM2_USM3_pose_global_one_arm_only_active_fraction,0.0076922475266845945
random_forest,3,numeric__USM2_pose_global_raw_path_l2,0.007618281046191377
random_forest,3,numeric__USM2_USM3_pose_global_simultaneous_active_fraction,0.007398950279275037
random_forest,3,numeric__USM2_pose_global_max_abs_angular_acceleration_rad_s2,0.007161093470029034
random_forest,3,numeric__all_psm_pose_global_path_total_m,0.007158033902389466
random_forest,3,numeric__USM2_USM3_pose_global_mean_distance_rel,0.0070868414503804725
random_forest,3,numeric__USM0_pose_global_idle_threshold_relative,0.00705924234123707
random_forest,3,numeric__USM3_pose_global_dimensionless_jerk,0.0070277907249281435
random_forest,3,numeric__USM0_pose_global_pause_fraction,0.0069808008984242635
random_forest,3,numeric__USM2_pose_global_rotation_determinant_mean,0.0069695626141973955
random_forest,3,numeric__USM0_USM3_pose_global_mean_distance_rel,0.0069421539783102075
random_forest,3,numeric__USM0_pose_global_idle_fraction_relative,0.006874630562567267
random_forest,3,numeric__USM0_USM2_pose_global_both_idle_fraction,0.006789588506320187
random_forest,3,numeric__active_pair_both_idle_fraction,0.006734008343215897
random_forest,3,numeric__USM0_USM3_pose_global_speed_correlation,0.006707711291088584
random_forest,3,numeric__USM3_pose_global_log_dimensionless_jerk,0.006672075360509423
random_forest,3,numeric__USM2_pose_global_net_displacement_l2,0.006379180570003225
random_forest,3,numeric__USM0_pose_global_economy_volume,0.006219482212645794
random_forest,3,numeric__USM0_USM3_pose_global_one_arm_only_active_fraction,0.006078291269460088
random_forest,3,numeric__USM3_pose_global_idle_threshold_relative,0.006077288839865567
random_forest,3,numeric__active_pair_one_arm_only_active_fraction,0.00606583350730188
random_forest,3,numeric__USM0_USM2_pose_global_speed_correlation,0.006056551773464887
random_forest,3,numeric__USM3_pose_global_z_range_m,0.006014288961289503
random_forest,3,numeric__USM2_pose_global_path_l2,0.005942040993414921
random_forest,3,numeric__USM2_USM3_pose_global_both_idle_fraction,0.005867623586715133
random_forest,3,numeric__USM3_pose_global_economy_area_xy,0.0058289961979976134
random_forest,3,numeric__USM2_USM3_pose_global_path_length_imbalance,0.005814772766373227
random_forest,3,numeric__USM3_pose_global_mean_speed_l2,0.005731102756863937
random_forest,3,numeric__USM0_pose_global_max_abs_angular_acceleration_rad_s2,0.005667471767568442
random_forest,3,numeric__USM3_pose_global_mean_acceleration_l2,0.005600194321828242
random_forest,3,numeric__USM0_pose_global_economy_area_xy,0.0055993684508359905
random_forest,3,numeric__USM2_pose_global_max_angular_speed_rad_s,0.005512450558094864
random_forest,3,numeric__USM2_pose_global_rotation_path_radians,0.005435434282524733
random_forest,3,numeric__USM3_pose_global_rms_speed_l2,0.005291623058268673
random_forest,3,numeric__USM0_USM2_pose_global_one_arm_only_active_fraction,0.005149919104068815
random_forest,3,numeric__active_pair_path_length_imbalance,0.005148983551177496
random_forest,3,numeric__USM0_pose_global_rotation_path_radians,0.0051307184458912695
random_forest,3,numeric__USM3_pose_global_max_acceleration_l2,0.005083867394445263
random_forest,3,numeric__USM0_pose_global_net_displacement_l2,0.005075755464824233
random_forest,3,numeric__USM3_pose_global_rotation_path_radians,0.004832969658456939
random_forest,3,numeric__USM3_pose_global_raw_path_l2,0.0048328671954536145
random_forest,3,numeric__USM0_pose_global_max_angular_speed_rad_s,0.004790462128412109
random_forest,3,numeric__USM0_pose_global_y_range_m,0.004789338126087444
random_forest,3,numeric__USM3_pose_global_mean_angular_speed_rad_s,0.004725038659986666
random_forest,3,numeric__USM3_pose_global_economy_area_xz,0.004613858829292463
random_forest,3,numeric__USM2_pose_global_workspace_box_volume_m3,0.004567104290652864
random_forest,3,numeric__USM2_pose_global_economy_volume,0.004564513535151719
random_forest,3,numeric__USM2_pose_global_y_range_m,0.004529615154339096
random_forest,3,numeric__USM3_pose_global_x_range_m,0.004493948479856842
random_forest,3,numeric__USM3_pose_global_max_abs_angular_acceleration_rad_s2,0.004460012256102299
random_forest,3,numeric__USM0_USM3_pose_global_std_distance_rel,0.004433989124005089
random_forest,3,numeric__USM2_pose_global_z_range_m,0.004392136940256704
random_forest,3,numeric__USM2_pose_global_economy_area_xy,0.004374366542362528
random_forest,3,numeric__USM3_pose_global_max_angular_speed_rad_s,0.0042643147767173475
random_forest,3,numeric__USM3_pose_global_economy_area_yz,0.004159357961695652
random_forest,3,numeric__USM0_pose_global_movement_economy,0.004141843535962925
random_forest,3,numeric__USM2_USM3_pose_global_std_distance_rel,0.004117514088845018
random_forest,3,numeric__USM0_pose_global_z_range_m,0.004012099352547667
random_forest,3,numeric__USM2_pose_global_idle_threshold_relative,0.004006825237203801
random_forest,3,numeric__USM3_pose_global_y_range_m,0.003978417367603784
random_forest,3,numeric__USM3_pose_global_mean_abs_angular_acceleration_rad_s2,0.003960713338717655
random_forest,3,numeric__USM0_pose_global_economy_area_xz,0.003906431387394546
random_forest,3,numeric__USM0_pose_global_x_range_m,0.003882748633282396
random_forest,3,numeric__USM2_USM3_pose_global_distance_range_rel,0.0037411510160278594
random_forest,3,numeric__USM2_pose_global_x_range_m,0.003653723814373913
random_forest,3,numeric__USM2_pose_global_economy_area_xz,0.0036362247271896977
random_forest,3,numeric__USM3_pose_global_max_speed_l2,0.0035692556984857587
random_forest,3,numeric__USM3_pose_global_jerk_cost,0.0035595000752162973
random_forest,3,numeric__USM3_pose_global_net_displacement_l2,0.0035365736758785613
random_forest,3,numeric__USM0_USM2_pose_global_path_length_imbalance,0.003389791970207755
random_forest,3,numeric__USM2_pose_global_movement_economy,0.0033772594833592073
random_forest,3,numeric__USM3_pose_global_movement_economy,0.0033534359901319674
random_forest,3,numeric__USM3_pose_global_workspace_box_volume_m3,0.003319875165005967
random_forest,3,numeric__USM3_pose_global_economy_volume,0.0033064078373708245
random_forest,3,numeric__USM3_pose_global_max_jerk_l2,0.0032994986137762643
random_forest,3,numeric__USM0_USM3_pose_global_distance_range_rel,0.0028262283959324184
random_forest,3,numeric__USM0_pose_global_max_gap_seconds,0.0019565118246932696
random_forest,3,numeric__USM3_pose_global_rotation_determinant_std,0.001263543969368239
random_forest,3,numeric__USM0_USM2_pose_global_alignment_coverage,0.0012597810951663388
random_forest,3,task__task_clean_suture,0.0011477125916349075
random_forest,3,numeric__USM0_pose_global_rotation_determinant_std,0.001090772539925229
random_forest,3,numeric__USM2_pose_global_rotation_determinant_std,0.000653454548624358
random_forest,3,task__task_clean_camera_target,0.0005013379963239187
random_forest,3,task__task_clean_sea_spikes,0.00046433478745691337
random_forest,3,task__task_clean_glove_cut,0.00044664753273296033
random_forest,3,numeric__active_psm_count,0.00039554536640933855
random_forest,3,task__task_clean_ring_rollercoaster,0.00038569685907993457
random_forest,3,numeric__USM3_pose_global_active,0.0002374618057264909
random_forest,3,numeric__active_pair_usm_a,0.00017693450043741916
random_forest,3,numeric__active_pair_usm_b,5.937468871111322e-05
random_forest,3,numeric__USM0_pose_global_median_dt_seconds,0.0
random_forest,3,numeric__USM0_pose_global_active,0.0
random_forest,4,numeric__USM2_pose_global_pause_duration_seconds,0.04864078323500495
random_forest,4,numeric__USM0_pose_global_n_samples,0.04426263310949748
random_forest,4,numeric__USM3_pose_global_pause_duration_seconds,0.04313647482480679
random_forest,4,numeric__USM0_pose_global_log_dimensionless_jerk,0.042471161070664336
random_forest,4,numeric__USM0_pose_global_pause_duration_seconds,0.03289450701133897
random_forest,4,numeric__USM0_pose_global_dimensionless_jerk,0.03060495609072081
random_forest,4,numeric__USM2_pose_global_log_dimensionless_jerk,0.03020683206788233
random_forest,4,numeric__USM2_pose_global_dimensionless_jerk,0.023485363570487607
random_forest,4,numeric__USM2_pose_global_pause_count,0.022206262927317474
random_forest,4,numeric__USM3_pose_global_pause_count,0.02054964325014518
random_forest,4,numeric__active_pair_simultaneous_active_fraction,0.019950411063217304
random_forest,4,numeric__USM0_pose_global_pause_count,0.019076645468052024
random_forest,4,numeric__USM0_pose_global_rms_speed_l2,0.0178324260901444
random_forest,4,numeric__USM2_pose_global_mean_angular_speed_rad_s,0.017106090369179344
random_forest,4,numeric__USM0_pose_global_mean_angular_speed_rad_s,0.015831957458609394
random_forest,4,numeric__USM0_pose_global_mean_abs_angular_acceleration_rad_s2,0.013914502783087033
random_forest,4,numeric__USM2_pose_global_mean_abs_angular_acceleration_rad_s2,0.013338218764334182
random_forest,4,numeric__USM0_USM2_pose_global_simultaneous_active_fraction,0.012599765763196432
random_forest,4,numeric__USM2_USM3_pose_global_speed_correlation,0.012361295679012976
random_forest,4,numeric__USM0_pose_global_raw_path_l2,0.011873569946885463
random_forest,4,numeric__USM3_pose_global_pause_fraction,0.011615939006665741
random_forest,4,numeric__USM0_pose_global_path_l2,0.01143322782027798
random_forest,4,numeric__USM0_pose_global_mean_speed_l2,0.011273689488264746
random_forest,4,numeric__USM3_pose_global_idle_fraction_relative,0.01061220135769852
random_forest,4,numeric__active_pair_speed_correlation,0.009774211611989516
random_forest,4,numeric__USM2_pose_global_mean_speed_l2,0.009324595009259841
random_forest,4,numeric__USM3_pose_global_log_dimensionless_jerk,0.009158543751408099
random_forest,4,numeric__USM0_pose_global_rotation_determinant_mean,0.009156473396845931
random_forest,4,numeric__USM0_pose_global_max_speed_l2,0.00876550880164165
random_forest,4,numeric__USM0_USM3_pose_global_mean_abs_relative_speed,0.008599584636675674
random_forest,4,numeric__USM0_USM3_pose_global_both_idle_fraction,0.008269146688277452
random_forest,4,numeric__USM0_USM3_pose_global_path_length_imbalance,0.007710832857504307
random_forest,4,numeric__USM3_pose_global_dimensionless_jerk,0.007452359293297833
random_forest,4,numeric__USM2_pose_global_pause_fraction,0.007106410556493231
random_forest,4,numeric__USM0_USM2_pose_global_speed_correlation,0.007100425434154617
random_forest,4,numeric__USM2_pose_global_max_abs_angular_acceleration_rad_s2,0.007044440637616264
random_forest,4,numeric__active_pair_path_length_b_rel,0.006988456475447821
random_forest,4,numeric__all_psm_pose_global_path_total_m,0.0069578037047683
random_forest,4,numeric__USM0_pose_global_economy_area_yz,0.006933711237554645
random_forest,4,numeric__USM2_pose_global_raw_path_l2,0.006802138954445687
random_forest,4,numeric__USM3_pose_global_movement_economy,0.006764130219571815
random_forest,4,numeric__USM2_USM3_pose_global_both_idle_fraction,0.00676170158307471
random_forest,4,numeric__USM0_pose_global_idle_fraction_relative,0.006607529422973834
random_forest,4,numeric__USM2_pose_global_idle_fraction_relative,0.006589895318147486
random_forest,4,numeric__USM0_USM3_pose_global_simultaneous_active_fraction,0.006523586815318446
random_forest,4,numeric__USM0_pose_global_max_jerk_l2,0.006178384098080584
random_forest,4,numeric__USM2_pose_global_economy_area_yz,0.006169043459622542
random_forest,4,numeric__USM0_pose_global_rotation_path_radians,0.006127841467851001
random_forest,4,numeric__USM0_pose_global_movement_economy,0.005985338255217491
random_forest,4,numeric__USM3_pose_global_rms_speed_l2,0.005962224740641277
random_forest,4,numeric__USM2_pose_global_rotation_determinant_mean,0.005593417071251493
random_forest,4,numeric__USM0_pose_global_net_displacement_l2,0.005580618889453254
random_forest,4,numeric__USM0_USM3_pose_global_speed_correlation,0.005574434333617126
random_forest,4,numeric__USM3_pose_global_mean_acceleration_l2,0.005483216203366243
random_forest,4,numeric__USM2_pose_global_max_angular_speed_rad_s,0.005480992548762341
random_forest,4,numeric__USM3_pose_global_idle_threshold_relative,0.005461491064630829
random_forest,4,numeric__USM3_pose_global_max_abs_angular_acceleration_rad_s2,0.0053307407284165186
random_forest,4,numeric__USM2_USM3_pose_global_one_arm_only_active_fraction,0.0052891515971540065
random_forest,4,numeric__USM0_USM2_pose_global_path_length_imbalance,0.005226397010592002
random_forest,4,numeric__USM2_USM3_pose_global_path_length_imbalance,0.005118645987110709
random_forest,4,numeric__USM0_pose_global_idle_threshold_relative,0.005051610247915703
random_forest,4,numeric__USM0_pose_global_economy_volume,0.004921416372830061
random_forest,4,numeric__USM0_USM3_pose_global_mean_distance_rel,0.0049210220646714094
random_forest,4,numeric__USM2_pose_global_path_l2,0.004844435900415389
random_forest,4,numeric__USM3_pose_global_jerk_cost,0.004774793836180998
random_forest,4,numeric__USM3_pose_global_mean_angular_speed_rad_s,0.004658407073277011
random_forest,4,numeric__USM3_pose_global_mean_speed_l2,0.00465679106108265
random_forest,4,numeric__active_pair_both_idle_fraction,0.004647345696413382
random_forest,4,numeric__USM0_pose_global_pause_fraction,0.004638887843915638
random_forest,4,numeric__USM3_pose_global_max_acceleration_l2,0.004596459515932963
random_forest,4,numeric__USM2_USM3_pose_global_simultaneous_active_fraction,0.004558230732610291
random_forest,4,numeric__USM2_pose_global_net_displacement_l2,0.0044417412130131895
random_forest,4,numeric__USM0_pose_global_max_abs_angular_acceleration_rad_s2,0.004427586548735187
random_forest,4,numeric__USM2_pose_global_economy_volume,0.004420735688606176
random_forest,4,numeric__USM0_USM3_pose_global_one_arm_only_active_fraction,0.004365541613773638
random_forest,4,numeric__active_pair_path_length_imbalance,0.004324919195255802
random_forest,4,numeric__USM2_pose_global_x_range_m,0.004318317412245577
random_forest,4,numeric__active_pair_one_arm_only_active_fraction,0.00430586590615539
random_forest,4,numeric__USM3_pose_global_y_range_m,0.004292628315649989
random_forest,4,numeric__USM3_pose_global_max_jerk_l2,0.0042465098660193785
random_forest,4,numeric__USM0_USM3_pose_global_std_distance_rel,0.004223313148362088
random_forest,4,numeric__USM3_pose_global_max_angular_speed_rad_s,0.004188902764796455
random_forest,4,numeric__USM3_pose_global_rotation_determinant_mean,0.004126629144165503
random_forest,4,numeric__USM0_pose_global_economy_area_xy,0.003948572535983819
random_forest,4,numeric__USM0_pose_global_x_range_m,0.003921425812124062
random_forest,4,numeric__USM2_pose_global_economy_area_xy,0.003904008157516415
random_forest,4,numeric__USM3_pose_global_raw_path_l2,0.0038997359477102567
random_forest,4,numeric__USM2_pose_global_rotation_path_radians,0.0038841344829983722
random_forest,4,numeric__USM2_pose_global_movement_economy,0.003882762054660089
random_forest,4,numeric__USM0_pose_global_max_angular_speed_rad_s,0.0038546060824061474
random_forest,4,numeric__USM0_USM2_pose_global_both_idle_fraction,0.0038391992653824636
random_forest,4,numeric__USM3_pose_global_economy_area_xz,0.0038368117449351763
random_forest,4,numeric__USM3_pose_global_z_range_m,0.0037547231415806614
random_forest,4,numeric__USM3_pose_global_economy_area_xy,0.003704272429583282
random_forest,4,numeric__USM0_pose_global_economy_area_xz,0.003679479549675171
random_forest,4,numeric__USM0_USM2_pose_global_one_arm_only_active_fraction,0.0036730914224102416
random_forest,4,numeric__USM2_USM3_pose_global_std_distance_rel,0.003573605680638617
random_forest,4,numeric__USM3_pose_global_rotation_path_radians,0.003566035357369366
random_forest,4,numeric__USM3_pose_global_economy_volume,0.003554739167732816
random_forest,4,numeric__USM2_pose_global_workspace_box_volume_m3,0.003518618508799378
random_forest,4,numeric__USM3_pose_global_net_displacement_l2,0.0034829237442604182
random_forest,4,numeric__USM3_pose_global_economy_area_yz,0.0034807147332281694
random_forest,4,numeric__USM2_USM3_pose_global_mean_distance_rel,0.0033840449893018324
random_forest,4,numeric__USM3_pose_global_max_speed_l2,0.003378524917590617
random_forest,4,numeric__USM2_USM3_pose_global_distance_range_rel,0.003263419466393931
random_forest,4,numeric__USM0_pose_global_z_range_m,0.003070544953631993
random_forest,4,numeric__USM2_pose_global_idle_threshold_relative,0.002937623472251859
random_forest,4,numeric__USM3_pose_global_workspace_box_volume_m3,0.0029083773905503136
random_forest,4,numeric__USM2_pose_global_z_range_m,0.002856027597276314
random_forest,4,numeric__USM0_USM3_pose_global_distance_range_rel,0.002812738536510247
random_forest,4,numeric__USM3_pose_global_mean_abs_angular_acceleration_rad_s2,0.0026786105866645044
random_forest,4,numeric__USM3_pose_global_x_range_m,0.0026660618163820626
random_forest,4,numeric__USM2_pose_global_y_range_m,0.002568196208480216
random_forest,4,numeric__USM2_pose_global_economy_area_xz,0.0024161514086537684
random_forest,4,numeric__USM0_pose_global_y_range_m,0.0022292890418634816
random_forest,4,numeric__USM0_pose_global_max_gap_seconds,0.0015767007386169648
random_forest,4,task__task_clean_suture,0.0008179881835446407
random_forest,4,task__task_clean_sea_spikes,0.0005887094337900858
random_forest,4,numeric__USM3_pose_global_rotation_determinant_std,0.0005331577972401077
random_forest,4,numeric__USM0_USM2_pose_global_alignment_coverage,0.000523858776696036
random_forest,4,task__task_clean_glove_cut,0.000399135367411308
random_forest,4,task__task_clean_camera_target,0.00033536975226339846
random_forest,4,numeric__USM0_pose_global_rotation_determinant_std,0.0003068895446885736
random_forest,4,numeric__active_pair_usm_b,0.00021109613543337423
random_forest,4,task__task_clean_ring_rollercoaster,0.00019564775430271213
random_forest,4,numeric__USM3_pose_global_active,8.047662382831785e-05
random_forest,4,numeric__USM2_pose_global_rotation_determinant_std,6.138977018115933e-05
random_forest,4,numeric__active_psm_count,5.643667670735416e-05
random_forest,4,numeric__USM0_pose_global_median_dt_seconds,0.0
random_forest,4,numeric__USM0_pose_global_active,0.0
random_forest,4,numeric__active_pair_usm_a,0.0
random_forest,5,numeric__USM3_pose_global_pause_duration_seconds,0.03871557685377853
random_forest,5,numeric__USM2_pose_global_pause_duration_seconds,0.036867562495304304
random_forest,5,numeric__USM0_pose_global_pause_duration_seconds,0.03528641439047455
random_forest,5,numeric__USM0_pose_global_n_samples,0.034837435873889745
random_forest,5,numeric__USM0_pose_global_rms_speed_l2,0.026001956038258268
random_forest,5,numeric__USM0_pose_global_max_speed_l2,0.0225982378068617
random_forest,5,numeric__USM0_pose_global_pause_count,0.021624134220234462
random_forest,5,numeric__USM0_pose_global_dimensionless_jerk,0.020573326939846762
random_forest,5,numeric__USM2_pose_global_pause_count,0.02020271520817459
random_forest,5,numeric__USM0_pose_global_log_dimensionless_jerk,0.02003988766907221
random_forest,5,numeric__USM3_pose_global_pause_fraction,0.019807624168349917
random_forest,5,numeric__USM2_pose_global_mean_angular_speed_rad_s,0.0185291070258161
random_forest,5,numeric__USM2_pose_global_mean_abs_angular_acceleration_rad_s2,0.018034010148789244
random_forest,5,numeric__USM0_pose_global_mean_abs_angular_acceleration_rad_s2,0.017675112898048535
random_forest,5,numeric__USM2_pose_global_log_dimensionless_jerk,0.01744035185646319
random_forest,5,numeric__USM0_pose_global_rotation_determinant_mean,0.01704517047758292
random_forest,5,numeric__USM3_pose_global_idle_fraction_relative,0.016606190180505645
random_forest,5,numeric__USM2_pose_global_dimensionless_jerk,0.015874939469404537
random_forest,5,numeric__USM0_pose_global_mean_angular_speed_rad_s,0.013400892155688224
random_forest,5,numeric__USM3_pose_global_pause_count,0.01327688260174919
random_forest,5,numeric__USM2_USM3_pose_global_speed_correlation,0.012727592247495008
random_forest,5,numeric__USM0_pose_global_raw_path_l2,0.012703510385842833
random_forest,5,numeric__active_pair_simultaneous_active_fraction,0.012351157941134453
random_forest,5,numeric__USM0_USM3_pose_global_path_length_imbalance,0.01168560730869087
random_forest,5,numeric__USM0_pose_global_max_jerk_l2,0.011339567877074417
random_forest,5,numeric__USM0_USM3_pose_global_speed_correlation,0.011001536078658652
random_forest,5,numeric__USM2_USM3_pose_global_path_length_imbalance,0.01051090902838405
random_forest,5,numeric__USM0_USM2_pose_global_simultaneous_active_fraction,0.010150987832170555
random_forest,5,numeric__USM2_pose_global_pause_fraction,0.009347939762106712
random_forest,5,numeric__USM2_USM3_pose_global_mean_distance_rel,0.009324402059071951
random_forest,5,numeric__USM3_pose_global_rms_speed_l2,0.008789935704134512
random_forest,5,numeric__USM0_pose_global_mean_speed_l2,0.008772699147922608
random_forest,5,numeric__USM2_pose_global_rotation_determinant_mean,0.008639733770051372
random_forest,5,numeric__USM2_pose_global_idle_fraction_relative,0.00824752066649971
random_forest,5,numeric__USM3_pose_global_mean_speed_l2,0.007958978719394438
random_forest,5,numeric__active_pair_speed_correlation,0.00768555831356913
random_forest,5,numeric__USM0_USM3_pose_global_mean_distance_rel,0.00729529285470328
random_forest,5,numeric__USM0_pose_global_idle_threshold_relative,0.007208495660357982
random_forest,5,numeric__USM2_pose_global_net_displacement_l2,0.007157809059441414
random_forest,5,numeric__USM3_pose_global_rotation_determinant_mean,0.007146630513227191
random_forest,5,numeric__USM2_pose_global_mean_speed_l2,0.006894397570979728
random_forest,5,numeric__USM0_USM3_pose_global_simultaneous_active_fraction,0.00684887769327273
random_forest,5,numeric__USM3_pose_global_z_range_m,0.006777313360534085
random_forest,5,numeric__USM2_USM3_pose_global_distance_range_rel,0.006712419210921621
random_forest,5,numeric__USM3_pose_global_idle_threshold_relative,0.0065911710255638
random_forest,5,numeric__USM3_pose_global_mean_acceleration_l2,0.006568227474266292
random_forest,5,numeric__USM3_pose_global_max_speed_l2,0.006540208645561533
random_forest,5,numeric__USM0_USM3_pose_global_mean_abs_relative_speed,0.006489008903868183
random_forest,5,numeric__USM2_USM3_pose_global_simultaneous_active_fraction,0.0064786094278847005
random_forest,5,numeric__USM0_pose_global_rotation_path_radians,0.00639130662946885
random_forest,5,numeric__USM3_pose_global_economy_area_xy,0.006378098194438598
random_forest,5,numeric__USM0_pose_global_path_l2,0.006364374164526627
random_forest,5,numeric__USM0_USM3_pose_global_both_idle_fraction,0.006317482002907488
random_forest,5,numeric__active_pair_path_length_imbalance,0.00630997091270243
random_forest,5,numeric__USM3_pose_global_movement_economy,0.006005341673635029
random_forest,5,numeric__USM3_pose_global_mean_angular_speed_rad_s,0.005966220404755462
random_forest,5,numeric__USM2_pose_global_max_angular_speed_rad_s,0.005937779945867279
random_forest,5,numeric__USM2_pose_global_movement_economy,0.00584130705529486
random_forest,5,numeric__USM2_USM3_pose_global_both_idle_fraction,0.005551079682263525
random_forest,5,numeric__USM2_pose_global_economy_area_yz,0.005533875015823583
random_forest,5,numeric__USM3_pose_global_rotation_path_radians,0.005513126177558266
random_forest,5,numeric__active_pair_one_arm_only_active_fraction,0.00550676818830931
random_forest,5,numeric__USM0_pose_global_movement_economy,0.00538995053391216
random_forest,5,numeric__USM0_USM2_pose_global_speed_correlation,0.00535749234768869
random_forest,5,numeric__USM2_pose_global_max_abs_angular_acceleration_rad_s2,0.00535375354530211
random_forest,5,numeric__USM0_pose_global_pause_fraction,0.0052892864795874295
random_forest,5,numeric__USM3_pose_global_max_abs_angular_acceleration_rad_s2,0.00523383607297821
random_forest,5,numeric__all_psm_pose_global_path_total_m,0.005232992605477377
random_forest,5,numeric__USM3_pose_global_y_range_m,0.005216582053295815
random_forest,5,numeric__USM2_USM3_pose_global_one_arm_only_active_fraction,0.00517395612092917
random_forest,5,numeric__USM2_USM3_pose_global_std_distance_rel,0.00512237548924757
random_forest,5,numeric__USM0_pose_global_max_angular_speed_rad_s,0.005113008821034631
random_forest,5,numeric__USM3_pose_global_log_dimensionless_jerk,0.005088126199138554
random_forest,5,numeric__USM2_pose_global_path_l2,0.005051051752488973
random_forest,5,numeric__USM3_pose_global_mean_abs_angular_acceleration_rad_s2,0.0048779139866037624
random_forest,5,numeric__USM0_pose_global_max_abs_angular_acceleration_rad_s2,0.0048312412170505
random_forest,5,numeric__USM3_pose_global_raw_path_l2,0.004792094836741688
random_forest,5,numeric__USM3_pose_global_x_range_m,0.004715056064236825
random_forest,5,numeric__USM0_pose_global_idle_fraction_relative,0.004693254059723225
random_forest,5,numeric__USM3_pose_global_max_angular_speed_rad_s,0.004661995592579529
random_forest,5,numeric__USM3_pose_global_jerk_cost,0.0045263416453963715
random_forest,5,numeric__USM3_pose_global_max_acceleration_l2,0.004507775855760062
random_forest,5,numeric__USM3_pose_global_workspace_box_volume_m3,0.004486495926096309
random_forest,5,numeric__USM2_pose_global_rotation_path_radians,0.004428609922049551
random_forest,5,numeric__USM0_USM2_pose_global_both_idle_fraction,0.004384383118452323
random_forest,5,numeric__active_pair_path_length_b_rel,0.004351508580477654
random_forest,5,numeric__USM0_USM3_pose_global_one_arm_only_active_fraction,0.004299408784343638
random_forest,5,numeric__USM0_USM3_pose_global_std_distance_rel,0.004257148625427717
random_forest,5,numeric__USM2_pose_global_raw_path_l2,0.004251327099913194
random_forest,5,numeric__USM0_USM2_pose_global_one_arm_only_active_fraction,0.004234830325271095
random_forest,5,numeric__USM0_pose_global_economy_area_yz,0.0041980349126796756
random_forest,5,numeric__USM0_pose_global_net_displacement_l2,0.004180199489633244
random_forest,5,numeric__USM0_pose_global_z_range_m,0.004164172506379445
random_forest,5,numeric__USM0_pose_global_economy_volume,0.004159664285191357
random_forest,5,numeric__USM0_pose_global_x_range_m,0.004139406030351491
random_forest,5,numeric__USM2_pose_global_idle_threshold_relative,0.004109089310117953
random_forest,5,numeric__active_pair_both_idle_fraction,0.003975348639884041
random_forest,5,numeric__USM2_pose_global_x_range_m,0.003807402606877891
random_forest,5,numeric__USM3_pose_global_max_jerk_l2,0.003706075698804617
random_forest,5,numeric__USM0_USM2_pose_global_path_length_imbalance,0.003624762158868493
random_forest,5,numeric__USM3_pose_global_dimensionless_jerk,0.0035461241344126914
random_forest,5,numeric__USM0_pose_global_economy_area_xz,0.0034400810917635033
random_forest,5,numeric__USM2_pose_global_economy_area_xz,0.0034277721110576574
random_forest,5,numeric__USM3_pose_global_economy_area_yz,0.003397493910571279
random_forest,5,numeric__USM0_pose_global_economy_area_xy,0.003359873607653842
random_forest,5,numeric__USM0_USM3_pose_global_distance_range_rel,0.0032543011046837155
random_forest,5,numeric__USM0_pose_global_y_range_m,0.0032283633743695208
random_forest,5,numeric__USM2_pose_global_z_range_m,0.002998618213952735
random_forest,5,numeric__USM2_pose_global_economy_area_xy,0.002973634618294103
random_forest,5,numeric__USM3_pose_global_economy_area_xz,0.0027933614971793795
random_forest,5,numeric__USM3_pose_global_net_displacement_l2,0.0027340285775066943
random_forest,5,numeric__USM2_pose_global_workspace_box_volume_m3,0.0026792976372794377
random_forest,5,numeric__USM2_pose_global_y_range_m,0.0025717069103791197
random_forest,5,numeric__USM3_pose_global_economy_volume,0.0024177709193955337
random_forest,5,numeric__USM2_pose_global_economy_volume,0.0023192096373398246
random_forest,5,numeric__USM0_pose_global_max_gap_seconds,0.0017892959546730368
random_forest,5,numeric__USM3_pose_global_active,0.0016251711151937132
random_forest,5,numeric__active_psm_count,0.0010556444308331401
random_forest,5,numeric__USM0_USM2_pose_global_alignment_coverage,0.0009869144781850694
random_forest,5,task__task_clean_suture,0.0007489370634092139
random_forest,5,numeric__USM3_pose_global_rotation_determinant_std,0.0005017984627181355
random_forest,5,numeric__USM2_pose_global_rotation_determinant_std,0.0002466043916041454
random_forest,5,task__task_clean_glove_cut,0.00024517942630753305
random_forest,5,task__task_clean_camera_target,0.00022202349053123877
random_forest,5,task__task_clean_ring_rollercoaster,0.00020809715325315127
random_forest,5,numeric__active_pair_usm_b,9.874632319117549e-05
random_forest,5,task__task_clean_sea_spikes,8.991531674373066e-05
random_forest,5,numeric__USM0_pose_global_rotation_determinant_std,5.372497889754637e-05
random_forest,5,numeric__USM0_pose_global_median_dt_seconds,0.0
random_forest,5,numeric__active_pair_usm_a,0.0
extra_trees,1,numeric__USM0_pose_global_rotation_determinant_mean,0.14454614612113312
extra_trees,1,numeric__USM2_pose_global_pause_duration_seconds,0.052431429098353126
extra_trees,1,numeric__USM0_pose_global_n_samples,0.041257957311210625
extra_trees,1,numeric__USM3_pose_global_pause_fraction,0.036792997373079284
extra_trees,1,numeric__USM3_pose_global_pause_duration_seconds,0.031889178196293604
extra_trees,1,numeric__USM0_pose_global_pause_duration_seconds,0.02973915077875797
extra_trees,1,numeric__USM2_pose_global_mean_abs_angular_acceleration_rad_s2,0.026496330529783597
extra_trees,1,numeric__USM3_pose_global_idle_fraction_relative,0.022413169672346345
extra_trees,1,numeric__USM3_pose_global_rotation_determinant_mean,0.021171639010152312
extra_trees,1,numeric__USM2_pose_global_mean_angular_speed_rad_s,0.020706936887076335
extra_trees,1,numeric__USM2_pose_global_rotation_determinant_mean,0.017563938772487308
extra_trees,1,numeric__USM2_pose_global_mean_acceleration_l2,0.01631225682904023
extra_trees,1,numeric__active_pair_simultaneous_active_fraction,0.014603603767381946
extra_trees,1,numeric__USM0_pose_global_raw_path_l2,0.012494084319671686
extra_trees,1,numeric__USM0_USM2_pose_global_simultaneous_active_fraction,0.012358381461125056
extra_trees,1,numeric__USM0_USM3_pose_global_path_length_imbalance,0.012121554590128916
extra_trees,1,numeric__USM0_USM3_pose_global_simultaneous_active_fraction,0.01202382228718101
extra_trees,1,numeric__USM2_USM3_pose_global_simultaneous_active_fraction,0.01021933164943898
extra_trees,1,numeric__USM2_pose_global_pause_count,0.010070600433177994
extra_trees,1,numeric__USM0_pose_global_log_dimensionless_jerk,0.00935751501732597
extra_trees,1,numeric__USM3_pose_global_pause_count,0.009221022638967891
extra_trees,1,numeric__USM2_pose_global_log_dimensionless_jerk,0.009207056228397823
extra_trees,1,numeric__USM0_USM3_pose_global_both_idle_fraction,0.009111844461364517
extra_trees,1,numeric__USM0_pose_global_mean_angular_speed_rad_s,0.00900921159574214
extra_trees,1,numeric__USM0_pose_global_mean_acceleration_l2,0.008743990613100272
extra_trees,1,numeric__USM0_pose_global_mean_abs_angular_acceleration_rad_s2,0.008648920548253192
extra_trees,1,numeric__USM3_pose_global_log_dimensionless_jerk,0.008480011416172724
extra_trees,1,numeric__USM2_pose_global_mean_speed_l2,0.008208723233847375
extra_trees,1,numeric__USM2_pose_global_raw_path_l2,0.007933945648428899
extra_trees,1,numeric__USM0_pose_global_pause_count,0.007852830021649788
extra_trees,1,task__task_clean_suture,0.007669762271874959
extra_trees,1,numeric__USM2_USM3_pose_global_mean_abs_relative_speed,0.007197366949621334
extra_trees,1,numeric__all_psm_pose_global_path_total_m,0.006942221141928515
extra_trees,1,numeric__USM3_pose_global_dimensionless_jerk,0.006757655710763154
extra_trees,1,numeric__active_pair_path_length_b_rel,0.006719553389759989
extra_trees,1,numeric__USM2_pose_global_idle_fraction_relative,0.006375160500045426
extra_trees,1,numeric__USM2_USM3_pose_global_both_idle_fraction,0.006352467815691578
extra_trees,1,numeric__USM2_USM3_pose_global_path_length_imbalance,0.006320870222902969
extra_trees,1,numeric__USM0_USM2_pose_global_std_distance_rel,0.006257495908595089
extra_trees,1,numeric__USM0_USM3_pose_global_mean_abs_relative_speed,0.005809259385231156
extra_trees,1,numeric__USM2_pose_global_max_angular_speed_rad_s,0.005722365538775656
extra_trees,1,numeric__USM3_pose_global_rms_speed_l2,0.005722103201997006
extra_trees,1,numeric__USM3_pose_global_idle_threshold_relative,0.005542247943271178
extra_trees,1,numeric__USM2_pose_global_pause_fraction,0.005529220415336986
extra_trees,1,numeric__USM0_pose_global_movement_economy,0.005489492899261401
extra_trees,1,numeric__USM0_USM3_pose_global_mean_distance_rel,0.0054169347344387485
extra_trees,1,numeric__USM0_pose_global_rms_speed_l2,0.0052232493966793804
extra_trees,1,numeric__USM0_pose_global_rotation_path_radians,0.005189360797617562
extra_trees,1,numeric__USM3_pose_global_mean_speed_l2,0.005180879801145875
extra_trees,1,numeric__USM2_USM3_pose_global_speed_correlation,0.005165413014300794
extra_trees,1,numeric__USM3_pose_global_economy_area_xy,0.005130837835928389
extra_trees,1,numeric__USM2_USM3_pose_global_mean_distance_rel,0.005073487739489521
extra_trees,1,numeric__USM0_USM3_pose_global_speed_correlation,0.004895327153098877
extra_trees,1,numeric__USM0_pose_global_max_speed_l2,0.00485822179991914
extra_trees,1,numeric__USM2_pose_global_dimensionless_jerk,0.0048168204580693605
extra_trees,1,numeric__USM2_USM3_pose_global_std_distance_rel,0.004708036840335618
extra_trees,1,numeric__USM3_pose_global_z_range_m,0.004611650773629868
extra_trees,1,numeric__USM2_USM3_pose_global_distance_range_rel,0.004544053196888084
extra_trees,1,numeric__active_pair_speed_correlation,0.0044543581828766525
extra_trees,1,numeric__active_pair_mean_distance_rel,0.004315317812418037
extra_trees,1,numeric__USM0_USM3_pose_global_one_arm_only_active_fraction,0.0039567439554434895
extra_trees,1,numeric__USM0_pose_global_net_displacement_l2,0.003925238668002581
extra_trees,1,numeric__USM0_pose_global_max_abs_angular_acceleration_rad_s2,0.003913313612354335
extra_trees,1,numeric__active_pair_one_arm_only_active_fraction,0.00390954172472086
extra_trees,1,numeric__USM2_pose_global_max_abs_angular_acceleration_rad_s2,0.0038989279997238384
extra_trees,1,numeric__USM3_pose_global_movement_economy,0.0038950238462530213
extra_trees,1,numeric__USM3_pose_global_economy_area_xz,0.0037974267304925146
extra_trees,1,numeric__USM0_pose_global_dimensionless_jerk,0.0037912741928770896
extra_trees,1,numeric__USM2_pose_global_economy_area_yz,0.003787536952863121
extra_trees,1,numeric__USM0_USM2_pose_global_speed_correlation,0.0037780137695131283
extra_trees,1,numeric__USM0_pose_global_mean_speed_l2,0.0036548870541627293
extra_trees,1,numeric__USM2_pose_global_rotation_path_radians,0.0036547620838700678
extra_trees,1,numeric__USM2_pose_global_y_range_m,0.003638162269321385
extra_trees,1,numeric__USM0_USM2_pose_global_one_arm_only_active_fraction,0.0036160735331093995
extra_trees,1,numeric__USM2_pose_global_movement_economy,0.0035939562760783266
extra_trees,1,numeric__USM0_pose_global_economy_area_yz,0.0035885398951357524
extra_trees,1,numeric__USM3_pose_global_raw_path_l2,0.003574185028205195
extra_trees,1,task__task_clean_sea_spikes,0.003530488787161505
extra_trees,1,numeric__USM0_pose_global_idle_fraction_relative,0.003473838446430469
extra_trees,1,numeric__USM0_pose_global_max_gap_seconds,0.0034352163975823495
extra_trees,1,numeric__USM0_pose_global_pause_fraction,0.0034007049172760633
extra_trees,1,numeric__USM3_pose_global_max_speed_l2,0.003388538763820752
extra_trees,1,numeric__USM3_pose_global_economy_volume,0.0033662421338955533
extra_trees,1,numeric__USM0_USM2_pose_global_mean_abs_relative_speed,0.003352455733584084
extra_trees,1,numeric__USM0_pose_global_rotation_determinant_std,0.0033468080924083077
extra_trees,1,numeric__USM3_pose_global_economy_area_yz,0.003343812556052348
extra_trees,1,numeric__USM0_USM3_pose_global_std_distance_rel,0.003279015651343709
extra_trees,1,numeric__USM2_USM3_pose_global_one_arm_only_active_fraction,0.003263317690116504
extra_trees,1,numeric__USM3_pose_global_rotation_determinant_std,0.0032339507131665594
extra_trees,1,numeric__USM2_pose_global_idle_threshold_relative,0.0031762350733830665
extra_trees,1,numeric__USM3_pose_global_max_acceleration_l2,0.0031531452036925108
extra_trees,1,numeric__USM0_pose_global_idle_threshold_relative,0.003113839676871971
extra_trees,1,numeric__USM0_pose_global_economy_volume,0.0031123470672512117
extra_trees,1,numeric__active_pair_path_length_imbalance,0.00284846081406786
extra_trees,1,numeric__USM0_pose_global_z_range_m,0.0028279601790941215
extra_trees,1,numeric__USM3_pose_global_max_jerk_l2,0.0027789460577529405
extra_trees,1,numeric__USM2_pose_global_economy_area_xy,0.002767107455033374
extra_trees,1,numeric__USM2_pose_global_x_range_m,0.0027553863223311018
extra_trees,1,numeric__USM0_pose_global_economy_area_xy,0.0027093998050677246
extra_trees,1,numeric__USM2_pose_global_rotation_determinant_std,0.0026841603271741117
extra_trees,1,numeric__USM0_pose_global_max_angular_speed_rad_s,0.0026529202643538036
extra_trees,1,numeric__USM0_pose_global_x_range_m,0.0025982759943491006
extra_trees,1,numeric__USM0_USM2_pose_global_path_length_imbalance,0.0025749296663923065
extra_trees,1,numeric__USM0_USM2_pose_global_both_idle_fraction,0.0025373379577372556
extra_trees,1,numeric__USM3_pose_global_max_angular_speed_rad_s,0.0024785845577377625
extra_trees,1,numeric__USM2_pose_global_z_range_m,0.0024376566724314875
extra_trees,1,numeric__USM0_USM3_pose_global_distance_range_rel,0.002422191906723205
extra_trees,1,numeric__USM0_pose_global_y_range_m,0.0024047502312115193
extra_trees,1,numeric__USM3_pose_global_net_displacement_l2,0.002377790049330995
extra_trees,1,numeric__USM0_USM2_pose_global_alignment_coverage,0.0023237435706337495
extra_trees,1,numeric__USM3_pose_global_y_range_m,0.002316242788816382
extra_trees,1,numeric__USM0_pose_global_economy_area_xz,0.002260730702583641
extra_trees,1,numeric__USM3_pose_global_max_abs_angular_acceleration_rad_s2,0.0022059382558735486
extra_trees,1,task__task_clean_glove_cut,0.0020815772444172822
extra_trees,1,numeric__USM3_pose_global_mean_angular_speed_rad_s,0.001983652887220269
extra_trees,1,numeric__USM3_pose_global_mean_abs_angular_acceleration_rad_s2,0.0019532526054464308
extra_trees,1,numeric__USM2_pose_global_economy_volume,0.0019208960419627554
extra_trees,1,numeric__USM3_pose_global_x_range_m,0.0018870612532708758
extra_trees,1,numeric__USM3_pose_global_active,0.0018067678897972963
extra_trees,1,numeric__USM3_pose_global_rotation_path_radians,0.0017562279254064903
extra_trees,1,numeric__USM3_pose_global_jerk_cost,0.0017013763557087798
extra_trees,1,task__task_clean_ring_rollercoaster,0.001685453276645766
extra_trees,1,numeric__USM2_pose_global_economy_area_xz,0.0015768255483791407
extra_trees,1,task__task_clean_camera_target,0.0014827056495728427
extra_trees,1,numeric__USM3_pose_global_workspace_box_volume_m3,0.001429955094842098
extra_trees,1,numeric__active_psm_count,0.0009641340983496495
extra_trees,1,numeric__active_pair_usm_a,0.0004903065538396079
extra_trees,1,numeric__active_pair_usm_b,0.00023137102016474698
extra_trees,1,numeric__USM0_pose_global_active,0.00016358513715394226
extra_trees,1,numeric__USM0_pose_global_median_dt_seconds,0.0
extra_trees,2,numeric__USM0_pose_global_rotation_determinant_mean,0.10121675801683985
extra_trees,2,numeric__USM0_pose_global_n_samples,0.052038096936143
extra_trees,2,numeric__USM3_pose_global_pause_duration_seconds,0.05068648273878055
extra_trees,2,numeric__USM2_pose_global_pause_duration_seconds,0.05001576522811298
extra_trees,2,numeric__USM0_pose_global_pause_duration_seconds,0.04493638554523381
extra_trees,2,numeric__USM0_pose_global_log_dimensionless_jerk,0.033292876461552344
extra_trees,2,numeric__USM2_pose_global_mean_angular_speed_rad_s,0.026906876571261756
extra_trees,2,numeric__USM2_pose_global_mean_abs_angular_acceleration_rad_s2,0.025223419514036338
extra_trees,2,numeric__active_pair_simultaneous_active_fraction,0.02481579534318115
extra_trees,2,numeric__USM2_pose_global_log_dimensionless_jerk,0.02412470492511926
extra_trees,2,numeric__USM2_pose_global_rotation_determinant_mean,0.023958486417598363
extra_trees,2,numeric__USM3_pose_global_rotation_determinant_mean,0.019902078080926394
extra_trees,2,numeric__USM3_pose_global_pause_fraction,0.018334296312247193
extra_trees,2,numeric__USM2_pose_global_pause_count,0.017640409771011983
extra_trees,2,numeric__USM0_pose_global_pause_count,0.015531242882993639
extra_trees,2,numeric__USM0_pose_global_mean_abs_angular_acceleration_rad_s2,0.014087472173300121
extra_trees,2,numeric__USM0_USM3_pose_global_simultaneous_active_fraction,0.012521747219236871
extra_trees,2,numeric__USM0_pose_global_rms_speed_l2,0.012275280364737228
extra_trees,2,numeric__USM0_USM2_pose_global_simultaneous_active_fraction,0.011898334419402707
extra_trees,2,numeric__USM0_pose_global_max_speed_l2,0.011335192017420904
extra_trees,2,numeric__USM2_pose_global_dimensionless_jerk,0.010839730913604538
extra_trees,2,numeric__USM3_pose_global_idle_fraction_relative,0.01058334918177116
extra_trees,2,numeric__active_pair_path_length_imbalance,0.008433215020906045
extra_trees,2,numeric__USM0_USM3_pose_global_path_length_imbalance,0.00825338659908977
extra_trees,2,task__task_clean_suture,0.008201177187172476
extra_trees,2,numeric__USM3_pose_global_log_dimensionless_jerk,0.0076930998149190855
extra_trees,2,numeric__USM3_pose_global_pause_count,0.007481590940875054
extra_trees,2,numeric__USM0_pose_global_dimensionless_jerk,0.007043220713002544
extra_trees,2,numeric__USM0_pose_global_mean_speed_l2,0.006903131776747378
extra_trees,2,numeric__USM0_USM3_pose_global_both_idle_fraction,0.006641046677556721
extra_trees,2,numeric__USM0_pose_global_max_jerk_l2,0.006530554264063785
extra_trees,2,numeric__USM0_pose_global_mean_angular_speed_rad_s,0.006509298082813698
extra_trees,2,numeric__USM2_USM3_pose_global_speed_correlation,0.006472659059679236
extra_trees,2,numeric__USM2_pose_global_mean_speed_l2,0.006432500374378129
extra_trees,2,numeric__USM0_pose_global_movement_economy,0.006265280837250588
extra_trees,2,numeric__active_pair_one_arm_only_active_fraction,0.006110015140368507
extra_trees,2,numeric__USM3_pose_global_idle_threshold_relative,0.006012176463945359
extra_trees,2,numeric__USM2_pose_global_max_abs_angular_acceleration_rad_s2,0.0057603270161373935
extra_trees,2,numeric__USM2_pose_global_max_angular_speed_rad_s,0.005651343785198544
extra_trees,2,numeric__USM2_USM3_pose_global_path_length_imbalance,0.005599167436879013
extra_trees,2,numeric__USM0_pose_global_idle_threshold_relative,0.005524392680427605
extra_trees,2,numeric__USM0_pose_global_rotation_path_radians,0.005229017379738724
extra_trees,2,task__task_clean_sea_spikes,0.005140385142361832
extra_trees,2,numeric__USM0_USM3_pose_global_speed_correlation,0.005019879903896089
extra_trees,2,numeric__USM0_pose_global_idle_fraction_relative,0.00491668303343993
extra_trees,2,numeric__USM2_USM3_pose_global_simultaneous_active_fraction,0.004842552693250876
extra_trees,2,numeric__USM3_pose_global_economy_area_xy,0.004766777068075167
extra_trees,2,numeric__USM2_USM3_pose_global_distance_range_rel,0.004688072187820495
extra_trees,2,numeric__USM0_USM3_pose_global_mean_distance_rel,0.00462903701572839
extra_trees,2,numeric__USM0_pose_global_raw_path_l2,0.0045528128901103195
extra_trees,2,numeric__USM2_pose_global_movement_economy,0.004398791454368239
extra_trees,2,numeric__USM3_pose_global_active,0.004375243234158964
extra_trees,2,numeric__USM3_pose_global_mean_acceleration_l2,0.004339591107395669
extra_trees,2,numeric__USM2_USM3_pose_global_mean_distance_rel,0.004336125144951249
extra_trees,2,numeric__USM0_USM3_pose_global_mean_abs_relative_speed,0.004318196678995928
extra_trees,2,numeric__USM2_USM3_pose_global_std_distance_rel,0.0043130863519514374
extra_trees,2,numeric__USM2_pose_global_rotation_path_radians,0.004152588183251912
extra_trees,2,numeric__USM3_pose_global_rms_speed_l2,0.004095767171515578
extra_trees,2,numeric__USM0_pose_global_pause_fraction,0.004095411117699239
extra_trees,2,numeric__USM3_pose_global_rotation_determinant_std,0.003999805182938463
extra_trees,2,task__task_clean_camera_target,0.003955819601532017
extra_trees,2,numeric__USM0_USM2_pose_global_path_length_imbalance,0.003953030679526355
extra_trees,2,numeric__USM0_pose_global_rotation_determinant_std,0.0038926374499321575
extra_trees,2,numeric__USM3_pose_global_z_range_m,0.003777450404970817
extra_trees,2,numeric__USM0_USM2_pose_global_one_arm_only_active_fraction,0.0037322089918467205
extra_trees,2,numeric__USM2_pose_global_idle_fraction_relative,0.0037210705563263625
extra_trees,2,numeric__USM3_pose_global_mean_angular_speed_rad_s,0.0037142630551550626
extra_trees,2,numeric__USM3_pose_global_mean_speed_l2,0.0036245792054568414
extra_trees,2,numeric__USM0_pose_global_economy_area_yz,0.0035783711076945606
extra_trees,2,numeric__USM0_pose_global_net_displacement_l2,0.0035577944815127684
extra_trees,2,numeric__USM0_pose_global_path_l2,0.003554782169469524
extra_trees,2,numeric__USM0_USM3_pose_global_one_arm_only_active_fraction,0.003554510199296724
extra_trees,2,numeric__USM2_pose_global_rotation_determinant_std,0.0033966935659573987
extra_trees,2,numeric__USM2_pose_global_raw_path_l2,0.0033754534303612233
extra_trees,2,numeric__USM0_pose_global_max_abs_angular_acceleration_rad_s2,0.0033614678174855427
extra_trees,2,numeric__USM2_pose_global_z_range_m,0.003331641097091832
extra_trees,2,numeric__USM3_pose_global_dimensionless_jerk,0.00331946930593547
extra_trees,2,numeric__all_psm_pose_global_path_total_m,0.0032181538446286314
extra_trees,2,numeric__USM0_pose_global_economy_area_xy,0.003201549834716141
extra_trees,2,numeric__USM2_USM3_pose_global_one_arm_only_active_fraction,0.003165810981891021
extra_trees,2,numeric__USM3_pose_global_movement_economy,0.0031304011218517796
extra_trees,2,numeric__USM2_pose_global_path_l2,0.0031220289710837366
extra_trees,2,numeric__USM2_pose_global_idle_threshold_relative,0.00311755555459775
extra_trees,2,numeric__active_pair_speed_correlation,0.003084733019100121
extra_trees,2,numeric__USM2_USM3_pose_global_both_idle_fraction,0.0030792499245493317
extra_trees,2,numeric__USM3_pose_global_y_range_m,0.0030776472866332096
extra_trees,2,numeric__USM0_USM3_pose_global_distance_range_rel,0.003029706492577864
extra_trees,2,numeric__USM2_pose_global_y_range_m,0.0029752298819748315
extra_trees,2,numeric__USM0_pose_global_max_angular_speed_rad_s,0.0029437942279971416
extra_trees,2,numeric__USM2_pose_global_economy_volume,0.002935034898999177
extra_trees,2,numeric__USM2_pose_global_economy_area_xz,0.002933589877820694
extra_trees,2,numeric__USM0_USM3_pose_global_std_distance_rel,0.0028332352624490962
extra_trees,2,numeric__active_pair_path_length_b_rel,0.0028149576666605352
extra_trees,2,numeric__USM0_USM2_pose_global_speed_correlation,0.0027162942724614078
extra_trees,2,numeric__USM3_pose_global_mean_abs_angular_acceleration_rad_s2,0.0027060224378219087
extra_trees,2,numeric__USM0_pose_global_max_gap_seconds,0.0026788299525951306
extra_trees,2,numeric__USM0_pose_global_economy_volume,0.0026595246540317315
extra_trees,2,numeric__USM0_USM2_pose_global_both_idle_fraction,0.002615961208017733
extra_trees,2,numeric__USM3_pose_global_economy_area_yz,0.0025884117175692272
extra_trees,2,numeric__USM3_pose_global_raw_path_l2,0.0025838196455517043
extra_trees,2,numeric__USM2_pose_global_x_range_m,0.0025706952041161194
extra_trees,2,task__task_clean_ring_rollercoaster,0.002553048235212868
extra_trees,2,numeric__USM0_pose_global_y_range_m,0.0025136138402190623
extra_trees,2,numeric__active_pair_both_idle_fraction,0.0025100146190922875
extra_trees,2,numeric__USM3_pose_global_economy_area_xz,0.0024385330075785538
extra_trees,2,numeric__USM3_pose_global_economy_volume,0.0024384838318894514
extra_trees,2,numeric__USM0_pose_global_x_range_m,0.0024186629279940135
extra_trees,2,numeric__USM3_pose_global_net_displacement_l2,0.0024107651209505474
extra_trees,2,numeric__USM2_pose_global_economy_area_xy,0.0024061617986352226
extra_trees,2,numeric__USM2_pose_global_economy_area_yz,0.0024017276302614027
extra_trees,2,numeric__USM3_pose_global_max_speed_l2,0.002301516528103235
extra_trees,2,numeric__USM3_pose_global_max_acceleration_l2,0.0022895387115133116
extra_trees,2,numeric__USM0_pose_global_economy_area_xz,0.00218523629600663
extra_trees,2,task__task_clean_glove_cut,0.002140987311067033
extra_trees,2,numeric__USM3_pose_global_x_range_m,0.0020520432453357174
extra_trees,2,numeric__USM3_pose_global_max_jerk_l2,0.001969011495741849
extra_trees,2,numeric__USM3_pose_global_max_angular_speed_rad_s,0.0019553812198645757
extra_trees,2,numeric__USM3_pose_global_rotation_path_radians,0.0017994265542306753
extra_trees,2,numeric__USM0_USM2_pose_global_alignment_coverage,0.001797114355168063
extra_trees,2,numeric__USM3_pose_global_jerk_cost,0.0014554670259968494
extra_trees,2,numeric__active_pair_usm_b,0.0008875973383197174
extra_trees,2,numeric__USM0_pose_global_median_dt_seconds,0.0
extra_trees,2,numeric__USM0_pose_global_active,0.0
extra_trees,2,numeric__active_pair_usm_a,0.0
extra_trees,3,numeric__USM2_pose_global_pause_duration_seconds,0.03446407925322681
extra_trees,3,numeric__USM0_pose_global_rotation_determinant_mean,0.03168928244111969
extra_trees,3,numeric__USM0_pose_global_n_samples,0.03132406208168824
extra_trees,3,numeric__USM0_pose_global_pause_duration_seconds,0.027950242650725564
extra_trees,3,numeric__USM3_pose_global_pause_duration_seconds,0.022304009448471815
extra_trees,3,numeric__active_pair_simultaneous_active_fraction,0.02213643924051944
extra_trees,3,numeric__USM2_pose_global_log_dimensionless_jerk,0.019018968737894125
extra_trees,3,numeric__USM3_pose_global_pause_count,0.016759730124267513
extra_trees,3,numeric__USM2_pose_global_rotation_determinant_mean,0.01644541906518975
extra_trees,3,numeric__USM2_pose_global_pause_count,0.01624448016028106
extra_trees,3,numeric__USM0_USM3_pose_global_simultaneous_active_fraction,0.01585494905559663
extra_trees,3,numeric__USM0_USM2_pose_global_simultaneous_active_fraction,0.015721785671247577
extra_trees,3,numeric__USM0_pose_global_pause_count,0.015574160125418148
extra_trees,3,numeric__USM2_pose_global_dimensionless_jerk,0.0151543458298297
extra_trees,3,numeric__USM3_pose_global_rotation_determinant_mean,0.015121977373673068
extra_trees,3,numeric__USM0_pose_global_log_dimensionless_jerk,0.013468975227273527
extra_trees,3,numeric__USM0_pose_global_mean_angular_speed_rad_s,0.013440585155067733
extra_trees,3,numeric__USM2_pose_global_mean_abs_angular_acceleration_rad_s2,0.012448250487057605
extra_trees,3,numeric__USM3_pose_global_idle_fraction_relative,0.011592479700434193
extra_trees,3,numeric__USM3_pose_global_pause_fraction,0.010861228244178803
extra_trees,3,numeric__USM2_pose_global_mean_angular_speed_rad_s,0.010810110112015242
extra_trees,3,numeric__USM0_pose_global_rms_speed_l2,0.010791635657461393
extra_trees,3,numeric__USM0_pose_global_mean_abs_angular_acceleration_rad_s2,0.010348922294152544
extra_trees,3,numeric__USM0_USM3_pose_global_both_idle_fraction,0.009728472221624915
extra_trees,3,numeric__USM0_pose_global_idle_threshold_relative,0.009625572815253808
extra_trees,3,numeric__USM0_pose_global_mean_speed_l2,0.009479425946583547
extra_trees,3,numeric__USM0_USM3_pose_global_path_length_imbalance,0.009288240436656811
extra_trees,3,numeric__USM0_pose_global_raw_path_l2,0.00900771748431926
extra_trees,3,numeric__USM2_USM3_pose_global_one_arm_only_active_fraction,0.008435856940512212
extra_trees,3,numeric__USM0_USM3_pose_global_mean_abs_relative_speed,0.008432494456636188
extra_trees,3,numeric__USM2_pose_global_mean_speed_l2,0.008354630445675136
extra_trees,3,numeric__active_pair_speed_correlation,0.008325989236798989
extra_trees,3,numeric__USM0_pose_global_path_l2,0.00824423232390462
extra_trees,3,task__task_clean_suture,0.008207527157814976
extra_trees,3,numeric__USM2_USM3_pose_global_simultaneous_active_fraction,0.008067425820250728
extra_trees,3,numeric__USM3_pose_global_active,0.008020141540111683
extra_trees,3,numeric__USM3_pose_global_log_dimensionless_jerk,0.00800504157790617
extra_trees,3,numeric__USM2_pose_global_rotation_path_radians,0.007994279723039158
extra_trees,3,numeric__USM2_USM3_pose_global_path_length_imbalance,0.007668473360883929
extra_trees,3,numeric__USM3_pose_global_mean_speed_l2,0.007591899287508285
extra_trees,3,numeric__active_pair_path_length_b_rel,0.007562492220929798
extra_trees,3,numeric__USM2_USM3_pose_global_speed_correlation,0.007534089812027805
extra_trees,3,numeric__USM3_pose_global_rms_speed_l2,0.007465147765762572
extra_trees,3,numeric__USM0_pose_global_rotation_path_radians,0.00726944788909381
extra_trees,3,numeric__USM0_pose_global_max_speed_l2,0.007240140491273525
extra_trees,3,numeric__USM3_pose_global_idle_threshold_relative,0.0071070240930569085
extra_trees,3,numeric__USM0_USM3_pose_global_mean_distance_rel,0.0071023824568977635
extra_trees,3,numeric__USM0_pose_global_dimensionless_jerk,0.007095024068560441
extra_trees,3,numeric__USM2_USM3_pose_global_mean_distance_rel,0.007070722209921943
extra_trees,3,numeric__USM0_USM2_pose_global_speed_correlation,0.006823758323612437
extra_trees,3,numeric__USM0_pose_global_pause_fraction,0.006785600572234579
extra_trees,3,numeric__USM2_pose_global_path_l2,0.006737358074976795
extra_trees,3,numeric__USM2_pose_global_idle_fraction_relative,0.0067300387447673145
extra_trees,3,numeric__USM3_pose_global_mean_acceleration_l2,0.00666071721743898
extra_trees,3,numeric__USM2_USM3_pose_global_both_idle_fraction,0.006613323945668839
extra_trees,3,numeric__USM0_USM3_pose_global_one_arm_only_active_fraction,0.0065642711101820735
extra_trees,3,numeric__USM3_pose_global_mean_angular_speed_rad_s,0.006542188252558741
extra_trees,3,numeric__USM0_pose_global_idle_fraction_relative,0.006509483809191096
extra_trees,3,numeric__USM2_pose_global_idle_threshold_relative,0.006367628272157583
extra_trees,3,numeric__USM2_pose_global_raw_path_l2,0.006338944019877543
extra_trees,3,numeric__all_psm_pose_global_path_total_m,0.0062888754022182546
extra_trees,3,numeric__USM3_pose_global_dimensionless_jerk,0.006181213609741401
extra_trees,3,numeric__USM3_pose_global_max_acceleration_l2,0.006148947852191132
extra_trees,3,numeric__USM2_pose_global_pause_fraction,0.00604603697000643
extra_trees,3,numeric__USM3_pose_global_z_range_m,0.005935505714885429
extra_trees,3,numeric__USM0_pose_global_max_jerk_l2,0.005810912304886312
extra_trees,3,numeric__USM0_pose_global_economy_volume,0.0057715723018051165
extra_trees,3,numeric__USM0_pose_global_economy_area_yz,0.005754247842829514
extra_trees,3,numeric__USM0_pose_global_rotation_determinant_std,0.005743174119434218
extra_trees,3,numeric__active_pair_both_idle_fraction,0.005701319539860034
extra_trees,3,numeric__active_pair_one_arm_only_active_fraction,0.005510346895723439
extra_trees,3,numeric__USM3_pose_global_rotation_determinant_std,0.005499738406487414
extra_trees,3,numeric__USM3_pose_global_economy_area_xy,0.005494859988613373
extra_trees,3,numeric__USM2_pose_global_max_angular_speed_rad_s,0.005296352206544017
extra_trees,3,numeric__USM0_pose_global_economy_area_xy,0.0052761872200666055
extra_trees,3,numeric__active_pair_path_length_imbalance,0.005209808864661067
extra_trees,3,numeric__USM3_pose_global_mean_abs_angular_acceleration_rad_s2,0.005161454723199723
extra_trees,3,numeric__USM3_pose_global_rotation_path_radians,0.005152371498455781
extra_trees,3,numeric__active_psm_count,0.00507506634081366
extra_trees,3,numeric__USM2_pose_global_max_abs_angular_acceleration_rad_s2,0.0049889623070971285
extra_trees,3,numeric__USM2_pose_global_rotation_determinant_std,0.004940025514758446
extra_trees,3,numeric__USM3_pose_global_max_speed_l2,0.0048806737762492995
extra_trees,3,numeric__USM0_pose_global_movement_economy,0.004865796195004849
extra_trees,3,numeric__USM2_USM3_pose_global_distance_range_rel,0.004862911573694715
extra_trees,3,numeric__USM2_USM3_pose_global_std_distance_rel,0.004796285628752678
extra_trees,3,numeric__USM0_USM3_pose_global_speed_correlation,0.0047906213860817465
extra_trees,3,numeric__USM2_pose_global_economy_volume,0.004783730117761091
extra_trees,3,numeric__USM2_pose_global_net_displacement_l2,0.004735865516343216
extra_trees,3,numeric__USM0_USM2_pose_global_one_arm_only_active_fraction,0.004735476845605643
extra_trees,3,numeric__USM2_pose_global_economy_area_yz,0.004734419493557419
extra_trees,3,numeric__USM0_pose_global_economy_area_xz,0.0047132965433057785
extra_trees,3,numeric__USM0_USM2_pose_global_both_idle_fraction,0.004713077898200357
extra_trees,3,numeric__USM3_pose_global_economy_area_yz,0.004642187953393722
extra_trees,3,numeric__USM3_pose_global_raw_path_l2,0.004598139093890188
extra_trees,3,numeric__USM2_pose_global_y_range_m,0.004582202962048157
extra_trees,3,numeric__USM3_pose_global_max_angular_speed_rad_s,0.004549736657227433
extra_trees,3,numeric__USM3_pose_global_economy_volume,0.004503587656758916
extra_trees,3,numeric__USM3_pose_global_y_range_m,0.004499151429342592
extra_trees,3,numeric__USM3_pose_global_economy_area_xz,0.004466519014866902
extra_trees,3,numeric__USM0_USM2_pose_global_path_length_imbalance,0.00440438046825299
extra_trees,3,numeric__USM0_pose_global_net_displacement_l2,0.004401562009565764
extra_trees,3,numeric__USM3_pose_global_max_abs_angular_acceleration_rad_s2,0.004384617168586591
extra_trees,3,numeric__USM2_pose_global_z_range_m,0.004362251573412667
extra_trees,3,numeric__USM2_pose_global_economy_area_xz,0.004242417577893799
extra_trees,3,numeric__USM0_USM3_pose_global_std_distance_rel,0.004095913016984349
extra_trees,3,numeric__USM0_pose_global_max_abs_angular_acceleration_rad_s2,0.004093024893744321
extra_trees,3,numeric__USM3_pose_global_max_jerk_l2,0.004085473385152526
extra_trees,3,numeric__USM3_pose_global_movement_economy,0.004066078511903701
extra_trees,3,numeric__USM3_pose_global_jerk_cost,0.004065535287854839
extra_trees,3,numeric__USM2_pose_global_economy_area_xy,0.003980605032454942
extra_trees,3,numeric__USM0_pose_global_max_angular_speed_rad_s,0.0038617039320277906
extra_trees,3,numeric__USM3_pose_global_workspace_box_volume_m3,0.003807587197812898
extra_trees,3,numeric__USM0_pose_global_z_range_m,0.0037919404975290875
extra_trees,3,numeric__USM0_USM3_pose_global_distance_range_rel,0.003748687868500654
extra_trees,3,numeric__USM2_pose_global_movement_economy,0.003716848464132386
extra_trees,3,numeric__USM3_pose_global_x_range_m,0.0036790195865131193
extra_trees,3,numeric__USM0_pose_global_y_range_m,0.0036781167635319373
extra_trees,3,numeric__USM2_pose_global_x_range_m,0.00357574143195264
extra_trees,3,task__task_clean_sea_spikes,0.003556713140442663
extra_trees,3,numeric__USM2_pose_global_workspace_box_volume_m3,0.0033651589272122155
extra_trees,3,numeric__USM0_pose_global_max_gap_seconds,0.0033385622518935236
extra_trees,3,task__task_clean_camera_target,0.003327181551922106
extra_trees,3,numeric__USM0_USM2_pose_global_alignment_coverage,0.0033189541716204334
extra_trees,3,numeric__USM0_pose_global_x_range_m,0.003243898979614013
extra_trees,3,numeric__USM3_pose_global_net_displacement_l2,0.003141817667257588
extra_trees,3,task__task_clean_glove_cut,0.0027547601688386754
extra_trees,3,task__task_clean_ring_rollercoaster,0.0023106813255558763
extra_trees,3,numeric__active_pair_usm_b,0.0016462674433477687
extra_trees,3,numeric__USM0_pose_global_active,0.00020549865994828808
extra_trees,3,numeric__active_pair_usm_a,0.00018501941571548805
extra_trees,3,numeric__USM0_pose_global_median_dt_seconds,0.0
extra_trees,4,numeric__USM2_pose_global_pause_duration_seconds,0.08138184568349709
extra_trees,4,numeric__USM0_pose_global_n_samples,0.07768150001868794
extra_trees,4,numeric__USM3_pose_global_pause_duration_seconds,0.057373302266715304
extra_trees,4,numeric__USM0_pose_global_pause_duration_seconds,0.04508955149919262
extra_trees,4,numeric__USM0_pose_global_rotation_determinant_mean,0.04086274335380874
extra_trees,4,numeric__USM2_pose_global_pause_count,0.02299684444215366
extra_trees,4,numeric__USM2_pose_global_log_dimensionless_jerk,0.021990239329921283
extra_trees,4,numeric__USM0_pose_global_log_dimensionless_jerk,0.02143832380602952
extra_trees,4,numeric__active_pair_simultaneous_active_fraction,0.01944340822592454
extra_trees,4,numeric__USM3_pose_global_pause_fraction,0.01661341284046262
extra_trees,4,task__task_clean_suture,0.01610646459199154
extra_trees,4,numeric__USM2_pose_global_mean_abs_angular_acceleration_rad_s2,0.01471310565557322
extra_trees,4,numeric__USM0_pose_global_mean_angular_speed_rad_s,0.014364996272103931
extra_trees,4,numeric__USM0_pose_global_movement_economy,0.013055675151044157
extra_trees,4,numeric__USM0_pose_global_pause_count,0.012995652087352576
extra_trees,4,numeric__USM0_pose_global_mean_abs_angular_acceleration_rad_s2,0.012176449114205448
extra_trees,4,numeric__USM3_pose_global_pause_count,0.012071115554720978
extra_trees,4,numeric__USM2_pose_global_mean_angular_speed_rad_s,0.0114884021619458
extra_trees,4,numeric__USM3_pose_global_rotation_determinant_mean,0.011410241455415788
extra_trees,4,numeric__USM2_pose_global_dimensionless_jerk,0.01121740245845754
extra_trees,4,numeric__USM2_pose_global_rotation_determinant_mean,0.011093173987520738
extra_trees,4,numeric__USM3_pose_global_idle_fraction_relative,0.00925763123532853
extra_trees,4,numeric__USM0_USM3_pose_global_simultaneous_active_fraction,0.00870236604558434
extra_trees,4,numeric__USM0_USM2_pose_global_simultaneous_active_fraction,0.008539744722739233
extra_trees,4,numeric__USM0_pose_global_idle_threshold_relative,0.007919612952456627
extra_trees,4,numeric__USM0_pose_global_rms_speed_l2,0.007847323452615422
extra_trees,4,numeric__active_pair_speed_correlation,0.007503807826828814
extra_trees,4,numeric__active_pair_one_arm_only_active_fraction,0.007451369247047538
extra_trees,4,numeric__USM2_USM3_pose_global_speed_correlation,0.007058800423952792
extra_trees,4,numeric__USM0_USM2_pose_global_speed_correlation,0.0067497554753853505
extra_trees,4,numeric__USM0_pose_global_idle_fraction_relative,0.006735720158244497
extra_trees,4,numeric__USM2_USM3_pose_global_path_length_imbalance,0.006733686282666769
extra_trees,4,numeric__USM0_pose_global_rotation_path_radians,0.006726259017204688
extra_trees,4,numeric__USM0_USM3_pose_global_path_length_imbalance,0.006571333226028111
extra_trees,4,numeric__USM0_pose_global_mean_speed_l2,0.006304969293786991
extra_trees,4,numeric__USM0_pose_global_raw_path_l2,0.006245051634309065
extra_trees,4,numeric__USM2_pose_global_max_angular_speed_rad_s,0.006187565628211375
extra_trees,4,numeric__USM0_USM3_pose_global_both_idle_fraction,0.0061714257844957664
extra_trees,4,numeric__active_pair_path_length_imbalance,0.0061641434125785455
extra_trees,4,numeric__USM2_pose_global_movement_economy,0.005862648894154562
extra_trees,4,numeric__USM2_USM3_pose_global_simultaneous_active_fraction,0.005765325363969672
extra_trees,4,numeric__USM0_pose_global_economy_area_yz,0.005694603985434406
extra_trees,4,numeric__USM3_pose_global_economy_area_yz,0.005535858093704277
extra_trees,4,numeric__USM3_pose_global_movement_economy,0.005415403048190508
extra_trees,4,numeric__USM2_pose_global_max_abs_angular_acceleration_rad_s2,0.005317041461309253
extra_trees,4,numeric__USM0_pose_global_max_speed_l2,0.005265416303542037
extra_trees,4,numeric__USM0_pose_global_net_displacement_l2,0.005235984355056825
extra_trees,4,numeric__USM0_USM3_pose_global_mean_abs_relative_speed,0.00517295453287058
extra_trees,4,numeric__all_psm_pose_global_path_total_m,0.005138325775283572
extra_trees,4,numeric__USM2_USM3_pose_global_distance_range_rel,0.005080706660593413
extra_trees,4,numeric__USM0_USM2_pose_global_one_arm_only_active_fraction,0.005021040370821836
extra_trees,4,numeric__USM2_pose_global_net_displacement_l2,0.0049614620736558555
extra_trees,4,numeric__USM3_pose_global_idle_threshold_relative,0.004805683940163619
extra_trees,4,numeric__USM0_pose_global_economy_volume,0.004730652372335762
extra_trees,4,numeric__USM0_pose_global_max_abs_angular_acceleration_rad_s2,0.0046917523652543515
extra_trees,4,numeric__USM0_pose_global_pause_fraction,0.004651544196881038
extra_trees,4,numeric__USM3_pose_global_mean_acceleration_l2,0.004619003692450355
extra_trees,4,numeric__USM3_pose_global_rms_speed_l2,0.004610251198750865
extra_trees,4,numeric__USM0_pose_global_dimensionless_jerk,0.0044631189107075375
extra_trees,4,numeric__USM0_pose_global_economy_area_xy,0.004433045480028702
extra_trees,4,numeric__USM3_pose_global_max_acceleration_l2,0.004373244415110421
extra_trees,4,numeric__USM3_pose_global_max_jerk_l2,0.004353320661561269
extra_trees,4,numeric__USM2_pose_global_mean_speed_l2,0.0043212199891717205
extra_trees,4,task__task_clean_camera_target,0.004299438126332361
extra_trees,4,numeric__USM2_USM3_pose_global_one_arm_only_active_fraction,0.004290173218533278
extra_trees,4,numeric__USM3_pose_global_log_dimensionless_jerk,0.00428874036096728
extra_trees,4,numeric__USM2_pose_global_idle_fraction_relative,0.0042541848535502975
extra_trees,4,numeric__USM2_pose_global_pause_fraction,0.004242566419083128
extra_trees,4,numeric__USM0_USM3_pose_global_mean_distance_rel,0.004241112026555625
extra_trees,4,numeric__USM3_pose_global_economy_area_xy,0.004229782331427055
extra_trees,4,numeric__USM0_USM3_pose_global_one_arm_only_active_fraction,0.0041838473714052036
extra_trees,4,numeric__USM2_pose_global_economy_area_yz,0.004150643286492084
extra_trees,4,task__task_clean_sea_spikes,0.004096136253684553
extra_trees,4,numeric__USM0_pose_global_max_jerk_l2,0.004052589194866834
extra_trees,4,numeric__USM3_pose_global_mean_angular_speed_rad_s,0.004040475818274062
extra_trees,4,numeric__USM3_pose_global_rotation_determinant_std,0.00400353073609752
extra_trees,4,numeric__USM0_USM2_pose_global_path_length_imbalance,0.0039195178893019255
extra_trees,4,numeric__USM0_pose_global_path_l2,0.0038687029962453296
extra_trees,4,numeric__USM0_USM3_pose_global_std_distance_rel,0.0038183440877188305
extra_trees,4,numeric__USM2_pose_global_rotation_determinant_std,0.0038012978839035614
extra_trees,4,numeric__USM3_pose_global_economy_area_xz,0.0037857652030202863
extra_trees,4,numeric__USM2_USM3_pose_global_std_distance_rel,0.003783231644872752
extra_trees,4,numeric__active_pair_both_idle_fraction,0.0037477662558294596
extra_trees,4,numeric__USM0_pose_global_rotation_determinant_std,0.003713638413931404
extra_trees,4,numeric__USM3_pose_global_net_displacement_l2,0.003680383773992623
extra_trees,4,numeric__active_pair_path_length_b_rel,0.0036002759887097777
extra_trees,4,numeric__USM0_pose_global_economy_area_xz,0.0035528440447587344
extra_trees,4,numeric__USM3_pose_global_economy_volume,0.003538781954190261
extra_trees,4,numeric__USM0_USM3_pose_global_speed_correlation,0.0034535749408664542
extra_trees,4,numeric__USM2_pose_global_path_l2,0.0034326361275208847
extra_trees,4,numeric__USM3_pose_global_max_angular_speed_rad_s,0.003409741028631024
extra_trees,4,numeric__USM2_pose_global_economy_area_xy,0.0033994776138108937
extra_trees,4,numeric__USM2_USM3_pose_global_both_idle_fraction,0.0033860164880962947
extra_trees,4,numeric__USM3_pose_global_z_range_m,0.003364171638978075
extra_trees,4,numeric__USM2_USM3_pose_global_mean_distance_rel,0.0033337101800288375
extra_trees,4,numeric__USM3_pose_global_y_range_m,0.003244980220068366
extra_trees,4,numeric__USM2_pose_global_z_range_m,0.003241060694495136
extra_trees,4,numeric__USM3_pose_global_dimensionless_jerk,0.0032308094160339858
extra_trees,4,numeric__USM2_pose_global_economy_volume,0.003225596100576889
extra_trees,4,numeric__USM2_pose_global_idle_threshold_relative,0.0032233092641263694
extra_trees,4,numeric__USM0_pose_global_max_angular_speed_rad_s,0.003176896930823325
extra_trees,4,numeric__USM3_pose_global_rotation_path_radians,0.0031410694602579193
extra_trees,4,numeric__USM3_pose_global_raw_path_l2,0.003120532196089672
extra_trees,4,numeric__USM2_pose_global_economy_area_xz,0.002938329799827399
extra_trees,4,numeric__USM2_pose_global_x_range_m,0.0028210051241440303
extra_trees,4,numeric__USM2_pose_global_workspace_box_volume_m3,0.002755522153078401
extra_trees,4,numeric__USM0_USM3_pose_global_distance_range_rel,0.0027075378782485484
extra_trees,4,numeric__USM0_USM2_pose_global_both_idle_fraction,0.0026804912078552314
extra_trees,4,numeric__USM3_pose_global_max_speed_l2,0.002677099973288321
extra_trees,4,numeric__USM3_pose_global_mean_speed_l2,0.0026740321443320956
extra_trees,4,task__task_clean_ring_rollercoaster,0.0026077854018189558
extra_trees,4,numeric__USM2_pose_global_y_range_m,0.0026026124996743555
extra_trees,4,numeric__USM0_pose_global_x_range_m,0.0025905699567476187
extra_trees,4,task__task_clean_glove_cut,0.0025758471776742265
extra_trees,4,numeric__USM0_pose_global_max_gap_seconds,0.0025073870825425525
extra_trees,4,numeric__USM0_pose_global_y_range_m,0.002500504156278959
extra_trees,4,numeric__USM0_USM2_pose_global_alignment_coverage,0.0024474809780804722
extra_trees,4,numeric__USM2_pose_global_raw_path_l2,0.0023946816764389327
extra_trees,4,numeric__USM2_pose_global_rotation_path_radians,0.002365472681665794
extra_trees,4,numeric__USM3_pose_global_jerk_cost,0.0023506031930586764
extra_trees,4,numeric__USM3_pose_global_max_abs_angular_acceleration_rad_s2,0.00230086230087556
extra_trees,4,numeric__USM0_pose_global_z_range_m,0.0021271117460884828
extra_trees,4,numeric__USM3_pose_global_x_range_m,0.002117964137932769
extra_trees,4,numeric__USM3_pose_global_workspace_box_volume_m3,0.0020834099815120882
extra_trees,4,numeric__USM3_pose_global_mean_abs_angular_acceleration_rad_s2,0.0018713348185158375
extra_trees,4,numeric__USM3_pose_global_active,0.001332263886881775
extra_trees,4,numeric__active_psm_count,0.0008627679852568713
extra_trees,4,numeric__active_pair_usm_b,0.0003149916401552962
extra_trees,4,numeric__active_pair_usm_a,0.00026654925905078054
extra_trees,4,numeric__USM0_pose_global_active,4.40480763577906e-06
extra_trees,4,numeric__USM0_pose_global_median_dt_seconds,0.0
extra_trees,5,numeric__USM0_pose_global_rotation_determinant_mean,0.08303668817454629
extra_trees,5,numeric__USM0_pose_global_n_samples,0.05317300844843412
extra_trees,5,numeric__USM2_pose_global_pause_duration_seconds,0.05295711936594052
extra_trees,5,numeric__USM3_pose_global_pause_duration_seconds,0.04661301372041232
extra_trees,5,numeric__USM2_pose_global_rotation_determinant_mean,0.035721806004894996
extra_trees,5,numeric__USM2_pose_global_mean_abs_angular_acceleration_rad_s2,0.0331970963949957
extra_trees,5,numeric__USM0_pose_global_pause_duration_seconds,0.02840011781281365
extra_trees,5,numeric__USM3_pose_global_rotation_determinant_mean,0.023972471776332317
extra_trees,5,numeric__USM0_pose_global_mean_abs_angular_acceleration_rad_s2,0.022708258247853608
extra_trees,5,numeric__USM3_pose_global_pause_fraction,0.02141572373701834
extra_trees,5,numeric__active_pair_simultaneous_active_fraction,0.019570606321157827
extra_trees,5,numeric__USM3_pose_global_pause_count,0.018919066270346254
extra_trees,5,numeric__USM0_USM3_pose_global_path_length_imbalance,0.01754121448433386
extra_trees,5,numeric__USM0_pose_global_mean_angular_speed_rad_s,0.01512452002585079
extra_trees,5,numeric__USM3_pose_global_idle_fraction_relative,0.014558328731188922
extra_trees,5,numeric__USM2_pose_global_pause_count,0.014187201795942704
extra_trees,5,numeric__USM0_pose_global_log_dimensionless_jerk,0.013603318749413859
extra_trees,5,numeric__USM2_pose_global_mean_angular_speed_rad_s,0.012121762619036221
extra_trees,5,numeric__USM2_USM3_pose_global_path_length_imbalance,0.011523977821205436
extra_trees,5,numeric__USM2_pose_global_log_dimensionless_jerk,0.011478211681214297
extra_trees,5,numeric__USM0_pose_global_max_speed_l2,0.011374284035759073
extra_trees,5,numeric__USM0_USM3_pose_global_simultaneous_active_fraction,0.010922536557972349
extra_trees,5,numeric__USM0_USM2_pose_global_simultaneous_active_fraction,0.010674515082028446
extra_trees,5,numeric__USM0_pose_global_rms_speed_l2,0.009587852789544443
extra_trees,5,numeric__USM0_pose_global_movement_economy,0.009449753254067293
extra_trees,5,numeric__USM0_USM3_pose_global_both_idle_fraction,0.00880487767828268
extra_trees,5,task__task_clean_suture,0.00867923646679545
extra_trees,5,numeric__USM0_pose_global_raw_path_l2,0.007825386245859878
extra_trees,5,numeric__active_pair_path_length_imbalance,0.007132223484370353
extra_trees,5,numeric__USM0_pose_global_pause_count,0.006818717845004151
extra_trees,5,numeric__USM3_pose_global_active,0.006442971770172403
extra_trees,5,numeric__USM2_USM3_pose_global_mean_distance_rel,0.006424397980368156
extra_trees,5,numeric__USM0_pose_global_idle_threshold_relative,0.006345989784467752
extra_trees,5,numeric__active_pair_speed_correlation,0.006120262378757863
extra_trees,5,numeric__USM0_USM3_pose_global_mean_distance_rel,0.005903720356199018
extra_trees,5,numeric__USM2_pose_global_dimensionless_jerk,0.005729016246935204
extra_trees,5,numeric__USM0_pose_global_path_l2,0.005714799364419578
extra_trees,5,numeric__USM0_pose_global_max_jerk_l2,0.005657906400359139
extra_trees,5,numeric__active_pair_one_arm_only_active_fraction,0.005390460080832522
extra_trees,5,numeric__USM0_USM2_pose_global_speed_correlation,0.0051846456706425275
extra_trees,5,numeric__USM0_pose_global_idle_fraction_relative,0.005049367960350863
extra_trees,5,numeric__USM2_pose_global_max_abs_angular_acceleration_rad_s2,0.004981285193339665
extra_trees,5,numeric__USM3_pose_global_rms_speed_l2,0.0049490035907420364
extra_trees,5,numeric__USM2_USM3_pose_global_simultaneous_active_fraction,0.004921817700258196
extra_trees,5,numeric__USM0_USM2_pose_global_path_length_imbalance,0.004882302158470174
extra_trees,5,numeric__USM2_pose_global_pause_fraction,0.004842037174348163
extra_trees,5,numeric__active_pair_path_length_b_rel,0.004784779582447733
extra_trees,5,numeric__USM2_pose_global_idle_fraction_relative,0.004771989270122544
extra_trees,5,numeric__USM2_pose_global_raw_path_l2,0.004678224299105003
extra_trees,5,numeric__USM2_pose_global_max_angular_speed_rad_s,0.004665758429324595
extra_trees,5,numeric__USM0_pose_global_dimensionless_jerk,0.0046630944037464326
extra_trees,5,numeric__USM2_USM3_pose_global_speed_correlation,0.00464517636245094
extra_trees,5,numeric__USM0_pose_global_pause_fraction,0.004640463975700634
extra_trees,5,numeric__USM2_pose_global_mean_speed_l2,0.004621504477319738
extra_trees,5,numeric__USM0_pose_global_rotation_determinant_std,0.004613782200776307
extra_trees,5,numeric__USM2_USM3_pose_global_one_arm_only_active_fraction,0.004601082305258899
extra_trees,5,numeric__USM0_pose_global_net_displacement_l2,0.004599944118858719
extra_trees,5,numeric__USM0_pose_global_mean_speed_l2,0.004495849448184183
extra_trees,5,numeric__USM2_pose_global_movement_economy,0.004426187727946962
extra_trees,5,numeric__USM3_pose_global_idle_threshold_relative,0.004421543551346289
extra_trees,5,numeric__USM3_pose_global_rotation_determinant_std,0.004390638227501121
extra_trees,5,numeric__USM0_USM3_pose_global_speed_correlation,0.004322549059024476
extra_trees,5,numeric__USM0_USM3_pose_global_one_arm_only_active_fraction,0.004312139255105794
extra_trees,5,numeric__USM2_pose_global_rotation_path_radians,0.004295057349501578
extra_trees,5,numeric__all_psm_pose_global_path_total_m,0.004284178211658139
extra_trees,5,numeric__USM0_USM2_pose_global_one_arm_only_active_fraction,0.004238587515909444
extra_trees,5,task__task_clean_sea_spikes,0.004198473319110526
extra_trees,5,numeric__USM2_pose_global_path_l2,0.004164208506134364
extra_trees,5,numeric__USM3_pose_global_mean_speed_l2,0.004126970780984544
extra_trees,5,numeric__USM3_pose_global_z_range_m,0.004120995774874141
extra_trees,5,numeric__USM2_pose_global_net_displacement_l2,0.004101380491720433
extra_trees,5,numeric__USM2_USM3_pose_global_distance_range_rel,0.004092815755519471
extra_trees,5,numeric__USM0_USM3_pose_global_mean_abs_relative_speed,0.0040656192324395515
extra_trees,5,numeric__USM3_pose_global_y_range_m,0.004002754267351574
extra_trees,5,numeric__USM3_pose_global_movement_economy,0.003982202442974256
extra_trees,5,numeric__USM0_pose_global_economy_area_yz,0.003938200332424542
extra_trees,5,numeric__USM3_pose_global_mean_angular_speed_rad_s,0.003835107684330558
extra_trees,5,numeric__USM0_pose_global_max_abs_angular_acceleration_rad_s2,0.0037315412128934595
extra_trees,5,numeric__USM0_pose_global_rotation_path_radians,0.003664815795098126
extra_trees,5,numeric__USM2_USM3_pose_global_both_idle_fraction,0.003640856908554983
extra_trees,5,numeric__USM2_USM3_pose_global_std_distance_rel,0.003587460249689351
extra_trees,5,task__task_clean_camera_target,0.0035575205880439102
extra_trees,5,numeric__USM3_pose_global_economy_area_xy,0.0035409177830566904
extra_trees,5,numeric__USM3_pose_global_max_speed_l2,0.003445860256316746
extra_trees,5,numeric__USM3_pose_global_mean_acceleration_l2,0.003366922864861505
extra_trees,5,numeric__USM3_pose_global_dimensionless_jerk,0.0033408822390923513
extra_trees,5,numeric__USM3_pose_global_economy_area_yz,0.003323460363292394
extra_trees,5,numeric__USM0_pose_global_max_angular_speed_rad_s,0.0033128314795644654
extra_trees,5,numeric__USM3_pose_global_max_acceleration_l2,0.0033010361337564107
extra_trees,5,numeric__USM3_pose_global_economy_volume,0.003154756096663667
extra_trees,5,numeric__USM2_pose_global_idle_threshold_relative,0.003154266524215938
extra_trees,5,numeric__active_psm_count,0.003115331941789835
extra_trees,5,numeric__USM3_pose_global_economy_area_xz,0.0030885302351720523
extra_trees,5,numeric__USM2_pose_global_z_range_m,0.0029922940944421255
extra_trees,5,numeric__USM3_pose_global_log_dimensionless_jerk,0.002989195700888212
extra_trees,5,numeric__USM0_pose_global_z_range_m,0.0028494983488526917
extra_trees,5,numeric__USM2_pose_global_rotation_determinant_std,0.002838640442036266
extra_trees,5,numeric__USM2_pose_global_y_range_m,0.0027892831813869914
extra_trees,5,task__task_clean_ring_rollercoaster,0.002743066799887825
extra_trees,5,numeric__USM3_pose_global_max_jerk_l2,0.0026756995233948736
extra_trees,5,numeric__USM0_USM3_pose_global_std_distance_rel,0.002606922772535876
extra_trees,5,numeric__USM0_USM2_pose_global_both_idle_fraction,0.0025975526353926802
extra_trees,5,numeric__USM2_pose_global_x_range_m,0.0025949623541010945
extra_trees,5,numeric__USM0_USM3_pose_global_distance_range_rel,0.002594130574992226
extra_trees,5,numeric__USM0_pose_global_economy_area_xy,0.0025814997902498353
extra_trees,5,numeric__USM0_pose_global_economy_volume,0.0025568858703716767
extra_trees,5,numeric__USM2_pose_global_economy_area_xy,0.002502784607734855
extra_trees,5,numeric__USM3_pose_global_max_angular_speed_rad_s,0.0024787825248807566
extra_trees,5,numeric__USM0_pose_global_y_range_m,0.002467273502047112
extra_trees,5,numeric__USM0_pose_global_max_gap_seconds,0.0024645429745082143
extra_trees,5,numeric__USM3_pose_global_net_displacement_l2,0.0024625459884814144
extra_trees,5,numeric__USM3_pose_global_x_range_m,0.002366540880025347
extra_trees,5,numeric__USM2_pose_global_economy_volume,0.002278753835287896
extra_trees,5,numeric__USM3_pose_global_mean_abs_angular_acceleration_rad_s2,0.0022787394706479886
extra_trees,5,task__task_clean_glove_cut,0.0022163438257778684
extra_trees,5,numeric__active_pair_both_idle_fraction,0.002205881958147142
extra_trees,5,numeric__USM2_pose_global_workspace_box_volume_m3,0.002107047575926814
extra_trees,5,numeric__USM2_pose_global_economy_area_yz,0.0021067030753814174
extra_trees,5,numeric__USM0_USM2_pose_global_alignment_coverage,0.00210523793292245
extra_trees,5,numeric__USM3_pose_global_raw_path_l2,0.002058659868574918
extra_trees,5,numeric__USM2_pose_global_economy_area_xz,0.002033837490328793
extra_trees,5,numeric__USM3_pose_global_max_abs_angular_acceleration_rad_s2,0.0019822963370655033
extra_trees,5,numeric__USM0_pose_global_x_range_m,0.001982011594633401
extra_trees,5,numeric__USM3_pose_global_rotation_path_radians,0.0017851691356198958
extra_trees,5,numeric__USM3_pose_global_workspace_box_volume_m3,0.0016946120841934138
extra_trees,5,numeric__USM0_pose_global_economy_area_xz,0.00166539193434886
extra_trees,5,numeric__USM3_pose_global_jerk_cost,0.0015667256993036427
extra_trees,5,numeric__active_pair_usm_b,0.000528970572627914
extra_trees,5,numeric__active_pair_usm_a,0.00019038657850725855
extra_trees,5,numeric__USM0_pose_global_median_dt_seconds,0.0
