model,cv_fold,feature,coefficient,abs_coefficient
linear_regression,1,USM0_USM2_pose_global_mean_distance_rel,-758.9779853278732,758.9779853278732
linear_regression,1,USM0_USM2_pose_global_min_distance_rel,424.363752389757,424.363752389757
linear_regression,1,active_pair_mean_distance_rel,356.7235827771045,356.7235827771045
linear_regression,1,USM0_USM2_pose_global_max_distance_rel,301.2376332968185,301.2376332968185
linear_regression,1,active_pair_min_distance_rel,-190.0461954756886,190.0461954756886
linear_regression,1,active_pair_std_distance_rel,-106.24429958063703,106.24429958063703
linear_regression,1,USM0_USM2_pose_global_std_distance_rel,91.47433189674885,91.47433189674885
linear_regression,1,USM0_USM2_pose_global_speed_correlation,-90.22142180634725,90.22142180634725
linear_regression,1,active_pair_max_distance_rel,-80.67073602514765,80.67073602514765
linear_regression,1,USM0_pose_global_economy_volume,77.78028465862718,77.78028465862718
linear_regression,1,USM0_USM2_pose_global_distance_range_rel,-75.81563153501065,75.81563153501065
linear_regression,1,USM0_USM2_pose_global_simultaneous_active_fraction,74.74315922112127,74.74315922112127
linear_regression,1,active_pair_usm_b,-71.06600603443587,71.06600603443587
linear_regression,1,active_pair_speed_correlation,68.40885017726018,68.40885017726018
linear_regression,1,USM2_pose_global_economy_volume,-58.73334648010507,58.73334648010507
linear_regression,1,USM0_USM2_pose_global_both_idle_fraction,-56.763964313501134,56.763964313501134
linear_regression,1,active_pair_simultaneous_active_fraction,-54.31974868003843,54.31974868003843
linear_regression,1,USM0_pose_global_economy_area_xy,-44.679308356648804,44.679308356648804
linear_regression,1,USM0_USM2_pose_global_path_length_imbalance,44.2115868465315,44.2115868465315
linear_regression,1,camera_path_length_m,-42.39563093245013,42.39563093245013
linear_regression,1,USM3_pose_global_idle_threshold_relative,39.86174372373846,39.86174372373846
linear_regression,1,USM0_pose_global_dimensionless_jerk,39.848849671709175,39.848849671709175
linear_regression,1,USM2_pose_global_economy_area_xy,39.34441457069651,39.34441457069651
linear_regression,1,active_pair_both_idle_fraction,38.82719448665009,38.82719448665009
linear_regression,1,active_pair_path_length_imbalance,-35.41472901177089,35.41472901177089
linear_regression,1,USM2_pose_global_mean_speed_l2,28.149390508777213,28.149390508777213
linear_regression,1,USM0_pose_global_economy_area_yz,-27.935164848476713,27.935164848476713
linear_regression,1,USM3_pose_global_mean_speed_l2,-25.179472049702746,25.179472049702746
linear_regression,1,USM0_pose_global_jerk_cost,23.760555383455245,23.760555383455245
linear_regression,1,USM2_pose_global_economy_area_yz,23.020330299936933,23.020330299936933
linear_regression,1,USM0_pose_global_idle_fraction_relative,22.888519322917613,22.888519322917613
linear_regression,1,camera_moving_duration_s,22.5375136167457,22.5375136167457
linear_regression,1,active_pair_usm_a,21.903977032856314,21.903977032856314
linear_regression,1,USM0_USM2_pose_global_mean_abs_relative_speed,-21.4415471539169,21.4415471539169
linear_regression,1,USM3_pose_global_mean_angular_speed_rad_s,-20.724495864555333,20.724495864555333
linear_regression,1,USM3_pose_global_mean_acceleration_l2,20.366465471243664,20.366465471243664
linear_regression,1,USM2_USM3_pose_global_mean_abs_relative_speed,-19.42106823984585,19.42106823984585
linear_regression,1,USM0_pose_global_rms_speed_l2,-19.20416946358614,19.20416946358614
linear_regression,1,USM0_pose_global_mean_speed_l2,-18.327985068822482,18.327985068822482
linear_regression,1,USM3_pose_global_mean_abs_angular_acceleration_rad_s2,17.72600246765038,17.72600246765038
linear_regression,1,active_pair_mean_abs_relative_speed,16.33269869592114,16.33269869592114
linear_regression,1,USM2_pose_global_idle_fraction_relative,16.13769563394409,16.13769563394409
linear_regression,1,active_pair_path_length_b_rel,14.415733991096587,14.415733991096587
linear_regression,1,USM2_pose_global_raw_path_l2,-14.300703357663265,14.300703357663265
linear_regression,1,USM3_pose_global_jerk_cost,13.886290000581214,13.886290000581214
linear_regression,1,USM3_pose_global_max_abs_angular_acceleration_rad_s2,13.294155517023027,13.294155517023027
linear_regression,1,USM0_pose_global_pause_duration_seconds,-13.178637138764199,13.178637138764199
linear_regression,1,camera_moving_fraction,-10.663880368907503,10.663880368907503
linear_regression,1,USM3_pose_global_max_angular_speed_rad_s,-10.486928029756408,10.486928029756408
linear_regression,1,USM2_pose_global_workspace_box_volume_m3,10.429585348918938,10.429585348918938
linear_regression,1,USM0_pose_global_workspace_box_volume_m3,-10.309344003948022,10.309344003948022
linear_regression,1,camera_to_USM3_mean_distance_m,-10.261412598322082,10.261412598322082
linear_regression,1,camera_to_all_tools_mean_distance_m,-9.84001545952865,9.84001545952865
linear_regression,1,USM2_pose_global_y_range_m,-9.821079330937584,9.821079330937584
linear_regression,1,camera_to_USM3_max_distance_m,9.773874482338494,9.773874482338494
linear_regression,1,camera_to_USM0_max_distance_m,9.116314996109644,9.116314996109644
linear_regression,1,USM2_pose_global_dimensionless_jerk,-8.777553188782253,8.777553188782253
linear_regression,1,USM2_USM3_pose_global_mean_distance_rel,8.689710968902105,8.689710968902105
linear_regression,1,camera_max_speed_m_s,8.659219291123398,8.659219291123398
linear_regression,1,USM0_pose_global_mean_acceleration_l2,8.371559828480013,8.371559828480013
linear_regression,1,USM0_pose_global_rotation_path_radians,-7.8881815653901235,7.8881815653901235
linear_regression,1,USM2_pose_global_rotation_path_radians,7.497235446966091,7.497235446966091
linear_regression,1,USM0_pose_global_y_range_m,7.48509840901693,7.48509840901693
linear_regression,1,USM2_USM3_pose_global_simultaneous_active_fraction,-7.324560119799466,7.324560119799466
linear_regression,1,camera_log_dimensionless_jerk,7.251673496090826,7.251673496090826
linear_regression,1,USM3_pose_global_rotation_orthogonality_error_mean,-7.1647610568989,7.1647610568989
linear_regression,1,camera_rms_speed_m_s,7.143026089902943,7.143026089902943
linear_regression,1,USM2_pose_global_rms_speed_l2,7.056809649854371,7.056809649854371
linear_regression,1,USM0_pose_global_raw_path_l2,6.876027788564128,6.876027788564128
linear_regression,1,USM2_USM3_pose_global_both_idle_fraction,6.65512541336107,6.65512541336107
linear_regression,1,USM0_USM3_pose_global_mean_abs_relative_speed,6.638675713733662,6.638675713733662
linear_regression,1,camera_to_USM2_min_distance_m,6.552234548921288,6.552234548921288
linear_regression,1,USM0_pose_global_max_acceleration_l2,-6.539483620296651,6.539483620296651
linear_regression,1,USM3_pose_global_rms_speed_l2,6.057297175779074,6.057297175779074
linear_regression,1,camera_move_count,-5.951133386903926,5.951133386903926
linear_regression,1,USM3_pose_global_economy_area_xy,-5.9499002645858035,5.9499002645858035
linear_regression,1,USM0_pose_global_rotation_orthogonality_error_mean,-5.88056382331209,5.88056382331209
linear_regression,1,USM2_pose_global_jerk_cost,-5.6864935950308055,5.6864935950308055
linear_regression,1,USM0_USM3_pose_global_simultaneous_active_fraction,5.618453942446751,5.618453942446751
linear_regression,1,USM2_pose_global_pause_duration_seconds,5.588312253662741,5.588312253662741
linear_regression,1,USM0_pose_global_economy_area_xz,-5.556603337791339,5.556603337791339
linear_regression,1,USM3_pose_global_rotation_orthogonality_error_max,5.476773044908544,5.476773044908544
linear_regression,1,USM0_USM3_pose_global_path_length_imbalance,5.387133667481286,5.387133667481286
linear_regression,1,USM0_pose_global_mean_angular_speed_rad_s,5.184582474464728,5.184582474464728
linear_regression,1,USM3_pose_global_max_speed_l2,-5.174342624809501,5.174342624809501
linear_regression,1,USM3_pose_global_raw_path_l2,-5.103308817927472,5.103308817927472
linear_regression,1,USM2_pose_global_movement_economy,-5.004081215572359,5.004081215572359
linear_regression,1,USM3_pose_global_economy_volume,4.953240102359799,4.953240102359799
linear_regression,1,USM0_pose_global_n_samples,-4.828497972175289,4.828497972175289
linear_regression,1,USM0_USM3_pose_global_both_idle_fraction,-4.799851900602395,4.799851900602395
linear_regression,1,USM2_pose_global_pause_fraction,-4.786418429075845,4.786418429075845
linear_regression,1,USM2_pose_global_max_acceleration_l2,4.74658199188636,4.74658199188636
linear_regression,1,USM0_pose_global_rotation_orthogonality_error_max,4.642143368154154,4.642143368154154
linear_regression,1,camera_to_USM3_std_distance_m,4.6100107373616135,4.6100107373616135
linear_regression,1,USM2_pose_global_economy_area_xz,4.467792090753583,4.467792090753583
linear_regression,1,USM0_pose_global_x_range_m,4.442817784091122,4.442817784091122
linear_regression,1,USM0_pose_global_pause_fraction,4.413336320231348,4.413336320231348
linear_regression,1,USM3_pose_global_max_acceleration_l2,4.248262436257477,4.248262436257477
linear_regression,1,USM3_pose_global_economy_area_yz,-4.152470694252827,4.152470694252827
linear_regression,1,USM3_pose_global_max_jerk_l2,-4.1065987196605755,4.1065987196605755
linear_regression,1,USM2_pose_global_max_jerk_l2,-3.924422040928149,3.924422040928149
linear_regression,1,USM3_pose_global_z_range_m,3.9065438532235746,3.9065438532235746
linear_regression,1,USM3_pose_global_workspace_box_volume_m3,-3.868873848793946,3.868873848793946
linear_regression,1,camera_to_USM0_mean_distance_m,-3.84839828618818,3.84839828618818
linear_regression,1,USM2_pose_global_x_range_m,-3.841233210209341,3.841233210209341
linear_regression,1,camera_to_USM2_std_distance_m,-3.7631142107423354,3.7631142107423354
linear_regression,1,USM0_pose_global_max_speed_l2,3.750904715921281,3.750904715921281
linear_regression,1,USM2_pose_global_mean_angular_speed_rad_s,-3.5893511724601415,3.5893511724601415
linear_regression,1,USM3_pose_global_economy_area_xz,-3.565505984578598,3.565505984578598
linear_regression,1,USM2_pose_global_rotation_orthogonality_error_mean,-3.5649954089502236,3.5649954089502236
linear_regression,1,USM0_pose_global_net_displacement_l2,3.5478631686129223,3.5478631686129223
linear_regression,1,USM0_pose_global_log_dimensionless_jerk,-3.5246869816568416,3.5246869816568416
linear_regression,1,camera_mean_angular_speed_rad_s,3.361967320312102,3.361967320312102
linear_regression,1,USM2_pose_global_log_dimensionless_jerk,-3.2794072003133294,3.2794072003133294
linear_regression,1,USM0_pose_global_z_range_m,-3.0786550666652843,3.0786550666652843
linear_regression,1,USM0_USM2_pose_global_one_arm_only_active_fraction,3.074164895522443,3.074164895522443
linear_regression,1,USM2_pose_global_pause_count,3.0737862230302753,3.0737862230302753
linear_regression,1,USM2_pose_global_mean_abs_angular_acceleration_rad_s2,-2.934382420548422,2.934382420548422
linear_regression,1,camera_to_USM2_max_distance_m,-2.8100290724768047,2.8100290724768047
linear_regression,1,USM3_pose_global_rotation_determinant_mean,-2.7272592185444093,2.7272592185444093
linear_regression,1,USM3_pose_global_pause_fraction,-2.710948612313082,2.710948612313082
linear_regression,1,USM3_pose_global_rotation_path_radians,-2.536654821634272,2.536654821634272
linear_regression,1,camera_to_USM0_std_distance_m,2.469000724378898,2.469000724378898
linear_regression,1,USM3_pose_global_movement_economy,2.419059335649366,2.419059335649366
linear_regression,1,active_pair_distance_range_rel,2.4180057858294752,2.4180057858294752
linear_regression,1,USM2_USM3_pose_global_std_distance_rel,-2.39520220476001,2.39520220476001
linear_regression,1,camera_max_angular_speed_rad_s,-2.315592380031581,2.315592380031581
linear_regression,1,camera_rotation_path_radians,-2.2412195342573247,2.2412195342573247
linear_regression,1,USM2_USM3_pose_global_path_length_imbalance,-2.008815695645807,2.008815695645807
linear_regression,1,camera_to_USM2_mean_distance_m,1.9106225815187297,1.9106225815187297
linear_regression,1,USM3_pose_global_y_range_m,1.909595401129836,1.909595401129836
linear_regression,1,USM2_pose_global_mean_acceleration_l2,-1.894414609540144,1.894414609540144
linear_regression,1,USM0_pose_global_movement_economy,1.8622303296040972,1.8622303296040972
linear_regression,1,USM0_pose_global_max_angular_speed_rad_s,1.8573411422255397,1.8573411422255397
linear_regression,1,USM0_pose_global_max_abs_angular_acceleration_rad_s2,-1.793283442232115,1.793283442232115
linear_regression,1,USM0_pose_global_pause_count,-1.7915385734020042,1.7915385734020042
linear_regression,1,USM3_pose_global_log_dimensionless_jerk,1.703992817403849,1.703992817403849
linear_regression,1,USM3_pose_global_active,-1.6552119266997005,1.6552119266997005
linear_regression,1,USM0_USM3_pose_global_std_distance_rel,-1.5675889496847448,1.5675889496847448
linear_regression,1,USM3_pose_global_pause_duration_seconds,1.4585155275379709,1.4585155275379709
linear_regression,1,USM2_pose_global_rotation_determinant_mean,-1.4406248687385954,1.4406248687385954
linear_regression,1,USM2_pose_global_max_angular_speed_rad_s,1.4397294300974277,1.4397294300974277
linear_regression,1,USM2_pose_global_net_displacement_l2,-1.4235869056258679,1.4235869056258679
linear_regression,1,USM2_USM3_pose_global_distance_range_rel,1.3808237943382378,1.3808237943382378
linear_regression,1,camera_to_USM0_min_distance_m,-1.3095251983110572,1.3095251983110572
linear_regression,1,USM0_pose_global_max_jerk_l2,-1.302937146056697,1.302937146056697
linear_regression,1,USM2_pose_global_rotation_orthogonality_error_max,1.2495550941156655,1.2495550941156655
linear_regression,1,USM2_pose_global_max_abs_angular_acceleration_rad_s2,-1.2081692560189996,1.2081692560189996
linear_regression,1,USM2_pose_global_z_range_m,-1.0946292120162884,1.0946292120162884
linear_regression,1,USM2_pose_global_max_speed_l2,0.957135761955378,0.957135761955378
linear_regression,1,USM3_pose_global_net_displacement_l2,-0.8502275391306684,0.8502275391306684
linear_regression,1,USM0_pose_global_idle_threshold_relative,-0.8244176944629265,0.8244176944629265
linear_regression,1,camera_mean_speed_m_s,-0.7751040446518349,0.7751040446518349
linear_regression,1,USM2_pose_global_idle_threshold_relative,0.755743553697199,0.755743553697199
linear_regression,1,USM0_USM3_pose_global_one_arm_only_active_fraction,0.7480789365050855,0.7480789365050855
linear_regression,1,all_psm_pose_global_path_total_m,-0.7431115059829594,0.7431115059829594
linear_regression,1,USM0_pose_global_max_gap_seconds,0.6834248230555955,0.6834248230555955
linear_regression,1,active_pair_one_arm_only_active_fraction,-0.6523475566205041,0.6523475566205041
linear_regression,1,camera_pause_fraction,-0.6519030130469989,0.6519030130469989
linear_regression,1,USM2_USM3_pose_global_speed_correlation,0.4631959356884181,0.4631959356884181
linear_regression,1,USM0_USM2_pose_global_alignment_coverage,0.43541495700191035,0.43541495700191035
linear_regression,1,USM0_pose_global_rotation_determinant_std,-0.43073488872590915,0.43073488872590915
linear_regression,1,USM0_USM3_pose_global_speed_correlation,0.41634965000071134,0.41634965000071134
linear_regression,1,USM3_pose_global_pause_count,-0.4029554609512651,0.4029554609512651
linear_regression,1,USM0_pose_global_mean_abs_angular_acceleration_rad_s2,0.3972600461446776,0.3972600461446776
linear_regression,1,USM2_USM3_pose_global_one_arm_only_active_fraction,-0.31534364165357154,0.31534364165357154
linear_regression,1,USM0_pose_global_median_dt_seconds,-0.2791686727774402,0.2791686727774402
linear_regression,1,USM3_pose_global_rotation_determinant_std,-0.27085593786956785,0.27085593786956785
linear_regression,1,USM3_pose_global_dimensionless_jerk,0.2583235709069669,0.2583235709069669
linear_regression,1,USM3_pose_global_idle_fraction_relative,-0.20777396560242245,0.20777396560242245
linear_regression,1,camera_pause_count,0.1796265292172592,0.1796265292172592
linear_regression,1,USM0_pose_global_rotation_determinant_mean,0.1670475723857503,0.1670475723857503
linear_regression,1,USM0_USM3_pose_global_distance_range_rel,-0.1524537435355029,0.1524537435355029
linear_regression,1,USM3_pose_global_x_range_m,0.15013747267843058,0.15013747267843058
linear_regression,1,camera_pause_duration_seconds,-0.13175711496461417,0.13175711496461417
linear_regression,1,camera_to_primary_tools_mean_distance_m,-0.07737866168373175,0.07737866168373175
linear_regression,1,USM2_pose_global_rotation_determinant_std,0.024106456302693147,0.024106456302693147
linear_regression,1,USM0_pose_global_active,3.090860900556436e-13,3.090860900556436e-13
linear_regression,2,active_psm_count,286.6263831104147,286.6263831104147
linear_regression,2,USM3_pose_global_active,-269.49800733465634,269.49800733465634
linear_regression,2,USM0_USM2_pose_global_mean_abs_relative_speed,-207.64987995884746,207.64987995884746
linear_regression,2,active_pair_mean_abs_relative_speed,190.90065349693992,190.90065349693992
linear_regression,2,USM0_USM2_pose_global_path_length_imbalance,-73.55690205874424,73.55690205874424
linear_regression,2,USM3_pose_global_idle_threshold_relative,65.39309507771516,65.39309507771516
linear_regression,2,USM0_pose_global_dimensionless_jerk,62.22492870366774,62.22492870366774
linear_regression,2,all_psm_pose_global_path_total_m,61.40602506115803,61.40602506115803
linear_regression,2,USM0_USM2_pose_global_simultaneous_active_fraction,-59.394893748203415,59.394893748203415
linear_regression,2,USM0_USM2_pose_global_both_idle_fraction,59.34502269357588,59.34502269357588
linear_regression,2,active_pair_path_length_imbalance,59.0615064686038,59.0615064686038
linear_regression,2,active_pair_path_length_b_rel,-58.117261251031934,58.117261251031934
linear_regression,2,active_pair_simultaneous_active_fraction,53.59452379527442,53.59452379527442
linear_regression,2,active_pair_both_idle_fraction,-52.68033238028634,52.68033238028634
linear_regression,2,USM0_pose_global_economy_volume,49.94929316451556,49.94929316451556
linear_regression,2,USM3_pose_global_mean_speed_l2,-46.19281896701121,46.19281896701121
linear_regression,2,USM3_pose_global_mean_acceleration_l2,46.171076626154104,46.171076626154104
linear_regression,2,camera_to_all_tools_mean_distance_m,43.25979796721592,43.25979796721592
linear_regression,2,camera_to_USM3_mean_distance_m,-39.64484773342897,39.64484773342897
linear_regression,2,USM0_USM2_pose_global_speed_correlation,-35.86564415954495,35.86564415954495
linear_regression,2,USM0_USM3_pose_global_mean_distance_rel,33.641183141445694,33.641183141445694
linear_regression,2,USM2_USM3_pose_global_mean_distance_rel,-33.31896851309286,33.31896851309286
linear_regression,2,USM2_USM3_pose_global_mean_abs_relative_speed,30.980592215357504,30.980592215357504
linear_regression,2,USM0_USM3_pose_global_mean_abs_relative_speed,-30.064226946657662,30.064226946657662
linear_regression,2,USM0_pose_global_economy_area_xy,-28.740731808596767,28.740731808596767
linear_regression,2,camera_to_USM0_mean_distance_m,-28.09165182327799,28.09165182327799
linear_regression,2,active_pair_speed_correlation,26.738529112344587,26.738529112344587
linear_regression,2,active_pair_usm_b,-26.398315044744308,26.398315044744308
linear_regression,2,USM2_pose_global_economy_volume,-24.198028626888437,24.198028626888437
linear_regression,2,USM2_pose_global_raw_path_l2,23.254939195441747,23.254939195441747
linear_regression,2,USM2_pose_global_idle_fraction_relative,-22.41743474755899,22.41743474755899
linear_regression,2,USM0_USM2_pose_global_one_arm_only_active_fraction,-21.09073676028117,21.09073676028117
linear_regression,2,USM0_pose_global_z_range_m,-19.779767355406847,19.779767355406847
linear_regression,2,USM0_pose_global_net_displacement_l2,19.146533728937698,19.146533728937698
linear_regression,2,active_pair_one_arm_only_active_fraction,19.079626326708322,19.079626326708322
linear_regression,2,USM2_pose_global_economy_area_xy,19.07596763437799,19.07596763437799
linear_regression,2,USM0_pose_global_raw_path_l2,-17.512048069389184,17.512048069389184
linear_regression,2,USM0_pose_global_economy_area_yz,-16.582874254736442,16.582874254736442
linear_regression,2,USM2_pose_global_mean_speed_l2,-16.526397631629866,16.526397631629866
linear_regression,2,USM2_pose_global_pause_fraction,16.095060357970585,16.095060357970585
linear_regression,2,USM2_USM3_pose_global_path_length_imbalance,15.019262133421703,15.019262133421703
linear_regression,2,USM0_pose_global_max_speed_l2,14.776463542092172,14.776463542092172
linear_regression,2,USM3_pose_global_workspace_box_volume_m3,-14.610168361457475,14.610168361457475
linear_regression,2,USM0_pose_global_mean_speed_l2,13.473447715261525,13.473447715261525
linear_regression,2,USM3_pose_global_raw_path_l2,-12.721933209443346,12.721933209443346
linear_regression,2,USM2_pose_global_z_range_m,12.238030199611181,12.238030199611181
linear_regression,2,USM0_pose_global_economy_area_xz,-12.150528195646135,12.150528195646135
linear_regression,2,USM0_USM3_pose_global_std_distance_rel,-11.907438500536998,11.907438500536998
linear_regression,2,USM2_pose_global_net_displacement_l2,-11.670467165934033,11.670467165934033
linear_regression,2,USM0_USM3_pose_global_path_length_imbalance,-11.485175151568058,11.485175151568058
linear_regression,2,USM0_pose_global_pause_fraction,-11.167473054923988,11.167473054923988
linear_regression,2,USM3_pose_global_mean_angular_speed_rad_s,-10.532872075780682,10.532872075780682
linear_regression,2,USM2_pose_global_economy_area_yz,9.315068831644233,9.315068831644233
linear_regression,2,camera_to_USM3_max_distance_m,9.204717365849739,9.204717365849739
linear_regression,2,camera_mean_speed_m_s,-9.058951416705751,9.058951416705751
linear_regression,2,camera_moving_fraction,-8.821343837738937,8.821343837738937
linear_regression,2,USM2_pose_global_y_range_m,-8.64032932961166,8.64032932961166
linear_regression,2,USM0_pose_global_x_range_m,8.092311605030938,8.092311605030938
linear_regression,2,camera_log_dimensionless_jerk,7.592411010234446,7.592411010234446
linear_regression,2,camera_moving_duration_s,7.574824243428763,7.574824243428763
linear_regression,2,USM3_pose_global_jerk_cost,7.481327873332839,7.481327873332839
linear_regression,2,USM0_USM3_pose_global_distance_range_rel,7.048444591640355,7.048444591640355
linear_regression,2,USM3_pose_global_rms_speed_l2,-7.036687195516695,7.036687195516695
linear_regression,2,USM0_pose_global_y_range_m,6.546437512520844,6.546437512520844
linear_regression,2,camera_rms_speed_m_s,6.023647713746622,6.023647713746622
linear_regression,2,camera_move_count,-5.68109995732909,5.68109995732909
linear_regression,2,USM2_pose_global_dimensionless_jerk,-5.0439771406062945,5.0439771406062945
linear_regression,2,USM3_pose_global_mean_abs_angular_acceleration_rad_s2,5.001964692131711,5.001964692131711
linear_regression,2,camera_mean_angular_speed_rad_s,4.912983679843107,4.912983679843107
linear_regression,2,camera_to_USM3_std_distance_m,4.869233833733305,4.869233833733305
linear_regression,2,USM0_pose_global_mean_angular_speed_rad_s,4.561823212573509,4.561823212573509
linear_regression,2,active_pair_usm_a,4.526216198441698,4.526216198441698
linear_regression,2,camera_path_length_m,-4.387889902507121,4.387889902507121
linear_regression,2,USM0_pose_global_rotation_orthogonality_error_mean,-4.35857655417426,4.35857655417426
linear_regression,2,USM2_pose_global_x_range_m,-4.263647614395666,4.263647614395666
linear_regression,2,USM0_pose_global_mean_acceleration_l2,4.247172542014675,4.247172542014675
linear_regression,2,USM3_pose_global_log_dimensionless_jerk,4.235840410128958,4.235840410128958
linear_regression,2,USM0_USM3_pose_global_simultaneous_active_fraction,-4.059744452749444,4.059744452749444
linear_regression,2,USM2_pose_global_economy_area_xz,4.057040094972213,4.057040094972213
linear_regression,2,USM0_pose_global_mean_abs_angular_acceleration_rad_s2,-4.001582720549556,4.001582720549556
linear_regression,2,USM3_pose_global_pause_count,-3.7766239218737887,3.7766239218737887
linear_regression,2,USM0_pose_global_pause_duration_seconds,3.7163425920686115,3.7163425920686115
linear_regression,2,USM0_USM3_pose_global_both_idle_fraction,3.654487428797857,3.654487428797857
linear_regression,2,USM3_pose_global_max_speed_l2,3.6131193913877766,3.6131193913877766
linear_regression,2,USM2_USM3_pose_global_std_distance_rel,3.5566900339153396,3.5566900339153396
linear_regression,2,USM0_pose_global_movement_economy,-3.4986139379949024,3.4986139379949024
linear_regression,2,camera_to_USM0_std_distance_m,3.423235835212708,3.423235835212708
linear_regression,2,camera_max_angular_speed_rad_s,-3.265041420673899,3.265041420673899
linear_regression,2,USM2_pose_global_mean_angular_speed_rad_s,-3.058077374699991,3.058077374699991
linear_regression,2,USM0_pose_global_rotation_orthogonality_error_max,3.022336641335569,3.022336641335569
linear_regression,2,USM2_pose_global_mean_acceleration_l2,2.9863798068892233,2.9863798068892233
linear_regression,2,USM3_pose_global_pause_duration_seconds,-2.6785309109334,2.6785309109334
linear_regression,2,camera_to_USM2_std_distance_m,-2.524242425767615,2.524242425767615
linear_regression,2,USM2_pose_global_idle_threshold_relative,2.4724804953111903,2.4724804953111903
linear_regression,2,USM3_pose_global_rotation_orthogonality_error_max,2.2628707606527136,2.2628707606527136
linear_regression,2,USM2_pose_global_pause_count,2.2509682648879923,2.2509682648879923
linear_regression,2,USM2_USM3_pose_global_simultaneous_active_fraction,2.1572988757745613,2.1572988757745613
linear_regression,2,USM2_USM3_pose_global_both_idle_fraction,-2.1204221279582143,2.1204221279582143
linear_regression,2,USM3_pose_global_rotation_determinant_mean,1.98789669109207,1.98789669109207
linear_regression,2,USM2_pose_global_rotation_orthogonality_error_mean,1.931706219497685,1.931706219497685
linear_regression,2,USM3_pose_global_max_jerk_l2,-1.805336372157761,1.805336372157761
linear_regression,2,USM0_pose_global_pause_count,-1.7232947017807074,1.7232947017807074
linear_regression,2,USM2_pose_global_rotation_path_radians,1.6579369774001407,1.6579369774001407
linear_regression,2,USM2_pose_global_max_abs_angular_acceleration_rad_s2,-1.6298213597883588,1.6298213597883588
linear_regression,2,USM0_pose_global_rotation_determinant_mean,-1.6199808905003832,1.6199808905003832
linear_regression,2,USM0_pose_global_n_samples,1.5668230995696142,1.5668230995696142
linear_regression,2,USM0_pose_global_idle_fraction_relative,1.5521508201314838,1.5521508201314838
linear_regression,2,USM2_pose_global_rotation_orthogonality_error_max,-1.5338708238635288,1.5338708238635288
linear_regression,2,USM3_pose_global_max_angular_speed_rad_s,-1.5171662299740962,1.5171662299740962
linear_regression,2,USM2_pose_global_max_angular_speed_rad_s,1.508319536462869,1.508319536462869
linear_regression,2,USM3_pose_global_economy_area_xy,-1.478771621172502,1.478771621172502
linear_regression,2,USM0_pose_global_rotation_path_radians,1.335805119773148,1.335805119773148
linear_regression,2,USM3_pose_global_max_acceleration_l2,-1.3085098871843392,1.3085098871843392
linear_regression,2,USM3_pose_global_y_range_m,1.2795494957589213,1.2795494957589213
linear_regression,2,USM0_pose_global_max_angular_speed_rad_s,1.2171301682416333,1.2171301682416333
linear_regression,2,USM0_pose_global_log_dimensionless_jerk,-1.188274382701183,1.188274382701183
linear_regression,2,USM2_USM3_pose_global_speed_correlation,1.172133697857765,1.172133697857765
linear_regression,2,USM3_pose_global_rotation_orthogonality_error_mean,1.155886286529432,1.155886286529432
linear_regression,2,USM3_pose_global_rotation_path_radians,-1.1379373641822275,1.1379373641822275
linear_regression,2,USM0_pose_global_idle_threshold_relative,1.1347545455987353,1.1347545455987353
linear_regression,2,USM3_pose_global_economy_area_xz,0.9752786136910165,0.9752786136910165
linear_regression,2,USM3_pose_global_movement_economy,0.9710170281457469,0.9710170281457469
linear_regression,2,USM3_pose_global_dimensionless_jerk,0.9359612981864469,0.9359612981864469
linear_regression,2,USM0_USM3_pose_global_one_arm_only_active_fraction,-0.9081426372009211,0.9081426372009211
linear_regression,2,USM3_pose_global_economy_volume,0.8742388803027019,0.8742388803027019
linear_regression,2,camera_pause_count,0.8668346366671584,0.8668346366671584
linear_regression,2,USM0_pose_global_max_abs_angular_acceleration_rad_s2,-0.8500283314628652,0.8500283314628652
linear_regression,2,USM2_pose_global_mean_abs_angular_acceleration_rad_s2,0.8056080186089201,0.8056080186089201
linear_regression,2,camera_max_speed_m_s,-0.747007629483738,0.747007629483738
linear_regression,2,USM2_USM3_pose_global_distance_range_rel,-0.6998673716807113,0.6998673716807113
linear_regression,2,USM0_pose_global_max_gap_seconds,0.6650270612884328,0.6650270612884328
linear_regression,2,USM0_pose_global_rms_speed_l2,-0.6564397738650871,0.6564397738650871
linear_regression,2,USM0_USM3_pose_global_speed_correlation,-0.6556224011468728,0.6556224011468728
linear_regression,2,USM2_pose_global_log_dimensionless_jerk,-0.6105773723836534,0.6105773723836534
linear_regression,2,USM0_pose_global_median_dt_seconds,0.47037777236189116,0.47037777236189116
linear_regression,2,USM2_pose_global_movement_economy,0.4218397918761987,0.4218397918761987
linear_regression,2,camera_pause_duration_seconds,-0.4169897868551651,0.4169897868551651
linear_regression,2,USM0_USM2_pose_global_alignment_coverage,0.41296280379548733,0.41296280379548733
linear_regression,2,USM3_pose_global_max_abs_angular_acceleration_rad_s2,-0.4011262005925378,0.4011262005925378
linear_regression,2,USM2_pose_global_rotation_determinant_mean,0.3996334210467114,0.3996334210467114
linear_regression,2,USM0_pose_global_rotation_determinant_std,-0.3879323915563711,0.3879323915563711
linear_regression,2,USM2_USM3_pose_global_one_arm_only_active_fraction,0.3499156952904059,0.3499156952904059
linear_regression,2,camera_pause_fraction,0.32616810185003864,0.32616810185003864
linear_regression,2,USM3_pose_global_idle_fraction_relative,-0.3121865176617664,0.3121865176617664
linear_regression,2,USM3_pose_global_z_range_m,-0.28189318688391385,0.28189318688391385
linear_regression,2,USM3_pose_global_pause_fraction,-0.21693602336807238,0.21693602336807238
linear_regression,2,USM3_pose_global_economy_area_yz,0.2020834462391683,0.2020834462391683
linear_regression,2,camera_rotation_path_radians,0.18217032767410846,0.18217032767410846
linear_regression,2,USM3_pose_global_x_range_m,0.17730491054076403,0.17730491054076403
linear_regression,2,USM3_pose_global_rotation_determinant_std,0.1660114949468685,0.1660114949468685
linear_regression,2,USM3_pose_global_net_displacement_l2,-0.12917819883577053,0.12917819883577053
linear_regression,2,USM2_pose_global_pause_duration_seconds,-0.11943218893046481,0.11943218893046481
linear_regression,2,USM2_pose_global_rotation_determinant_std,0.047745234693763905,0.047745234693763905
linear_regression,3,active_pair_path_length_b_rel,-58.70657461088513,58.70657461088513
linear_regression,3,USM0_pose_global_dimensionless_jerk,50.78685761393578,50.78685761393578
linear_regression,3,USM0_USM2_pose_global_mean_abs_relative_speed,-45.27851839268654,45.27851839268654
linear_regression,3,USM0_pose_global_active,42.70635379024252,42.70635379024252
linear_regression,3,USM0_USM2_pose_global_both_idle_fraction,-42.031281360393464,42.031281360393464
linear_regression,3,USM0_USM2_pose_global_simultaneous_active_fraction,39.461929345754186,39.461929345754186
linear_regression,3,active_pair_mean_abs_relative_speed,39.28840739822992,39.28840739822992
linear_regression,3,USM0_pose_global_max_speed_l2,37.09064762955418,37.09064762955418
linear_regression,3,USM2_pose_global_raw_path_l2,33.539337581666274,33.539337581666274
linear_regression,3,USM0_USM2_pose_global_speed_correlation,-33.48049730590774,33.48049730590774
linear_regression,3,all_psm_pose_global_path_total_m,32.21273032481997,32.21273032481997
linear_regression,3,USM2_pose_global_economy_volume,30.202846683411693,30.202846683411693
linear_regression,3,USM2_pose_global_mean_speed_l2,30.195100843694515,30.195100843694515
linear_regression,3,USM0_pose_global_idle_fraction_relative,29.97531214003499,29.97531214003499
linear_regression,3,active_pair_speed_correlation,25.32484772669716,25.32484772669716
linear_regression,3,active_pair_both_idle_fraction,25.09040701196266,25.09040701196266
linear_regression,3,USM2_pose_global_max_speed_l2,-21.453743220341973,21.453743220341973
linear_regression,3,camera_to_USM3_max_distance_m,20.945875734135537,20.945875734135537
linear_regression,3,USM2_pose_global_mean_acceleration_l2,-20.91877143420303,20.91877143420303
linear_regression,3,active_pair_simultaneous_active_fraction,-20.427315731878046,20.427315731878046
linear_regression,3,USM0_pose_global_mean_acceleration_l2,19.461645136293157,19.461645136293157
linear_regression,3,USM0_pose_global_mean_speed_l2,-19.105206726304775,19.105206726304775
linear_regression,3,camera_to_USM3_mean_distance_m,-17.697265324935895,17.697265324935895
linear_regression,3,USM0_USM2_pose_global_path_length_imbalance,17.10897286114736,17.10897286114736
linear_regression,3,USM0_USM2_pose_global_one_arm_only_active_fraction,16.56772529102648,16.56772529102648
linear_regression,3,USM3_pose_global_raw_path_l2,-15.812229777966067,15.812229777966067
linear_regression,3,camera_path_length_m,15.393908211631315,15.393908211631315
linear_regression,3,active_pair_path_length_imbalance,-13.91839522826312,13.91839522826312
linear_regression,3,active_pair_one_arm_only_active_fraction,-13.688274105774212,13.688274105774212
linear_regression,3,USM2_pose_global_economy_area_xy,-13.530094840702034,13.530094840702034
linear_regression,3,active_pair_usm_b,-12.64186578023112,12.64186578023112
linear_regression,3,USM3_pose_global_mean_abs_angular_acceleration_rad_s2,12.536236683751845,12.536236683751845
linear_regression,3,USM3_pose_global_idle_threshold_relative,12.42640596437575,12.42640596437575
linear_regression,3,USM3_pose_global_rotation_path_radians,-12.302876987846117,12.302876987846117
linear_regression,3,USM0_pose_global_raw_path_l2,-10.884526253782765,10.884526253782765
linear_regression,3,USM2_pose_global_economy_area_xz,-10.355303737607777,10.355303737607777
linear_regression,3,USM2_USM3_pose_global_simultaneous_active_fraction,-9.671451453008125,9.671451453008125
linear_regression,3,USM0_USM3_pose_global_simultaneous_active_fraction,9.362456142005296,9.362456142005296
linear_regression,3,USM3_pose_global_rms_speed_l2,9.070726956998307,9.070726956998307
linear_regression,3,active_pair_usm_a,8.765050071377512,8.765050071377512
linear_regression,3,USM2_USM3_pose_global_both_idle_fraction,8.660965488733238,8.660965488733238
linear_regression,3,USM2_pose_global_economy_area_yz,-8.080085849683304,8.080085849683304
linear_regression,3,camera_to_USM2_std_distance_m,-7.944083121760443,7.944083121760443
linear_regression,3,USM2_USM3_pose_global_mean_abs_relative_speed,-7.8761441356184365,7.8761441356184365
linear_regression,3,camera_moving_duration_s,7.844459451031098,7.844459451031098
linear_regression,3,USM2_pose_global_pause_duration_seconds,-7.511847559571329,7.511847559571329
linear_regression,3,USM0_pose_global_x_range_m,-7.47033114512428,7.47033114512428
linear_regression,3,USM0_USM3_pose_global_path_length_imbalance,7.208353295204112,7.208353295204112
linear_regression,3,USM0_USM3_pose_global_both_idle_fraction,-7.207713072804779,7.207713072804779
linear_regression,3,USM2_pose_global_pause_fraction,7.067080206937209,7.067080206937209
linear_regression,3,USM3_pose_global_active,-6.644100013235474,6.644100013235474
linear_regression,3,USM3_pose_global_workspace_box_volume_m3,-6.615957984527261,6.615957984527261
linear_regression,3,USM0_pose_global_economy_area_xz,6.218419006573987,6.218419006573987
linear_regression,3,USM0_pose_global_y_range_m,6.003185357360778,6.003185357360778
linear_regression,3,USM3_pose_global_economy_area_xy,-5.9654454347903805,5.9654454347903805
linear_regression,3,USM3_pose_global_mean_speed_l2,5.905219921570268,5.905219921570268
linear_regression,3,USM3_pose_global_rotation_orthogonality_error_max,5.468555164672283,5.468555164672283
linear_regression,3,USM2_pose_global_x_range_m,5.335338132533142,5.335338132533142
linear_regression,3,USM3_pose_global_x_range_m,5.248765660070116,5.248765660070116
linear_regression,3,USM0_pose_global_mean_abs_angular_acceleration_rad_s2,5.212918712950757,5.212918712950757
linear_regression,3,camera_moving_fraction,-5.199699268067487,5.199699268067487
linear_regression,3,USM3_pose_global_mean_acceleration_l2,-5.152972900525708,5.152972900525708
linear_regression,3,USM2_pose_global_z_range_m,-5.095550258375415,5.095550258375415
linear_regression,3,USM3_pose_global_economy_volume,4.570881744855424,4.570881744855424
linear_regression,3,USM3_pose_global_pause_duration_seconds,4.555355662238459,4.555355662238459
linear_regression,3,USM0_pose_global_pause_fraction,-4.420390637562096,4.420390637562096
linear_regression,3,USM3_pose_global_max_angular_speed_rad_s,-4.227379611491907,4.227379611491907
linear_regression,3,USM3_pose_global_mean_angular_speed_rad_s,4.164516929662121,4.164516929662121
linear_regression,3,USM3_pose_global_economy_area_xz,-4.129336184502086,4.129336184502086
linear_regression,3,USM0_pose_global_log_dimensionless_jerk,4.122480467579006,4.122480467579006
linear_regression,3,USM2_USM3_pose_global_std_distance_rel,-3.934906218020817,3.934906218020817
linear_regression,3,USM2_pose_global_rotation_orthogonality_error_max,3.919023897055774,3.919023897055774
linear_regression,3,USM0_pose_global_rotation_orthogonality_error_mean,-3.8538474982254907,3.8538474982254907
linear_regression,3,USM2_pose_global_max_angular_speed_rad_s,3.8356827455479263,3.8356827455479263
linear_regression,3,USM3_pose_global_movement_economy,3.7161757406244096,3.7161757406244096
linear_regression,3,camera_log_dimensionless_jerk,-3.697118785690157,3.697118785690157
linear_regression,3,USM2_USM3_pose_global_path_length_imbalance,-3.678745756969886,3.678745756969886
linear_regression,3,USM2_pose_global_mean_abs_angular_acceleration_rad_s2,-3.6637604715194914,3.6637604715194914
linear_regression,3,USM0_pose_global_net_displacement_l2,-3.6169901577943593,3.6169901577943593
linear_regression,3,USM0_USM3_pose_global_distance_range_rel,-3.613175479138398,3.613175479138398
linear_regression,3,USM2_pose_global_dimensionless_jerk,-3.5526880680706947,3.5526880680706947
linear_regression,3,USM2_pose_global_idle_fraction_relative,3.5478530998666686,3.5478530998666686
linear_regression,3,USM3_pose_global_economy_area_yz,-3.41594197555386,3.41594197555386
linear_regression,3,USM0_USM3_pose_global_mean_abs_relative_speed,3.244348435948286,3.244348435948286
linear_regression,3,USM3_pose_global_idle_fraction_relative,-3.229957451142486,3.229957451142486
linear_regression,3,active_psm_count,3.183243653832331,3.183243653832331
linear_regression,3,USM0_pose_global_economy_area_xy,-3.1456468715425916,3.1456468715425916
linear_regression,3,USM0_USM3_pose_global_mean_distance_rel,-3.0175704849387888,3.0175704849387888
linear_regression,3,camera_move_count,-2.925747017501074,2.925747017501074
linear_regression,3,camera_to_USM0_mean_distance_m,2.882229353705805,2.882229353705805
linear_regression,3,camera_to_all_tools_mean_distance_m,2.871315972671863,2.871315972671863
linear_regression,3,camera_to_USM0_std_distance_m,2.7618085096195664,2.7618085096195664
linear_regression,3,USM0_pose_global_mean_angular_speed_rad_s,-2.6348125550871506,2.6348125550871506
linear_regression,3,USM2_pose_global_rotation_orthogonality_error_mean,-2.4382068302603335,2.4382068302603335
linear_regression,3,USM3_pose_global_rotation_determinant_mean,2.422165966089352,2.422165966089352
linear_regression,3,USM2_pose_global_y_range_m,2.389088986658737,2.389088986658737
linear_regression,3,USM0_USM3_pose_global_std_distance_rel,2.3135894659490024,2.3135894659490024
linear_regression,3,USM2_pose_global_max_abs_angular_acceleration_rad_s2,-2.263113565831032,2.263113565831032
linear_regression,3,USM0_pose_global_rotation_determinant_mean,-2.250648025856486,2.250648025856486
linear_regression,3,USM0_USM2_pose_global_std_distance_rel,2.199622237065163,2.199622237065163
linear_regression,3,USM0_pose_global_idle_threshold_relative,-2.0632601779211406,2.0632601779211406
linear_regression,3,USM2_USM3_pose_global_mean_distance_rel,-2.0429462946734587,2.0429462946734587
linear_regression,3,USM0_USM3_pose_global_speed_correlation,-1.9644829255414709,1.9644829255414709
linear_regression,3,USM3_pose_global_max_abs_angular_acceleration_rad_s2,1.9420562207572964,1.9420562207572964
linear_regression,3,USM0_pose_global_economy_area_yz,-1.9044281012910944,1.9044281012910944
linear_regression,3,USM3_pose_global_max_acceleration_l2,-1.9025524436705756,1.9025524436705756
linear_regression,3,USM3_pose_global_net_displacement_l2,-1.7651792838732003,1.7651792838732003
linear_regression,3,USM0_pose_global_z_range_m,-1.7628932037132792,1.7628932037132792
linear_regression,3,USM2_USM3_pose_global_distance_range_rel,1.624513304761237,1.624513304761237
linear_regression,3,USM2_pose_global_log_dimensionless_jerk,-1.6112921448661761,1.6112921448661761
linear_regression,3,USM0_pose_global_max_abs_angular_acceleration_rad_s2,-1.6109290225208848,1.6109290225208848
linear_regression,3,USM3_pose_global_jerk_cost,1.5080451320780854,1.5080451320780854
linear_regression,3,camera_to_USM0_max_distance_m,-1.4873755930533448,1.4873755930533448
linear_regression,3,USM0_pose_global_n_samples,-1.4549799359473514,1.4549799359473514
linear_regression,3,USM3_pose_global_z_range_m,1.4085662760385764,1.4085662760385764
linear_regression,3,USM3_pose_global_rotation_orthogonality_error_mean,-1.3720778496191333,1.3720778496191333
linear_regression,3,USM2_pose_global_pause_count,1.2691564625493306,1.2691564625493306
linear_regression,3,camera_pause_fraction,-1.1876147131910013,1.1876147131910013
linear_regression,3,USM2_pose_global_rotation_determinant_mean,1.172877969903789,1.172877969903789
linear_regression,3,USM3_pose_global_log_dimensionless_jerk,1.0914404969299802,1.0914404969299802
linear_regression,3,camera_max_angular_speed_rad_s,-1.0803592114734024,1.0803592114734024
linear_regression,3,USM3_pose_global_pause_fraction,-1.0778927409055141,1.0778927409055141
linear_regression,3,USM0_pose_global_rms_speed_l2,1.0117289844446058,1.0117289844446058
linear_regression,3,USM2_USM3_pose_global_one_arm_only_active_fraction,-1.0084572753662515,1.0084572753662515
linear_regression,3,USM0_pose_global_max_angular_speed_rad_s,0.9953307534880094,0.9953307534880094
linear_regression,3,USM3_pose_global_rotation_determinant_std,-0.9596903936762002,0.9596903936762002
linear_regression,3,camera_to_USM3_std_distance_m,0.9515006391372998,0.9515006391372998
linear_regression,3,USM0_pose_global_median_dt_seconds,-0.9399827575317572,0.9399827575317572
linear_regression,3,USM3_pose_global_y_range_m,0.9033333753326449,0.9033333753326449
linear_regression,3,camera_pause_duration_seconds,0.8787491455905183,0.8787491455905183
linear_regression,3,USM0_pose_global_economy_volume,0.8667781351409668,0.8667781351409668
linear_regression,3,USM0_pose_global_rotation_orthogonality_error_max,0.8523721083783422,0.8523721083783422
linear_regression,3,USM2_pose_global_rotation_path_radians,0.6626084530179952,0.6626084530179952
linear_regression,3,USM0_pose_global_pause_count,-0.5997259647542734,0.5997259647542734
linear_regression,3,camera_max_speed_m_s,-0.592305564478373,0.592305564478373
linear_regression,3,camera_mean_angular_speed_rad_s,-0.5653443253426262,0.5653443253426262
linear_regression,3,USM3_pose_global_dimensionless_jerk,-0.4670089089229994,0.4670089089229994
linear_regression,3,USM0_USM3_pose_global_one_arm_only_active_fraction,0.4530389167506943,0.4530389167506943
linear_regression,3,USM2_pose_global_mean_angular_speed_rad_s,0.4088071112251388,0.4088071112251388
linear_regression,3,USM2_USM3_pose_global_speed_correlation,0.4001228327454598,0.4001228327454598
linear_regression,3,USM0_pose_global_pause_duration_seconds,0.3944494322955925,0.3944494322955925
linear_regression,3,USM3_pose_global_pause_count,-0.3870181098353571,0.3870181098353571
linear_regression,3,camera_pause_count,-0.31142030041118574,0.31142030041118574
linear_regression,3,USM2_pose_global_rotation_determinant_std,-0.3094402199357873,0.3094402199357873
linear_regression,3,USM2_pose_global_movement_economy,-0.3035078599378851,0.3035078599378851
linear_regression,3,USM0_pose_global_rotation_path_radians,0.27244556888111937,0.27244556888111937
linear_regression,3,USM2_pose_global_idle_threshold_relative,0.2626469785241152,0.2626469785241152
linear_regression,3,USM3_pose_global_max_speed_l2,-0.20264414169112,0.20264414169112
linear_regression,3,camera_mean_speed_m_s,-0.20194348789493688,0.20194348789493688
linear_regression,3,USM0_pose_global_movement_economy,-0.1787307918194354,0.1787307918194354
linear_regression,3,USM0_pose_global_rotation_determinant_std,-0.15629217406624618,0.15629217406624618
linear_regression,3,USM3_pose_global_max_jerk_l2,0.11724053946562041,0.11724053946562041
linear_regression,3,USM0_USM2_pose_global_alignment_coverage,-0.11498999488025063,0.11498999488025063
linear_regression,3,camera_rotation_path_radians,-0.09087568307340099,0.09087568307340099
linear_regression,3,USM0_pose_global_max_gap_seconds,0.02548844256261995,0.02548844256261995
linear_regression,4,active_pair_simultaneous_active_fraction,-118.2657910336706,118.2657910336706
linear_regression,4,USM0_USM2_pose_global_simultaneous_active_fraction,92.88307715644545,92.88307715644545
linear_regression,4,active_pair_path_length_imbalance,-86.98227381016501,86.98227381016501
linear_regression,4,USM0_USM2_pose_global_path_length_imbalance,85.43583744248957,85.43583744248957
linear_regression,4,USM0_pose_global_active,82.7274442174696,82.7274442174696
linear_regression,4,USM0_pose_global_dimensionless_jerk,74.94894364021798,74.94894364021798
linear_regression,4,USM0_USM2_pose_global_speed_correlation,-60.36359561344519,60.36359561344519
linear_regression,4,active_pair_path_length_b_rel,56.701186084240526,56.701186084240526
linear_regression,4,active_pair_usm_b,-56.439875031291066,56.439875031291066
linear_regression,4,USM0_USM2_pose_global_both_idle_fraction,-55.85656220473645,55.85656220473645
linear_regression,4,active_pair_speed_correlation,52.998522737423265,52.998522737423265
linear_regression,4,USM2_pose_global_path_l2,-42.64466167312482,42.64466167312482
linear_regression,4,camera_to_all_tools_mean_distance_m,-40.94312710832725,40.94312710832725
linear_regression,4,USM2_pose_global_economy_volume,-39.69304795774298,39.69304795774298
linear_regression,4,all_psm_pose_global_path_total_m,-36.01577660233619,36.01577660233619
linear_regression,4,USM0_pose_global_economy_area_xz,35.92992838798337,35.92992838798337
linear_regression,4,USM3_pose_global_rotation_path_radians,-33.041446740741605,33.041446740741605
linear_regression,4,USM2_USM3_pose_global_mean_distance_rel,32.16657318631064,32.16657318631064
linear_regression,4,active_pair_usm_a,28.308804018455017,28.308804018455017
linear_regression,4,USM2_pose_global_economy_area_xy,22.642234771966457,22.642234771966457
linear_regression,4,active_pair_one_arm_only_active_fraction,-21.327460168488486,21.327460168488486
linear_regression,4,USM0_USM3_pose_global_mean_distance_rel,-19.103649448973123,19.103649448973123
linear_regression,4,USM2_USM3_pose_global_mean_abs_relative_speed,17.364003391876633,17.364003391876633
linear_regression,4,USM0_USM2_pose_global_one_arm_only_active_fraction,-16.644862277646983,16.644862277646983
linear_regression,4,USM0_pose_global_mean_speed_l2,15.355483993317277,15.355483993317277
linear_regression,4,USM2_USM3_pose_global_simultaneous_active_fraction,14.865235993848888,14.865235993848888
linear_regression,4,USM0_pose_global_economy_area_xy,-14.719200077387415,14.719200077387415
linear_regression,4,USM3_pose_global_mean_angular_speed_rad_s,14.583467228371548,14.583467228371548
linear_regression,4,USM2_USM3_pose_global_both_idle_fraction,-13.693498437762134,13.693498437762134
linear_regression,4,camera_to_USM0_max_distance_m,13.630598532449813,13.630598532449813
linear_regression,4,USM0_pose_global_y_range_m,13.448322341443832,13.448322341443832
linear_regression,4,USM2_pose_global_mean_acceleration_l2,-12.925872151803844,12.925872151803844
linear_regression,4,USM0_pose_global_rms_speed_l2,-12.702646774111821,12.702646774111821
linear_regression,4,USM2_pose_global_idle_fraction_relative,12.676071768955243,12.676071768955243
linear_regression,4,camera_moving_duration_s,12.638216591299775,12.638216591299775
linear_regression,4,camera_to_USM3_max_distance_m,12.481198472980186,12.481198472980186
linear_regression,4,camera_mean_speed_m_s,11.988553236960046,11.988553236960046
linear_regression,4,USM2_pose_global_mean_speed_l2,-11.982873928264656,11.982873928264656
linear_regression,4,USM0_USM3_pose_global_simultaneous_active_fraction,-11.96187756366804,11.96187756366804
linear_regression,4,camera_moving_fraction,-10.898032593482396,10.898032593482396
linear_regression,4,USM2_pose_global_economy_area_yz,10.742580469410857,10.742580469410857
linear_regression,4,USM0_USM3_pose_global_both_idle_fraction,10.558969767878363,10.558969767878363
linear_regression,4,USM2_pose_global_y_range_m,-10.50008566501645,10.50008566501645
linear_regression,4,USM0_USM3_pose_global_mean_abs_relative_speed,-10.414710152807938,10.414710152807938
linear_regression,4,camera_to_USM0_mean_distance_m,9.968799521803145,9.968799521803145
linear_regression,4,USM0_pose_global_raw_path_l2,9.965607340665894,9.965607340665894
linear_regression,4,USM0_pose_global_mean_acceleration_l2,9.489956016942521,9.489956016942521
linear_regression,4,USM0_pose_global_z_range_m,-9.351671937094316,9.351671937094316
linear_regression,4,USM3_pose_global_active,-9.306812696919856,9.306812696919856
linear_regression,4,USM0_pose_global_max_speed_l2,9.21292359978556,9.21292359978556
linear_regression,4,USM2_pose_global_economy_area_xz,8.90410693884078,8.90410693884078
linear_regression,4,USM0_pose_global_idle_fraction_relative,8.642873433112653,8.642873433112653
linear_regression,4,active_psm_count,7.899230803725642,7.899230803725642
linear_regression,4,USM3_pose_global_raw_path_l2,7.876621145751935,7.876621145751935
linear_regression,4,USM0_pose_global_economy_volume,-7.764170263585986,7.764170263585986
linear_regression,4,USM3_pose_global_pause_fraction,-7.653996823309077,7.653996823309077
linear_regression,4,USM2_pose_global_pause_fraction,7.2966117572663025,7.2966117572663025
linear_regression,4,USM0_pose_global_pause_fraction,-7.2617465291662135,7.2617465291662135
linear_regression,4,USM0_pose_global_net_displacement_l2,-6.886456886536815,6.886456886536815
linear_regression,4,USM3_pose_global_jerk_cost,6.5490880069707424,6.5490880069707424
linear_regression,4,USM2_pose_global_dimensionless_jerk,-6.126721547440697,6.126721547440697
linear_regression,4,USM0_pose_global_pause_duration_seconds,-6.063552555392757,6.063552555392757
linear_regression,4,USM3_pose_global_idle_fraction_relative,5.970361998504039,5.970361998504039
linear_regression,4,USM0_pose_global_economy_area_yz,-5.888998706448486,5.888998706448486
linear_regression,4,camera_log_dimensionless_jerk,5.726366812647711,5.726366812647711
linear_regression,4,camera_path_length_m,-5.703458559930577,5.703458559930577
linear_regression,4,USM0_pose_global_log_dimensionless_jerk,-5.4348597824958995,5.4348597824958995
linear_regression,4,USM3_pose_global_pause_duration_seconds,5.0201890726329275,5.0201890726329275
linear_regression,4,USM3_pose_global_max_angular_speed_rad_s,4.292668919719766,4.292668919719766
linear_regression,4,USM2_pose_global_z_range_m,4.256915173704542,4.256915173704542
linear_regression,4,USM3_pose_global_rms_speed_l2,-4.126992173196069,4.126992173196069
linear_regression,4,USM0_pose_global_mean_abs_angular_acceleration_rad_s2,4.018004563396581,4.018004563396581
linear_regression,4,USM0_pose_global_idle_threshold_relative,-4.017818246420194,4.017818246420194
linear_regression,4,camera_to_USM3_mean_distance_m,3.943053773383636,3.943053773383636
linear_regression,4,USM0_USM3_pose_global_distance_range_rel,-3.9224391107732846,3.9224391107732846
linear_regression,4,USM2_pose_global_mean_angular_speed_rad_s,3.6864833888688473,3.6864833888688473
linear_regression,4,USM2_pose_global_mean_abs_angular_acceleration_rad_s2,-3.5405943432430194,3.5405943432430194
linear_regression,4,USM2_USM3_pose_global_std_distance_rel,-3.5269650245958974,3.5269650245958974
linear_regression,4,USM2_pose_global_net_displacement_l2,3.4674279037742224,3.4674279037742224
linear_regression,4,USM2_USM3_pose_global_distance_range_rel,3.4673971884916837,3.4673971884916837
linear_regression,4,USM3_pose_global_max_abs_angular_acceleration_rad_s2,-3.4379427998682255,3.4379427998682255
linear_regression,4,USM0_pose_global_max_angular_speed_rad_s,3.4193483980578296,3.4193483980578296
linear_regression,4,USM2_pose_global_pause_count,3.3380892732195386,3.3380892732195386
linear_regression,4,USM3_pose_global_x_range_m,3.286282830525151,3.286282830525151
linear_regression,4,USM0_USM2_pose_global_std_distance_rel,-3.2595356909292708,3.2595356909292708
linear_regression,4,USM0_USM3_pose_global_one_arm_only_active_fraction,-3.210089793750847,3.210089793750847
linear_regression,4,USM0_pose_global_x_range_m,-3.099272090153703,3.099272090153703
linear_regression,4,USM0_pose_global_max_abs_angular_acceleration_rad_s2,-3.0813879585029342,3.0813879585029342
linear_regression,4,USM2_pose_global_log_dimensionless_jerk,2.930943159570174,2.930943159570174
linear_regression,4,USM2_pose_global_movement_economy,2.8756361728007978,2.8756361728007978
linear_regression,4,camera_max_speed_m_s,2.8707459609019637,2.8707459609019637
linear_regression,4,USM2_pose_global_raw_path_l2,2.8681746667235153,2.8681746667235153
linear_regression,4,USM3_pose_global_rotation_orthogonality_error_max,2.827150168699984,2.827150168699984
linear_regression,4,USM3_pose_global_idle_threshold_relative,-2.8044834224047452,2.8044834224047452
linear_regression,4,USM2_pose_global_rotation_orthogonality_error_mean,-2.5973558812228923,2.5973558812228923
linear_regression,4,camera_to_USM3_std_distance_m,2.580244286968381,2.580244286968381
linear_regression,4,USM0_pose_global_rotation_determinant_mean,-2.428566637788075,2.428566637788075
linear_regression,4,USM2_pose_global_rotation_path_radians,-2.3432649407636426,2.3432649407636426
linear_regression,4,USM0_pose_global_movement_economy,-2.2913128371653637,2.2913128371653637
linear_regression,4,USM0_pose_global_rotation_orthogonality_error_mean,-2.2876944461044704,2.2876944461044704
linear_regression,4,camera_max_angular_speed_rad_s,-2.1298509800407643,2.1298509800407643
linear_regression,4,USM3_pose_global_economy_area_xy,-1.8819188935579299,1.8819188935579299
linear_regression,4,USM2_USM3_pose_global_speed_correlation,1.8052877803233025,1.8052877803233025
linear_regression,4,USM0_USM2_pose_global_mean_abs_relative_speed,1.7804470286339207,1.7804470286339207
linear_regression,4,camera_to_USM2_std_distance_m,-1.766760875293528,1.766760875293528
linear_regression,4,USM2_pose_global_pause_duration_seconds,-1.650778345712907,1.650778345712907
linear_regression,4,USM3_pose_global_movement_economy,1.53082353356662,1.53082353356662
linear_regression,4,USM2_USM3_pose_global_one_arm_only_active_fraction,1.508648089072513,1.508648089072513
linear_regression,4,USM2_pose_global_rotation_orthogonality_error_max,1.5003207023220546,1.5003207023220546
linear_regression,4,USM3_pose_global_log_dimensionless_jerk,1.4894694372434802,1.4894694372434802
linear_regression,4,USM0_pose_global_pause_count,-1.482608965601087,1.482608965601087
linear_regression,4,camera_to_USM0_std_distance_m,1.445192348790961,1.445192348790961
linear_regression,4,USM3_pose_global_rotation_determinant_mean,1.4333407312804791,1.4333407312804791
linear_regression,4,USM0_pose_global_rotation_path_radians,1.371648037052677,1.371648037052677
linear_regression,4,USM2_pose_global_rotation_determinant_mean,-1.311598928524064,1.311598928524064
linear_regression,4,USM3_pose_global_economy_area_yz,1.306751941519634,1.306751941519634
linear_regression,4,USM3_pose_global_net_displacement_l2,-1.2436900924087233,1.2436900924087233
linear_regression,4,USM0_USM3_pose_global_path_length_imbalance,1.1655323753638829,1.1655323753638829
linear_regression,4,USM3_pose_global_max_speed_l2,1.1307066112634088,1.1307066112634088
linear_regression,4,USM2_pose_global_rotation_determinant_std,-1.11948805051051,1.11948805051051
linear_regression,4,USM2_pose_global_max_abs_angular_acceleration_rad_s2,0.9936999497790282,0.9936999497790282
linear_regression,4,USM2_USM3_pose_global_path_length_imbalance,-0.964570698877302,0.964570698877302
linear_regression,4,USM0_pose_global_mean_angular_speed_rad_s,-0.9628341474667668,0.9628341474667668
linear_regression,4,USM3_pose_global_economy_volume,-0.9409018373342022,0.9409018373342022
linear_regression,4,USM2_pose_global_max_angular_speed_rad_s,-0.9066716909069266,0.9066716909069266
linear_regression,4,USM3_pose_global_max_jerk_l2,0.8880758988462225,0.8880758988462225
linear_regression,4,USM0_USM3_pose_global_speed_correlation,-0.8864273458871383,0.8864273458871383
linear_regression,4,USM2_pose_global_idle_threshold_relative,0.8778308174493361,0.8778308174493361
linear_regression,4,USM3_pose_global_economy_area_xz,0.7381442347735518,0.7381442347735518
linear_regression,4,USM3_pose_global_max_acceleration_l2,-0.6048199905257343,0.6048199905257343
linear_regression,4,camera_pause_count,0.6024744335300039,0.6024744335300039
linear_regression,4,camera_move_count,0.6005931117477941,0.6005931117477941
linear_regression,4,USM3_pose_global_rotation_orthogonality_error_mean,-0.5935959512443212,0.5935959512443212
linear_regression,4,USM0_pose_global_median_dt_seconds,-0.5487972553799416,0.5487972553799416
linear_regression,4,camera_mean_angular_speed_rad_s,-0.5256160030631634,0.5256160030631634
linear_regression,4,USM0_USM3_pose_global_std_distance_rel,-0.5127817749118488,0.5127817749118488
linear_regression,4,USM0_pose_global_rotation_orthogonality_error_max,0.48390320160917305,0.48390320160917305
linear_regression,4,USM0_USM2_pose_global_alignment_coverage,0.426059816313602,0.426059816313602
linear_regression,4,USM0_pose_global_n_samples,-0.41773407227567716,0.41773407227567716
linear_regression,4,camera_rotation_path_radians,0.39200685310915695,0.39200685310915695
linear_regression,4,USM3_pose_global_workspace_box_volume_m3,0.3777997336170582,0.3777997336170582
linear_regression,4,USM3_pose_global_dimensionless_jerk,-0.37325715243886215,0.37325715243886215
linear_regression,4,USM0_pose_global_rotation_determinant_std,-0.3673686801281034,0.3673686801281034
linear_regression,4,USM2_pose_global_x_range_m,-0.3347881646946842,0.3347881646946842
linear_regression,4,USM3_pose_global_mean_speed_l2,-0.2637272004424478,0.2637272004424478
linear_regression,4,camera_pause_fraction,-0.25666615647996593,0.25666615647996593
linear_regression,4,USM0_pose_global_max_gap_seconds,0.2545774961819979,0.2545774961819979
linear_regression,4,camera_pause_duration_seconds,0.25366599991549776,0.25366599991549776
linear_regression,4,USM3_pose_global_z_range_m,-0.23001895720525534,0.23001895720525534
linear_regression,4,USM3_pose_global_y_range_m,0.11128752279435083,0.11128752279435083
linear_regression,4,USM3_pose_global_pause_count,-0.06598706983045544,0.06598706983045544
linear_regression,4,USM3_pose_global_rotation_determinant_std,0.026255720893971102,0.026255720893971102
linear_regression,5,USM0_USM2_pose_global_mean_abs_relative_speed,77.18885879730844,77.18885879730844
linear_regression,5,active_pair_mean_abs_relative_speed,-74.9183373129441,74.9183373129441
linear_regression,5,active_pair_both_idle_fraction,-47.796255496622756,47.796255496622756
linear_regression,5,USM3_pose_global_mean_angular_speed_rad_s,-40.29164654079356,40.29164654079356
linear_regression,5,active_pair_simultaneous_active_fraction,40.1083647473593,40.1083647473593
linear_regression,5,USM3_pose_global_mean_speed_l2,-37.55285148237229,37.55285148237229
linear_regression,5,USM3_pose_global_mean_acceleration_l2,36.650784394200244,36.650784394200244
linear_regression,5,USM2_USM3_pose_global_mean_distance_rel,-34.17264458281362,34.17264458281362
linear_regression,5,camera_to_all_tools_mean_distance_m,34.10366291523131,34.10366291523131
linear_regression,5,USM0_pose_global_economy_volume,33.3652211431516,33.3652211431516
linear_regression,5,USM0_USM2_pose_global_speed_correlation,31.427674545824452,31.427674545824452
linear_regression,5,USM0_USM2_pose_global_both_idle_fraction,29.06905539547875,29.06905539547875
linear_regression,5,USM0_pose_global_rms_speed_l2,27.42398007515896,27.42398007515896
linear_regression,5,USM0_pose_global_idle_fraction_relative,26.8695111616366,26.8695111616366
linear_regression,5,active_pair_speed_correlation,-25.237392224469808,25.237392224469808
linear_regression,5,camera_to_USM0_mean_distance_m,-24.732464028452245,24.732464028452245
linear_regression,5,all_psm_pose_global_path_total_m,24.307895717758758,24.307895717758758
linear_regression,5,USM0_pose_global_economy_area_xy,-23.3354783148453,23.3354783148453
linear_regression,5,active_pair_path_length_b_rel,-23.098069690242824,23.098069690242824
linear_regression,5,USM0_USM2_pose_global_path_length_imbalance,-22.603455684936588,22.603455684936588
linear_regression,5,active_pair_usm_b,22.368387119947545,22.368387119947545
linear_regression,5,USM2_pose_global_idle_fraction_relative,21.976518111352267,21.976518111352267
linear_regression,5,active_pair_one_arm_only_active_fraction,21.11837019965993,21.11837019965993
linear_regression,5,USM2_pose_global_mean_speed_l2,20.494535767145223,20.494535767145223
linear_regression,5,USM3_pose_global_rotation_path_radians,20.33709440275944,20.33709440275944
linear_regression,5,USM0_pose_global_mean_speed_l2,-20.289619494510458,20.289619494510458
linear_regression,5,USM3_pose_global_mean_abs_angular_acceleration_rad_s2,18.66484098189723,18.66484098189723
linear_regression,5,USM0_USM2_pose_global_one_arm_only_active_fraction,-17.744665813788853,17.744665813788853
linear_regression,5,active_pair_path_length_imbalance,17.472536791127006,17.472536791127006
linear_regression,5,USM0_USM2_pose_global_simultaneous_active_fraction,-17.41771876614373,17.41771876614373
linear_regression,5,USM3_pose_global_idle_threshold_relative,17.3851326780902,17.3851326780902
linear_regression,5,USM3_pose_global_raw_path_l2,-16.94762678607805,16.94762678607805
linear_regression,5,USM2_pose_global_raw_path_l2,16.82680259352125,16.82680259352125
linear_regression,5,USM2_pose_global_path_l2,-16.415867902876226,16.415867902876226
linear_regression,5,USM0_pose_global_dimensionless_jerk,16.215278455450814,16.215278455450814
linear_regression,5,USM2_pose_global_mean_acceleration_l2,-15.98868643919964,15.98868643919964
linear_regression,5,USM3_pose_global_max_abs_angular_acceleration_rad_s2,-15.886952126487532,15.886952126487532
linear_regression,5,USM2_pose_global_economy_area_xy,14.393166603179022,14.393166603179022
linear_regression,5,USM0_pose_global_mean_acceleration_l2,13.209493648191852,13.209493648191852
linear_regression,5,USM0_pose_global_z_range_m,-11.605542870345595,11.605542870345595
linear_regression,5,USM2_pose_global_economy_volume,-11.543235092772807,11.543235092772807
linear_regression,5,camera_to_USM3_max_distance_m,11.371236323715637,11.371236323715637
linear_regression,5,USM0_pose_global_active,11.361374941194029,11.361374941194029
linear_regression,5,USM2_pose_global_z_range_m,10.467592432225226,10.467592432225226
linear_regression,5,camera_to_USM0_max_distance_m,10.459459146502931,10.459459146502931
linear_regression,5,USM0_pose_global_pause_duration_seconds,10.377284623523812,10.377284623523812
linear_regression,5,camera_to_USM2_std_distance_m,-10.228960935906136,10.228960935906136
linear_regression,5,USM0_pose_global_economy_area_yz,-9.725246107865376,9.725246107865376
linear_regression,5,camera_to_USM3_mean_distance_m,-9.542964713973246,9.542964713973246
linear_regression,5,USM0_pose_global_pause_fraction,-9.347583478353219,9.347583478353219
linear_regression,5,USM2_pose_global_pause_duration_seconds,-9.326174252800762,9.326174252800762
linear_regression,5,USM3_pose_global_max_angular_speed_rad_s,9.142851869471091,9.142851869471091
linear_regression,5,USM2_pose_global_log_dimensionless_jerk,8.460878984123674,8.460878984123674
linear_regression,5,USM0_pose_global_net_displacement_l2,-6.887111061475311,6.887111061475311
linear_regression,5,USM3_pose_global_rotation_orthogonality_error_max,5.759806746192046,5.759806746192046
linear_regression,5,camera_moving_duration_s,5.366836659053941,5.366836659053941
linear_regression,5,camera_to_USM0_std_distance_m,5.096853336681978,5.096853336681978
linear_regression,5,camera_to_USM3_std_distance_m,5.0218450981394405,5.0218450981394405
linear_regression,5,USM0_pose_global_log_dimensionless_jerk,-4.997034795815818,4.997034795815818
linear_regression,5,USM0_USM3_pose_global_path_length_imbalance,4.944079956128753,4.944079956128753
linear_regression,5,USM3_pose_global_economy_area_xy,-4.797077744535144,4.797077744535144
linear_regression,5,USM2_pose_global_pause_fraction,4.723425533815737,4.723425533815737
linear_regression,5,USM0_USM3_pose_global_mean_distance_rel,4.379178310195437,4.379178310195437
linear_regression,5,camera_mean_speed_m_s,4.19456078269984,4.19456078269984
linear_regression,5,USM3_pose_global_idle_fraction_relative,-4.185460123562017,4.185460123562017
linear_regression,5,USM3_pose_global_y_range_m,4.080302855119436,4.080302855119436
linear_regression,5,USM3_pose_global_pause_duration_seconds,3.996680509370617,3.996680509370617
linear_regression,5,USM3_pose_global_z_range_m,3.9804675455849496,3.9804675455849496
linear_regression,5,USM2_pose_global_economy_area_xz,-3.6510187122856115,3.6510187122856115
linear_regression,5,USM2_USM3_pose_global_mean_abs_relative_speed,-3.4012130987956124,3.4012130987956124
linear_regression,5,USM3_pose_global_rotation_orthogonality_error_mean,-3.3853788751514724,3.3853788751514724
linear_regression,5,USM3_pose_global_workspace_box_volume_m3,-3.3818537177824384,3.3818537177824384
linear_regression,5,camera_path_length_m,-3.3462592383662964,3.3462592383662964
linear_regression,5,USM0_pose_global_pause_count,-3.3186029526177068,3.3186029526177068
linear_regression,5,USM3_pose_global_max_speed_l2,3.2866660380537045,3.2866660380537045
linear_regression,5,USM3_pose_global_jerk_cost,-3.272427931148254,3.272427931148254
linear_regression,5,USM0_USM3_pose_global_simultaneous_active_fraction,-3.1939765331067136,3.1939765331067136
linear_regression,5,USM0_USM2_pose_global_std_distance_rel,3.0349556200355448,3.0349556200355448
linear_regression,5,USM3_pose_global_movement_economy,3.034196067888348,3.034196067888348
linear_regression,5,USM0_USM3_pose_global_both_idle_fraction,3.0265317377373515,3.0265317377373515
linear_regression,5,USM0_pose_global_idle_threshold_relative,-2.9955686265958117,2.9955686265958117
linear_regression,5,USM3_pose_global_economy_volume,2.993982540375404,2.993982540375404
linear_regression,5,USM3_pose_global_net_displacement_l2,-2.9703106051891517,2.9703106051891517
linear_regression,5,USM3_pose_global_economy_area_yz,-2.897783987744015,2.897783987744015
linear_regression,5,USM2_pose_global_pause_count,2.8836978793577597,2.8836978793577597
linear_regression,5,USM2_USM3_pose_global_simultaneous_active_fraction,2.8761779055706738,2.8761779055706738
linear_regression,5,camera_max_angular_speed_rad_s,-2.8205382079003414,2.8205382079003414
linear_regression,5,USM2_USM3_pose_global_both_idle_fraction,-2.75211349806339,2.75211349806339
linear_regression,5,USM0_pose_global_y_range_m,2.6888986178707515,2.6888986178707515
linear_regression,5,USM2_USM3_pose_global_path_length_imbalance,-2.640531677998254,2.640531677998254
linear_regression,5,USM0_pose_global_x_range_m,2.5972557129165277,2.5972557129165277
linear_regression,5,USM2_pose_global_mean_angular_speed_rad_s,2.4405410506801903,2.4405410506801903
linear_regression,5,USM2_pose_global_net_displacement_l2,2.392833634745851,2.392833634745851
linear_regression,5,USM0_pose_global_rotation_path_radians,2.2667411480635855,2.2667411480635855
linear_regression,5,USM3_pose_global_rotation_determinant_mean,2.2511563984910765,2.2511563984910765
linear_regression,5,USM0_pose_global_n_samples,-2.207205755488262,2.207205755488262
linear_regression,5,USM2_pose_global_rotation_path_radians,-2.181778408376649,2.181778408376649
linear_regression,5,USM2_pose_global_mean_abs_angular_acceleration_rad_s2,-2.153135446649661,2.153135446649661
linear_regression,5,USM3_pose_global_active,-2.111471571350898,2.111471571350898
linear_regression,5,USM0_USM3_pose_global_std_distance_rel,-2.0840064465226664,2.0840064465226664
linear_regression,5,USM3_pose_global_x_range_m,1.957432953722659,1.957432953722659
linear_regression,5,USM2_pose_global_rotation_determinant_mean,-1.9452671391285712,1.9452671391285712
linear_regression,5,camera_rotation_path_radians,1.8926504712312457,1.8926504712312457
linear_regression,5,USM0_USM3_pose_global_mean_abs_relative_speed,-1.8722307507604112,1.8722307507604112
linear_regression,5,USM2_pose_global_max_angular_speed_rad_s,1.856467420183435,1.856467420183435
linear_regression,5,active_pair_usm_a,-1.7841045297859992,1.7841045297859992
linear_regression,5,USM2_USM3_pose_global_std_distance_rel,-1.5796698278899424,1.5796698278899424
linear_regression,5,USM3_pose_global_max_jerk_l2,-1.553270252744742,1.553270252744742
linear_regression,5,USM2_pose_global_rotation_orthogonality_error_max,-1.4545537310943826,1.4545537310943826
linear_regression,5,camera_max_speed_m_s,1.399311888625412,1.399311888625412
linear_regression,5,USM2_pose_global_idle_threshold_relative,1.3880914994441715,1.3880914994441715
linear_regression,5,camera_moving_fraction,-1.3272558721152978,1.3272558721152978
linear_regression,5,USM0_pose_global_rotation_orthogonality_error_max,1.3019273763327204,1.3019273763327204
linear_regression,5,USM2_pose_global_max_abs_angular_acceleration_rad_s2,-1.2768102840245152,1.2768102840245152
linear_regression,5,camera_mean_angular_speed_rad_s,-1.264765143379229,1.264765143379229
linear_regression,5,USM0_USM3_pose_global_distance_range_rel,-1.1928234560082105,1.1928234560082105
linear_regression,5,USM2_pose_global_dimensionless_jerk,-1.1394530054530692,1.1394530054530692
linear_regression,5,USM3_pose_global_log_dimensionless_jerk,1.1270120228585778,1.1270120228585778
linear_regression,5,USM3_pose_global_economy_area_xz,-1.0831088047746107,1.0831088047746107
linear_regression,5,USM2_pose_global_movement_economy,1.0101385698796275,1.0101385698796275
linear_regression,5,USM0_pose_global_mean_angular_speed_rad_s,1.0060146320256735,1.0060146320256735
linear_regression,5,USM3_pose_global_pause_count,-1.0038735600727557,1.0038735600727557
linear_regression,5,USM2_pose_global_economy_area_yz,0.9987793208538553,0.9987793208538553
linear_regression,5,USM0_USM3_pose_global_one_arm_only_active_fraction,-0.8098710896909789,0.8098710896909789
linear_regression,5,USM0_pose_global_mean_abs_angular_acceleration_rad_s2,0.7672706074000462,0.7672706074000462
linear_regression,5,USM3_pose_global_max_acceleration_l2,-0.7660880630528091,0.7660880630528091
linear_regression,5,USM0_pose_global_median_dt_seconds,0.7234140307346881,0.7234140307346881
linear_regression,5,USM3_pose_global_rms_speed_l2,0.717669579381246,0.717669579381246
linear_regression,5,USM0_pose_global_raw_path_l2,-0.6715828467441974,0.6715828467441974
linear_regression,5,USM2_pose_global_x_range_m,-0.6683420164735949,0.6683420164735949
linear_regression,5,camera_pause_fraction,-0.6599235125324769,0.6599235125324769
linear_regression,5,camera_pause_duration_seconds,-0.5372803973035349,0.5372803973035349
linear_regression,5,USM0_pose_global_max_gap_seconds,0.5212316101268621,0.5212316101268621
linear_regression,5,USM3_pose_global_rotation_determinant_std,-0.47272793073508157,0.47272793073508157
linear_regression,5,USM0_pose_global_rotation_orthogonality_error_mean,-0.4478076202459975,0.4478076202459975
linear_regression,5,USM2_pose_global_y_range_m,0.4184780559253136,0.4184780559253136
linear_regression,5,USM3_pose_global_pause_fraction,0.41158373589200803,0.41158373589200803
linear_regression,5,USM0_USM3_pose_global_speed_correlation,0.39815946625056586,0.39815946625056586
linear_regression,5,USM0_pose_global_economy_area_xz,-0.3884847970190426,0.3884847970190426
linear_regression,5,camera_move_count,-0.38308632798965236,0.38308632798965236
linear_regression,5,active_psm_count,0.3810677126463409,0.3810677126463409
linear_regression,5,USM2_pose_global_rotation_determinant_std,0.3712183618052576,0.3712183618052576
linear_regression,5,camera_log_dimensionless_jerk,-0.3620916882841516,0.3620916882841516
linear_regression,5,USM2_USM3_pose_global_one_arm_only_active_fraction,0.2970366313905668,0.2970366313905668
linear_regression,5,USM2_USM3_pose_global_speed_correlation,0.26490798911011293,0.26490798911011293
linear_regression,5,USM3_pose_global_dimensionless_jerk,-0.22076660537671522,0.22076660537671522
linear_regression,5,USM2_USM3_pose_global_distance_range_rel,-0.20624724149245033,0.20624724149245033
linear_regression,5,USM0_pose_global_max_angular_speed_rad_s,-0.2057262957426198,0.2057262957426198
linear_regression,5,USM0_pose_global_movement_economy,0.18666061180518312,0.18666061180518312
linear_regression,5,USM0_pose_global_max_abs_angular_acceleration_rad_s2,-0.1321441802201242,0.1321441802201242
linear_regression,5,USM0_pose_global_rotation_determinant_std,-0.1191864197532082,0.1191864197532082
linear_regression,5,USM0_USM2_pose_global_alignment_coverage,0.11203065361241116,0.11203065361241116
linear_regression,5,camera_pause_count,0.08767682132509869,0.08767682132509869
linear_regression,5,USM0_pose_global_rotation_determinant_mean,-0.05331087271707946,0.05331087271707946
linear_regression,5,USM2_pose_global_rotation_orthogonality_error_mean,0.047779181524716385,0.047779181524716385
ridge,1,USM0_USM3_pose_global_one_arm_only_active_fraction,-0.4092550596759312,0.4092550596759312
ridge,1,USM0_pose_global_rotation_determinant_mean,-0.32351877405201224,0.32351877405201224
ridge,1,camera_to_USM0_min_distance_m,-0.306132902797468,0.306132902797468
ridge,1,USM2_pose_global_mean_angular_speed_rad_s,0.3054321465220748,0.3054321465220748
ridge,1,camera_to_USM0_mean_distance_m,-0.2920130804964906,0.2920130804964906
ridge,1,camera_max_angular_speed_rad_s,-0.2877459372406614,0.2877459372406614
ridge,1,USM2_pose_global_rotation_determinant_std,-0.28714174967349365,0.28714174967349365
ridge,1,USM0_pose_global_rotation_orthogonality_error_mean,0.27689490688962665,0.27689490688962665
ridge,1,USM0_pose_global_rotation_orthogonality_error_max,0.26246334946566036,0.26246334946566036
ridge,1,camera_to_USM3_std_distance_m,0.2593039563109919,0.2593039563109919
ridge,1,camera_rotation_path_radians,-0.23893346571945326,0.23893346571945326
ridge,1,active_pair_simultaneous_active_fraction,0.22160838693821264,0.22160838693821264
ridge,1,USM2_pose_global_rotation_orthogonality_error_mean,0.2178337000729939,0.2178337000729939
ridge,1,USM2_pose_global_pause_fraction,-0.2159010828759593,0.2159010828759593
ridge,1,USM2_pose_global_idle_fraction_relative,-0.21424502535638382,0.21424502535638382
ridge,1,USM0_pose_global_mean_angular_speed_rad_s,0.21210519364037675,0.21210519364037675
ridge,1,USM2_USM3_pose_global_simultaneous_active_fraction,0.20779371907291735,0.20779371907291735
ridge,1,USM2_pose_global_rms_speed_l2,0.19599729831685084,0.19599729831685084
ridge,1,USM0_pose_global_movement_economy,-0.19483882469793093,0.19483882469793093
ridge,1,USM2_pose_global_rotation_determinant_mean,-0.19172428803415992,0.19172428803415992
ridge,1,USM2_pose_global_movement_economy,-0.1852050495681649,0.1852050495681649
ridge,1,camera_to_USM2_std_distance_m,-0.18275542097870584,0.18275542097870584
ridge,1,USM3_pose_global_pause_fraction,-0.1793404982094463,0.1793404982094463
ridge,1,USM0_USM2_pose_global_simultaneous_active_fraction,0.17917088012368315,0.17917088012368315
ridge,1,camera_to_primary_tools_mean_distance_m,-0.17516412062569384,0.17516412062569384
ridge,1,USM0_USM3_pose_global_simultaneous_active_fraction,0.17465958840190482,0.17465958840190482
ridge,1,USM2_pose_global_max_angular_speed_rad_s,0.17032227740986292,0.17032227740986292
ridge,1,USM2_USM3_pose_global_mean_abs_relative_speed,0.16901301991364057,0.16901301991364057
ridge,1,active_pair_path_length_imbalance,-0.16323467039719675,0.16323467039719675
ridge,1,USM3_pose_global_idle_fraction_relative,-0.16289018676052802,0.16289018676052802
ridge,1,camera_mean_angular_speed_rad_s,-0.1614430693664459,0.1614430693664459
ridge,1,active_pair_usm_b,0.15957765887330183,0.15957765887330183
ridge,1,USM0_USM3_pose_global_speed_correlation,0.154522196451336,0.154522196451336
ridge,1,USM3_pose_global_max_acceleration_l2,0.15213778928841923,0.15213778928841923
ridge,1,USM0_pose_global_rms_speed_l2,0.14923733595919825,0.14923733595919825
ridge,1,active_pair_usm_a,0.14774582766900313,0.14774582766900313
ridge,1,camera_max_speed_m_s,0.14203294569590655,0.14203294569590655
ridge,1,active_pair_one_arm_only_active_fraction,-0.14195033804041007,0.14195033804041007
ridge,1,USM2_pose_global_log_dimensionless_jerk,0.1351397050945333,0.1351397050945333
ridge,1,USM2_pose_global_workspace_box_volume_m3,0.1350207495221603,0.1350207495221603
ridge,1,camera_pause_duration_seconds,-0.13468365216449008,0.13468365216449008
ridge,1,USM3_pose_global_idle_threshold_relative,0.13293059596388576,0.13293059596388576
ridge,1,USM2_pose_global_idle_threshold_relative,0.1324443064609129,0.1324443064609129
ridge,1,USM2_pose_global_mean_abs_angular_acceleration_rad_s2,0.13161646992092046,0.13161646992092046
ridge,1,USM0_pose_global_log_dimensionless_jerk,0.1288713627139704,0.1288713627139704
ridge,1,USM2_USM3_pose_global_both_idle_fraction,-0.12704235350645718,0.12704235350645718
ridge,1,USM3_pose_global_movement_economy,0.12426803889497977,0.12426803889497977
ridge,1,USM3_pose_global_rotation_path_radians,0.12315603829107462,0.12315603829107462
ridge,1,camera_to_USM3_max_distance_m,0.12097211061816558,0.12097211061816558
ridge,1,camera_rms_speed_m_s,0.12084603762612646,0.12084603762612646
ridge,1,USM0_pose_global_n_samples,-0.12048558949388007,0.12048558949388007
ridge,1,USM2_USM3_pose_global_distance_range_rel,0.11947988548970802,0.11947988548970802
ridge,1,active_pair_speed_correlation,0.11942686568382573,0.11942686568382573
ridge,1,USM2_pose_global_mean_speed_l2,0.11938553719176756,0.11938553719176756
ridge,1,USM0_USM3_pose_global_path_length_imbalance,-0.11910137521524292,0.11910137521524292
ridge,1,USM3_pose_global_rms_speed_l2,0.1184846611858353,0.1184846611858353
ridge,1,USM0_pose_global_median_dt_seconds,-0.11742167476591597,0.11742167476591597
ridge,1,USM2_USM3_pose_global_mean_distance_rel,0.11727110483329814,0.11727110483329814
ridge,1,USM3_pose_global_pause_count,-0.11726821244104499,0.11726821244104499
ridge,1,USM3_pose_global_mean_angular_speed_rad_s,0.11654366323515637,0.11654366323515637
ridge,1,USM0_pose_global_idle_threshold_relative,0.11249119971268691,0.11249119971268691
ridge,1,USM0_pose_global_pause_count,-0.11169445403621431,0.11169445403621431
ridge,1,USM2_pose_global_rotation_orthogonality_error_max,0.11140602963615415,0.11140602963615415
ridge,1,camera_log_dimensionless_jerk,0.1104769350138029,0.1104769350138029
ridge,1,USM3_pose_global_dimensionless_jerk,-0.11029942396396952,0.11029942396396952
ridge,1,USM2_pose_global_pause_count,-0.11024514211482637,0.11024514211482637
ridge,1,USM0_USM2_pose_global_one_arm_only_active_fraction,-0.11013585012609625,0.11013585012609625
ridge,1,USM2_pose_global_net_displacement_l2,-0.10966656759016868,0.10966656759016868
ridge,1,USM0_USM3_pose_global_both_idle_fraction,0.10542968241233952,0.10542968241233952
ridge,1,USM2_pose_global_pause_duration_seconds,-0.10312072354164026,0.10312072354164026
ridge,1,USM0_pose_global_rotation_determinant_std,-0.10307371126295993,0.10307371126295993
ridge,1,USM0_pose_global_raw_path_l2,-0.10218800920397796,0.10218800920397796
ridge,1,USM0_pose_global_z_range_m,-0.10017212158275375,0.10017212158275375
ridge,1,USM3_pose_global_active,-0.09921643420689241,0.09921643420689241
ridge,1,camera_to_USM2_mean_distance_m,-0.09876362326260663,0.09876362326260663
ridge,1,USM3_pose_global_economy_area_xy,-0.09857762348133527,0.09857762348133527
ridge,1,USM2_pose_global_max_abs_angular_acceleration_rad_s2,0.095946211193985,0.095946211193985
ridge,1,USM2_USM3_pose_global_speed_correlation,0.09539406167854561,0.09539406167854561
ridge,1,USM3_pose_global_log_dimensionless_jerk,0.09325716927434123,0.09325716927434123
ridge,1,USM2_USM3_pose_global_one_arm_only_active_fraction,-0.0896083462301084,0.0896083462301084
ridge,1,camera_to_USM3_mean_distance_m,0.08919061696649824,0.08919061696649824
ridge,1,camera_moving_fraction,-0.08797596704633327,0.08797596704633327
ridge,1,USM2_pose_global_max_speed_l2,0.08754538110238208,0.08754538110238208
ridge,1,USM3_pose_global_mean_abs_angular_acceleration_rad_s2,0.08679152821901641,0.08679152821901641
ridge,1,USM3_pose_global_y_range_m,0.0864515088261415,0.0864515088261415
ridge,1,USM2_USM3_pose_global_std_distance_rel,0.08631807557540828,0.08631807557540828
ridge,1,all_psm_pose_global_path_total_m,-0.08465990476305296,0.08465990476305296
ridge,1,USM0_pose_global_idle_fraction_relative,0.08382608494242544,0.08382608494242544
ridge,1,USM2_pose_global_economy_area_xz,0.0828878417271778,0.0828878417271778
ridge,1,USM0_pose_global_max_gap_seconds,0.08208911546967991,0.08208911546967991
ridge,1,USM0_USM2_pose_global_alignment_coverage,0.08185013980377384,0.08185013980377384
ridge,1,USM0_pose_global_pause_fraction,0.08120782243618319,0.08120782243618319
ridge,1,USM0_pose_global_pause_duration_seconds,-0.080228557890099,0.080228557890099
ridge,1,camera_pause_fraction,-0.07842312885305525,0.07842312885305525
ridge,1,USM0_pose_global_x_range_m,-0.07837187695726187,0.07837187695726187
ridge,1,USM3_pose_global_rotation_determinant_mean,-0.07778902062438564,0.07778902062438564
ridge,1,USM2_pose_global_mean_acceleration_l2,0.07764642513481625,0.07764642513481625
ridge,1,USM3_pose_global_jerk_cost,0.07751465887187244,0.07751465887187244
ridge,1,USM3_pose_global_economy_area_yz,0.07726203624509925,0.07726203624509925
ridge,1,USM0_USM2_pose_global_std_distance_rel,-0.07477374316647704,0.07477374316647704
ridge,1,camera_move_count,-0.07391228867539561,0.07391228867539561
ridge,1,USM2_pose_global_economy_area_yz,0.07165642118406254,0.07165642118406254
ridge,1,USM3_pose_global_max_jerk_l2,0.07162554778686347,0.07162554778686347
ridge,1,USM2_pose_global_raw_path_l2,-0.07023033496543604,0.07023033496543604
ridge,1,USM3_pose_global_max_speed_l2,0.07010577748652028,0.07010577748652028
ridge,1,active_pair_mean_distance_rel,-0.06993512172762945,0.06993512172762945
ridge,1,USM2_pose_global_economy_volume,0.06844896622001648,0.06844896622001648
ridge,1,USM0_pose_global_max_speed_l2,0.06621269980442404,0.06621269980442404
ridge,1,active_pair_min_distance_rel,-0.0659450441027944,0.0659450441027944
ridge,1,USM3_pose_global_pause_duration_seconds,-0.06569550114751804,0.06569550114751804
ridge,1,USM2_pose_global_max_acceleration_l2,0.06325003204135982,0.06325003204135982
ridge,1,USM0_pose_global_net_displacement_l2,-0.0617973069983866,0.0617973069983866
ridge,1,USM3_pose_global_economy_volume,-0.06179332391272619,0.06179332391272619
ridge,1,USM0_pose_global_mean_acceleration_l2,0.06021348828080056,0.06021348828080056
ridge,1,USM0_pose_global_mean_abs_angular_acceleration_rad_s2,0.059062877124637966,0.059062877124637966
ridge,1,USM3_pose_global_mean_speed_l2,0.05705338836446301,0.05705338836446301
ridge,1,USM0_USM3_pose_global_std_distance_rel,-0.05500885427735326,0.05500885427735326
ridge,1,USM0_USM2_pose_global_speed_correlation,0.05058708240901789,0.05058708240901789
ridge,1,USM0_USM3_pose_global_mean_abs_relative_speed,-0.050462092943914814,0.050462092943914814
ridge,1,active_pair_std_distance_rel,-0.047145087289247496,0.047145087289247496
ridge,1,USM2_pose_global_dimensionless_jerk,-0.04707213868329677,0.04707213868329677
ridge,1,camera_to_USM2_max_distance_m,-0.0469919224712993,0.0469919224712993
ridge,1,USM0_pose_global_workspace_box_volume_m3,0.04560766579223949,0.04560766579223949
ridge,1,active_pair_both_idle_fraction,-0.043680672846335235,0.043680672846335235
ridge,1,USM2_pose_global_jerk_cost,0.043367371510714355,0.043367371510714355
ridge,1,camera_moving_duration_s,-0.043085948526568364,0.043085948526568364
ridge,1,camera_to_all_tools_mean_distance_m,0.04262473744377787,0.04262473744377787
ridge,1,USM3_pose_global_rotation_orthogonality_error_mean,-0.041078344475931027,0.041078344475931027
ridge,1,USM0_pose_global_max_acceleration_l2,0.04014748537784185,0.04014748537784185
ridge,1,camera_mean_speed_m_s,0.0400084036178944,0.0400084036178944
ridge,1,active_pair_path_length_b_rel,-0.03974552853440707,0.03974552853440707
ridge,1,USM0_USM2_pose_global_both_idle_fraction,-0.03897272037561821,0.03897272037561821
ridge,1,camera_to_USM2_min_distance_m,-0.03852588365399412,0.03852588365399412
ridge,1,USM3_pose_global_economy_area_xz,-0.03818642048375719,0.03818642048375719
ridge,1,USM3_pose_global_net_displacement_l2,0.03542620770390373,0.03542620770390373
ridge,1,USM3_pose_global_x_range_m,0.034867870274460915,0.034867870274460915
ridge,1,camera_to_USM0_max_distance_m,0.034578540914401636,0.034578540914401636
ridge,1,active_pair_distance_range_rel,0.031448427176163855,0.031448427176163855
ridge,1,USM0_USM2_pose_global_mean_abs_relative_speed,0.03136543966273955,0.03136543966273955
ridge,1,camera_to_USM0_std_distance_m,-0.029099689838498064,0.029099689838498064
ridge,1,USM0_pose_global_rotation_path_radians,-0.02846892941882825,0.02846892941882825
ridge,1,USM3_pose_global_max_abs_angular_acceleration_rad_s2,-0.026212586285734172,0.026212586285734172
ridge,1,USM0_pose_global_max_angular_speed_rad_s,-0.02541042364646509,0.02541042364646509
ridge,1,USM3_pose_global_mean_acceleration_l2,0.023942030574963146,0.023942030574963146
ridge,1,USM2_pose_global_rotation_path_radians,-0.023516853178614232,0.023516853178614232
ridge,1,USM0_pose_global_mean_speed_l2,0.02332560118138825,0.02332560118138825
ridge,1,USM0_pose_global_economy_area_xz,0.021478424673648557,0.021478424673648557
ridge,1,USM0_pose_global_max_jerk_l2,-0.020018119199166913,0.020018119199166913
ridge,1,USM0_pose_global_economy_volume,0.019907210783361762,0.019907210783361762
ridge,1,USM3_pose_global_z_range_m,0.018597971004815413,0.018597971004815413
ridge,1,USM2_USM3_pose_global_path_length_imbalance,0.01847722241646651,0.01847722241646651
ridge,1,USM3_pose_global_raw_path_l2,-0.017616402070194336,0.017616402070194336
ridge,1,USM2_pose_global_y_range_m,-0.01722548928238776,0.01722548928238776
ridge,1,USM0_pose_global_jerk_cost,0.016955010859740306,0.016955010859740306
ridge,1,USM0_pose_global_max_abs_angular_acceleration_rad_s2,-0.015562370107386732,0.015562370107386732
ridge,1,USM0_USM2_pose_global_mean_distance_rel,-0.014539903149153856,0.014539903149153856
ridge,1,USM2_pose_global_z_range_m,-0.013670787452970472,0.013670787452970472
ridge,1,USM2_pose_global_economy_area_xy,0.013603752136022506,0.013603752136022506
ridge,1,USM3_pose_global_rotation_orthogonality_error_max,0.012388327546110361,0.012388327546110361
ridge,1,USM0_USM2_pose_global_path_length_imbalance,-0.012232764801222725,0.012232764801222725
ridge,1,camera_pause_count,0.011016397968981552,0.011016397968981552
ridge,1,USM3_pose_global_max_angular_speed_rad_s,0.010945066935853327,0.010945066935853327
ridge,1,active_pair_mean_abs_relative_speed,0.010224757460316621,0.010224757460316621
ridge,1,USM3_pose_global_rotation_determinant_std,-0.009621141059850558,0.009621141059850558
ridge,1,USM0_pose_global_economy_area_yz,0.008107540289082213,0.008107540289082213
ridge,1,USM2_pose_global_max_jerk_l2,0.007710859356626722,0.007710859356626722
ridge,1,USM0_pose_global_economy_area_xy,-0.0075738906439505056,0.0075738906439505056
ridge,1,camera_path_length_m,0.005589454037205346,0.005589454037205346
ridge,1,active_pair_max_distance_rel,-0.005261339599380695,0.005261339599380695
ridge,1,USM0_pose_global_y_range_m,-0.004707254874501259,0.004707254874501259
ridge,1,USM0_USM2_pose_global_min_distance_rel,0.003543185961714272,0.003543185961714272
ridge,1,USM0_USM3_pose_global_distance_range_rel,0.0032595407701046125,0.0032595407701046125
ridge,1,USM0_USM2_pose_global_distance_range_rel,-0.0028268660921663556,0.0028268660921663556
ridge,1,USM0_pose_global_dimensionless_jerk,0.0028239750589294636,0.0028239750589294636
ridge,1,USM2_pose_global_x_range_m,0.0018355422794560366,0.0018355422794560366
ridge,1,USM0_USM2_pose_global_max_distance_rel,0.0015730537347988902,0.0015730537347988902
ridge,1,USM3_pose_global_workspace_box_volume_m3,-0.0010532214971121512,0.0010532214971121512
ridge,1,USM0_pose_global_active,0.0,0.0
ridge,2,USM0_pose_global_rotation_determinant_mean,-0.1726598449648315,0.1726598449648315
ridge,2,USM0_pose_global_rotation_orthogonality_error_max,0.14955600188552468,0.14955600188552468
ridge,2,USM0_pose_global_rotation_orthogonality_error_mean,0.14914736754845928,0.14914736754845928
ridge,2,USM2_pose_global_rotation_orthogonality_error_mean,0.11660107663609916,0.11660107663609916
ridge,2,USM2_pose_global_mean_abs_angular_acceleration_rad_s2,0.11397046423646695,0.11397046423646695
ridge,2,USM2_pose_global_mean_angular_speed_rad_s,0.11323624306342592,0.11323624306342592
ridge,2,active_pair_simultaneous_active_fraction,0.10990457270270639,0.10990457270270639
ridge,2,camera_log_dimensionless_jerk,0.1083601147213563,0.1083601147213563
ridge,2,USM2_pose_global_rotation_determinant_mean,-0.10130102635246628,0.10130102635246628
ridge,2,USM0_pose_global_n_samples,-0.10088077134658774,0.10088077134658774
ridge,2,USM2_pose_global_pause_duration_seconds,-0.09967087928358144,0.09967087928358144
ridge,2,USM0_pose_global_mean_angular_speed_rad_s,0.09675876797560969,0.09675876797560969
ridge,2,USM3_pose_global_pause_duration_seconds,-0.09647621769017656,0.09647621769017656
ridge,2,USM2_pose_global_rotation_orthogonality_error_max,0.09517410467489815,0.09517410467489815
ridge,2,USM0_pose_global_mean_abs_angular_acceleration_rad_s2,0.094492669157095,0.094492669157095
ridge,2,USM2_pose_global_pause_count,-0.08710579722814889,0.08710579722814889
ridge,2,active_psm_count,-0.08704495511350668,0.08704495511350668
ridge,2,USM0_pose_global_mean_acceleration_l2,0.08539393091175053,0.08539393091175053
ridge,2,USM0_pose_global_movement_economy,-0.08220167480419031,0.08220167480419031
ridge,2,USM3_pose_global_active,-0.08208568912976735,0.08208568912976735
ridge,2,USM3_pose_global_pause_fraction,-0.08009725493843901,0.08009725493843901
ridge,2,USM0_pose_global_pause_duration_seconds,-0.07985435320213408,0.07985435320213408
ridge,2,camera_pause_duration_seconds,-0.07912810186371934,0.07912810186371934
ridge,2,camera_to_USM3_std_distance_m,0.07852854129590181,0.07852854129590181
ridge,2,USM0_pose_global_raw_path_l2,-0.07814906211790094,0.07814906211790094
ridge,2,USM2_pose_global_log_dimensionless_jerk,0.0776636468138342,0.0776636468138342
ridge,2,USM0_pose_global_log_dimensionless_jerk,0.07734173307779554,0.07734173307779554
ridge,2,USM0_USM2_pose_global_simultaneous_active_fraction,0.07670573633449765,0.07670573633449765
ridge,2,USM3_pose_global_pause_count,-0.0754505580481605,0.0754505580481605
ridge,2,USM2_pose_global_raw_path_l2,-0.07526448541727401,0.07526448541727401
ridge,2,USM2_pose_global_mean_acceleration_l2,0.07381936343338268,0.07381936343338268
ridge,2,USM2_USM3_pose_global_distance_range_rel,0.07074073991302489,0.07074073991302489
ridge,2,USM3_pose_global_idle_fraction_relative,-0.07046068908800858,0.07046068908800858
ridge,2,active_pair_one_arm_only_active_fraction,-0.0697478136935112,0.0697478136935112
ridge,2,USM0_pose_global_rotation_path_radians,-0.06945781923093806,0.06945781923093806
ridge,2,camera_mean_angular_speed_rad_s,0.06896808400894132,0.06896808400894132
ridge,2,USM3_pose_global_mean_angular_speed_rad_s,0.06369774906100917,0.06369774906100917
ridge,2,USM0_USM3_pose_global_one_arm_only_active_fraction,-0.06309791103257348,0.06309791103257348
ridge,2,USM3_pose_global_rotation_orthogonality_error_max,-0.061418861113945386,0.061418861113945386
ridge,2,USM0_pose_global_mean_speed_l2,0.061124113316468456,0.061124113316468456
ridge,2,active_pair_path_length_b_rel,-0.06093667601206417,0.06093667601206417
ridge,2,all_psm_pose_global_path_total_m,-0.06008748743358795,0.06008748743358795
ridge,2,USM3_pose_global_rotation_orthogonality_error_mean,-0.05938279944809317,0.05938279944809317
ridge,2,USM3_pose_global_log_dimensionless_jerk,0.05913195643523046,0.05913195643523046
ridge,2,USM2_USM3_pose_global_mean_abs_relative_speed,0.05744025510427018,0.05744025510427018
ridge,2,camera_rms_speed_m_s,0.05664895749187603,0.05664895749187603
ridge,2,USM3_pose_global_idle_threshold_relative,0.05618588518878287,0.05618588518878287
ridge,2,USM0_pose_global_idle_threshold_relative,0.056002940898341506,0.056002940898341506
ridge,2,camera_to_USM0_std_distance_m,-0.05574777738162694,0.05574777738162694
ridge,2,USM0_USM3_pose_global_simultaneous_active_fraction,0.05524987153131854,0.05524987153131854
ridge,2,USM3_pose_global_mean_abs_angular_acceleration_rad_s2,0.05429584876273892,0.05429584876273892
ridge,2,camera_to_USM0_mean_distance_m,-0.05356716751796027,0.05356716751796027
ridge,2,USM2_pose_global_pause_fraction,-0.0534890851631664,0.0534890851631664
ridge,2,USM0_USM3_pose_global_mean_abs_relative_speed,0.05346682207688143,0.05346682207688143
ridge,2,camera_moving_duration_s,-0.05306364206146105,0.05306364206146105
ridge,2,USM2_pose_global_mean_speed_l2,0.05203708560217588,0.05203708560217588
ridge,2,camera_to_USM2_std_distance_m,-0.05154676676329593,0.05154676676329593
ridge,2,USM2_USM3_pose_global_both_idle_fraction,-0.05024401740376101,0.05024401740376101
ridge,2,active_pair_speed_correlation,0.049881327742523206,0.049881327742523206
ridge,2,USM0_USM2_pose_global_one_arm_only_active_fraction,-0.04951756428391086,0.04951756428391086
ridge,2,USM3_pose_global_movement_economy,0.04920291994741371,0.04920291994741371
ridge,2,USM0_pose_global_dimensionless_jerk,0.04601201231419815,0.04601201231419815
ridge,2,USM3_pose_global_rotation_path_radians,0.04518415254165591,0.04518415254165591
ridge,2,USM0_pose_global_pause_count,-0.044709094913918696,0.044709094913918696
ridge,2,USM2_pose_global_economy_area_xy,0.044620623889411605,0.044620623889411605
ridge,2,USM3_pose_global_economy_area_xz,0.04423024771889685,0.04423024771889685
ridge,2,USM3_pose_global_max_abs_angular_acceleration_rad_s2,-0.04335179581275608,0.04335179581275608
ridge,2,USM3_pose_global_mean_speed_l2,0.0426415879628905,0.0426415879628905
ridge,2,USM2_pose_global_idle_fraction_relative,-0.042357355953308654,0.042357355953308654
ridge,2,USM2_pose_global_max_angular_speed_rad_s,0.042170898653972506,0.042170898653972506
ridge,2,camera_rotation_path_radians,-0.04202820705000213,0.04202820705000213
ridge,2,USM2_pose_global_movement_economy,-0.0416645889819168,0.0416645889819168
ridge,2,USM3_pose_global_rotation_determinant_std,-0.041002450633171615,0.041002450633171615
ridge,2,USM0_pose_global_median_dt_seconds,0.0403544992375432,0.0403544992375432
ridge,2,USM2_pose_global_idle_threshold_relative,0.04016972183259299,0.04016972183259299
ridge,2,USM3_pose_global_max_angular_speed_rad_s,-0.03962541121497209,0.03962541121497209
ridge,2,USM0_pose_global_net_displacement_l2,-0.03947950233840791,0.03947950233840791
ridge,2,USM0_pose_global_x_range_m,-0.03944761433350146,0.03944761433350146
ridge,2,USM2_USM3_pose_global_one_arm_only_active_fraction,0.03935145431365436,0.03935145431365436
ridge,2,USM2_pose_global_economy_volume,0.03907238100991753,0.03907238100991753
ridge,2,camera_pause_count,-0.03827536087554921,0.03827536087554921
ridge,2,USM0_pose_global_z_range_m,-0.037490747652449086,0.037490747652449086
ridge,2,USM0_USM2_pose_global_alignment_coverage,0.03611828133722815,0.03611828133722815
ridge,2,USM2_USM3_pose_global_std_distance_rel,0.035514921010523254,0.035514921010523254
ridge,2,camera_move_count,-0.03549669703922533,0.03549669703922533
ridge,2,USM3_pose_global_z_range_m,-0.03531602263886487,0.03531602263886487
ridge,2,USM2_pose_global_net_displacement_l2,-0.035153731437681454,0.035153731437681454
ridge,2,USM3_pose_global_mean_acceleration_l2,0.03500602368008711,0.03500602368008711
ridge,2,active_pair_path_length_imbalance,-0.03448693819151842,0.03448693819151842
ridge,2,USM3_pose_global_economy_area_xy,0.034087405029024555,0.034087405029024555
ridge,2,USM2_pose_global_dimensionless_jerk,-0.0331273121471687,0.0331273121471687
ridge,2,USM2_pose_global_rotation_path_radians,-0.03226528639918149,0.03226528639918149
ridge,2,camera_path_length_m,-0.03098756582870716,0.03098756582870716
ridge,2,USM2_pose_global_economy_area_yz,0.03089468156280971,0.03089468156280971
ridge,2,USM3_pose_global_rotation_determinant_mean,0.0307489779094169,0.0307489779094169
ridge,2,camera_to_all_tools_mean_distance_m,-0.030639596384230413,0.030639596384230413
ridge,2,camera_mean_speed_m_s,0.030106920960463066,0.030106920960463066
ridge,2,USM2_pose_global_economy_area_xz,0.029619347811078854,0.029619347811078854
ridge,2,USM3_pose_global_workspace_box_volume_m3,-0.028913472113602057,0.028913472113602057
ridge,2,USM0_USM3_pose_global_distance_range_rel,0.027791376834331482,0.027791376834331482
ridge,2,USM2_USM3_pose_global_simultaneous_active_fraction,0.02731360234181431,0.02731360234181431
ridge,2,USM2_pose_global_z_range_m,-0.02729977111163911,0.02729977111163911
ridge,2,camera_max_speed_m_s,0.02711127226834523,0.02711127226834523
ridge,2,USM0_pose_global_economy_area_yz,-0.027044635611869174,0.027044635611869174
ridge,2,active_pair_both_idle_fraction,-0.02463545876082509,0.02463545876082509
ridge,2,USM0_pose_global_economy_volume,-0.02387109378573285,0.02387109378573285
ridge,2,USM0_USM3_pose_global_path_length_imbalance,-0.022902438498427033,0.022902438498427033
ridge,2,camera_moving_fraction,0.02264848317199721,0.02264848317199721
ridge,2,camera_to_USM3_max_distance_m,0.02200863995424646,0.02200863995424646
ridge,2,USM2_pose_global_max_abs_angular_acceleration_rad_s2,0.021549468402652375,0.021549468402652375
ridge,2,USM2_pose_global_y_range_m,-0.02089246576798425,0.02089246576798425
ridge,2,USM3_pose_global_max_acceleration_l2,0.020824756523437675,0.020824756523437675
ridge,2,active_pair_usm_b,0.020754838963032773,0.020754838963032773
ridge,2,USM3_pose_global_rms_speed_l2,0.020740331787679974,0.020740331787679974
ridge,2,active_pair_mean_abs_relative_speed,-0.020718223530933347,0.020718223530933347
ridge,2,USM3_pose_global_dimensionless_jerk,-0.020611190311867283,0.020611190311867283
ridge,2,USM0_USM3_pose_global_speed_correlation,0.02010594203971204,0.02010594203971204
ridge,2,USM0_USM2_pose_global_speed_correlation,0.020017775432413447,0.020017775432413447
ridge,2,USM0_pose_global_y_range_m,-0.019441610585010656,0.019441610585010656
ridge,2,USM2_pose_global_x_range_m,-0.018522508152928437,0.018522508152928437
ridge,2,USM0_pose_global_rotation_determinant_std,0.017974409709732755,0.017974409709732755
ridge,2,USM0_pose_global_economy_area_xz,-0.017925032668183054,0.017925032668183054
ridge,2,USM2_USM3_pose_global_path_length_imbalance,0.017547113609341414,0.017547113609341414
ridge,2,USM0_pose_global_max_speed_l2,-0.01722992628327412,0.01722992628327412
ridge,2,USM3_pose_global_jerk_cost,-0.017214828068991623,0.017214828068991623
ridge,2,USM0_pose_global_economy_area_xy,-0.016543015670049992,0.016543015670049992
ridge,2,USM0_USM2_pose_global_both_idle_fraction,-0.01614632275750639,0.01614632275750639
ridge,2,USM3_pose_global_net_displacement_l2,-0.016097466723066577,0.016097466723066577
ridge,2,USM0_pose_global_idle_fraction_relative,-0.015273520762208049,0.015273520762208049
ridge,2,USM0_USM2_pose_global_path_length_imbalance,0.01493282680601693,0.01493282680601693
ridge,2,USM0_pose_global_pause_fraction,-0.014449325182112963,0.014449325182112963
ridge,2,USM2_USM3_pose_global_speed_correlation,-0.014435571895281309,0.014435571895281309
ridge,2,camera_to_USM3_mean_distance_m,0.014106802921525302,0.014106802921525302
ridge,2,USM0_pose_global_max_abs_angular_acceleration_rad_s2,-0.014027051979403939,0.014027051979403939
ridge,2,USM0_pose_global_max_angular_speed_rad_s,-0.01390948488007068,0.01390948488007068
ridge,2,USM3_pose_global_max_jerk_l2,0.012815798153702365,0.012815798153702365
ridge,2,active_pair_usm_a,0.012376744456198697,0.012376744456198697
ridge,2,USM3_pose_global_max_speed_l2,0.011692164977610532,0.011692164977610532
ridge,2,camera_max_angular_speed_rad_s,0.01140236140506993,0.01140236140506993
ridge,2,USM3_pose_global_economy_volume,0.011172721227613142,0.011172721227613142
ridge,2,USM2_USM3_pose_global_mean_distance_rel,-0.01111616337980769,0.01111616337980769
ridge,2,USM0_pose_global_max_gap_seconds,-0.010712108893129114,0.010712108893129114
ridge,2,USM3_pose_global_economy_area_yz,-0.009764014856054519,0.009764014856054519
ridge,2,USM0_USM2_pose_global_mean_abs_relative_speed,-0.009146834202669202,0.009146834202669202
ridge,2,USM3_pose_global_y_range_m,-0.007355997709091211,0.007355997709091211
ridge,2,USM0_pose_global_rms_speed_l2,0.005443401819867144,0.005443401819867144
ridge,2,USM2_pose_global_rotation_determinant_std,-0.004856664665116128,0.004856664665116128
ridge,2,USM0_USM3_pose_global_both_idle_fraction,-0.004345760502666365,0.004345760502666365
ridge,2,USM0_USM3_pose_global_mean_distance_rel,-0.0033303562663422,0.0033303562663422
ridge,2,USM0_USM3_pose_global_std_distance_rel,0.00224510820458345,0.00224510820458345
ridge,2,camera_pause_fraction,-0.0017488455201544108,0.0017488455201544108
ridge,2,USM3_pose_global_raw_path_l2,-0.0015443710038274673,0.0015443710038274673
ridge,2,USM3_pose_global_x_range_m,0.0005058306104406495,0.0005058306104406495
ridge,3,USM2_pose_global_mean_angular_speed_rad_s,0.1503723783061961,0.1503723783061961
ridge,3,USM2_pose_global_mean_abs_angular_acceleration_rad_s2,0.1344182829505807,0.1344182829505807
ridge,3,camera_pause_duration_seconds,-0.1160837841252125,0.1160837841252125
ridge,3,USM2_pose_global_pause_duration_seconds,-0.11371189486606215,0.11371189486606215
ridge,3,camera_log_dimensionless_jerk,0.11113990205012284,0.11113990205012284
ridge,3,USM0_pose_global_movement_economy,-0.1099017815612324,0.1099017815612324
ridge,3,USM0_pose_global_n_samples,-0.10949421852061408,0.10949421852061408
ridge,3,USM0_pose_global_rotation_determinant_mean,-0.10656936319513273,0.10656936319513273
ridge,3,USM3_pose_global_pause_duration_seconds,-0.10500079489919782,0.10500079489919782
ridge,3,USM0_pose_global_mean_abs_angular_acceleration_rad_s2,0.10102187964860218,0.10102187964860218
ridge,3,USM0_pose_global_mean_angular_speed_rad_s,0.09945532483087018,0.09945532483087018
ridge,3,USM2_pose_global_rotation_orthogonality_error_mean,0.09912824022518324,0.09912824022518324
ridge,3,USM3_pose_global_pause_count,-0.09786832915408562,0.09786832915408562
ridge,3,USM2_pose_global_log_dimensionless_jerk,0.09517721908568666,0.09517721908568666
ridge,3,active_pair_simultaneous_active_fraction,0.09466473725061982,0.09466473725061982
ridge,3,USM0_pose_global_rotation_orthogonality_error_mean,0.09132782684655565,0.09132782684655565
ridge,3,USM0_pose_global_log_dimensionless_jerk,0.09077318437511593,0.09077318437511593
ridge,3,USM0_pose_global_pause_duration_seconds,-0.08915525668554632,0.08915525668554632
ridge,3,USM2_pose_global_rotation_determinant_mean,-0.08891787923205152,0.08891787923205152
ridge,3,USM0_pose_global_rotation_orthogonality_error_max,0.08654995984939731,0.08654995984939731
ridge,3,USM3_pose_global_pause_fraction,-0.08423557735593024,0.08423557735593024
ridge,3,USM0_pose_global_raw_path_l2,-0.08402793011090914,0.08402793011090914
ridge,3,USM2_pose_global_max_angular_speed_rad_s,0.08388005891755775,0.08388005891755775
ridge,3,USM2_pose_global_movement_economy,-0.08223678103535678,0.08223678103535678
ridge,3,USM2_pose_global_pause_count,-0.081247109031707,0.081247109031707
ridge,3,USM2_pose_global_rotation_orthogonality_error_max,0.07896908062557349,0.07896908062557349
ridge,3,USM2_pose_global_raw_path_l2,-0.07849649425405202,0.07849649425405202
ridge,3,USM3_pose_global_log_dimensionless_jerk,0.07475117212309795,0.07475117212309795
ridge,3,USM3_pose_global_idle_fraction_relative,-0.07384770080369578,0.07384770080369578
ridge,3,USM0_pose_global_mean_acceleration_l2,0.07286293926561074,0.07286293926561074
ridge,3,USM0_pose_global_rotation_path_radians,-0.07115329946945645,0.07115329946945645
ridge,3,USM3_pose_global_rotation_determinant_std,-0.07064342024016387,0.07064342024016387
ridge,3,USM2_pose_global_pause_fraction,-0.07038326281075798,0.07038326281075798
ridge,3,USM0_USM2_pose_global_simultaneous_active_fraction,0.06988119513175228,0.06988119513175228
ridge,3,USM0_pose_global_pause_count,-0.06746591791314795,0.06746591791314795
ridge,3,all_psm_pose_global_path_total_m,-0.06733710498827507,0.06733710498827507
ridge,3,active_psm_count,-0.06651251192360423,0.06651251192360423
ridge,3,active_pair_path_length_b_rel,-0.06515526089750616,0.06515526089750616
ridge,3,camera_mean_angular_speed_rad_s,0.0651532708848903,0.0651532708848903
ridge,3,camera_pause_fraction,-0.06515056704078558,0.06515056704078558
ridge,3,USM2_pose_global_mean_acceleration_l2,0.06477769506076711,0.06477769506076711
ridge,3,USM3_pose_global_mean_angular_speed_rad_s,0.06371119817938282,0.06371119817938282
ridge,3,camera_to_USM3_std_distance_m,0.06328934160322337,0.06328934160322337
ridge,3,USM0_pose_global_median_dt_seconds,0.0628627747652738,0.0628627747652738
ridge,3,USM2_USM3_pose_global_mean_abs_relative_speed,0.062190008321087946,0.062190008321087946
ridge,3,USM3_pose_global_active,-0.06158347830015534,0.06158347830015534
ridge,3,USM2_pose_global_max_abs_angular_acceleration_rad_s2,0.05988083805017506,0.05988083805017506
ridge,3,USM2_pose_global_idle_fraction_relative,-0.05964650983306959,0.05964650983306959
ridge,3,USM2_USM3_pose_global_distance_range_rel,0.05927929198613394,0.05927929198613394
ridge,3,camera_pause_count,-0.05915057167368946,0.05915057167368946
ridge,3,USM2_USM3_pose_global_both_idle_fraction,-0.05868584613005578,0.05868584613005578
ridge,3,USM0_pose_global_mean_speed_l2,0.05779255616447716,0.05779255616447716
ridge,3,USM3_pose_global_idle_threshold_relative,0.05760452225737956,0.05760452225737956
ridge,3,USM0_USM3_pose_global_simultaneous_active_fraction,0.05756556119968784,0.05756556119968784
ridge,3,USM2_USM3_pose_global_simultaneous_active_fraction,0.05655312222671103,0.05655312222671103
ridge,3,USM0_USM3_pose_global_mean_abs_relative_speed,0.05616368129353058,0.05616368129353058
ridge,3,USM0_pose_global_idle_threshold_relative,0.05613909995260531,0.05613909995260531
ridge,3,camera_moving_duration_s,-0.054655607953691294,0.054655607953691294
ridge,3,USM3_pose_global_mean_speed_l2,0.05313865893813449,0.05313865893813449
ridge,3,camera_to_USM2_std_distance_m,-0.052886143459258614,0.052886143459258614
ridge,3,USM2_pose_global_mean_speed_l2,0.051335967446218336,0.051335967446218336
ridge,3,camera_move_count,-0.051159959654153396,0.051159959654153396
ridge,3,USM2_USM3_pose_global_speed_correlation,-0.05113438835914476,0.05113438835914476
ridge,3,camera_to_USM0_std_distance_m,-0.05049009707670263,0.05049009707670263
ridge,3,USM3_pose_global_mean_abs_angular_acceleration_rad_s2,0.04878373848127038,0.04878373848127038
ridge,3,USM3_pose_global_economy_area_yz,-0.04736600393212349,0.04736600393212349
ridge,3,active_pair_one_arm_only_active_fraction,-0.045952427287006575,0.045952427287006575
ridge,3,USM3_pose_global_mean_acceleration_l2,0.04568490637352475,0.04568490637352475
ridge,3,USM2_pose_global_dimensionless_jerk,-0.04533713073896564,0.04533713073896564
ridge,3,camera_to_USM0_mean_distance_m,-0.04424643538435181,0.04424643538435181
ridge,3,USM3_pose_global_dimensionless_jerk,-0.043669516991110525,0.043669516991110525
ridge,3,USM0_pose_global_net_displacement_l2,-0.04320420040535316,0.04320420040535316
ridge,3,USM0_pose_global_active,-0.04206715553706046,0.04206715553706046
ridge,3,USM0_USM3_pose_global_one_arm_only_active_fraction,-0.04102220224828493,0.04102220224828493
ridge,3,camera_rotation_path_radians,-0.04022825423789878,0.04022825423789878
ridge,3,USM2_pose_global_idle_threshold_relative,0.04007779121153678,0.04007779121153678
ridge,3,USM3_pose_global_rotation_orthogonality_error_max,-0.03919288314708564,0.03919288314708564
ridge,3,camera_to_USM0_max_distance_m,-0.03878069585515765,0.03878069585515765
ridge,3,USM3_pose_global_rotation_path_radians,0.037211407111964634,0.037211407111964634
ridge,3,USM0_USM2_pose_global_std_distance_rel,-0.03653501033379279,0.03653501033379279
ridge,3,USM3_pose_global_rms_speed_l2,0.0360291830606908,0.0360291830606908
ridge,3,USM0_pose_global_dimensionless_jerk,0.03555936755371038,0.03555936755371038
ridge,3,USM2_pose_global_economy_area_xy,0.0350145310379642,0.0350145310379642
ridge,3,USM0_pose_global_x_range_m,-0.03478640021499122,0.03478640021499122
ridge,3,active_pair_usm_b,0.033934444294317766,0.033934444294317766
ridge,3,USM3_pose_global_economy_volume,-0.033463341057420624,0.033463341057420624
ridge,3,active_pair_both_idle_fraction,-0.03289614355400047,0.03289614355400047
ridge,3,active_pair_usm_a,0.032064457140934206,0.032064457140934206
ridge,3,active_pair_path_length_imbalance,-0.031316633534876,0.031316633534876
ridge,3,USM3_pose_global_movement_economy,0.030480430927012213,0.030480430927012213
ridge,3,USM3_pose_global_z_range_m,-0.029909025161151025,0.029909025161151025
ridge,3,USM0_pose_global_z_range_m,-0.02990146026433819,0.02990146026433819
ridge,3,camera_to_all_tools_mean_distance_m,-0.029470987385071715,0.029470987385071715
ridge,3,USM0_USM2_pose_global_one_arm_only_active_fraction,-0.029333601893076846,0.029333601893076846
ridge,3,USM0_USM3_pose_global_path_length_imbalance,-0.029097985652959204,0.029097985652959204
ridge,3,USM2_pose_global_economy_volume,0.028748413683283444,0.028748413683283444
ridge,3,USM0_pose_global_y_range_m,-0.02857535880270938,0.02857535880270938
ridge,3,USM3_pose_global_max_jerk_l2,0.028305415476037998,0.028305415476037998
ridge,3,USM3_pose_global_max_acceleration_l2,0.02796096816405774,0.02796096816405774
ridge,3,USM0_USM2_pose_global_both_idle_fraction,-0.027849583702583766,0.027849583702583766
ridge,3,USM2_USM3_pose_global_std_distance_rel,0.027488784077667527,0.027488784077667527
ridge,3,USM2_pose_global_rotation_determinant_std,-0.027130609327912326,0.027130609327912326
ridge,3,USM3_pose_global_rotation_orthogonality_error_mean,-0.026901346527970542,0.026901346527970542
ridge,3,USM2_pose_global_economy_area_xz,0.026560270029455924,0.026560270029455924
ridge,3,USM2_pose_global_z_range_m,-0.02592116068538266,0.02592116068538266
ridge,3,USM3_pose_global_max_speed_l2,0.02516517289833533,0.02516517289833533
ridge,3,camera_moving_fraction,0.024734110300818228,0.024734110300818228
ridge,3,USM2_pose_global_x_range_m,-0.024597692208594486,0.024597692208594486
ridge,3,USM3_pose_global_economy_area_xy,0.023389541290248048,0.023389541290248048
ridge,3,camera_mean_speed_m_s,0.02326994292696814,0.02326994292696814
ridge,3,USM2_pose_global_y_range_m,-0.022273730552413915,0.022273730552413915
ridge,3,USM3_pose_global_workspace_box_volume_m3,-0.021374949765746484,0.021374949765746484
ridge,3,USM0_pose_global_max_abs_angular_acceleration_rad_s2,0.02121333257318536,0.02121333257318536
ridge,3,USM0_USM2_pose_global_alignment_coverage,0.02093864276484479,0.02093864276484479
ridge,3,USM2_pose_global_economy_area_yz,0.020505294832323127,0.020505294832323127
ridge,3,camera_path_length_m,-0.019132637351627124,0.019132637351627124
ridge,3,active_pair_speed_correlation,0.018833695589226675,0.018833695589226675
ridge,3,USM0_pose_global_max_angular_speed_rad_s,0.018477077343476877,0.018477077343476877
ridge,3,USM2_USM3_pose_global_one_arm_only_active_fraction,0.01818963580790018,0.01818963580790018
ridge,3,USM0_USM3_pose_global_distance_range_rel,0.018022736855003565,0.018022736855003565
ridge,3,USM0_USM3_pose_global_both_idle_fraction,-0.01704141270232853,0.01704141270232853
ridge,3,USM3_pose_global_max_abs_angular_acceleration_rad_s2,-0.01693452380496413,0.01693452380496413
ridge,3,USM3_pose_global_economy_area_xz,0.016865118761653603,0.016865118761653603
ridge,3,camera_max_speed_m_s,0.01674307377770636,0.01674307377770636
ridge,3,USM0_pose_global_max_speed_l2,-0.015590901557913118,0.015590901557913118
ridge,3,USM0_USM2_pose_global_path_length_imbalance,0.015477467150350999,0.015477467150350999
ridge,3,USM0_pose_global_economy_area_yz,-0.014627670583587861,0.014627670583587861
ridge,3,USM2_pose_global_rotation_path_radians,-0.014580435768369926,0.014580435768369926
ridge,3,USM2_USM3_pose_global_mean_distance_rel,-0.014225423447928124,0.014225423447928124
ridge,3,USM3_pose_global_net_displacement_l2,-0.01356752602263027,0.01356752602263027
ridge,3,USM3_pose_global_max_angular_speed_rad_s,-0.012319552733023875,0.012319552733023875
ridge,3,camera_max_angular_speed_rad_s,0.012132584861503825,0.012132584861503825
ridge,3,USM0_USM3_pose_global_mean_distance_rel,-0.011984800192898375,0.011984800192898375
ridge,3,USM0_pose_global_economy_area_xy,-0.011641217941249896,0.011641217941249896
ridge,3,USM3_pose_global_rotation_determinant_mean,0.011377187468438568,0.011377187468438568
ridge,3,active_pair_mean_abs_relative_speed,-0.010382745116285669,0.010382745116285669
ridge,3,USM0_pose_global_economy_volume,-0.010275472670783204,0.010275472670783204
ridge,3,USM0_pose_global_rotation_determinant_std,0.008981305665803055,0.008981305665803055
ridge,3,USM0_pose_global_max_gap_seconds,-0.008737831508646736,0.008737831508646736
ridge,3,camera_to_USM3_max_distance_m,0.00794495573100867,0.00794495573100867
ridge,3,USM0_USM3_pose_global_speed_correlation,0.007254422824288815,0.007254422824288815
ridge,3,USM0_pose_global_pause_fraction,-0.006187283591883094,0.006187283591883094
ridge,3,USM0_pose_global_idle_fraction_relative,-0.005756362480179933,0.005756362480179933
ridge,3,USM3_pose_global_jerk_cost,0.005633423337598233,0.005633423337598233
ridge,3,USM2_USM3_pose_global_path_length_imbalance,0.005219472996942122,0.005219472996942122
ridge,3,USM0_USM2_pose_global_speed_correlation,0.00464351054994909,0.00464351054994909
ridge,3,USM0_pose_global_rms_speed_l2,0.004437113533528274,0.004437113533528274
ridge,3,USM0_USM2_pose_global_mean_abs_relative_speed,-0.004125563791865235,0.004125563791865235
ridge,3,USM0_pose_global_economy_area_xz,0.003362595881546275,0.003362595881546275
ridge,3,USM0_USM3_pose_global_std_distance_rel,-0.002770610606684411,0.002770610606684411
ridge,3,USM3_pose_global_raw_path_l2,0.0026123453723635322,0.0026123453723635322
ridge,3,USM2_pose_global_max_speed_l2,-0.0015188513100862777,0.0015188513100862777
ridge,3,USM3_pose_global_x_range_m,0.0009204551722189333,0.0009204551722189333
ridge,3,camera_to_USM3_mean_distance_m,0.0005066667600378489,0.0005066667600378489
ridge,3,USM3_pose_global_y_range_m,-4.612900755294134e-05,4.612900755294134e-05
ridge,4,USM2_pose_global_mean_abs_angular_acceleration_rad_s2,0.13515536167609266,0.13515536167609266
ridge,4,USM2_pose_global_mean_angular_speed_rad_s,0.13477202726033,0.13477202726033
ridge,4,USM0_pose_global_rotation_orthogonality_error_mean,0.13285070120792572,0.13285070120792572
ridge,4,USM2_pose_global_rotation_orthogonality_error_mean,0.12945320513508898,0.12945320513508898
ridge,4,USM0_pose_global_rotation_determinant_mean,-0.1259133436182063,0.1259133436182063
ridge,4,USM0_pose_global_rotation_orthogonality_error_max,0.11818902061370594,0.11818902061370594
ridge,4,USM0_pose_global_n_samples,-0.11094875741561484,0.11094875741561484
ridge,4,camera_log_dimensionless_jerk,0.10921214274200151,0.10921214274200151
ridge,4,USM2_pose_global_rotation_orthogonality_error_max,0.10794873737131642,0.10794873737131642
ridge,4,USM2_pose_global_pause_duration_seconds,-0.10671661681806484,0.10671661681806484
ridge,4,USM0_pose_global_mean_abs_angular_acceleration_rad_s2,0.1055448227940746,0.1055448227940746
ridge,4,USM3_pose_global_pause_duration_seconds,-0.10463196336497085,0.10463196336497085
ridge,4,USM0_pose_global_movement_economy,-0.10124808919278283,0.10124808919278283
ridge,4,camera_pause_duration_seconds,-0.09693385124813604,0.09693385124813604
ridge,4,USM0_pose_global_raw_path_l2,-0.0948833501052982,0.0948833501052982
ridge,4,USM0_pose_global_mean_angular_speed_rad_s,0.09244769079132782,0.09244769079132782
ridge,4,USM2_pose_global_rotation_determinant_mean,-0.08886410404199857,0.08886410404199857
ridge,4,USM0_pose_global_pause_duration_seconds,-0.08760330921718575,0.08760330921718575
ridge,4,USM3_pose_global_pause_fraction,-0.08550363693676084,0.08550363693676084
ridge,4,USM2_pose_global_pause_count,-0.08507538898509148,0.08507538898509148
ridge,4,USM3_pose_global_pause_count,-0.08505235317547173,0.08505235317547173
ridge,4,USM2_pose_global_raw_path_l2,-0.08464719192723782,0.08464719192723782
ridge,4,USM0_pose_global_mean_acceleration_l2,0.07933835040825875,0.07933835040825875
ridge,4,active_pair_path_length_b_rel,-0.07882587083011089,0.07882587083011089
ridge,4,USM0_pose_global_rotation_path_radians,-0.07811529273470892,0.07811529273470892
ridge,4,USM3_pose_global_rotation_determinant_std,-0.07713418362169899,0.07713418362169899
ridge,4,USM2_pose_global_mean_acceleration_l2,0.07697143900797115,0.07697143900797115
ridge,4,USM2_pose_global_log_dimensionless_jerk,0.075645688357674,0.075645688357674
ridge,4,camera_to_USM3_std_distance_m,0.07538970012377598,0.07538970012377598
ridge,4,USM2_pose_global_movement_economy,-0.07472678882388113,0.07472678882388113
ridge,4,active_psm_count,-0.07369061026745215,0.07369061026745215
ridge,4,camera_to_USM3_max_distance_m,0.07265472298143813,0.07265472298143813
ridge,4,all_psm_pose_global_path_total_m,-0.07245849543565283,0.07245849543565283
ridge,4,USM2_pose_global_path_l2,-0.07176947620900438,0.07176947620900438
ridge,4,USM2_pose_global_pause_fraction,-0.07119160665292781,0.07119160665292781
ridge,4,USM3_pose_global_idle_fraction_relative,-0.0679962559756965,0.0679962559756965
ridge,4,USM3_pose_global_active,-0.06749538717507912,0.06749538717507912
ridge,4,USM0_pose_global_log_dimensionless_jerk,0.06723367529285218,0.06723367529285218
ridge,4,USM0_USM2_pose_global_simultaneous_active_fraction,0.0669168061721747,0.0669168061721747
ridge,4,camera_to_USM3_mean_distance_m,0.06526139378764065,0.06526139378764065
ridge,4,USM0_pose_global_median_dt_seconds,0.06520556647009575,0.06520556647009575
ridge,4,USM2_pose_global_mean_speed_l2,0.06429789639031697,0.06429789639031697
ridge,4,USM0_USM3_pose_global_mean_abs_relative_speed,0.0640225027163524,0.0640225027163524
ridge,4,USM2_USM3_pose_global_distance_range_rel,0.06362113059808959,0.06362113059808959
ridge,4,USM0_USM2_pose_global_speed_correlation,0.06167329778250246,0.06167329778250246
ridge,4,USM0_pose_global_mean_speed_l2,0.0615031792876304,0.0615031792876304
ridge,4,USM0_pose_global_pause_count,-0.06147780922731913,0.06147780922731913
ridge,4,USM2_pose_global_idle_threshold_relative,0.05928212625865725,0.05928212625865725
ridge,4,active_pair_simultaneous_active_fraction,0.059054806722726776,0.059054806722726776
ridge,4,USM2_pose_global_idle_fraction_relative,-0.05830454838935898,0.05830454838935898
ridge,4,USM3_pose_global_movement_economy,0.057316255179539935,0.057316255179539935
ridge,4,camera_mean_angular_speed_rad_s,0.05510176073089052,0.05510176073089052
ridge,4,camera_to_USM2_std_distance_m,-0.054516337000975024,0.054516337000975024
ridge,4,USM3_pose_global_log_dimensionless_jerk,0.052326993186394104,0.052326993186394104
ridge,4,USM0_pose_global_idle_threshold_relative,0.05222775130418176,0.05222775130418176
ridge,4,USM2_USM3_pose_global_mean_abs_relative_speed,0.051506704207770794,0.051506704207770794
ridge,4,USM0_USM2_pose_global_one_arm_only_active_fraction,-0.051157240843140585,0.051157240843140585
ridge,4,USM0_pose_global_active,-0.04999844475722745,0.04999844475722745
ridge,4,camera_pause_count,-0.04954382242765168,0.04954382242765168
ridge,4,camera_to_USM0_std_distance_m,-0.04788731546448694,0.04788731546448694
ridge,4,USM2_pose_global_max_angular_speed_rad_s,0.0477702210193151,0.0477702210193151
ridge,4,active_pair_one_arm_only_active_fraction,-0.04759635833725973,0.04759635833725973
ridge,4,active_pair_speed_correlation,0.04724079909610189,0.04724079909610189
ridge,4,camera_moving_duration_s,-0.04618509771818859,0.04618509771818859
ridge,4,camera_move_count,-0.04570618185374606,0.04570618185374606
ridge,4,USM0_pose_global_dimensionless_jerk,0.04568676992855026,0.04568676992855026
ridge,4,USM0_USM3_pose_global_mean_distance_rel,0.04394971022463513,0.04394971022463513
ridge,4,USM3_pose_global_dimensionless_jerk,-0.04378874888759019,0.04378874888759019
ridge,4,USM2_USM3_pose_global_both_idle_fraction,-0.04341059492705345,0.04341059492705345
ridge,4,camera_to_USM0_mean_distance_m,-0.043209231460884324,0.043209231460884324
ridge,4,USM0_pose_global_net_displacement_l2,-0.04307424584662866,0.04307424584662866
ridge,4,USM0_USM3_pose_global_one_arm_only_active_fraction,-0.04187125246501311,0.04187125246501311
ridge,4,USM2_pose_global_net_displacement_l2,-0.04171109738876447,0.04171109738876447
ridge,4,USM3_pose_global_max_acceleration_l2,0.04149700067557323,0.04149700067557323
ridge,4,USM3_pose_global_max_jerk_l2,0.04123939609120265,0.04123939609120265
ridge,4,USM0_USM2_pose_global_std_distance_rel,-0.039655004536192556,0.039655004536192556
ridge,4,camera_to_USM0_max_distance_m,-0.03948425500200066,0.03948425500200066
ridge,4,USM0_USM2_pose_global_alignment_coverage,0.039344763080699,0.039344763080699
ridge,4,active_pair_usm_a,0.03890703727240577,0.03890703727240577
ridge,4,USM3_pose_global_max_speed_l2,0.037352094283968094,0.037352094283968094
ridge,4,USM2_USM3_pose_global_std_distance_rel,0.03700050577611342,0.03700050577611342
ridge,4,USM2_pose_global_dimensionless_jerk,-0.036852053284757096,0.036852053284757096
ridge,4,camera_rotation_path_radians,-0.03524677630493306,0.03524677630493306
ridge,4,USM2_pose_global_max_abs_angular_acceleration_rad_s2,0.034873929881578926,0.034873929881578926
ridge,4,active_pair_path_length_imbalance,-0.03392162080940878,0.03392162080940878
ridge,4,USM3_pose_global_rms_speed_l2,0.03309031268083282,0.03309031268083282
ridge,4,USM0_pose_global_y_range_m,-0.03227911160836087,0.03227911160836087
ridge,4,USM2_pose_global_rotation_path_radians,-0.03176862560866816,0.03176862560866816
ridge,4,USM0_USM3_pose_global_distance_range_rel,0.031591165541684944,0.031591165541684944
ridge,4,USM3_pose_global_economy_area_xz,0.031232279144315863,0.031232279144315863
ridge,4,USM0_pose_global_z_range_m,-0.031083213645098456,0.031083213645098456
ridge,4,USM2_USM3_pose_global_one_arm_only_active_fraction,0.030847910721920065,0.030847910721920065
ridge,4,USM3_pose_global_rotation_orthogonality_error_max,-0.030416023734135107,0.030416023734135107
ridge,4,USM0_USM2_pose_global_path_length_imbalance,-0.02964245423304145,0.02964245423304145
ridge,4,USM2_pose_global_economy_area_xz,0.02955602208399453,0.02955602208399453
ridge,4,camera_max_speed_m_s,0.029466916458690817,0.029466916458690817
ridge,4,USM3_pose_global_economy_area_xy,0.02910401918551237,0.02910401918551237
ridge,4,USM0_USM3_pose_global_path_length_imbalance,-0.028252097204709344,0.028252097204709344
ridge,4,USM2_USM3_pose_global_simultaneous_active_fraction,0.028092981175959635,0.028092981175959635
ridge,4,camera_mean_speed_m_s,0.02738121008631736,0.02738121008631736
ridge,4,USM0_USM3_pose_global_simultaneous_active_fraction,0.026883456982644376,0.026883456982644376
ridge,4,USM3_pose_global_z_range_m,-0.026797131806629428,0.026797131806629428
ridge,4,USM0_pose_global_x_range_m,-0.02676299511732447,0.02676299511732447
ridge,4,USM2_pose_global_economy_volume,0.026190431881629093,0.026190431881629093
ridge,4,USM0_pose_global_economy_area_yz,-0.025217149080227815,0.025217149080227815
ridge,4,USM3_pose_global_net_displacement_l2,-0.025002706484442416,0.025002706484442416
ridge,4,USM0_pose_global_rotation_determinant_std,0.02436890955008364,0.02436890955008364
ridge,4,USM0_pose_global_max_angular_speed_rad_s,0.024065243581903185,0.024065243581903185
ridge,4,USM2_pose_global_economy_area_xy,0.023827581432731785,0.023827581432731785
ridge,4,USM2_pose_global_z_range_m,-0.02233833796606465,0.02233833796606465
ridge,4,USM0_pose_global_max_abs_angular_acceleration_rad_s2,0.022010943852411056,0.022010943852411056
ridge,4,USM2_pose_global_y_range_m,-0.021903922749790156,0.021903922749790156
ridge,4,USM3_pose_global_workspace_box_volume_m3,-0.021382770303959017,0.021382770303959017
ridge,4,USM2_pose_global_rotation_determinant_std,-0.020710708051677004,0.020710708051677004
ridge,4,USM2_USM3_pose_global_mean_distance_rel,0.019382724955983414,0.019382724955983414
ridge,4,camera_moving_fraction,0.019374508635891165,0.019374508635891165
ridge,4,camera_pause_fraction,-0.01905476446363454,0.01905476446363454
ridge,4,USM2_pose_global_economy_area_yz,0.018841268065184328,0.018841268065184328
ridge,4,USM3_pose_global_mean_speed_l2,0.01858074501707877,0.01858074501707877
ridge,4,USM3_pose_global_rotation_orthogonality_error_mean,-0.014667556259191014,0.014667556259191014
ridge,4,USM3_pose_global_raw_path_l2,-0.014407424195933482,0.014407424195933482
ridge,4,USM0_pose_global_economy_volume,-0.01426186663493372,0.01426186663493372
ridge,4,USM0_USM2_pose_global_mean_abs_relative_speed,-0.013976679250422824,0.013976679250422824
ridge,4,USM3_pose_global_jerk_cost,0.013968913194274124,0.013968913194274124
ridge,4,USM0_pose_global_max_gap_seconds,-0.01350593948034851,0.01350593948034851
ridge,4,USM0_pose_global_economy_area_xy,-0.013264431547318583,0.013264431547318583
ridge,4,USM0_pose_global_max_speed_l2,-0.012678146549761805,0.012678146549761805
ridge,4,USM2_USM3_pose_global_path_length_imbalance,-0.012602313238748754,0.012602313238748754
ridge,4,USM0_USM3_pose_global_std_distance_rel,0.012156527097247339,0.012156527097247339
ridge,4,USM3_pose_global_mean_angular_speed_rad_s,-0.01172212709422252,0.01172212709422252
ridge,4,USM0_USM3_pose_global_speed_correlation,-0.011588025286633405,0.011588025286633405
ridge,4,USM3_pose_global_economy_area_yz,-0.01116399843955746,0.01116399843955746
ridge,4,camera_path_length_m,-0.01035052735412536,0.01035052735412536
ridge,4,active_pair_usm_b,0.010001228176684657,0.010001228176684657
ridge,4,USM0_pose_global_rms_speed_l2,0.009367865204428893,0.009367865204428893
ridge,4,USM2_pose_global_x_range_m,-0.008756351181502049,0.008756351181502049
ridge,4,USM0_USM2_pose_global_both_idle_fraction,-0.008646333771746425,0.008646333771746425
ridge,4,USM2_USM3_pose_global_speed_correlation,0.008430840397938776,0.008430840397938776
ridge,4,camera_max_angular_speed_rad_s,0.008378817964681396,0.008378817964681396
ridge,4,USM3_pose_global_idle_threshold_relative,-0.008081050203231637,0.008081050203231637
ridge,4,USM3_pose_global_rotation_determinant_mean,-0.006952065915323492,0.006952065915323492
ridge,4,USM3_pose_global_y_range_m,0.006480393179884553,0.006480393179884553
ridge,4,USM3_pose_global_rotation_path_radians,-0.005765041072141275,0.005765041072141275
ridge,4,USM0_USM3_pose_global_both_idle_fraction,0.005698503958927746,0.005698503958927746
ridge,4,USM3_pose_global_max_abs_angular_acceleration_rad_s2,-0.004790934568737294,0.004790934568737294
ridge,4,USM0_pose_global_idle_fraction_relative,0.0038894067729803006,0.0038894067729803006
ridge,4,USM3_pose_global_economy_volume,-0.0038367345917698376,0.0038367345917698376
ridge,4,camera_to_all_tools_mean_distance_m,-0.0036635869537302895,0.0036635869537302895
ridge,4,USM3_pose_global_max_angular_speed_rad_s,-0.002650579112925498,0.002650579112925498
ridge,4,USM0_pose_global_economy_area_xz,0.0013487638856001167,0.0013487638856001167
ridge,4,USM3_pose_global_x_range_m,0.0013297883176195259,0.0013297883176195259
ridge,4,USM0_pose_global_pause_fraction,0.00014687843114128958,0.00014687843114128958
ridge,5,active_pair_simultaneous_active_fraction,0.12366132360759635,0.12366132360759635
ridge,5,USM0_pose_global_rotation_orthogonality_error_mean,0.11976308309313151,0.11976308309313151
ridge,5,USM0_pose_global_rotation_determinant_mean,-0.1184794886146663,0.1184794886146663
ridge,5,USM0_pose_global_rotation_orthogonality_error_max,0.11352619358055592,0.11352619358055592
ridge,5,USM2_pose_global_mean_angular_speed_rad_s,0.10891775889139728,0.10891775889139728
ridge,5,USM0_pose_global_n_samples,-0.1063341902385338,0.1063341902385338
ridge,5,USM2_pose_global_pause_duration_seconds,-0.10600020120388319,0.10600020120388319
ridge,5,USM3_pose_global_pause_count,-0.10481871608818935,0.10481871608818935
ridge,5,USM0_pose_global_mean_angular_speed_rad_s,0.10236712936470933,0.10236712936470933
ridge,5,camera_log_dimensionless_jerk,0.10086299289808706,0.10086299289808706
ridge,5,USM3_pose_global_pause_duration_seconds,-0.10046029544928216,0.10046029544928216
ridge,5,USM0_pose_global_movement_economy,-0.10008265314926658,0.10008265314926658
ridge,5,USM0_USM2_pose_global_simultaneous_active_fraction,0.09825004688545216,0.09825004688545216
ridge,5,camera_pause_duration_seconds,-0.09522095433381429,0.09522095433381429
ridge,5,USM2_pose_global_mean_abs_angular_acceleration_rad_s2,0.0933054683925284,0.0933054683925284
ridge,5,USM0_pose_global_pause_duration_seconds,-0.09318739160581434,0.09318739160581434
ridge,5,USM0_pose_global_mean_abs_angular_acceleration_rad_s2,0.09249602372291851,0.09249602372291851
ridge,5,USM2_pose_global_pause_count,-0.09004006070833985,0.09004006070833985
ridge,5,camera_pause_count,-0.08714431344524497,0.08714431344524497
ridge,5,USM2_pose_global_raw_path_l2,-0.08120719213897803,0.08120719213897803
ridge,5,USM0_pose_global_raw_path_l2,-0.07832105965991401,0.07832105965991401
ridge,5,USM0_pose_global_log_dimensionless_jerk,0.07716237544025413,0.07716237544025413
ridge,5,USM2_pose_global_log_dimensionless_jerk,0.07547312779693598,0.07547312779693598
ridge,5,active_psm_count,-0.0752333863357711,0.0752333863357711
ridge,5,USM2_pose_global_pause_fraction,-0.07379381381032742,0.07379381381032742
ridge,5,USM3_pose_global_pause_fraction,-0.07315058188953504,0.07315058188953504
ridge,5,active_pair_speed_correlation,0.07213080002074398,0.07213080002074398
ridge,5,USM2_pose_global_path_l2,-0.07152678954395843,0.07152678954395843
ridge,5,USM0_pose_global_mean_acceleration_l2,0.07136559210783265,0.07136559210783265
ridge,5,USM3_pose_global_active,-0.06973083237274202,0.06973083237274202
ridge,5,USM3_pose_global_idle_fraction_relative,-0.06879435655950514,0.06879435655950514
ridge,5,active_pair_path_length_b_rel,-0.06795959567311013,0.06795959567311013
ridge,5,active_pair_one_arm_only_active_fraction,-0.06690368183239041,0.06690368183239041
ridge,5,USM2_pose_global_idle_fraction_relative,-0.06640257964673695,0.06640257964673695
ridge,5,camera_to_USM3_max_distance_m,0.0662078671475158,0.0662078671475158
ridge,5,USM0_pose_global_pause_count,-0.06471082767360134,0.06471082767360134
ridge,5,USM2_USM3_pose_global_both_idle_fraction,-0.06370527951867057,0.06370527951867057
ridge,5,USM0_USM3_pose_global_simultaneous_active_fraction,0.06347113091916114,0.06347113091916114
ridge,5,USM2_pose_global_rotation_orthogonality_error_mean,0.06318109907622922,0.06318109907622922
ridge,5,all_psm_pose_global_path_total_m,-0.06281928169109555,0.06281928169109555
ridge,5,USM2_pose_global_mean_acceleration_l2,0.06099761349774824,0.06099761349774824
ridge,5,camera_mean_angular_speed_rad_s,0.060809608859834975,0.060809608859834975
ridge,5,USM0_pose_global_mean_speed_l2,0.06073411570013594,0.06073411570013594
ridge,5,camera_to_USM3_mean_distance_m,0.06006861400433528,0.06006861400433528
ridge,5,USM3_pose_global_mean_angular_speed_rad_s,0.059933922754476704,0.059933922754476704
ridge,5,USM0_pose_global_idle_threshold_relative,0.05976557027304168,0.05976557027304168
ridge,5,USM2_USM3_pose_global_mean_abs_relative_speed,0.058732657165742747,0.058732657165742747
ridge,5,USM0_pose_global_rotation_path_radians,-0.057725926616379555,0.057725926616379555
ridge,5,USM2_USM3_pose_global_distance_range_rel,0.05737281947092883,0.05737281947092883
ridge,5,USM0_pose_global_median_dt_seconds,0.05729120307809816,0.05729120307809816
ridge,5,USM2_pose_global_movement_economy,-0.05703643013631441,0.05703643013631441
ridge,5,USM0_USM3_pose_global_mean_abs_relative_speed,0.05645574873752743,0.05645574873752743
ridge,5,USM3_pose_global_rotation_determinant_std,-0.05516275392954735,0.05516275392954735
ridge,5,camera_move_count,-0.055159452585955025,0.055159452585955025
ridge,5,USM2_pose_global_rotation_determinant_mean,-0.054810857876134676,0.054810857876134676
ridge,5,USM3_pose_global_idle_threshold_relative,0.05443641078916958,0.05443641078916958
ridge,5,USM0_USM2_pose_global_one_arm_only_active_fraction,-0.05379172431303696,0.05379172431303696
ridge,5,USM0_USM3_pose_global_path_length_imbalance,-0.05235204399945857,0.05235204399945857
ridge,5,camera_to_USM2_std_distance_m,-0.05232710042173449,0.05232710042173449
ridge,5,camera_to_USM3_std_distance_m,0.052293638777694745,0.052293638777694745
ridge,5,USM2_pose_global_mean_speed_l2,0.051662090425253895,0.051662090425253895
ridge,5,USM3_pose_global_log_dimensionless_jerk,0.051045454582488825,0.051045454582488825
ridge,5,camera_to_USM0_std_distance_m,-0.05018651837657499,0.05018651837657499
ridge,5,USM2_pose_global_rotation_determinant_std,-0.05009488472471083,0.05009488472471083
ridge,5,active_pair_path_length_imbalance,-0.049780364401322615,0.049780364401322615
ridge,5,camera_moving_duration_s,-0.04968658288994698,0.04968658288994698
ridge,5,USM3_pose_global_mean_abs_angular_acceleration_rad_s2,0.04863221776350909,0.04863221776350909
ridge,5,USM2_pose_global_rotation_orthogonality_error_max,0.047711033507059755,0.047711033507059755
ridge,5,USM2_USM3_pose_global_simultaneous_active_fraction,0.04770620641102105,0.04770620641102105
ridge,5,USM0_pose_global_active,-0.04719197405288232,0.04719197405288232
ridge,5,USM2_pose_global_max_angular_speed_rad_s,0.04686459916019202,0.04686459916019202
ridge,5,active_pair_usm_a,0.04623370425002873,0.04623370425002873
ridge,5,USM0_USM3_pose_global_one_arm_only_active_fraction,-0.04486287745301341,0.04486287745301341
ridge,5,USM0_pose_global_dimensionless_jerk,0.04419048904515713,0.04419048904515713
ridge,5,USM3_pose_global_mean_speed_l2,0.043976970497983346,0.043976970497983346
ridge,5,USM3_pose_global_rotation_path_radians,0.04324371489398009,0.04324371489398009
ridge,5,USM0_USM2_pose_global_speed_correlation,0.04302685341627387,0.04302685341627387
ridge,5,camera_to_USM0_mean_distance_m,-0.042899327725943855,0.042899327725943855
ridge,5,USM2_pose_global_idle_threshold_relative,0.0411770774218416,0.0411770774218416
ridge,5,active_pair_both_idle_fraction,-0.04102386129202691,0.04102386129202691
ridge,5,USM2_pose_global_economy_area_xy,0.04023778102029541,0.04023778102029541
ridge,5,camera_to_USM0_max_distance_m,-0.0397510638435366,0.0397510638435366
ridge,5,USM2_pose_global_economy_volume,0.039367310460105866,0.039367310460105866
ridge,5,USM0_pose_global_net_displacement_l2,-0.03925592551911827,0.03925592551911827
ridge,5,USM2_pose_global_economy_area_xz,0.037786499163891735,0.037786499163891735
ridge,5,USM3_pose_global_dimensionless_jerk,-0.03751140785805551,0.03751140785805551
ridge,5,USM0_USM3_pose_global_mean_distance_rel,0.0373777217606705,0.0373777217606705
ridge,5,active_pair_usm_b,0.03721673604841136,0.03721673604841136
ridge,5,USM3_pose_global_mean_acceleration_l2,0.03632300028223001,0.03632300028223001
ridge,5,USM0_pose_global_idle_fraction_relative,-0.036225526446608855,0.036225526446608855
ridge,5,USM0_USM2_pose_global_std_distance_rel,-0.0359328904236002,0.0359328904236002
ridge,5,USM3_pose_global_max_acceleration_l2,0.03482778402298604,0.03482778402298604
ridge,5,USM2_pose_global_net_displacement_l2,-0.034700298167196955,0.034700298167196955
ridge,5,USM3_pose_global_movement_economy,0.03390769913472755,0.03390769913472755
ridge,5,USM0_pose_global_economy_area_yz,-0.033521603964753476,0.033521603964753476
ridge,5,USM0_USM2_pose_global_both_idle_fraction,-0.032828988987587605,0.032828988987587605
ridge,5,USM2_USM3_pose_global_one_arm_only_active_fraction,0.03239121358838745,0.03239121358838745
ridge,5,USM2_pose_global_rotation_path_radians,-0.03125774945488687,0.03125774945488687
ridge,5,USM0_pose_global_z_range_m,-0.03080739236483646,0.03080739236483646
ridge,5,USM3_pose_global_max_speed_l2,0.030522520007219143,0.030522520007219143
ridge,5,USM3_pose_global_rotation_orthogonality_error_max,-0.0301167835117432,0.0301167835117432
ridge,5,USM0_pose_global_x_range_m,-0.029868951314432016,0.029868951314432016
ridge,5,USM0_pose_global_y_range_m,-0.029848492332529553,0.029848492332529553
ridge,5,USM0_pose_global_pause_fraction,-0.029685831808348738,0.029685831808348738
ridge,5,USM2_pose_global_max_abs_angular_acceleration_rad_s2,0.02937863776112536,0.02937863776112536
ridge,5,USM2_pose_global_dimensionless_jerk,-0.02903034332709424,0.02903034332709424
ridge,5,USM3_pose_global_rms_speed_l2,0.02879017058225424,0.02879017058225424
ridge,5,USM0_USM2_pose_global_alignment_coverage,0.028399184978902824,0.028399184978902824
ridge,5,USM3_pose_global_workspace_box_volume_m3,-0.02816261418548474,0.02816261418548474
ridge,5,USM0_pose_global_economy_volume,-0.0280496868717311,0.0280496868717311
ridge,5,USM2_USM3_pose_global_std_distance_rel,0.028034937701737515,0.028034937701737515
ridge,5,USM3_pose_global_y_range_m,0.027750989255905543,0.027750989255905543
ridge,5,USM3_pose_global_rotation_orthogonality_error_mean,-0.0275851729787387,0.0275851729787387
ridge,5,USM0_USM3_pose_global_speed_correlation,0.027566396869112383,0.027566396869112383
ridge,5,USM3_pose_global_economy_area_xy,0.027299890372199997,0.027299890372199997
ridge,5,USM2_pose_global_y_range_m,-0.027196113594181046,0.027196113594181046
ridge,5,USM0_pose_global_economy_area_xy,-0.026394341312164896,0.026394341312164896
ridge,5,camera_max_speed_m_s,0.02601217636573863,0.02601217636573863
ridge,5,USM2_pose_global_economy_area_yz,0.025340730384319797,0.025340730384319797
ridge,5,USM0_USM3_pose_global_both_idle_fraction,-0.024866403261322067,0.024866403261322067
ridge,5,USM3_pose_global_max_jerk_l2,0.02471360184902287,0.02471360184902287
ridge,5,camera_rotation_path_radians,-0.024457491035054867,0.024457491035054867
ridge,5,camera_pause_fraction,-0.02199086919278182,0.02199086919278182
ridge,5,camera_max_angular_speed_rad_s,0.02186214882544181,0.02186214882544181
ridge,5,camera_path_length_m,-0.02081714052664805,0.02081714052664805
ridge,5,USM2_pose_global_z_range_m,-0.020152641196522814,0.020152641196522814
ridge,5,USM3_pose_global_economy_area_xz,0.02009951080873437,0.02009951080873437
ridge,5,camera_moving_fraction,0.01915971367068071,0.01915971367068071
ridge,5,USM2_USM3_pose_global_mean_distance_rel,0.016962292325680743,0.016962292325680743
ridge,5,USM0_USM3_pose_global_distance_range_rel,0.01689887781617551,0.01689887781617551
ridge,5,USM0_pose_global_economy_area_xz,-0.016828579986976823,0.016828579986976823
ridge,5,USM3_pose_global_net_displacement_l2,-0.01659138903800642,0.01659138903800642
ridge,5,USM3_pose_global_z_range_m,-0.016565578917018313,0.016565578917018313
ridge,5,active_pair_mean_abs_relative_speed,-0.015754884362779397,0.015754884362779397
ridge,5,USM2_USM3_pose_global_path_length_imbalance,-0.015422268148477365,0.015422268148477365
ridge,5,USM0_pose_global_max_gap_seconds,-0.01537553526522798,0.01537553526522798
ridge,5,USM0_pose_global_max_abs_angular_acceleration_rad_s2,-0.015251473687647807,0.015251473687647807
ridge,5,camera_mean_speed_m_s,0.013096955952993625,0.013096955952993625
ridge,5,USM2_USM3_pose_global_speed_correlation,-0.012272189622560867,0.012272189622560867
ridge,5,USM3_pose_global_x_range_m,-0.01176683675964713,0.01176683675964713
ridge,5,USM3_pose_global_economy_area_yz,-0.011553803750943547,0.011553803750943547
ridge,5,USM0_pose_global_max_angular_speed_rad_s,-0.008633474673665235,0.008633474673665235
ridge,5,USM3_pose_global_rotation_determinant_mean,0.008534365909944079,0.008534365909944079
ridge,5,USM0_pose_global_rotation_determinant_std,0.0076037952912351384,0.0076037952912351384
ridge,5,USM3_pose_global_raw_path_l2,0.007566096467391158,0.007566096467391158
ridge,5,USM0_USM2_pose_global_mean_abs_relative_speed,-0.007504083349963829,0.007504083349963829
ridge,5,USM0_USM3_pose_global_std_distance_rel,-0.006989578026527692,0.006989578026527692
ridge,5,USM3_pose_global_max_abs_angular_acceleration_rad_s2,-0.006020469539117838,0.006020469539117838
ridge,5,USM3_pose_global_economy_volume,-0.005905099072839227,0.005905099072839227
ridge,5,camera_to_all_tools_mean_distance_m,-0.005501915564102389,0.005501915564102389
ridge,5,USM3_pose_global_max_angular_speed_rad_s,-0.005045809002715846,0.005045809002715846
ridge,5,USM2_pose_global_x_range_m,-0.004858734252188233,0.004858734252188233
ridge,5,USM0_USM2_pose_global_path_length_imbalance,0.003661287832238719,0.003661287832238719
ridge,5,USM3_pose_global_jerk_cost,0.0023721122959586617,0.0023721122959586617
ridge,5,USM0_pose_global_rms_speed_l2,0.0008841313866138124,0.0008841313866138124
elastic_net,1,camera_to_USM0_mean_distance_m,-0.2616716150814961,0.2616716150814961
elastic_net,1,USM2_pose_global_mean_angular_speed_rad_s,0.26026862930521205,0.26026862930521205
elastic_net,1,camera_to_USM0_min_distance_m,-0.25981230913305303,0.25981230913305303
elastic_net,1,USM0_pose_global_rotation_determinant_mean,-0.24384111323275273,0.24384111323275273
elastic_net,1,USM0_USM3_pose_global_one_arm_only_active_fraction,-0.21859242680055724,0.21859242680055724
elastic_net,1,USM2_pose_global_rms_speed_l2,0.21689910531186934,0.21689910531186934
elastic_net,1,USM0_pose_global_rotation_orthogonality_error_mean,0.21093771839198439,0.21093771839198439
elastic_net,1,active_pair_simultaneous_active_fraction,0.20043634494511361,0.20043634494511361
elastic_net,1,USM0_pose_global_rotation_orthogonality_error_max,0.19291033103869695,0.19291033103869695
elastic_net,1,USM2_pose_global_rotation_determinant_std,-0.18504447139215835,0.18504447139215835
elastic_net,1,USM2_pose_global_rotation_orthogonality_error_mean,0.165175563868491,0.165175563868491
elastic_net,1,USM2_USM3_pose_global_mean_abs_relative_speed,0.16357803994126202,0.16357803994126202
elastic_net,1,USM0_pose_global_rms_speed_l2,0.15631847085934047,0.15631847085934047
elastic_net,1,camera_to_USM3_std_distance_m,0.15031541914737298,0.15031541914737298
elastic_net,1,USM3_pose_global_pause_fraction,-0.14918456664465843,0.14918456664465843
elastic_net,1,USM3_pose_global_idle_fraction_relative,-0.14411284760080637,0.14411284760080637
elastic_net,1,USM2_pose_global_pause_duration_seconds,-0.14123937487235175,0.14123937487235175
elastic_net,1,USM0_USM3_pose_global_simultaneous_active_fraction,0.14078966601700685,0.14078966601700685
elastic_net,1,camera_rotation_path_radians,-0.13894685187957168,0.13894685187957168
elastic_net,1,camera_pause_duration_seconds,-0.13531142525247725,0.13531142525247725
elastic_net,1,camera_to_primary_tools_mean_distance_m,-0.1339662239901067,0.1339662239901067
elastic_net,1,USM0_pose_global_n_samples,-0.1334516196140544,0.1334516196140544
elastic_net,1,USM0_pose_global_mean_angular_speed_rad_s,0.12718845271334256,0.12718845271334256
elastic_net,1,USM0_pose_global_movement_economy,-0.12653475370801934,0.12653475370801934
elastic_net,1,USM2_USM3_pose_global_simultaneous_active_fraction,0.12575010205996567,0.12575010205996567
elastic_net,1,USM0_pose_global_log_dimensionless_jerk,0.1202284369256184,0.1202284369256184
elastic_net,1,USM3_pose_global_pause_duration_seconds,-0.11854629827821092,0.11854629827821092
elastic_net,1,USM2_pose_global_pause_fraction,-0.11727557262352666,0.11727557262352666
elastic_net,1,USM2_pose_global_mean_abs_angular_acceleration_rad_s2,0.11604088797204531,0.11604088797204531
elastic_net,1,USM2_pose_global_rotation_determinant_mean,-0.11104922077223774,0.11104922077223774
elastic_net,1,USM2_pose_global_idle_fraction_relative,-0.10823453056459184,0.10823453056459184
elastic_net,1,USM0_USM2_pose_global_simultaneous_active_fraction,0.10780273956249943,0.10780273956249943
elastic_net,1,USM2_pose_global_max_speed_l2,0.10749942993085375,0.10749942993085375
elastic_net,1,USM2_USM3_pose_global_both_idle_fraction,-0.10678763061190312,0.10678763061190312
elastic_net,1,camera_to_USM2_std_distance_m,-0.10333450912100053,0.10333450912100053
elastic_net,1,USM2_USM3_pose_global_distance_range_rel,0.10321409598524463,0.10321409598524463
elastic_net,1,USM2_pose_global_log_dimensionless_jerk,0.10241276058354816,0.10241276058354816
elastic_net,1,USM3_pose_global_max_acceleration_l2,0.10138769698136636,0.10138769698136636
elastic_net,1,camera_log_dimensionless_jerk,0.10072277862962979,0.10072277862962979
elastic_net,1,USM3_pose_global_pause_count,-0.09525217396391418,0.09525217396391418
elastic_net,1,camera_max_angular_speed_rad_s,-0.0905892595075041,0.0905892595075041
elastic_net,1,USM0_pose_global_mean_acceleration_l2,0.0905058742127386,0.0905058742127386
elastic_net,1,USM3_pose_global_mean_angular_speed_rad_s,0.08855951318251562,0.08855951318251562
elastic_net,1,USM0_pose_global_pause_duration_seconds,-0.0851730798126631,0.0851730798126631
elastic_net,1,USM2_pose_global_max_angular_speed_rad_s,0.08386402920908378,0.08386402920908378
elastic_net,1,USM3_pose_global_log_dimensionless_jerk,0.08367343527009741,0.08367343527009741
elastic_net,1,active_pair_path_length_imbalance,-0.08046950819676266,0.08046950819676266
elastic_net,1,active_pair_speed_correlation,0.07978644943545286,0.07978644943545286
elastic_net,1,USM3_pose_global_rms_speed_l2,0.07887842733100411,0.07887842733100411
elastic_net,1,USM0_pose_global_raw_path_l2,-0.07860038133211855,0.07860038133211855
elastic_net,1,USM2_pose_global_mean_speed_l2,0.07835850427519118,0.07835850427519118
elastic_net,1,USM2_pose_global_mean_acceleration_l2,0.076987923259038,0.076987923259038
elastic_net,1,camera_to_USM3_max_distance_m,0.07652979402802866,0.07652979402802866
elastic_net,1,USM2_pose_global_pause_count,-0.0743403355616843,0.0743403355616843
elastic_net,1,camera_move_count,-0.0734821427887675,0.0734821427887675
elastic_net,1,USM0_pose_global_pause_count,-0.07049260866512323,0.07049260866512323
elastic_net,1,USM3_pose_global_dimensionless_jerk,-0.07047034530664,0.07047034530664
elastic_net,1,USM2_USM3_pose_global_mean_distance_rel,0.06942846490236197,0.06942846490236197
elastic_net,1,USM2_pose_global_raw_path_l2,-0.06585446427343507,0.06585446427343507
elastic_net,1,USM3_pose_global_idle_threshold_relative,0.06582441211852219,0.06582441211852219
elastic_net,1,USM2_pose_global_movement_economy,-0.06355439805860309,0.06355439805860309
elastic_net,1,USM3_pose_global_movement_economy,0.06005580585321838,0.06005580585321838
elastic_net,1,active_pair_std_distance_rel,-0.05762025253786965,0.05762025253786965
elastic_net,1,USM2_pose_global_max_acceleration_l2,0.055684182327442,0.055684182327442
elastic_net,1,USM2_pose_global_rotation_orthogonality_error_max,0.05486356386185165,0.05486356386185165
elastic_net,1,USM3_pose_global_max_jerk_l2,0.05381795377762934,0.05381795377762934
elastic_net,1,USM3_pose_global_max_speed_l2,0.0514096452179913,0.0514096452179913
elastic_net,1,USM0_pose_global_mean_speed_l2,0.0513912375847118,0.0513912375847118
elastic_net,1,camera_moving_duration_s,-0.050983292962652305,0.050983292962652305
elastic_net,1,all_psm_pose_global_path_total_m,-0.05046544590935663,0.05046544590935663
elastic_net,1,USM2_pose_global_net_displacement_l2,-0.04924937075948403,0.04924937075948403
elastic_net,1,USM3_pose_global_y_range_m,0.04745338185249422,0.04745338185249422
elastic_net,1,USM0_USM3_pose_global_speed_correlation,0.04709791063268266,0.04709791063268266
elastic_net,1,USM3_pose_global_mean_abs_angular_acceleration_rad_s2,0.04706660720182358,0.04706660720182358
elastic_net,1,USM0_pose_global_net_displacement_l2,-0.04664656613817478,0.04664656613817478
elastic_net,1,camera_to_USM3_mean_distance_m,0.0458317074290995,0.0458317074290995
elastic_net,1,camera_to_USM2_mean_distance_m,-0.045795079650129376,0.045795079650129376
elastic_net,1,USM0_USM2_pose_global_std_distance_rel,-0.04552851899781418,0.04552851899781418
elastic_net,1,USM0_pose_global_idle_threshold_relative,0.04543669966684148,0.04543669966684148
elastic_net,1,USM2_pose_global_max_jerk_l2,0.04423450424653834,0.04423450424653834
elastic_net,1,USM3_pose_global_rotation_path_radians,0.04403834191106363,0.04403834191106363
elastic_net,1,active_pair_usm_b,0.0412046652015527,0.0412046652015527
elastic_net,1,USM3_pose_global_mean_speed_l2,0.041052677472126466,0.041052677472126466
elastic_net,1,active_pair_one_arm_only_active_fraction,-0.03947016862318613,0.03947016862318613
elastic_net,1,USM2_USM3_pose_global_std_distance_rel,0.03624296854765765,0.03624296854765765
elastic_net,1,camera_rms_speed_m_s,0.03519475315920838,0.03519475315920838
elastic_net,1,camera_max_speed_m_s,0.033973287280043285,0.033973287280043285
elastic_net,1,USM2_pose_global_max_abs_angular_acceleration_rad_s2,0.03389939418970903,0.03389939418970903
elastic_net,1,USM2_pose_global_economy_area_yz,0.03383235734091107,0.03383235734091107
elastic_net,1,USM0_USM3_pose_global_path_length_imbalance,-0.03240851864768194,0.03240851864768194
elastic_net,1,active_pair_usm_a,0.03214851604706188,0.03214851604706188
elastic_net,1,active_pair_path_length_b_rel,-0.02400040336796068,0.02400040336796068
elastic_net,1,USM0_pose_global_mean_abs_angular_acceleration_rad_s2,0.01974774052299916,0.01974774052299916
elastic_net,1,USM0_pose_global_rotation_path_radians,-0.01708824877330092,0.01708824877330092
elastic_net,1,active_pair_mean_distance_rel,-0.015763863815849818,0.015763863815849818
elastic_net,1,USM0_USM2_pose_global_alignment_coverage,0.013887527037221608,0.013887527037221608
elastic_net,1,USM2_pose_global_economy_volume,0.011618960806595163,0.011618960806595163
elastic_net,1,USM2_pose_global_idle_threshold_relative,0.01040608155471968,0.01040608155471968
elastic_net,1,USM2_pose_global_jerk_cost,0.008819241524292679,0.008819241524292679
elastic_net,1,USM3_pose_global_mean_acceleration_l2,0.008389228935781473,0.008389228935781473
elastic_net,1,USM3_pose_global_economy_area_yz,0.008152014425926092,0.008152014425926092
elastic_net,1,camera_pause_fraction,-0.005868577967235195,0.005868577967235195
elastic_net,1,USM0_pose_global_rotation_determinant_std,-0.004101577892879768,0.004101577892879768
elastic_net,1,camera_to_USM2_max_distance_m,-0.0009727893156579221,0.0009727893156579221
elastic_net,1,USM2_pose_global_economy_area_xz,0.0004781924138885199,0.0004781924138885199
elastic_net,1,USM0_pose_global_max_speed_l2,0.0,0.0
elastic_net,1,USM0_pose_global_median_dt_seconds,-0.0,0.0
elastic_net,1,USM0_pose_global_max_gap_seconds,-0.0,0.0
elastic_net,1,USM0_pose_global_economy_volume,-0.0,0.0
elastic_net,1,USM0_pose_global_max_acceleration_l2,0.0,0.0
elastic_net,1,USM0_pose_global_idle_fraction_relative,0.0,0.0
elastic_net,1,USM0_pose_global_max_jerk_l2,0.0,0.0
elastic_net,1,USM0_pose_global_pause_fraction,0.0,0.0
elastic_net,1,USM0_pose_global_jerk_cost,0.0,0.0
elastic_net,1,USM0_pose_global_max_abs_angular_acceleration_rad_s2,-0.0,0.0
elastic_net,1,USM0_pose_global_max_angular_speed_rad_s,-0.0,0.0
elastic_net,1,USM0_pose_global_workspace_box_volume_m3,-0.0,0.0
elastic_net,1,USM0_pose_global_z_range_m,-0.0,0.0
elastic_net,1,USM0_pose_global_y_range_m,-0.0,0.0
elastic_net,1,USM0_pose_global_x_range_m,-0.0,0.0
elastic_net,1,USM0_pose_global_economy_area_yz,0.0,0.0
elastic_net,1,USM0_pose_global_dimensionless_jerk,-0.0,0.0
elastic_net,1,USM0_pose_global_economy_area_xz,-0.0,0.0
elastic_net,1,USM0_pose_global_economy_area_xy,-0.0,0.0
elastic_net,1,USM3_pose_global_x_range_m,0.0,0.0
elastic_net,1,USM3_pose_global_max_abs_angular_acceleration_rad_s2,-0.0,0.0
elastic_net,1,USM3_pose_global_rotation_determinant_mean,-0.0,0.0
elastic_net,1,USM3_pose_global_rotation_determinant_std,-0.0,0.0
elastic_net,1,USM3_pose_global_max_angular_speed_rad_s,-0.0,0.0
elastic_net,1,USM3_pose_global_jerk_cost,0.0,0.0
elastic_net,1,USM2_pose_global_economy_area_xy,0.0,0.0
elastic_net,1,USM2_pose_global_y_range_m,-0.0,0.0
elastic_net,1,USM2_pose_global_z_range_m,-0.0,0.0
elastic_net,1,USM2_pose_global_dimensionless_jerk,-0.0,0.0
elastic_net,1,USM2_pose_global_x_range_m,-0.0,0.0
elastic_net,1,USM3_pose_global_net_displacement_l2,0.0,0.0
elastic_net,1,USM2_pose_global_rotation_path_radians,-0.0,0.0
elastic_net,1,USM2_pose_global_workspace_box_volume_m3,0.0,0.0
elastic_net,1,USM3_pose_global_raw_path_l2,0.0,0.0
elastic_net,1,USM3_pose_global_z_range_m,0.0,0.0
elastic_net,1,USM3_pose_global_economy_area_xy,-0.0,0.0
elastic_net,1,USM3_pose_global_workspace_box_volume_m3,-0.0,0.0
elastic_net,1,USM3_pose_global_economy_area_xz,-0.0,0.0
elastic_net,1,USM3_pose_global_economy_volume,0.0,0.0
elastic_net,1,USM3_pose_global_rotation_orthogonality_error_mean,-0.0,0.0
elastic_net,1,USM3_pose_global_rotation_orthogonality_error_max,-0.0,0.0
elastic_net,1,camera_pause_count,-0.0,0.0
elastic_net,1,camera_path_length_m,-0.0,0.0
elastic_net,1,camera_mean_speed_m_s,0.0,0.0
elastic_net,1,USM0_USM2_pose_global_mean_abs_relative_speed,0.0,0.0
elastic_net,1,USM0_USM2_pose_global_max_distance_rel,-0.0,0.0
elastic_net,1,USM0_USM2_pose_global_distance_range_rel,-0.0,0.0
elastic_net,1,USM0_USM2_pose_global_min_distance_rel,-0.0,0.0
elastic_net,1,USM0_USM2_pose_global_mean_distance_rel,-0.0,0.0
elastic_net,1,camera_to_all_tools_mean_distance_m,0.0,0.0
elastic_net,1,USM3_pose_global_active,-0.0,0.0
elastic_net,1,USM0_pose_global_active,0.0,0.0
elastic_net,1,camera_moving_fraction,-0.0,0.0
elastic_net,1,camera_to_USM0_std_distance_m,-0.0,0.0
elastic_net,1,camera_mean_angular_speed_rad_s,-0.0,0.0
elastic_net,1,camera_to_USM0_max_distance_m,-0.0,0.0
elastic_net,1,camera_to_USM2_min_distance_m,-0.0,0.0
elastic_net,1,USM0_USM2_pose_global_both_idle_fraction,-0.0,0.0
elastic_net,1,USM0_USM2_pose_global_one_arm_only_active_fraction,-0.0,0.0
elastic_net,1,USM0_USM2_pose_global_speed_correlation,0.0,0.0
elastic_net,1,USM0_USM3_pose_global_std_distance_rel,0.0,0.0
elastic_net,1,USM0_USM3_pose_global_mean_abs_relative_speed,0.0,0.0
elastic_net,1,USM0_USM3_pose_global_distance_range_rel,0.0,0.0
elastic_net,1,USM0_USM3_pose_global_both_idle_fraction,-0.0,0.0
elastic_net,1,USM0_USM2_pose_global_path_length_imbalance,0.0,0.0
elastic_net,1,USM2_USM3_pose_global_one_arm_only_active_fraction,0.0,0.0
elastic_net,1,USM2_USM3_pose_global_speed_correlation,0.0,0.0
elastic_net,1,USM2_USM3_pose_global_path_length_imbalance,0.0,0.0
elastic_net,1,active_pair_min_distance_rel,-0.0,0.0
elastic_net,1,active_pair_max_distance_rel,-0.0,0.0
elastic_net,1,active_pair_mean_abs_relative_speed,0.0,0.0
elastic_net,1,active_pair_distance_range_rel,-0.0,0.0
elastic_net,1,active_pair_both_idle_fraction,-0.0,0.0
elastic_net,2,USM0_pose_global_rotation_determinant_mean,-0.65924713408058,0.65924713408058
elastic_net,2,USM2_pose_global_rotation_orthogonality_error_mean,0.445834025060769,0.445834025060769
elastic_net,2,camera_log_dimensionless_jerk,0.42849274559990097,0.42849274559990097
elastic_net,2,USM0_pose_global_n_samples,-0.4016034079876901,0.4016034079876901
elastic_net,2,active_pair_simultaneous_active_fraction,0.28124888254226593,0.28124888254226593
elastic_net,2,USM2_pose_global_pause_duration_seconds,-0.25019540395263873,0.25019540395263873
elastic_net,2,USM3_pose_global_pause_duration_seconds,-0.13832092988377143,0.13832092988377143
elastic_net,2,USM2_pose_global_mean_abs_angular_acceleration_rad_s2,0.12777691298042224,0.12777691298042224
elastic_net,2,USM0_pose_global_rotation_orthogonality_error_max,0.07208998552108242,0.07208998552108242
elastic_net,2,USM0_pose_global_mean_angular_speed_rad_s,0.040695724262243195,0.040695724262243195
elastic_net,2,USM0_pose_global_mean_abs_angular_acceleration_rad_s2,0.011643264901980614,0.011643264901980614
elastic_net,2,USM0_pose_global_mean_acceleration_l2,0.0,0.0
elastic_net,2,USM0_pose_global_idle_threshold_relative,0.0,0.0
elastic_net,2,USM0_pose_global_pause_duration_seconds,-0.0,0.0
elastic_net,2,USM0_pose_global_pause_fraction,-0.0,0.0
elastic_net,2,USM0_pose_global_idle_fraction_relative,-0.0,0.0
elastic_net,2,USM0_pose_global_pause_count,-0.0,0.0
elastic_net,2,USM0_pose_global_median_dt_seconds,0.0,0.0
elastic_net,2,USM0_pose_global_max_gap_seconds,-0.0,0.0
elastic_net,2,USM0_pose_global_raw_path_l2,-0.0,0.0
elastic_net,2,USM0_pose_global_net_displacement_l2,-0.0,0.0
elastic_net,2,USM0_pose_global_movement_economy,-0.0,0.0
elastic_net,2,USM0_pose_global_mean_speed_l2,0.0,0.0
elastic_net,2,USM0_pose_global_rms_speed_l2,-0.0,0.0
elastic_net,2,USM0_pose_global_max_speed_l2,-0.0,0.0
elastic_net,2,USM0_pose_global_rotation_orthogonality_error_mean,0.0,0.0
elastic_net,2,USM0_pose_global_economy_volume,-0.0,0.0
elastic_net,2,USM0_pose_global_economy_area_yz,-0.0,0.0
elastic_net,2,USM0_pose_global_economy_area_xz,-0.0,0.0
elastic_net,2,USM0_pose_global_economy_area_xy,-0.0,0.0
elastic_net,2,USM0_pose_global_z_range_m,-0.0,0.0
elastic_net,2,USM0_pose_global_y_range_m,-0.0,0.0
elastic_net,2,USM0_pose_global_x_range_m,-0.0,0.0
elastic_net,2,USM0_pose_global_log_dimensionless_jerk,0.0,0.0
elastic_net,2,USM0_pose_global_dimensionless_jerk,0.0,0.0
elastic_net,2,USM2_pose_global_raw_path_l2,-0.0,0.0
elastic_net,2,USM2_pose_global_net_displacement_l2,-0.0,0.0
elastic_net,2,USM2_pose_global_mean_acceleration_l2,0.0,0.0
elastic_net,2,USM2_pose_global_idle_threshold_relative,0.0,0.0
elastic_net,2,USM2_pose_global_movement_economy,-0.0,0.0
elastic_net,2,USM2_pose_global_mean_speed_l2,0.0,0.0
elastic_net,2,USM2_pose_global_pause_count,-0.0,0.0
elastic_net,2,USM2_pose_global_idle_fraction_relative,-0.0,0.0
elastic_net,2,USM2_pose_global_dimensionless_jerk,-0.0,0.0
elastic_net,2,USM2_pose_global_pause_fraction,-0.0,0.0
elastic_net,2,USM2_pose_global_x_range_m,-0.0,0.0
elastic_net,2,USM2_pose_global_y_range_m,-0.0,0.0
elastic_net,2,USM2_pose_global_z_range_m,-0.0,0.0
elastic_net,2,USM2_pose_global_log_dimensionless_jerk,0.0,0.0
elastic_net,2,USM2_pose_global_economy_area_xy,0.0,0.0
elastic_net,2,USM2_pose_global_economy_area_xz,0.0,0.0
elastic_net,2,USM2_pose_global_economy_area_yz,0.0,0.0
elastic_net,2,USM2_pose_global_economy_volume,0.0,0.0
elastic_net,2,USM2_pose_global_rotation_orthogonality_error_max,0.0,0.0
elastic_net,2,USM2_pose_global_rotation_determinant_mean,-0.0,0.0
elastic_net,2,USM0_pose_global_rotation_path_radians,-0.0,0.0
elastic_net,2,USM0_pose_global_rotation_determinant_std,0.0,0.0
elastic_net,2,USM2_pose_global_rotation_path_radians,-0.0,0.0
elastic_net,2,USM2_pose_global_rotation_determinant_std,0.0,0.0
elastic_net,2,USM2_pose_global_max_angular_speed_rad_s,0.0,0.0
elastic_net,2,USM2_pose_global_mean_angular_speed_rad_s,0.0,0.0
elastic_net,2,USM3_pose_global_raw_path_l2,-0.0,0.0
elastic_net,2,USM3_pose_global_net_displacement_l2,-0.0,0.0
elastic_net,2,USM3_pose_global_movement_economy,0.0,0.0
elastic_net,2,USM2_pose_global_max_abs_angular_acceleration_rad_s2,0.0,0.0
elastic_net,2,USM3_pose_global_rms_speed_l2,-0.0,0.0
elastic_net,2,USM3_pose_global_max_speed_l2,-0.0,0.0
elastic_net,2,USM3_pose_global_mean_acceleration_l2,0.0,0.0
elastic_net,2,USM3_pose_global_max_acceleration_l2,-0.0,0.0
elastic_net,2,USM3_pose_global_max_jerk_l2,-0.0,0.0
elastic_net,2,USM3_pose_global_idle_threshold_relative,0.0,0.0
elastic_net,2,USM3_pose_global_idle_fraction_relative,-0.0,0.0
elastic_net,2,USM3_pose_global_mean_speed_l2,0.0,0.0
elastic_net,2,USM3_pose_global_pause_count,-0.0,0.0
elastic_net,2,USM3_pose_global_pause_fraction,-0.0,0.0
elastic_net,2,USM3_pose_global_jerk_cost,-0.0,0.0
elastic_net,2,USM3_pose_global_dimensionless_jerk,-0.0,0.0
elastic_net,2,USM3_pose_global_log_dimensionless_jerk,0.0,0.0
elastic_net,2,USM3_pose_global_x_range_m,-0.0,0.0
elastic_net,2,USM3_pose_global_y_range_m,-0.0,0.0
elastic_net,2,USM3_pose_global_z_range_m,-0.0,0.0
elastic_net,2,USM3_pose_global_workspace_box_volume_m3,-0.0,0.0
elastic_net,2,USM3_pose_global_economy_area_xy,0.0,0.0
elastic_net,2,USM3_pose_global_economy_area_xz,0.0,0.0
elastic_net,2,USM3_pose_global_economy_area_yz,-0.0,0.0
elastic_net,2,USM3_pose_global_economy_volume,0.0,0.0
elastic_net,2,USM3_pose_global_rotation_orthogonality_error_mean,-0.0,0.0
elastic_net,2,USM0_pose_global_max_angular_speed_rad_s,-0.0,0.0
elastic_net,2,USM0_pose_global_max_abs_angular_acceleration_rad_s2,-0.0,0.0
elastic_net,2,USM3_pose_global_rotation_determinant_mean,0.0,0.0
elastic_net,2,USM3_pose_global_rotation_orthogonality_error_max,-0.0,0.0
elastic_net,2,USM3_pose_global_mean_angular_speed_rad_s,0.0,0.0
elastic_net,2,USM3_pose_global_rotation_determinant_std,-0.0,0.0
elastic_net,2,USM3_pose_global_mean_abs_angular_acceleration_rad_s2,0.0,0.0
elastic_net,2,USM3_pose_global_max_abs_angular_acceleration_rad_s2,-0.0,0.0
elastic_net,2,all_psm_pose_global_path_total_m,-0.0,0.0
elastic_net,2,USM3_pose_global_rotation_path_radians,0.0,0.0
elastic_net,2,camera_path_length_m,-0.0,0.0
elastic_net,2,camera_mean_speed_m_s,-0.0,0.0
elastic_net,2,camera_max_speed_m_s,-0.0,0.0
elastic_net,2,camera_rms_speed_m_s,0.0,0.0
elastic_net,2,camera_pause_count,-0.0,0.0
elastic_net,2,camera_pause_duration_seconds,-0.0,0.0
elastic_net,2,camera_pause_fraction,-0.0,0.0
elastic_net,2,USM3_pose_global_max_angular_speed_rad_s,-0.0,0.0
elastic_net,2,camera_moving_duration_s,-0.0,0.0
elastic_net,2,camera_moving_fraction,0.0,0.0
elastic_net,2,camera_rotation_path_radians,-0.0,0.0
elastic_net,2,camera_mean_angular_speed_rad_s,0.0,0.0
elastic_net,2,camera_max_angular_speed_rad_s,0.0,0.0
elastic_net,2,camera_to_USM0_mean_distance_m,-0.0,0.0
elastic_net,2,camera_to_USM0_std_distance_m,-0.0,0.0
elastic_net,2,camera_to_USM2_std_distance_m,-0.0,0.0
elastic_net,2,camera_to_USM3_mean_distance_m,-0.0,0.0
elastic_net,2,camera_to_USM3_std_distance_m,0.0,0.0
elastic_net,2,camera_to_USM3_max_distance_m,-0.0,0.0
elastic_net,2,camera_to_all_tools_mean_distance_m,-0.0,0.0
elastic_net,2,USM3_pose_global_active,-0.0,0.0
elastic_net,2,active_psm_count,-0.0,0.0
elastic_net,2,USM0_USM2_pose_global_alignment_coverage,0.0,0.0
elastic_net,2,camera_move_count,-0.0,0.0
elastic_net,2,USM0_USM2_pose_global_mean_abs_relative_speed,-0.0,0.0
elastic_net,2,USM0_USM2_pose_global_speed_correlation,0.0,0.0
elastic_net,2,USM0_USM2_pose_global_one_arm_only_active_fraction,-0.0,0.0
elastic_net,2,USM0_USM2_pose_global_simultaneous_active_fraction,0.0,0.0
elastic_net,2,USM0_USM2_pose_global_path_length_imbalance,0.0,0.0
elastic_net,2,USM0_USM3_pose_global_mean_distance_rel,-0.0,0.0
elastic_net,2,USM0_USM3_pose_global_std_distance_rel,-0.0,0.0
elastic_net,2,USM0_USM2_pose_global_both_idle_fraction,-0.0,0.0
elastic_net,2,USM0_USM3_pose_global_mean_abs_relative_speed,0.0,0.0
elastic_net,2,USM0_USM3_pose_global_speed_correlation,0.0,0.0
elastic_net,2,USM0_USM3_pose_global_simultaneous_active_fraction,0.0,0.0
elastic_net,2,USM0_USM3_pose_global_one_arm_only_active_fraction,-0.0,0.0
elastic_net,2,USM0_USM3_pose_global_both_idle_fraction,-0.0,0.0
elastic_net,2,USM0_USM3_pose_global_path_length_imbalance,-0.0,0.0
elastic_net,2,USM2_USM3_pose_global_mean_distance_rel,-0.0,0.0
elastic_net,2,USM0_USM3_pose_global_distance_range_rel,0.0,0.0
elastic_net,2,USM2_USM3_pose_global_std_distance_rel,0.0,0.0
elastic_net,2,USM2_USM3_pose_global_distance_range_rel,0.0,0.0
elastic_net,2,USM2_USM3_pose_global_speed_correlation,-0.0,0.0
elastic_net,2,USM2_USM3_pose_global_mean_abs_relative_speed,0.0,0.0
elastic_net,2,USM2_USM3_pose_global_one_arm_only_active_fraction,0.0,0.0
elastic_net,2,USM2_USM3_pose_global_both_idle_fraction,-0.0,0.0
elastic_net,2,USM2_USM3_pose_global_path_length_imbalance,0.0,0.0
elastic_net,2,USM2_USM3_pose_global_simultaneous_active_fraction,0.0,0.0
elastic_net,2,active_pair_usm_a,-0.0,0.0
elastic_net,2,active_pair_usm_b,0.0,0.0
elastic_net,2,active_pair_mean_abs_relative_speed,-0.0,0.0
elastic_net,2,active_pair_speed_correlation,0.0,0.0
elastic_net,2,active_pair_one_arm_only_active_fraction,-0.0,0.0
elastic_net,2,active_pair_both_idle_fraction,-0.0,0.0
elastic_net,2,active_pair_path_length_b_rel,-0.0,0.0
elastic_net,2,active_pair_path_length_imbalance,-0.0,0.0
elastic_net,3,camera_log_dimensionless_jerk,0.39457785336171636,0.39457785336171636
elastic_net,3,USM2_pose_global_mean_angular_speed_rad_s,0.38228326617297703,0.38228326617297703
elastic_net,3,USM0_pose_global_n_samples,-0.29454698946519536,0.29454698946519536
elastic_net,3,USM2_pose_global_mean_abs_angular_acceleration_rad_s2,0.2870202232269355,0.2870202232269355
elastic_net,3,USM0_pose_global_movement_economy,-0.28313014210370724,0.28313014210370724
elastic_net,3,camera_pause_duration_seconds,-0.2694791096132154,0.2694791096132154
elastic_net,3,USM3_pose_global_pause_duration_seconds,-0.26782734790103274,0.26782734790103274
elastic_net,3,USM2_pose_global_pause_duration_seconds,-0.24855888416568447,0.24855888416568447
elastic_net,3,USM0_pose_global_rotation_determinant_mean,-0.21350142040242479,0.21350142040242479
elastic_net,3,USM2_pose_global_rotation_orthogonality_error_mean,0.1645209434456707,0.1645209434456707
elastic_net,3,USM3_pose_global_pause_count,-0.11903641331147523,0.11903641331147523
elastic_net,3,USM2_pose_global_rotation_determinant_mean,-0.1001658448808184,0.1001658448808184
elastic_net,3,active_pair_simultaneous_active_fraction,0.09597272029748706,0.09597272029748706
elastic_net,3,USM3_pose_global_mean_angular_speed_rad_s,0.0946431196536641,0.0946431196536641
elastic_net,3,USM0_pose_global_mean_abs_angular_acceleration_rad_s2,0.09415842784240365,0.09415842784240365
elastic_net,3,USM3_pose_global_pause_fraction,-0.09271751954358773,0.09271751954358773
elastic_net,3,USM0_pose_global_mean_angular_speed_rad_s,0.08536553793893449,0.08536553793893449
elastic_net,3,USM0_pose_global_log_dimensionless_jerk,0.08524941220143384,0.08524941220143384
elastic_net,3,USM0_pose_global_pause_duration_seconds,-0.07424284603300423,0.07424284603300423
elastic_net,3,USM2_pose_global_log_dimensionless_jerk,0.07126735756507528,0.07126735756507528
elastic_net,3,USM2_pose_global_raw_path_l2,-0.03307676985125704,0.03307676985125704
elastic_net,3,USM3_pose_global_idle_threshold_relative,0.012172363903032118,0.012172363903032118
elastic_net,3,USM3_pose_global_idle_fraction_relative,-0.007039894371929305,0.007039894371929305
elastic_net,3,USM0_pose_global_rms_speed_l2,-0.0,0.0
elastic_net,3,USM0_pose_global_raw_path_l2,-0.0,0.0
elastic_net,3,USM0_pose_global_max_gap_seconds,-0.0,0.0
elastic_net,3,USM0_pose_global_mean_speed_l2,0.0,0.0
elastic_net,3,USM0_pose_global_rotation_orthogonality_error_max,0.0,0.0
elastic_net,3,USM0_pose_global_rotation_orthogonality_error_mean,0.0,0.0
elastic_net,3,USM0_pose_global_economy_volume,-0.0,0.0
elastic_net,3,USM0_pose_global_economy_area_yz,-0.0,0.0
elastic_net,3,USM0_pose_global_economy_area_xy,-0.0,0.0
elastic_net,3,USM0_pose_global_economy_area_xz,0.0,0.0
elastic_net,3,USM0_pose_global_z_range_m,-0.0,0.0
elastic_net,3,USM0_pose_global_y_range_m,-0.0,0.0
elastic_net,3,USM0_pose_global_idle_fraction_relative,-0.0,0.0
elastic_net,3,USM0_pose_global_x_range_m,-0.0,0.0
elastic_net,3,USM0_pose_global_dimensionless_jerk,0.0,0.0
elastic_net,3,USM0_pose_global_pause_fraction,-0.0,0.0
elastic_net,3,USM0_pose_global_pause_count,-0.0,0.0
elastic_net,3,USM0_pose_global_max_speed_l2,-0.0,0.0
elastic_net,3,USM0_pose_global_mean_acceleration_l2,0.0,0.0
elastic_net,3,USM0_pose_global_idle_threshold_relative,0.0,0.0
elastic_net,3,USM0_pose_global_median_dt_seconds,0.0,0.0
elastic_net,3,USM0_pose_global_net_displacement_l2,-0.0,0.0
elastic_net,3,USM2_pose_global_idle_fraction_relative,-0.0,0.0
elastic_net,3,USM2_pose_global_idle_threshold_relative,0.0,0.0
elastic_net,3,USM2_pose_global_pause_fraction,-0.0,0.0
elastic_net,3,USM2_pose_global_pause_count,-0.0,0.0
elastic_net,3,USM2_pose_global_x_range_m,-0.0,0.0
elastic_net,3,USM2_pose_global_y_range_m,-0.0,0.0
elastic_net,3,USM2_pose_global_economy_area_yz,0.0,0.0
elastic_net,3,USM2_pose_global_economy_area_xz,0.0,0.0
elastic_net,3,USM2_pose_global_mean_acceleration_l2,0.0,0.0
elastic_net,3,USM2_pose_global_max_speed_l2,-0.0,0.0
elastic_net,3,USM2_pose_global_z_range_m,-0.0,0.0
elastic_net,3,USM2_pose_global_dimensionless_jerk,-0.0,0.0
elastic_net,3,USM2_pose_global_movement_economy,-0.0,0.0
elastic_net,3,USM2_pose_global_mean_speed_l2,0.0,0.0
elastic_net,3,USM2_pose_global_max_angular_speed_rad_s,0.0,0.0
elastic_net,3,USM2_pose_global_rotation_path_radians,-0.0,0.0
elastic_net,3,USM2_pose_global_rotation_determinant_std,-0.0,0.0
elastic_net,3,USM2_pose_global_rotation_orthogonality_error_max,0.0,0.0
elastic_net,3,USM2_pose_global_economy_volume,0.0,0.0
elastic_net,3,USM2_pose_global_economy_area_xy,0.0,0.0
elastic_net,3,USM3_pose_global_raw_path_l2,0.0,0.0
elastic_net,3,USM2_pose_global_max_abs_angular_acceleration_rad_s2,0.0,0.0
elastic_net,3,USM3_pose_global_max_speed_l2,0.0,0.0
elastic_net,3,USM3_pose_global_rms_speed_l2,0.0,0.0
elastic_net,3,USM3_pose_global_mean_speed_l2,0.0,0.0
elastic_net,3,USM3_pose_global_movement_economy,0.0,0.0
elastic_net,3,USM3_pose_global_net_displacement_l2,-0.0,0.0
elastic_net,3,USM3_pose_global_max_jerk_l2,0.0,0.0
elastic_net,3,USM3_pose_global_mean_acceleration_l2,0.0,0.0
elastic_net,3,USM3_pose_global_max_acceleration_l2,0.0,0.0
elastic_net,3,USM3_pose_global_jerk_cost,0.0,0.0
elastic_net,3,USM3_pose_global_dimensionless_jerk,-0.0,0.0
elastic_net,3,USM3_pose_global_log_dimensionless_jerk,0.0,0.0
elastic_net,3,USM3_pose_global_x_range_m,0.0,0.0
elastic_net,3,USM3_pose_global_y_range_m,0.0,0.0
elastic_net,3,USM3_pose_global_z_range_m,-0.0,0.0
elastic_net,3,USM3_pose_global_workspace_box_volume_m3,-0.0,0.0
elastic_net,3,USM3_pose_global_economy_area_xy,0.0,0.0
elastic_net,3,USM3_pose_global_economy_area_xz,0.0,0.0
elastic_net,3,USM3_pose_global_economy_area_yz,-0.0,0.0
elastic_net,3,USM3_pose_global_economy_volume,-0.0,0.0
elastic_net,3,USM3_pose_global_rotation_orthogonality_error_mean,-0.0,0.0
elastic_net,3,USM0_pose_global_max_angular_speed_rad_s,0.0,0.0
elastic_net,3,USM0_pose_global_rotation_path_radians,-0.0,0.0
elastic_net,3,USM0_pose_global_max_abs_angular_acceleration_rad_s2,0.0,0.0
elastic_net,3,USM0_pose_global_rotation_determinant_std,0.0,0.0
elastic_net,3,USM3_pose_global_rotation_path_radians,0.0,0.0
elastic_net,3,USM3_pose_global_rotation_determinant_std,-0.0,0.0
elastic_net,3,USM3_pose_global_rotation_determinant_mean,0.0,0.0
elastic_net,3,USM3_pose_global_rotation_orthogonality_error_max,-0.0,0.0
elastic_net,3,all_psm_pose_global_path_total_m,-0.0,0.0
elastic_net,3,camera_path_length_m,-0.0,0.0
elastic_net,3,USM3_pose_global_mean_abs_angular_acceleration_rad_s2,0.0,0.0
elastic_net,3,USM3_pose_global_max_angular_speed_rad_s,-0.0,0.0
elastic_net,3,camera_max_speed_m_s,0.0,0.0
elastic_net,3,camera_mean_speed_m_s,0.0,0.0
elastic_net,3,camera_pause_count,-0.0,0.0
elastic_net,3,camera_pause_fraction,-0.0,0.0
elastic_net,3,camera_move_count,-0.0,0.0
elastic_net,3,camera_moving_duration_s,-0.0,0.0
elastic_net,3,camera_moving_fraction,0.0,0.0
elastic_net,3,USM3_pose_global_max_abs_angular_acceleration_rad_s2,-0.0,0.0
elastic_net,3,camera_mean_angular_speed_rad_s,0.0,0.0
elastic_net,3,camera_max_angular_speed_rad_s,0.0,0.0
elastic_net,3,camera_to_USM0_mean_distance_m,-0.0,0.0
elastic_net,3,camera_to_USM0_std_distance_m,-0.0,0.0
elastic_net,3,camera_to_USM0_max_distance_m,-0.0,0.0
elastic_net,3,camera_to_USM2_std_distance_m,-0.0,0.0
elastic_net,3,camera_to_USM3_mean_distance_m,-0.0,0.0
elastic_net,3,camera_to_USM3_std_distance_m,0.0,0.0
elastic_net,3,camera_to_USM3_max_distance_m,-0.0,0.0
elastic_net,3,camera_to_all_tools_mean_distance_m,-0.0,0.0
elastic_net,3,USM0_pose_global_active,-0.0,0.0
elastic_net,3,USM3_pose_global_active,-0.0,0.0
elastic_net,3,active_psm_count,-0.0,0.0
elastic_net,3,USM0_USM2_pose_global_alignment_coverage,0.0,0.0
elastic_net,3,USM0_USM2_pose_global_std_distance_rel,-0.0,0.0
elastic_net,3,camera_rotation_path_radians,-0.0,0.0
elastic_net,3,USM0_USM2_pose_global_mean_abs_relative_speed,-0.0,0.0
elastic_net,3,USM0_USM2_pose_global_speed_correlation,-0.0,0.0
elastic_net,3,USM0_USM2_pose_global_one_arm_only_active_fraction,-0.0,0.0
elastic_net,3,USM0_USM2_pose_global_simultaneous_active_fraction,0.0,0.0
elastic_net,3,USM0_USM2_pose_global_path_length_imbalance,0.0,0.0
elastic_net,3,USM0_USM3_pose_global_mean_distance_rel,-0.0,0.0
elastic_net,3,USM0_USM3_pose_global_std_distance_rel,-0.0,0.0
elastic_net,3,USM0_USM2_pose_global_both_idle_fraction,-0.0,0.0
elastic_net,3,USM0_USM3_pose_global_mean_abs_relative_speed,0.0,0.0
elastic_net,3,USM0_USM3_pose_global_speed_correlation,0.0,0.0
elastic_net,3,USM0_USM3_pose_global_simultaneous_active_fraction,0.0,0.0
elastic_net,3,USM0_USM3_pose_global_one_arm_only_active_fraction,-0.0,0.0
elastic_net,3,USM0_USM3_pose_global_both_idle_fraction,-0.0,0.0
elastic_net,3,USM0_USM3_pose_global_path_length_imbalance,-0.0,0.0
elastic_net,3,USM2_USM3_pose_global_mean_distance_rel,-0.0,0.0
elastic_net,3,USM0_USM3_pose_global_distance_range_rel,0.0,0.0
elastic_net,3,USM2_USM3_pose_global_std_distance_rel,0.0,0.0
elastic_net,3,USM2_USM3_pose_global_distance_range_rel,0.0,0.0
elastic_net,3,USM2_USM3_pose_global_speed_correlation,-0.0,0.0
elastic_net,3,USM2_USM3_pose_global_mean_abs_relative_speed,0.0,0.0
elastic_net,3,USM2_USM3_pose_global_one_arm_only_active_fraction,0.0,0.0
elastic_net,3,USM2_USM3_pose_global_both_idle_fraction,-0.0,0.0
elastic_net,3,USM2_USM3_pose_global_path_length_imbalance,-0.0,0.0
elastic_net,3,USM2_USM3_pose_global_simultaneous_active_fraction,0.0,0.0
elastic_net,3,active_pair_usm_a,0.0,0.0
elastic_net,3,active_pair_usm_b,0.0,0.0
elastic_net,3,active_pair_mean_abs_relative_speed,-0.0,0.0
elastic_net,3,active_pair_speed_correlation,0.0,0.0
elastic_net,3,active_pair_one_arm_only_active_fraction,-0.0,0.0
elastic_net,3,active_pair_both_idle_fraction,-0.0,0.0
elastic_net,3,active_pair_path_length_b_rel,-0.0,0.0
elastic_net,3,active_pair_path_length_imbalance,-0.0,0.0
elastic_net,4,USM0_pose_global_rotation_orthogonality_error_mean,0.3291200299839288,0.3291200299839288
elastic_net,4,USM2_pose_global_rotation_orthogonality_error_mean,0.32021859364688354,0.32021859364688354
elastic_net,4,USM2_pose_global_mean_angular_speed_rad_s,0.28617922534975293,0.28617922534975293
elastic_net,4,USM0_pose_global_rotation_determinant_mean,-0.2717196483968248,0.2717196483968248
elastic_net,4,USM0_pose_global_movement_economy,-0.26835312249450394,0.26835312249450394
elastic_net,4,USM0_pose_global_rotation_orthogonality_error_max,0.25623928863636425,0.25623928863636425
elastic_net,4,USM2_pose_global_mean_abs_angular_acceleration_rad_s2,0.2506124056203043,0.2506124056203043
elastic_net,4,USM2_pose_global_rotation_orthogonality_error_max,0.21681281882977133,0.21681281882977133
elastic_net,4,USM0_pose_global_raw_path_l2,-0.19332211675375283,0.19332211675375283
elastic_net,4,camera_to_USM3_max_distance_m,0.1907321106607912,0.1907321106607912
elastic_net,4,USM0_USM3_pose_global_one_arm_only_active_fraction,-0.1865333973565674,0.1865333973565674
elastic_net,4,USM3_pose_global_pause_count,-0.18339821712920373,0.18339821712920373
elastic_net,4,USM0_pose_global_mean_angular_speed_rad_s,0.16440413439430784,0.16440413439430784
elastic_net,4,USM0_pose_global_n_samples,-0.1640929942432978,0.1640929942432978
elastic_net,4,camera_log_dimensionless_jerk,0.16249686082256762,0.16249686082256762
elastic_net,4,camera_to_USM3_mean_distance_m,0.16150805908294333,0.16150805908294333
elastic_net,4,camera_pause_duration_seconds,-0.15770328050210206,0.15770328050210206
elastic_net,4,USM2_pose_global_movement_economy,-0.15727821862949884,0.15727821862949884
elastic_net,4,USM2_pose_global_raw_path_l2,-0.1526371956433743,0.1526371956433743
elastic_net,4,USM0_pose_global_mean_abs_angular_acceleration_rad_s2,0.14964164554045306,0.14964164554045306
elastic_net,4,USM2_pose_global_pause_duration_seconds,-0.1493305894349161,0.1493305894349161
elastic_net,4,camera_to_USM3_std_distance_m,0.14681942980927895,0.14681942980927895
elastic_net,4,USM2_pose_global_rotation_determinant_mean,-0.1391872608079678,0.1391872608079678
elastic_net,4,USM3_pose_global_pause_fraction,-0.1374712920584407,0.1374712920584407
elastic_net,4,USM0_pose_global_rotation_path_radians,-0.1284832281398866,0.1284832281398866
elastic_net,4,USM3_pose_global_pause_duration_seconds,-0.12614743028838243,0.12614743028838243
elastic_net,4,USM0_pose_global_mean_acceleration_l2,0.12459142899321306,0.12459142899321306
elastic_net,4,active_pair_path_length_b_rel,-0.12198281007701912,0.12198281007701912
elastic_net,4,camera_to_USM2_std_distance_m,-0.11208343298262959,0.11208343298262959
elastic_net,4,USM2_pose_global_mean_acceleration_l2,0.11166308394868663,0.11166308394868663
elastic_net,4,USM2_pose_global_pause_count,-0.11009936590678081,0.11009936590678081
elastic_net,4,USM2_pose_global_path_l2,-0.10745317352560678,0.10745317352560678
elastic_net,4,USM0_USM2_pose_global_speed_correlation,0.10387729173398347,0.10387729173398347
elastic_net,4,USM0_USM3_pose_global_path_length_imbalance,-0.09925086839932074,0.09925086839932074
elastic_net,4,USM0_pose_global_active,-0.09884080614369899,0.09884080614369899
elastic_net,4,USM2_pose_global_pause_fraction,-0.09839683350771508,0.09839683350771508
elastic_net,4,USM3_pose_global_idle_fraction_relative,-0.0922413336199772,0.0922413336199772
elastic_net,4,USM0_pose_global_dimensionless_jerk,0.09189565168047513,0.09189565168047513
elastic_net,4,all_psm_pose_global_path_total_m,-0.09165450584094291,0.09165450584094291
elastic_net,4,USM3_pose_global_dimensionless_jerk,-0.09086536763970884,0.09086536763970884
elastic_net,4,USM3_pose_global_rotation_determinant_std,-0.08810181492248725,0.08810181492248725
elastic_net,4,USM2_pose_global_rotation_determinant_std,-0.08709479188098819,0.08709479188098819
elastic_net,4,USM3_pose_global_max_acceleration_l2,0.08473733789713432,0.08473733789713432
elastic_net,4,USM0_USM3_pose_global_mean_distance_rel,0.0830306589250442,0.0830306589250442
elastic_net,4,USM0_USM2_pose_global_one_arm_only_active_fraction,-0.0798973060762283,0.0798973060762283
elastic_net,4,USM2_USM3_pose_global_distance_range_rel,0.07825953152165462,0.07825953152165462
elastic_net,4,USM0_USM2_pose_global_simultaneous_active_fraction,0.07778369480304033,0.07778369480304033
elastic_net,4,USM0_USM3_pose_global_mean_abs_relative_speed,0.07656794000838527,0.07656794000838527
elastic_net,4,USM0_pose_global_pause_duration_seconds,-0.07233343726396806,0.07233343726396806
elastic_net,4,USM2_pose_global_mean_speed_l2,0.0706519630889161,0.0706519630889161
elastic_net,4,USM3_pose_global_max_jerk_l2,0.07002429072269627,0.07002429072269627
elastic_net,4,USM2_pose_global_max_angular_speed_rad_s,0.06775795415870599,0.06775795415870599
elastic_net,4,USM2_USM3_pose_global_speed_correlation,0.06746950884331647,0.06746950884331647
elastic_net,4,active_psm_count,-0.062447060628400886,0.062447060628400886
elastic_net,4,active_pair_one_arm_only_active_fraction,-0.06223998408419245,0.06223998408419245
elastic_net,4,USM2_pose_global_idle_fraction_relative,-0.060753671408084325,0.060753671408084325
elastic_net,4,USM0_pose_global_mean_speed_l2,0.058928969807779945,0.058928969807779945
elastic_net,4,USM3_pose_global_log_dimensionless_jerk,0.05466006203429507,0.05466006203429507
elastic_net,4,active_pair_usm_a,0.0546441985743519,0.0546441985743519
elastic_net,4,active_pair_speed_correlation,0.05320370118050265,0.05320370118050265
elastic_net,4,USM3_pose_global_max_speed_l2,0.051961190840615706,0.051961190840615706
elastic_net,4,camera_rotation_path_radians,-0.05183830521234848,0.05183830521234848
elastic_net,4,camera_to_USM0_std_distance_m,-0.05104097756859699,0.05104097756859699
elastic_net,4,USM3_pose_global_movement_economy,0.05002592059712179,0.05002592059712179
elastic_net,4,camera_to_USM0_mean_distance_m,-0.04912830491011369,0.04912830491011369
elastic_net,4,USM3_pose_global_rms_speed_l2,0.04746846105969559,0.04746846105969559
elastic_net,4,USM2_USM3_pose_global_mean_abs_relative_speed,0.04630036272050744,0.04630036272050744
elastic_net,4,USM0_pose_global_net_displacement_l2,-0.04311730731552752,0.04311730731552752
elastic_net,4,USM2_pose_global_net_displacement_l2,-0.04111982624911378,0.04111982624911378
elastic_net,4,USM0_USM2_pose_global_std_distance_rel,-0.04096274763091275,0.04096274763091275
elastic_net,4,USM2_pose_global_idle_threshold_relative,0.03970339059735315,0.03970339059735315
elastic_net,4,USM0_pose_global_pause_count,-0.03424180274691863,0.03424180274691863
elastic_net,4,active_pair_simultaneous_active_fraction,0.03028462685241283,0.03028462685241283
elastic_net,4,USM0_USM3_pose_global_simultaneous_active_fraction,0.02990870079765497,0.02990870079765497
elastic_net,4,USM2_USM3_pose_global_simultaneous_active_fraction,0.02867395461885626,0.02867395461885626
elastic_net,4,USM2_USM3_pose_global_path_length_imbalance,-0.028278661338194688,0.028278661338194688
elastic_net,4,USM3_pose_global_active,-0.028147965622060307,0.028147965622060307
elastic_net,4,USM0_pose_global_y_range_m,-0.02811970778204673,0.02811970778204673
elastic_net,4,camera_to_USM0_max_distance_m,-0.024727047524841117,0.024727047524841117
elastic_net,4,USM2_pose_global_max_abs_angular_acceleration_rad_s2,0.023164846299363398,0.023164846299363398
elastic_net,4,active_pair_path_length_imbalance,-0.022867980205071345,0.022867980205071345
elastic_net,4,USM3_pose_global_economy_volume,-0.020832880067883284,0.020832880067883284
elastic_net,4,USM2_pose_global_log_dimensionless_jerk,0.02060004296283921,0.02060004296283921
elastic_net,4,USM0_USM2_pose_global_path_length_imbalance,-0.01913129558569007,0.01913129558569007
elastic_net,4,USM0_pose_global_idle_threshold_relative,0.019085032028134642,0.019085032028134642
elastic_net,4,USM0_USM2_pose_global_alignment_coverage,0.016647055371892854,0.016647055371892854
elastic_net,4,camera_mean_angular_speed_rad_s,0.016557824317864334,0.016557824317864334
elastic_net,4,USM2_pose_global_economy_area_xz,0.01600031518911858,0.01600031518911858
elastic_net,4,USM0_pose_global_median_dt_seconds,0.015328053867902623,0.015328053867902623
elastic_net,4,camera_max_speed_m_s,0.010511955734688954,0.010511955734688954
elastic_net,4,camera_moving_duration_s,-0.009514620144384473,0.009514620144384473
elastic_net,4,USM0_pose_global_economy_area_yz,-0.009152141389213206,0.009152141389213206
elastic_net,4,USM2_USM3_pose_global_both_idle_fraction,-0.007552562288251235,0.007552562288251235
elastic_net,4,camera_move_count,-0.006455770677115436,0.006455770677115436
elastic_net,4,USM0_pose_global_economy_area_xy,-0.0,0.0
elastic_net,4,USM0_pose_global_economy_area_xz,0.0,0.0
elastic_net,4,USM0_pose_global_max_speed_l2,-0.0,0.0
elastic_net,4,USM0_pose_global_rms_speed_l2,0.0,0.0
elastic_net,4,USM0_pose_global_max_gap_seconds,0.0,0.0
elastic_net,4,USM0_pose_global_z_range_m,-0.0,0.0
elastic_net,4,USM0_pose_global_log_dimensionless_jerk,0.0,0.0
elastic_net,4,USM0_pose_global_x_range_m,-0.0,0.0
elastic_net,4,USM0_pose_global_idle_fraction_relative,0.0,0.0
elastic_net,4,USM0_pose_global_pause_fraction,0.0,0.0
elastic_net,4,USM0_pose_global_economy_volume,-0.0,0.0
elastic_net,4,USM0_pose_global_max_abs_angular_acceleration_rad_s2,0.0,0.0
elastic_net,4,USM2_pose_global_dimensionless_jerk,-0.0,0.0
elastic_net,4,USM2_pose_global_x_range_m,-0.0,0.0
elastic_net,4,USM2_pose_global_economy_area_yz,0.0,0.0
elastic_net,4,USM2_pose_global_economy_area_xy,0.0,0.0
elastic_net,4,USM0_pose_global_rotation_determinant_std,0.0,0.0
elastic_net,4,USM0_pose_global_max_angular_speed_rad_s,0.0,0.0
elastic_net,4,USM2_pose_global_z_range_m,-0.0,0.0
elastic_net,4,USM2_pose_global_y_range_m,-0.0,0.0
elastic_net,4,USM3_pose_global_mean_speed_l2,0.0,0.0
elastic_net,4,USM2_pose_global_rotation_path_radians,-0.0,0.0
elastic_net,4,USM3_pose_global_net_displacement_l2,-0.0,0.0
elastic_net,4,USM3_pose_global_raw_path_l2,0.0,0.0
elastic_net,4,USM3_pose_global_idle_threshold_relative,-0.0,0.0
elastic_net,4,USM2_pose_global_economy_volume,0.0,0.0
elastic_net,4,USM3_pose_global_rotation_orthogonality_error_max,0.0,0.0
elastic_net,4,USM3_pose_global_rotation_orthogonality_error_mean,0.0,0.0
elastic_net,4,USM3_pose_global_economy_area_yz,-0.0,0.0
elastic_net,4,USM3_pose_global_economy_area_xz,0.0,0.0
elastic_net,4,USM3_pose_global_workspace_box_volume_m3,-0.0,0.0
elastic_net,4,USM3_pose_global_economy_area_xy,-0.0,0.0
elastic_net,4,USM3_pose_global_z_range_m,-0.0,0.0
elastic_net,4,USM3_pose_global_y_range_m,0.0,0.0
elastic_net,4,USM3_pose_global_jerk_cost,0.0,0.0
elastic_net,4,USM3_pose_global_x_range_m,0.0,0.0
elastic_net,4,USM3_pose_global_max_angular_speed_rad_s,0.0,0.0
elastic_net,4,camera_pause_fraction,-0.0,0.0
elastic_net,4,camera_path_length_m,-0.0,0.0
elastic_net,4,USM3_pose_global_max_abs_angular_acceleration_rad_s2,0.0,0.0
elastic_net,4,camera_pause_count,-0.0,0.0
elastic_net,4,USM3_pose_global_rotation_path_radians,0.0,0.0
elastic_net,4,camera_to_all_tools_mean_distance_m,-0.0,0.0
elastic_net,4,camera_moving_fraction,0.0,0.0
elastic_net,4,camera_max_angular_speed_rad_s,-0.0,0.0
elastic_net,4,USM3_pose_global_mean_angular_speed_rad_s,-0.0,0.0
elastic_net,4,USM3_pose_global_rotation_determinant_mean,-0.0,0.0
elastic_net,4,camera_mean_speed_m_s,0.0,0.0
elastic_net,4,USM0_USM2_pose_global_mean_abs_relative_speed,-0.0,0.0
elastic_net,4,USM0_USM2_pose_global_both_idle_fraction,0.0,0.0
elastic_net,4,USM0_USM3_pose_global_both_idle_fraction,0.0,0.0
elastic_net,4,USM0_USM3_pose_global_std_distance_rel,-0.0,0.0
elastic_net,4,USM0_USM3_pose_global_distance_range_rel,0.0,0.0
elastic_net,4,USM0_USM3_pose_global_speed_correlation,0.0,0.0
elastic_net,4,USM2_USM3_pose_global_one_arm_only_active_fraction,-0.0,0.0
elastic_net,4,USM2_USM3_pose_global_mean_distance_rel,0.0,0.0
elastic_net,4,USM2_USM3_pose_global_std_distance_rel,0.0,0.0
elastic_net,4,active_pair_usm_b,0.0,0.0
elastic_net,5,USM0_pose_global_rotation_orthogonality_error_mean,0.290945934652817,0.290945934652817
elastic_net,5,USM0_pose_global_rotation_determinant_mean,-0.28602350241624236,0.28602350241624236
elastic_net,5,active_pair_simultaneous_active_fraction,0.270541207976359,0.270541207976359
elastic_net,5,USM0_pose_global_movement_economy,-0.2611150328182746,0.2611150328182746
elastic_net,5,USM0_pose_global_rotation_orthogonality_error_max,0.25125538945613957,0.25125538945613957
elastic_net,5,USM3_pose_global_pause_count,-0.24694257664377597,0.24694257664377597
elastic_net,5,USM2_pose_global_mean_angular_speed_rad_s,0.22384907079091443,0.22384907079091443
elastic_net,5,USM0_USM2_pose_global_simultaneous_active_fraction,0.18826848849541777,0.18826848849541777
elastic_net,5,USM0_pose_global_mean_angular_speed_rad_s,0.183297848021948,0.183297848021948
elastic_net,5,USM0_USM3_pose_global_one_arm_only_active_fraction,-0.17839196745676164,0.17839196745676164
elastic_net,5,camera_to_USM3_max_distance_m,0.17530777074599002,0.17530777074599002
elastic_net,5,USM2_pose_global_rotation_orthogonality_error_mean,0.1637346530543496,0.1637346530543496
elastic_net,5,USM2_pose_global_raw_path_l2,-0.15824487544022547,0.15824487544022547
elastic_net,5,camera_pause_duration_seconds,-0.15524136407280575,0.15524136407280575
elastic_net,5,camera_to_USM3_mean_distance_m,0.14925978514660537,0.14925978514660537
elastic_net,5,USM0_USM3_pose_global_path_length_imbalance,-0.1447706518025438,0.1447706518025438
elastic_net,5,USM0_pose_global_raw_path_l2,-0.14299157452905617,0.14299157452905617
elastic_net,5,camera_log_dimensionless_jerk,0.1415823683228418,0.1415823683228418
elastic_net,5,USM0_pose_global_n_samples,-0.13984810821617166,0.13984810821617166
elastic_net,5,USM0_USM3_pose_global_simultaneous_active_fraction,0.13746437892525454,0.13746437892525454
elastic_net,5,camera_pause_count,-0.1358458238685261,0.1358458238685261
elastic_net,5,USM2_pose_global_mean_abs_angular_acceleration_rad_s2,0.13062291781091176,0.13062291781091176
elastic_net,5,USM2_pose_global_pause_fraction,-0.13025141695442655,0.13025141695442655
elastic_net,5,USM2_pose_global_rotation_determinant_mean,-0.12897436743336757,0.12897436743336757
elastic_net,5,USM2_pose_global_pause_duration_seconds,-0.12829265266539686,0.12829265266539686
elastic_net,5,USM2_pose_global_rotation_determinant_std,-0.12703354079031168,0.12703354079031168
elastic_net,5,USM2_pose_global_path_l2,-0.1230394448044308,0.1230394448044308
elastic_net,5,USM3_pose_global_mean_angular_speed_rad_s,0.11841124217871524,0.11841124217871524
elastic_net,5,USM0_pose_global_mean_abs_angular_acceleration_rad_s2,0.11683549337123497,0.11683549337123497
elastic_net,5,USM0_pose_global_mean_acceleration_l2,0.11165896901386138,0.11165896901386138
elastic_net,5,active_pair_speed_correlation,0.11061145067308749,0.11061145067308749
elastic_net,5,active_pair_path_length_b_rel,-0.10753463506729953,0.10753463506729953
elastic_net,5,USM2_pose_global_movement_economy,-0.10648824798569992,0.10648824798569992
elastic_net,5,active_psm_count,-0.10638969416986893,0.10638969416986893
elastic_net,5,USM3_pose_global_pause_fraction,-0.1061449251836203,0.1061449251836203
elastic_net,5,USM3_pose_global_pause_duration_seconds,-0.10605806169024437,0.10605806169024437
elastic_net,5,USM3_pose_global_idle_fraction_relative,-0.10532747391571677,0.10532747391571677
elastic_net,5,USM2_pose_global_idle_fraction_relative,-0.10436213601053412,0.10436213601053412
elastic_net,5,USM2_pose_global_pause_count,-0.10234437623973647,0.10234437623973647
elastic_net,5,USM2_pose_global_max_angular_speed_rad_s,0.10217488348414926,0.10217488348414926
elastic_net,5,camera_to_USM2_std_distance_m,-0.10050981848288111,0.10050981848288111
elastic_net,5,active_pair_usm_a,0.09997606792765092,0.09997606792765092
elastic_net,5,active_pair_one_arm_only_active_fraction,-0.09991963006798035,0.09991963006798035
elastic_net,5,active_pair_path_length_imbalance,-0.0961068386175855,0.0961068386175855
elastic_net,5,USM0_pose_global_active,-0.09158441293627267,0.09158441293627267
elastic_net,5,USM2_pose_global_rotation_orthogonality_error_max,0.09111123889367952,0.09111123889367952
elastic_net,5,camera_to_USM3_std_distance_m,0.08970474980641441,0.08970474980641441
elastic_net,5,USM0_pose_global_dimensionless_jerk,0.08946280901385377,0.08946280901385377
elastic_net,5,USM3_pose_global_idle_threshold_relative,0.08727155608782013,0.08727155608782013
elastic_net,5,USM2_USM3_pose_global_simultaneous_active_fraction,0.08536928552078021,0.08536928552078021
elastic_net,5,all_psm_pose_global_path_total_m,-0.08441219109333813,0.08441219109333813
elastic_net,5,USM0_pose_global_rotation_path_radians,-0.08252794397302343,0.08252794397302343
elastic_net,5,USM3_pose_global_dimensionless_jerk,-0.08129338730470907,0.08129338730470907
elastic_net,5,USM0_pose_global_pause_duration_seconds,-0.0811370398149688,0.0811370398149688
elastic_net,5,USM2_USM3_pose_global_distance_range_rel,0.07951849061454992,0.07951849061454992
elastic_net,5,USM2_pose_global_mean_acceleration_l2,0.07602437398143225,0.07602437398143225
elastic_net,5,USM3_pose_global_active,-0.07580634838766864,0.07580634838766864
elastic_net,5,USM2_USM3_pose_global_mean_abs_relative_speed,0.0726008151964275,0.0726008151964275
elastic_net,5,USM3_pose_global_mean_abs_angular_acceleration_rad_s2,0.07065804788120036,0.07065804788120036
elastic_net,5,USM2_USM3_pose_global_both_idle_fraction,-0.0691431909148882,0.0691431909148882
elastic_net,5,USM3_pose_global_rotation_path_radians,0.06385962982577094,0.06385962982577094
elastic_net,5,USM0_pose_global_idle_threshold_relative,0.06382518913006283,0.06382518913006283
elastic_net,5,USM0_pose_global_mean_speed_l2,0.06197652465289159,0.06197652465289159
elastic_net,5,USM0_USM3_pose_global_mean_distance_rel,0.060916786495017694,0.060916786495017694
elastic_net,5,USM3_pose_global_max_acceleration_l2,0.060404804722488506,0.060404804722488506
elastic_net,5,USM0_USM2_pose_global_one_arm_only_active_fraction,-0.06036824944175365,0.06036824944175365
elastic_net,5,camera_to_USM0_mean_distance_m,-0.06003643398125559,0.06003643398125559
elastic_net,5,camera_mean_angular_speed_rad_s,0.05914725445589351,0.05914725445589351
elastic_net,5,USM3_pose_global_y_range_m,0.05271787742417332,0.05271787742417332
elastic_net,5,USM2_pose_global_economy_area_xz,0.05026107561635223,0.05026107561635223
elastic_net,5,USM3_pose_global_mean_speed_l2,0.04946227725455478,0.04946227725455478
elastic_net,5,USM0_USM3_pose_global_mean_abs_relative_speed,0.04877117808696203,0.04877117808696203
elastic_net,5,camera_to_USM0_std_distance_m,-0.04724370852988765,0.04724370852988765
elastic_net,5,USM0_pose_global_log_dimensionless_jerk,0.04644920970768357,0.04644920970768357
elastic_net,5,USM0_USM3_pose_global_speed_correlation,0.04479879804447132,0.04479879804447132
elastic_net,5,active_pair_usm_b,0.04395553440469633,0.04395553440469633
elastic_net,5,USM2_pose_global_economy_volume,0.04205544590048569,0.04205544590048569
elastic_net,5,camera_move_count,-0.037179842274833785,0.037179842274833785
elastic_net,5,USM2_pose_global_mean_speed_l2,0.03564061542047682,0.03564061542047682
elastic_net,5,USM3_pose_global_max_speed_l2,0.03530112309216958,0.03530112309216958
elastic_net,5,USM0_pose_global_economy_area_xy,-0.035036532473411444,0.035036532473411444
elastic_net,5,USM0_USM2_pose_global_std_distance_rel,-0.03471109245497281,0.03471109245497281
elastic_net,5,camera_to_USM0_max_distance_m,-0.034127819527882734,0.034127819527882734
elastic_net,5,USM2_pose_global_log_dimensionless_jerk,0.03218402928818805,0.03218402928818805
elastic_net,5,USM3_pose_global_movement_economy,0.031288456309332996,0.031288456309332996
elastic_net,5,USM0_pose_global_net_displacement_l2,-0.024830986227738258,0.024830986227738258
elastic_net,5,USM3_pose_global_rotation_determinant_std,-0.024012145120560886,0.024012145120560886
elastic_net,5,camera_moving_duration_s,-0.021596383280836736,0.021596383280836736
elastic_net,5,USM0_pose_global_economy_area_yz,-0.021578382549608335,0.021578382549608335
elastic_net,5,USM3_pose_global_mean_acceleration_l2,0.019764592113283873,0.019764592113283873
elastic_net,5,USM0_pose_global_x_range_m,-0.01963567462679856,0.01963567462679856
elastic_net,5,USM0_USM2_pose_global_alignment_coverage,0.018812744579804388,0.018812744579804388
elastic_net,5,camera_rotation_path_radians,-0.01860465044502351,0.01860465044502351
elastic_net,5,USM3_pose_global_log_dimensionless_jerk,0.01817532509849164,0.01817532509849164
elastic_net,5,USM0_USM2_pose_global_speed_correlation,0.017390902848484054,0.017390902848484054
elastic_net,5,USM3_pose_global_rms_speed_l2,0.01575018952205598,0.01575018952205598
elastic_net,5,USM2_pose_global_economy_area_xy,0.015170066347467707,0.015170066347467707
elastic_net,5,USM2_pose_global_max_abs_angular_acceleration_rad_s2,0.01497252505727665,0.01497252505727665
elastic_net,5,USM0_pose_global_max_abs_angular_acceleration_rad_s2,-0.013703866741657675,0.013703866741657675
elastic_net,5,active_pair_both_idle_fraction,-0.011824436619524334,0.011824436619524334
elastic_net,5,USM2_pose_global_net_displacement_l2,-0.00833660662582022,0.00833660662582022
elastic_net,5,USM0_pose_global_y_range_m,-0.007895901365729896,0.007895901365729896
elastic_net,5,camera_max_speed_m_s,0.0069192140062894,0.0069192140062894
elastic_net,5,USM0_pose_global_pause_count,-0.005212442614659342,0.005212442614659342
elastic_net,5,camera_pause_fraction,-0.004367104630693691,0.004367104630693691
elastic_net,5,USM3_pose_global_max_jerk_l2,0.003563135354538414,0.003563135354538414
elastic_net,5,USM0_pose_global_economy_volume,-0.0027781976129888732,0.0027781976129888732
elastic_net,5,USM2_USM3_pose_global_path_length_imbalance,-0.00011920956657432305,0.00011920956657432305
elastic_net,5,USM0_pose_global_economy_area_xz,-0.0,0.0
elastic_net,5,USM0_pose_global_pause_fraction,-0.0,0.0
elastic_net,5,USM0_pose_global_z_range_m,-0.0,0.0
elastic_net,5,USM0_pose_global_max_gap_seconds,-0.0,0.0
elastic_net,5,USM0_pose_global_median_dt_seconds,0.0,0.0
elastic_net,5,USM0_pose_global_rms_speed_l2,-0.0,0.0
elastic_net,5,USM0_pose_global_idle_fraction_relative,-0.0,0.0
elastic_net,5,USM0_pose_global_rotation_determinant_std,0.0,0.0
elastic_net,5,USM2_pose_global_idle_threshold_relative,0.0,0.0
elastic_net,5,USM2_pose_global_economy_area_yz,0.0,0.0
elastic_net,5,USM2_pose_global_y_range_m,-0.0,0.0
elastic_net,5,USM2_pose_global_dimensionless_jerk,-0.0,0.0
elastic_net,5,USM0_pose_global_max_angular_speed_rad_s,-0.0,0.0
elastic_net,5,USM2_pose_global_x_range_m,-0.0,0.0
elastic_net,5,USM2_pose_global_rotation_path_radians,-0.0,0.0
elastic_net,5,USM3_pose_global_rotation_orthogonality_error_max,-0.0,0.0
elastic_net,5,USM3_pose_global_rotation_determinant_mean,0.0,0.0
elastic_net,5,USM3_pose_global_economy_volume,-0.0,0.0
elastic_net,5,USM3_pose_global_rotation_orthogonality_error_mean,-0.0,0.0
elastic_net,5,USM3_pose_global_economy_area_yz,-0.0,0.0
elastic_net,5,USM3_pose_global_economy_area_xz,0.0,0.0
elastic_net,5,USM3_pose_global_workspace_box_volume_m3,-0.0,0.0
elastic_net,5,USM3_pose_global_economy_area_xy,-0.0,0.0
elastic_net,5,USM3_pose_global_jerk_cost,0.0,0.0
elastic_net,5,USM3_pose_global_x_range_m,-0.0,0.0
elastic_net,5,USM3_pose_global_z_range_m,-0.0,0.0
elastic_net,5,USM3_pose_global_net_displacement_l2,0.0,0.0
elastic_net,5,USM3_pose_global_raw_path_l2,0.0,0.0
elastic_net,5,USM2_pose_global_z_range_m,-0.0,0.0
elastic_net,5,USM3_pose_global_max_angular_speed_rad_s,-0.0,0.0
elastic_net,5,camera_moving_fraction,0.0,0.0
elastic_net,5,USM0_USM2_pose_global_mean_abs_relative_speed,-0.0,0.0
elastic_net,5,camera_to_all_tools_mean_distance_m,-0.0,0.0
elastic_net,5,camera_max_angular_speed_rad_s,-0.0,0.0
elastic_net,5,USM3_pose_global_max_abs_angular_acceleration_rad_s2,-0.0,0.0
elastic_net,5,camera_mean_speed_m_s,0.0,0.0
elastic_net,5,camera_path_length_m,-0.0,0.0
elastic_net,5,USM0_USM3_pose_global_std_distance_rel,-0.0,0.0
elastic_net,5,USM0_USM2_pose_global_path_length_imbalance,-0.0,0.0
elastic_net,5,USM2_USM3_pose_global_std_distance_rel,0.0,0.0
elastic_net,5,USM2_USM3_pose_global_mean_distance_rel,0.0,0.0
elastic_net,5,USM0_USM3_pose_global_both_idle_fraction,-0.0,0.0
elastic_net,5,USM0_USM3_pose_global_distance_range_rel,0.0,0.0
elastic_net,5,USM0_USM2_pose_global_both_idle_fraction,-0.0,0.0
elastic_net,5,USM2_USM3_pose_global_speed_correlation,0.0,0.0
elastic_net,5,USM2_USM3_pose_global_one_arm_only_active_fraction,0.0,0.0
elastic_net,5,active_pair_mean_abs_relative_speed,-0.0,0.0
