task,metric,metric_column,mgears_domain,mgears_column,n,spearman_rho,abs_rho,p_value,p_fdr,significant_fdr_005
camera_target,Task duration,qc_fk_duration_seconds,Depth perception,mgears_depth_perception,53,-0.439997824349905,0.439997824349905,0.00097803318888536,0.003378660107058516,True
camera_target,Task duration,qc_fk_duration_seconds,Dexterity,mgears_dexterity_with_multiple_wristed_instruments,53,-0.5563397241982182,0.5563397241982182,1.5220044899896865e-05,0.00021037040226947978,True
camera_target,Task duration,qc_fk_duration_seconds,Efficiency / Flow,mgears_efficiency_flow_of_operation,53,-0.6064607282818484,0.6064607282818484,1.4858670262071147e-06,8.469442049380553e-05,True
camera_target,Task duration,qc_fk_duration_seconds,Force / Tissue handling,mgears_force_sensitivity_and_tissue_handling,53,-0.5889139096195838,0.5889139096195838,3.5077129314912663e-06,0.00013329309139666813,True
camera_target,Task duration,qc_fk_duration_seconds,Robotic control,mgears_master_manipulator_workspace_robotic_control,53,-0.4554201944434126,0.4554201944434126,0.0006112653689581938,0.0023228084020411365,True
camera_target,Task duration,qc_fk_duration_seconds,Overall quality,mgears_overall_performance_quality_of_the_final_product,52,-0.6346059034335912,0.6346059034335912,4.3702747122375633e-07,4.982113171950822e-05,True
camera_target,Left path length,USM0_pose_global_path_l2,Depth perception,mgears_depth_perception,53,-0.23789006650881317,0.23789006650881317,0.08629215402215074,0.1229663194815648,False
camera_target,Left path length,USM0_pose_global_path_l2,Dexterity,mgears_dexterity_with_multiple_wristed_instruments,53,-0.24091797306951254,0.24091797306951254,0.08224877391562985,0.11868810413141521,False
camera_target,Left path length,USM0_pose_global_path_l2,Efficiency / Flow,mgears_efficiency_flow_of_operation,53,-0.37464477146638897,0.37464477146638897,0.005712113838314358,0.012426995922552274,True
camera_target,Left path length,USM0_pose_global_path_l2,Force / Tissue handling,mgears_force_sensitivity_and_tissue_handling,53,-0.30874763345988276,0.30874763345988276,0.02448795216716124,0.042844429940791455,True
camera_target,Left path length,USM0_pose_global_path_l2,Robotic control,mgears_master_manipulator_workspace_robotic_control,53,-0.2771576339757757,0.2771576339757757,0.04451862662557905,0.07048782549050017,False
camera_target,Left path length,USM0_pose_global_path_l2,Overall quality,mgears_overall_performance_quality_of_the_final_product,52,-0.37570283043496927,0.37570283043496927,0.006056320075506388,0.012785564603846819,True
camera_target,Right path length,USM2_pose_global_path_l2,Depth perception,mgears_depth_perception,53,-0.30232399568238116,0.30232399568238116,0.027789967659836205,0.0459138596119033,True
camera_target,Right path length,USM2_pose_global_path_l2,Dexterity,mgears_dexterity_with_multiple_wristed_instruments,53,-0.23297146401015165,0.23297146401015165,0.09319043992369479,0.1299169512810598,False
camera_target,Right path length,USM2_pose_global_path_l2,Efficiency / Flow,mgears_efficiency_flow_of_operation,53,-0.30600723780065586,0.30600723780065586,0.02585388732906139,0.04399019635094028,True
camera_target,Right path length,USM2_pose_global_path_l2,Force / Tissue handling,mgears_force_sensitivity_and_tissue_handling,53,-0.3081009964168923,0.3081009964168923,0.02480466996572137,0.042844429940791455,True
camera_target,Right path length,USM2_pose_global_path_l2,Robotic control,mgears_master_manipulator_workspace_robotic_control,53,-0.2566243348151876,0.2566243348151876,0.0636102481776544,0.09668757723003468,False
camera_target,Right path length,USM2_pose_global_path_l2,Overall quality,mgears_overall_performance_quality_of_the_final_product,52,-0.34686960930959154,0.34686960930959154,0.011760116209423552,0.021977922096299753,True
camera_target,L/R path imbalance,USM0_USM2_pose_global_path_length_imbalance,Depth perception,mgears_depth_perception,53,0.12178012613804358,0.12178012613804358,0.3850267442709387,0.4389304884688701,False
camera_target,L/R path imbalance,USM0_USM2_pose_global_path_length_imbalance,Dexterity,mgears_dexterity_with_multiple_wristed_instruments,53,0.07626966896127325,0.07626966896127325,0.5872653504601555,0.6437331726197859,False
camera_target,L/R path imbalance,USM0_USM2_pose_global_path_length_imbalance,Efficiency / Flow,mgears_efficiency_flow_of_operation,53,0.04633775435246839,0.04633775435246839,0.7417952148909727,0.7964231536285639,False
camera_target,L/R path imbalance,USM0_USM2_pose_global_path_length_imbalance,Force / Tissue handling,mgears_force_sensitivity_and_tissue_handling,53,0.09074473169967234,0.09074473169967234,0.5181407613782943,0.5790984980110349,False
camera_target,L/R path imbalance,USM0_USM2_pose_global_path_length_imbalance,Robotic control,mgears_master_manipulator_workspace_robotic_control,53,0.20688346521596687,0.20688346521596687,0.13718569825391305,0.1737685511216232,False
camera_target,L/R path imbalance,USM0_USM2_pose_global_path_length_imbalance,Overall quality,mgears_overall_performance_quality_of_the_final_product,52,0.04515218252543249,0.04515218252543249,0.7506030968906842,0.7964231536285639,False
camera_target,Left mean speed,USM0_pose_global_mean_speed_l2,Depth perception,mgears_depth_perception,53,0.33355297335517053,0.33355297335517053,0.01465699409014244,0.026949956875423196,True
camera_target,Left mean speed,USM0_pose_global_mean_speed_l2,Dexterity,mgears_dexterity_with_multiple_wristed_instruments,53,0.5690373206846042,0.5690373206846042,8.750083738174407e-06,0.00016625159102531372,True
camera_target,Left mean speed,USM0_pose_global_mean_speed_l2,Efficiency / Flow,mgears_efficiency_flow_of_operation,53,0.524935109233544,0.524935109233544,5.4525325944711994e-05,0.00036564042104100987,True
camera_target,Left mean speed,USM0_pose_global_mean_speed_l2,Force / Tissue handling,mgears_force_sensitivity_and_tissue_handling,53,0.5174389618010296,0.5174389618010296,7.26013477672399e-05,0.00045980853585918604,True
camera_target,Left mean speed,USM0_pose_global_mean_speed_l2,Robotic control,mgears_master_manipulator_workspace_robotic_control,53,0.4164069260382951,0.4164069260382951,0.001926170245640886,0.006099539111196139,True
camera_target,Left mean speed,USM0_pose_global_mean_speed_l2,Overall quality,mgears_overall_performance_quality_of_the_final_product,52,0.5498023118883627,0.5498023118883627,2.4238620420798375e-05,0.00021037040226947978,True
camera_target,Right mean speed,USM2_pose_global_mean_speed_l2,Depth perception,mgears_depth_perception,53,0.24192792607035676,0.24192792607035676,0.08093377199169023,0.11828782060323959,False
camera_target,Right mean speed,USM2_pose_global_mean_speed_l2,Dexterity,mgears_dexterity_with_multiple_wristed_instruments,53,0.5576431198640392,0.5576431198640392,1.4394337165043131e-05,0.00021037040226947978,True
camera_target,Right mean speed,USM2_pose_global_mean_speed_l2,Efficiency / Flow,mgears_efficiency_flow_of_operation,53,0.5477012337415729,0.5477012337415729,2.18990137354269e-05,0.00021037040226947978,True
camera_target,Right mean speed,USM2_pose_global_mean_speed_l2,Force / Tissue handling,mgears_force_sensitivity_and_tissue_handling,53,0.502436982403649,0.502436982403649,0.00012625082147147562,0.000719629682387411,True
camera_target,Right mean speed,USM2_pose_global_mean_speed_l2,Robotic control,mgears_master_manipulator_workspace_robotic_control,53,0.40295551985350164,0.40295551985350164,0.002775508202626753,0.007358324072080228,True
camera_target,Right mean speed,USM2_pose_global_mean_speed_l2,Overall quality,mgears_overall_performance_quality_of_the_final_product,52,0.558741068835022,0.558741068835022,1.6708477149265598e-05,0.00021037040226947978,True
camera_target,Left smoothness (LDJ),USM0_pose_global_log_dimensionless_jerk,Depth perception,mgears_depth_perception,53,0.36997962131462764,0.36997962131462764,0.006395909055961462,0.013256975134174667,True
camera_target,Left smoothness (LDJ),USM0_pose_global_log_dimensionless_jerk,Dexterity,mgears_dexterity_with_multiple_wristed_instruments,53,0.4657747479343909,0.4657747479343909,0.00044026424150849224,0.0019303893666141583,True
camera_target,Left smoothness (LDJ),USM0_pose_global_log_dimensionless_jerk,Efficiency / Flow,mgears_efficiency_flow_of_operation,53,0.5354490736245889,0.5354490736245889,3.607296356542428e-05,0.000257019865403648,True
camera_target,Left smoothness (LDJ),USM0_pose_global_log_dimensionless_jerk,Force / Tissue handling,mgears_force_sensitivity_and_tissue_handling,53,0.5514089611261326,0.5514089611261326,1.875608213813702e-05,0.00021037040226947978,True
camera_target,Left smoothness (LDJ),USM0_pose_global_log_dimensionless_jerk,Robotic control,mgears_master_manipulator_workspace_robotic_control,53,0.3827155535380647,0.3827155535380647,0.004679223606772957,0.010886356962696266,True
camera_target,Left smoothness (LDJ),USM0_pose_global_log_dimensionless_jerk,Overall quality,mgears_overall_performance_quality_of_the_final_product,52,0.548243759395099,0.548243759395099,2.5834961682216815e-05,0.00021037040226947978,True
camera_target,Right smoothness (LDJ),USM2_pose_global_log_dimensionless_jerk,Depth perception,mgears_depth_perception,53,0.3531838437767175,0.3531838437767175,0.00948400479696693,0.018325026217868304,True
camera_target,Right smoothness (LDJ),USM2_pose_global_log_dimensionless_jerk,Dexterity,mgears_dexterity_with_multiple_wristed_instruments,53,0.4739314821011423,0.4739314821011423,0.00033747135570952536,0.0015388693820354356,True
camera_target,Right smoothness (LDJ),USM2_pose_global_log_dimensionless_jerk,Efficiency / Flow,mgears_efficiency_flow_of_operation,53,0.5755547603743009,0.5755547603743009,6.526776859284145e-06,0.0001596318703365844,True
camera_target,Right smoothness (LDJ),USM2_pose_global_log_dimensionless_jerk,Force / Tissue handling,mgears_force_sensitivity_and_tissue_handling,53,0.5446408267428315,0.5446408267428315,2.4852051387550748e-05,0.00021037040226947978,True
camera_target,Right smoothness (LDJ),USM2_pose_global_log_dimensionless_jerk,Robotic control,mgears_master_manipulator_workspace_robotic_control,53,0.4014469509355809,0.4014469509355809,0.002888913217545096,0.00748491151818502,True
camera_target,Right smoothness (LDJ),USM2_pose_global_log_dimensionless_jerk,Overall quality,mgears_overall_performance_quality_of_the_final_product,52,0.5786813727929541,0.5786813727929541,7.001397821780018e-06,0.0001596318703365844,True
camera_target,Left pause fraction,USM0_pose_global_pause_fraction,Depth perception,mgears_depth_perception,53,-0.040120859898741694,0.040120859898741694,0.7754646495857068,0.7964231536285639,False
camera_target,Left pause fraction,USM0_pose_global_pause_fraction,Dexterity,mgears_dexterity_with_multiple_wristed_instruments,53,0.08959794076983094,0.08959794076983094,0.5234644430605245,0.579368412707765,False
camera_target,Left pause fraction,USM0_pose_global_pause_fraction,Efficiency / Flow,mgears_efficiency_flow_of_operation,53,0.040741612015299286,0.040741612015299286,0.7720831708962982,0.7964231536285639,False
camera_target,Left pause fraction,USM0_pose_global_pause_fraction,Force / Tissue handling,mgears_force_sensitivity_and_tissue_handling,53,0.041815862113388204,0.041815862113388204,0.7662412568674611,0.7964231536285639,False
camera_target,Left pause fraction,USM0_pose_global_pause_fraction,Robotic control,mgears_master_manipulator_workspace_robotic_control,53,0.031051376893869036,0.031051376893869036,0.825310297356778,0.8326139283068379,False
camera_target,Left pause fraction,USM0_pose_global_pause_fraction,Overall quality,mgears_overall_performance_quality_of_the_final_product,52,0.12780130444762008,0.12780130444762008,0.36658133511542773,0.4228438378143556,False
camera_target,Right pause fraction,USM2_pose_global_pause_fraction,Depth perception,mgears_depth_perception,53,0.026117219291686245,0.026117219291686245,0.8527318072667848,0.8527318072667849,False
camera_target,Right pause fraction,USM2_pose_global_pause_fraction,Dexterity,mgears_dexterity_with_multiple_wristed_instruments,53,-0.17835498111009987,0.17835498111009987,0.2013355908568931,0.2467984662116754,False
camera_target,Right pause fraction,USM2_pose_global_pause_fraction,Efficiency / Flow,mgears_efficiency_flow_of_operation,53,-0.38630340133549124,0.38630340133549124,0.004275392150577978,0.010154056357622699,True
camera_target,Right pause fraction,USM2_pose_global_pause_fraction,Force / Tissue handling,mgears_force_sensitivity_and_tissue_handling,53,-0.1335089948094467,0.1335089948094467,0.3405600595770801,0.4002458432143003,False
camera_target,Right pause fraction,USM2_pose_global_pause_fraction,Robotic control,mgears_master_manipulator_workspace_robotic_control,53,-0.25193100929276746,0.25193100929276746,0.06878523865332949,0.10317785797999422,False
camera_target,Right pause fraction,USM2_pose_global_pause_fraction,Overall quality,mgears_overall_performance_quality_of_the_final_product,52,-0.23506638780753075,0.23506638780753075,0.09344903513199039,0.1299169512810598,False
camera_target,Inter-tool distance,USM0_USM2_pose_global_mean_distance_rel,Depth perception,mgears_depth_perception,53,-0.15739061099463553,0.15739061099463553,0.26036416752157776,0.3157607989091475,False
camera_target,Inter-tool distance,USM0_USM2_pose_global_mean_distance_rel,Dexterity,mgears_dexterity_with_multiple_wristed_instruments,53,-0.37470523141282647,0.37470523141282647,0.005703689090535256,0.012426995922552274,True
camera_target,Inter-tool distance,USM0_USM2_pose_global_mean_distance_rel,Efficiency / Flow,mgears_efficiency_flow_of_operation,53,-0.46414065384338876,0.46414065384338876,0.0004639852447711186,0.0019590488112558343,True
camera_target,Inter-tool distance,USM0_USM2_pose_global_mean_distance_rel,Force / Tissue handling,mgears_force_sensitivity_and_tissue_handling,53,-0.21955483066338777,0.21955483066338777,0.1141959698556055,0.1531569478063415,False
camera_target,Inter-tool distance,USM0_USM2_pose_global_mean_distance_rel,Robotic control,mgears_master_manipulator_workspace_robotic_control,53,-0.44695544662619047,0.44695544662619047,0.0007933187708578214,0.0029173658025094078,True
camera_target,Inter-tool distance,USM0_USM2_pose_global_mean_distance_rel,Overall quality,mgears_overall_performance_quality_of_the_final_product,52,-0.39211347139345126,0.39211347139345126,0.00404097931925263,0.010014600921626083,True
camera_target,Relative tool speed,USM0_USM2_pose_global_mean_abs_relative_speed,Depth perception,mgears_depth_perception,53,0.30348380640750544,0.30348380640750544,0.02716765041626742,0.04554576687433068,True
camera_target,Relative tool speed,USM0_USM2_pose_global_mean_abs_relative_speed,Dexterity,mgears_dexterity_with_multiple_wristed_instruments,53,0.5360319788242959,0.5360319788242959,3.5241911801218896e-05,0.000257019865403648,True
camera_target,Relative tool speed,USM0_USM2_pose_global_mean_abs_relative_speed,Efficiency / Flow,mgears_efficiency_flow_of_operation,53,0.37417842627162484,0.37417842627162484,0.00577746301662518,0.012426995922552274,True
camera_target,Relative tool speed,USM0_USM2_pose_global_mean_abs_relative_speed,Force / Tissue handling,mgears_force_sensitivity_and_tissue_handling,53,0.4043636975500839,0.4043636975500839,0.0026732275058100378,0.0072559032300558175,True
camera_target,Relative tool speed,USM0_USM2_pose_global_mean_abs_relative_speed,Robotic control,mgears_master_manipulator_workspace_robotic_control,53,0.40450599346358684,0.40450599346358684,0.002663080323513571,0.0072559032300558175,True
camera_target,Relative tool speed,USM0_USM2_pose_global_mean_abs_relative_speed,Overall quality,mgears_overall_performance_quality_of_the_final_product,52,0.4175545488570198,0.4175545488570198,0.0020709719416090594,0.006380832468741426,True
camera_target,Tool speed correlation,USM0_USM2_pose_global_speed_correlation,Depth perception,mgears_depth_perception,53,-0.03505205747042101,0.03505205747042101,0.8032258316031394,0.8175691500246242,False
camera_target,Tool speed correlation,USM0_USM2_pose_global_speed_correlation,Dexterity,mgears_dexterity_with_multiple_wristed_instruments,53,0.0967455944211079,0.0967455944211079,0.49073321698392336,0.5538968983778937,False
camera_target,Tool speed correlation,USM0_USM2_pose_global_speed_correlation,Efficiency / Flow,mgears_efficiency_flow_of_operation,53,0.20841390704184318,0.20841390704184318,0.1342382490030357,0.17194562231849514,False
camera_target,Tool speed correlation,USM0_USM2_pose_global_speed_correlation,Force / Tissue handling,mgears_force_sensitivity_and_tissue_handling,53,0.15377028882315025,0.15377028882315025,0.27162649080783063,0.32595178896939675,False
camera_target,Tool speed correlation,USM0_USM2_pose_global_speed_correlation,Robotic control,mgears_master_manipulator_workspace_robotic_control,53,0.19251015580355518,0.19251015580355518,0.16726882306164925,0.20726788944595667,False
camera_target,Tool speed correlation,USM0_USM2_pose_global_speed_correlation,Overall quality,mgears_overall_performance_quality_of_the_final_product,52,0.2149427247327441,0.2149427247327441,0.12595647317541936,0.16603144534692085,False
camera_target,Camera path length,camera_path_length_m,Depth perception,mgears_depth_perception,53,-0.14218420370967347,0.14218420370967347,0.30981731496333137,0.367908061518956,False
camera_target,Camera path length,camera_path_length_m,Dexterity,mgears_dexterity_with_multiple_wristed_instruments,53,-0.04654383877625661,0.04654383877625661,0.7406868864299372,0.7964231536285639,False
camera_target,Camera path length,camera_path_length_m,Efficiency / Flow,mgears_efficiency_flow_of_operation,53,-0.2098977326615471,0.2098977326615471,0.13142618729911654,0.17025665172840096,False
camera_target,Camera path length,camera_path_length_m,Force / Tissue handling,mgears_force_sensitivity_and_tissue_handling,53,-0.22563321886749885,0.22563321886749885,0.10427113449042669,0.14151082537986479,False
camera_target,Camera path length,camera_path_length_m,Robotic control,mgears_master_manipulator_workspace_robotic_control,53,-0.04265897662342602,0.04265897662342602,0.7616652856359475,0.7964231536285639,False
camera_target,Camera path length,camera_path_length_m,Overall quality,mgears_overall_performance_quality_of_the_final_product,52,-0.20494965286417124,0.20494965286417124,0.14497600878876082,0.1816182967243817,False
camera_target,Camera move count,camera_move_count,Depth perception,mgears_depth_perception,53,-0.36504945023065016,0.36504945023065016,0.007195168137185373,0.014390336274370747,True
camera_target,Camera move count,camera_move_count,Dexterity,mgears_dexterity_with_multiple_wristed_instruments,53,-0.29249978531330956,0.29249978531330956,0.03355505087460849,0.05402356650424331,False
camera_target,Camera move count,camera_move_count,Efficiency / Flow,mgears_efficiency_flow_of_operation,53,-0.4581558488344923,0.4581558488344923,0.0005610643200217592,0.0022055631890510537,True
camera_target,Camera move count,camera_move_count,Force / Tissue handling,mgears_force_sensitivity_and_tissue_handling,53,-0.48672193924498297,0.48672193924498297,0.00021941147997081714,0.001087517770290137,True
camera_target,Camera move count,camera_move_count,Robotic control,mgears_master_manipulator_workspace_robotic_control,53,-0.2642573906671902,0.2642573906671902,0.05586445746187219,0.08724038562538945,False
camera_target,Camera move count,camera_move_count,Overall quality,mgears_overall_performance_quality_of_the_final_product,52,-0.49699528705663043,0.49699528705663043,0.00017829737165562,0.0009679000175590799,True
camera_target,Camera moving fraction,camera_moving_fraction,Depth perception,mgears_depth_perception,53,0.2622031357836395,0.2622031357836395,0.057869904149131256,0.08915093341893195,False
camera_target,Camera moving fraction,camera_moving_fraction,Dexterity,mgears_dexterity_with_multiple_wristed_instruments,53,0.512108361603257,0.512108361603257,8.863659253045372e-05,0.0005318195551827224,True
camera_target,Camera moving fraction,camera_moving_fraction,Efficiency / Flow,mgears_efficiency_flow_of_operation,53,0.42691782829767305,0.42691782829767305,0.0014326714684633252,0.004666415640137687,True
camera_target,Camera moving fraction,camera_moving_fraction,Force / Tissue handling,mgears_force_sensitivity_and_tissue_handling,53,0.3903963374214882,0.3903963374214882,0.0038524229237537266,0.009759471406842773,True
camera_target,Camera moving fraction,camera_moving_fraction,Robotic control,mgears_master_manipulator_workspace_robotic_control,53,0.40446408877142237,0.40446408877142237,0.0026660650118730082,0.0072559032300558175,True
camera_target,Camera moving fraction,camera_moving_fraction,Overall quality,mgears_overall_performance_quality_of_the_final_product,52,0.44634193020318386,0.44634193020318386,0.0009110934306335215,0.0032457703466319205,True
camera_target,Camera-tool distance,camera_to_primary_tools_mean_distance_m,Depth perception,mgears_depth_perception,53,-0.1263764130857581,0.1263764130857581,0.36720649073351935,0.4228438378143556,False
camera_target,Camera-tool distance,camera_to_primary_tools_mean_distance_m,Dexterity,mgears_dexterity_with_multiple_wristed_instruments,53,-0.40977077932556183,0.40977077932556183,0.0023108463825529135,0.006854690290624114,True
camera_target,Camera-tool distance,camera_to_primary_tools_mean_distance_m,Efficiency / Flow,mgears_efficiency_flow_of_operation,53,-0.4912734651751177,0.4912734651751177,0.0001874704186189919,0.0009714376237529579,True
camera_target,Camera-tool distance,camera_to_primary_tools_mean_distance_m,Force / Tissue handling,mgears_force_sensitivity_and_tissue_handling,53,-0.21244182319049182,0.21244182319049182,0.12670820829107118,0.16603144534692085,False
camera_target,Camera-tool distance,camera_to_primary_tools_mean_distance_m,Robotic control,mgears_master_manipulator_workspace_robotic_control,53,-0.4601135199658328,0.4601135199658328,0.0005274591228660953,0.0021475121430976738,True
camera_target,Camera-tool distance,camera_to_primary_tools_mean_distance_m,Overall quality,mgears_overall_performance_quality_of_the_final_product,52,-0.41297057093565614,0.41297057093565614,0.0023450256257398286,0.006854690290624114,True
camera_target,Left rotation path,USM0_pose_global_rotation_path_radians,Depth perception,mgears_depth_perception,53,-0.36409465578344175,0.36409465578344175,0.00735962434624747,0.014465468542624338,True
camera_target,Left rotation path,USM0_pose_global_rotation_path_radians,Dexterity,mgears_dexterity_with_multiple_wristed_instruments,53,-0.31622060653678946,0.31622060653678946,0.02106780059847506,0.0375270198160337,True
camera_target,Left rotation path,USM0_pose_global_rotation_path_radians,Efficiency / Flow,mgears_efficiency_flow_of_operation,53,-0.31898011321863873,0.31898011321863873,0.01991139275969721,0.036030139279452096,True
camera_target,Left rotation path,USM0_pose_global_rotation_path_radians,Force / Tissue handling,mgears_force_sensitivity_and_tissue_handling,53,-0.43281572744166763,0.43281572744166763,0.001208375741588715,0.004051612780620986,True
camera_target,Left rotation path,USM0_pose_global_rotation_path_radians,Robotic control,mgears_master_manipulator_workspace_robotic_control,53,-0.24434626001099916,0.24434626001099916,0.07785227697343658,0.11526181266197104,False
camera_target,Left rotation path,USM0_pose_global_rotation_path_radians,Overall quality,mgears_overall_performance_quality_of_the_final_product,52,-0.3908299575754695,0.3908299575754695,0.004173960541471548,0.010124074504845882,True
camera_target,Right rotation path,USM2_pose_global_rotation_path_radians,Depth perception,mgears_depth_perception,53,-0.3451081246536304,0.3451081246536304,0.011380419741788076,0.021622797509397343,True
camera_target,Right rotation path,USM2_pose_global_rotation_path_radians,Dexterity,mgears_dexterity_with_multiple_wristed_instruments,53,-0.37907791364654886,0.37907791364654886,0.005122482155191031,0.01167925931383555,True
camera_target,Right rotation path,USM2_pose_global_rotation_path_radians,Efficiency / Flow,mgears_efficiency_flow_of_operation,53,-0.29235604209937965,0.29235604209937965,0.03364625633159013,0.05402356650424331,False
camera_target,Right rotation path,USM2_pose_global_rotation_path_radians,Force / Tissue handling,mgears_force_sensitivity_and_tissue_handling,53,-0.4784683026767997,0.4784683026767997,0.00029023644559213906,0.0013786231165626606,True
camera_target,Right rotation path,USM2_pose_global_rotation_path_radians,Robotic control,mgears_master_manipulator_workspace_robotic_control,53,-0.226872003378417,0.226872003378417,0.10233255626911919,0.14055314957445286,False
camera_target,Right rotation path,USM2_pose_global_rotation_path_radians,Overall quality,mgears_overall_performance_quality_of_the_final_product,52,-0.37107301273439186,0.37107301273439186,0.006764208569610824,0.01376999601670775,True
glove_cut,Task duration,qc_fk_duration_seconds,Depth perception,mgears_depth_perception,50,-0.4643902372531697,0.4643902372531697,0.0006806541414904748,0.008621619125546013,True
glove_cut,Task duration,qc_fk_duration_seconds,Dexterity,mgears_dexterity_with_multiple_wristed_instruments,50,-0.5984177490268017,0.5984177490268017,4.433968121670121e-06,0.00025273618293519687,True
glove_cut,Task duration,qc_fk_duration_seconds,Efficiency / Flow,mgears_efficiency_flow_of_operation,50,-0.6170427041306522,0.6170427041306522,1.8217986588420368e-06,0.0002076850471079922,True
glove_cut,Task duration,qc_fk_duration_seconds,Force / Tissue handling,mgears_force_sensitivity_and_tissue_handling,50,-0.34065280677439036,0.34065280677439036,0.015488743415334212,0.04904768748189167,True
glove_cut,Task duration,qc_fk_duration_seconds,Robotic control,mgears_master_manipulator_workspace_robotic_control,50,-0.3897187690781995,0.3897187690781995,0.005148775109363569,0.020962870088123104,True
glove_cut,Task duration,qc_fk_duration_seconds,Overall quality,mgears_overall_performance_quality_of_the_final_product,50,-0.5491873974690443,0.5491873974690443,3.626443613298938e-05,0.0013780485730535965,True
glove_cut,Left path length,USM0_pose_global_path_l2,Depth perception,mgears_depth_perception,50,-0.38259042714394825,0.38259042714394825,0.006105190309478605,0.023199723176018698,True
glove_cut,Left path length,USM0_pose_global_path_l2,Dexterity,mgears_dexterity_with_multiple_wristed_instruments,50,-0.3683049599592832,0.3683049599592832,0.008496954552900188,0.030270400594706922,True
glove_cut,Left path length,USM0_pose_global_path_l2,Efficiency / Flow,mgears_efficiency_flow_of_operation,50,-0.3974644445526273,0.3974644445526273,0.0042606129644589385,0.01942839511793276,True
glove_cut,Left path length,USM0_pose_global_path_l2,Force / Tissue handling,mgears_force_sensitivity_and_tissue_handling,50,-0.22878207527291078,0.22878207527291078,0.11002238833998475,0.20561561099603706,False
glove_cut,Left path length,USM0_pose_global_path_l2,Robotic control,mgears_master_manipulator_workspace_robotic_control,50,-0.11858599776882472,0.11858599776882472,0.41209022863429606,0.5162449018056017,False
glove_cut,Left path length,USM0_pose_global_path_l2,Overall quality,mgears_overall_performance_quality_of_the_final_product,50,-0.40935759164190233,0.40935759164190233,0.0031579590858110095,0.017695189484999645,True
glove_cut,Right path length,USM2_pose_global_path_l2,Depth perception,mgears_depth_perception,50,-0.3727064979174093,0.3727064979174093,0.007685832580193625,0.028264029488453975,True
glove_cut,Right path length,USM2_pose_global_path_l2,Dexterity,mgears_dexterity_with_multiple_wristed_instruments,50,-0.3463622841757935,0.3463622841757935,0.013739492631779258,0.04606771058890693,True
glove_cut,Right path length,USM2_pose_global_path_l2,Efficiency / Flow,mgears_efficiency_flow_of_operation,50,-0.40811908584016865,0.40811908584016865,0.0032596401682894087,0.017695189484999645,True
glove_cut,Right path length,USM2_pose_global_path_l2,Force / Tissue handling,mgears_force_sensitivity_and_tissue_handling,50,-0.20882536546942843,0.20882536546942843,0.14556668399142278,0.2370657425003171,False
glove_cut,Right path length,USM2_pose_global_path_l2,Robotic control,mgears_master_manipulator_workspace_robotic_control,50,-0.08598365302796837,0.08598365302796837,0.5526997264191458,0.6550038006311865,False
glove_cut,Right path length,USM2_pose_global_path_l2,Overall quality,mgears_overall_performance_quality_of_the_final_product,50,-0.4039468783663453,0.4039468783663453,0.0036237466458148735,0.018777596255586164,True
glove_cut,L/R path imbalance,USM0_USM2_pose_global_path_length_imbalance,Depth perception,mgears_depth_perception,50,0.0837560044353073,0.0837560044353073,0.563073442647862,0.6550038006311865,False
glove_cut,L/R path imbalance,USM0_USM2_pose_global_path_length_imbalance,Dexterity,mgears_dexterity_with_multiple_wristed_instruments,50,-0.056438844568408475,0.056438844568408475,0.6970545983489036,0.7394903500361272,False
glove_cut,L/R path imbalance,USM0_USM2_pose_global_path_length_imbalance,Efficiency / Flow,mgears_efficiency_flow_of_operation,50,0.00041177357633009827,0.00041177357633009827,0.9977355809332126,0.9977355809332126,False
glove_cut,L/R path imbalance,USM0_USM2_pose_global_path_length_imbalance,Force / Tissue handling,mgears_force_sensitivity_and_tissue_handling,50,-0.10338398635309141,0.10338398635309141,0.4749408537263906,0.5759920992000908,False
glove_cut,L/R path imbalance,USM0_USM2_pose_global_path_length_imbalance,Robotic control,mgears_master_manipulator_workspace_robotic_control,50,0.016301172370428173,0.016301172370428173,0.910539027063799,0.9351481899574151,False
glove_cut,L/R path imbalance,USM0_USM2_pose_global_path_length_imbalance,Overall quality,mgears_overall_performance_quality_of_the_final_product,50,-0.02137762205930888,0.02137762205930888,0.8828510017713506,0.914954674563036,False
glove_cut,Left mean speed,USM0_pose_global_mean_speed_l2,Depth perception,mgears_depth_perception,50,0.24308288441519427,0.24308288441519427,0.08894311225907199,0.17185618300905436,False
glove_cut,Left mean speed,USM0_pose_global_mean_speed_l2,Dexterity,mgears_dexterity_with_multiple_wristed_instruments,50,0.45182200017540236,0.45182200017540236,0.0009886370868679676,0.010245875263904391,True
glove_cut,Left mean speed,USM0_pose_global_mean_speed_l2,Efficiency / Flow,mgears_efficiency_flow_of_operation,50,0.45629659427079017,0.45629659427079017,0.0008670167958297574,0.009883991472459235,True
glove_cut,Left mean speed,USM0_pose_global_mean_speed_l2,Force / Tissue handling,mgears_force_sensitivity_and_tissue_handling,50,0.2547566589088865,0.2547566589088865,0.07419214051180198,0.15378007306082592,False
glove_cut,Left mean speed,USM0_pose_global_mean_speed_l2,Robotic control,mgears_master_manipulator_workspace_robotic_control,50,0.43228294137876194,0.43228294137876194,0.0017184767087205365,0.012793212096517964,True
glove_cut,Left mean speed,USM0_pose_global_mean_speed_l2,Overall quality,mgears_overall_performance_quality_of_the_final_product,50,0.41869372435266755,0.41869372435266755,0.0024773457911175,0.015689856677077497,True
glove_cut,Right mean speed,USM2_pose_global_mean_speed_l2,Depth perception,mgears_depth_perception,50,0.1964945721755181,0.1964945721755181,0.1714186957040727,0.2752356522572435,False
glove_cut,Right mean speed,USM2_pose_global_mean_speed_l2,Dexterity,mgears_dexterity_with_multiple_wristed_instruments,50,0.3827259147295199,0.3827259147295199,0.006085659030784172,0.023199723176018698,True
glove_cut,Right mean speed,USM2_pose_global_mean_speed_l2,Efficiency / Flow,mgears_efficiency_flow_of_operation,50,0.3958688219443482,0.3958688219443482,0.004431693093666145,0.019431269718382327,True
glove_cut,Right mean speed,USM2_pose_global_mean_speed_l2,Force / Tissue handling,mgears_force_sensitivity_and_tissue_handling,50,0.1631512461253761,0.1631512461253761,0.25760094497528374,0.37172794591370056,False
glove_cut,Right mean speed,USM2_pose_global_mean_speed_l2,Robotic control,mgears_master_manipulator_workspace_robotic_control,50,0.4202079988821485,0.4202079988821485,0.0023801633177397046,0.015689856677077497,True
glove_cut,Right mean speed,USM2_pose_global_mean_speed_l2,Overall quality,mgears_overall_performance_quality_of_the_final_product,50,0.32002777638662655,0.32002777638662655,0.023472797713171425,0.05946442087336761,False
glove_cut,Left smoothness (LDJ),USM0_pose_global_log_dimensionless_jerk,Depth perception,mgears_depth_perception,50,0.32333833058276895,0.32333833058276895,0.02199668051746613,0.05831678090677067,False
glove_cut,Left smoothness (LDJ),USM0_pose_global_log_dimensionless_jerk,Dexterity,mgears_dexterity_with_multiple_wristed_instruments,50,0.5233561607083392,0.5233561607083392,9.627312209487485e-05,0.001829189319802622,True
glove_cut,Left smoothness (LDJ),USM0_pose_global_log_dimensionless_jerk,Efficiency / Flow,mgears_efficiency_flow_of_operation,50,0.5340188568030961,0.5340188568030961,6.496120051083243e-05,0.001829189319802622,True
glove_cut,Left smoothness (LDJ),USM0_pose_global_log_dimensionless_jerk,Force / Tissue handling,mgears_force_sensitivity_and_tissue_handling,50,0.1402113168151877,0.1402113168151877,0.3314607492611027,0.450891539175825,False
glove_cut,Left smoothness (LDJ),USM0_pose_global_log_dimensionless_jerk,Robotic control,mgears_master_manipulator_workspace_robotic_control,50,0.41391896633182906,0.41391896633182906,0.002807190105934023,0.01684314063560414,True
glove_cut,Left smoothness (LDJ),USM0_pose_global_log_dimensionless_jerk,Overall quality,mgears_overall_performance_quality_of_the_final_product,50,0.43704771252269453,0.43704771252269453,0.0015062257869395356,0.012737220313987833,True
glove_cut,Right smoothness (LDJ),USM2_pose_global_log_dimensionless_jerk,Depth perception,mgears_depth_perception,50,0.3047544844849534,0.3047544844849534,0.03140417725860869,0.07458492098919563,False
glove_cut,Right smoothness (LDJ),USM2_pose_global_log_dimensionless_jerk,Dexterity,mgears_dexterity_with_multiple_wristed_instruments,50,0.5116845246532915,0.5116845246532915,0.00014591812140695793,0.0020793332300491504,True
glove_cut,Right smoothness (LDJ),USM2_pose_global_log_dimensionless_jerk,Efficiency / Flow,mgears_efficiency_flow_of_operation,50,0.5235701023037199,0.5235701023037199,9.552847686696094e-05,0.001829189319802622,True
glove_cut,Right smoothness (LDJ),USM2_pose_global_log_dimensionless_jerk,Force / Tissue handling,mgears_force_sensitivity_and_tissue_handling,50,0.12791839505479521,0.12791839505479521,0.37600216259423525,0.5042852533616802,False
glove_cut,Right smoothness (LDJ),USM2_pose_global_log_dimensionless_jerk,Robotic control,mgears_master_manipulator_workspace_robotic_control,50,0.4003346560231389,0.4003346560231389,0.0039674258021899465,0.01942839511793276,True
glove_cut,Right smoothness (LDJ),USM2_pose_global_log_dimensionless_jerk,Overall quality,mgears_overall_performance_quality_of_the_final_product,50,0.4306821674926274,0.4306821674926274,0.0017955385398621703,0.012793212096517964,True
glove_cut,Left pause fraction,USM0_pose_global_pause_fraction,Depth perception,mgears_depth_perception,50,0.07412946919904273,0.07412946919904273,0.6089159461496828,0.6724532329005023,False
glove_cut,Left pause fraction,USM0_pose_global_pause_fraction,Dexterity,mgears_dexterity_with_multiple_wristed_instruments,50,0.09482555870500982,0.09482555870500982,0.5124438454152853,0.6149326144983424,False
glove_cut,Left pause fraction,USM0_pose_global_pause_fraction,Efficiency / Flow,mgears_efficiency_flow_of_operation,50,0.14839290256995916,0.14839290256995916,0.3037314180640872,0.4274738476457524,False
glove_cut,Left pause fraction,USM0_pose_global_pause_fraction,Force / Tissue handling,mgears_force_sensitivity_and_tissue_handling,50,0.3986198478788351,0.3986198478788351,0.004140378726302416,0.01942839511793276,True
glove_cut,Left pause fraction,USM0_pose_global_pause_fraction,Robotic control,mgears_master_manipulator_workspace_robotic_control,50,-0.12180598243458832,0.12180598243458832,0.39941988320121363,0.511616479606049,False
glove_cut,Left pause fraction,USM0_pose_global_pause_fraction,Overall quality,mgears_overall_performance_quality_of_the_final_product,50,0.21605720756219624,0.21605720756219624,0.13181673254422285,0.23118626938525239,False
glove_cut,Right pause fraction,USM2_pose_global_pause_fraction,Depth perception,mgears_depth_perception,50,-0.15211984825220223,0.15211984825220223,0.2916100644796546,0.41554434188350775,False
glove_cut,Right pause fraction,USM2_pose_global_pause_fraction,Dexterity,mgears_dexterity_with_multiple_wristed_instruments,50,-0.12320060280328135,0.12320060280328135,0.39400341627866026,0.511616479606049,False
glove_cut,Right pause fraction,USM2_pose_global_pause_fraction,Efficiency / Flow,mgears_efficiency_flow_of_operation,50,-0.1222452804729979,0.1222452804729979,0.3977090634462682,0.511616479606049,False
glove_cut,Right pause fraction,USM2_pose_global_pause_fraction,Force / Tissue handling,mgears_force_sensitivity_and_tissue_handling,50,0.1723580787409002,0.1723580787409002,0.23134077171787498,0.3425490635667518,False
glove_cut,Right pause fraction,USM2_pose_global_pause_fraction,Robotic control,mgears_master_manipulator_workspace_robotic_control,50,-0.23586387676718298,0.23586387676718298,0.09915111757959726,0.18838712340123479,False
glove_cut,Right pause fraction,USM2_pose_global_pause_fraction,Overall quality,mgears_overall_performance_quality_of_the_final_product,50,-0.0676339159444636,0.0676339159444636,0.6407268019755047,0.6956462421448336,False
glove_cut,Inter-tool distance,USM0_USM2_pose_global_mean_distance_rel,Depth perception,mgears_depth_perception,50,-0.33445775096262537,0.33445775096262537,0.017597972982653698,0.05313486965902834,False
glove_cut,Inter-tool distance,USM0_USM2_pose_global_mean_distance_rel,Dexterity,mgears_dexterity_with_multiple_wristed_instruments,50,-0.14151210292520064,0.14151210292520064,0.3269493168437247,0.450891539175825,False
glove_cut,Inter-tool distance,USM0_USM2_pose_global_mean_distance_rel,Efficiency / Flow,mgears_efficiency_flow_of_operation,50,-0.11879667677123336,0.11879667677123336,0.4112542381072143,0.5162449018056017,False
glove_cut,Inter-tool distance,USM0_USM2_pose_global_mean_distance_rel,Force / Tissue handling,mgears_force_sensitivity_and_tissue_handling,50,-0.07710079380262887,0.07710079380262887,0.5945951460474764,0.664547516170709,False
glove_cut,Inter-tool distance,USM0_USM2_pose_global_mean_distance_rel,Robotic control,mgears_master_manipulator_workspace_robotic_control,50,-0.003723107269789151,0.003723107269789151,0.9795280934186467,0.9881964836258913,False
glove_cut,Inter-tool distance,USM0_USM2_pose_global_mean_distance_rel,Overall quality,mgears_overall_performance_quality_of_the_final_product,50,-0.13998894445289364,0.13998894445289364,0.3322358709716605,0.450891539175825,False
glove_cut,Relative tool speed,USM0_USM2_pose_global_mean_abs_relative_speed,Depth perception,mgears_depth_perception,50,0.05374386516930597,0.05374386516930597,0.7108739125848471,0.7434828076575465,False
glove_cut,Relative tool speed,USM0_USM2_pose_global_mean_abs_relative_speed,Dexterity,mgears_dexterity_with_multiple_wristed_instruments,50,0.35896765111524503,0.35896765111524503,0.010466147709594668,0.03615578299678158,True
glove_cut,Relative tool speed,USM0_USM2_pose_global_mean_abs_relative_speed,Efficiency / Flow,mgears_efficiency_flow_of_operation,50,0.3126905595256683,0.3126905595256683,0.027042887953843558,0.0655933878029397,False
glove_cut,Relative tool speed,USM0_USM2_pose_global_mean_abs_relative_speed,Force / Tissue handling,mgears_force_sensitivity_and_tissue_handling,50,0.11243651451137206,0.11243651451137206,0.43691862924373454,0.5355776745568359,False
glove_cut,Relative tool speed,USM0_USM2_pose_global_mean_abs_relative_speed,Robotic control,mgears_master_manipulator_workspace_robotic_control,50,0.3328659148233112,0.3328659148233112,0.018177718567562326,0.05313486965902834,False
glove_cut,Relative tool speed,USM0_USM2_pose_global_mean_abs_relative_speed,Overall quality,mgears_overall_performance_quality_of_the_final_product,50,0.26326833320186105,0.26326833320186105,0.06471243136859396,0.1391927769060323,False
glove_cut,Tool speed correlation,USM0_USM2_pose_global_speed_correlation,Depth perception,mgears_depth_perception,50,0.17569713776134224,0.17569713776134224,0.2222889724666289,0.3425490635667518,False
glove_cut,Tool speed correlation,USM0_USM2_pose_global_speed_correlation,Dexterity,mgears_dexterity_with_multiple_wristed_instruments,50,0.08424327534843323,0.08424327534843323,0.5607965673903006,0.6550038006311865,False
glove_cut,Tool speed correlation,USM0_USM2_pose_global_speed_correlation,Efficiency / Flow,mgears_efficiency_flow_of_operation,50,0.24804210804184296,0.24804210804184296,0.08241940389007099,0.1623138383234181,False
glove_cut,Tool speed correlation,USM0_USM2_pose_global_speed_correlation,Force / Tissue handling,mgears_force_sensitivity_and_tissue_handling,50,0.24791582797109485,0.24791582797109485,0.08258072476103728,0.1623138383234181,False
glove_cut,Tool speed correlation,USM0_USM2_pose_global_speed_correlation,Robotic control,mgears_master_manipulator_workspace_robotic_control,50,0.22212862967728517,0.22212862967728517,0.12104562172230152,0.2156125136928496,False
glove_cut,Tool speed correlation,USM0_USM2_pose_global_speed_correlation,Overall quality,mgears_overall_performance_quality_of_the_final_product,50,0.1723471316890684,0.1723471316890684,0.23137085872491128,0.3425490635667518,False
glove_cut,Camera path length,camera_path_length_m,Depth perception,mgears_depth_perception,50,-0.004118303844391262,0.004118303844391262,0.9773556004120666,0.9881964836258913,False
glove_cut,Camera path length,camera_path_length_m,Dexterity,mgears_dexterity_with_multiple_wristed_instruments,50,-0.07853714216596547,0.07853714216596547,0.5877263031626228,0.6633742431736535,False
glove_cut,Camera path length,camera_path_length_m,Efficiency / Flow,mgears_efficiency_flow_of_operation,50,-0.07957524362579149,0.07957524362579149,0.5827841808425904,0.6633742431736535,False
glove_cut,Camera path length,camera_path_length_m,Force / Tissue handling,mgears_force_sensitivity_and_tissue_handling,50,0.07319174755246224,0.07319174755246224,0.6134661072074759,0.6724532329005023,False
glove_cut,Camera path length,camera_path_length_m,Robotic control,mgears_master_manipulator_workspace_robotic_control,50,-0.08165679863334856,0.08165679863334856,0.5729314669472321,0.65973926496954,False
glove_cut,Camera path length,camera_path_length_m,Overall quality,mgears_overall_performance_quality_of_the_final_product,50,-0.05575156522167155,0.05575156522167155,0.7005698052973837,0.7394903500361272,False
glove_cut,Camera move count,camera_move_count,Depth perception,mgears_depth_perception,50,-0.2658990450997521,0.2658990450997521,0.061986934542349076,0.1358944334197653,False
glove_cut,Camera move count,camera_move_count,Dexterity,mgears_dexterity_with_multiple_wristed_instruments,50,-0.31799219081719154,0.31799219081719154,0.024421099561808886,0.06052185543578724,False
glove_cut,Camera move count,camera_move_count,Efficiency / Flow,mgears_efficiency_flow_of_operation,50,-0.320266137672492,0.320266137672492,0.0233638060463914,0.05946442087336761,False
glove_cut,Camera move count,camera_move_count,Force / Tissue handling,mgears_force_sensitivity_and_tissue_handling,50,-0.1156024059878294,0.1156024059878294,0.42403371748981733,0.5254330847156432,False
glove_cut,Camera move count,camera_move_count,Robotic control,mgears_master_manipulator_workspace_robotic_control,50,-0.32634648658443893,0.32634648658443893,0.02072396833345071,0.05743912278414879,False
glove_cut,Camera move count,camera_move_count,Overall quality,mgears_overall_performance_quality_of_the_final_product,50,-0.27322518427473447,0.27322518427473447,0.05487891551403838,0.1226705170313799,False
glove_cut,Camera moving fraction,camera_moving_fraction,Depth perception,mgears_depth_perception,50,0.22578600826875098,0.22578600826875098,0.11488708425007849,0.21124399362111207,False
glove_cut,Camera moving fraction,camera_moving_fraction,Dexterity,mgears_dexterity_with_multiple_wristed_instruments,50,0.2524185824171651,0.2524185824171651,0.07697979281338536,0.15670886394153447,False
glove_cut,Camera moving fraction,camera_moving_fraction,Efficiency / Flow,mgears_efficiency_flow_of_operation,50,0.2993593899919814,0.2993593899919814,0.034690713141172544,0.08070900608354428,False
glove_cut,Camera moving fraction,camera_moving_fraction,Force / Tissue handling,mgears_force_sensitivity_and_tissue_handling,50,0.1660830308130011,0.1660830308130011,0.2490302981509869,0.36396735883605774,False
glove_cut,Camera moving fraction,camera_moving_fraction,Robotic control,mgears_master_manipulator_workspace_robotic_control,50,0.17468416811767476,0.17468416811767476,0.22500866260944175,0.3425490635667518,False
glove_cut,Camera moving fraction,camera_moving_fraction,Overall quality,mgears_overall_performance_quality_of_the_final_product,50,0.25488703224560594,0.25488703224560594,0.07403908182870847,0.15378007306082592,False
glove_cut,Camera-tool distance,camera_to_primary_tools_mean_distance_m,Depth perception,mgears_depth_perception,50,-0.3252945249088548,0.3252945249088548,0.021161782078370606,0.05743912278414879,False
glove_cut,Camera-tool distance,camera_to_primary_tools_mean_distance_m,Dexterity,mgears_dexterity_with_multiple_wristed_instruments,50,-0.22336917712460191,0.22336917712460191,0.11892929650664655,0.21520539367869376,False
glove_cut,Camera-tool distance,camera_to_primary_tools_mean_distance_m,Efficiency / Flow,mgears_efficiency_flow_of_operation,50,-0.1903423356585879,0.1903423356585879,0.1854953309181356,0.2937009406203814,False
glove_cut,Camera-tool distance,camera_to_primary_tools_mean_distance_m,Force / Tissue handling,mgears_force_sensitivity_and_tissue_handling,50,-0.12318639169933034,0.12318639169933034,0.39405839170255996,0.511616479606049,False
glove_cut,Camera-tool distance,camera_to_primary_tools_mean_distance_m,Robotic control,mgears_master_manipulator_workspace_robotic_control,50,0.06460094235688202,0.06460094235688202,0.6558067390179105,0.7053015872456774,False
glove_cut,Camera-tool distance,camera_to_primary_tools_mean_distance_m,Overall quality,mgears_overall_performance_quality_of_the_final_product,50,-0.17255931652340398,0.17255931652340398,0.2307881667989274,0.3425490635667518,False
glove_cut,Left rotation path,USM0_pose_global_rotation_path_radians,Depth perception,mgears_depth_perception,50,-0.211629338803656,0.211629338803656,0.14011453051839778,0.2370657425003171,False
glove_cut,Left rotation path,USM0_pose_global_rotation_path_radians,Dexterity,mgears_dexterity_with_multiple_wristed_instruments,50,-0.3263389440991339,0.3263389440991339,0.02072707999966677,0.05743912278414879,False
glove_cut,Left rotation path,USM0_pose_global_rotation_path_radians,Efficiency / Flow,mgears_efficiency_flow_of_operation,50,-0.44173010400811297,0.44173010400811297,0.0013207452623868804,0.012547079992675363,True
glove_cut,Left rotation path,USM0_pose_global_rotation_path_radians,Force / Tissue handling,mgears_force_sensitivity_and_tissue_handling,50,-0.28880650914060113,0.28880650914060113,0.04194265136162946,0.09562924510451516,False
glove_cut,Left rotation path,USM0_pose_global_rotation_path_radians,Robotic control,mgears_master_manipulator_workspace_robotic_control,50,-0.21161336725315094,0.21161336725315094,0.14014514921631455,0.2370657425003171,False
glove_cut,Left rotation path,USM0_pose_global_rotation_path_radians,Overall quality,mgears_overall_performance_quality_of_the_final_product,50,-0.34262546124336496,0.34262546124336496,0.014864058162412201,0.04841436087185688,True
glove_cut,Right rotation path,USM2_pose_global_rotation_path_radians,Depth perception,mgears_depth_perception,50,-0.21054828404450326,0.21054828404450326,0.14219826379006623,0.2370657425003171,False
glove_cut,Right rotation path,USM2_pose_global_rotation_path_radians,Dexterity,mgears_dexterity_with_multiple_wristed_instruments,50,-0.43568920545042533,0.43568920545042533,0.0015642200385599095,0.012737220313987833,True
glove_cut,Right rotation path,USM2_pose_global_rotation_path_radians,Efficiency / Flow,mgears_efficiency_flow_of_operation,50,-0.5133787062895501,0.5133787062895501,0.00013749879258240263,0.0020793332300491504,True
glove_cut,Right rotation path,USM2_pose_global_rotation_path_radians,Force / Tissue handling,mgears_force_sensitivity_and_tissue_handling,50,-0.20969975739380783,0.20969975739380783,0.14384987249491088,0.2370657425003171,False
glove_cut,Right rotation path,USM2_pose_global_rotation_path_radians,Robotic control,mgears_master_manipulator_workspace_robotic_control,50,-0.333670910989752,0.333670910989752,0.017882547547812093,0.05313486965902834,False
glove_cut,Right rotation path,USM2_pose_global_rotation_path_radians,Overall quality,mgears_overall_performance_quality_of_the_final_product,50,-0.3904731413860364,0.3904731413860364,0.0050556786363033885,0.020962870088123104,True
ring_rollercoaster,Task duration,qc_fk_duration_seconds,Depth perception,mgears_depth_perception,49,-0.3699881032117796,0.3699881032117796,0.008880151059099298,0.07230980148123714,False
ring_rollercoaster,Task duration,qc_fk_duration_seconds,Dexterity,mgears_dexterity_with_multiple_wristed_instruments,49,-0.3708602759643646,0.3708602759643646,0.00870871412273352,0.07230980148123714,False
ring_rollercoaster,Task duration,qc_fk_duration_seconds,Efficiency / Flow,mgears_efficiency_flow_of_operation,49,-0.4588145028934332,0.4588145028934332,0.0009140129341476215,0.05209873724641443,False
ring_rollercoaster,Task duration,qc_fk_duration_seconds,Force / Tissue handling,mgears_force_sensitivity_and_tissue_handling,49,-0.1741242053949718,0.1741242053949718,0.23147389752638292,0.4059696048924254,False
ring_rollercoaster,Task duration,qc_fk_duration_seconds,Robotic control,mgears_master_manipulator_workspace_robotic_control,49,-0.1618332650371941,0.1618332650371941,0.26659808421021586,0.4280588957741494,False
ring_rollercoaster,Task duration,qc_fk_duration_seconds,Overall quality,mgears_overall_performance_quality_of_the_final_product,49,-0.30095834553692913,0.30095834553692913,0.035613512526061694,0.15468226862423015,False
ring_rollercoaster,Left path length,USM0_pose_global_path_l2,Depth perception,mgears_depth_perception,49,-0.26194765031341066,0.26194765031341066,0.06903493737179209,0.21861063501067496,False
ring_rollercoaster,Left path length,USM0_pose_global_path_l2,Dexterity,mgears_dexterity_with_multiple_wristed_instruments,49,-0.1786467703357753,0.1786467703357753,0.2193894294633173,0.3907874212315339,False
ring_rollercoaster,Left path length,USM0_pose_global_path_l2,Efficiency / Flow,mgears_efficiency_flow_of_operation,49,-0.24687508318110826,0.24687508318110826,0.08724829900780126,0.25503348940741905,False
ring_rollercoaster,Left path length,USM0_pose_global_path_l2,Force / Tissue handling,mgears_force_sensitivity_and_tissue_handling,49,-0.14409147251346394,0.14409147251346394,0.32326580818935025,0.4610140392862369,False
ring_rollercoaster,Left path length,USM0_pose_global_path_l2,Robotic control,mgears_master_manipulator_workspace_robotic_control,49,-0.10164828925331212,0.10164828925331212,0.48707235168578344,0.5970564310987023,False
ring_rollercoaster,Left path length,USM0_pose_global_path_l2,Overall quality,mgears_overall_performance_quality_of_the_final_product,49,-0.1479174735066181,0.1479174735066181,0.31044644830314655,0.4610140392862369,False
ring_rollercoaster,Right path length,USM2_pose_global_path_l2,Depth perception,mgears_depth_perception,49,-0.19895586682142868,0.19895586682142868,0.17053587283109628,0.34813717029477403,False
ring_rollercoaster,Right path length,USM2_pose_global_path_l2,Dexterity,mgears_dexterity_with_multiple_wristed_instruments,49,-0.21283494327366667,0.21283494327366667,0.1420320626830117,0.3187411048584269,False
ring_rollercoaster,Right path length,USM2_pose_global_path_l2,Efficiency / Flow,mgears_efficiency_flow_of_operation,49,-0.3402171190125634,0.3402171190125634,0.0167626297358248,0.11943373686775172,False
ring_rollercoaster,Right path length,USM2_pose_global_path_l2,Force / Tissue handling,mgears_force_sensitivity_and_tissue_handling,49,-0.009354457782764744,0.009354457782764744,0.9491357377927395,0.95753516910064,False
ring_rollercoaster,Right path length,USM2_pose_global_path_l2,Robotic control,mgears_master_manipulator_workspace_robotic_control,49,-0.026704211583497256,0.026704211583497256,0.8554758066746875,0.8865840178264942,False
ring_rollercoaster,Right path length,USM2_pose_global_path_l2,Overall quality,mgears_overall_performance_quality_of_the_final_product,49,-0.1321616457885947,0.1321616457885947,0.3653442972372813,0.4732869305119326,False
ring_rollercoaster,L/R path imbalance,USM0_USM2_pose_global_path_length_imbalance,Depth perception,mgears_depth_perception,49,-0.13852738534167458,0.13852738534167458,0.3424954883498429,0.46370340132537846,False
ring_rollercoaster,L/R path imbalance,USM0_USM2_pose_global_path_length_imbalance,Dexterity,mgears_dexterity_with_multiple_wristed_instruments,49,-0.2385574733888421,0.2385574733888421,0.09879525659890595,0.27617628083804174,False
ring_rollercoaster,L/R path imbalance,USM0_USM2_pose_global_path_length_imbalance,Efficiency / Flow,mgears_efficiency_flow_of_operation,49,-0.11816474408559069,0.11816474408559069,0.4187229376693273,0.5245540098275089,False
ring_rollercoaster,L/R path imbalance,USM0_USM2_pose_global_path_length_imbalance,Force / Tissue handling,mgears_force_sensitivity_and_tissue_handling,49,-0.11126881362657011,0.11126881362657011,0.44657180756589554,0.5533607180707836,False
ring_rollercoaster,L/R path imbalance,USM0_USM2_pose_global_path_length_imbalance,Robotic control,mgears_master_manipulator_workspace_robotic_control,49,-0.14311160272274223,0.14311160272274223,0.3266018854048147,0.4610140392862369,False
ring_rollercoaster,L/R path imbalance,USM0_USM2_pose_global_path_length_imbalance,Overall quality,mgears_overall_performance_quality_of_the_final_product,49,-0.057789731734987845,0.057789731734987845,0.693274647068724,0.7673136870469371,False
ring_rollercoaster,Left mean speed,USM0_pose_global_mean_speed_l2,Depth perception,mgears_depth_perception,49,0.16699639917960926,0.16699639917960926,0.2514341465582829,0.41541293779194566,False
ring_rollercoaster,Left mean speed,USM0_pose_global_mean_speed_l2,Dexterity,mgears_dexterity_with_multiple_wristed_instruments,49,0.42811189890003987,0.42811189890003987,0.0021503210655897725,0.057698107356772624,False
ring_rollercoaster,Left mean speed,USM0_pose_global_mean_speed_l2,Efficiency / Flow,mgears_efficiency_flow_of_operation,49,0.4076007671272755,0.4076007671272755,0.003649739217921786,0.058793229600244516,False
ring_rollercoaster,Left mean speed,USM0_pose_global_mean_speed_l2,Force / Tissue handling,mgears_force_sensitivity_and_tissue_handling,49,0.07494507112507426,0.07494507112507426,0.6087957903580657,0.7010375767759545,False
ring_rollercoaster,Left mean speed,USM0_pose_global_mean_speed_l2,Robotic control,mgears_master_manipulator_workspace_robotic_control,49,0.28197350295692797,0.28197350295692797,0.04965869576592787,0.1889582891087247,False
ring_rollercoaster,Left mean speed,USM0_pose_global_mean_speed_l2,Overall quality,mgears_overall_performance_quality_of_the_final_product,49,0.3172650763220162,0.3172650763220162,0.02633357090480782,0.1392208728216618,False
ring_rollercoaster,Right mean speed,USM2_pose_global_mean_speed_l2,Depth perception,mgears_depth_perception,49,0.23615101516907516,0.23615101516907516,0.10234703383852102,0.27617628083804174,False
ring_rollercoaster,Right mean speed,USM2_pose_global_mean_speed_l2,Dexterity,mgears_dexterity_with_multiple_wristed_instruments,49,0.3800856559634782,0.3800856559634782,0.007063486278087654,0.07230980148123714,False
ring_rollercoaster,Right mean speed,USM2_pose_global_mean_speed_l2,Efficiency / Flow,mgears_efficiency_flow_of_operation,49,0.30998641331743976,0.30998641331743976,0.030189611381130448,0.14340065406036964,False
ring_rollercoaster,Right mean speed,USM2_pose_global_mean_speed_l2,Force / Tissue handling,mgears_force_sensitivity_and_tissue_handling,49,0.2003276280730087,0.2003276280730087,0.1675469216003429,0.34813717029477403,False
ring_rollercoaster,Right mean speed,USM2_pose_global_mean_speed_l2,Robotic control,mgears_master_manipulator_workspace_robotic_control,49,0.3771898100653977,0.3771898100653977,0.00754809616651103,0.07230980148123714,False
ring_rollercoaster,Right mean speed,USM2_pose_global_mean_speed_l2,Overall quality,mgears_overall_performance_quality_of_the_final_product,49,0.30453921547284346,0.30453921547284346,0.033373089308179255,0.1521812872452974,False
ring_rollercoaster,Left smoothness (LDJ),USM0_pose_global_log_dimensionless_jerk,Depth perception,mgears_depth_perception,49,0.2567665079482692,0.2567665079482692,0.07491935565875604,0.23083260932697808,False
ring_rollercoaster,Left smoothness (LDJ),USM0_pose_global_log_dimensionless_jerk,Dexterity,mgears_dexterity_with_multiple_wristed_instruments,49,0.37493029655220883,0.37493029655220883,0.00794599943987585,0.07230980148123714,False
ring_rollercoaster,Left smoothness (LDJ),USM0_pose_global_log_dimensionless_jerk,Efficiency / Flow,mgears_efficiency_flow_of_operation,49,0.40516716827883087,0.40516716827883087,0.0038778710214199754,0.058793229600244516,False
ring_rollercoaster,Left smoothness (LDJ),USM0_pose_global_log_dimensionless_jerk,Force / Tissue handling,mgears_force_sensitivity_and_tissue_handling,49,0.13741753187312886,0.13741753187312886,0.34641412189424,0.46370340132537846,False
ring_rollercoaster,Left smoothness (LDJ),USM0_pose_global_log_dimensionless_jerk,Robotic control,mgears_master_manipulator_workspace_robotic_control,49,0.18026778529160833,0.18026778529160833,0.21516669433822896,0.38934925642155715,False
ring_rollercoaster,Left smoothness (LDJ),USM0_pose_global_log_dimensionless_jerk,Overall quality,mgears_overall_performance_quality_of_the_final_product,49,0.29577985670652984,0.29577985670652984,0.03907182026117748,0.15907812534907975,False
ring_rollercoaster,Right smoothness (LDJ),USM2_pose_global_log_dimensionless_jerk,Depth perception,mgears_depth_perception,49,0.23615101516907516,0.23615101516907516,0.10234703383852102,0.27617628083804174,False
ring_rollercoaster,Right smoothness (LDJ),USM2_pose_global_log_dimensionless_jerk,Dexterity,mgears_dexterity_with_multiple_wristed_instruments,49,0.32402790573357054,0.32402790573357054,0.023128596021665053,0.13499485107065082,False
ring_rollercoaster,Right smoothness (LDJ),USM2_pose_global_log_dimensionless_jerk,Efficiency / Flow,mgears_efficiency_flow_of_operation,49,0.3228033672525817,0.3228033672525817,0.023683307205377337,0.13499485107065082,False
ring_rollercoaster,Right smoothness (LDJ),USM2_pose_global_log_dimensionless_jerk,Force / Tissue handling,mgears_force_sensitivity_and_tissue_handling,49,0.13785516732495412,0.13785516732495412,0.3448656463188317,0.46370340132537846,False
ring_rollercoaster,Right smoothness (LDJ),USM2_pose_global_log_dimensionless_jerk,Robotic control,mgears_master_manipulator_workspace_robotic_control,49,0.1966348827137518,0.1966348827137518,0.17568080949729437,0.34841021040902415,False
ring_rollercoaster,Right smoothness (LDJ),USM2_pose_global_log_dimensionless_jerk,Overall quality,mgears_overall_performance_quality_of_the_final_product,49,0.21551327983534077,0.21551327983534077,0.13696548108631118,0.31865438456815254,False
ring_rollercoaster,Left pause fraction,USM0_pose_global_pause_fraction,Depth perception,mgears_depth_perception,49,0.08431627470009011,0.08431627470009011,0.5646120330255965,0.6775344396307157,False
ring_rollercoaster,Left pause fraction,USM0_pose_global_pause_fraction,Dexterity,mgears_dexterity_with_multiple_wristed_instruments,49,0.0039614867055017,0.0039614867055017,0.9784480695942072,0.9784480695942072,False
ring_rollercoaster,Left pause fraction,USM0_pose_global_pause_fraction,Efficiency / Flow,mgears_efficiency_flow_of_operation,49,-0.19593174728700002,0.19593174728700002,0.1772613351203807,0.34841021040902415,False
ring_rollercoaster,Left pause fraction,USM0_pose_global_pause_fraction,Force / Tissue handling,mgears_force_sensitivity_and_tissue_handling,49,0.15645467402752727,0.15645467402752727,0.2830296318316991,0.43601862201099595,False
ring_rollercoaster,Left pause fraction,USM0_pose_global_pause_fraction,Robotic control,mgears_master_manipulator_workspace_robotic_control,49,0.06776552616887474,0.06776552616887474,0.6436185358942403,0.733725130919434,False
ring_rollercoaster,Left pause fraction,USM0_pose_global_pause_fraction,Overall quality,mgears_overall_performance_quality_of_the_final_product,49,-0.07536353957432163,0.07536353957432163,0.6067913485942966,0.7010375767759545,False
ring_rollercoaster,Right pause fraction,USM2_pose_global_pause_fraction,Depth perception,mgears_depth_perception,49,-0.19873771345868588,0.19873771345868588,0.17101475032023986,0.34813717029477403,False
ring_rollercoaster,Right pause fraction,USM2_pose_global_pause_fraction,Dexterity,mgears_dexterity_with_multiple_wristed_instruments,49,-0.1428305891627462,0.1428305891627462,0.3275626068612736,0.4610140392862369,False
ring_rollercoaster,Right pause fraction,USM2_pose_global_pause_fraction,Efficiency / Flow,mgears_efficiency_flow_of_operation,49,-0.061218531031985664,0.061218531031985664,0.6760499016216152,0.7555851841653346,False
ring_rollercoaster,Right pause fraction,USM2_pose_global_pause_fraction,Force / Tissue handling,mgears_force_sensitivity_and_tissue_handling,49,-0.1286101184051457,0.1286101184051457,0.3784826516770254,0.4847980032716955,False
ring_rollercoaster,Right pause fraction,USM2_pose_global_pause_fraction,Robotic control,mgears_master_manipulator_workspace_robotic_control,49,-0.23493963352276828,0.23493963352276828,0.10417175505294557,0.27617628083804174,False
ring_rollercoaster,Right pause fraction,USM2_pose_global_pause_fraction,Overall quality,mgears_overall_performance_quality_of_the_final_product,49,-0.22818405037780712,0.22818405037780712,0.11480985651076665,0.2908516364939422,False
ring_rollercoaster,Inter-tool distance,USM0_USM2_pose_global_mean_distance_rel,Depth perception,mgears_depth_perception,49,-0.1578884962850976,0.1578884962850976,0.2785858218938499,0.4351072379243154,False
ring_rollercoaster,Inter-tool distance,USM0_USM2_pose_global_mean_distance_rel,Dexterity,mgears_dexterity_with_multiple_wristed_instruments,49,-0.1708323308071144,0.1708323308071144,0.24055252049945328,0.4121162092496434,False
ring_rollercoaster,Inter-tool distance,USM0_USM2_pose_global_mean_distance_rel,Efficiency / Flow,mgears_efficiency_flow_of_operation,49,-0.276619069106543,0.276619069106543,0.05434507217134213,0.1889582891087247,False
ring_rollercoaster,Inter-tool distance,USM0_USM2_pose_global_mean_distance_rel,Force / Tissue handling,mgears_force_sensitivity_and_tissue_handling,49,-0.15787698924595936,0.15787698924595936,0.2786213014778511,0.4351072379243154,False
ring_rollercoaster,Inter-tool distance,USM0_USM2_pose_global_mean_distance_rel,Robotic control,mgears_master_manipulator_workspace_robotic_control,49,-0.20691456846309808,0.20691456846309808,0.15372370504050942,0.330650988200341,False
ring_rollercoaster,Inter-tool distance,USM0_USM2_pose_global_mean_distance_rel,Overall quality,mgears_overall_performance_quality_of_the_final_product,49,-0.13629341879157286,0.13629341879157286,0.35041114262046963,0.46370340132537846,False
ring_rollercoaster,Relative tool speed,USM0_USM2_pose_global_mean_abs_relative_speed,Depth perception,mgears_depth_perception,49,-0.0446123626809015,0.0446123626809015,0.7608411821747246,0.8106158389525103,False
ring_rollercoaster,Relative tool speed,USM0_USM2_pose_global_mean_abs_relative_speed,Dexterity,mgears_dexterity_with_multiple_wristed_instruments,49,0.19405858162841205,0.19405858162841205,0.18152184607120056,0.3507371263070655,False
ring_rollercoaster,Relative tool speed,USM0_USM2_pose_global_mean_abs_relative_speed,Efficiency / Flow,mgears_efficiency_flow_of_operation,49,0.0622460505457734,0.0622460505457734,0.670919411486704,0.7555851841653346,False
ring_rollercoaster,Relative tool speed,USM0_USM2_pose_global_mean_abs_relative_speed,Force / Tissue handling,mgears_force_sensitivity_and_tissue_handling,49,-0.020678275098743117,0.020678275098743117,0.8878492323570703,0.9118451575559099,False
ring_rollercoaster,Relative tool speed,USM0_USM2_pose_global_mean_abs_relative_speed,Robotic control,mgears_master_manipulator_workspace_robotic_control,49,0.14391560049084753,0.14391560049084753,0.3238629960013866,0.4610140392862369,False
ring_rollercoaster,Relative tool speed,USM0_USM2_pose_global_mean_abs_relative_speed,Overall quality,mgears_overall_performance_quality_of_the_final_product,49,0.15419776847114489,0.15419776847114489,0.29011805609450675,0.44097944526365024,False
ring_rollercoaster,Tool speed correlation,USM0_USM2_pose_global_speed_correlation,Depth perception,mgears_depth_perception,49,0.22088027977707955,0.22088027977707955,0.1272206507171076,0.30857774854787795,False
ring_rollercoaster,Tool speed correlation,USM0_USM2_pose_global_speed_correlation,Dexterity,mgears_dexterity_with_multiple_wristed_instruments,49,0.0828113522273369,0.0828113522273369,0.5716059129927518,0.6787820216788928,False
ring_rollercoaster,Tool speed correlation,USM0_USM2_pose_global_speed_correlation,Efficiency / Flow,mgears_efficiency_flow_of_operation,49,0.29938673833310303,0.29938673833310303,0.03663527414784399,0.15468226862423015,False
ring_rollercoaster,Tool speed correlation,USM0_USM2_pose_global_speed_correlation,Force / Tissue handling,mgears_force_sensitivity_and_tissue_handling,49,0.030251550607420484,0.030251550607420484,0.8365242894817717,0.8748969633112108,False
ring_rollercoaster,Tool speed correlation,USM0_USM2_pose_global_speed_correlation,Robotic control,mgears_master_manipulator_workspace_robotic_control,49,0.014299674589872722,0.014299674589872722,0.9223145700689643,0.9387844731059101,False
ring_rollercoaster,Tool speed correlation,USM0_USM2_pose_global_speed_correlation,Overall quality,mgears_overall_performance_quality_of_the_final_product,49,0.09982363575195233,0.09982363575195233,0.4949644329038176,0.6002760143727149,False
ring_rollercoaster,Camera path length,camera_path_length_m,Depth perception,mgears_depth_perception,49,0.05372026557541317,0.05372026557541317,0.7139180473190045,0.7698243617850168,False
ring_rollercoaster,Camera path length,camera_path_length_m,Dexterity,mgears_dexterity_with_multiple_wristed_instruments,49,0.2691640282094306,0.2691640282094306,0.06145782594485153,0.20606447522685511,False
ring_rollercoaster,Camera path length,camera_path_length_m,Efficiency / Flow,mgears_efficiency_flow_of_operation,49,0.12086874280608477,0.12086874280608477,0.40807914440522924,0.5169002495799571,False
ring_rollercoaster,Camera path length,camera_path_length_m,Force / Tissue handling,mgears_force_sensitivity_and_tissue_handling,49,0.22970390777677868,0.22970390777677868,0.11234727795657239,0.2908516364939422,False
ring_rollercoaster,Camera path length,camera_path_length_m,Robotic control,mgears_master_manipulator_workspace_robotic_control,49,0.1440878857268701,0.1440878857268701,0.3232779804733245,0.4610140392862369,False
ring_rollercoaster,Camera path length,camera_path_length_m,Overall quality,mgears_overall_performance_quality_of_the_final_product,49,0.16956796404222366,0.16956796404222366,0.24410315794753953,0.4121162092496434,False
ring_rollercoaster,Camera move count,camera_move_count,Depth perception,mgears_depth_perception,49,-0.13532451064117262,0.13532451064117262,0.35387891153778883,0.46370340132537846,False
ring_rollercoaster,Camera move count,camera_move_count,Dexterity,mgears_dexterity_with_multiple_wristed_instruments,49,0.2179832598376076,0.2179832598376076,0.1324137602612905,0.31448268062056495,False
ring_rollercoaster,Camera move count,camera_move_count,Efficiency / Flow,mgears_efficiency_flow_of_operation,49,0.039019542612471765,0.039019542612471765,0.7900951632425643,0.8339893389782623,False
ring_rollercoaster,Camera move count,camera_move_count,Force / Tissue handling,mgears_force_sensitivity_and_tissue_handling,49,0.1841299236563199,0.1841299236563199,0.20533511023850035,0.3837410256916236,False
ring_rollercoaster,Camera move count,camera_move_count,Robotic control,mgears_master_manipulator_workspace_robotic_control,49,0.13611645462724298,0.13611645462724298,0.3510429441572194,0.46370340132537846,False
ring_rollercoaster,Camera move count,camera_move_count,Overall quality,mgears_overall_performance_quality_of_the_final_product,49,0.054054670003490096,0.054054670003490096,0.7122137933157504,0.7698243617850168,False
ring_rollercoaster,Camera moving fraction,camera_moving_fraction,Depth perception,mgears_depth_perception,49,0.21177237688256786,0.21177237688256786,0.14408023570075504,0.3187411048584269,False
ring_rollercoaster,Camera moving fraction,camera_moving_fraction,Dexterity,mgears_dexterity_with_multiple_wristed_instruments,49,0.4949145034818562,0.4949145034818562,0.0003002854758082802,0.03423254424214395,True
ring_rollercoaster,Camera moving fraction,camera_moving_fraction,Efficiency / Flow,mgears_efficiency_flow_of_operation,49,0.4219319603458941,0.4219319603458941,0.002530618743718097,0.057698107356772624,False
ring_rollercoaster,Camera moving fraction,camera_moving_fraction,Force / Tissue handling,mgears_force_sensitivity_and_tissue_handling,49,0.251148044916216,0.251148044916216,0.08174110031401596,0.2452233009420479,False
ring_rollercoaster,Camera moving fraction,camera_moving_fraction,Robotic control,mgears_master_manipulator_workspace_robotic_control,49,0.2762306617561759,0.2762306617561759,0.054698452110420306,0.1889582891087247,False
ring_rollercoaster,Camera moving fraction,camera_moving_fraction,Overall quality,mgears_overall_performance_quality_of_the_final_product,49,0.3232148294463048,0.3232148294463048,0.023495683781289047,0.13499485107065082,False
ring_rollercoaster,Camera-tool distance,camera_to_primary_tools_mean_distance_m,Depth perception,mgears_depth_perception,49,-0.2640201072594672,0.2640201072594672,0.06678662975903629,0.21753359407228964,False
ring_rollercoaster,Camera-tool distance,camera_to_primary_tools_mean_distance_m,Dexterity,mgears_dexterity_with_multiple_wristed_instruments,49,-0.21109840115618647,0.21109840115618647,0.145390679409107,0.3187411048584269,False
ring_rollercoaster,Camera-tool distance,camera_to_primary_tools_mean_distance_m,Efficiency / Flow,mgears_efficiency_flow_of_operation,49,-0.39429709342244473,0.39429709342244473,0.005056856738591568,0.06405351868882653,False
ring_rollercoaster,Camera-tool distance,camera_to_primary_tools_mean_distance_m,Force / Tissue handling,mgears_force_sensitivity_and_tissue_handling,49,-0.1866515202034696,0.1866515202034696,0.19908910648271627,0.37826930231716094,False
ring_rollercoaster,Camera-tool distance,camera_to_primary_tools_mean_distance_m,Robotic control,mgears_master_manipulator_workspace_robotic_control,49,-0.2769772311122736,0.2769772311122736,0.05402084546304175,0.1889582891087247,False
ring_rollercoaster,Camera-tool distance,camera_to_primary_tools_mean_distance_m,Overall quality,mgears_overall_performance_quality_of_the_final_product,49,-0.18278963765175377,0.18278963765175377,0.2087105217038049,0.38375805603602836,False
ring_rollercoaster,Left rotation path,USM0_pose_global_rotation_path_radians,Depth perception,mgears_depth_perception,49,-0.315995145932938,0.315995145932938,0.026975010888503074,0.1392208728216618,False
ring_rollercoaster,Left rotation path,USM0_pose_global_rotation_path_radians,Dexterity,mgears_dexterity_with_multiple_wristed_instruments,49,-0.4026607034907207,0.4026607034907207,0.004125840673701369,0.058793229600244516,False
ring_rollercoaster,Left rotation path,USM0_pose_global_rotation_path_radians,Efficiency / Flow,mgears_efficiency_flow_of_operation,49,-0.3668785463966349,0.3668785463966349,0.009515327061381189,0.07231648566649704,False
ring_rollercoaster,Left rotation path,USM0_pose_global_rotation_path_radians,Force / Tissue handling,mgears_force_sensitivity_and_tissue_handling,49,-0.28178252654398356,0.28178252654398356,0.04982000887072781,0.1889582891087247,False
ring_rollercoaster,Left rotation path,USM0_pose_global_rotation_path_radians,Robotic control,mgears_master_manipulator_workspace_robotic_control,49,-0.22196081240906854,0.22196081240906854,0.12532350018413216,0.30857774854787795,False
ring_rollercoaster,Left rotation path,USM0_pose_global_rotation_path_radians,Overall quality,mgears_overall_performance_quality_of_the_final_product,49,-0.313849477306221,0.313849477306221,0.028088421709633517,0.1392208728216618,False
ring_rollercoaster,Right rotation path,USM2_pose_global_rotation_path_radians,Depth perception,mgears_depth_perception,49,-0.1689597794442944,0.1689597794442944,0.24582370376294518,0.4121162092496434,False
ring_rollercoaster,Right rotation path,USM2_pose_global_rotation_path_radians,Dexterity,mgears_dexterity_with_multiple_wristed_instruments,49,-0.3288033965566411,0.3288033965566411,0.021068466815823476,0.13499485107065082,False
ring_rollercoaster,Right rotation path,USM2_pose_global_rotation_path_radians,Efficiency / Flow,mgears_efficiency_flow_of_operation,49,-0.4277725975821613,0.4277725975821613,0.002169803906466189,0.057698107356772624,False
ring_rollercoaster,Right rotation path,USM2_pose_global_rotation_path_radians,Force / Tissue handling,mgears_force_sensitivity_and_tissue_handling,49,-0.0757656375972466,0.0757656375972466,0.604868013454833,0.7010375767759545,False
ring_rollercoaster,Right rotation path,USM2_pose_global_rotation_path_radians,Robotic control,mgears_master_manipulator_workspace_robotic_control,49,-0.053350994754986975,0.053350994754986975,0.7158015995544893,0.7698243617850168,False
ring_rollercoaster,Right rotation path,USM2_pose_global_rotation_path_radians,Overall quality,mgears_overall_performance_quality_of_the_final_product,49,-0.16483019766547535,0.16483019766547535,0.2577237242486661,0.41972149377639906,False
sea_spikes,Task duration,qc_fk_duration_seconds,Depth perception,mgears_depth_perception,54,-0.41462211800141163,0.41462211800141163,0.0018260560369403667,0.013737348225787737,True
sea_spikes,Task duration,qc_fk_duration_seconds,Dexterity,mgears_dexterity_with_multiple_wristed_instruments,54,-0.40654351480324075,0.40654351480324075,0.0022845615777475083,0.015320001168424469,True
sea_spikes,Task duration,qc_fk_duration_seconds,Efficiency / Flow,mgears_efficiency_flow_of_operation,53,-0.3685114262017786,0.3685114262017786,0.0066253998738854064,0.025176519520764544,True
sea_spikes,Task duration,qc_fk_duration_seconds,Force / Tissue handling,mgears_force_sensitivity_and_tissue_handling,54,-0.35895055246987095,0.35895055246987095,0.007687661273492404,0.025776276034651,True
sea_spikes,Task duration,qc_fk_duration_seconds,Robotic control,mgears_master_manipulator_workspace_robotic_control,54,-0.4274934210585109,0.4274934210585109,0.0012632608108781003,0.013737348225787737,True
sea_spikes,Task duration,qc_fk_duration_seconds,Overall quality,mgears_overall_performance_quality_of_the_final_product,54,-0.45352311108805254,0.45352311108805254,0.0005729647056199597,0.010886329406779235,True
sea_spikes,Left path length,USM0_pose_global_path_l2,Depth perception,mgears_depth_perception,54,-0.26118932232652137,0.26118932232652137,0.05643110274118195,0.11903993656196392,False
sea_spikes,Left path length,USM0_pose_global_path_l2,Dexterity,mgears_dexterity_with_multiple_wristed_instruments,54,-0.1362618275719195,0.1362618275719195,0.32586419037059255,0.39103702844471105,False
sea_spikes,Left path length,USM0_pose_global_path_l2,Efficiency / Flow,mgears_efficiency_flow_of_operation,53,-0.029047166305434458,0.029047166305434458,0.8364256773721671,0.8747938277103399,False
sea_spikes,Left path length,USM0_pose_global_path_l2,Force / Tissue handling,mgears_force_sensitivity_and_tissue_handling,54,-0.23004876782538292,0.23004876782538292,0.09423311031012288,0.16276628144475772,False
sea_spikes,Left path length,USM0_pose_global_path_l2,Robotic control,mgears_master_manipulator_workspace_robotic_control,54,-0.24720826138378238,0.24720826138378238,0.07151689263940501,0.13818518238800293,False
sea_spikes,Left path length,USM0_pose_global_path_l2,Overall quality,mgears_overall_performance_quality_of_the_final_product,54,-0.19347373458586742,0.19347373458586742,0.1609889662533771,0.23529156606262808,False
sea_spikes,Right path length,USM2_pose_global_path_l2,Depth perception,mgears_depth_perception,54,-0.2092228020336325,0.2092228020336325,0.12892567470840305,0.19596702555677264,False
sea_spikes,Right path length,USM2_pose_global_path_l2,Dexterity,mgears_dexterity_with_multiple_wristed_instruments,54,-0.14111942471570826,0.14111942471570826,0.30874839412400584,0.37846577344232973,False
sea_spikes,Right path length,USM2_pose_global_path_l2,Efficiency / Flow,mgears_efficiency_flow_of_operation,53,-0.10904663332654854,0.10904663332654854,0.4370033559066033,0.5060908083549271,False
sea_spikes,Right path length,USM2_pose_global_path_l2,Force / Tissue handling,mgears_force_sensitivity_and_tissue_handling,54,-0.17081543178451636,0.17081543178451636,0.216844953951945,0.2874456366339736,False
sea_spikes,Right path length,USM2_pose_global_path_l2,Robotic control,mgears_master_manipulator_workspace_robotic_control,54,-0.17843418267601463,0.17843418267601463,0.19672950204258174,0.26699003848636094,False
sea_spikes,Right path length,USM2_pose_global_path_l2,Overall quality,mgears_overall_performance_quality_of_the_final_product,54,-0.23732944860964086,0.23732944860964086,0.0839911277332145,0.15443529938042666,False
sea_spikes,L/R path imbalance,USM0_USM2_pose_global_path_length_imbalance,Depth perception,mgears_depth_perception,54,-0.20930502754042504,0.20930502754042504,0.12877197368230267,0.19596702555677264,False
sea_spikes,L/R path imbalance,USM0_USM2_pose_global_path_length_imbalance,Dexterity,mgears_dexterity_with_multiple_wristed_instruments,54,-0.24412539491861268,0.24412539491861268,0.07524042664937046,0.1429568106338039,False
sea_spikes,L/R path imbalance,USM0_USM2_pose_global_path_length_imbalance,Efficiency / Flow,mgears_efficiency_flow_of_operation,53,-0.14606326205161493,0.14606326205161493,0.29666566842786557,0.3676074587040943,False
sea_spikes,L/R path imbalance,USM0_USM2_pose_global_path_length_imbalance,Force / Tissue handling,mgears_force_sensitivity_and_tissue_handling,54,-0.15765246821987938,0.15765246821987938,0.25489764862997716,0.32649811172828536,False
sea_spikes,L/R path imbalance,USM0_USM2_pose_global_path_length_imbalance,Robotic control,mgears_master_manipulator_workspace_robotic_control,54,-0.07881048732301615,0.07881048732301615,0.5710759597955217,0.6426306927799927,False
sea_spikes,L/R path imbalance,USM0_USM2_pose_global_path_length_imbalance,Overall quality,mgears_overall_performance_quality_of_the_final_product,54,-0.27243069500509454,0.27243069500509454,0.04626386031611337,0.10341333482425341,False
sea_spikes,Left mean speed,USM0_pose_global_mean_speed_l2,Depth perception,mgears_depth_perception,54,0.3185005005609257,0.3185005005609257,0.018914362609241973,0.05110975203396927,False
sea_spikes,Left mean speed,USM0_pose_global_mean_speed_l2,Dexterity,mgears_dexterity_with_multiple_wristed_instruments,54,0.5607410856753032,0.5607410856753032,1.0335565908128238e-05,0.0005891272567633096,True
sea_spikes,Left mean speed,USM0_pose_global_mean_speed_l2,Efficiency / Flow,mgears_efficiency_flow_of_operation,53,0.6751833079452111,0.6751833079452111,2.9354211159278372e-08,3.3463800721577345e-06,True
sea_spikes,Left mean speed,USM0_pose_global_mean_speed_l2,Force / Tissue handling,mgears_force_sensitivity_and_tissue_handling,54,0.09534488739911409,0.09534488739911409,0.49283311812177477,0.5618297546588232,False
sea_spikes,Left mean speed,USM0_pose_global_mean_speed_l2,Robotic control,mgears_master_manipulator_workspace_robotic_control,54,0.39129653752810684,0.39129653752810684,0.003435851703598502,0.017803958827737693,True
sea_spikes,Left mean speed,USM0_pose_global_mean_speed_l2,Overall quality,mgears_overall_performance_quality_of_the_final_product,54,0.5141790653699825,0.5141790653699825,6.976106243362759e-05,0.0025481492940387595,True
sea_spikes,Right mean speed,USM2_pose_global_mean_speed_l2,Depth perception,mgears_depth_perception,54,0.3850209355560952,0.3850209355560952,0.004042269354675564,0.01990570172568625,True
sea_spikes,Right mean speed,USM2_pose_global_mean_speed_l2,Dexterity,mgears_dexterity_with_multiple_wristed_instruments,54,0.4851369455142839,0.4851369455142839,0.0002008049415043067,0.004578352666298193,True
sea_spikes,Right mean speed,USM2_pose_global_mean_speed_l2,Efficiency / Flow,mgears_efficiency_flow_of_operation,53,0.5118746518052123,0.5118746518052123,8.940874715925472e-05,0.0025481492940387595,True
sea_spikes,Right mean speed,USM2_pose_global_mean_speed_l2,Force / Tissue handling,mgears_force_sensitivity_and_tissue_handling,54,0.2975089560941475,0.2975089560941475,0.028902412955784766,0.07162771906433617,False
sea_spikes,Right mean speed,USM2_pose_global_mean_speed_l2,Robotic control,mgears_master_manipulator_workspace_robotic_control,54,0.43502072751994714,0.43502072751994714,0.001011515023607267,0.013737348225787737,True
sea_spikes,Right mean speed,USM2_pose_global_mean_speed_l2,Overall quality,mgears_overall_performance_quality_of_the_final_product,54,0.39895359620485915,0.39895359620485915,0.0028057955473419116,0.01683477328405147,True
sea_spikes,Left smoothness (LDJ),USM0_pose_global_log_dimensionless_jerk,Depth perception,mgears_depth_perception,54,0.3786895715330692,0.3786895715330692,0.004747733537063565,0.021649664929009854,True
sea_spikes,Left smoothness (LDJ),USM0_pose_global_log_dimensionless_jerk,Dexterity,mgears_dexterity_with_multiple_wristed_instruments,54,0.35622379054450626,0.35622379054450626,0.008198279081411599,0.026702966150883495,True
sea_spikes,Left smoothness (LDJ),USM0_pose_global_log_dimensionless_jerk,Efficiency / Flow,mgears_efficiency_flow_of_operation,53,0.4194637269174583,0.4194637269174583,0.0017690141850210345,0.013737348225787737,True
sea_spikes,Left smoothness (LDJ),USM0_pose_global_log_dimensionless_jerk,Force / Tissue handling,mgears_force_sensitivity_and_tissue_handling,54,0.3198946539984809,0.3198946539984809,0.018370553314108837,0.05110975203396927,False
sea_spikes,Left smoothness (LDJ),USM0_pose_global_log_dimensionless_jerk,Robotic control,mgears_master_manipulator_workspace_robotic_control,54,0.4145777148897076,0.4145777148897076,0.001828333375173593,0.013737348225787737,True
sea_spikes,Left smoothness (LDJ),USM0_pose_global_log_dimensionless_jerk,Overall quality,mgears_overall_performance_quality_of_the_final_product,54,0.4478535511001882,0.4478535511001882,0.000684300989134861,0.011144330394482023,True
sea_spikes,Right smoothness (LDJ),USM2_pose_global_log_dimensionless_jerk,Depth perception,mgears_depth_perception,54,0.40006820329913106,0.40006820329913106,0.002723187584002647,0.01683477328405147,True
sea_spikes,Right smoothness (LDJ),USM2_pose_global_log_dimensionless_jerk,Dexterity,mgears_dexterity_with_multiple_wristed_instruments,54,0.35111708585488227,0.35111708585488227,0.009234200581618685,0.028451320710933245,True
sea_spikes,Right smoothness (LDJ),USM2_pose_global_log_dimensionless_jerk,Efficiency / Flow,mgears_efficiency_flow_of_operation,53,0.3760889478466746,0.3760889478466746,0.005513824790909336,0.022239170443568303,True
sea_spikes,Right smoothness (LDJ),USM2_pose_global_log_dimensionless_jerk,Force / Tissue handling,mgears_force_sensitivity_and_tissue_handling,54,0.3525422675765608,0.3525422675765608,0.008934274486244688,0.028291869206441514,True
sea_spikes,Right smoothness (LDJ),USM2_pose_global_log_dimensionless_jerk,Robotic control,mgears_master_manipulator_workspace_robotic_control,54,0.43247049254394143,0.43247049254394143,0.0010912409458281006,0.013737348225787737,True
sea_spikes,Right smoothness (LDJ),USM2_pose_global_log_dimensionless_jerk,Overall quality,mgears_overall_performance_quality_of_the_final_product,54,0.41600396410953905,0.41600396410953905,0.001756436636365536,0.013737348225787737,True
sea_spikes,Left pause fraction,USM0_pose_global_pause_fraction,Depth perception,mgears_depth_perception,54,-0.0529943391277957,0.0529943391277957,0.7035128855235684,0.7566081976385547,False
sea_spikes,Left pause fraction,USM0_pose_global_pause_fraction,Dexterity,mgears_dexterity_with_multiple_wristed_instruments,54,-0.24773745433322483,0.24773745433322483,0.07089272625105707,0.13818518238800293,False
sea_spikes,Left pause fraction,USM0_pose_global_pause_fraction,Efficiency / Flow,mgears_efficiency_flow_of_operation,53,-0.41637174969454094,0.41637174969454094,0.0019280488737947702,0.013737348225787737,True
sea_spikes,Left pause fraction,USM0_pose_global_pause_fraction,Force / Tissue handling,mgears_force_sensitivity_and_tissue_handling,54,0.2187909700398381,0.2187909700398381,0.11195132569262498,0.1849630598399891,False
sea_spikes,Left pause fraction,USM0_pose_global_pause_fraction,Robotic control,mgears_master_manipulator_workspace_robotic_control,54,-0.11981991105007624,0.11981991105007624,0.38813445152018566,0.45615801518867183,False
sea_spikes,Left pause fraction,USM0_pose_global_pause_fraction,Overall quality,mgears_overall_performance_quality_of_the_final_product,54,-0.2601744403254468,0.2601744403254468,0.057431548341298384,0.11903993656196392,False
sea_spikes,Right pause fraction,USM2_pose_global_pause_fraction,Depth perception,mgears_depth_perception,54,-0.1385088661920432,0.1385088661920432,0.3178736603250247,0.38550635401120015,False
sea_spikes,Right pause fraction,USM2_pose_global_pause_fraction,Dexterity,mgears_dexterity_with_multiple_wristed_instruments,54,-0.15868150669709827,0.15868150669709827,0.25177002774270385,0.3261566268485027,False
sea_spikes,Right pause fraction,USM2_pose_global_pause_fraction,Efficiency / Flow,mgears_efficiency_flow_of_operation,53,-0.1808153440782067,0.1808153440782067,0.19508692227512692,0.26699003848636094,False
sea_spikes,Right pause fraction,USM2_pose_global_pause_fraction,Force / Tissue handling,mgears_force_sensitivity_and_tissue_handling,54,-0.1839350961269013,0.1839350961269013,0.18305533676913646,0.2608538548960194,False
sea_spikes,Right pause fraction,USM2_pose_global_pause_fraction,Robotic control,mgears_master_manipulator_workspace_robotic_control,54,-0.2108057137424101,0.2108057137424101,0.1259910200568902,0.19596702555677264,False
sea_spikes,Right pause fraction,USM2_pose_global_pause_fraction,Overall quality,mgears_overall_performance_quality_of_the_final_product,54,-0.1451157229246724,0.1451157229246724,0.2951083653451076,0.3676074587040943,False
sea_spikes,Inter-tool distance,USM0_USM2_pose_global_mean_distance_rel,Depth perception,mgears_depth_perception,54,-0.21201846926457904,0.21201846926457904,0.12377701121451139,0.19596702555677264,False
sea_spikes,Inter-tool distance,USM0_USM2_pose_global_mean_distance_rel,Dexterity,mgears_dexterity_with_multiple_wristed_instruments,54,-0.23229278649143503,0.23229278649143503,0.09097779450992338,0.16205419647080102,False
sea_spikes,Inter-tool distance,USM0_USM2_pose_global_mean_distance_rel,Efficiency / Flow,mgears_efficiency_flow_of_operation,53,-0.15120204109815355,0.15120204109815355,0.27980936140339746,0.3544251911109701,False
sea_spikes,Inter-tool distance,USM0_USM2_pose_global_mean_distance_rel,Force / Tissue handling,mgears_force_sensitivity_and_tissue_handling,54,-0.16752469089335714,0.16752469089335714,0.22596290731045615,0.2960893268205977,False
sea_spikes,Inter-tool distance,USM0_USM2_pose_global_mean_distance_rel,Robotic control,mgears_master_manipulator_workspace_robotic_control,54,-0.19052723240094507,0.19052723240094507,0.167586107986601,0.24183311785408246,False
sea_spikes,Inter-tool distance,USM0_USM2_pose_global_mean_distance_rel,Overall quality,mgears_overall_performance_quality_of_the_final_product,54,-0.26730307825136435,0.26730307825136435,0.05069838045917546,0.10904934664803778,False
sea_spikes,Relative tool speed,USM0_USM2_pose_global_mean_abs_relative_speed,Depth perception,mgears_depth_perception,54,-0.006701378803592475,0.006701378803592475,0.9616420341388316,0.9701521406356355,False
sea_spikes,Relative tool speed,USM0_USM2_pose_global_mean_abs_relative_speed,Dexterity,mgears_dexterity_with_multiple_wristed_instruments,54,0.046707664844122324,0.046707664844122324,0.7373371102665974,0.7855741174803,False
sea_spikes,Relative tool speed,USM0_USM2_pose_global_mean_abs_relative_speed,Efficiency / Flow,mgears_efficiency_flow_of_operation,53,0.17249748985880944,0.17249748985880944,0.21677865091707837,0.2874456366339736,False
sea_spikes,Relative tool speed,USM0_USM2_pose_global_mean_abs_relative_speed,Force / Tissue handling,mgears_force_sensitivity_and_tissue_handling,54,-0.07248289805000771,0.07248289805000771,0.6024634768846856,0.6668042365519822,False
sea_spikes,Relative tool speed,USM0_USM2_pose_global_mean_abs_relative_speed,Robotic control,mgears_master_manipulator_workspace_robotic_control,54,0.04249020532603115,0.04249020532603115,0.7603130213785982,0.8025526336774093,False
sea_spikes,Relative tool speed,USM0_USM2_pose_global_mean_abs_relative_speed,Overall quality,mgears_overall_performance_quality_of_the_final_product,54,-0.06757615250241135,0.06757615250241135,0.6273093222846629,0.6876275263504958,False
sea_spikes,Tool speed correlation,USM0_USM2_pose_global_speed_correlation,Depth perception,mgears_depth_perception,54,0.24309971083216134,0.24309971083216134,0.07651277146442266,0.14299108109744563,False
sea_spikes,Tool speed correlation,USM0_USM2_pose_global_speed_correlation,Dexterity,mgears_dexterity_with_multiple_wristed_instruments,54,0.3446402896631639,0.3446402896631639,0.01070969056967489,0.03212907170902467,True
sea_spikes,Tool speed correlation,USM0_USM2_pose_global_speed_correlation,Efficiency / Flow,mgears_efficiency_flow_of_operation,53,0.2809779865107393,0.2809779865107393,0.04154663777370507,0.09665952461637506,False
sea_spikes,Tool speed correlation,USM0_USM2_pose_global_speed_correlation,Force / Tissue handling,mgears_force_sensitivity_and_tissue_handling,54,0.27499336052305795,0.27499336052305795,0.04416942512322312,0.10070628928094871,False
sea_spikes,Tool speed correlation,USM0_USM2_pose_global_speed_correlation,Robotic control,mgears_master_manipulator_workspace_robotic_control,54,0.23552653988078834,0.23552653988078834,0.0864419062732542,0.15641868754207902,False
sea_spikes,Tool speed correlation,USM0_USM2_pose_global_speed_correlation,Overall quality,mgears_overall_performance_quality_of_the_final_product,54,0.37164799479271876,0.37164799479271876,0.005657332832135796,0.022239170443568303,True
sea_spikes,Camera path length,camera_path_length_m,Depth perception,mgears_depth_perception,54,-0.021666421039835793,0.021666421039835793,0.8764210312345112,0.900526970845871,False
sea_spikes,Camera path length,camera_path_length_m,Dexterity,mgears_dexterity_with_multiple_wristed_instruments,54,0.06015947231922956,0.06015947231922956,0.6656486506119842,0.7227042492358686,False
sea_spikes,Camera path length,camera_path_length_m,Efficiency / Flow,mgears_efficiency_flow_of_operation,53,0.07878009572193544,0.07878009572193544,0.5749853566978882,0.6426306927799927,False
sea_spikes,Camera path length,camera_path_length_m,Force / Tissue handling,mgears_force_sensitivity_and_tissue_handling,54,-0.002684551779629915,0.002684551779629915,0.9846290888924644,0.9846290888924644,False
sea_spikes,Camera path length,camera_path_length_m,Robotic control,mgears_master_manipulator_workspace_robotic_control,54,-0.017234652499135576,0.017234652499135576,0.9015575512865763,0.9176567932738366,False
sea_spikes,Camera path length,camera_path_length_m,Overall quality,mgears_overall_performance_quality_of_the_final_product,54,0.021594353483188822,0.021594353483188822,0.8768288926657165,0.900526970845871,False
sea_spikes,Camera move count,camera_move_count,Depth perception,mgears_depth_perception,54,-0.12931272722219264,0.12931272722219264,0.35136925422118703,0.41725098938765964,False
sea_spikes,Camera move count,camera_move_count,Dexterity,mgears_dexterity_with_multiple_wristed_instruments,54,-0.18049183386103848,0.18049183386103848,0.19153205273408191,0.26627626843518704,False
sea_spikes,Camera move count,camera_move_count,Efficiency / Flow,mgears_efficiency_flow_of_operation,53,-0.2085706160934123,0.2085706160934123,0.13393914862914286,0.20090872294371429,False
sea_spikes,Camera move count,camera_move_count,Force / Tissue handling,mgears_force_sensitivity_and_tissue_handling,54,-0.10740546475690992,0.10740546475690992,0.4394999125187526,0.5060908083549271,False
sea_spikes,Camera move count,camera_move_count,Robotic control,mgears_master_manipulator_workspace_robotic_control,54,-0.21278706116890655,0.21278706116890655,0.12238920781922386,0.19596702555677264,False
sea_spikes,Camera move count,camera_move_count,Overall quality,mgears_overall_performance_quality_of_the_final_product,54,-0.19776715526598382,0.19776715526598382,0.15171998422932045,0.22462439223561728,False
sea_spikes,Camera moving fraction,camera_moving_fraction,Depth perception,mgears_depth_perception,54,0.39340793724893486,0.39340793724893486,0.003250717466881032,0.017803958827737693,True
sea_spikes,Camera moving fraction,camera_moving_fraction,Dexterity,mgears_dexterity_with_multiple_wristed_instruments,54,0.3737858725258963,0.3737858725258963,0.005366272493221816,0.022239170443568303,True
sea_spikes,Camera moving fraction,camera_moving_fraction,Efficiency / Flow,mgears_efficiency_flow_of_operation,53,0.39655696608288776,0.39655696608288776,0.003285229445788731,0.017803958827737693,True
sea_spikes,Camera moving fraction,camera_moving_fraction,Force / Tissue handling,mgears_force_sensitivity_and_tissue_handling,54,0.3406782806794867,0.3406782806794867,0.011709149221110453,0.03422674387709209,True
sea_spikes,Camera moving fraction,camera_moving_fraction,Robotic control,mgears_master_manipulator_workspace_robotic_control,54,0.3636964138361737,0.3636964138361737,0.006864714891007918,0.02524443540564202,True
sea_spikes,Camera moving fraction,camera_moving_fraction,Overall quality,mgears_overall_performance_quality_of_the_final_product,54,0.42313260203545666,0.42313260203545666,0.00143354093190661,0.013737348225787737,True
sea_spikes,Camera-tool distance,camera_to_primary_tools_mean_distance_m,Depth perception,mgears_depth_perception,54,-0.31430699971450593,0.31430699971450593,0.020633168880898153,0.05345866482778158,False
sea_spikes,Camera-tool distance,camera_to_primary_tools_mean_distance_m,Dexterity,mgears_dexterity_with_multiple_wristed_instruments,54,-0.2259405440726344,0.2259405440726344,0.10042686312063369,0.17087555814555583,False
sea_spikes,Camera-tool distance,camera_to_primary_tools_mean_distance_m,Efficiency / Flow,mgears_efficiency_flow_of_operation,53,-0.18247020512709203,0.18247020512709203,0.19096240618385418,0.26627626843518704,False
sea_spikes,Camera-tool distance,camera_to_primary_tools_mean_distance_m,Force / Tissue handling,mgears_force_sensitivity_and_tissue_handling,54,-0.25122208750665753,0.25122208750665753,0.06689026279883332,0.13378052559766665,False
sea_spikes,Camera-tool distance,camera_to_primary_tools_mean_distance_m,Robotic control,mgears_master_manipulator_workspace_robotic_control,54,-0.23009700735122773,0.23009700735122773,0.09416219035895255,0.16276628144475772,False
sea_spikes,Camera-tool distance,camera_to_primary_tools_mean_distance_m,Overall quality,mgears_overall_performance_quality_of_the_final_product,54,-0.3047388493477033,0.3047388493477033,0.025055133491109785,0.0634730048441448,False
sea_spikes,Left rotation path,USM0_pose_global_rotation_path_radians,Depth perception,mgears_depth_perception,54,-0.3198161086696065,0.3198161086696065,0.01840083392559357,0.05110975203396927,False
sea_spikes,Left rotation path,USM0_pose_global_rotation_path_radians,Dexterity,mgears_dexterity_with_multiple_wristed_instruments,54,-0.21634990355797462,0.21634990355797462,0.11610971366063524,0.18909296224732025,False
sea_spikes,Left rotation path,USM0_pose_global_rotation_path_radians,Efficiency / Flow,mgears_efficiency_flow_of_operation,53,-0.2540647199788675,0.2540647199788675,0.06639242025513825,0.13378052559766665,False
sea_spikes,Left rotation path,USM0_pose_global_rotation_path_radians,Force / Tissue handling,mgears_force_sensitivity_and_tissue_handling,54,-0.3592103478033835,0.3592103478033835,0.007640487263959502,0.025776276034651,True
sea_spikes,Left rotation path,USM0_pose_global_rotation_path_radians,Robotic control,mgears_master_manipulator_workspace_robotic_control,54,-0.31758652015710215,0.31758652015710215,0.019278239802286656,0.05110975203396927,False
sea_spikes,Left rotation path,USM0_pose_global_rotation_path_radians,Overall quality,mgears_overall_performance_quality_of_the_final_product,54,-0.28185216969081006,0.28185216969081006,0.03894335133100354,0.09249045941113342,False
sea_spikes,Right rotation path,USM2_pose_global_rotation_path_radians,Depth perception,mgears_depth_perception,54,-0.35961325395719856,0.35961325395719856,0.007567825141677843,0.025776276034651,True
sea_spikes,Right rotation path,USM2_pose_global_rotation_path_radians,Dexterity,mgears_dexterity_with_multiple_wristed_instruments,54,-0.26891159572922696,0.26891159572922696,0.04927155198935451,0.10801840243820028,False
sea_spikes,Right rotation path,USM2_pose_global_rotation_path_radians,Efficiency / Flow,mgears_efficiency_flow_of_operation,53,-0.3776567109456186,0.3776567109456186,0.0053054132560530366,0.022239170443568303,True
sea_spikes,Right rotation path,USM2_pose_global_rotation_path_radians,Force / Tissue handling,mgears_force_sensitivity_and_tissue_handling,54,-0.22208171093099735,0.22208171093099735,0.10652719107532459,0.17858970268510296,False
sea_spikes,Right rotation path,USM2_pose_global_rotation_path_radians,Robotic control,mgears_master_manipulator_workspace_robotic_control,54,-0.28772409124451875,0.28772409124451875,0.03488453178704204,0.08461354518559133,False
sea_spikes,Right rotation path,USM2_pose_global_rotation_path_radians,Overall quality,mgears_overall_performance_quality_of_the_final_product,54,-0.38361243388475585,0.38361243388475585,0.004190674047512895,0.01990570172568625,True
suture,Task duration,qc_fk_duration_seconds,Depth perception,mgears_depth_perception,42,-0.5056106153500499,0.5056106153500499,0.0006364327704367669,0.0035913235751395775,True
suture,Task duration,qc_fk_duration_seconds,Dexterity,mgears_dexterity_with_multiple_wristed_instruments,42,-0.5101469943265531,0.5101469943265531,0.0005578157691244718,0.003346894614746831,True
suture,Task duration,qc_fk_duration_seconds,Efficiency / Flow,mgears_efficiency_flow_of_operation,42,-0.49006834451554687,0.49006834451554687,0.0009863887178333949,0.004497932553320281,True
suture,Task duration,qc_fk_duration_seconds,Force / Tissue handling,mgears_force_sensitivity_and_tissue_handling,42,-0.317127608797808,0.317127608797808,0.04072155597214907,0.07791561551490972,False
suture,Task duration,qc_fk_duration_seconds,Robotic control,mgears_master_manipulator_workspace_robotic_control,42,-0.40126153092813316,0.40126153092813316,0.008446089491287195,0.02468856928222411,True
suture,Task duration,qc_fk_duration_seconds,Overall quality,mgears_overall_performance_quality_of_the_final_product,41,-0.5265272615017318,0.5265272615017318,0.0004058508527375038,0.0028551979402643046,True
suture,Left path length,USM0_pose_global_path_l2,Depth perception,mgears_depth_perception,42,-0.09635140791253688,0.09635140791253688,0.5438515415205315,0.6029547097678807,False
suture,Left path length,USM0_pose_global_path_l2,Dexterity,mgears_dexterity_with_multiple_wristed_instruments,42,-0.16836419423281526,0.16836419423281526,0.2865016270601346,0.3888236367244684,False
suture,Left path length,USM0_pose_global_path_l2,Efficiency / Flow,mgears_efficiency_flow_of_operation,42,-0.12793558400104707,0.12793558400104707,0.419423595745756,0.5141321496238299,False
suture,Left path length,USM0_pose_global_path_l2,Force / Tissue handling,mgears_force_sensitivity_and_tissue_handling,42,-0.042317400217038705,0.042317400217038705,0.7901692601608445,0.826415556498498,False
suture,Left path length,USM0_pose_global_path_l2,Robotic control,mgears_master_manipulator_workspace_robotic_control,42,-0.11072225066851973,0.11072225066851973,0.48514086493163683,0.5701655526000681,False
suture,Left path length,USM0_pose_global_path_l2,Overall quality,mgears_overall_performance_quality_of_the_final_product,41,-0.1222507374979745,0.1222507374979745,0.4463934008341482,0.5413707201605626,False
suture,Right path length,USM2_pose_global_path_l2,Depth perception,mgears_depth_perception,42,-0.13127985817260773,0.13127985817260773,0.40726829184004704,0.5051623456702184,False
suture,Right path length,USM2_pose_global_path_l2,Dexterity,mgears_dexterity_with_multiple_wristed_instruments,42,-0.20304791540499978,0.20304791540499978,0.19716454533947952,0.2919059502428658,False
suture,Right path length,USM2_pose_global_path_l2,Efficiency / Flow,mgears_efficiency_flow_of_operation,42,-0.14581451861424546,0.14581451861424546,0.35683873500157154,0.45707433472111414,False
suture,Right path length,USM2_pose_global_path_l2,Force / Tissue handling,mgears_force_sensitivity_and_tissue_handling,42,-0.08977695464371757,0.08977695464371757,0.5717973849860687,0.620808589413446,False
suture,Right path length,USM2_pose_global_path_l2,Robotic control,mgears_master_manipulator_workspace_robotic_control,42,-0.10185082226364604,0.10185082226364604,0.5209892795089848,0.5939277786402426,False
suture,Right path length,USM2_pose_global_path_l2,Overall quality,mgears_overall_performance_quality_of_the_final_product,41,-0.16525305068807603,0.16525305068807603,0.30182248594842426,0.40369066250566954,False
suture,L/R path imbalance,USM0_USM2_pose_global_path_length_imbalance,Depth perception,mgears_depth_perception,42,-0.3575480627841886,0.3575480627841886,0.02008899857232104,0.04404126610085767,True
suture,L/R path imbalance,USM0_USM2_pose_global_path_length_imbalance,Dexterity,mgears_dexterity_with_multiple_wristed_instruments,42,-0.34919012747975714,0.34919012747975714,0.02341531475611551,0.04943233115179941,True
suture,L/R path imbalance,USM0_USM2_pose_global_path_length_imbalance,Efficiency / Flow,mgears_efficiency_flow_of_operation,42,-0.35361496619406085,0.35361496619406085,0.021601238873688786,0.04646304210567022,True
suture,L/R path imbalance,USM0_USM2_pose_global_path_length_imbalance,Force / Tissue handling,mgears_force_sensitivity_and_tissue_handling,42,-0.37900205453347807,0.37900205453347807,0.013315859455791255,0.03229804208425964,True
suture,L/R path imbalance,USM0_USM2_pose_global_path_length_imbalance,Robotic control,mgears_master_manipulator_workspace_robotic_control,42,-0.38181263019437156,0.38181263019437156,0.01259268920460644,0.031207968898372483,True
suture,L/R path imbalance,USM0_USM2_pose_global_path_length_imbalance,Overall quality,mgears_overall_performance_quality_of_the_final_product,41,-0.3876599189069453,0.3876599189069453,0.012270869709803338,0.031207968898372483,True
suture,Left mean speed,USM0_pose_global_mean_speed_l2,Depth perception,mgears_depth_perception,42,0.3301164506287183,0.3301164506287183,0.03275340275368336,0.06667656989142684,False
suture,Left mean speed,USM0_pose_global_mean_speed_l2,Dexterity,mgears_dexterity_with_multiple_wristed_instruments,42,0.38230523814666695,0.38230523814666695,0.012469447637751874,0.031207968898372483,True
suture,Left mean speed,USM0_pose_global_mean_speed_l2,Efficiency / Flow,mgears_efficiency_flow_of_operation,42,0.35875937662521706,0.35875937662521706,0.019641556499443037,0.04390465570463738,True
suture,Left mean speed,USM0_pose_global_mean_speed_l2,Force / Tissue handling,mgears_force_sensitivity_and_tissue_handling,42,0.27481020858076927,0.27481020858076927,0.07818534155609498,0.13504740814234586,False
suture,Left mean speed,USM0_pose_global_mean_speed_l2,Robotic control,mgears_master_manipulator_workspace_robotic_control,42,0.2287804902103004,0.2287804902103004,0.14502521752633968,0.2264777369589414,False
suture,Left mean speed,USM0_pose_global_mean_speed_l2,Overall quality,mgears_overall_performance_quality_of_the_final_product,41,0.3195500980156166,0.3195500980156166,0.04169168900359204,0.07791561551490972,False
suture,Right mean speed,USM2_pose_global_mean_speed_l2,Depth perception,mgears_depth_perception,42,0.192617624482976,0.192617624482976,0.22166362317505386,0.31587066302445177,False
suture,Right mean speed,USM2_pose_global_mean_speed_l2,Dexterity,mgears_dexterity_with_multiple_wristed_instruments,42,0.21167527318401053,0.21167527318401053,0.17839284022070354,0.27115711713546936,False
suture,Right mean speed,USM2_pose_global_mean_speed_l2,Efficiency / Flow,mgears_efficiency_flow_of_operation,42,0.2734127642263643,0.2734127642263643,0.07977411900236059,0.13573506815327027,False
suture,Right mean speed,USM2_pose_global_mean_speed_l2,Force / Tissue handling,mgears_force_sensitivity_and_tissue_handling,42,0.09508770407334592,0.09508770407334592,0.5491719998667819,0.6029547097678807,False
suture,Right mean speed,USM2_pose_global_mean_speed_l2,Robotic control,mgears_master_manipulator_workspace_robotic_control,42,0.1530321399840712,0.1530321399840712,0.33327090530676523,0.4317373091474004,False
suture,Right mean speed,USM2_pose_global_mean_speed_l2,Overall quality,mgears_overall_performance_quality_of_the_final_product,41,0.16434005040803143,0.16434005040803143,0.3045385699604174,0.40369066250566954,False
suture,Left smoothness (LDJ),USM0_pose_global_log_dimensionless_jerk,Depth perception,mgears_depth_perception,42,0.5695041219233502,0.5695041219233502,8.277130319509004e-05,0.0011794910705300332,True
suture,Left smoothness (LDJ),USM0_pose_global_log_dimensionless_jerk,Dexterity,mgears_dexterity_with_multiple_wristed_instruments,42,0.5739371548743899,0.5739371548743899,7.071441365684803e-05,0.0011794910705300332,True
suture,Left smoothness (LDJ),USM0_pose_global_log_dimensionless_jerk,Efficiency / Flow,mgears_efficiency_flow_of_operation,42,0.6050164005428553,0.6050164005428553,2.1937066138096807e-05,0.0008336085132476786,True
suture,Left smoothness (LDJ),USM0_pose_global_log_dimensionless_jerk,Force / Tissue handling,mgears_force_sensitivity_and_tissue_handling,42,0.39189958886257553,0.39189958886257553,0.010266005093911788,0.02721685071409172,True
suture,Left smoothness (LDJ),USM0_pose_global_log_dimensionless_jerk,Robotic control,mgears_master_manipulator_workspace_robotic_control,42,0.528361803267189,0.528361803267189,0.00032237696664277784,0.0028551979402643046,True
suture,Left smoothness (LDJ),USM0_pose_global_log_dimensionless_jerk,Overall quality,mgears_overall_performance_quality_of_the_final_product,41,0.5772900770722126,0.5772900770722126,7.765516707561596e-05,0.0011794910705300332,True
suture,Right smoothness (LDJ),USM2_pose_global_log_dimensionless_jerk,Depth perception,mgears_depth_perception,42,0.4529623659336504,0.4529623659336504,0.0025934979896345134,0.009537379703817243,True
suture,Right smoothness (LDJ),USM2_pose_global_log_dimensionless_jerk,Dexterity,mgears_dexterity_with_multiple_wristed_instruments,42,0.4720646170596068,0.4720646170596068,0.0015980403186349734,0.0065063070115852495,True
suture,Right smoothness (LDJ),USM2_pose_global_log_dimensionless_jerk,Efficiency / Flow,mgears_efficiency_flow_of_operation,42,0.5258262137419436,0.5258262137419436,0.00034859407608093764,0.0028551979402643046,True
suture,Right smoothness (LDJ),USM2_pose_global_log_dimensionless_jerk,Force / Tissue handling,mgears_force_sensitivity_and_tissue_handling,42,0.28863501661980184,0.28863501661980184,0.06376904250548239,0.11380494996321501,False
suture,Right smoothness (LDJ),USM2_pose_global_log_dimensionless_jerk,Robotic control,mgears_master_manipulator_workspace_robotic_control,42,0.4573903760281993,0.4573903760281993,0.002323806418848086,0.008830464391622725,True
suture,Right smoothness (LDJ),USM2_pose_global_log_dimensionless_jerk,Overall quality,mgears_overall_performance_quality_of_the_final_product,41,0.45503933957423814,0.45503933957423814,0.0027970699878504634,0.009964561831717275,True
suture,Left pause fraction,USM0_pose_global_pause_fraction,Depth perception,mgears_depth_perception,42,-0.1950029820617126,0.1950029820617126,0.21588412812463909,0.31152899501530196,False
suture,Left pause fraction,USM0_pose_global_pause_fraction,Dexterity,mgears_dexterity_with_multiple_wristed_instruments,42,-0.22326556191742897,0.22326556191742897,0.1552375094588412,0.2391496767338905,False
suture,Left pause fraction,USM0_pose_global_pause_fraction,Efficiency / Flow,mgears_efficiency_flow_of_operation,42,-0.240859609694786,0.240859609694786,0.12440059769068314,0.2025952590962554,False
suture,Left pause fraction,USM0_pose_global_pause_fraction,Force / Tissue handling,mgears_force_sensitivity_and_tissue_handling,42,-0.10663647664253778,0.10663647664253778,0.5014895305003666,0.5774727926973918,False
suture,Left pause fraction,USM0_pose_global_pause_fraction,Robotic control,mgears_master_manipulator_workspace_robotic_control,42,-0.18885906238836878,0.18885906238836878,0.2309850435710948,0.32112554837932694,False
suture,Left pause fraction,USM0_pose_global_pause_fraction,Overall quality,mgears_overall_performance_quality_of_the_final_product,41,-0.27873898549762216,0.27873898549762216,0.07760277453117226,0.13504740814234586,False
suture,Right pause fraction,USM2_pose_global_pause_fraction,Depth perception,mgears_depth_perception,42,-0.5122555400336731,0.5122555400336731,0.0005243282620954124,0.0033207456599376123,True
suture,Right pause fraction,USM2_pose_global_pause_fraction,Dexterity,mgears_dexterity_with_multiple_wristed_instruments,42,-0.5208658327792633,0.5208658327792633,0.00040549220340941407,0.0028551979402643046,True
suture,Right pause fraction,USM2_pose_global_pause_fraction,Efficiency / Flow,mgears_efficiency_flow_of_operation,42,-0.6702913788004761,0.6702913788004761,1.1980809545463578e-06,0.00013658122881828478,True
suture,Right pause fraction,USM2_pose_global_pause_fraction,Force / Tissue handling,mgears_force_sensitivity_and_tissue_handling,42,-0.4368302149894314,0.4368302149894314,0.0038229446532179225,0.012818108543142446,True
suture,Right pause fraction,USM2_pose_global_pause_fraction,Robotic control,mgears_master_manipulator_workspace_robotic_control,42,-0.6307244387080392,0.6307244387080392,7.5593349084034034e-06,0.00043088208977899397,True
suture,Right pause fraction,USM2_pose_global_pause_fraction,Overall quality,mgears_overall_performance_quality_of_the_final_product,41,-0.5645993731795925,0.5645993731795925,0.00012043009221243713,0.0015254478346908703,True
suture,Inter-tool distance,USM0_USM2_pose_global_mean_distance_rel,Depth perception,mgears_depth_perception,42,-0.4783493858787751,0.4783493858787751,0.001354339227567954,0.005718321183064695,True
suture,Inter-tool distance,USM0_USM2_pose_global_mean_distance_rel,Dexterity,mgears_dexterity_with_multiple_wristed_instruments,42,-0.4595157330174094,0.4595157330174094,0.0022033681893222404,0.008661516330439153,True
suture,Inter-tool distance,USM0_USM2_pose_global_mean_distance_rel,Efficiency / Flow,mgears_efficiency_flow_of_operation,42,-0.5192481151578423,0.5192481151578423,0.00042577513144292266,0.0028551979402643046,True
suture,Inter-tool distance,USM0_USM2_pose_global_mean_distance_rel,Force / Tissue handling,mgears_force_sensitivity_and_tissue_handling,42,-0.48563853117601596,0.48563853117601596,0.0011134334552147412,0.004881977457480018,True
suture,Inter-tool distance,USM0_USM2_pose_global_mean_distance_rel,Robotic control,mgears_master_manipulator_workspace_robotic_control,42,-0.5822727912660367,0.5822727912660367,5.226917625725901e-05,0.0011794910705300332,True
suture,Inter-tool distance,USM0_USM2_pose_global_mean_distance_rel,Overall quality,mgears_overall_performance_quality_of_the_final_product,41,-0.5551041702671283,0.5551041702671283,0.0001653181585298197,0.0018846270072399446,True
suture,Relative tool speed,USM0_USM2_pose_global_mean_abs_relative_speed,Depth perception,mgears_depth_perception,42,0.11543426854242925,0.11543426854242925,0.46663694715368764,0.5599643365844251,False
suture,Relative tool speed,USM0_USM2_pose_global_mean_abs_relative_speed,Dexterity,mgears_dexterity_with_multiple_wristed_instruments,42,0.10771125469552778,0.10771125469552778,0.49716194154513604,0.5774727926973918,False
suture,Relative tool speed,USM0_USM2_pose_global_mean_abs_relative_speed,Efficiency / Flow,mgears_efficiency_flow_of_operation,42,0.11385170626329172,0.11385170626329172,0.4728092336059459,0.5614609649070608,False
suture,Relative tool speed,USM0_USM2_pose_global_mean_abs_relative_speed,Force / Tissue handling,mgears_force_sensitivity_and_tissue_handling,42,0.023856223628330585,0.023856223628330585,0.8807950459882498,0.911798957544214,False
suture,Relative tool speed,USM0_USM2_pose_global_mean_abs_relative_speed,Robotic control,mgears_master_manipulator_workspace_robotic_control,42,0.00784780205046519,0.00784780205046519,0.9606599721725206,0.9691613878554632,False
suture,Relative tool speed,USM0_USM2_pose_global_mean_abs_relative_speed,Overall quality,mgears_overall_performance_quality_of_the_final_product,41,0.05231491604655667,0.05231491604655667,0.7453005652248771,0.8015496644871319,False
suture,Tool speed correlation,USM0_USM2_pose_global_speed_correlation,Depth perception,mgears_depth_perception,42,0.37390480046695346,0.37390480046695346,0.014717617726158384,0.03495434209962616,True
suture,Tool speed correlation,USM0_USM2_pose_global_speed_correlation,Dexterity,mgears_dexterity_with_multiple_wristed_instruments,42,0.321390863525167,0.321390863525167,0.03794845080069345,0.0758969016013869,False
suture,Tool speed correlation,USM0_USM2_pose_global_speed_correlation,Efficiency / Flow,mgears_efficiency_flow_of_operation,42,0.3642411254453014,0.3642411254453014,0.01771992257172294,0.040401423463528305,True
suture,Tool speed correlation,USM0_USM2_pose_global_speed_correlation,Force / Tissue handling,mgears_force_sensitivity_and_tissue_handling,42,0.33853920173630964,0.33853920173630964,0.028308730160098612,0.05867627705911349,False
suture,Tool speed correlation,USM0_USM2_pose_global_speed_correlation,Robotic control,mgears_master_manipulator_workspace_robotic_control,42,0.4382826840792407,0.4382826840792407,0.0036944900948756515,0.012762783964115888,True
suture,Tool speed correlation,USM0_USM2_pose_global_speed_correlation,Overall quality,mgears_overall_performance_quality_of_the_final_product,41,0.4092980255440027,0.4092980255440027,0.007877806875625245,0.023633420626875738,True
suture,Camera path length,camera_path_length_m,Depth perception,mgears_depth_perception,42,-0.27184557263386844,0.27184557263386844,0.08158578808806484,0.1367761741476381,False
suture,Camera path length,camera_path_length_m,Dexterity,mgears_dexterity_with_multiple_wristed_instruments,42,-0.3104105899882443,0.3104105899882443,0.04542407290002424,0.08352168242907683,False
suture,Camera path length,camera_path_length_m,Efficiency / Flow,mgears_efficiency_flow_of_operation,42,-0.37208424298788373,0.37208424298788373,0.01524769087422659,0.03547421958493533,True
suture,Camera path length,camera_path_length_m,Force / Tissue handling,mgears_force_sensitivity_and_tissue_handling,42,-0.22962668962393112,0.22962668962393112,0.14350314341680573,0.2264777369589414,False
suture,Camera path length,camera_path_length_m,Robotic control,mgears_master_manipulator_workspace_robotic_control,42,-0.39819065186490765,0.39819065186490765,0.009009755441485955,0.025677803008234974,True
suture,Camera path length,camera_path_length_m,Overall quality,mgears_overall_performance_quality_of_the_final_product,41,-0.31991529812763453,0.31991529812763453,0.0414457751252487,0.07791561551490972,False
suture,Camera move count,camera_move_count,Depth perception,mgears_depth_perception,42,-0.39468800543504284,0.39468800543504284,0.009691821698097666,0.026306373180550808,True
suture,Camera move count,camera_move_count,Dexterity,mgears_dexterity_with_multiple_wristed_instruments,42,-0.41474328053169535,0.41474328053169535,0.006315632014632522,0.019458974315354254,True
suture,Camera move count,camera_move_count,Efficiency / Flow,mgears_efficiency_flow_of_operation,42,-0.5042663575880683,0.5042663575880683,0.0006615596059467643,0.0035913235751395775,True
suture,Camera move count,camera_move_count,Force / Tissue handling,mgears_force_sensitivity_and_tissue_handling,42,-0.3158255211696655,0.3158255211696655,0.04160070884555873,0.07791561551490972,False
suture,Camera move count,camera_move_count,Robotic control,mgears_master_manipulator_workspace_robotic_control,42,-0.49658793520971894,0.49658793520971894,0.0008228413692873205,0.004078431134728458,True
suture,Camera move count,camera_move_count,Overall quality,mgears_overall_performance_quality_of_the_final_product,41,-0.40167221601917846,0.40167221601917846,0.009239392824673818,0.025690019073483297,True
suture,Camera moving fraction,camera_moving_fraction,Depth perception,mgears_depth_perception,42,-0.19943293185079472,0.19943293185079472,0.20542951953656818,0.3002431439380612,False
suture,Camera moving fraction,camera_moving_fraction,Dexterity,mgears_dexterity_with_multiple_wristed_instruments,42,-0.20810232703310708,0.20810232703310708,0.1860053582945609,0.27900803744184133,False
suture,Camera moving fraction,camera_moving_fraction,Efficiency / Flow,mgears_efficiency_flow_of_operation,42,-0.2885086571309044,0.2885086571309044,0.06389049822496282,0.11380494996321501,False
suture,Camera moving fraction,camera_moving_fraction,Force / Tissue handling,mgears_force_sensitivity_and_tissue_handling,42,-0.23974240282322326,0.23974240282322326,0.12621024938165631,0.2026474426691383,False
suture,Camera moving fraction,camera_moving_fraction,Robotic control,mgears_master_manipulator_workspace_robotic_control,42,-0.42787581614275416,0.42787581614275416,0.004704450631698563,0.014897427000378783,True
suture,Camera moving fraction,camera_moving_fraction,Overall quality,mgears_overall_performance_quality_of_the_final_product,41,-0.26696128188504664,0.26696128188504664,0.09154569154941317,0.15124940342946525,False
suture,Camera-tool distance,camera_to_primary_tools_mean_distance_m,Depth perception,mgears_depth_perception,42,-0.5229896491379876,0.5229896491379876,0.00038018232175804817,0.0028551979402643046,True
suture,Camera-tool distance,camera_to_primary_tools_mean_distance_m,Dexterity,mgears_dexterity_with_multiple_wristed_instruments,42,-0.429973568501403,0.429973568501403,0.004483452627591584,0.014603245701298305,True
suture,Camera-tool distance,camera_to_primary_tools_mean_distance_m,Efficiency / Flow,mgears_efficiency_flow_of_operation,42,-0.5001041615861628,0.5001041615861628,0.0007450794513070218,0.0038608662476818396,True
suture,Camera-tool distance,camera_to_primary_tools_mean_distance_m,Force / Tissue handling,mgears_force_sensitivity_and_tissue_handling,42,-0.4917079590955912,0.4917079590955912,0.0009427441443712777,0.004478034685763569,True
suture,Camera-tool distance,camera_to_primary_tools_mean_distance_m,Robotic control,mgears_master_manipulator_workspace_robotic_control,42,-0.571354110152346,0.571354110152346,7.752935899809104e-05,0.0011794910705300332,True
suture,Camera-tool distance,camera_to_primary_tools_mean_distance_m,Overall quality,mgears_overall_performance_quality_of_the_final_product,41,-0.5345616639661244,0.5345616639661244,0.00031783637396357386,0.0028551979402643046,True
suture,Left rotation path,USM0_pose_global_rotation_path_radians,Depth perception,mgears_depth_perception,42,-0.0038336103943980193,0.0038336103943980193,0.9807768944294656,0.9807768944294656,False
suture,Left rotation path,USM0_pose_global_rotation_path_radians,Dexterity,mgears_dexterity_with_multiple_wristed_instruments,42,0.045576849681036424,0.045576849681036424,0.7744134291053495,0.8250759898879425,False
suture,Left rotation path,USM0_pose_global_rotation_path_radians,Efficiency / Flow,mgears_efficiency_flow_of_operation,42,0.15323596317066746,0.15323596317066746,0.33261972018978064,0.4317373091474004,False
suture,Left rotation path,USM0_pose_global_rotation_path_radians,Force / Tissue handling,mgears_force_sensitivity_and_tissue_handling,42,0.13116708115082115,0.13116708115082115,0.4076748754531588,0.5051623456702184,False
suture,Left rotation path,USM0_pose_global_rotation_path_radians,Robotic control,mgears_master_manipulator_workspace_robotic_control,42,0.18681180967955177,0.18681180967955177,0.23617345445579846,0.32438281696338583,False
suture,Left rotation path,USM0_pose_global_rotation_path_radians,Overall quality,mgears_overall_performance_quality_of_the_final_product,41,0.09732582985275638,0.09732582985275638,0.5449418360718988,0.6029547097678807,False
suture,Right rotation path,USM2_pose_global_rotation_path_radians,Depth perception,mgears_depth_perception,42,0.011841596551584992,0.011841596551584992,0.9406691334520791,0.9574667965494378,False
suture,Right rotation path,USM2_pose_global_rotation_path_radians,Dexterity,mgears_dexterity_with_multiple_wristed_instruments,42,-0.043223933923124416,0.043223933923124416,0.7857785910117504,0.826415556498498,False
suture,Right rotation path,USM2_pose_global_rotation_path_radians,Efficiency / Flow,mgears_efficiency_flow_of_operation,42,0.09487642188607644,0.09487642188607644,0.5500639457531543,0.6029547097678807,False
suture,Right rotation path,USM2_pose_global_rotation_path_radians,Force / Tissue handling,mgears_force_sensitivity_and_tissue_handling,42,0.13892246127027846,0.13892246127027846,0.38026096897361467,0.4816638940332452,False
suture,Right rotation path,USM2_pose_global_rotation_path_radians,Robotic control,mgears_master_manipulator_workspace_robotic_control,42,0.1890296667807702,0.1890296667807702,0.2305562210213791,0.32112554837932694,False
suture,Right rotation path,USM2_pose_global_rotation_path_radians,Overall quality,mgears_overall_performance_quality_of_the_final_product,41,0.022733706973111015,0.022733706973111015,0.8878042481351558,0.911798957544214,False
