file_name,role,participant_id,task,task_clean,trial,n_rows,n_unique_timestamps,duration_seconds,n_usms,USM0_n_samples,USM0_duration_seconds,USM0_path_length,USM0_mean_speed,USM0_max_speed,USM0_mean_acceleration,USM0_max_acceleration,USM0_idle_fraction,USM0_x_range,USM0_y_range,USM0_z_range,USM0_EA_xy,USM0_EA_xz,USM0_EA_yz,USM0_EV,USM1_n_samples,USM1_duration_seconds,USM1_path_length,USM1_mean_speed,USM1_max_speed,USM1_mean_acceleration,USM1_max_acceleration,USM1_idle_fraction,USM1_x_range,USM1_y_range,USM1_z_range,USM1_EA_xy,USM1_EA_xz,USM1_EA_yz,USM1_EV,USM2_n_samples,USM2_duration_seconds,USM2_path_length,USM2_mean_speed,USM2_max_speed,USM2_mean_acceleration,USM2_max_acceleration,USM2_idle_fraction,USM2_x_range,USM2_y_range,USM2_z_range,USM2_EA_xy,USM2_EA_xz,USM2_EA_yz,USM2_EV,USM3_n_samples,USM3_duration_seconds,USM3_path_length,USM3_mean_speed,USM3_max_speed,USM3_mean_acceleration,USM3_max_acceleration,USM3_idle_fraction,USM3_x_range,USM3_y_range,USM3_z_range,USM3_EA_xy,USM3_EA_xz,USM3_EA_yz,USM3_EV,target_score,percentage_score
DVST_XI_10-13_Nov_2025_12_10.36.46_expert_10_camera target_1.csv,expert,10,camera target,camera_target,1,14660,3663,71.64,4,3663,71.6399998664856,2.739896756502877,0.03915789904570278,4.735901482176203,2.1549711343620612,236.79529993440596,0.3358820316766794,0.0945846,0.0883782,0.0644791,0.03336941503428146,0.02850266713598867,0.02755166576220075,0.029702567073206957,3663,71.6399998664856,45.909166131918624,0.6625353881979279,61.91570569745574,30.243837144976133,3095.658533615936,0.1291643910431458,1.9334535571471798,2.0986370904079,1.02478591330236,0.04387692057267094,0.030660839458957964,0.03194374578472272,0.035026924585005996,3663,71.6399998664856,5.311712842629118,0.07604645600506545,8.306990296566095,3.7680361056972296,499.54595103635097,0.3055707263790279,0.16865249666712,0.15395488011955,0.13844542697270001,0.030336014885759665,0.02876743273818108,0.027485361218166637,0.02883945360939739,3663,71.6399998664856,52.612220150576334,0.7318896624403448,85.95790689521002,41.844783456872506,5730.532591409086,0.2785363189513927,2.1130781579301003,2.0653621972904,1.9833994005043998,0.03970720002580414,0.038911344801199364,0.038469502685263814,0.039025998668734505,30.0,100.0
DVST_XI_10-13_Nov_2025_12_10.36.46_expert_10_glove cut_1.csv,expert,10,glove cut,glove_cut,1,23620,5904,115.34,4,5904,115.33999991416931,1.9322875027660327,0.01747839727666626,3.7058682498684004,0.7698368749043132,247.05629319220205,0.23581229883110283,0.0516449,0.0662744,0.07420385,0.03027714199993004,0.03203724738612596,0.036292290348093066,0.03277390192210955,5904,115.33999991416931,33.573523307494156,0.305857617502115,19.616491026725367,9.007523990008735,1305.0528337491994,0.13145858038285618,0.8761631686790902,1.322694423022699,0.9390509387854199,0.032064563912522014,0.02701718845475536,0.033195362605831794,0.0306370986957622,5904,115.33999991416931,4.370755923283609,0.03950185938560785,7.264393517024286,1.656772733917117,483.59451501182326,0.18854819583262747,0.11571646728519999,0.1697242299872,0.09595412205126501,0.032063649467571995,0.024108647472486946,0.029197602167212244,0.028260358170678342,5904,115.33999991416931,35.009833177669776,0.3186181983456489,36.624838807929336,12.479231136166785,2438.7021654262135,0.19346095205827546,1.3974344936640002,0.8633510707126001,1.0654053780390003,0.03137396473927899,0.034852435368614196,0.027394357368888542,0.03105664591180256,28.0,93.33333333333331
DVST_XI_10-13_Nov_2025_12_10.36.46_expert_10_ring rollercoaster_1.csv,expert,10,ring rollercoaster,ring_rollercoaster,1,31988,7993,156.08,4,7993,156.08000016212463,2.183087838765902,0.014731471244190051,2.541970936213281,0.7611270694529539,169.4648906951992,0.1931931931931932,0.061375400000000004,0.068755,0.0692275,0.029756243273065176,0.0298583140462033,0.0316024139169732,0.03039400144249355,7993,156.08000016212463,26.301708661994283,0.1776430827132106,21.52843827730702,5.61274206332617,1435.1452037965842,0.05793293293293293,1.00837274743055,1.3693530534588803,0.9262263512712001,0.04467703098103424,0.03674389178026168,0.042818585922544394,0.04126994842079027,7993,156.08000016212463,3.2987620218000604,0.0221471366685504,4.242191645233421,0.9189448695573684,282.8107984799987,0.15452952952952953,0.06779745440471,0.11085419966561999,0.12604796455637002,0.026280388636309864,0.02802358070856702,0.0358338117618245,0.029772557262852106,7993,156.08000016212463,30.079353926390223,0.20165147365413436,21.45855495157422,7.431674687843184,1430.571694404431,0.14564564564564564,0.8460262998440001,1.5438264798310002,1.7961391280919998,0.03799466948721906,0.04098202510745968,0.055360592046067116,0.04417456389041051,29.0,96.66666666666669
DVST_XI_10-13_Nov_2025_12_10.36.46_expert_10_sea spikes_1.csv,expert,10,sea spikes,sea_spikes,1,31692,7923,154.86,4,7923,154.85999989509583,3.420500301604087,0.02375106964905058,3.571097888200609,1.2226148910374326,238.06729712541585,0.1675082049987377,0.04138467,0.0824289,0.078135,0.017075359947180898,0.016624665794265255,0.023462426619167333,0.018814755228025386,7923,154.85999989509583,37.025652556203,0.2538963735628254,13.9192358607161,7.961658939746347,695.7717979566219,0.030042918454935622,1.331685864664552,1.4639064052372,1.27190614233661,0.03770985209313671,0.03515003046895307,0.0368537314094252,0.03655560705947982,7923,154.85999989509583,5.2530428120306025,0.03624023512117322,5.506803049700493,1.499914717774532,367.11050333349215,0.12357990406463014,0.135203311855165,0.12810654769142998,0.14670772735086,0.02505349900054778,0.026810765827175845,0.02609763893390508,0.025977236130203148,7923,154.85999989509583,40.627672493032385,0.2796918051963466,29.668345723802393,10.934399767171962,1742.75194179926,0.11146175208280737,1.4234710016755,1.4365128396787998,1.8346186471619998,0.03519711971672609,0.039776381374708965,0.03995818146792544,0.038245414348352234,29.0,96.66666666666669
DVST_XI_10-13_Nov_2025_12_10.36.46_expert_10_suture_1.csv,expert,10,suture,suture,1,24064,6014,117.45,4,6014,117.45000004768372,2.02617532876303,0.018206400914788777,5.01987659188235,0.6109023164644781,334.6587586142862,0.13570597039747215,0.0707538,0.11024980000000001,0.1055787,0.04358998976049953,0.04265657843663427,0.05324759993188559,0.046261986095623854,6014,117.45000004768372,37.916079071258984,0.3376124428517423,14.13766968171448,7.345807382061811,941.9426514497695,0.08315316813570597,1.0555790118725101,1.7398889787408498,0.7971082915340779,0.03574231858486995,0.024192492569230836,0.031059610958439076,0.029946985787898044,6014,117.45000004768372,4.757674729097819,0.04284159077382535,11.10606463665324,1.3079990094789506,740.4050152154628,0.0794944287377349,0.15182629877901999,0.1615674649797,0.166242160887096,0.032919688028998695,0.033392531407802115,0.03444711033459891,0.03358040657306767,6014,117.45000004768372,38.94482338525128,0.34796516681633777,32.60836410104417,9.52657145968226,2173.8930132555442,0.1044403791784467,1.105498204945,1.197739171294,1.4406361902798999,0.02954679702638055,0.03240458340129005,0.03372939475005068,0.0318450400778967,30.0,85.71428571428571
DVST_XI_10-13_Nov_2025_12_10.36.46_expert_9_camera target_1.csv,expert,9,camera target,camera_target,1,13280,3318,64.84,4,3318,64.84000015258789,1.9849030779258268,0.03189139842291882,4.141908206059132,1.7976464387574689,276.10216738818906,0.36961109436237566,0.08093600000000001,0.0767001,0.0856799,0.039694426198858816,0.04195377442536725,0.040841166267264084,0.04081936404024084,3318,64.84000015258789,24.931951433713508,0.4040629192000124,60.82963849762377,18.839887054407384,4055.2327132365563,0.137473620741634,1.1871779569593477,1.91243541666853,0.9223020569741799,0.06043590485305052,0.04196992841632062,0.05326889712866993,0.051313974519062396,3318,64.84000015258789,3.2217017421732033,0.05119311226867812,4.374725987022583,2.5404940058730836,289.52316863323534,0.2556526982212843,0.12168529939418002,0.12200319481640001,0.15707120615375,0.03781980865434736,0.0429123219909986,0.04296833834187408,0.041160751977846195,3318,64.84000015258789,28.137967839724862,0.460607905620267,115.76604929924517,26.472583162009133,7717.523845445962,0.3129333735302985,2.1783202267131,1.7608952117449,1.2811776924134002,0.06960411075383177,0.059370788560190325,0.05338001745242082,0.06042205233157866,28.0,93.33333333333331
DVST_XI_10-13_Nov_2025_12_10.36.46_expert_9_glove cut_1.csv,expert,9,glove cut,glove_cut,1,20828,5206,101.68,4,5206,101.6800000667572,1.2041356334961388,0.012198384368070733,2.0477433516810155,0.5686925144428112,133.27019458302433,0.15504322766570605,0.035499646,0.06628600000000001,0.12740025,0.040285384114357586,0.05584981550360702,0.07631688539823608,0.055581461620963064,5206,101.6800000667572,15.059444682002086,0.15361154416737624,25.631152709271962,5.3549499904518765,1280.8132534660233,0.026512968299711816,0.7410071201547559,1.05635896778338,0.4582680437506,0.058750016749307056,0.03869563874294223,0.04620155482371625,0.04718191189184554,5206,101.6800000667572,3.120612151207891,0.031650874204171356,4.406781541335459,1.3507010607167862,252.25218789840025,0.11123919308357348,0.07770028000941,0.1375705960741,0.24988594670208997,0.033130981822716773,0.04465215390650292,0.05941470300473056,0.0444621251311953,5206,101.6800000667572,17.30263469612082,0.17327820694907078,38.14045199370379,8.701796833488313,1907.0130516710053,0.10547550432276658,1.1324586311268001,1.3075795751646,0.9805729972388002,0.07032876617345685,0.06090302989142271,0.06544278757239966,0.06544521455526216,29.0,96.66666666666669
DVST_XI_10-13_Nov_2025_12_10.36.46_expert_9_ring rollercoaster_1.csv,expert,9,ring rollercoaster,ring_rollercoaster,1,36312,9074,177.22,4,9074,177.22000002861023,3.0285987392657807,0.01763806054208462,4.097240201399817,0.8539781997130811,273.14960725575276,0.28094345861346853,0.06509338,0.08128679999999999,0.0956462,0.02401799155861767,0.026053167668477935,0.029114017349858613,0.026312762932347303,9074,177.22000002861023,24.537689300681535,0.14407007134394087,16.807524210373376,4.899364208037674,1119.996520786251,0.1325912046732062,0.83808787022263,1.5729600406073398,0.78002463351014,0.04679182234420713,0.032950747678873564,0.04514184871536447,0.04113437073891029,9074,177.22000002861023,4.078859775208345,0.023819137758270378,6.971141506549833,1.0010416364348227,464.7432103169856,0.2609941584922297,0.09351402749715002,0.12426102053476001,0.13479831787968802,0.026428168292979667,0.027525919918767676,0.03173006189067252,0.028472565999537715,9074,177.22000002861023,40.92439712468845,0.2417208977450782,34.484035089732735,8.661979484914918,1724.2033988151345,0.2541606965722473,1.2510719320903,1.887691241109,1.656500799212,0.03755124412718612,0.0351766659774821,0.043209477513349484,0.03850224087843375,29.0,96.66666666666669
DVST_XI_10-13_Nov_2025_12_10.36.46_expert_9_sea spikes_1.csv,expert,9,sea spikes,sea_spikes,1,28268,7066,138.08,4,7066,138.08000016212463,3.440028976086608,0.025636483200866745,4.66898106227748,1.1550085876176397,311.2657009979366,0.19391365888181175,0.050787200000000005,0.07546800000000001,0.080722,0.01799684824760243,0.018612769155396638,0.022688995890444635,0.01966108922285126,7066,138.08000016212463,26.063216690304042,0.19560980691710722,14.600514986106305,6.154140822763065,973.2508949842979,0.06383581033262561,0.85482707163344,1.1495382571826007,0.6751423918430701,0.03803407281762206,0.029148003159497702,0.03380114319587176,0.033463472847231196,7066,138.08000016212463,3.9217336552168405,0.02924807161852663,3.15429149682343,1.145478870532317,205.8202856632721,0.1762208067940552,0.09110415912636001,0.08714912104934999,0.1246306068842,0.022720742120241045,0.027170858560287107,0.02657454059189328,0.025409564005611177,7066,138.08000016212463,28.011910292989835,0.21085263785642966,26.169952756597972,8.739877884927617,1744.6513156927585,0.16928520877565464,1.0197455049995,1.35368873517819,0.8917095117599001,0.04194329842279791,0.03404198473003152,0.039221877614534224,0.03825914652996069,29.0,96.66666666666669
DVST_XI_10-13_Nov_2025_12_10.36.46_expert_9_suture_1.csv,expert,9,suture,suture,1,25732,6429,125.52,4,6429,125.51999998092651,2.3596767391378606,0.019440026128891005,3.2077234797571283,0.5796932515460043,167.00882371243208,0.15043559427504666,0.0753785,0.0639712,0.0743513,0.029428185352469865,0.03172601441447532,0.02922698525675544,0.03010608893032489,6429,125.51999998092651,44.622348429012476,0.37164137983611867,13.242007989463023,7.168620523212085,661.7663408344551,0.08369632856253889,1.0202674236543512,1.5542008828604739,1.40911194479557,0.02822007494097335,0.026870598220486347,0.03316453411257546,0.029297898241394373,6429,125.51999998092651,6.750995878139891,0.05589912739659927,6.51309228883401,1.4541387060712145,331.34321878068533,0.1246110765401369,0.15138774863871002,0.20521291623078003,0.19631107029615003,0.02610837659235481,0.025535826434679037,0.029730820757904015,0.02706318429146371,6429,125.51999998092651,38.24913426168375,0.3168706321757396,24.376889433649513,8.167592149010998,1273.1462287931067,0.12009956440572496,1.58806184644,1.1524099753530002,1.0567544305957002,0.03536841523654672,0.03386874739101256,0.028851535623229483,0.032573259787483946,28.0,93.33333333333331
DVST_XI_11-14_Aug_2025_13_11.33.24_expert_7_camera target_1.csv,expert,7,camera target,camera_target,1,20160,5037,98.4,4,5037,98.40000009536743,2.8914352319102004,0.030677509484392174,4.914555158908491,1.752861833299109,317.1638184304274,0.36973788721207307,0.13101600000000002,0.1183821,0.07496058,0.04307167084322881,0.03427402968567289,0.032579620442369374,0.03636645510929763,5037,98.40000009536743,47.38120459017391,0.517696301597504,112.41899625176183,23.814852166685412,7494.394427292097,0.050635424940428914,1.26389818887446,1.641968544958416,0.8942529318911,0.030404114862064655,0.022437792856912546,0.025574461926707363,0.02593619929680599,5037,98.40000009536743,6.5148574792400975,0.0706939681168305,20.05716517401483,3.6218541372377704,1337.1456201357573,0.3107625099285147,0.2182058989736,0.23077722657792002,0.158624434289,0.034444889752869544,0.02855705166616913,0.02936815060376587,0.030683501732529646,5037,98.40000009536743,59.89856654808639,0.6573378131850316,199.5887944198033,39.32864943648296,13305.932317512794,0.2982525814138205,2.178425816854,2.09791734877785,1.9271431290571999,0.03569021346864169,0.03420676025559843,0.033568717046681566,0.03447719651206188,28.0,93.33333333333331
DVST_XI_11-14_Aug_2025_13_11.33.24_expert_7_suture_1.csv,expert,7,suture,suture,1,36712,9178,179.07,4,9178,179.0699999332428,2.915982083172147,0.01689771827296794,3.2714367158135698,0.3757478521569016,163.57199178508594,0.07976462896371363,0.09766630000000001,0.0928345,0.0682642,0.032654438301118464,0.02800167553003138,0.027300232937887484,0.02922565117480147,9178,179.0699999332428,75.43853223685018,0.4405048598286515,16.27413985437302,8.852829668451704,813.4704165833706,0.02103083796447641,1.1063175378927579,1.76876017541022,1.4510424009228837,0.018543048925977457,0.016795259565768616,0.021236419573660327,0.018770811733302792,9178,179.0699999332428,11.437053604474901,0.06669040193051144,3.902814676860879,1.2893179061457911,195.13975681922946,0.04772801569140242,0.19775435898830002,0.23577250338683,0.181984469235966,0.018879715837913754,0.016586931043030415,0.018111298313859374,0.017833518042653537,9178,179.0699999332428,89.02403401498663,0.5185515288425082,23.97421393234079,12.327464741901151,1198.7046949541666,0.05557371690094802,1.672717722762,1.398635405205,1.7279990010336,0.01718131175484953,0.019097468519497836,0.017462914695737894,0.017894364707153037,29.0,82.85714285714286
DVST_XI_11-14_Aug_2025_14_10.45.28_expert_8_camera target_1.csv,expert,8,camera target,camera_target,1,20848,5211,101.83,4,5211,101.83000016212463,2.895388113938463,0.03251142090445708,8.511242625316482,2.3800388505663004,567.4167161518477,0.4214971209213052,0.1797662,0.181419,0.0850411,0.062371848630112504,0.04270332251233614,0.042899184030882706,0.048525099896268575,5211,101.83000016212463,34.837457360113035,0.38678522025935597,82.39551792891437,23.560112236924947,5492.719583300495,0.23358925143953935,1.32172075620643,1.7591472689473502,0.83832248958049,0.04376979415160745,0.030215442825082928,0.03485862140770555,0.03585677492037265,5211,101.83000016212463,6.776498181563953,0.07371590105355173,15.697829517826092,4.044916969499501,1046.5229658971468,0.2834932821497121,0.23701644878919997,0.26410387064798,0.19050940757214002,0.03692081680056842,0.03135755051284201,0.03310093566901038,0.03371459137746687,5211,101.83000016212463,35.17628429245577,0.39686179232296376,117.68991523356307,30.042516688315985,7846.001831434638,0.38157389635316696,1.3976646136906,1.38044053271472,1.2350498949111999,0.039487566803166695,0.03735027242769349,0.03711941646461751,0.03797097619807737,28.0,93.33333333333331
DVST_XI_11-14_Aug_2025_14_10.45.28_expert_8_suture_1.csv,expert,8,suture,suture,1,20704,5173,101.04,4,5173,101.03999996185303,2.04391530642378,0.021050505037172415,2.0138410800722473,0.48347195505230145,117.705465674026,0.03692962103634957,0.07324531999999999,0.0626212,0.042492100000000005,0.033135058158153055,0.027294877013970004,0.025237823236441376,0.028366576467893673,5173,101.03999996185303,52.32213178604121,0.5403110110219442,10.08921115990472,9.755051319674381,672.4411016966851,0.01082753286929621,0.641039831703232,1.0816068921152,1.47891125942496,0.0159144560978648,0.01860921850077825,0.024172432175169185,0.019272886420211806,5173,101.03999996185303,7.104683185471064,0.0732436542334949,3.0680867849605105,1.328643366159311,153.40332119303835,0.02822892498066512,0.11396857593675,0.10598226969133,0.182114721762132,0.015469078821593742,0.020277778353776175,0.019554396582180413,0.018305281602218636,5173,101.03999996185303,39.625121409349376,0.41083552718207467,9.610779541267531,8.643231250769736,640.7135814700408,0.025135344160866203,0.8406867051695999,0.6958507490912,1.286387510519,0.019302098760105035,0.02624414274495393,0.023876647680831278,0.022954619167093494,29.0,82.85714285714286
DVST_XI_14-16_Feb_2024_14_09.13.16_trainee_1_camera target_1.csv,trainee,1,camera target,camera_target,1,39912,9976,194.73,4,9976,194.7300000190735,2.5009989507522095,0.013584103657054467,4.58074124019293,0.637593252152933,305.38304058215783,0.5283208020050125,0.08637215000000001,0.0643171,0.10995139999999999,0.029801394239377693,0.03896491537874851,0.033624055927450235,0.03392502214624383,9976,194.7300000190735,27.574769318811967,0.1492477019119006,57.5047532412783,6.525939612522411,3833.4812757518407,0.3519799498746867,0.8032587023841,1.4705569241744803,0.5600774197942902,0.03941456627698304,0.02432427269994765,0.03291190829026678,0.0315997194290506,9976,194.7300000190735,5.199769723874622,0.02806754276145891,5.632835108630227,1.0780176209614423,375.5226987017014,0.5081704260651629,0.20613593911632,0.15743126534231,0.16379088282411003,0.03464481448742132,0.03533764544446687,0.030882058686213996,0.03356299418571392,9976,194.7300000190735,6.297178842130393,0.03413544487420963,11.81530291987412,1.6333985431124367,787.6876125223868,0.5241102756892231,0.35530854204868,0.28680134037032,0.25983486544848,0.050692928985204944,0.04825091011860793,0.04335041641356077,0.047331331578345924,17.0,56.66666666666666
DVST_XI_14-16_Feb_2024_14_09.13.16_trainee_1_glove cut_1.csv,trainee,1,glove cut,glove_cut,1,116052,29010,566.17,4,29010,566.170000076294,1.8838745954817746,0.0034391676789148977,1.5302168746214244,0.1207359673697391,84.11876328384592,0.24433796408011307,0.04667972,0.0392809,0.05613130000000001,0.02273017851042255,0.027171566794825387,0.02492535058624612,0.024876327628611365,29010,566.170000076294,29.630987540044792,0.05439844767898639,4.884116506323418,1.2965685474864526,244.05352419475605,0.04770933158674894,0.6852333579901999,1.2702742294970402,0.8566118885685,0.03148631719727767,0.02585622815255122,0.03520421515957718,0.030602758004918292,29010,566.170000076294,5.956474051228916,0.010925063107154614,2.2166700432334396,0.2622763491487316,138.59362905608248,0.05212175531731532,0.0878964722095,0.18775566962088,0.1427904033718,0.021567161888717136,0.018808145611212152,0.027488863589352933,0.02234079315476228,29010,566.170000076294,8.203551674513331,0.01504717325991825,1.8611912595264202,0.40543781751144203,123.91499857677904,0.20890068599400186,0.26607120730415,0.19272651524408002,0.26216715234645005,0.02760372908914408,0.03219483179654099,0.027400466366432858,0.02898482108120963,0.0,0.0
DVST_XI_14-16_Feb_2024_14_09.13.16_trainee_1_ring rollercoaster_1.csv,trainee,1,ring rollercoaster,ring_rollercoaster,1,26596,6649,129.97,4,6649,129.97000002861023,0.5992035964083617,0.004930105299359438,2.4334114276337884,0.2125296400182406,162.22758322119876,0.5186522262334536,0.057328699999999996,0.048875,0.0592419,0.08833951706668286,0.09725817699242022,0.08980147358784954,0.09171806202007957,6649,129.97000002861023,6.7634822794505425,0.054894504889965945,5.693882606193374,1.4802941277703696,379.4588286925026,0.38282190132370636,0.6280014324318001,1.1912412152565,0.7245523585582,0.12788211672183242,0.09973436982736264,0.13736129806006556,0.120551610527248,6649,129.97000002861023,1.3191182195416287,0.01069946445296483,1.9112419018239712,0.32221442626952096,127.41624830186825,0.47653429602888087,0.10179216105321,0.18339068166880002,0.12272865257589999,0.10357670256994632,0.08473179982626503,0.1137307483106128,0.09993757408228034,6649,129.97000002861023,1.8416053328903748,0.014990118933317798,3.098753111383952,0.502296413068873,206.58373777253504,0.4963898916967509,0.19550779351281,0.09539574266306598,0.1714447741278,0.0741566273677743,0.09941401162992912,0.06944325330668583,0.0799974006846386,0.0,0.0
DVST_XI_14-16_Feb_2024_14_09.13.16_trainee_1_sea spikes_1.csv,trainee,1,sea spikes,sea_spikes,1,77768,19439,379.54,4,19439,379.539999961853,5.016479060792354,0.01390220999751394,3.2820287137533195,0.5596586820751283,218.8021229161863,0.2961210001028912,0.06432855,0.08050260000000001,0.07321100000000001,0.014345240407706315,0.013680155905268901,0.015303618093825432,0.014427718680957128,19439,379.539999961853,67.97942360012192,0.1871838769372035,8.851940445485424,4.505673998193246,491.9275212145559,0.13494186644716535,1.062312890627027,1.3008144219490598,1.212284699913029,0.01729244565445816,0.016693640623099967,0.018472790535721994,0.017470821573927826,19439,379.539999961853,14.274148530750814,0.03938750007151879,5.378421127166226,1.2931740796849545,358.56175042888066,0.24328634633192717,0.153231265248151,0.266003221152052,0.20887100047992,0.014143826821153827,0.012533216903870019,0.016513240644062413,0.01430498033929726,19439,379.539999961853,16.47882902855091,0.04535054901731619,5.924675286278322,1.507465647941164,394.9787290996242,0.27214734026134374,0.27270611930856803,0.37115171395004,0.27058504970349995,0.019306201248962138,0.01648439423724492,0.019230974236519906,0.018291824918001645,0.0,0.0
DVST_XI_14-16_Feb_2024_14_09.13.16_trainee_1_suture_1.csv,trainee,1,suture,suture,1,68540,17132,334.63,4,17132,334.62999987602234,3.24909293905517,0.0100083925995235,1.892558748559022,0.2656059820793435,94.6280276722707,0.23349483392679937,0.0655325,0.0541059,0.09631790000000001,0.018326880434137872,0.024452301177501825,0.022218446035958076,0.021513314258122262,17132,334.62999987602234,58.90717822978814,0.183592501677935,9.123512728798547,3.827135262401286,466.71617969428877,0.13420115579942793,1.00585696331269,1.5254394565090301,1.13801072494035,0.021027971584583322,0.018162393102920386,0.022366727445037878,0.02044204309095175,17132,334.62999987602234,9.240463488256342,0.028681591869009596,3.2654475726606242,0.6216617195899656,163.2725343418538,0.1895978051485611,0.16283269140512002,0.18145861605746638,0.23547322390443998,0.018602265666405556,0.021190822327320932,0.022369990863511265,0.020659817767079456,17132,334.62999987602234,11.757682923396725,0.036526633637300694,3.3224433693222744,0.9216149638078693,166.12232689271025,0.2212363551456424,0.2677184282708,0.23515327670279002,0.20108382173633998,0.021339925875860248,0.019733583358237203,0.01849448909629022,0.019821981504583905,19.0,54.285714285714285
DVST_XI_14-16_Feb_2024_14_09.13.16_trainee_2_camera target_1.csv,trainee,2,camera target,camera_target,1,110896,27722,541.34,4,27722,541.3399999141693,5.235250989766711,0.010324518510699,4.541314619164824,0.38201404394111255,302.7538966722695,0.5345045272537066,0.08924280000000001,0.07392309999999999,0.0800363,0.015514549587120736,0.01614331005416751,0.014692512863070046,0.015438648511516162,27722,541.3399999141693,105.0790602601958,0.2037948850258388,41.839012278075145,6.04648850469873,2091.823640928328,0.45802820966054614,1.64299827346187,1.7132911336590397,1.2822030885373779,0.015966802636469275,0.013812770075617294,0.01410515337411343,0.014597960501205884,27722,541.3399999141693,19.020025161148673,0.03709452338259194,8.011100620382503,1.0744157122009437,466.324297168508,0.4913603405360557,0.21984933502955,0.3047840255818,0.21809456554418,0.013609669897407767,0.011512613188262492,0.013555246992447811,0.012854138646975544,27722,541.3399999141693,24.095172971641322,0.046763985937574366,11.666092472077567,1.6185670676842858,583.3051798870471,0.526207568269543,0.34043860947337,0.3686498957273,0.33535609614664996,0.014702676896977103,0.01402304921975729,0.014592513779921797,0.01443631427407942,17.0,56.66666666666666
DVST_XI_14-16_Feb_2024_14_09.13.16_trainee_2_glove cut_1.csv,trainee,2,glove cut,glove_cut,1,47364,11835,230.98,4,11835,230.9800000190735,1.4192717107396593,0.006493271305676686,2.8683591728076054,0.2171939923777806,191.22412721937917,0.2226635119148217,0.050654,0.0443933,0.0526387,0.033411812955421775,0.03638261444873101,0.0340600864576029,0.03459499168602728,11835,230.9800000190735,31.52754047723604,0.14352386397394468,9.903609309189223,3.2022470135053935,659.5078012939381,0.10596586107824911,0.8091677512606799,1.3581929804977801,0.72664132199282,0.03325139973257252,0.024321437315121725,0.03151016624670236,0.02942726866893782,11835,230.9800000190735,3.964555068070431,0.01804179193764599,3.667611417465828,0.4761744270495232,244.50766101173167,0.12286631739056955,0.072861958605726,0.1274417769856,0.09679533136364,0.02430590942925631,0.02118279052376085,0.028014873130481642,0.02434227898900406,11835,230.9800000190735,6.138389247991959,0.027834507380437707,3.6317752933870056,0.6939744902450483,242.11858379474194,0.194355247591685,0.2578696152969,0.10611448381105101,0.22976694278470003,0.02694840059307858,0.039654222084292284,0.025437632062071044,0.030067665039575572,13.0,43.333333333333336
DVST_XI_14-16_Feb_2024_14_09.13.16_trainee_2_ring rollercoaster_1.csv,trainee,2,ring rollercoaster,ring_rollercoaster,1,65364,16338,318.87,4,16338,318.87000012397766,2.1329916853415725,0.006940684385136457,2.4956743051540076,0.22415587290717728,166.3514971191422,0.3619391565158842,0.0795194,0.06823989999999999,0.0833699,0.03453556580845733,0.03817262492150354,0.03536182484274356,0.035990213509652175,16338,318.87000012397766,35.95740131740551,0.11826246124587413,8.68488933848077,2.902215153290225,510.20909484912823,0.2536573422292955,1.34036855109404,1.5135100082827,1.0464604061514002,0.03961106015538668,0.03293708935667511,0.034999815246431705,0.03574284726426527,16338,318.87000012397766,5.073713182384674,0.016643592439578362,2.1131661842019467,0.40596235341765086,139.07247434485123,0.29681091999755155,0.17507018518929,0.17639534587584,0.15373555286114,0.03463568201814186,0.0323345886008519,0.03245673317834698,0.033125717686336945,16338,318.87000012397766,7.426836602311451,0.02445929322685466,3.1319431541043694,0.6942940398208115,208.78263417033787,0.3313949929607639,0.27920096289139995,0.32401269169842,0.2871062115936,0.04049818852503504,0.0381220179108754,0.04106751611300277,0.03987523954240103,14.0,46.66666666666666
DVST_XI_14-16_Feb_2024_14_09.13.16_trainee_2_sea spikes_1.csv,trainee,2,sea spikes,sea_spikes,1,19888,4971,97.2,4,4971,97.20000004768372,0.6276673676649267,0.0067088348711548855,1.3957666126369423,0.2493544044744985,71.73916708293116,0.3579476861167002,0.019596300000000004,0.053957200000000004,0.05511069999999999,0.05180625415014545,0.05235708427921653,0.08687866037892128,0.06176705857553312,4971,97.20000004768372,9.278463280096386,0.1003534738930645,9.704087386749848,2.6689688258281605,485.0235105136267,0.20462776659959758,0.6073880742274,0.7637999528368999,0.59622558995761,0.07340859136908265,0.06485782534811531,0.0727309175043181,0.07022247193713493,4971,97.20000004768372,2.142888649001955,0.02296367320429137,2.769869606145338,0.6744746796750785,138.49361238506802,0.23843058350100604,0.0744645979433,0.1238091661748,0.08721610944142,0.044807603794146014,0.03760743165619761,0.048492564243233276,0.04339438269882123,4971,97.20000004768372,2.608915367389964,0.028178088754253827,3.398412338765855,0.907957573598803,169.92077898737548,0.3301810865191147,0.14300575415473998,0.3628158107714,0.2456010427935,0.08730917160537423,0.07183430075110686,0.11441901758303369,0.0895289140951687,15.0,50.0
DVST_XI_14-16_Feb_2024_14_09.13.16_trainee_2_suture_1.csv,trainee,2,suture,suture,1,9612,2402,46.88,4,2402,46.88000011444092,0.28761733578217547,0.006700801238079966,2.36502970727515,0.34330546853636096,157.66879751635935,0.6834652228238234,0.012909770000000001,0.03175053,0.023957600000000003,0.0703914129884098,0.06114568972395203,0.09589193566261026,0.07445420067923611,2402,46.88000011444092,4.456457174595241,0.1005051000276514,4.45223884279267,2.544989630277842,296.59006834339704,0.6039150354019158,0.45514659851530004,0.7524513307638001,0.6487106582414401,0.13131826030715738,0.12193024037949798,0.15677434196976137,0.13590554580674055,2402,46.88000011444092,0.7520849181316286,0.017450860861950763,4.421048209312821,0.6741427663268373,294.7368283704647,0.605164514785506,0.0502631540151,0.053964134707877004,0.07775474799850002,0.06924853622771404,0.08312304573742613,0.08612895704289493,0.07914565506801528,2402,46.88000011444092,1.0877843105588598,0.02497731189164853,4.022620237176473,0.8631817602729965,268.17493822998244,0.6780508121615993,0.16309460673924,0.17767341088420002,0.21349294615,0.15649059048756042,0.17154133065358612,0.17904417427612093,0.16876112019998518,19.0,54.285714285714285
DVST_XI_14-16_Feb_2024_14_09.13.16_trainee_3_camera target_1.csv,trainee,3,camera target,camera_target,1,53640,13404,262.58,4,13404,262.57999992370605,5.212166092835358,0.020878617541293113,3.091468087975739,0.6556420704051226,206.0119452873269,0.33365664403491757,0.110958,0.1240681,0.115758,0.02251081034764314,0.02174385637344963,0.022992559890621458,0.02240981865086584,13404,262.57999992370605,86.13944617983813,0.3442755268318922,47.92375887919645,10.530255981061641,2396.1518442962206,0.22062224875027978,0.69486208621115,1.459455019333845,0.9476182525398,0.011690755828431076,0.00942028281594407,0.01365243101311443,0.011456153938190498,13404,262.57999992370605,13.118620333200267,0.05245743316506172,5.253044856753331,1.4510672361197714,289.3955622093901,0.27575915839737375,0.165498498917,0.23813669500884,0.14871246465170002,0.01513289529543186,0.011958660919379301,0.014344938258545081,0.013743618377365102,13404,262.57999992370605,16.62015808337992,0.06634790638626994,11.979298688844946,2.5492281706972837,798.4851927927764,0.3199283742445721,0.40011401391690005,0.3796058232183189,0.2636998876064,0.023448937228937136,0.019543921222997553,0.019036462824215634,0.020586082433962732,15.0,50.0
DVST_XI_14-16_Feb_2024_14_09.13.16_trainee_3_glove cut_1.csv,trainee,3,glove cut,glove_cut,1,47388,11846,231.21,4,11846,231.21000003814697,2.106173827367864,0.009606795585876004,2.3567963914117382,0.26184536190993474,157.11943786325133,0.1118615449556775,0.054843960000000004,0.0619102,0.0724323,0.027666313546585435,0.029925149519620546,0.0317945754163877,0.029747254186355362,11846,231.21000003814697,30.243845280654874,0.13819650353453938,12.675567703770914,3.6963722078012418,840.6038465578814,0.07851414098775855,0.70299117915795,1.4815803176048,0.83343694187699,0.0337443082886546,0.025308960235223377,0.03674193001078341,0.031541252349195116,11846,231.21000003814697,5.590523610053625,0.02540790799844098,3.6959301289545596,0.6092689298640025,246.39557691143736,0.08628113127902068,0.12013622233107199,0.1450596731109,0.12133770902504001,0.023613363196175456,0.021596451343338933,0.023731148483739032,0.02295900166983757,11846,231.21000003814697,6.397687043463131,0.029176123349609805,3.6453101493334104,0.8581529286692343,243.02090838502605,0.10426340227944281,0.2647657629109,0.29806450438410004,0.24716193374533998,0.04390996096375115,0.03998514848143362,0.04242510545502363,0.04207539788188084,17.0,56.66666666666666
DVST_XI_14-16_Feb_2024_14_09.13.16_trainee_3_ring rollercoaster_1.csv,trainee,3,ring rollercoaster,ring_rollercoaster,1,58804,14701,286.85,4,14701,286.85000014305115,2.5360313537273647,0.0092960593781582,2.5233383560469975,0.22218668694979007,168.22271749948496,0.22666666666666666,0.1618928,0.0850258,0.0942688,0.04626307671906318,0.04871280500185468,0.035302440867393405,0.04300914358370738,14701,286.85000014305115,46.056319512675415,0.16828695341561237,11.193685084917783,3.7964315422122836,559.577827651029,0.15149659863945578,1.2039505884163,1.5545708426115499,1.27078280640776,0.0297043710521529,0.026856583708768526,0.03051769263991146,0.028982840120828614,14701,286.85000014305115,11.022606662169814,0.04027567567645761,5.062099137571328,0.9504338257430947,337.47359767799105,0.11054421768707483,0.33754887458300004,0.3547235672562,0.31000196552869996,0.03139272703236188,0.029347171218853604,0.03008450951239925,0.03026305322308138,14701,286.85000014305115,12.099232493129954,0.04412667113766422,5.4080165386910615,1.1503667448244688,360.534779745497,0.1945578231292517,0.35455537295320005,0.36159573945100004,0.28567652143,0.029593468247627586,0.0263039813556063,0.02656385523740222,0.027447501632610373,12.0,40.0
DVST_XI_14-16_Feb_2024_14_09.13.16_trainee_3_sea spikes_1.csv,trainee,3,sea spikes,sea_spikes,1,62592,15647,305.42,4,15647,305.42000007629395,6.345647770363266,0.021716892710041964,3.8733705820613467,0.6978262664898112,258.2248850664669,0.1827943244279688,0.1093951,0.0811595,0.10247479999999999,0.014848844329962758,0.016685203680564007,0.014371505292745248,0.01527010917184325,15647,305.42000007629395,90.88971883992659,0.3126253673192194,20.008596677833868,7.567090812939767,1000.112317959691,0.1319826153649495,1.540193533085906,1.3915589622672,1.213506655575208,0.016107335109119915,0.015041597706110587,0.014297401976360471,0.015130673631852078,15647,305.42000007629395,19.36256819833316,0.06634313295101152,5.573942145920634,1.8818745109590753,371.59568151921377,0.13306915505560526,0.24842323580561998,0.25868612869868,0.232292477511445,0.013092413628310097,0.012406541131954938,0.012660217980664072,0.012716586220119555,15647,305.42000007629395,19.047687982064485,0.06515123465784596,6.217565780224319,1.9698712243421934,408.60608884698166,0.1755081170906302,0.2515836405259,0.32755257578064,0.26503826032489997,0.015070908731300304,0.013556675991822677,0.01546865406824474,0.01467512225097858,15.0,50.0
DVST_XI_14-16_Feb_2024_14_09.13.16_trainee_3_suture_1.csv,trainee,3,suture,suture,1,58236,14559,284.07,4,14559,284.0699999332428,2.4639411377261915,0.0090190494740041,2.0950335693955178,0.20101584072229595,104.75177836885652,0.3956587443330128,0.0807882,0.0672097,0.05967690000000002,0.029906088616591393,0.02818037479947451,0.025703293620317726,0.02787608110346504,14559,284.0699999332428,56.92737636541542,0.20989086300573925,9.063537642350772,4.452101867644937,364.71537141960926,0.3806154691578513,0.6662734771839597,1.4558287359934001,1.27766523927918,0.017300563053707755,0.016207410557515015,0.02395755614759209,0.01886856165524132,14559,284.0699999332428,9.048765074242343,0.033285386325034944,3.590359348523597,0.6837365742414381,179.518138628018,0.3889270504190136,0.15486316995326,0.16177474071327202,0.17964956459026,0.01749202605082389,0.01843307727489255,0.018839923177729923,0.01824619711450524,14559,284.0699999332428,10.638239081278808,0.039077040190367764,3.2583189182928427,1.056921295534191,162.91610128354367,0.3938727847231763,0.29499162886724,0.19318083626394,0.16953723915109994,0.022439703826616544,0.021021691235714207,0.01701158689341449,0.02002057441486141,19.0,54.285714285714285
DVST_XI_14-16_Feb_2024_14_09.13.16_trainee_4_camera target_1.csv,trainee,4,camera target,camera_target,1,75704,18922,370.45,4,18922,370.4500000476837,4.998483657903478,0.014251137188122613,3.2233233492814466,0.5694976628751571,214.88842821900465,0.4378732625125522,0.11963939999999999,0.0823149,0.09944930000000002,0.019853544977181226,0.021822258796938606,0.018100968649529883,0.019867651225129138,18922,370.4500000476837,70.44546867645022,0.20120089544900527,109.44118584417203,8.11536361682569,7296.0040601560495,0.2470271127318852,1.1817743282434,1.85913547809549,1.0266281786108917,0.02104116258834547,0.01563582507574973,0.019611420272484543,0.018616578274999986,18922,370.4500000476837,11.811895014422722,0.03369146819113646,12.37590865163026,1.2472690131069593,825.0613636151826,0.38037101633106074,0.21057625334558,0.20301827211598,0.222160801130742,0.01750461980606773,0.018311285556537105,0.017979669394186496,0.017928793832444143,18922,370.4500000476837,14.233256404789273,0.040791063786666325,29.992023837505897,1.8487899736331725,1999.470162677067,0.4313196976903969,0.3834177646379,0.30995757234699994,0.24145694910411997,0.024220492385582777,0.021377243140916852,0.019220589647716124,0.02150967212775215,16.0,53.333333333333336
DVST_XI_14-16_Feb_2024_14_09.13.16_trainee_4_glove cut_1.csv,trainee,4,glove cut,glove_cut,1,59188,14796,288.65,4,14796,288.65000009536743,1.617479832230401,0.005946201900188303,3.8644272014549377,0.16311069358461358,257.566441022768,0.25833051706657656,0.06504750000000001,0.0556779,0.0766214,0.03720641740127991,0.04364670588290252,0.04038104842900961,0.040325736268717556,14796,288.65000009536743,21.59428021815045,0.07841057374871005,18.416714721944107,1.931649682867717,1227.7273993306587,0.07975667455221358,0.7334945634449199,1.1411004289492999,0.6537662791338,0.04236640868060564,0.03206793355210145,0.03999764851982642,0.0378770105861606,14796,288.65000009536743,4.3969417572790555,0.015879017390878512,4.3894957638714125,0.33617525512085145,219.47368933486223,0.05562690098006083,0.11989499115327001,0.14344941912758,0.1421894198477,0.029826287795435506,0.029695008108335922,0.03248121941326955,0.030641145175523687,14796,288.65000009536743,5.567829128789764,0.020362379927924695,6.272689092832298,0.5619554888617803,418.17967166269904,0.24954376478540047,0.247747836303514,0.19176318983233998,0.15881889649411998,0.0391472860288109,0.03562625101035356,0.03134352311102791,0.035226800334191885,23.0,76.66666666666667
DVST_XI_14-16_Feb_2024_14_09.13.16_trainee_4_ring rollercoaster_1.csv,trainee,4,ring rollercoaster,ring_rollercoaster,1,57660,14413,281.27,4,14413,281.2699999809265,1.7314598044070115,0.006374264696124041,2.3195106218791177,0.16393634010479954,115.9756416969467,0.4640577296697197,0.1270521,0.07415179999999999,0.1076569,0.056058227128993006,0.06754597034268074,0.05160233692026365,0.05802779364277777,14413,281.2699999809265,30.989831109086005,0.1147224362720518,10.839676214488517,2.357181046982223,437.23666118820876,0.3102969747432695,1.0146172314052002,1.5116936720896101,1.2263044045659002,0.03996352653366195,0.0359940778422477,0.04393512154946759,0.03983231639374401,14413,281.2699999809265,5.97469407671494,0.02214775624015141,3.489736648345884,0.44870362978735573,174.4869988210635,0.25152650568970303,0.23485591937577,0.24735466116076,0.2778846575372,0.04034085808127337,0.04275799844053847,0.043881014644842876,0.04230058627626656,14413,281.2699999809265,7.346325920818155,0.02717505910679998,3.450049526628556,0.6009193218493978,172.50264084276589,0.48820427421593116,0.42995751578920005,0.297062516165,0.22333416299268,0.048648170010872176,0.042181319511498935,0.03506156653950765,0.04159163519655546,14.0,46.66666666666666
DVST_XI_14-16_Feb_2024_14_09.13.16_trainee_4_sea spikes_1.csv,trainee,4,sea spikes,sea_spikes,1,70352,17586,343.24,4,17586,343.24000000953674,4.717298436232559,0.01423964039696834,3.679119278227963,0.44057419179726554,245.15195208631235,0.18447540517486494,0.08186866,0.1046688,0.09902879999999999,0.01962339343222442,0.019087376796452643,0.021582215682700377,0.02006960363445009,17586,343.24000000953674,71.43021125320087,0.21787518124760016,10.301414844424526,4.453396077686832,685.699463832905,0.0903611032129656,0.9586703174461798,1.8055333875885,1.3696849984975,0.01841855128807574,0.016042167827829253,0.022015632998380174,0.018667374203912294,17586,343.24000000953674,15.775339003897162,0.047853921237168064,7.118803998190859,1.2026335407743804,474.5873858145246,0.15604208131930622,0.18464860554339996,0.2690449318163,0.2923057093153,0.014128847025829075,0.014726955155730118,0.01777674963556718,0.015465264346936217,17586,343.24000000953674,17.81625942557539,0.05419631118336196,5.327235875003741,1.3598103305910074,355.0088863704998,0.17696900767699744,0.29931666008870006,0.2970310319306,0.308547909715,0.016735929178025213,0.017057297401989243,0.016992046520598533,0.016927854331019992,18.0,60.0
DVST_XI_14-16_Feb_2024_14_09.13.16_trainee_4_suture_1.csv,trainee,4,suture,suture,1,51980,12994,253.7,4,12994,253.70000004768372,3.394482765712632,0.01403308002741005,3.3548196550756066,0.3198598013665569,223.65485696559995,0.2169629800661895,0.11386660000000001,0.0716084,0.07889380000000001,0.026601526171705525,0.027921966768155202,0.022142661166424698,0.025430845022344873,12994,253.70000004768372,52.04336582428951,0.21484890551197375,11.066217538720464,4.218562476948255,733.0317877740302,0.17332409759101056,0.74770178303884,1.4938546292250001,1.3572673697258002,0.020307338153217044,0.01935670967070721,0.027360340421316007,0.02207337176385178,12994,253.70000004768372,9.489210938929501,0.0392710904048999,5.324636645425716,0.7751831597470149,354.97611489331814,0.19525898560763488,0.171647702554495,0.22405541060914996,0.20499237043873994,0.020666484878029644,0.019767773004111734,0.022584811277723094,0.020973952266605964,12994,253.70000004768372,13.012789301133168,0.0536229939635846,5.615011049220571,1.2119760746287587,374.3344269411668,0.2168860155468329,0.272303318874,0.283668220409708,0.3035308552917,0.02135804078476384,0.022093142423886897,0.022549471468722136,0.0219947192884995,18.0,51.42857142857142
DVST_XI_14-16_Feb_2024_14_09.13.16_trainee_5_camera target_1.csv,trainee,5,camera target,camera_target,1,127308,31816,621.37,4,31816,621.3699998855591,7.3834264938885985,0.012348724035300237,2.733256051498098,0.4273261759001151,182.2172438757787,0.4892032060348892,0.190393,0.1762959,0.12465679999999998,0.024813534982576824,0.020865342598456283,0.020078031795128064,0.021824540007104827,31816,621.3699998855591,109.84258602513852,0.1846579740151618,27.664055073379366,4.930365082003022,1382.9075155505868,0.40286028602860285,1.45840946531545,1.7591391145550699,0.9045447103424669,0.014582066714209573,0.010456443793569378,0.011484031176300523,0.012053110839948233,31816,621.3699998855591,20.490757953269604,0.034422290465184656,8.28240884323427,0.9721568202229143,552.1611161308264,0.33782806852113784,0.39256914493265005,0.3382002228808,0.2516852972906,0.017782261907181747,0.015340127906908495,0.014238290337485257,0.01571898897246081,31816,621.3699998855591,21.913301833204535,0.03674347443338172,11.53671528517816,1.2924654358466916,769.1150858305143,0.47923935250667926,0.36904637675929997,0.434677780375,0.3068512588447,0.018277482323161225,0.015356654266168135,0.01666632529900686,0.016724415344783545,7.0,23.33333333333333
DVST_XI_14-16_Feb_2024_14_09.13.16_trainee_5_glove cut_1.csv,trainee,5,glove cut,glove_cut,1,91156,22788,444.89,4,22788,444.8899998664856,2.9614280772921555,0.006970154753957583,1.464920273894736,0.18810941618231716,97.6209240819995,0.262035371044894,0.06344975,0.0691065,0.1082927,0.02236007299790021,0.027990674179420857,0.02921176850624428,0.026343985304572926,22788,444.8899998664856,63.46229117990261,0.15003423813023298,53.92825407466267,4.0551095341784595,2690.1850705459888,0.13626190371703165,1.111177071703301,1.14378087489923,1.0775139199537602,0.017764267470876657,0.017241987782681843,0.01749311344127185,0.017498490377928652,22788,444.8899998664856,7.446421439057104,0.017532685961927166,2.6928523819272616,0.45735539432617955,151.2632343023753,0.14815464958090138,0.1421483049934,0.1176934281512,0.23288981662379996,0.017369980754838105,0.024434220019456825,0.022233290576734906,0.021131671647499,22788,444.8899998664856,13.192101320055405,0.03124621375021115,11.648971976006592,1.1368741341051471,582.4491542671286,0.23482687497257207,0.2650018963311,0.2533906553589,0.31992044004175,0.019642909242717523,0.02207148260329281,0.021582528020993263,0.021072361599840852,11.0,36.66666666666666
DVST_XI_14-16_Feb_2024_14_09.13.16_trainee_5_ring rollercoaster_1.csv,trainee,5,ring rollercoaster,ring_rollercoaster,1,128644,32150,628.44,4,32150,628.4400000572205,2.3565185815414043,0.003944807188968882,1.2834013550147698,0.15868089116044537,67.02866662409227,0.4207906933341628,0.059514479999999995,0.0460953,0.0846943,0.02222638209190169,0.03012780866301144,0.026514567401284786,0.026087970143785465,32150,628.4400000572205,40.78390175372003,0.06807971774797861,5.876886196461954,1.9399715343186157,391.77471071400697,0.26044355967526206,0.9790110003133,1.3676118824233399,0.78765323309156,0.02837177105213949,0.02153141362101678,0.02544838291197358,0.02495780537946276,32150,628.4400000572205,5.21265107882979,0.008705452984573444,2.3937280876898366,0.28974980273206313,131.70084358289645,0.28713179259074934,0.1323567160137,0.11775923925592001,0.10735804133516098,0.02395034820612919,0.022868181261379662,0.021570297257009416,0.022775427068102136,32150,628.4400000572205,9.466335789390813,0.01584253555703752,5.560667581183378,0.5804420036780656,370.71005042903096,0.39012099909795017,0.30182903682570006,0.34049297519472,0.24587507918520005,0.0338651248759898,0.02877768534028526,0.030565353917242338,0.030998879075709643,17.0,56.66666666666666
DVST_XI_14-16_Feb_2024_14_09.13.16_trainee_5_sea spikes_1.csv,trainee,5,sea spikes,sea_spikes,1,85824,21450,419.26,4,21450,419.25999999046326,3.2152745393739597,0.008117681048683576,1.2035526282675255,0.3125186969504636,80.2359436866939,0.3868245605855751,0.07679079999999999,0.0509717,0.10647360000000002,0.019458129691105826,0.0281227317079088,0.022912235624256233,0.023231398510223863,21450,419.25999999046326,87.91907143093384,0.22161680038340711,10.792107352998718,5.516248223079016,718.7690789999749,0.2385659005081822,1.171446821978892,1.6321686579393802,1.1350636653074002,0.01572753693108869,0.01311560436142821,0.01548137516710223,0.014726047108830978,21450,419.25999999046326,10.890231938804487,0.027440464405228508,2.167409245906311,0.813567923986165,144.49408752738753,0.23879901160893283,0.18706625832596002,0.19320198681264,0.21146357838515,0.01745687067335837,0.01826326366138238,0.018560362462379392,0.018087438976233956,21450,419.25999999046326,18.02103529851008,0.04549080633471488,4.579508037444205,1.5062727982156925,304.33255386774,0.3519977621334328,0.35864344179924,0.3385632396601,0.38033850612222003,0.01933622141176644,0.02049447783417371,0.019912478124834324,0.01990877751339649,16.0,53.333333333333336
DVST_XI_14-16_Feb_2024_14_09.13.16_trainee_5_suture_1.csv,trainee,5,suture,suture,1,76364,19091,372.63,4,19091,372.6300001144409,2.403241377462,0.006708393381707906,1.8969612322480738,0.17986690614595918,94.84758673043964,0.26202200104766893,0.05239225,0.0781163,0.051725299999999995,0.026619933388369984,0.021661455815509503,0.026449955677528517,0.02479932450027632,19091,372.6300001144409,63.186920502035534,0.17684341545575924,8.623468061771424,3.625204853504582,430.56366898249735,0.17124148768989,0.91068700617837,1.4709658103039,1.4157957285519,0.018317182367761316,0.017970397302899635,0.022838858728720223,0.01958981112646941,19091,372.6300001144409,8.274674207980576,0.02319417488147897,2.213867626056418,0.48520092726784675,131.68215840605217,0.17810371922472498,0.1598057389386,0.12440204488890001,0.14513102876828202,0.017039586117261616,0.0184045591469661,0.01623839093988258,0.01720451699293374,19091,372.6300001144409,13.365781074778615,0.03747765507824568,2.515314532945816,0.8612221675123513,155.5710597778966,0.2320062860136197,0.34779868757496,0.29752927515629,0.21373976090010002,0.024067693836989545,0.02039916006535441,0.018867448291237838,0.02100164488689421,16.0,45.71428571428572
DVST_XI_14-16_Feb_2024_16_08.32.59_trainee_1_camera target_2.csv,trainee,1,camera target,camera_target,2,69452,17358,339.1,4,17358,339.10000014305115,5.226048216047348,0.01617528591414583,4.0655506908523495,0.7999344888332259,271.0331505546336,0.40715561444950166,0.1285877,0.1093828,0.08063360000000001,0.022693465415275817,0.01948427842385965,0.017970457382218363,0.01995483277184526,17358,339.10000014305115,72.62264157167802,0.2241988811887569,44.27214500259313,9.108654027895001,2951.1579200388674,0.14420694820533503,1.1417622774040461,1.7402368159079198,1.36277118711682,0.019409751686137764,0.017176207366849446,0.02120526018866309,0.019192444197372475,17358,339.10000014305115,13.087671773120118,0.040367115401907315,5.30967779511844,1.461878762168852,270.55540160793396,0.3641758368381633,0.21077335825802002,0.28575159610448997,0.2265213049105,0.0187516632552632,0.016695521540376766,0.01943956153578657,0.018257532547985064,17358,339.10000014305115,36.575041388077594,0.1131415450764273,35.24650515035652,5.207143481588493,2349.769250938352,0.3780607247796278,0.8060260416528802,0.8401168138763999,0.7407089609716,0.02249881003587328,0.021125816826208753,0.021567947188338005,0.02172337453839984,19.0,63.33333333333333
DVST_XI_14-16_Feb_2024_16_08.32.59_trainee_1_glove cut_2.csv,trainee,1,glove cut,glove_cut,2,96928,24229,472.81,4,24229,472.80999994277954,1.9403617857241067,0.004319005055216701,3.1220160901514644,0.14736725762801317,156.10095337704323,0.3120769357767872,0.0576672,0.0623426,0.0752042,0.030901116752710633,0.03393929115080269,0.03528830433813441,0.03332492987672618,24229,472.80999994277954,33.056861013414256,0.07324558652896036,6.40491429228697,1.7580205507361504,409.37854583220076,0.10479610368169061,0.7740606517549131,1.36783202488282,0.8921612819789401,0.03112735850499972,0.02513897521192149,0.03341769245682462,0.029681699578583617,24229,472.80999994277954,5.424609224090941,0.012034425613376747,5.26815396717252,0.305175599480464,263.4079495640222,0.11086346376093775,0.07082538196114899,0.17378976911769,0.1526189882915,0.020452109426094656,0.019165947302914262,0.030022574429561348,0.022746021353858826,24229,472.80999994277954,33.01434230192287,0.0731723798507168,9.406720877451107,1.8459355863464681,494.9896892817383,0.13670133729569092,1.4253493542245,1.253298604389,1.013263307171,0.04048417465670648,0.036401490761434056,0.0341338901251637,0.03691447945114188,19.0,63.33333333333333
DVST_XI_14-16_Feb_2024_16_08.32.59_trainee_1_ring rollercoaster_2.csv,trainee,1,ring rollercoaster,ring_rollercoaster,2,48996,12247,239.02,4,12247,239.0199999809265,1.7462647051884859,0.0077260513690958635,4.1529100850378455,0.34374429486683494,276.8609363710206,0.3138984158092438,0.058460359999999996,0.0649236,0.0627402,0.035279462765381145,0.03468116005301748,0.03654804658211521,0.035494406292488095,12247,239.0199999809265,19.741016917920703,0.08651427241706484,9.464446210607607,2.3808261084741837,630.4931801050599,0.12085578964559857,0.6125633311038999,1.4578306135610999,0.8049587996546901,0.047869568214421,0.03557073207147489,0.054874533146726384,0.04537755069613299,12247,239.0199999809265,4.963744522528339,0.02195876426216194,8.096041557511153,0.8008500470654127,539.7366185670277,0.19173607708639556,0.12457725996449998,0.21446704670470002,0.11014012723635998,0.03292988788731753,0.023598410598927977,0.03096304413418634,0.028869474971857895,12247,239.0199999809265,23.017466442167887,0.10135153542505497,22.687104023922416,3.448069010458669,1512.4750440034313,0.2243181447003103,0.9677454840174999,1.4382199765827999,1.3704214691502399,0.05125493845706436,0.05003226162455051,0.06099331198922743,0.053879392369486655,0.0,0.0
DVST_XI_14-16_Feb_2024_16_08.32.59_trainee_1_sea spikes_2.csv,trainee,1,sea spikes,sea_spikes,2,54892,13721,268.05,4,13721,268.0499999523163,4.330096632041852,0.01676742259510574,2.9106126404556276,0.7599319683774695,194.04102774898632,0.3021865889212828,0.0476334,0.0655432,0.09366490000000001,0.0129039307325231,0.015425762463277507,0.0180948367404244,0.015328786565057682,13721,268.0499999523163,43.9240876588797,0.17178934348679023,12.707286809602298,4.857889799744455,846.934914678656,0.10597667638483965,1.13190149349096,1.28301944695718,1.07172249249854,0.02743583525929589,0.025075103807218675,0.026696543954394737,0.026383879587642663,13721,268.0499999523163,8.46197137911335,0.032774590030240996,3.286118067010907,1.0718461689419598,195.650667737544,0.2247813411078717,0.14601623555694998,0.14112447461133,0.14893790080332,0.01696407527225151,0.0174273613398391,0.0171329533025621,0.017173732183501766,13721,268.0499999523163,37.99649926124732,0.1472819620529497,10.939341441915476,4.7188938882886635,724.2592716295785,0.22164723032069972,0.8964214027531999,1.1584790882084,1.2125143272138998,0.026819867156593274,0.02743822180446854,0.031192052512467813,0.028419657916235404,19.0,63.33333333333333
DVST_XI_14-16_Feb_2024_16_08.32.59_trainee_1_suture_2.csv,trainee,1,suture,suture,2,29080,7270,141.83,4,7270,141.82999992370605,0.8580260211212047,0.006266235060716649,2.655294643750879,0.2118794633107227,132.7648588019799,0.32219012243774936,0.0395728,0.0603287,0.0713314,0.05694556611586984,0.06192104902052503,0.07645429688272594,0.0646001271625935,7270,141.82999992370605,15.453769873968469,0.11334968673852777,7.255898498659331,2.2301502745534685,362.41672533469506,0.14678772871096438,0.5205646317859,1.3075485099905197,0.7019731318753,0.05338654224640735,0.03911678320448728,0.06199472090520739,0.0505882759057613,7270,141.82999992370605,2.6039795097699865,0.019078732747381554,1.2963687324766893,0.3939661267683583,64.81849843957166,0.19851423854725547,0.07870969553368,0.1945840522363,0.12400339325474,0.047525880906653155,0.037939651598402915,0.05965307613610262,0.047557474739760484,7270,141.82999992370605,12.380818178164661,0.09087094278620354,18.06061851873243,2.4162867966646893,903.0317871348437,0.2214885128628422,0.6866490052044,0.7421829401134,0.89583455222617,0.05765985363114746,0.06334786119791389,0.06585974465261886,0.062193048477545,17.0,48.57142857142857
DVST_XI_14-16_Feb_2024_16_08.32.59_trainee_2_camera target_2.csv,trainee,2,camera target,camera_target,2,48584,12144,237.26,4,12144,237.25999999046326,3.5551934491126795,0.015798143351882007,3.6509732803616157,0.772361235739367,243.39845081362557,0.49773532076093224,0.1361514,0.1097288,0.0877736,0.034380179004453344,0.03074891346353934,0.027604445861582713,0.03078735034281407,12144,237.25999999046326,61.69426232362492,0.27321943056175385,46.05228174364221,9.944794527043745,3069.872168662676,0.36267808614016306,1.218965753557696,1.7767245873681001,0.9273383823312749,0.023853989989859353,0.01723336531022791,0.020805798983481717,0.02045055859632234,12144,237.25999999046326,9.678131456118024,0.04287930932734306,10.241828489367927,1.4890304197497208,682.7892171164017,0.44783002552911144,0.25370928104887996,0.1891945396036,0.14122329083260998,0.0226376301152598,0.01955824239452252,0.0168894670637654,0.019555049061907914,12144,237.25999999046326,32.48840741740655,0.14408242931476095,52.4219225855037,7.007412448313125,3494.7981719328377,0.47525323231491395,0.89349331941,0.948850185397,0.826033398226,0.02834105777975194,0.026443323352058973,0.02725016926188539,0.027333826395765603,16.0,53.333333333333336
DVST_XI_14-16_Feb_2024_16_08.32.59_trainee_2_glove cut_2.csv,trainee,2,glove cut,glove_cut,2,68344,17084,333.44,4,17084,333.44000005722046,1.4550992624106094,0.004588372063000178,1.952893948250654,0.15693618336504628,117.33051551269988,0.32037698296552125,0.041023489999999996,0.0461748,0.05982470000000001,0.029910673568053076,0.03404583157614392,0.0361202007738861,0.03325677241119379,17084,333.44000005722046,38.4159736583009,0.12067429363428399,10.569214397515829,2.7644913236027273,609.1185941256527,0.18105719135983142,0.5578291405878402,1.1560952427826443,0.5529587070941999,0.020904296709470537,0.014457230472656563,0.020812838421919323,0.018459389175257603,17084,333.44000005722046,4.40143657867439,0.013874736856433555,3.5511894729692446,0.37273949206383483,219.5271067756656,0.16753497629222033,0.07461822106720001,0.08288871119583001,0.08960914335077999,0.017867989584499457,0.018578222502667472,0.01958075384873668,0.018662497081601285,17084,333.44000005722046,37.795280954245285,0.11858463081389456,9.692825050555854,2.926606031946886,547.3559853360982,0.2130773283381139,1.1265652243659998,0.452712315484,0.7977382753737001,0.01889521104407128,0.025082499219976313,0.015900244093608597,0.019605388316427254,19.0,63.33333333333333
DVST_XI_14-16_Feb_2024_16_08.32.59_trainee_2_ring rollercoaster_2.csv,trainee,2,ring rollercoaster,ring_rollercoaster,2,68368,17089,333.52,4,17089,333.5199999809265,3.041886526756425,0.009447191972517718,2.7127735877308217,0.27336457700900696,135.6388087417893,0.23636470037453183,0.06683660000000001,0.0781275,0.1131093,0.023755606841596562,0.02858336285817496,0.03090353154155874,0.027582218073933507,17089,333.5199999809265,59.197262358751274,0.184851257662156,9.354011715282885,3.9008505853007787,467.2197452974465,0.11095505617977527,1.26246768334736,1.58183567338667,1.19409010355924,0.023872021388133706,0.020740874404719358,0.023216546034076985,0.022568600141397544,17089,333.5199999809265,9.062626840815348,0.028209104638809525,6.335355708476199,0.736057861860162,316.7680875173993,0.13553370786516855,0.15986750812377998,0.20675919349150002,0.21106365283627,0.02006126983715559,0.020269019002433712,0.02305074900240154,0.021084277831790364,17089,333.5199999809265,74.88016893678284,0.23484958399547962,22.679621761515122,5.643063655965578,1511.964210010489,0.17070458801498128,1.7423425599434,1.7507105800643599,1.2607224488306201,0.023324220326302773,0.0197929122883671,0.01984038547237931,0.02092292092292168,21.0,70.0
DVST_XI_14-16_Feb_2024_16_08.32.59_trainee_2_sea spikes_2.csv,trainee,2,sea spikes,sea_spikes,2,68964,17238,337.07,4,17238,337.0699999332428,5.1086198785168335,0.016143178381708544,2.7171000853726395,0.6338486413366738,180.68802329737355,0.2760921274003597,0.05858871,0.0722652,0.11116490000000001,0.012737024478429202,0.01579745837816105,0.017544655958344663,0.015226497652101231,17238,337.0699999332428,101.27259357132002,0.31689901964829675,12.380127895731901,7.507622444860386,824.5514855710047,0.1532749318326855,1.1791021804286999,1.5269712977397398,1.1240820485679017,0.013249491955274443,0.011367966760047813,0.012936670320604483,0.012490165044969996,17238,337.0699999332428,14.48269320860776,0.04540111507154765,4.620405665207031,1.3413844389239447,306.5931843404954,0.21244996229042176,0.13363105828425,0.16517085766580003,0.2101360636754,0.010258198176308853,0.011570567739755386,0.012863752550325977,0.011515014181008741,17238,337.0699999332428,98.66794623955283,0.3113686213572978,41.30577776548182,8.61663576482013,2752.7273879119075,0.22277658525265417,1.119132076803,1.6953948345766001,1.5801367032745,0.013960469083351584,0.013477579858921857,0.01658848291339421,0.014614126589320361,17.0,56.66666666666666
DVST_XI_14-16_Feb_2024_16_08.32.59_trainee_2_suture_2.csv,trainee,2,suture,suture,2,35748,8937,174.71,4,8937,174.7099997997284,2.255512662669005,0.013492089655978961,1.8802244675452149,0.2716866968883511,125.34841737791392,0.16215308863025962,0.07554092999999999,0.0426513,0.057395,0.025165874728957073,0.029193282109498637,0.021936023208817705,0.02525908516257381,8937,174.7099997997284,63.888245153668095,0.38220517658240544,10.0175622300783,7.033996391141055,667.4766587701987,0.13059534467323186,1.13907465206736,1.25890248265266,1.4246087121610802,0.018743521100596575,0.019938979755367715,0.020961525397238705,0.019860598499631753,8937,174.7099997997284,8.998197295558207,0.05372459823293685,2.4624631768604512,0.9629692031625794,137.64483401750172,0.14782900626678602,0.19740747608972,0.1780712591861,0.1951559154623,0.020836424729917306,0.021813087758232323,0.02071725747406547,0.02111661023372539,8937,174.7099997997284,62.8312205354888,0.37534075818345786,8.207924270593232,7.584549699666445,547.1954732191509,0.1462623097582811,1.17732777589,1.402780195274,1.1481973607884,0.020453517737507695,0.01850467538554855,0.02019889393961247,0.01969967329862745,22.0,62.85714285714285
DVST_XI_14-16_Feb_2024_16_08.32.59_trainee_3_camera target_2.csv,trainee,3,camera target,camera_target,2,49120,12278,239.89,4,12278,239.8899998664856,4.291929915864424,0.018546007921518157,5.021356932574504,0.9772975734517086,334.75744808788073,0.5011810702940458,0.14197749999999998,0.10905010000000001,0.12770040000000002,0.028991465871391685,0.03137279917702151,0.02749517835891744,0.029243319005082796,12278,239.8899998664856,57.918980490407996,0.25761107936500904,62.05576909619275,9.97179434225329,4059.7079829203067,0.36621324427791807,1.3280823096267602,1.60184748798763,0.8932433674419,0.025182692909923587,0.018805136377223225,0.020652592389932226,0.021385418004638473,12278,239.8899998664856,11.051602725003164,0.04884332673017488,18.26247958129467,2.367221799113267,1217.4997998512674,0.42184572778366053,0.31053833943958997,0.31770805806692004,0.1866679684504,0.028421465212658634,0.02178548580090441,0.022035542686202402,0.023895300014850896,12278,239.8899998664856,30.62424022210539,0.13574182809972318,70.53271014998957,7.0425263387442785,3526.638870764393,0.4827726643316771,0.8951831304096001,0.8636913079166,0.7628397552499999,0.028712426493077595,0.026984059199423614,0.026505171017565752,0.027384360033957285,23.0,76.66666666666667
DVST_XI_14-16_Feb_2024_16_08.32.59_trainee_3_glove cut_2.csv,trainee,3,glove cut,glove_cut,2,40008,9997,195.16,4,9997,195.1599998474121,1.329859110702589,0.007343753084303923,4.671541972767661,0.2769666078985012,311.43642852676714,0.15566226490596238,0.053935529999999995,0.0702875,0.07188130000000001,0.04629892321843054,0.046820904995033705,0.05344922061078565,0.04875105559029449,9997,195.1599998474121,20.574401202272192,0.1111896586084544,19.54069109620018,2.847388997062226,1302.0576728335245,0.0938375350140056,0.57464867294385,1.09920856403302,0.6391046210890199,0.03862905210436575,0.02945506453371304,0.04073791767501517,0.03592176097459863,9997,195.1599998474121,3.449292704033789,0.018800573558896833,6.556484063587292,0.5125533000065516,437.0993544229142,0.09673869547819128,0.107704135294338,0.10114393346841,0.1370402217200295,0.030259103650636995,0.035221687998422166,0.03413216969454129,0.03313421660148266,9997,195.1599998474121,25.00440059644211,0.13406078023964077,40.09883427848682,3.9576164079890748,2004.943625987583,0.11474589835934373,0.8570668584404599,1.5474400431228,0.9997324619999501,0.04605723036365107,0.03701969189301786,0.04974304471407102,0.04393604842125292,19.0,63.33333333333333
DVST_XI_14-16_Feb_2024_16_08.32.59_trainee_3_ring rollercoaster_2.csv,trainee,3,ring rollercoaster,ring_rollercoaster,2,35468,8866,173.17,4,8866,173.17000007629395,1.6943583656162717,0.010051926894272084,2.722252043061857,0.3838773953837908,136.11273196030945,0.22808798646362097,0.091267664,0.0833448,0.08880160000000001,0.05147453719286728,0.053132908711362066,0.05077435071973366,0.051784542081936676,8866,173.17000007629395,24.10824454604301,0.1440315427372167,9.325663575984377,3.6972252634708136,613.6522307852772,0.10603496897913142,1.04533237012394,1.11054054418414,0.7243455406019251,0.044691900243690415,0.03609395784511275,0.03720270483275981,0.03915127843933714,8866,173.17000007629395,5.498411954043938,0.03275727727145146,6.593218680236139,1.0354931368019737,329.66124840127264,0.11742808798646362,0.2556884150362,0.240457703323,0.17730404179568002,0.04509595597139154,0.03872376432735854,0.03755271923007727,0.04032603463355568,8866,173.17000007629395,34.73296273996547,0.2068664770378023,16.062318807955283,5.74092246351155,1070.8208130403286,0.15070501974055273,1.1433702266812,1.71826039834084,1.20922588867614,0.04035488364664362,0.0338536365498776,0.04150079136703476,0.03841663031094461,21.0,70.0
DVST_XI_14-16_Feb_2024_16_08.32.59_trainee_3_sea spikes_2.csv,trainee,3,sea spikes,sea_spikes,2,43312,10825,211.38,4,10825,211.37999987602234,3.982447845321528,0.019845578525633196,3.5145109599508104,0.7782363224858985,234.21362658377905,0.1979859571322986,0.07416956,0.08536260000000001,0.0975403,0.01998005004226857,0.02135771553842206,0.02291267335507515,0.02138334835638919,10825,211.37999987602234,48.04536628327494,0.23916850310760493,21.53240336003705,6.438477913022258,1432.5575174774797,0.11686991869918699,1.3754583386934998,1.5501935316812,0.7712787666264199,0.0303924122759964,0.021437685695171297,0.022758683657389842,0.024567637956387292,10825,211.37999987602234,8.353537217461676,0.0415830609635365,5.07220162294536,1.3972414467950351,338.1469129376548,0.15077605321507762,0.14286124129189998,0.13935394166184,0.13042163377559998,0.016890652477221196,0.016340359831803944,0.01613853226915841,0.016453464522953782,10825,211.37999987602234,49.01502755211256,0.24457765687416957,31.040371042134375,7.736205703974237,2066.8771099203127,0.1542867701404287,1.771434765566,1.528051201209,0.9041910743505001,0.03356620820384688,0.02582042810193598,0.023981139202254167,0.027494458932628127,17.0,56.66666666666666
DVST_XI_14-16_Feb_2024_16_08.32.59_trainee_3_suture_2.csv,trainee,3,suture,suture,2,36392,9097,177.54,4,9097,177.5400002002716,2.304990157530057,0.013390779781158952,1.8750831518542064,0.2964918624515685,93.75424700372774,0.06893139841688654,0.0720466,0.0719675,0.0645835,0.031239629767315553,0.029593644920768557,0.02957739502019519,0.03012692129030126,9097,177.5400002002716,55.54924555461638,0.32499709752420863,5.349042662343358,6.1194788362092325,267.2604824213304,0.040457343887423045,0.8719470302470098,1.418521469026128,1.4091373064475299,0.020020957470166002,0.01995462372627468,0.02545167963641858,0.021664480431732656,9097,177.5400002002716,9.057923806419414,0.0529132128035171,3.4247420097215744,0.9945498954258502,171.2372637906592,0.054199648197009676,0.1527352462287,0.1998591304683,0.18328514919771,0.01928870043657025,0.018471604032260596,0.021129877163344867,0.019599042302656473,9097,177.5400002002716,59.24416378593527,0.346713799085014,8.556176222450977,7.286160905296348,402.503090081442,0.05321020228671944,1.08254502452122,1.3083839064548,1.0994014127115,0.020088384251839224,0.018414314472009936,0.02024417897598819,0.019564416971430767,22.0,62.85714285714285
DVST_XI_14-16_Feb_2024_16_08.32.59_trainee_4_camera target_2.csv,trainee,4,camera target,camera_target,2,40192,10047,196.19,4,10047,196.19000005722046,2.2398902994949523,0.012339343645605561,4.169684942593543,0.608815466095443,235.1672220041299,0.5140354369898467,0.0777108,0.0772706,0.059925099999999995,0.034595617221670386,0.030466202524021425,0.0303797906700013,0.03175470347712987,10047,196.19000005722046,32.31184672122557,0.17355709033621744,35.27482565122485,5.755180047176503,1763.6907651341567,0.30639060322516426,1.5263571076629903,1.4580606398532319,1.439741800321585,0.046169385035417045,0.04587843592087402,0.04484028044140217,0.04562578376259662,10047,196.19000005722046,5.121597383696652,0.027784524867769087,6.198960587819429,0.9962725354458909,375.27586997184443,0.48058928926936095,0.17520279245130002,0.18179779262474,0.1304493067689,0.034846517329680644,0.029517934501541537,0.030068360996853786,0.031389545932101255,10047,196.19000005722046,16.87055184802037,0.09158427123486647,26.701072682274482,3.70486227148445,1505.6218170918655,0.4987059526179574,0.8372274681730001,0.90027602568154,0.724979970308,0.051461244877792835,0.046180161709330966,0.04788743303231071,0.04846026279598977,23.0,76.66666666666667
DVST_XI_14-16_Feb_2024_16_08.32.59_trainee_4_glove cut_2.csv,trainee,4,glove cut,glove_cut,2,49748,12434,242.72,4,12434,242.71999979019165,1.5103656105169216,0.006366036509179203,1.9408479702685821,0.17769995267343855,129.34721729241554,0.25657524330411,0.05612218,0.048547900000000005,0.055476399999999995,0.03455973485645672,0.036943608475139264,0.03436032564685808,0.03526866292222175,12434,242.71999979019165,26.377793506862396,0.11348449445974053,10.650327597614467,2.4502378206079136,707.7313839801527,0.07214670634601464,0.7283093202835125,1.4105807107833221,1.00930801617751,0.03842540380143123,0.03250358998628162,0.04523476802412267,0.038371376548326334,12434,242.71999979019165,4.01713136494154,0.017137122716660062,2.5066089691437043,0.37731467888885123,125.33056798172896,0.07029679079868092,0.10860536750962999,0.159101596042731,0.13147743996862,0.03272253033860629,0.029746455951063636,0.036003676752830754,0.03272474877013244,12434,242.71999979019165,35.61622217005179,0.15305181211621338,9.24215495099511,3.4283695024592897,548.7369183972982,0.08372878629453873,0.9669564711397001,1.3680253102469,1.1785373515027,0.03229257497534022,0.029972797941357165,0.035650932186752624,0.03255619323496895,0.0,0.0
DVST_XI_14-16_Feb_2024_16_08.32.59_trainee_4_ring rollercoaster_2.csv,trainee,4,ring rollercoaster,ring_rollercoaster,2,43288,10820,211.49,4,10820,211.49000000953674,1.8972647803817468,0.009382185266757112,3.2883348976465525,0.26949934202763337,173.2652815834991,0.2319992605601257,0.1192529,0.08013909999999999,0.08547770000000002,0.0515262765473057,0.05321486241184517,0.04362351933966989,0.0492713128558154,10820,211.49000000953674,25.004393207268215,0.12377920252952646,10.322500528631208,2.837100733970654,688.0465694037445,0.08420371568536833,0.8696076109431761,0.9503753581119049,1.128552497235408,0.03635740933873201,0.039619248112225065,0.0414182883050212,0.03907483042706366,10820,211.49000000953674,4.97163795659519,0.024621980528848116,4.17447892889727,0.5680001872317275,208.77368301004196,0.11257972086144745,0.218887914277,0.15361672811395002,0.17059010182447004,0.036883374806334704,0.03886765245147316,0.03256092054944227,0.03600575143786892,10820,211.49000000953674,43.920767090325086,0.21655321274786307,16.027390687361454,4.666829767294651,1068.4937314857925,0.13383861724743507,1.75909997329149,1.6854560071392999,1.3194626050557,0.03920433170277904,0.034687570855555065,0.03395371799166806,0.03587553833251608,0.0,0.0
DVST_XI_14-16_Feb_2024_16_08.32.59_trainee_4_sea spikes_2.csv,trainee,4,sea spikes,sea_spikes,2,50964,12738,248.71,4,12738,248.71000003814697,4.168192454965444,0.017881640174948102,4.919656079703881,0.6446507564705792,327.9656043433662,0.17508047420899742,0.05732845,0.0754541,0.08984350000000002,0.01577897392325648,0.01721791929808801,0.019753178562849687,0.017507822650051883,12738,248.71000003814697,79.00154527904277,0.33371934937054665,17.809913682270174,7.2501974774921605,1187.1575854920156,0.06186700164873989,0.759881463939812,1.5286081284560398,1.5255207892500398,0.01364223170443235,0.013628448091709012,0.019329541887205075,0.015317379143975098,12738,248.71000003814697,10.560759617453389,0.0449085032889491,6.61035553057327,1.227109952626917,440.363499674576,0.11407709821779069,0.13144082099124502,0.157720052371828,0.19250246404531002,0.013633690489208932,0.015062189963427102,0.016499335185570608,0.015019518107509086,12738,248.71000003814697,98.90850025092848,0.4196360356137735,28.52949158249222,9.846385598225112,1901.9054505958488,0.11274240401978487,1.4220492235266002,1.79408921253856,1.2783395566244,0.016149003010915708,0.01363159931338038,0.015311280566550674,0.01499344211701368,0.0,0.0
DVST_XI_14-16_Feb_2024_16_08.32.59_trainee_4_suture_2.csv,trainee,4,suture,suture,2,43492,10873,212.13,4,10873,212.12999987602234,3.0324901813133573,0.015054746661947662,3.6330986777202994,0.30598128028377874,181.65507379242817,0.060614422369389256,0.0699048,0.0542053,0.06171090000000001,0.02029901533111148,0.021658832143928414,0.019072271171688967,0.020315965813439214,10873,212.12999987602234,84.17326861178694,0.4154471677754521,12.389567987610524,7.351836668643513,619.2554170472959,0.032560706401766004,1.0153156845955575,1.638560503637327,1.241288524261736,0.015323486735777481,0.013337140484979495,0.01694312127028393,0.01512880344835888,10873,212.12999987602234,9.9706945248213,0.04928238626555721,4.507577631614595,0.8813019254896468,225.3789722468368,0.04626563649742458,0.17073155304887,0.1873888943259,0.18862597913221496,0.017939213928155357,0.017998331152549268,0.01885590003378578,0.018259728033732558,10873,212.12999987602234,93.61082811748028,0.46079272731516807,14.17077785654412,8.491578959387525,708.5395685431947,0.045805739514348784,1.4593528467908001,1.6597857302885002,1.2414194310754,0.016625705405336668,0.014378491897620398,0.015334131929677348,0.015418810507343148,0.0,0.0
DVST_XI_14-16_Feb_2024_16_08.32.59_trainee_5_camera target_2.csv,trainee,5,camera target,camera_target,2,60548,15130,295.77,4,15130,295.7699999809265,4.977292473599096,0.017753766173917974,4.263803349149542,0.9239569505989159,284.14644447944926,0.4486747306497455,0.09729389,0.1428924,0.1124599,0.02368940691050706,0.02101592302123178,0.02546890365184571,0.023318698242919756,15130,295.7699999809265,63.05154783103697,0.22388491681938438,27.076683704307484,6.970089347084166,1804.6981866774777,0.2735805406834556,0.915003625801926,1.5983786656343102,0.7070167555336698,0.019180304261620876,0.01275646988834728,0.016860053089561018,0.016037929968606663,15130,295.7699999809265,13.01776939682268,0.04642281237677427,5.678898791831718,2.036928551435946,378.59361384378707,0.2741754246810761,0.17586460743760002,0.24791651319638,0.20269545599851002,0.01604003741909003,0.014503561335838256,0.017220198766070692,0.015882031913287274,15130,295.7699999809265,59.55646333063215,0.212371068436544,79.34082621512262,11.454193002077274,3967.045094025149,0.41965761121025846,1.7725736287342506,1.7087103122674998,0.8006620835632999,0.02922183352122504,0.020003126119735027,0.019639478499747134,0.022558580195302554,21.0,70.0
DVST_XI_14-16_Feb_2024_16_08.32.59_trainee_5_glove cut_2.csv,trainee,5,glove cut,glove_cut,2,114060,28510,556.35,4,28510,556.3499999046326,2.383007709118634,0.004479863716938952,1.5462535785500766,0.12046232369805064,103.08367021158716,0.2243852818408222,0.053749399999999996,0.0429529,0.06447130000000001,0.020163114133470158,0.024702708677714007,0.022082793527705532,0.022239178073646955,28510,556.3499999046326,41.33108384808342,0.077981804521599,12.070036236546104,1.8362772186902436,804.4588637092257,0.07046897470974078,0.5659557757255798,1.435052019491532,0.766689581014825,0.021804607633486267,0.015937648145998896,0.025378550205258612,0.020660766990392362,28510,556.3499999046326,6.226816942181527,0.01173114462480521,2.767743644346234,0.2577290957563834,184.5164189249853,0.0729594163246694,0.08899696042436,0.09872532960196001,0.11450412180166,0.015053441003372107,0.016211830290805078,0.01707492315759117,0.01609195701642019,28510,556.3499999046326,44.946552611531025,0.08475211279114186,20.91830705890843,2.158824257872213,1394.5551338786427,0.09379494194815673,1.2900786251838001,1.1686798268262,1.2763023008966,0.027318665248072957,0.02854884080168727,0.02717241023835463,0.027673156938103054,19.0,63.33333333333333
DVST_XI_14-16_Feb_2024_16_08.32.59_trainee_5_ring rollercoaster_2.csv,trainee,5,ring rollercoaster,ring_rollercoaster,2,71540,17883,348.96,4,17883,348.960000038147,1.7533213241312764,0.005282175678553437,2.479416190871148,0.1646763299944947,123.9709277714472,0.29672296163740075,0.06933505,0.0683373,0.0636975,0.03925941371133861,0.03790321906137337,0.03762951206038981,0.03825746274600311,17883,348.960000038147,34.69826991331209,0.10408870727624664,9.97656236248961,2.372533812329824,486.5985346462877,0.08897215076613355,1.2835226669970996,1.42717791041772,1.1721483340783,0.0390061429394707,0.03534965972617006,0.03727541813972945,0.03718035993942403,17883,348.960000038147,5.5943598530027465,0.01681387739442525,5.768444909689311,0.44070789504836677,288.42252054561567,0.12146292361033441,0.1760792037499,0.213648358143992,0.17968894244835001,0.0346699658637828,0.031795401286859495,0.035023541398868895,0.03379812392805745,17883,348.960000038147,40.2853389290123,0.120540716616856,10.921568216561784,2.8811384709890913,474.3707518145502,0.15663795995973603,1.6518935102477699,1.7700165813770599,1.58963590800504,0.042445599223618076,0.04022470186355394,0.041638059150857,0.04142590392245631,23.0,76.66666666666667
DVST_XI_14-16_Feb_2024_16_08.32.59_trainee_5_sea spikes_2.csv,trainee,5,sea spikes,sea_spikes,2,17456,4364,85.17,4,4364,85.17000007629395,1.012266502707173,0.01219867157099205,1.183304855547835,0.4849786211353027,70.67487776378736,0.33577813431125375,0.031994299999999996,0.056318499999999994,0.052768800000000005,0.04193406656764506,0.040591027946896945,0.05385416330841216,0.0450891558208166,4364,85.17000007629395,18.338161459436435,0.22466159305581904,5.917129232710043,5.595462807446816,301.560772463405,0.11093284437313775,0.7319423194827599,1.7067681458547999,0.71429606332534,0.06094946547353981,0.03942954496102329,0.060210273581796786,0.05249936965090743,4364,85.17000007629395,2.707091112316401,0.03277238266885433,2.501891542998825,1.1190175634648891,147.43201382734415,0.2037588815035526,0.057821834378900004,0.16754671465722001,0.10855534322589001,0.03635892362889575,0.02926635673954815,0.049818504643434215,0.03756558206907124,4364,85.17000007629395,16.73905466455088,0.20520674485401555,10.350268594359697,6.108959756887639,688.0070717959748,0.22644969057987624,1.5523334864208,1.4204153950020002,1.3976728804887997,0.08870932419846564,0.08799628844473308,0.08417430261849801,0.08693694685584315,21.0,70.0
DVST_XI_14-16_Feb_2024_16_08.32.59_trainee_5_suture_2.csv,trainee,5,suture,suture,2,64872,16217,316.41,4,16217,316.4100000858307,2.773291755652158,0.0091330797902743,1.3063730028807832,0.1734639722710776,65.31871243681759,0.1531203749383325,0.0788716,0.048899200000000004,0.046142199999999994,0.02239317334415017,0.02175273722551886,0.01712791365996795,0.020282026237420793,16217,316.4100000858307,43.55061813360645,0.14375535671703,5.547998477341267,2.8169830206655933,276.9553379538644,0.06586087814504193,0.793031402337274,1.722772694092433,0.8750166595912722,0.02683890905248496,0.019127536074751504,0.028192125959711108,0.02436972182486257,16217,316.4100000858307,7.557532828950787,0.024935754893118615,2.2288494127043177,0.44548298231077765,111.4420515223262,0.06549087321164282,0.15818114945762,0.17447827263149995,0.09534540001828001,0.021982040196170706,0.016249769080517385,0.017066344448061547,0.01826775728516628,16217,316.4100000858307,45.2047208662793,0.14917446545928573,9.650511477487608,2.97310495451314,482.5231579821805,0.07967439565860879,1.3491980083767399,1.3055345811035,1.2244903288565498,0.02935947219202019,0.028433592405475997,0.02796971736193292,0.028581785242960744,21.0,60.0
DVST_XI_19-22_May_2025_21_09.43.23_expert_5_camera target_1.csv,expert,5,camera target,camera_target,1,14852,3713,72.5,4,3713,72.5,1.8595983785636254,0.027213252713904332,6.63110010819289,1.8542032509403459,442.0702488785484,0.35856681034482757,0.11789050000000001,0.0932474,0.04401649999999999,0.05638175779934124,0.03873717978009724,0.03445140674260384,0.04221737151075841,3713,72.5,23.956815233023868,0.35740461454664835,93.10792538709983,22.528812459126062,6206.671677768936,0.07731681034482758,0.85553331092474,1.8465542560267,0.70155673791516,0.05246508911850779,0.032338567535663366,0.047509816498807714,0.0431974571153046,3713,72.5,3.970766740189787,0.05767082572716611,5.674093742342894,2.987399115794101,378.2732769057017,0.2583512931034483,0.16012091689806002,0.23571444826569998,0.08504607290373598,0.04892634355062236,0.029388457420637823,0.03565708682510897,0.03714968508560885,3713,72.5,6.080835721669445,0.0902557792910229,23.835675366041105,6.382495435855994,1589.0339113166601,0.3232758620689655,0.3475282556963,0.42494983055312,0.3890208873572,0.06319760493731531,0.06046697597574581,0.06686394853020028,0.06345564987535489,30.0,100.0
DVST_XI_19-22_May_2025_21_09.43.23_expert_5_suture_1.csv,expert,5,suture,suture,1,22724,5681,110.86,4,5681,110.8600001335144,1.5448774371299296,0.014559322894919942,2.8239996318074034,0.5353783745125155,188.266821665726,0.11707746478873239,0.04218965,0.050135700000000005,0.041916999999999996,0.029770249361306077,0.02722099697046252,0.02967389854061821,0.028863813009506738,5681,110.8600001335144,25.813806847342065,0.24380158590492246,9.022532734268149,5.433354044574985,601.2087098840167,0.03345070422535211,0.88718668846296,1.06439238110198,0.6158739065585899,0.037644915876070655,0.02863527475219594,0.03136495903218981,0.03233583921302577,5681,110.8600001335144,3.643763598268009,0.0343336173920925,5.496600467022994,1.0996652244762397,366.4403805996458,0.0795774647887324,0.06324313505154,0.111215079373615,0.07685294168894,0.023016450023346263,0.019133162063353925,0.025372420067690898,0.02235608031537695,5681,110.8600001335144,5.991843964280806,0.056327212224152996,3.382815055960344,1.5625467497952452,175.6200276952884,0.08820422535211267,0.263442949743512,0.17352719865246102,0.28945231255998,0.035683428314589496,0.046086243153262416,0.03740346138830847,0.039474492758136345,29.0,82.85714285714286
DVST_XI_19-22_May_2025_22_09.34.36_trainee_37_camera target_2.csv,trainee,37,camera target,camera_target,2,69764,17440,340.6,4,17440,340.59999990463257,5.484735511760111,0.01707752576057932,4.483460082424602,0.8512731299468178,298.85533773579243,0.4047250415734847,0.0758701,0.0926852,0.0857649,0.015289202555317143,0.014707350125432662,0.016255648464141292,0.015404272343038785,17440,340.59999990463257,86.85192560865968,0.26764390102350555,87.0153645205511,10.043423842179468,4683.302478499575,0.11130225356958541,2.0087812389478508,1.8496212435534196,1.00770011739209,0.02219362647707291,0.016381456943730537,0.01571909741082011,0.017878708112410865,17440,340.59999990463257,11.865933028213469,0.03691948193847251,10.35164602153018,1.6110747243521157,690.1103929092359,0.334652216296806,0.1683578250564,0.20096044158320997,0.17948170874967997,0.015501368792406186,0.014649569358410103,0.01600528799492362,0.015375153725943514,17440,340.59999990463257,30.750125685861118,0.09490942699303515,28.839030756247634,4.170358731919879,1441.9529129658404,0.3855725672343598,0.5404874899130481,0.56553004418567,0.51284037369628,0.017979340980597464,0.017121311623484375,0.01751346383166961,0.017534536222410413,16.0,53.333333333333336
DVST_XI_19-22_May_2025_22_09.34.36_trainee_38_camera target_2.csv,trainee,38,camera target,camera_target,2,23176,5793,113.22,4,5793,113.22000002861023,3.725013886076762,0.03465248711507683,6.261054867166712,1.99606987925957,417.4040558786418,0.34409530386740333,0.086674,0.1006649,0.0580563,0.025075843864169826,0.01904325579039031,0.02052276226413688,0.021399856316949142,5793,113.22000002861023,62.335954833318034,0.5762010488383852,83.57823582732658,26.235946065059597,5571.73856641043,0.1355317679558011,1.01234871910318,1.850137639492997,1.45658989681878,0.021954748777904768,0.019480275710903206,0.026334922810605853,0.02241567770580062,5793,113.22000002861023,6.560964783915913,0.06096973473198225,5.125499061938086,2.502046771293617,341.7002633333041,0.2921270718232044,0.15821096275142,0.15191624443374002,0.10918483193045199,0.02362939965336576,0.02003234241078036,0.01962978559390202,0.021023256686285192,5793,113.22000002861023,17.93865102062194,0.1668366897631445,37.983552600293834,8.91683582192343,2532.239254951129,0.3187154696132597,0.4845916108842001,0.48188646764693,0.50023622316832,0.026938321382281347,0.027446421774006965,0.027369707270853767,0.027250562528489477,22.0,73.33333333333333
DVST_XI_19-22_May_2025_22_09.34.36_trainee_39_camera target_2.csv,trainee,39,camera target,camera_target,2,36388,9097,177.64,4,9097,177.64000010490417,5.612757139033437,0.032338675121248696,4.405768788067699,1.5870752749554713,293.71586506981646,0.3327836411609499,0.08173757,0.1208874,0.06973630000000001,0.017710267818411674,0.013451293871237297,0.016358509035892706,0.01573660229739199,9097,177.64000010490417,72.22795303577024,0.4154993306076655,63.195387754308285,19.08264212324666,3672.5426321411032,0.07036059806508356,1.35984177387175,2.0789135788348503,1.0527381403603,0.023278612991018577,0.016565290677235035,0.020482034331862548,0.01991482144878757,9097,177.64000010490417,9.547490716262281,0.05535309164407259,5.673665739839562,2.2193612435174646,378.2417373801483,0.2928759894459103,0.14142258920094,0.1596305916677,0.14837316430067998,0.01573722698928604,0.015172174420491657,0.016119311811169136,0.015671389713037127,9097,177.64000010490417,22.054337611459047,0.12600763786395627,21.56931939176369,6.714407890971377,1082.143235672479,0.3176121372031662,0.5893683382479891,0.49591006820920003,0.5304623003368001,0.024513247203279367,0.025352841666900123,0.02325598327393781,0.024358697669501966,19.0,63.33333333333333
DVST_XI_19-22_May_2025_22_09.34.36_trainee_40_camera target_2.csv,trainee,40,camera target,camera_target,2,25276,6314,123.43,4,6314,123.4300000667572,2.7503552017111907,0.022720402233874656,2.800810749986938,1.1851519806565824,183.40671266740952,0.3674956439093933,0.0740661,0.0787553,0.0638565,0.027769038854470813,0.025004807102204676,0.025784200229051528,0.026160498009256253,6314,123.4300000667572,43.30544486975357,0.36662624132518706,68.28370460847644,15.370015554632976,4551.940105862442,0.13210834785363534,1.2021611072673999,1.58674608993423,0.8147118259620441,0.03189279275157329,0.022852874912999158,0.026255072639795735,0.02674743900325598,6314,123.4300000667572,5.8546449864420635,0.04923074856898586,7.789946527585524,2.1385694435902862,519.3302637776359,0.2697608110248693,0.16422512757402002,0.22113369002022,0.1609991686332,0.03254967787405788,0.027773528295058598,0.0322283972173185,0.030770802253792987,6314,123.4300000667572,15.01497584558387,0.12651073652562667,33.26926617942742,6.8569736217484,2217.9531938334903,0.33708221130999527,0.5277948954657999,0.5151134490814,0.4960245073263,0.03472637089688232,0.03407685624282689,0.03366498101003889,0.03415328103580122,24.0,80.0
DVST_XI_19-22_May_2025_22_09.34.36_trainee_41_camera target_2.csv,trainee,41,camera target,camera_target,2,57404,14349,280.22,4,14349,280.21999979019165,3.6870800039869533,0.013822613521195898,3.7583347340936957,0.6860697616029593,250.55588788829482,0.5025787566211318,0.10961850000000001,0.085785,0.1032221,0.026300562926587247,0.02884999295308869,0.025521691911878967,0.026853861151895204,14349,280.21999979019165,54.66221833369258,0.2102677399891574,147.7042224081169,8.557627891938333,9846.918973531965,0.22442152216336772,1.8071183135886582,1.6694683415429319,1.0396836233864708,0.03177570061484292,0.025075906548725425,0.02410196453305842,0.026779434814447174,14349,280.21999979019165,9.911475790550067,0.037521804955175826,13.978480671076092,1.585144393692835,931.8996001337869,0.39566490103150265,0.290778550533768,0.18153885219600002,0.21483474419531,0.023180758997848383,0.02521709872477135,0.0199250182402757,0.0226676848526003,14349,280.21999979019165,17.056800967160992,0.06452357794286975,44.44109353675181,3.207796816931926,2962.742394608115,0.49017284638974074,0.49665673406980004,0.5189925177007,0.5030397538556999,0.02976535939730769,0.029304325939746852,0.029956020582941043,0.02967397062327638,20.0,66.66666666666666
DVST_XI_19-22_May_2025_22_09.34.36_trainee_42_camera target_2.csv,trainee,42,camera target,camera_target,2,63356,15836,309.55,4,15836,309.5499999523163,5.821557210832637,0.019550044958534348,4.687178223264213,0.9149608481321658,312.47884622066425,0.3802336596147774,0.1139154,0.0901067,0.0693203,0.017403259350950346,0.015264488874893622,0.013575929978510983,0.015335366139447925,15836,309.5499999523163,85.93050852920913,0.2901991367326431,68.53002065589563,11.157344114835777,4568.623800322141,0.1065993053362804,1.36038208398489,1.7533278834052042,0.8252255593978501,0.017972754401212092,0.012330179679086983,0.013998146139793867,0.014584275380202318,15836,309.5499999523163,14.239169268968414,0.04806987203241366,11.204751453662395,2.1161973783908277,746.9841426237513,0.3276918219134828,0.19919630747620398,0.21206601150707,0.18939572031193197,0.014434160270924534,0.013640838578816806,0.014074596790776854,0.014046113873353899,15836,309.5499999523163,28.626036903828457,0.0969617839910714,43.177914626561815,5.334217036040282,2878.530386951287,0.369119040101042,0.61142425069644,0.5620281456794001,0.47699740623195,0.020478075304157465,0.01886549096220299,0.01808738631448235,0.01911808349663697,19.0,63.33333333333333
DVST_XI_6-8_Mar_2025_06_10.41.14_trainee_31_ring rollercoaster_1.csv,trainee,31,ring rollercoaster,ring_rollercoaster,1,66020,16502,322.13,4,16502,322.12999987602234,3.5145628036647114,0.01131209491741244,2.9370293730998713,0.3409943445208547,195.8021449381348,0.30058784316102055,0.0958685,0.0821278,0.085182,0.025247114660972937,0.025712279131065073,0.023798396867603017,0.024905772097406124,16502,322.12999987602234,58.41211835757754,0.18815066788089524,11.591111971346301,4.118013055424647,578.7879983055161,0.20065450578752803,0.9007205216026002,1.6996240519385721,1.1325191287688,0.02118207524447611,0.017290790363828246,0.023751784853515544,0.020566475261798504,16502,322.12999987602234,8.895351273846702,0.028629682095228755,3.066646996965881,0.6285651727963231,204.4433281034099,0.18568571601721107,0.2043180747087,0.14722341249903,0.14802213203749998,0.019497491107510506,0.019550308666070708,0.016595435923129693,0.01849440390531722,16502,322.12999987602234,30.224036445231903,0.09730963849955132,7.155098746059931,2.3041622463912907,357.75314610806447,0.2839827889218835,0.5743035364973096,0.7305435956632,0.6039028365096,0.021430946393651708,0.019485063066161712,0.02197627795564622,0.02093625993751558,15.0,50.0
DVST_XI_6-8_Mar_2025_06_10.41.14_trainee_31_sea spikes_1.csv,trainee,31,sea spikes,sea_spikes,1,73360,18340,357.8,4,18340,357.7999999523163,4.8766769195846145,0.014208797130150101,2.557208805985964,0.32801510851834254,127.86056223663248,0.26528164022029554,0.0718629,0.09637670000000001,0.12141969999999999,0.017065318998583365,0.019154594513433324,0.0221823022774774,0.019355214897871394,18340,357.7999999523163,65.82351155458082,0.19232315656880172,10.791740818532693,3.939022868093517,719.0860943184465,0.169311303778832,0.59540081388005,1.6809028418669798,1.10029906540096,0.015198298514586145,0.012296429854725243,0.02066072848521326,0.015688203439830326,18340,357.7999999523163,12.106226401612393,0.03527413947475578,3.5438316793286835,0.6594901734067008,177.19175294965805,0.19799334751076939,0.1398126270736,0.19973708623789999,0.16882842967189998,0.013803644363860067,0.012690747317666572,0.015168525082168625,0.013850797213627586,18340,357.7999999523163,38.43949210386878,0.11199004482026761,9.863874465590941,2.5454058139141473,493.1941936261825,0.2272206772452151,0.48019819262639996,0.72057529435793,0.6466632795828999,0.015302849381281012,0.014496785736167783,0.01775828997869397,0.01579362137673456,13.0,43.333333333333336
DVST_XI_6-8_Mar_2025_06_10.41.14_trainee_32_camera target_1.csv,trainee,32,camera target,camera_target,1,40868,10215,199.32,4,10215,199.3199999332428,3.837654882199344,0.020006139984403724,3.723363601150854,0.8902234215244731,202.5889423956329,0.3049735656941453,0.1130318,0.09077740000000001,0.1064572,0.026395097792158994,0.028583929047278425,0.02561595037312253,0.026836047870952125,10215,199.3199999332428,55.73357151707189,0.2901595293584886,51.25544838570969,11.05787762721064,3416.9339784323583,0.060603093792833365,1.453370670972388,1.479576457334664,1.351047273770659,0.02631116194618279,0.02514239205762198,0.02536805113786757,0.025602236722522553,10215,199.3199999332428,8.587586665879183,0.04474308281869534,7.600029453882185,1.5486822934101134,380.00183509209955,0.24544742510280007,0.22050426258684003,0.1377983281833,0.2314440367403,0.020298284531518027,0.026306335788206774,0.02079571414469892,0.022309911360410033,10215,199.3199999332428,28.714471779535135,0.14832621987169978,28.89934702050656,7.282017084434781,1718.24897011052,0.2807910710789113,0.8871833861088501,0.8590660040011141,0.7317117419673,0.030403188706373607,0.02805923851591601,0.0276110197786699,0.028665475770959098,20.0,66.66666666666666
DVST_XI_6-8_Mar_2025_06_10.41.14_trainee_32_ring rollercoaster_1.csv,trainee,32,ring rollercoaster,ring_rollercoaster,1,89272,22317,435.43,4,22317,435.4300000667572,3.2910668398653673,0.00801230691099433,4.721743815035218,0.23611968827180696,314.7832212030212,0.20061839039254348,0.0977384,0.08381720000000001,0.13475240000000002,0.027501886428918428,0.03487098093239516,0.032292236621285185,0.031403273740682885,22317,435.4300000667572,82.81638688879823,0.19849676457783605,9.200217786994518,4.011375413744474,613.2456765562196,0.09226563900340563,1.5934759935863754,1.73507970310334,1.2044489962049,0.020077803432510512,0.016728256934668614,0.017455714999350613,0.018031624035863187,22317,435.4300000667572,13.096270470853767,0.03156773992469983,6.963410997828012,0.6905862147977049,464.22784257737123,0.06658899444344865,0.2652081598982,0.31137366187390003,0.2122943464556,0.021942532104445748,0.018118198764461052,0.019631908249612216,0.01983603013027205,22317,435.4300000667572,58.702167858638376,0.14080850529202352,9.911134358926754,2.9906430495224137,659.9299090980286,0.138913783832228,0.7445225543598001,0.8904021552061999,0.79638228193608,0.013870045656605441,0.013117334214129667,0.014344973685722183,0.013768112633546813,17.0,56.66666666666666
DVST_XI_6-8_Mar_2025_06_10.41.14_trainee_32_sea spikes_1.csv,trainee,32,sea spikes,sea_spikes,1,23592,5897,115.08,4,5897,115.08000016212463,1.001828126735437,0.009770419674963372,3.895683186645552,0.40282215245834246,259.64857729727817,0.2633989145183175,0.0483262,0.0874406,0.0856427,0.06488654760606839,0.06421600417571705,0.08637906907414639,0.07113262269258241,5897,115.08000016212463,19.844390801309938,0.18111726835804975,52.8840536886261,4.319243478846035,2643.9309054687055,0.02086160108548168,1.284948898595714,1.188496148171784,0.9505802272578197,0.062273610555925785,0.055692863139692926,0.05356184228356163,0.0570584144645535,5897,115.08000016212463,3.3388609184147016,0.031286810552508315,6.852989088622891,0.9388491660466828,396.18658041021877,0.12890094979647218,0.19523864577490002,0.13570099505798,0.13906197617304,0.048750163961947465,0.04935018248867599,0.041143135476860236,0.04625805943661499,5897,115.08000016212463,8.838820092055236,0.08199771947762689,14.867655810093776,2.516650783707811,991.0469433278843,0.14806648575305292,0.6128678361237999,0.441916788191,0.33028900373669995,0.058878857045880015,0.050902156066248205,0.04322380681883927,0.050598718866729155,14.0,46.66666666666666
DVST_XI_6-8_Mar_2025_06_10.41.14_trainee_33_camera target_1.csv,trainee,33,camera target,camera_target,1,32748,8185,159.77,4,8185,159.7699999809265,3.2515531748387314,0.021154953313210916,3.67526157372373,0.9642968422651639,245.01767191530945,0.2829912023460411,0.07388890000000001,0.0722367,0.0761027,0.022468686712211507,0.02306209582972314,0.022802796986935537,0.022776563244068935,8185,159.7699999809265,36.613131840293356,0.23579451747253433,49.299883247339906,9.972477172727192,3285.4260338906806,0.08333333333333333,1.24141768418,1.4318887289300801,0.62785936958137,0.03641469859641919,0.024113112602193867,0.025896969520135163,0.028330852727191762,8185,159.7699999809265,7.260706479412134,0.04691402816580283,5.276819728101724,1.8997375146624025,339.758380681163,0.25476539589442815,0.133870810307944,0.14791230464279,0.11961936043548,0.019380555352674668,0.017428692345846188,0.018319938424664166,0.018359112242729056,8185,159.7699999809265,24.492816847337387,0.15746594560913088,55.290226032636845,8.982085078870474,3685.4354208252885,0.260752688172043,0.7702075075404999,0.847973713294499,0.6047035381533399,0.032995623062118826,0.02786354654164339,0.029236387856666112,0.0299551947427068,23.0,76.66666666666667
DVST_XI_6-8_Mar_2025_06_10.41.14_trainee_33_ring rollercoaster_1.csv,trainee,33,ring rollercoaster,ring_rollercoaster,1,29024,7256,141.66,4,7256,141.6600000858307,1.4243320760839646,0.010653050335225069,2.4153217208113547,0.43760510992147145,161.02160161625616,0.25086147484493454,0.06167691,0.0453198,0.057039400000000004,0.03711880971756323,0.04164256988662454,0.03569605415485918,0.03807009192449383,7256,141.6600000858307,17.59446244105795,0.13021854371917171,8.585632341472513,3.8047754874533535,572.3443613731274,0.04989662301860786,0.53997400170573,0.8580135246273,0.72752562499432,0.03868632619730635,0.03562333458810239,0.04490505282763639,0.03955448706187495,7256,141.6600000858307,3.242948042178827,0.02415117953310341,4.03459915536816,0.7799090255252178,268.9735335376947,0.2169538249483115,0.11449294684186002,0.09952409558663199,0.13756090363237,0.0329164882826648,0.03869874545543815,0.03608042456256241,0.035820145079154105,7256,141.6600000858307,11.820786152014842,0.08726018140153004,7.202441741636561,2.3906065287016225,480.1632406951211,0.21984838042729152,0.559818736677,0.35599868250700006,0.8044466893087001,0.0377660487701396,0.05677092737107744,0.04527166518719345,0.04595696453810126,21.0,70.0
DVST_XI_6-8_Mar_2025_06_10.41.14_trainee_33_sea spikes_1.csv,trainee,33,sea spikes,sea_spikes,1,40460,10113,197.39,4,10113,197.3899998664856,1.7479520253685057,0.00906019024726275,1.9500956778993435,0.2994763904635518,97.50487688286398,0.4397745253164557,0.03995756,0.0663141,0.0634862,0.029449159981552404,0.02881440379058,0.03712043848339437,0.031581436647262755,10113,197.3899998664856,25.71007137783388,0.13504013159274317,9.799014503937148,3.1334287611388083,653.2478125838429,0.2782832278481013,0.7761218415621602,1.1921045711965101,0.8192594274048202,0.03741268238697151,0.0310150434694225,0.038438339483169895,0.035463801418616804,10113,197.3899998664856,4.5690959937344395,0.023805897183984046,3.582671354573453,0.6776816208715277,179.13373856391834,0.3999208860759494,0.12734759610484,0.16787035661185,0.15701034522432,0.03200015631596045,0.030947760519255473,0.03553209858143173,0.032769317422926277,10113,197.3899998664856,9.532342906198103,0.050206676103908686,8.044247104974355,1.5942081397286139,536.2771407850354,0.40941455696202533,0.41930791489100006,0.22171038705180007,0.6486900128414002,0.03198599709015913,0.05471236388227588,0.039784322716779195,0.04113887841774056,16.0,53.333333333333336
DVST_XI_6-8_Mar_2025_06_10.41.14_trainee_34_camera target_1.csv,trainee,34,camera target,camera_target,1,178200,44545,869.68,4,44545,869.6800000667572,10.252128709584792,0.012345165202017104,3.3120592893672987,0.4948942235129688,189.36475647328524,0.34226831896551724,0.1167082,0.1113944,0.10879349999999999,0.01112162672886271,0.010991022829797843,0.010737893785099942,0.010949018163276304,44545,869.6800000667572,193.68673906395344,0.23181165310484542,51.0153894960853,7.883860829214551,2550.45023357924,0.18186512212643677,1.9756900169379799,1.85987930658096,1.3463607772069799,0.009896961857521383,0.008420545770929662,0.008170021875400954,0.00879741580032993,44545,869.6800000667572,28.44202948926302,0.03419531833765587,10.527568868460401,1.101997920667874,526.378945417101,0.28398886494252873,0.3338700610499832,0.2647489225143,0.24994328230009902,0.010453103644705178,0.010156612661942661,0.00904434775572173,0.009865606741629002,44545,869.6800000667572,109.56010495107057,0.13134297758066946,32.04115228135211,5.398648078316798,1602.0591419102625,0.3076284123563218,0.8830786780408,0.9073205510082,0.8527460804059999,0.00817010491977731,0.007920582570309288,0.008028562642026043,0.008039101646408559,18.0,60.0
DVST_XI_6-8_Mar_2025_06_10.41.14_trainee_34_ring rollercoaster_1.csv,trainee,34,ring rollercoaster,ring_rollercoaster,1,139856,34963,682.19,4,34963,682.1900000572205,4.105901302581832,0.006286926359454775,2.4498178245528077,0.19987486338345828,149.58307046986653,0.3112808191751044,0.07877880000000001,0.063273,0.0800742,0.0171951270143501,0.019343830550339572,0.017335924695423506,0.017932119583571767,34963,682.1900000572205,66.27391938058291,0.1011245331806396,11.008559243451042,2.24649115818833,733.6355702780388,0.046707854241748184,0.8315316060116342,1.5753509740256,1.3748453893641401,0.017269723661484826,0.016133316590184164,0.02220613309854346,0.0183580829431444,34963,682.1900000572205,10.734059304040834,0.016397084524868762,3.42190001992533,0.3723012542963457,180.74093976469118,0.25953892797894856,0.1346570139102936,0.22883383986281,0.18301156701244864,0.016353496543262607,0.014624794395382305,0.019064938275026286,0.016582318993962158,34963,682.1900000572205,43.82931984862492,0.0667990984311335,8.545769085532385,1.5614834718435266,569.7184823613766,0.27712945483667983,0.726669255652,0.8163062473430001,0.8376018108812,0.01757236526100886,0.01780010096313979,0.018866034864598234,0.018070816398319377,14.0,46.66666666666666
DVST_XI_6-8_Mar_2025_06_10.41.14_trainee_34_sea spikes_1.csv,trainee,34,sea spikes,sea_spikes,1,130032,32504,634.34,4,32504,634.3399999141693,6.649248261833838,0.010993838373089523,2.8423279726151893,0.37692341695276244,189.48871221819738,0.22256407100882997,0.0685417,0.0700267,0.087757,0.010419256218444577,0.011663953285749424,0.011789629741758357,0.011273554928180557,32504,634.3399999141693,87.34548678638127,0.14367194806323838,12.3785174389381,3.3472974922711702,824.7689629609622,0.05980986370488878,1.11707846670596,1.40500327534188,1.3007711083261901,0.014343001337452543,0.013800722129247649,0.015477422564893836,0.014523796777870936,32504,634.3399999141693,15.307449598504197,0.0252230234298173,4.218636971438339,0.6578426562745797,281.242732976527,0.16093899024705413,0.15888112614179,0.19389042177347998,0.18580209617869003,0.01146598829917842,0.011224283338710105,0.012399399251546202,0.011685758850491727,32504,634.3399999141693,46.68374668456839,0.07679585929334695,8.193513776290928,2.000808234399588,546.2347726828019,0.18247546380334123,0.6721665993220323,0.8149496984291944,0.7691799780082649,0.015853974740764148,0.015402341406365715,0.016959524956283334,0.016058791654511774,14.0,46.66666666666666
DVST_XI_6-8_Mar_2025_06_10.41.14_trainee_35_ring rollercoaster_1.csv,trainee,35,ring rollercoaster,ring_rollercoaster,1,96276,24068,469.68,4,24068,469.6799998283386,3.8690422113408522,0.00851691752961753,2.1998263552130806,0.2910032300841146,115.98277597090602,0.18859849586570823,0.0625444,0.0601404,0.08168019999999998,0.0158516291543629,0.018473498243899975,0.018114989410175794,0.017440290336562615,24068,469.6799998283386,69.32655427833654,0.15338566618732044,9.83784857812092,3.446214588053049,491.6135032566805,0.03660614118918021,1.5349560642007798,1.7021723483390199,1.212582729411276,0.02331578945726697,0.019679046347790222,0.02072324873161721,0.02118543265591836,24068,469.6799998283386,10.376448033832379,0.022953262256421896,2.999717756251533,0.5744339051203068,199.08693858500868,0.12066314870985166,0.19583532100009,0.15124843507013597,0.20637243410040004,0.016586022170805893,0.019374149202104653,0.017026389835633888,0.01762094320644362,24068,469.6799998283386,50.701362704502074,0.11216871239968983,8.306530667714176,2.7194268042135747,421.6418432907516,0.14958241575601447,0.7433465453615,0.87815834562326,0.7904674391104001,0.01593538087742038,0.015118824447826988,0.016432694337110806,0.015819633452462116,18.0,60.0
DVST_XI_6-8_Mar_2025_06_10.41.14_trainee_35_sea spikes_1.csv,trainee,35,sea spikes,sea_spikes,1,90408,22602,441.09,4,22602,441.0899999141693,5.676292497551948,0.013494038323687353,3.503956161390848,0.48884883688832936,233.5973002018021,0.22963585682049467,0.05732704,0.0846918,0.1092054,0.012275400609715142,0.013939174330616103,0.016942518642330155,0.014258819302466032,22602,441.0899999141693,90.27945440686537,0.21334704496866774,14.24634522685912,5.019475248136783,949.5939637808546,0.06729790717224901,1.33022017650241,1.6775135901712301,1.1839363240232639,0.01654648931633549,0.013900710933140378,0.01561019292237526,0.015312650915386933,22602,441.0899999141693,11.662929710345633,0.027553791324432867,4.150216695965234,0.731770047109241,207.51103269620396,0.1573381708773948,0.14192031289358,0.1864244440762,0.15902014420551996,0.013946526298099256,0.012880736417650784,0.014762837575940544,0.013841788052105805,22602,441.0899999141693,46.06666128219358,0.10896161207284452,11.798194479071887,3.388039758308888,786.5470487145114,0.1859652227777532,0.5962190143820001,0.85903729936765,0.5778281796544,0.015535390857720665,0.012741352543530579,0.015293913585545682,0.01446612176117118,15.0,50.0
DVST_XI_6-8_Mar_2025_06_10.41.14_trainee_36_ring rollercoaster_1.csv,trainee,36,ring rollercoaster,ring_rollercoaster,1,93324,23330,455.26,4,23330,455.26000022888184,2.553904912072773,0.005761371074948246,2.998922326499927,0.22655949252525495,199.92834576652362,0.3822281280809293,0.0784985,0.0693713,0.07892370000000001,0.028894545806328557,0.030819789926130308,0.02897269614393687,0.029549138208963127,23330,455.26000022888184,38.643594630214736,0.08799215322668014,11.841378451601312,2.022997682208777,789.3418004967135,0.1435123665823653,0.5668980567925399,1.55915419352796,1.1979186360240601,0.024328733437850185,0.021324979732226843,0.03536557116632338,0.026375230750107594,23330,455.26000022888184,7.41224288553993,0.016776298410272356,5.009261834270826,0.5132700735294436,333.9511074319825,0.26996442196407905,0.14086449718823002,0.20093634205834002,0.21067702710525998,0.022697623025522477,0.023241262905495528,0.027758001487615345,0.024464861733762663,23330,455.26000022888184,23.78285342187304,0.053918323406428804,8.24560779204822,1.3365833306486532,412.2807827840047,0.29208281537999914,0.6436496048374,0.7506706291499999,0.643321451221,0.029227085241586674,0.027056699030029947,0.0292196338298197,0.028482516788791813,19.0,63.33333333333333
DVST_XI_6-8_Mar_2025_06_10.41.14_trainee_36_sea spikes_1.csv,trainee,36,sea spikes,sea_spikes,1,110476,27617,539.14,4,27617,539.1399998664856,6.271908888092076,0.011947322777230639,3.3812575638772278,0.5443879854303867,225.40287151153123,0.39118626882966395,0.0474951,0.09266360000000001,0.09623790000000002,0.010577407760409125,0.010779478020779434,0.015056634653135467,0.011973881712351073,27617,539.1399998664856,71.20106946541416,0.13727064358018853,14.478747123757604,3.4915235873155406,965.0489491100418,0.12706402085747392,1.0663074545185458,1.4408349004430199,1.011479679768752,0.017408518587024684,0.01458590185344788,0.016955053872917795,0.016267897430308292,27617,539.1399998664856,13.30438077814738,0.02539614916051292,4.7034289212489195,0.9913506567945913,301.21642615759083,0.33813731170336037,0.14962089598745998,0.199932394092,0.12783918434219999,0.012999990732100427,0.010395214494225096,0.012016525506601558,0.011753985124958576,27617,539.1399998664856,45.33479707819839,0.0870975501290942,12.794268355974868,2.807702857683768,852.6491374062925,0.34737108922363846,0.6800799172784,0.601717803164,0.610365027792,0.014110575592274273,0.014211604732071446,0.013367788798276131,0.0138914999489803,16.0,53.333333333333336
DVST_XI_6-8_Mar_2025_07_11.56.53_trainee_31_glove cut_1.csv,trainee,31,glove cut,glove_cut,1,47752,11937,232.88,4,11937,232.87999987602234,1.4030420387637752,0.00621699673696089,1.3833249500672493,0.14693523282630902,74.05694604209424,0.22310656836461126,0.0479881,0.0598365,0.041763800000000004,0.038192596538070826,0.03190774388676499,0.03562972014016296,0.03514761801830729,11937,232.87999987602234,22.588776173906844,0.10051935798995103,52.280239982430764,2.400583908040995,2613.528592551006,0.08109919571045576,1.0316815838876798,1.4333595231707799,0.9427755508570508,0.0538341307626426,0.04366005642625364,0.051462279792212115,0.04945501521321921,11937,232.87999987602234,3.7009917262345775,0.01642592015002268,3.9452535176497587,0.3406831092185123,196.94286834638044,0.0795911528150134,0.07759324383401,0.14486544655183,0.11009902920128,0.028646808484201314,0.024973854933637143,0.034123693725728925,0.029009436191266866,11937,232.87999987602234,20.939340355117984,0.0940088340114985,36.262281278123595,2.527431567616934,1813.1157930281443,0.11997319034852547,1.2800079622392,0.589257923293,1.2050672122564001,0.041475922555457366,0.059312874864131865,0.04024346385054462,0.04626083434435509,16.0,53.333333333333336
DVST_XI_6-8_Mar_2025_07_11.56.53_trainee_32_glove cut_1.csv,trainee,32,glove cut,glove_cut,1,57444,14358,280.15,4,14358,280.14999985694885,1.4746668491304464,0.00547526843029006,1.5827198696106066,0.1733033935405793,105.51475860075573,0.1941909869749948,0.04631518,0.042212400000000004,0.047419,0.029983876693907535,0.03177927289160062,0.030339072559813426,0.030691021732014642,14358,280.14999985694885,30.044000259491654,0.11178954383532137,7.933390863733017,2.595361348919846,528.5751078110054,0.08817998189036706,0.8795348425569,1.05976261611786,0.5206957793373608,0.03213461232756719,0.02252479234517906,0.024725129181256064,0.026157173319901642,14358,280.14999985694885,4.365136361748935,0.016235010778063125,3.0120222275152324,0.4467192662683739,200.80167333374737,0.10796127324649997,0.10510236509854741,0.09797408010021,0.08784560352155998,0.023246845358480882,0.022012453159410982,0.021252880367598793,0.022155595269819743,14358,280.14999985694885,25.965308651616454,0.09648591348093628,12.168839182614962,2.6837541613489106,811.2567191823612,0.1171553945810406,0.7838207246643999,0.6196621486979998,1.0308967631395,0.026840609028631786,0.034619633801211275,0.030781627821947308,0.030582205775877242,13.0,43.333333333333336
DVST_XI_6-8_Mar_2025_07_11.56.53_trainee_33_camera target_2.csv,trainee,33,camera target,camera_target,2,37532,9382,183.12,4,9382,183.11999988555908,3.8381380494668056,0.021895186001990644,3.7814557707563905,0.9910119094976354,252.0972918024718,0.36168851934761753,0.07718380000000001,0.0935166,0.08371070000000001,0.02213537282976949,0.02094271456842351,0.023052299311706322,0.022026459162760553,9382,183.11999988555908,57.87932651386014,0.33287860026404453,67.4031946619756,15.2571918999283,4493.4920112034915,0.10382688412749173,1.2306947658161598,1.3637108773930429,1.47056456485995,0.022382719906180834,0.02324308423833746,0.024466944211950063,0.023348668328484833,9382,183.11999988555908,9.762014907958742,0.05542888503499419,9.648767928205265,2.376287800714909,611.6239610377886,0.29271932629783604,0.2151653666384,0.19852416906090004,0.19339940704401204,0.021171586871054096,0.020896535375956447,0.020072191697818247,0.0207081275407681,9382,183.11999988555908,81.22433812032696,0.4692430676176334,140.87152593569368,25.68053274673751,7136.5632286164855,0.3194755356571794,2.2196791908042,2.2220828119649996,2.20860699345854,0.027342551845972816,0.02725951632613928,0.027274271571477007,0.027292089292281333,19.0,63.33333333333333
DVST_XI_6-8_Mar_2025_07_11.56.53_trainee_33_glove cut_1.csv,trainee,33,glove cut,glove_cut,1,50116,12528,244.44,4,12528,244.43999981880188,1.6024056256570178,0.006813951173804364,2.005619984039397,0.19909578230065672,100.28109483747441,0.2663846092440329,0.04652902,0.0552382,0.045996800000000004,0.03163801669004089,0.02887043324365971,0.03145655129614018,0.03062841713151394,12528,244.43999981880188,24.983815567429,0.10716736596831128,34.61453395124181,3.481878369202248,2307.405843998755,0.15167238764269178,1.0239379865237899,1.23772648475181,0.7870369721749699,0.04505991874671048,0.035931523312706964,0.039504916119356234,0.039991932669945156,12528,244.43999981880188,4.0220931582856,0.017086780601681596,3.515165102480113,0.4053748005154096,175.7584227402993,0.22702961602937655,0.100341804022368,0.15547119398752,0.09290415642106999,0.031053731525948695,0.024005259172908213,0.029880675674587437,0.028136508376217874,12528,244.43999981880188,26.36679656876051,0.11399521769469548,53.31191141976243,4.308177966652289,3554.1025719709965,0.22495409914584497,1.1755998017538,1.0508371267164,1.4475026279662,0.042154125851597335,0.049474574076601954,0.046775669916239444,0.04603421297946379,18.0,60.0
DVST_XI_6-8_Mar_2025_07_11.56.53_trainee_33_sea spikes_2.csv,trainee,33,sea spikes,sea_spikes,2,47264,11816,230.57,4,11816,230.57000017166138,4.356950107988199,0.01951832500956891,4.445918157744043,0.6919280985750887,296.39482651373646,0.2023698688108337,0.0709669,0.0797261,0.1526648,0.017264165495355567,0.023889925040929207,0.025321365947505507,0.021858272495999045,11816,230.57000017166138,62.93332633218294,0.2841355308487426,12.765028453983852,6.556778864330349,850.8570259049995,0.04214980956411341,1.39205153621434,1.6403157151332803,1.36199741806338,0.024011024610329324,0.02187938508944723,0.02375041365708259,0.02319382241883691,11816,230.57000017166138,11.574735175455714,0.05203786992380121,7.996491862577204,1.5763710115129996,533.0999659088925,0.14794752433347438,0.13918865317100002,0.24232201657892,0.2741510174349,0.015866724834873443,0.01687663212903626,0.022267953456425068,0.018133617872033034,11816,230.57000017166138,61.92273338748709,0.2778864605215903,27.187612041359348,8.9410137387072,1636.202169255141,0.1683453237410072,1.0792796127820001,1.2060506504366,1.201846687979,0.01842466675916205,0.01839252705451893,0.019442727547922596,0.018747041691224056,20.0,66.66666666666666
DVST_XI_6-8_Mar_2025_07_11.56.53_trainee_34_glove cut_1.csv,trainee,34,glove cut,glove_cut,1,167604,41900,817.59,4,41900,817.5900001525879,3.6128122763145347,0.004577268410537466,1.931701826365426,0.12722285977268416,128.78024457210677,0.26523306045490347,0.0691542,0.061366500000000004,0.0475883,0.018031404745596624,0.015878664777715434,0.01495789142679146,0.016239449619651517,41900,817.5900001525879,57.83851662995052,0.07345137816706901,8.469083679079864,1.7134732101514218,425.152286802823,0.05656459581374257,1.04539588349075,1.2857414789918202,1.2568371935771498,0.020044723690160755,0.01981813391840716,0.021978557905811394,0.020591469553001826,41900,817.5900001525879,7.402020095386226,0.009391673739247703,2.0073184487535913,0.21078925934667678,133.82135753889776,0.12083820616243825,0.10271736169373,0.09680541697539999,0.09848203392126999,0.013471671932058959,0.013587832133078922,0.013191010768066553,0.01341580020663834,41900,817.5900001525879,55.84063407271776,0.07064181618276578,21.347698025581767,1.93270435252271,1423.1812256235003,0.12828468459867778,1.201173005127,0.6346395417180001,0.8633670661849999,0.01563565231005026,0.01823686485225908,0.013255953190328157,0.015577307102710892,12.0,40.0
DVST_XI_6-8_Mar_2025_07_11.56.53_trainee_35_camera target_2.csv,trainee,35,camera target,camera_target,2,34488,8620,168.29,4,8620,168.28999996185303,3.890165246687334,0.023706859904135215,3.7303360447344254,1.0800688495082023,186.51698011317478,0.31848242255482073,0.12000550000000001,0.1015278,0.0744163,0.028374290674659193,0.024292184008545985,0.022343874047141155,0.02487997941706546,8620,168.28999996185303,50.6675559974661,0.3094574550936463,41.564488484183265,12.581728075159301,2077.930622333471,0.10906137602970183,1.227988671157,1.4282164184999202,1.0240269241318,0.026137511363140593,0.022132114669403746,0.023868368940170408,0.023990352513165676,8620,168.28999996185303,8.694812864844558,0.05301539934686058,5.780395357640175,2.146188975720557,357.0143768337157,0.25931082492168467,0.19005398384104,0.18545605377392,0.15907192554940003,0.021592292596453972,0.019997468372459755,0.019754090406123564,0.02043197134170931,8620,168.28999996185303,84.61315584425978,0.513277309889753,100.77622629201412,26.667345121999382,5038.816119990224,0.28355957767722473,2.0725601502943998,2.3300759645659,2.1541627355929,0.025971720377759622,0.024972092379294337,0.026478074577790164,0.02579966206627305,18.0,60.0
DVST_XI_6-8_Mar_2025_07_11.56.53_trainee_35_glove cut_1.csv,trainee,35,glove cut,glove_cut,1,45700,11425,222.99,4,11425,222.99000000953674,1.7290258606193407,0.008207209332356876,3.0216718316752478,0.323658302242315,201.4449808912543,0.4177170868347339,0.03657395,0.0535543,0.0522957,0.025596560880059103,0.02529399537148249,0.03060755755902187,0.027060921152478032,11425,222.99000000953674,34.39899916758688,0.16245939955760622,24.76119946564083,5.336434516177263,1646.934153152257,0.3073354341736695,0.70880334592245,1.16896985810618,0.7440362538312499,0.026461760168076796,0.02111125838388537,0.027111459529325324,0.024741645657874966,11425,222.99000000953674,4.076524411626467,0.019212974859902712,3.163854875514471,0.6016995416375917,172.6313876516532,0.13900560224089636,0.07228746806424999,0.08570567443689998,0.09454355291922001,0.019308398244613577,0.020279508206503576,0.022081608235606034,0.020524761646111285,11425,222.99000000953674,44.53779670879373,0.21093540174615674,46.404140680248005,8.548845074862355,3093.6123289818233,0.39215686274509803,1.284201153603,0.9865384203680001,1.1710903268105,0.025272301897221117,0.027534867825622006,0.0241336755545874,0.025608477293829722,16.0,53.333333333333336
DVST_XI_6-8_Mar_2025_07_11.56.53_trainee_35_sea spikes_2.csv,trainee,35,sea spikes,sea_spikes,2,28956,7238,141.62,4,7238,141.62000012397766,1.9255166758170432,0.014226385958937141,2.937185658262424,0.5428728197356657,195.81256395890802,0.17838883515268758,0.03445943,0.06544620000000001,0.0486809,0.02466317463878854,0.02127090950507288,0.02931394257994979,0.02486774604677462,7238,141.62000012397766,24.95732604979346,0.1828266250827181,52.88069141145703,5.063635821290117,2586.26287988391,0.01865413845516098,0.9672785551598599,1.0507443317252299,0.9930386547808999,0.04039487372461447,0.039269991200293376,0.04092922790833431,0.04019205422571765,7238,141.62000012397766,4.078487927698669,0.030183793195702142,5.1156329048379,1.068415814809905,341.0425188993511,0.13693519414121874,0.0785708208359,0.1522752465433,0.1066328647875,0.026819218568694812,0.022442798103221303,0.031243595971477692,0.02659263535318859,7238,141.62000012397766,36.22164651483589,0.2661837025889041,26.203838278530746,9.896843579012762,1746.924217898809,0.12353185021417715,1.3984795573803,2.1369569594419997,1.253059798671,0.04772629933000613,0.036546498321064616,0.04517681379880371,0.04287193084217164,21.0,70.0
DVST_XI_6-8_Mar_2025_07_11.56.53_trainee_36_glove cut_1.csv,trainee,36,glove cut,glove_cut,1,52232,13054,254.78,4,13054,254.77999997138977,1.7939669281495827,0.007253869974330939,2.3963916424644025,0.2721079147074608,119.81969639218717,0.3679613881866238,0.057452600000000006,0.06804299999999999,0.0618324,0.03485235570148615,0.033223735683361906,0.03615641362311928,0.03472337913252403,13054,254.77999997138977,30.83302930726633,0.12580096104764785,13.42080831948486,3.2241226768375926,894.5486742544228,0.16042289128935877,1.02224560639194,1.18197424183795,1.1790522082212,0.03565048452701686,0.035606390344267845,0.03828726360874891,0.03649353253038307,13054,254.77999997138977,4.122486440745508,0.016703725331545162,3.464692085098614,0.4349642022139344,173.23476946448105,0.26660537807400597,0.08791930130641999,0.1510587506794606,0.10001746555575901,0.027954763501030235,0.0227468257537979,0.029816154562236095,0.02666507143283908,13054,254.77999997138977,38.206690074979875,0.15592077684195418,24.932313136436534,4.456091701124199,1662.1557942510597,0.2798590362368804,1.465644088435,1.7755571876370002,1.1048254377630002,0.04222232819568007,0.033305938618835525,0.03665850497500961,0.037217414669255725,18.0,60.0
DVST_XI_6-8_Mar_2025_08_08.21.32_expert_3_camera target_1.csv,expert,3,camera target,camera_target,1,20000,5000,97.81,4,5000,97.80999994277954,3.7823998578372375,0.0406483221210421,4.6137184535381754,1.8985334211712246,307.58152356847756,0.34146829365873177,0.12524580000000002,0.11412449999999999,0.08644389999999999,0.03160847847898967,0.027509412981500222,0.026259665006054925,0.028369914821660767,5000,97.80999994277954,40.11218887962422,0.42737189265101233,54.14512140925207,20.72279277537214,3609.2045714879678,0.15843168633726745,1.067066715408584,1.429528840167336,0.7342976060195054,0.030790439342119263,0.02206761920330828,0.025542073793798338,0.02589062339014965,5000,97.80999994277954,14.614122158985584,0.15555151068702822,26.661414839838294,8.56052504362953,1777.429351077941,0.32606521304260855,0.5094643384851001,0.5514770875405,0.583522955938,0.03627002861411644,0.03730895926309604,0.03881682202679028,0.037450734213386946,5000,97.80999994277954,7.464832857751363,0.07923841073854589,9.15488413167938,3.4733787591792353,457.7446431232786,0.27985597119423883,0.15720181619996,0.26135461266319,0.18362751393853,0.027153372425922813,0.022760278340780853,0.029347010936864766,0.026273730427929052,27.0,90.0
DVST_XI_6-8_Mar_2025_08_08.21.32_expert_3_suture_1.csv,expert,3,suture,suture,1,27012,6752,131.74,4,6752,131.74000000953674,2.639670731850845,0.021117461767025524,5.006527718029497,0.5499740811709927,333.7688328420633,0.04843726855280699,0.07676150000000001,0.080092,0.0692025,0.02970410959853709,0.027611046113559492,0.02820367517871036,0.028492793772623294,6752,131.74000000953674,31.776443252834568,0.2527156348464645,16.02465559850435,5.446995793683187,1067.4804558824178,0.0202932898829803,0.9186196434133839,1.33473882443077,1.03977210950135,0.034846625320217796,0.030756128097802107,0.03707335959800099,0.03412333293492749,6752,131.74000000953674,9.994101258368598,0.07943751502738726,5.966190163351664,1.904465515620599,397.74639021062774,0.04503036587172271,0.3651217572432,0.39336909496940003,0.360968098617,0.03792060253785315,0.036325326125584284,0.03770429145685902,0.03730999393593127,6752,131.74000000953674,4.8690492555850415,0.038653185692666514,4.805358701415542,0.8208545867042415,240.26816420835434,0.042808472818841654,0.110701400223224,0.09714542720744,0.133076333112,0.02129823283047893,0.02492773400976209,0.023351642114040155,0.023144506917500206,28.0,80.0
DVST_XI_7-11_Jul_2025_10_09.40.17_expert_6_camera target_1.csv,expert,6,camera target,camera_target,1,28216,7046,137.95,4,7046,137.95000004768372,3.9867170744702576,0.03020792552545174,6.349500232224817,1.6379927967613237,423.30041917239237,0.31682044002838894,0.1039943,0.0882956,0.052324899999999994,0.02403581667215205,0.01850305992392338,0.017049369317143397,0.0196458241429822,7046,137.95000004768372,50.82412135771985,0.3914315535451562,69.79125400898693,17.79328854334252,4652.636075356324,0.0965223562810504,1.7319582671903402,1.9017719742300998,0.7626235360271699,0.03570903004898485,0.02261277879716147,0.02369542182219482,0.026746408756920276,7046,137.95000004768372,7.531655952420255,0.056925785056920836,7.436849059683099,2.820910953144537,495.79041013478707,0.23435060326472676,0.18050999392801,0.16451507775500998,0.12411695315819998,0.022880368051336464,0.01987356161525143,0.018972647302677916,0.020509522457054535,7046,137.95000004768372,63.34645888634133,0.48407805769612766,104.26759101890383,29.467041371919493,6951.179363754816,0.24428672817601135,2.11986247868542,2.0877391194159998,1.8167659618586,0.03321005661380937,0.030979970061742888,0.03074434636500398,0.03162558914635151,25.0,83.33333333333334
DVST_XI_7-11_Jul_2025_10_09.40.17_expert_6_suture_1.csv,expert,6,suture,suture,1,40968,10234,199.88,4,10234,199.87999987602234,3.1477206943621794,0.016390000698874262,2.180261154263915,0.46211475686211173,145.3508822349976,0.12264243134955537,0.05562844,0.0814686,0.05240399999999999,0.02138687730249664,0.017152778136371817,0.02075779202126434,0.01967377354528837,10234,199.87999987602234,71.31001101845729,0.3746032841963777,17.109118126775257,7.8771463839535265,1138.3427523508997,0.04876380338121763,1.2707991372719203,1.6768529623557198,1.31387113709608,0.020470829605063603,0.01812025638372197,0.020814854229449797,0.01976473754662127,10234,199.87999987602234,8.695278518824407,0.04552911509841251,3.21323215010696,1.0003131840567965,164.1820460014744,0.03918694420013681,0.16343961616924998,0.17035784261993,0.13420546415039003,0.019190055695380768,0.017032573377729964,0.01738932272526993,0.01784622608075516,10234,199.87999987602234,66.53055186790263,0.34810570963302256,25.393755991968487,8.485921017019947,1269.6811925738634,0.06351998436431154,1.4520103595798002,1.1327063122179999,1.488317619442,0.019276242974778018,0.02209589223561652,0.019515754490828725,0.02025690510821945,26.0,74.28571428571429
DVST_XI_7-11_Mar_2024_08_13.12.17_trainee_10_ring rollercoaster_1.csv,trainee,10,ring rollercoaster,ring_rollercoaster,1,43764,10938,213.59,4,10938,213.5899999141693,1.9200591700391199,0.009376811267920287,1.9684822348012805,0.34916293878972743,131.23227413960137,0.27722410167321937,0.0588632,0.0430255,0.0679841,0.02621019696290488,0.032946629938310816,0.028167741520261986,0.02897417661510663,10938,213.5899999141693,36.01163877035135,0.1767893808701794,14.501065674380223,4.293870996304709,966.5275002255447,0.12572003291579043,0.5253190987464978,1.3642489042533001,1.35640389396892,0.023507991063455396,0.023440303151058585,0.037774474871768514,0.027508002737102293,10938,213.5899999141693,4.651032683080285,0.022655531486578374,2.899791262239963,0.5999037742541963,193.1120559031211,0.24677699551979518,0.11937501446909998,0.11747407400736999,0.169494428143384,0.02546116917029629,0.030583348973557464,0.030338865517141957,0.028693767383133468,10938,213.5899999141693,58.19826061887102,0.2867326201556837,34.407556810798056,7.818423943929553,2293.8393082955045,0.23973667367651091,1.737006101035,2.341825184177,1.8319260857620001,0.03465515957645047,0.030650999452329943,0.03558944410091106,0.033561748807471814,14.0,46.66666666666666
DVST_XI_7-11_Mar_2024_08_13.12.17_trainee_10_sea spikes_1.csv,trainee,10,sea spikes,sea_spikes,1,102148,25533,498.81,4,25533,498.80999994277954,7.628101706409703,0.015673090073114238,3.831846364218616,0.6496079061038967,255.36384232304246,0.35856963810120634,0.0689014,0.0655667,0.12332599999999999,0.008811284241121257,0.012084393847618752,0.01178833613495221,0.010787120523637138,25533,498.80999994277954,79.52845620243532,0.16597454898504763,12.373362730399084,5.1619150069409665,824.4435512407165,0.19504934983550054,0.5916694119979002,1.14972437647859,1.4091991958249,0.010370838625793436,0.011481620818983752,0.01600517809206335,0.012398215931203825,25533,498.80999994277954,14.053017643371957,0.029200783644126788,4.513180873871576,0.9384562341935423,300.0568069617294,0.33769387435375214,0.12846499662565758,0.11607612628431,0.22043024691580002,0.008689489575662516,0.011974528086192676,0.011382494659278366,0.010580268998421821,25533,498.80999994277954,144.56658252970618,0.30045337216187484,28.97853694543192,10.774252019008063,1931.8488705015918,0.3221447595174683,1.621599240068,2.3495411249721,1.550597386778,0.013501915228037755,0.010968654963338324,0.013203015548101674,0.01250471973094987,22.0,73.33333333333333
DVST_XI_7-11_Mar_2024_08_13.12.17_trainee_11_ring rollercoaster_1.csv,trainee,11,ring rollercoaster,ring_rollercoaster,1,69072,17267,337.01,4,17267,337.00999999046326,2.6528756871589123,0.008038993839641741,3.3657450832939957,0.2785531563799946,168.2874146560849,0.4292829838989922,0.0673078,0.0915784,0.09363939999999998,0.02959458974846661,0.029925754536891554,0.03490671155726227,0.03138499931883581,17267,337.00999999046326,59.38226711936761,0.1828418129795235,20.197364352384973,3.913034976047442,1346.2139200858553,0.2880806208733928,1.29083210533936,1.57315200324462,1.5248524601922901,0.023997359014833654,0.023626098890231942,0.026082095573255547,0.024545166517529405,17267,337.00999999046326,7.617953867561617,0.023358646770076694,3.759824886360293,0.5510332101534423,209.8547984406804,0.395748870612765,0.2007790946988,0.19490157354590001,0.21456902484521,0.025967406718856886,0.02724610470320226,0.026844347250904795,0.02668058103502569,17267,337.00999999046326,79.97054351427727,0.24600327190356727,34.69179563941521,6.051769807210507,2304.7554822035804,0.39794972778871773,1.8627772331252002,2.5156413300388,2.55124049426,0.027069159656816093,0.027260016400256878,0.03167889414564763,0.0285928184268741,18.0,60.0
DVST_XI_7-11_Mar_2024_08_13.12.17_trainee_11_sea spikes_1.csv,trainee,11,sea spikes,sea_spikes,1,48108,12021,234.83,4,12021,234.82999992370605,5.386727733138916,0.024356699969953162,4.438584039624735,0.8600749584227455,295.9058848394915,0.19650582362728786,0.0675615,0.10185,0.2144817,0.015399447273867327,0.0223470261972052,0.027437883841360613,0.02113611491450051,12021,234.82999992370605,65.69576903707141,0.29549701345071755,24.508940216514844,8.011369118086511,1633.5357844150642,0.07703826955074876,1.291936248190225,1.54836110036976,1.4806717431692482,0.021528772420108224,0.021052929450988248,0.023047727969087953,0.021860158529310773,12021,234.82999992370605,10.884352086341266,0.04891543263389936,5.577017116616996,1.4503550116409674,371.80149568533693,0.1348585690515807,0.20827697872274,0.17744322146935,0.28174139176442,0.01766232042855146,0.0222558087430935,0.02054246012701293,0.020062322045985456,12021,234.82999992370605,78.92924994151907,0.3539432899525235,49.2595777149304,10.591645576402694,2898.6756223826405,0.16622296173044926,1.3573803609919999,1.849431227718,1.8491898241210003,0.020073906554868442,0.0200725964030449,0.02342997714219623,0.0211350090671972,18.0,60.0
DVST_XI_7-11_Mar_2024_08_13.12.17_trainee_6_ring rollercoaster_1.csv,trainee,6,ring rollercoaster,ring_rollercoaster,1,35484,8867,173.11,4,8867,173.1100001335144,2.3113610735443593,0.013632486723636981,2.550036231057514,0.40923821515172704,127.50193314819464,0.11718926235055267,0.11665210000000001,0.0897693,0.1428566,0.044273352090443675,0.05585070257164889,0.04899438146867721,0.049481072956125645,8867,173.1100001335144,37.94516997541358,0.22772164954432603,11.107062698473511,5.280755795062168,554.4297582994031,0.009812767877284006,1.3593821278812,1.9135778040459586,1.2948488922766799,0.04250473743729159,0.03496421806096011,0.041483568159396016,0.039504425846348834,8867,173.1100001335144,6.180695571130395,0.03693571038651587,2.8591938475709275,0.9009640754638596,142.9598287156633,0.10230092488157004,0.17954183415546,0.25129081531744,0.24389692064236002,0.03436637964490758,0.033857012531570606,0.040054758095007685,0.035986988931687926,8867,173.1100001335144,77.65777485209904,0.46642306254922467,21.91693762155271,11.640273386982582,1095.8479261596574,0.0967741935483871,2.71071055799,2.4033832982999996,2.3243451588550004,0.03286761193347925,0.03232264863626799,0.030435250948075247,0.03185791332010236,16.0,53.333333333333336
DVST_XI_7-11_Mar_2024_08_13.12.17_trainee_6_sea spikes_1.csv,trainee,6,sea spikes,sea_spikes,1,79812,19946,389.48,4,19946,389.4800000190735,6.017552200973835,0.016334030295498573,3.6250426839461376,0.5587278925655914,241.65295315826634,0.18310353472048133,0.047337500000000005,0.0729548,0.1100941,0.009765842779647786,0.011996783335004693,0.014893236704802755,0.012038929703747552,19946,389.4800000190735,86.16877697797005,0.2331875608582436,20.999725425312217,5.841216939410824,1399.8256066817605,0.049987465530208074,1.11797403420306,1.6219665081540002,1.06576660112798,0.015627405114096434,0.012667677041678987,0.015258156510237215,0.014455350934078483,19946,389.4800000190735,13.298444531702845,0.036089286845667645,6.216493339631181,1.0514564449088675,412.2295473528499,0.15206818751566809,0.12490606216329998,0.17064531728415602,0.23678264889972006,0.010978375973146843,0.012932004575930552,0.015115456883277702,0.012898575282014895,19946,389.4800000190735,153.18304682934212,0.41322601280396387,34.16756738518671,11.988584094062308,2277.8399979966166,0.15292053146151918,2.3100458451700003,2.46253142226,2.061488805652,0.015570067182311952,0.014245906396513274,0.014708577644006708,0.014831454716742963,16.0,53.333333333333336
DVST_XI_7-11_Mar_2024_08_13.12.17_trainee_7_ring rollercoaster_1.csv,trainee,7,ring rollercoaster,ring_rollercoaster,1,74352,18583,362.77,4,18583,362.7699999809265,3.2944231046195664,0.009333112628797728,3.7979635842678676,0.3894583440827604,253.19781375277645,0.30115165213647616,0.0672272,0.1004148,0.1023812,0.024939744524083835,0.025182755235178354,0.030777234707357982,0.026837472580797442,18583,362.7699999809265,51.14109682434114,0.14712977270231176,7.799476361340236,3.6101019574915707,519.7593523656773,0.0865891723172963,1.0392425937793,1.40003311888988,1.31690046334264,0.023586178755497508,0.022875200335597104,0.02655067653743537,0.024286561293091077,18583,362.7699999809265,7.1039836044143865,0.02027326684241388,5.847500148756554,0.6414622018002489,389.8337150248386,0.25153374233128833,0.117286271624986,0.1592666867711,0.1899351821843,0.019239071681281715,0.021009917585384858,0.024482920995968317,0.021469597251311427,18583,362.7699999809265,110.89470591906904,0.31941250101715535,31.023829280795397,8.519283959760848,2068.2572578301865,0.25567753740178667,2.358797452422,2.7285983323922,2.3747003553210004,0.022877276234833637,0.021342186961641352,0.022954265455439552,0.022378735605847844,15.0,50.0
DVST_XI_7-11_Mar_2024_08_13.12.17_trainee_7_sea spikes_1.csv,trainee,7,sea spikes,sea_spikes,1,86188,21540,420.55,4,21540,420.55000019073486,5.609452962202658,0.013953179668869732,2.95986281791384,0.5732517150280872,197.32437604411209,0.280700125354009,0.0638839,0.1054698,0.10475910000000001,0.01463319841074433,0.014583812743136158,0.01873869877478235,0.01587266767300069,21540,420.55000019073486,72.39870945695118,0.18084250206229616,9.4896406510144,4.494786526681891,632.5752098054121,0.1012117554204002,0.98052205746303,1.4927943095388898,0.8895078635597,0.016710823207923588,0.01289949638205564,0.015916371105020897,0.015082438116662095,21540,420.55000019073486,9.760974992751324,0.024311612064261495,5.01709000455844,0.8707412388584332,334.47298594885893,0.22935140907191606,0.1115126235097,0.11202511792242001,0.163646197277138,0.011450554586580439,0.01383954383233075,0.013871309555881763,0.013002352033239104,21540,420.55000019073486,103.47043788949445,0.2574021679266675,16.59299357915339,7.081500351538142,1094.7702805176255,0.24211894702632433,2.072538782674,2.415524780676776,1.3502567430385999,0.02162423710351724,0.016167513170256557,0.01745410719898009,0.018273730640118908,19.0,63.33333333333333
DVST_XI_7-11_Mar_2024_08_13.12.17_trainee_8_ring rollercoaster_1.csv,trainee,8,ring rollercoaster,ring_rollercoaster,1,90968,22737,443.73,4,22737,443.7300000190735,3.5456752038369945,0.008265844771806972,4.086267666847434,0.20118492261513274,228.04268755524959,0.327146375791696,0.11132900000000001,0.1151896,0.11841360000000001,0.03193830316041914,0.032382173562091596,0.03293885339304104,0.03241719529937401,22737,443.7300000190735,57.04605315339463,0.13375447413178165,12.93601309234991,2.813912636197658,646.4494849307764,0.2732230823363828,1.47983304885814,1.64205829284152,1.630869741025994,0.027325935823385866,0.027232680840899356,0.028686549978294056,0.027740519309923373,22737,443.7300000190735,10.104698273856055,0.023689088957448468,5.157379209242553,0.49938396148841346,257.86920638536674,0.22066326530612246,0.25521001676498,0.21747060506011118,0.23021438081152001,0.02331448300074629,0.023987872544706277,0.022143341403228822,0.023135926327365358,22737,443.7300000190735,103.17256117343277,0.24210368324054599,25.92010470488118,5.158789005672878,1726.5396368132365,0.30497888810696694,2.651776625895,2.6945788626628,2.3980402069799998,0.025908943668727667,0.0244417606934919,0.024638227890501067,0.0249879457330068,12.0,40.0
DVST_XI_7-11_Mar_2024_08_13.12.17_trainee_8_sea spikes_1.csv,trainee,8,sea spikes,sea_spikes,1,57048,14259,278.31,4,14259,278.3100001811981,3.2243148071779326,0.01214993321357332,5.641861518490604,0.4106606502389556,376.12445993294415,0.2589423481554215,0.052897200000000005,0.0836627,0.08411,0.020632166910071865,0.020687248002328965,0.026016706456605504,0.022310020024555614,14259,278.3100001811981,29.573636458752528,0.11136426027871717,15.218874829031709,2.804408270644878,1013.4976607132718,0.11383083181371861,0.6463140224198198,1.2341863222946199,0.6863651829933699,0.03020003344276504,0.02252136358447465,0.031121696073967125,0.027662310659247326,14259,278.3100001811981,7.055007350848157,0.026501799520968355,6.53100868019344,0.7102123418144691,435.40099391030793,0.19105063823818208,0.10590039686556,0.174387096378,0.16931545370836001,0.019262315701710074,0.01898014922427379,0.02435611421904752,0.02072710784278048,14259,278.3100001811981,44.42463759560254,0.16698522355279913,39.733287786625496,5.135443139585861,2648.8883786185133,0.21068873614812736,1.9152882355542997,2.3270089957269997,1.7956956306679999,0.04752172622504794,0.04174548776797918,0.04601416022618587,0.045026108764160105,18.0,60.0
DVST_XI_7-11_Mar_2024_08_13.12.17_trainee_9_ring rollercoaster_1.csv,trainee,9,ring rollercoaster,ring_rollercoaster,1,40860,10212,199.32,4,10212,199.3199999332428,2.0084450612484055,0.010298283863226097,1.6800585693989436,0.382370537070726,84.00300858145897,0.30623837038487906,0.0645801,0.0562891,0.08780339999999999,0.030019368527940744,0.03749255754123241,0.03500320911104564,0.03402656903340341,10212,199.3199999332428,22.40478542929449,0.1170921730051208,5.466493974339529,3.004396527240391,273.2880308001945,0.129566154147488,0.9370379746117998,1.3247362235460498,0.9167639897624,0.04972817403005466,0.04136819574437198,0.049187266707270395,0.04659871356398546,10212,199.3199999332428,4.365552117026214,0.022637769792988788,2.1835937039333584,0.6265508430218935,110.63000322752339,0.16452844971109587,0.12572990861987998,0.180275378599,0.171048785467948,0.03448643729222648,0.03359232938502503,0.04022434938485328,0.035985357897134786,10212,199.3199999332428,42.105465905576295,0.2187866465977291,15.509149965775208,5.939283399288126,775.4536157552267,0.21094897659386935,2.30179282098,2.4568912893782677,1.9570595138151303,0.05647907932893702,0.05040767362325215,0.05207826526106665,0.05292736310636747,14.0,46.66666666666666
DVST_XI_7-11_Mar_2024_08_13.12.17_trainee_9_sea spikes_1.csv,trainee,9,sea spikes,sea_spikes,1,52752,13185,257.42,4,13185,257.41999983787537,2.9218197164624757,0.011671529982997086,1.656439570675466,0.45044205066136084,104.18789371292011,0.5418689320388349,0.028285938,0.0595694,0.0720803,0.014048937811339014,0.015453973739935005,0.022426757665882254,0.016949233005661642,13185,257.41999983787537,20.868327100549557,0.08453133767179992,5.859522789684021,2.4372008811141757,307.7748866169563,0.4343143203883495,0.48543992573623995,0.99026909144985,0.8778893097202201,0.03322436757076525,0.03128239468538326,0.04467955683312756,0.03594362353680515,13185,257.41999983787537,4.3843161469301775,0.017523573082758825,2.689992625050299,0.6004298157633263,142.6833103331183,0.5152457524271845,0.0875850931461,0.11906864064385002,0.11908574555880999,0.023292276281958044,0.023293949258550897,0.0271598098320476,0.024516619919205174,13185,257.41999983787537,27.033070279789992,0.10898980151569455,16.490158670142474,4.404806638516016,972.3828156051553,0.5133495145631068,1.1178275150239996,1.2122302854084197,1.2401868810949999,0.04306104739664177,0.043554756566154845,0.04535662780479712,0.04397984009269186,18.0,60.0
DVST_XI_7-11_Mar_2024_09_10.19.01_trainee_10_camera target_1.csv,trainee,10,camera target,camera_target,1,7344,1834,35.78,4,1834,35.78000020980835,0.0,0.0,0.0,0.0,0.0,1.0,0.0,0.0,0.0,,,,,1834,35.78000020980835,0.0,0.0,0.0,0.0,0.0,1.0,0.0,0.0,0.0,,,,,1834,35.78000020980835,0.0,0.0,0.0,0.0,0.0,1.0,0.0,0.0,0.0,,,,,1834,35.78000020980835,0.0,0.0,0.0,0.0,0.0,1.0,0.0,0.0,0.0,,,,,14.0,46.66666666666666
DVST_XI_7-11_Mar_2024_09_10.19.01_trainee_10_glove cut_1.csv,trainee,10,glove cut,glove_cut,1,136604,34147,666.32,4,34147,666.3200001716614,3.8986957775322333,0.006047681108582177,1.6895962012782941,0.17844532220800607,111.31789980244085,0.19943770866280092,0.0630741,0.05404249999999999,0.053549349999999996,0.01497524371537028,0.014906760888979824,0.013798296398409732,0.014549929354879964,34147,666.3200001716614,98.62946926894918,0.15448056841553184,6.3857605827455926,3.3390888594863974,393.51467781357013,0.10484390558191296,1.1151305639208997,1.51807372463582,1.7016125654905,0.013191755555161376,0.013966465259971169,0.01629558956118225,0.014426236890437585,34147,666.3200001716614,10.019747846625226,0.015583777034794985,2.758974281454638,0.37914615488176945,137.94884563100297,0.11682188250453933,0.10635740849454,0.09544753677355,0.11795564868106599,0.010055633670630223,0.011178575198247208,0.010589731328047984,0.010598073960212112,34147,666.3200001716614,128.52198044974094,0.2006911860421497,16.413506564661734,5.168197253646467,716.939743818419,0.1538686815439583,1.692949023923,2.346069983164,2.3587039951369997,0.015506543899617474,0.015548240613262486,0.018303316671481235,0.016402448637715252,18.0,60.0
DVST_XI_7-11_Mar_2024_09_10.19.01_trainee_11_camera target_1.csv,trainee,11,camera target,camera_target,1,132132,33029,644.28,4,33029,644.2799999713898,6.622220325129389,0.010603251783237583,5.936344538972571,0.4094745326336923,296.8175100158645,0.5013019256388519,0.1685376,0.1936884,0.09133699999999999,0.02728328015375551,0.018735623400498433,0.02008498683380316,0.02173428848954618,33029,644.2799999713898,116.44503705338437,0.1874951650801112,87.57459748301383,6.247125233108874,4378.6271699536765,0.34055952525130195,1.9353463732112117,2.0037977903971305,1.2873384454237322,0.016911624017348803,0.013555162794545194,0.013792796636487947,0.0146773436175878,33029,644.2799999713898,20.954038118420044,0.03369112207326055,18.22387382771234,1.0465289565185865,911.1891292528496,0.45040571636187476,0.35218896585520004,0.35945292253489997,0.25762381361450004,0.016980135538473766,0.014375175167360444,0.014522663757806333,0.015247554467512574,33029,644.2799999713898,148.23178918720703,0.23770264510533068,104.73119986138401,9.437534266767882,6280.094557186123,0.4831052440353639,1.9745200798465001,2.315639970008,2.21798554306883,0.014425303037243684,0.014117857116710984,0.015288804366095844,0.014602338678314735,10.0,33.33333333333333
DVST_XI_7-11_Mar_2024_09_10.19.01_trainee_11_glove cut_1.csv,trainee,11,glove cut,glove_cut,1,53780,13442,262.22,4,13442,262.22000002861023,1.5195724517481508,0.0060643608168765096,1.952415447828543,0.1586895583607176,108.36434962853308,0.25005579941968603,0.0424795,0.0542936,0.0720759,0.03160404023316795,0.03641357537522466,0.04116687918642446,0.03618411526029042,13442,262.22000002861023,39.338450364941735,0.15663264985202344,6.454590255671504,3.0736845380221256,322.68656260537244,0.19418198050740273,0.4968363849095261,1.18851675414566,1.0117614925688139,0.019534041346652563,0.018023059715098495,0.027875616380129725,0.021409919505497744,13442,262.22000002861023,3.694224954509183,0.014741072996070106,3.4776428052135384,0.34267138835191363,188.90125726630797,0.21970091511048284,0.06304779606812,0.0808088623855,0.13064341894576,0.019321512207048308,0.024567184416117882,0.02781313395600219,0.023634630065909268,13442,262.22000002861023,45.299546539336774,0.1802923180048996,11.386455055055537,4.013478459193375,569.3232957017817,0.22349527564913324,1.5092815851868,0.775724855795,1.7537466485171,0.023886093922293745,0.035914903927112864,0.02574799559054668,0.028057852227387974,18.0,60.0
DVST_XI_7-11_Mar_2024_09_10.19.01_trainee_6_camera target_1.csv,trainee,6,camera target,camera_target,1,59932,14977,292.37,4,14977,292.3699998855591,3.9774393152165324,0.014193980913238109,3.0172442516502773,0.6608728092546332,161.6853302628335,0.40685096153846156,0.0959796,0.0848804,0.11060310000000001,0.022692879883407863,0.025904162476236517,0.024360365288020713,0.024283669976611147,14977,292.3699998855591,57.5295675525213,0.20499686062732547,72.69056023764556,8.025915282655802,3634.4992279702183,0.15905448717948717,1.9730525622044102,1.726710254026802,0.950068580189844,0.03208395895554641,0.023798834885734997,0.02226363649018879,0.025712634915794147,14977,292.3699998855591,9.855151876111943,0.035248458084723315,8.10101051188295,1.396033885596693,405.85173696311756,0.3720619658119658,0.17969077148264,0.23777665782740004,0.21108446054180002,0.020974140568168244,0.01976185446316563,0.0227326161696948,0.021121289535456916,14977,292.3699998855591,85.32489407948287,0.30248213338959545,109.02024454654199,15.29945900914242,5451.017425822417,0.37767094017094016,2.0330773911009,2.2348747761025,2.126182122481,0.02498203396696418,0.024366964392042462,0.025547656615185935,0.0249608918042787,0.0,0.0
DVST_XI_7-11_Mar_2024_09_10.19.01_trainee_6_glove cut_1.csv,trainee,6,glove cut,glove_cut,1,135648,33911,661.47,4,33911,661.4699997901917,3.4539389438255466,0.005366493685275365,2.1713079558056867,0.1864721873017508,108.56550132641459,0.29973459156590976,0.05189075,0.043786900000000004,0.09875932,0.013800741378318852,0.020726184661553924,0.01903910324658526,0.01759365574470855,33911,661.4699997901917,47.72610186711641,0.07505187819726843,13.403303842848358,1.9213003903490136,893.4681802348623,0.21359480979062223,0.7211187101232301,0.8807287672471299,0.87843852219668,0.01669815580696122,0.016676430751441162,0.01842980811124972,0.017249008741964993,33911,661.4699997901917,7.190857227642555,0.01120211212834896,3.4086924772413436,0.3415467843383033,190.88002362075702,0.23987024476555588,0.08711773992554,0.08259923866924998,0.16413560650522,0.011796703289517116,0.01662930259949885,0.01619230808053027,0.014699903492420516,33911,661.4699997901917,79.52640818318065,0.12499749174650548,33.32581390546535,3.761192277780681,2221.7230458312306,0.2646416986139782,1.31077933426753,1.88365890871514,1.8545244161290002,0.01975852663990455,0.019605128926675562,0.02350206601140266,0.020880622110353245,15.0,50.0
DVST_XI_7-11_Mar_2024_09_10.19.01_trainee_7_camera target_1.csv,trainee,7,camera target,camera_target,1,17420,4355,84.92,4,4355,84.92000007629395,0.2789145935082607,0.003360532769521101,1.4446093994861176,0.18605964711985465,72.23053885871565,0.7521819016995865,0.008851699999999999,0.00916357,0.0664016,0.032290476654626046,0.08692233356096611,0.08844033617487372,0.06284712364405755,4355,84.92000007629395,4.195423899088031,0.052196133866342226,4.022623882002949,1.4295894737168668,138.18375859310459,0.6281580156178227,0.3006827268533798,0.54578825453282,0.51690018485423,0.09655849430488121,0.09396837918780494,0.12660171492187103,0.10472987933759559,4355,84.92000007629395,0.576333211269062,0.006981636671144212,2.644882610130809,0.34785541701727596,132.24425662449147,0.7170418006430869,0.050902609386900007,0.033381592162800004,0.096178974307564,0.07152368795974477,0.12140496469231743,0.09831503711366825,0.09486414527786016,4355,84.92000007629395,3.2631609028953013,0.04076068150050336,4.67390490914525,1.3800742843145886,233.69546832662851,0.6881028938906752,0.5914845095910999,0.11308521891600032,0.25232715885100004,0.07925672456567687,0.11839004826377851,0.05176621735121377,0.07860784971091465,17.0,56.66666666666666
DVST_XI_7-11_Mar_2024_09_10.19.01_trainee_7_glove cut_1.csv,trainee,7,glove cut,glove_cut,1,80212,20050,391.16,4,20050,391.1599998474121,1.8730215098279583,0.004899953298503225,1.9323041658027766,0.1792051292694114,128.82040057289257,0.3630605017706619,0.046127699999999994,0.0472134,0.07025622000000001,0.024915566938096205,0.03039348674574288,0.030749089693727787,0.028555812439809255,20050,391.1599998474121,36.818106011481774,0.09778281466407818,13.649257280062233,2.2863513069358428,519.3909304294928,0.15182802134769813,0.994716476899,1.3901425814038901,0.9608159270171,0.03193874781422251,0.026552676774199906,0.0313897839189813,0.02985874203639252,20050,391.1599998474121,4.093826742674564,0.010749524826700985,2.73923939182099,0.3359572815592109,136.96210020828678,0.2108833358272233,0.075575253872888,0.0895148781973,0.11231517886787001,0.02009129642415992,0.02250502891335652,0.024492740455669338,0.02228990952194101,20050,391.1599998474121,46.25897900483582,0.12253865899172141,19.628744734755735,3.305703138741655,981.4323229120886,0.2577684672552247,1.9381965342001,2.332510066685,1.7411590326547999,0.04596366245035532,0.03971202958059911,0.04356472133379032,0.043002187659230716,15.0,50.0
DVST_XI_7-11_Mar_2024_09_10.19.01_trainee_8_camera target_1.csv,trainee,8,camera target,camera_target,1,156732,39177,764.5,4,39177,764.5,8.454372987172444,0.011559278719712244,4.40893579236096,0.4201768682781589,277.47252327602405,0.5227179906064938,0.1812797,0.2118326,0.1477057,0.02317872704858721,0.019354939160489398,0.02092250218888097,0.021094294482193524,39177,764.5,110.67864183031699,0.15218114413622755,88.1043650864214,4.868852404601807,5873.246178316137,0.37244741678578724,1.464598359094366,1.884602076877528,1.19824838503691,0.015010849930389786,0.011969303425943979,0.013577488315250576,0.013461636703388204,39177,764.5,20.530570715536502,0.02831824901939264,14.735640521062582,0.9120238185745075,982.3171303892607,0.4515774964263835,0.2766125685787,0.308749926908,0.23067851246579998,0.014234373730731168,0.0123037784868069,0.01299888137892344,0.013155103909526136,39177,764.5,153.15604687734384,0.2135666918316609,196.70310462940967,9.671998917543267,13113.151867475719,0.5011741882785379,2.1051582254173202,2.224201954197,2.14349871903943,0.014128476462824606,0.013869788468953951,0.01425655437844128,0.014084018331351639,10.0,33.33333333333333
DVST_XI_7-11_Mar_2024_09_10.19.01_trainee_8_glove cut_1.csv,trainee,8,glove cut,glove_cut,1,75880,18967,370.12,4,18967,370.12000012397766,2.4327286816715077,0.006731600019921265,1.5261555624969056,0.16691951979749228,76.30739606972541,0.272487609406306,0.053774840000000004,0.058119000000000004,0.09076399999999998,0.022980260875874767,0.028717901497657055,0.029855352600770987,0.02700909009790604,18967,370.12000012397766,48.054168802849695,0.13559177853682863,7.218917880103164,2.8367847003071507,360.5238728172937,0.191131498470948,0.9454867080228442,1.4273220969557103,1.37011814422015,0.02417450771332904,0.023685123472453273,0.02910106841002806,0.025541559383383105,18967,370.12000012397766,6.775559160902155,0.018898914071171495,2.9586738789873053,0.4380500444366464,147.93383503006427,0.19466413582199726,0.0932068700197,0.16015308328511396,0.21790584384707903,0.01803210686445098,0.021033582976677217,0.027571281292356548,0.021867823514394074,18967,370.12000012397766,63.5520772128038,0.17832046688346148,11.45053797417236,4.244879138978635,572.1445344887151,0.2310977538753559,1.616087421997,2.2390672143940002,1.4297134581360003,0.029932034723749498,0.023918127552536046,0.02815323580749114,0.027214304845473356,17.0,56.66666666666666
DVST_XI_7-11_Mar_2024_09_10.19.01_trainee_9_camera target_1.csv,trainee,9,camera target,camera_target,1,42500,10621,207.46,4,10621,207.46000003814697,3.6572139238466166,0.018361390646962752,3.155335367947979,0.9258669210164743,206.3009003938185,0.3953860640301318,0.1060562,0.08498439999999999,0.1311814,0.025958959021856912,0.03225178806838931,0.028870570938276014,0.028913376682607964,10621,207.46000003814697,51.86781221452246,0.2609617729844196,59.614542920167494,11.148596364171286,3974.1555304158273,0.2263653483992467,1.949844255817272,1.5831505331432099,1.021712735480422,0.033873739054361404,0.027212374257911964,0.024520401626869727,0.02827389998546259,10621,207.46000003814697,10.145088379721432,0.05106261269247519,8.389442081818835,2.4083382898394428,559.2250569226179,0.31854990583804144,0.26568744093184005,0.2701713075005,0.2520912559919,0.0264088378723102,0.02550988901407404,0.02572424685653517,0.02587816689102131,10621,207.46000003814697,78.59987648948628,0.39606279976123904,120.31169658402679,23.563519952761887,8020.787421487414,0.3364406779661017,2.176139581225,2.2465345380347,1.8565025344662,0.0281305394420433,0.025572270151550777,0.02598259115039178,0.02653851399778906,19.0,63.33333333333333
DVST_XI_7-11_Mar_2024_09_10.19.01_trainee_9_glove cut_1.csv,trainee,9,glove cut,glove_cut,1,64904,16220,316.6,4,16220,316.60000014305115,1.8683529575216569,0.0061840124198276085,1.8734542326399946,0.21204189681382832,124.8970679537922,0.3078488192860226,0.03734606,0.039131,0.059302600000000004,0.020460862870821453,0.025188385924401875,0.025783294944185204,0.02368577321543519,16220,316.60000014305115,25.674701344338903,0.08489075754659926,4.98616360531507,2.2322459274561384,275.3192478744989,0.1443368888340835,0.8032023738173599,1.01197424624976,0.61770278966931,0.03511493115951947,0.027434488823435268,0.030794213114814055,0.0309565533894446,16220,316.60000014305115,4.78428853503287,0.015842241597856476,3.325162535986007,0.46056325096763406,221.6777138074093,0.1625870892163512,0.0901636945606,0.09874643544678,0.11501308544996001,0.01972237443174799,0.02128492445854186,0.022274962281919327,0.02106765009602964,16220,316.60000014305115,38.47013636972183,0.12748613198671524,17.42335958120267,3.7804103105056694,667.1547902332726,0.18256365990504964,1.403335088441,2.2292828851435997,1.772388304358,0.045976886417876214,0.04099552043367726,0.05166998112320919,0.046008501455942145,18.0,60.0
DVST_XI_7-11_Mar_2024_09_13.46.11_trainee_10_suture_1.csv,trainee,10,suture,suture,1,58784,14694,286.76,4,14694,286.75999999046326,2.8950435346099224,0.010571328802692306,2.808186946871589,0.2749100535764035,140.40864434696041,0.20574423194718575,0.045348440000000004,0.055857500000000004,0.0647114,0.01738468492716343,0.01871183912017715,0.02076710917577477,0.01890397416121202,14694,286.75999999046326,71.0072912451198,0.259135540310422,13.965480348342187,5.865142917222975,759.167945314925,0.15987204791397264,0.6154967833378401,1.4714660900855998,1.2704219134891002,0.013402477204414395,0.012453285257537685,0.01925511743008776,0.014757237326765902,14694,286.75999999046326,8.093103100263589,0.029603782779535983,5.493120698245372,0.6756023500439287,274.65465977402033,0.19213230790172192,0.07428945084501999,0.124858054659772,0.1340138626289,0.011900269124272946,0.012328872559699307,0.015983359636596497,0.013285647926328178,14694,286.75999999046326,89.16435212908559,0.3252158065432668,22.257085530134102,8.641943407739818,1214.4936106329567,0.19294902334444974,1.55241241314,1.1717347446990003,1.569132940144,0.015126099365769483,0.017504195885225636,0.015207340334321851,0.01590892348438462,19.0,54.285714285714285
DVST_XI_7-11_Mar_2024_09_13.46.11_trainee_11_suture_1.csv,trainee,11,suture,suture,1,52636,13158,256.73,4,13158,256.7300000190735,3.12378438474727,0.012969224001926807,4.508881912158038,0.37117423611253664,300.59241414446757,0.2259633655088546,0.041268639999999995,0.0677272,0.0629562,0.01692429510876757,0.016317299391413485,0.02090353636035371,0.017938778961349974,13158,256.7300000190735,86.6904143400229,0.3548384459615159,13.804572215322706,7.169427453226012,920.2552508990992,0.14152162347039599,1.01829774716976,1.64941137821737,1.32902829096165,0.014949642453148164,0.013419410115246874,0.017078924840043665,0.015075610893437353,13158,256.7300000190735,9.957520340981521,0.04108536504984755,8.66107362443933,1.04176947017586,577.4054589527117,0.20665805274758683,0.08863240118683999,0.15683883981417002,0.16588042331331998,0.011840549721264866,0.012177064959527898,0.016198439409776118,0.01326770748925344,13158,256.7300000190735,93.53053610443203,0.3843707025313182,54.622252272551385,9.26218096770132,3641.486957629344,0.20696207342099263,1.711499600682,1.28384726937,1.22053210801876,0.015848627508379617,0.015452885325641178,0.013383751413341412,0.014854556860999254,18.0,51.42857142857142
DVST_XI_7-11_Mar_2024_09_13.46.11_trainee_6_suture_1.csv,trainee,6,suture,suture,1,62252,15560,303.78,4,15560,303.77999997138977,4.110783262690628,0.014234039822509845,3.5925545421190854,0.46308420943160056,239.26000601135644,0.14814576772286137,0.0704064,0.057320300000000005,0.0642246,0.015453815290196227,0.016358074952034285,0.014759795891417186,0.015510153200815247,15560,303.77999997138977,80.52836045686591,0.2785659451299004,12.68626219620404,6.186376172548507,776.4907534398156,0.07224114660325213,0.7378735296069509,1.71348248858611,1.3964440456763,0.013963103061992048,0.012605320071449138,0.019208911137765815,0.015008807572578437,15560,303.77999997138977,9.808924762098833,0.033918146111205756,6.550140669162072,0.9711450784201823,436.43810292552024,0.12160164534995822,0.11585460837349401,0.12226763968229998,0.12194484062607,0.012133637545532752,0.0121176099387337,0.012448472839483124,0.01223229710064567,15560,303.77999997138977,94.27877499178425,0.3262180950466734,28.847283878129645,7.911086172437837,1442.3655694534807,0.13111382479593806,1.8520710566799998,1.503800473825,1.8723735527210001,0.017701497178062665,0.019752002894429858,0.017798255085563805,0.018393576765463354,12.0,34.285714285714285
DVST_XI_7-11_Mar_2024_09_13.46.11_trainee_7_suture_1.csv,trainee,7,suture,suture,1,59644,14910,291.02,4,14910,291.0199999809265,2.5194515758518903,0.009040697801274344,2.772058459646471,0.2951936706024171,180.13739962558697,0.2507210409819572,0.057583499999999996,0.048397300000000004,0.0656603,0.02095335545539523,0.024405878501740752,0.022374636200654135,0.022533812139160406,14910,291.0199999809265,49.8965823609945,0.18014729129870685,8.58231560004773,3.6763770528180957,428.76433964647015,0.13568985176738882,1.1072879252311898,1.0505576128303,1.12752983980288,0.021615705724338876,0.02239357874429968,0.021812385236902057,0.021938083960810015,14910,291.0199999809265,7.592556062279863,0.02737749393297685,4.997027452092134,0.6757217411354584,333.1254047932211,0.18532430075793144,0.17080301728630998,0.09865210169862,0.129263357107174,0.017096725261804557,0.019570299732551203,0.014873147297202413,0.01707278729781383,14910,291.0199999809265,56.82926252865416,0.20536280905379703,17.002738551773056,4.7627610423725635,850.1377383431793,0.191226775773023,1.0802252071582001,1.1975900135180002,1.6176046596270002,0.020014245209608365,0.02326062222880522,0.024491662001457658,0.022507448610989713,17.0,48.57142857142857
DVST_XI_7-11_Mar_2024_09_13.46.11_trainee_8_suture_1.csv,trainee,8,suture,suture,1,69368,17339,338.28,4,17339,338.27999997138977,2.9119863384009657,0.0089554235553496,1.614029003062623,0.16402321074139786,80.70152711610486,0.15226669742761564,0.05196618,0.041412000000000004,0.0666157,0.015930674576135496,0.020205023570496177,0.01803690705871707,0.017972915466879787,17339,338.27999997138977,76.98937387384683,0.23789963384125723,53.747176914420535,4.534409852534521,2687.361408588581,0.10018456569385166,1.0863557669846822,1.79223223972046,1.410218637311457,0.01812393066638171,0.016076757997019596,0.02064950188951507,0.0181880783132146,17339,338.27999997138977,9.298410576848584,0.028671102208362186,3.284668940708875,0.49901832481981,163.9413775511981,0.10456800092282847,0.14358539541973,0.14954083684645,0.16882237259417998,0.01575891520873106,0.016744084814584597,0.017087801258375668,0.016520555238726118,17339,338.27999997138977,86.32699714050487,0.26676549375928954,12.751063575614843,5.503474574556391,637.5499867017415,0.1315030568693044,1.7775436344669997,1.8534903878569997,1.57293472827,0.021026097304783616,0.019369519684309822,0.019778979725424535,0.02004597274503906,17.0,48.57142857142857
DVST_XI_7-11_Mar_2024_09_13.46.11_trainee_9_suture_1.csv,trainee,9,suture,suture,1,63160,15787,308.09,4,15787,308.0900001525879,2.5622608843280745,0.008713273299572414,2.164459038813346,0.23380921395232773,144.2974068669539,0.3126187761307488,0.0589819,0.0365111,0.052423700000000004,0.01811125274804664,0.021702005410070002,0.017074694691720328,0.018862551356118452,15787,308.0900001525879,54.75784428588883,0.1855917017669308,5.857876578254569,3.788300954121599,348.42014467550194,0.21975167870264792,0.49796475977673993,1.5158428403372701,1.2205190762756,0.01586646034789265,0.014237221709045601,0.024840082380097724,0.01776994608848658,15787,308.0900001525879,7.41805657708836,0.02517623091427465,3.37209260702817,0.5812913742732515,224.80638819395656,0.2496515900164703,0.06976656157844,0.14225967780516602,0.09905388503357002,0.013429951019709624,0.011206481417114654,0.016002451733778664,0.013404277494988695,15787,308.0900001525879,64.96258563389405,0.22062888592479685,19.180039294219977,5.647877777424745,1278.6705057165523,0.24667426833903458,1.2770604805035,1.363853944221,1.4699643740856,0.02031544606139288,0.02109093509240447,0.02179586123944682,0.021058725195285257,16.0,45.71428571428572
DVST_XI_7-11_Mar_2024_10_08.59.30_trainee_10_ring rollercoaster_1.csv,trainee,10,ring rollercoaster,ring_rollercoaster,1,51156,12787,249.86,4,12787,249.8600001335144,2.070296233605583,0.008677832316159154,2.4711602655541505,0.3116309697777539,124.77218323796481,0.21773815110276865,0.0702839,0.0605663,0.10374839999999999,0.03151453879435831,0.04124640843056583,0.038288974396686604,0.03678382962840815,12787,249.8600001335144,33.16833630334371,0.13818759100290426,15.031506315837373,3.593278114226016,751.355516035287,0.12271234162365087,1.1261394001897802,1.04182882321108,1.36361937005368,0.0326565703704059,0.03736104106454371,0.03593528361827056,0.03526172382335769,12787,249.8600001335144,6.944258595486264,0.029008917714279527,4.81416601631808,0.8167117580167803,240.7085303734472,0.17597372125762553,0.1890784999266,0.1776253138958,0.2556862017617,0.026390499980797028,0.03166276479996198,0.030688820007134226,0.029488920934571866,12787,249.8600001335144,20.81697903416964,0.08723318772012803,13.964331686257617,2.6896140777671818,698.2172501847397,0.1816830908806507,0.5328414226859001,0.9751829156410001,0.6923944062976001,0.03462775426491615,0.029178170660713317,0.03947317978236151,0.03416605480625087,14.0,46.66666666666666
DVST_XI_7-11_Mar_2024_10_08.59.30_trainee_10_sea spikes_1.csv,trainee,10,sea spikes,sea_spikes,1,40848,10210,199.34,4,10210,199.3399999141693,2.8209403818043004,0.0148411745641609,3.1378757185792545,0.601231843261658,209.1753242184125,0.2032520325203252,0.048686589999999995,0.08651980000000001,0.12414879999999999,0.02300745199110785,0.02756017901027298,0.036739657950562186,0.02856024239747643,10210,199.3399999141693,39.31267444344734,0.20628619412257823,10.443181837665712,4.990726982757322,688.0331193492175,0.06523655598001764,0.9914147979292108,0.905826136112706,1.05215535551365,0.02410557704841679,0.025979754547521525,0.02483303318181745,0.024960931104198586,10210,199.3399999141693,7.007156631953233,0.03679915899786838,5.2555537185836005,1.0171598619037705,349.937432735654,0.1453619355470663,0.16005104338204,0.12480141041941,0.23346468532422596,0.020169594923054333,0.027586590480808092,0.02436006931841096,0.023842835801296373,10210,199.3399999141693,24.167252712922057,0.12698563819903952,16.910757547540538,4.189808391937504,845.5336439674974,0.16093642864139485,0.6825313733755,0.77786363791718,0.24003168277419995,0.03014989203321761,0.01674820665498284,0.017879638619683145,0.020822726889969743,22.0,73.33333333333333
DVST_XI_7-11_Mar_2024_10_08.59.30_trainee_11_ring rollercoaster_1.csv,trainee,11,ring rollercoaster,ring_rollercoaster,1,51568,12892,251.81,4,12892,251.80999994277954,3.173922250571461,0.01303915724327467,2.938167703432975,0.42408095537099844,187.26959435889205,0.22535102009153674,0.080834,0.0792023,0.10741060000000001,0.025209814371148852,0.029357855082435134,0.02906003841770671,0.027809726523270288,12892,251.80999994277954,62.55442196852004,0.25947542726648243,14.784109933490326,5.434622711277194,738.9505160684992,0.07330695834303003,1.28404314109682,1.6440463544007902,1.24248648056714,0.023226770113074592,0.020191920527717556,0.02284782426966016,0.022046370408172915,12892,251.80999994277954,10.559472698088687,0.043532408328935936,6.421409350312833,1.173839957022023,369.0031961487571,0.18214258009463968,0.21846274831814,0.25203029567668,0.2513319002513,0.022221472771292335,0.02219066270308994,0.023834604521523278,0.022736154960810852,12892,251.80999994277954,38.93218688448923,0.16071805101838965,11.06846519104058,3.709580577250833,553.4237873380811,0.204406174850671,0.582694608549,1.0035212323001,0.9293012216443,0.019641515012558737,0.018901225108646308,0.02480462909653316,0.020960383530456046,18.0,60.0
DVST_XI_7-11_Mar_2024_10_08.59.30_trainee_11_sea spikes_1.csv,trainee,11,sea spikes,sea_spikes,1,40104,10025,195.66,4,10025,195.6600000858307,3.3942010672172533,0.01843581816060627,2.920600260704584,0.6043585604326676,194.70532235356083,0.2586791699920192,0.0556308,0.1071333,0.08759629999999999,0.02274481078659478,0.020566622096660804,0.028540892958776074,0.0237230733177884,10025,195.6600000858307,55.42830074625709,0.2986200295699509,13.43191905420516,7.384935068283152,894.8825808938783,0.1319832402234637,0.80509362141363,1.6864939498873521,0.6964092313859469,0.02102248358135158,0.013509021344391206,0.019552085545936248,0.01770789750281274,10025,195.6600000858307,7.4801845944121865,0.0404995181348991,4.290537117258265,1.1576097724084344,286.0360806024813,0.236731843575419,0.13739472708848,0.15353326977148,0.16295137065949997,0.019416635014662377,0.020003303594916692,0.021145499234052862,0.020175820813004668,10025,195.6600000858307,26.091964878973325,0.1401258188298148,14.627417774409011,4.445033641193192,731.3715862107481,0.2417198723064645,0.69382830401972,0.8242701536125,0.7126745789015,0.028983712174260715,0.02695037762625017,0.029374713256579713,0.028416079971364912,18.0,60.0
DVST_XI_7-11_Mar_2024_10_08.59.30_trainee_6_ring rollercoaster_1.csv,trainee,6,ring rollercoaster,ring_rollercoaster,1,23744,5935,115.87,4,5935,115.87000012397766,2.0982467856515656,0.018529398242649774,3.0637821671663517,0.7309861716699001,204.06398580945353,0.28193461408830467,0.11102226000000001,0.0690016,0.1154268,0.041713635892822544,0.05395128502420294,0.042533031920671135,0.045744132267019615,5935,115.87000012397766,20.970529606985814,0.18942185719801186,26.06194784737786,5.719181129156857,1737.225949706658,0.1486349848331648,1.1499045072068002,1.39847518683399,1.0792449216509499,0.060471239702236994,0.05312286588097801,0.058583861013725536,0.05730635507784734,5935,115.87000012397766,5.000535311008434,0.04480144822944253,8.188298009325132,1.4547065937676118,545.6892277281008,0.24738793394000674,0.299750845450824,0.1878205457771,0.22440691360898854,0.0474498953663568,0.05186588900818322,0.0410556721903081,0.04657613184761842,5935,115.87000012397766,18.406872394538922,0.16628448395469925,28.077401817983798,5.914437217189567,1871.6772306957705,0.2630603302999663,0.9335916381098,0.8225799263929999,0.4979309099530001,0.047608832179244276,0.03704102691053152,0.03476911170776336,0.039432536510061435,16.0,53.333333333333336
DVST_XI_7-11_Mar_2024_10_08.59.30_trainee_6_sea spikes_1.csv,trainee,6,sea spikes,sea_spikes,1,19512,4877,95.2,4,4877,95.20000004768372,1.876114920342156,0.02084513210576742,4.439152179076055,0.8060748117304044,295.94376083903416,0.16447908121410992,0.047446657999999996,0.0751623,0.1072483,0.03183049606872803,0.038022317570530983,0.04785593455170859,0.038690641563854454,4877,95.20000004768372,15.943372673204355,0.17556319056944159,10.880938448190388,4.835760013111088,725.2899555937757,0.0477850697292863,0.798569941655922,0.9863204273217798,0.8864892769862981,0.05566539507166801,0.05277315090703704,0.05864966819292862,0.05564437816489478,4877,95.20000004768372,3.6128000947937577,0.040124271069985694,7.437584097830664,1.4006638641960107,495.8394127246906,0.14499589827727646,0.1204870831582,0.10983398248775,0.21830412216153297,0.03184158510975979,0.04489079347942378,0.04286031929729546,0.03942173986209687,4877,95.20000004768372,11.53351009510039,0.12809568903155688,13.031409938746126,4.198914977092846,868.7614910985963,0.14848236259228875,0.6724080569740001,0.88578258647663,0.43233030272100004,0.066914235944172,0.04674797388128306,0.05365496396668297,0.055160781167954274,16.0,53.333333333333336
DVST_XI_7-11_Mar_2024_10_08.59.30_trainee_7_ring rollercoaster_1.csv,trainee,7,ring rollercoaster,ring_rollercoaster,1,41188,10295,200.91,4,10295,200.9099998474121,1.8529703958787116,0.009532384718099498,2.8335386079666653,0.3881838959787213,163.9401489452323,0.2589858169807655,0.0725783,0.0939093,0.106143,0.04455425812273069,0.047367514207342525,0.053880485450341915,0.048447023903252506,10295,200.9099998474121,25.571803161376664,0.13280521650857538,11.746037500676028,3.435273768890319,710.9302365532915,0.10238974159704682,1.22753749331762,1.46231134093774,1.047526072486109,0.0523933242262775,0.04434436606600688,0.04839951301337374,0.04826716587993458,10295,200.9099998474121,5.002444259284527,0.025948050904294702,5.916423247842042,0.777560792778251,295.821444509416,0.15805323489411308,0.15639243868554997,0.214721450419072,0.24228687222067796,0.03663222802102086,0.03891262775424361,0.04559533381898857,0.0402060520929375,10295,200.9099998474121,16.549339022549564,0.08595284733817618,11.559241084805135,2.4104725702797105,577.9626054283494,0.20001942879347193,0.8095590958762,0.81683568631151,1.146911008612,0.04913726469478003,0.058224864456160895,0.05848595145238796,0.05510491551890462,15.0,50.0
DVST_XI_7-11_Mar_2024_10_08.59.30_trainee_7_sea spikes_1.csv,trainee,7,sea spikes,sea_spikes,1,47260,11813,230.92,4,11813,230.91999983787537,4.013482488353603,0.01797511027652481,2.9841253958218354,0.7114831161873855,198.9418827805531,0.22722654927192684,0.052821599999999996,0.07617779999999999,0.09399650000000001,0.015805149812398094,0.01755659314878849,0.02108379000886144,0.018018937598790592,11813,230.91999983787537,43.0560615363477,0.19559326202997934,15.558908619462077,4.857959611410578,1036.7017505461406,0.07069082289197426,1.2877001436924,1.095691257337345,0.9296758635475401,0.02758780636938232,0.0254120001300439,0.023440969780574354,0.02542399909129318,11813,230.91999983787537,6.968684605624392,0.03120751905657533,3.302493046320292,1.0866683130715118,220.16641305507295,0.1745682356925161,0.10885893439223998,0.1107499456993,0.1673209006610622,0.01575625464450511,0.01936673129210912,0.01953421882753655,0.018131557941013954,11813,230.91999983787537,22.025247619635692,0.09993767269756396,13.868691405465897,2.922288116678491,924.5803087795538,0.1850660345411446,0.521593897204,0.6091462211334,0.6748942570116,0.025592117922257077,0.02693787400485781,0.0291110482297656,0.027175390686078556,19.0,63.33333333333333
DVST_XI_7-11_Mar_2024_10_08.59.30_trainee_8_ring rollercoaster_1.csv,trainee,8,ring rollercoaster,ring_rollercoaster,1,61052,15261,298.09,4,15261,298.0899999141693,1.8998048556134508,0.006766575991493055,2.2466941702409216,0.24809966828584068,149.6793470492508,0.2184796854521625,0.0776221,0.0512057,0.0801039,0.033185078890532606,0.04150596649709118,0.03371141569564002,0.03594265261862525,15261,298.0899999141693,23.228440649899348,0.08314270525246249,26.964516680124273,2.451518145136516,1348.1726737696179,0.08191349934469201,0.8180180051827921,1.43847570801322,0.76374226483568,0.046699544166583035,0.03402787178256914,0.045123691600370094,0.041544864850529696,15261,298.0899999141693,5.807228661785132,0.02064075681726901,5.548467948898454,0.6320252612442542,368.16778845343555,0.08250327653997379,0.1339029264603,0.23629254287914403,0.17375307659904998,0.03063029048256148,0.026265904391388647,0.034891716311034854,0.030391719279844614,15261,298.0899999141693,17.030896449788692,0.061608948231618194,30.259509896664017,2.192931702453749,1512.9769377204477,0.14246395806028833,0.538667322835,1.006884856854,0.62198088165,0.04324269092980213,0.03398688208781592,0.04646660193897267,0.04087473814861801,12.0,40.0
DVST_XI_7-11_Mar_2024_10_08.59.30_trainee_8_sea spikes_1.csv,trainee,8,sea spikes,sea_spikes,1,47592,11897,232.17,4,11897,232.17000007629395,1.9426621646001212,0.008707853636729277,2.3522706134605094,0.39073773534273387,156.81724764000802,0.2476462676529926,0.0361107,0.05754282,0.0736348,0.023464766802916846,0.026543746892251856,0.033507331679707236,0.027532106333401016,11897,232.17000007629395,22.920153856687108,0.10340887655936336,11.603598351930442,3.40009826668804,620.6688262055595,0.09011432414256892,0.620598812391164,1.01026464274046,0.5768934578954019,0.03454661645580825,0.026105724378772573,0.033307946260760085,0.031085871019562155,11897,232.17000007629395,5.960332553149687,0.026816170049892243,4.416061658067309,0.7848477133235464,294.4031432602385,0.1872057834566241,0.1082013651611,0.1162728314996,0.13431678140235,0.01881849997551141,0.020226047214116725,0.020966878130880013,0.019983732000448465,11897,232.17000007629395,13.343405200045858,0.06016941939128468,12.374772485222186,2.500975762055676,618.7355263821635,0.18888702084734366,0.4024868860894,0.5901711336618699,0.34656860376360005,0.03652566861877452,0.027990058180763496,0.033893538805335494,0.03260165373992204,18.0,60.0
DVST_XI_7-11_Mar_2024_10_08.59.30_trainee_9_ring rollercoaster_1.csv,trainee,9,ring rollercoaster,ring_rollercoaster,1,34824,8703,169.87,4,8703,169.87000012397766,2.130326870503442,0.013206484299099432,3.477655318656146,0.6224553326283984,231.84390901399115,0.28338313031487017,0.05565539,0.0500554,0.0485795,0.024776093882997115,0.024408095291614314,0.023147587961051905,0.024100394803995877,8703,169.87000012397766,26.007751197035386,0.16047162743222013,12.14034932661754,4.187393378790628,808.3222424310188,0.12560330958400368,0.9577124737939201,1.2945870689688548,1.4948284405633945,0.04281346743757015,0.04600557321136344,0.05348826447001945,0.047229837547709624,8703,169.87000012397766,5.603906487549656,0.03467187041296696,7.265453860437723,1.3524875084895758,484.36405262140494,0.2207538496897265,0.14566826466645996,0.1410719656355,0.169039324022131,0.02558067219827902,0.02800176892001835,0.027556455372986063,0.027025490871783034,8703,169.87000012397766,20.12549814647855,0.12388502077898605,10.099727884424915,3.4900192365777913,673.3104834229509,0.22293725580326362,0.764455496743,0.8649447852408001,0.6906444426312,0.040403934405528114,0.036104116827051926,0.03840385438059482,0.038263532860446835,14.0,46.66666666666666
DVST_XI_7-11_Mar_2024_10_08.59.30_trainee_9_sea spikes_1.csv,trainee,9,sea spikes,sea_spikes,1,35692,8919,174.21,4,8919,174.21000003814697,2.935576852931705,0.017965240719455475,3.397358549416512,0.8011572642583888,226.49078595954626,0.25072886297376096,0.04040174,0.0529054,0.0742264,0.015749130485746776,0.018654593032860184,0.02134694569889376,0.018441349635730225,8919,174.21000003814697,24.69371928348773,0.14949881299469753,9.019859617077874,4.532515817517137,600.6332524227015,0.09127607086790761,0.58936776411826,0.929612462949805,0.780280868374748,0.029974893656557464,0.027461999921346812,0.03448974165135332,0.0305065609175006,8919,174.21000003814697,5.018166755904685,0.030427125670404915,4.7523606768741775,1.109660436433174,316.824347272188,0.18389773491814307,0.11500890826843999,0.11569975400629999,0.13666587859478999,0.022987242068945885,0.02498335161565759,0.02505827537855702,0.024323696865437363,8919,174.21000003814697,13.141535408043826,0.08012076324089545,22.26820430075153,3.076948507100699,1484.5483691590866,0.1964566046198699,0.4377787852032,0.5224889923329,0.32152427724200006,0.03639316437412236,0.02854881798171918,0.031188849047874594,0.03188128123508247,18.0,60.0
DVST_XI_Griffin_16-19_07_2024_16_08.46.09_trainee_12_glove cut_1.csv,trainee,12,glove cut,glove_cut,1,45712,11427,222.97,4,11427,222.97000002861023,1.7003843597072996,0.007833046340532893,1.7394129428821645,0.2586585663748953,115.96097344781305,0.19884474006651495,0.03491038,0.070328,0.0649212,0.029140320225607235,0.02799777092053171,0.03973839306930768,0.031886684080987694,11427,222.97000002861023,30.231688900457982,0.14045848164594732,7.9426464213410055,3.0239280302402194,396.8107459485258,0.05846315420969718,1.278222818774917,1.6439735088023797,1.4125016269343522,0.04794996348878468,0.04444627322519155,0.05040567977301417,0.04753728448529333,11427,222.97000002861023,3.798324925013749,0.017646397051464202,2.654484002780581,0.42441013054340543,176.9657689530808,0.09950988972518816,0.074713712811457,0.10639719618759201,0.116548305479375,0.023473245322653935,0.02456750356535156,0.029317434269174172,0.025665715458813118,11427,222.97000002861023,5.342769629136535,0.024819875429152635,3.648218049701546,0.6488522944637994,243.21476859444792,0.16409942237003325,0.17728332066920002,0.26486054897031996,0.23242232119115272,0.04055796235515006,0.03799324668206474,0.04643881252121397,0.041516545887646916,21.0,70.0
DVST_XI_Griffin_16-19_07_2024_16_08.46.09_trainee_12_ring rollercoaster_1.csv,trainee,12,ring rollercoaster,ring_rollercoaster,1,31928,7982,155.77,4,7982,155.7699999809265,2.3801144215290178,0.01592799090551563,4.167895144677078,0.6549878851282119,277.85994129969475,0.238441298082947,0.09035270000000001,0.0806509,0.06604439999999999,0.03586553725201703,0.03245568138243027,0.030663715212512984,0.03292539154693957,7982,155.7699999809265,34.15740737345381,0.2286378418006123,10.16121652885883,4.915100816635048,676.0361145781217,0.05112141335672222,1.3451584892039001,1.38211306909912,0.941291584453676,0.03991844505900395,0.0329430584669196,0.03339250313907881,0.03528002109495584,7982,155.7699999809265,5.823910871525115,0.038935284093212244,3.8404302901967124,1.080636848341035,256.02893018132914,0.16338804661070042,0.23571613453662998,0.21394906733261,0.18529776303239998,0.03855983209354354,0.03588517128602186,0.03418814734714332,0.036166674281453405,7982,155.7699999809265,7.5394346133212125,0.050558156463544134,7.300917770264106,1.4810532745779665,486.728315531234,0.21400826964039593,0.284943134345698,0.36322484913429,0.34061837969266995,0.04267053573545681,0.04132133639789192,0.046653371704143715,0.04349057639531074,16.0,53.333333333333336
DVST_XI_Griffin_16-19_07_2024_16_08.46.09_trainee_12_sea spikes_1.csv,trainee,12,sea spikes,sea_spikes,1,43212,10802,210.77,4,10802,210.7699999809265,3.493981936364472,0.017457158868835847,3.3326940224275026,0.5806178365191664,222.13378914631338,0.17007684473659845,0.06659133,0.0951117,0.0729975,0.0227774531064282,0.01995456121715316,0.023847909234875984,0.022130907242915138,10802,210.7699999809265,38.76597478859986,0.191917784032125,11.33846790678275,3.9352342145996193,751.284090730715,0.03425608739931488,0.8250326362525299,1.2252263329467503,0.6230834492077599,0.025935403935971726,0.018495154474097844,0.022538788062964277,0.022111956927388293,10802,210.7699999809265,7.0859421449607245,0.035099585412145286,4.180841341537061,0.8192377091187695,278.0164361753326,0.09943523747801129,0.09462808213722,0.15216196473054,0.15137342573040002,0.016934230646584322,0.01689029507345037,0.02141806692724636,0.01829760829548651,10802,210.7699999809265,7.051196470779456,0.035001177721469115,5.22539458188997,1.0356805293503057,348.1075967106025,0.15887417831682252,0.1199996601688,0.21071962699186997,0.14419149191330002,0.022551720829134002,0.018655075454433005,0.024720627829133566,0.021827905470839883,12.0,40.0
DVST_XI_Griffin_16-19_07_2024_16_08.46.09_trainee_12_suture_1.csv,trainee,12,suture,suture,1,1568,392,7.65,4,392,7.6499998569488525,0.1538212350683617,0.020714072711313897,1.789304932082631,0.9219289320595442,89.46533192492082,0.3069053708439898,0.015901099999999998,0.034656436,0.019007800000000005,0.15261219530326542,0.11302205959416972,0.1668559054708037,0.14224314509997918,392,7.6499998569488525,1.2563301469928758,0.16963661924823323,6.598192771672034,4.980877177998529,329.69236831198856,0.0741687979539642,0.34598676839722,0.248539526127854,0.24334264759454416,0.23341227785901777,0.23095909992004957,0.19575058389918978,0.21934140135381539,392,7.6499998569488525,0.21011101269516252,0.02830335703785438,1.379952104551293,0.8734255303645173,68.99767102887141,0.27365728900255754,0.041110596160364,0.038491604218684,0.04566236266917098,0.18932635649808535,0.20620883131714932,0.19953237841764354,0.19823358682823958,392,7.6499998569488525,0.34568261932910216,0.046553325177496094,2.055363654416853,1.6602622202755024,102.76828072831252,0.27365728900255754,0.046777000630829985,0.09841513688270001,0.05086440010199994,0.1962770815968111,0.14110604028706278,0.20467291254978237,0.178302947370151,20.0,57.14285714285714
DVST_XI_Griffin_16-19_07_2024_16_08.46.09_trainee_14_glove cut_1.csv,trainee,14,glove cut,glove_cut,1,42292,10573,206.24,4,10573,206.24000000953674,0.717258419046467,0.0036137572755884284,2.4848726005081105,0.1398895504604605,124.24374851347746,0.25794551645856983,0.02476389,0.0569727,0.04862590000000001,0.052368143656247555,0.048380193921707386,0.07338234273494089,0.05707450043760383,10573,206.24000000953674,21.62466194742735,0.10951162919434804,9.24606195044739,2.4679479009647785,616.1239038547834,0.06876655315928869,0.609767010606692,1.07698417930883,1.1854995172070701,0.03747462512906538,0.039317267387716584,0.05225237386572064,0.04254111640827547,10573,206.24000000953674,1.894321488898096,0.0095872197513958,1.7681013482215064,0.24682126819035333,109.61205497786527,0.13166855845629966,0.06489171894279999,0.0656635202036,0.097705861090369,0.034459028884267336,0.04203405243706601,0.042283283318376476,0.03941767456707099,10573,206.24000000953674,3.754077587437072,0.01903904885292985,3.1092630585501166,0.5415495170247857,155.4633011888633,0.2393113885735906,0.11887808793740001,0.20806020301872002,0.20578702723809997,0.041893068357697245,0.041663587060986856,0.05511886442577067,0.04582118994834009,11.0,36.66666666666666
DVST_XI_Griffin_16-19_07_2024_16_08.46.09_trainee_14_ring rollercoaster_1.csv,trainee,14,ring rollercoaster,ring_rollercoaster,1,21304,5326,103.94,4,5326,103.93999981880188,0.9670414241729699,0.009568936726403706,2.4460490724442447,0.29905009804204485,122.30257025903232,0.3507981220657277,0.07379195,0.07977490000000001,0.0882361,0.07934006461382147,0.08344158934927522,0.08675833493093857,0.08312444818975387,5326,103.93999981880188,17.212027944732977,0.17164704107967066,5.14271493389829,3.631807304677007,256.75989018329193,0.1712676056338028,0.8889812749811801,1.0240672443099998,1.12648562870594,0.055434291558332516,0.05814027637677505,0.06240149905973277,0.058589106119354514,5326,103.93999981880188,2.6441136529834885,0.026296560201944,2.6779061585916573,0.6107191296382455,133.8954356222209,0.30497652582159623,0.1755273103869,0.16101299409202002,0.20485366824785,0.06358031765696066,0.07171567707369957,0.06868663125476286,0.06791040769746695,5326,103.93999981880188,4.426037018238805,0.043983293314544404,3.4929739092240815,1.0848319727517874,174.64886201933817,0.3342723004694836,0.26003079525688005,0.32042750196524206,0.27847899849799507,0.06521721397904359,0.06079859935799809,0.067491032831396,0.06444174572872442,16.0,53.333333333333336
DVST_XI_Griffin_16-19_07_2024_16_08.46.09_trainee_14_sea spikes_1.csv,trainee,14,sea spikes,sea_spikes,1,140764,35191,686.72,4,35191,686.7199997901917,5.26452717242585,0.008056524201927514,3.506612056668579,0.2569831338962909,233.7743600558416,0.2822961068485365,0.0815573,0.11101720000000001,0.0950212,0.018074537081467862,0.016721772234087474,0.019509494581462488,0.018066131557911994,35191,686.7199997901917,103.65284380773917,0.1582006507859163,36.72036406252553,3.880467768137001,2447.7686634153797,0.10610969025291275,1.6428734464728971,1.4398408089367851,1.5223872235616072,0.014838092444520997,0.0152575006993203,0.014283629699244993,0.01478767911020614,35191,686.7199997901917,15.019821858275087,0.02290155748449097,5.554624745804112,0.5881011731434103,370.3086695408081,0.18658709860755895,0.1959564927601,0.18413619579850998,0.195634809590434,0.01264691589462632,0.013035812738589055,0.01263653101035567,0.012771743965225638,35191,686.7199997901917,16.41576542220342,0.025091131293566864,6.075251246758964,0.7774659339968631,405.0171360383713,0.2589940323955669,0.32342329680146,0.30472103084891,0.23259315707628003,0.019123867534510956,0.016707942776516882,0.016217673160536922,0.017304633933702542,12.0,40.0
DVST_XI_Griffin_16-19_07_2024_16_08.46.09_trainee_14_suture_1.csv,trainee,14,suture,suture,1,39388,9847,192.1,4,9847,192.09999990463257,1.2519529629350301,0.006743446748841544,2.5961264576732153,0.18029803201421168,129.80644667673505,0.2842778793418647,0.0768711,0.062454300000000004,0.045099,0.05534453056237076,0.04703021797678287,0.042391288400194474,0.047963342256361514,9847,192.09999990463257,26.671306670527695,0.144570785762226,11.651841804606217,3.063990920133693,582.1567094992079,0.15813528336380256,1.0781950951949704,1.1991907415949101,1.186562611790124,0.042633257410924226,0.04240818763841211,0.04472446665968887,0.04324286566015734,9847,192.09999990463257,4.174694532765211,0.022581485106554222,4.878778310623426,0.4705362327899223,243.93914816967168,0.21389396709323583,0.13171711001498798,0.14576761374266,0.17756035654948,0.03319150275657735,0.03663273950797315,0.03853708165617533,0.03605164164856227,9847,192.09999990463257,5.996067764516582,0.0323576230229135,4.885721122014253,0.7397220996837783,244.2862890702724,0.26569165143205364,0.25805322562030997,0.18352228972816004,0.2594076421411,0.03629380681163082,0.04314987050986799,0.03638892788395493,0.03848224734926642,15.0,42.85714285714285
DVST_XI_Griffin_16-19_07_2024_16_08.46.09_trainee_15_glove cut_1.csv,trainee,15,glove cut,glove_cut,1,49456,12363,241.32,4,12363,241.32000017166138,1.802172974730478,0.00801914832153027,4.035642247370369,0.286019935175133,269.04093492354014,0.20360783044814754,0.043338,0.0462298,0.04068000000000001,0.02483699026950128,0.023298525253859222,0.024063290091784092,0.024058070983792305,12363,241.32000017166138,25.091063136820118,0.1087606804524454,14.88739861016917,2.8592737233255203,991.7528336255568,0.06859731435042873,0.8531418600634202,0.73887039447154,0.5386819803848077,0.031642857477799,0.027018285499553155,0.025143821994821663,0.027804916275947996,12363,241.32000017166138,3.77284924221574,0.01665813868878109,7.29715941829338,0.4855620176113375,486.4738923434093,0.159521113088497,0.08749403565152,0.04674610401159,0.08887410354968502,0.016950889124219815,0.0233726195151875,0.017084051634145662,0.018916041112215523,12363,241.32000017166138,5.5222282233475175,0.02417395434213227,6.517879454626882,0.7609359695902365,434.52225809519746,0.17505258048859407,0.181689056124098,0.3073415922999,0.21328782070142,0.04279181443730805,0.03564782700062532,0.04636383436382686,0.04135465190550005,17.0,56.66666666666666
DVST_XI_Griffin_16-19_07_2024_16_08.46.09_trainee_15_ring rollercoaster_1.csv,trainee,15,ring rollercoaster,ring_rollercoaster,1,29200,7300,142.39,4,7300,142.3899998664856,1.790566292973851,0.013102789660188541,3.4637678864334767,0.4757504631059015,173.18855948715492,0.22592135909028635,0.08725720000000001,0.0685367,0.06841839999999999,0.043188868528018,0.04315157865415824,0.038243501356083155,0.04146121779256513,7300,142.3899998664856,24.65482121323555,0.18119756833718964,12.271805434061488,4.37066873711365,613.5043725067709,0.056309083436087135,1.7189143320907,0.9266290171110989,1.2208420765457,0.05118918401901838,0.05875637625687372,0.043140068945189056,0.0506257357911273,7300,142.3899998664856,4.829165418921489,0.03535553103385222,5.741204122372573,0.9009004391876373,287.0604798808356,0.180572681189204,0.2835872398109,0.19662785963011997,0.222811318793934,0.048898302922527045,0.052052295349336995,0.04334301003798508,0.047960560156660205,7300,142.3899998664856,5.74933125895489,0.04207729150818257,5.758884813102682,1.167960289086753,287.94451526042286,0.1966022742841485,0.16686567493153998,0.39696106089441,0.2864775668277,0.04476515848713532,0.03802870025104444,0.0586545802773174,0.0463928635850018,18.0,60.0
DVST_XI_Griffin_16-19_07_2024_16_08.46.09_trainee_15_sea spikes_1.csv,trainee,15,sea spikes,sea_spikes,1,25388,6347,123.84,4,6347,123.84000015258789,0.852897370953853,0.007476060904209014,3.3049557326677044,0.3529095705363496,165.24695927653536,0.40214308225653955,0.02203902,0.0436097,0.040032099999999994,0.03634886992666115,0.03482599635608839,0.048989043527060086,0.03958200669806133,6347,123.84000015258789,7.562285966592766,0.06442652586333325,10.113120408863871,2.0476445014409745,554.5834769577727,0.17869524109675386,0.6102227491638,0.695061630055432,0.27047878266327996,0.08611974956419789,0.05372268406503561,0.057335705760668744,0.06425326600479646,6347,123.84000015258789,2.194350426388348,0.01892751638444942,5.321758476240078,0.5994354234334189,266.0865915722752,0.29719508351717616,0.10154424782446,0.080086722765916,0.06876213064864001,0.04109622601995011,0.038079947654036335,0.03381807946919059,0.03754473771918994,6347,123.84000015258789,1.4726948778103301,0.012775088027835972,4.402361885666695,0.5797884907242821,220.11699220374388,0.3403718878033407,0.050183957524149975,0.151133643537125,0.07294144651994999,0.05913576963542117,0.04108249991314913,0.0712943289738717,0.05574261870865598,20.0,66.66666666666666
DVST_XI_Griffin_16-19_07_2024_16_08.46.09_trainee_15_suture_1.csv,trainee,15,suture,suture,1,84440,21109,412.05,4,21109,412.0499999523163,3.6310100768432174,0.00913063658541526,1.9580789204604394,0.21538425566149724,97.9040393915898,0.20551449687322343,0.080878,0.0672948,0.06409699999999999,0.020317885137190503,0.019829264191785528,0.018087650212147092,0.01938752705590142,21109,412.0499999523163,61.869094992218365,0.1562393660817559,9.248457483099582,3.2074160934782303,462.3952295542038,0.09503505779799128,1.08397699964627,1.23585564603481,1.288763649590829,0.018707689077875737,0.019103938410721152,0.02039843029210312,0.019390094862284685,21109,412.0499999523163,11.514609070732227,0.029068316541990012,3.0595019518989397,0.5555799325735433,152.97524348350774,0.14013644115974985,0.20005023593157,0.16683220298473,0.20150815333877398,0.015865738002112124,0.017436794432274378,0.015923445870378135,0.0163928573841503,21109,412.0499999523163,14.068481424760073,0.03541327450682032,2.969727139929769,0.8254843662529472,148.4864986042485,0.181826795527762,0.2819339811384834,0.3103047813706,0.2298418965251,0.02102426026932049,0.01809427092747652,0.01898285850256111,0.019328929759072005,15.0,42.85714285714285
DVST_XI_Griffin_16-19_07_2024_16_08.46.09_trainee_16_glove cut_1.csv,trainee,16,glove cut,glove_cut,1,58872,14718,287.19,4,14718,287.19000005722046,1.6337311851325802,0.005935133605512103,1.9108280630132215,0.24056664814648882,127.38865902150708,0.3067201195895903,0.04640802,0.0546074,0.08084259999999999,0.030813545349949414,0.03749177974690062,0.04066916790308268,0.036083972073327364,14718,287.19000005722046,30.486664475039195,0.11056184399964737,17.42285589536074,2.717068066998473,1161.1247201140338,0.09771013114085751,0.7899197776172102,0.9591371789093701,1.031311005511646,0.028551040863298034,0.0296057732694413,0.03262310380007104,0.030211656911694067,14718,287.19000005722046,4.048722792773858,0.014724298544901345,3.3512555821564214,0.4470213954550351,223.41725187772306,0.16226133043419175,0.0706895484581913,0.08678171757301999,0.124049730812604,0.01934522039419868,0.023129032920689237,0.025626777085196555,0.02254974918939708,14718,287.19000005722046,7.062230512155384,0.025710848773872183,5.8123815286128355,0.8372902518559945,387.49247144914017,0.25439967384657197,0.22024364119599998,0.23610020635288997,0.30384405231489997,0.03228925194240138,0.036629852520623875,0.03792553048455316,0.03553106888885192,15.0,50.0
DVST_XI_Griffin_16-19_07_2024_16_08.46.09_trainee_16_ring rollercoaster_1.csv,trainee,16,ring rollercoaster,ring_rollercoaster,1,45136,11284,220.17,4,11284,220.17000007629395,2.4232016976643753,0.011488798665862934,4.298238563519031,0.4792733007410973,286.54951084284426,0.2889302490472392,0.0729794,0.052944599999999994,0.0833401,0.02565201087873078,0.0321838198265823,0.027412476968255238,0.028285840915601403,11284,220.17000007629395,29.575069317683628,0.13970404001380848,10.45910815092715,3.2794242480754714,697.2080259793286,0.10768412656208455,1.04771390888817,1.0354068614598,0.8516088087343399,0.035216898272085614,0.031938583871514756,0.03175044529749843,0.032931046068887526,11284,220.17000007629395,4.817903786585507,0.02287414806100866,7.077653362029811,0.7356231924494593,471.84400745416536,0.25631480989098643,0.130903222917,0.14040698086156,0.1603047458496824,0.028139177384304045,0.030067009630328507,0.03113934100938351,0.02975571226488707,11284,220.17000007629395,7.782559795328289,0.03685496226895069,6.583275064376806,1.1406170719370925,438.8854228455427,0.2656208455198086,0.199839775811019,0.34340458992072004,0.3324436379158,0.033660576403297476,0.03311902277536391,0.04341497894230477,0.036442896338463975,20.0,66.66666666666666
DVST_XI_Griffin_16-19_07_2024_16_08.46.09_trainee_16_sea spikes_1.csv,trainee,16,sea spikes,sea_spikes,1,64824,16206,316.28,4,16206,316.27999997138977,3.8725763588450093,0.012752184850036527,3.7089843904655795,0.5397411508280251,247.2658618421404,0.35513730330145016,0.052913379999999996,0.0559082,0.07458530000000001,0.014044960344422257,0.016222186228078996,0.01667494405950522,0.015603837847972955,16206,316.27999997138977,34.61925896624276,0.11419704935790237,12.061026256710461,3.2444341719362786,803.8887538974212,0.11971613699475471,0.68066462203792,0.9964579241615181,0.6715022241084859,0.023789116018543863,0.019528664731290685,0.023628461399041317,0.02222433452711821,16206,316.27999997138977,6.46481124128149,0.021352351578364327,6.6621705962967415,0.7726726632758599,444.145129989586,0.29108299907435975,0.06854263978255001,0.0941751220909,0.13281641052193,0.012427754347892544,0.01475877913943035,0.017299681856363498,0.014694689149429164,16206,316.27999997138977,7.0287900517761805,0.023236374298887322,6.426930923500394,0.9528674104862603,428.46247018034626,0.3348966368404813,0.12110648349165999,0.15004571236737,0.16861636168521998,0.019178512529349358,0.020330730466533276,0.022629819017035594,0.02066409206146176,16.0,53.333333333333336
DVST_XI_Griffin_16-19_07_2024_16_08.46.09_trainee_16_suture_1.csv,trainee,16,suture,suture,1,86048,21512,419.75,4,21512,419.75,4.042173950758403,0.009964413912442493,2.6029811294120577,0.24791926756912452,130.14840484485003,0.15559481195667332,0.064484,0.058376700000000004,0.1064864,0.015178566445432648,0.020500198117587905,0.019505264503541394,0.018240926193280625,21512,419.75,111.894329830483,0.2774734570385222,7.971524328592816,4.6352216097147325,483.84755543989615,0.06108502626563154,1.2941333415873,1.4224048116695998,1.5044923569414799,0.012125315285226222,0.012470286363037208,0.01307370014160504,0.01255035456633471,21512,419.75,11.309336855566709,0.027970309296396458,4.284641193816516,0.5604341654277601,214.23098708122748,0.10627121007856445,0.148489373057444,0.10985517449205001,0.2224886138192556,0.011293298462070537,0.016071797134927263,0.013823786387822974,0.013588476074248896,21512,419.75,20.930300621995997,0.05175108987966899,3.8461680573759613,1.00771081864406,192.30744002579942,0.13295523220677793,0.22182398720852,0.22949125567970002,0.27567013726032696,0.010779828675128961,0.01181472585191378,0.01201717722963607,0.011524249650507168,21.0,60.0
DVST_XI_Griffin_16-19_07_2024_17_12.20.23_trainee_12_camera target_1.csv,trainee,12,camera target,camera_target,1,17544,4386,85.7,4,4386,85.70000004768372,1.7429707807617811,0.021889648766276273,4.014483961382373,1.2523265851713414,267.6325193264181,0.4930444697833523,0.06110672227,0.0847329,0.034932599999999994,0.04128387202444623,0.0265075655085722,0.031214140730393414,0.032446452221063425,4386,85.70000004768372,18.837926023000865,0.22961916078966957,52.864362064939506,11.177747207599003,3524.003780593001,0.15598631698973775,1.2224508640847098,1.5393767465884682,0.8542027824422201,0.07282073864556951,0.05424542419797968,0.06087232148826276,0.0621840997614538,4386,85.70000004768372,3.694885292816502,0.046041959580972895,6.739023290251086,2.25459285898241,448.53733566924785,0.4314709236031927,0.1415379344792,0.19590998675938,0.14439343483262,0.04506752974504897,0.03869093190141333,0.045519873980431974,0.042975868795028536,4386,85.70000004768372,11.342346012721872,0.13964015593509324,35.79971568812846,8.194814087167726,2282.5116113714976,0.4385404789053592,0.7159916326507,0.9484855212022,0.85158610622686,0.07265515514611755,0.0688438841753185,0.07923676651823398,0.07345468738806855,16.0,53.333333333333336
DVST_XI_Griffin_16-19_07_2024_17_12.20.23_trainee_13_camera target_1.csv,trainee,13,camera target,camera_target,1,45680,11416,222.94,4,11416,222.93999981880188,4.166357274754708,0.019545849530911645,4.400540152608401,0.972827942873337,293.33733115481937,0.4085851949189663,0.0989128,0.1070324,0.13418770000000002,0.024696042899835534,0.027651971050990376,0.02876454293029806,0.026981762423148353,11416,222.93999981880188,47.4473501041243,0.22022199090491587,51.911514774085894,10.19705250994239,2595.4137758559546,0.16206745510293474,1.6601116034605101,1.7217144957359327,0.90458192293447,0.035631757834718385,0.025827396652789065,0.02630222919444062,0.02892700558532401,11416,222.93999981880188,8.818939042013552,0.04170510927900383,11.409074400116888,1.8604434535677887,760.6056853778996,0.3651335961454227,0.22284128662776,0.25094602163580004,0.25600806056493,0.02681461991718234,0.02708371952908632,0.028740918063672106,0.027533422342991453,11416,222.93999981880188,33.660300714052994,0.15406190447719836,48.072230956586885,9.147575239500828,2403.61384009413,0.37433201927288656,0.9919089700691499,0.9773747539541,0.9081593377180001,0.029251522519580405,0.028196742851696144,0.027989400289017058,0.028473903194797222,19.0,63.33333333333333
DVST_XI_Griffin_16-19_07_2024_17_12.20.23_trainee_13_glove cut_1.csv,trainee,13,glove cut,glove_cut,1,50408,12598,245.92,4,12598,245.92000007629395,1.3808790729131601,0.005864152997204737,2.5170326615824963,0.25192989493962215,167.80233746761257,0.21378105898229738,0.03149305,0.0445294,0.08327477999999999,0.02711909141601937,0.03708586904103159,0.04409857142695675,0.03539723768517262,12598,245.92000007629395,26.607665179870786,0.11443027330571097,34.07985384594979,3.630567779330734,2271.635637343349,0.06152258474239898,0.892575192464172,1.04504520517404,0.50379139137456,0.036298040233328825,0.025202348356918966,0.027270063086597914,0.029219320370055223,12598,245.92000007629395,3.738969626679979,0.01598160426502811,6.577805817065492,0.6076361676411072,438.52080601039603,0.15384615384615385,0.08617213799641099,0.10790356877769999,0.15490741532223998,0.025789884744130978,0.030900648988730132,0.03457817524179328,0.030204595520865775,12598,245.92000007629395,15.482142528759702,0.06819194246619546,66.82485364787104,3.2786409972006325,4454.994491805229,0.16710327855838691,0.804912429544,0.43615194866099993,0.7030505938984,0.03827032622480289,0.04858884161855446,0.0357668865413735,0.04051600495467187,23.0,76.66666666666667
DVST_XI_Griffin_16-19_07_2024_17_12.20.23_trainee_13_ring rollercoaster_1.csv,trainee,13,ring rollercoaster,ring_rollercoaster,1,36004,8998,175.66,4,8998,175.6600000858307,2.0975313868502514,0.012142183988225362,3.0834476998248315,0.5400535900439016,154.17253202162567,0.2857619206402134,0.0821137,0.078941,0.10029390000000002,0.03838403745619692,0.04326498947147883,0.04242092198624067,0.04130054538854803,8998,175.6600000858307,36.37495833939903,0.21582449774094062,13.783764837357792,5.89661255490119,689.1343726231548,0.10914749360898077,1.44259597105506,1.37489538645894,0.6797083368445,0.03871726581945121,0.02722269712078247,0.02657624514185317,0.0303698852410444,8998,175.6600000858307,5.786669614908952,0.03375253214409914,7.360345909550767,1.3270152302677236,368.01764644651576,0.22485272868734021,0.14109732595197,0.19464688649598,0.18159897637182798,0.028638774828218083,0.02766224365020782,0.03249015186667521,0.029525540694261734,8998,175.6600000858307,24.498616883012623,0.14326389851391658,21.46989690927068,5.255273577124546,1073.4958692289733,0.24552628653995776,0.95026878377582,0.6000052175989999,0.8072820245922999,0.03082188380456083,0.0357515031806427,0.02840851867177043,0.03151621283202675,17.0,56.66666666666666
DVST_XI_Griffin_16-19_07_2024_17_12.20.23_trainee_13_ring rollercoaster_2.csv,trainee,13,ring rollercoaster,ring_rollercoaster,2,7872,1967,38.35,4,1967,38.34999990463257,0.5558414908574731,0.01470768920354864,1.3984993938050116,0.6012668763561473,69.92503637596185,0.3143438453713123,0.04152846,0.0379994,0.026700100000000004,0.07146778484016436,0.05990711364703631,0.05730517616941896,0.06260286220302018,1967,38.34999990463257,7.637892921316691,0.23082248177670953,110.9991648380127,8.962609854841206,7375.763288299749,0.12461851475076297,0.86616068646382,0.9305416002307,0.909494821864,0.11754213235048196,0.11620525922973247,0.12044657263852881,0.11805143350853652,1967,38.34999990463257,0.905378636391065,0.025615567820958855,5.972663280049893,0.9985444337899573,397.0886819308771,0.28992878942014244,0.06238737046375,0.056098395470800005,0.06984699067408401,0.06534213459697953,0.0729108141532861,0.06913832074940003,0.06906129179419088,1967,38.34999990463257,4.063282015678536,0.10794852129461337,7.825821456716387,3.82153693988829,391.28911373333455,0.28484231943031535,0.22936387424000004,0.661532677449,0.45569768628250007,0.09586524638156489,0.07956534563156445,0.13512543238792596,0.10101225840229265,22.0,73.33333333333333
DVST_XI_Griffin_16-19_07_2024_17_12.20.23_trainee_13_sea spikes_1.csv,trainee,13,sea spikes,sea_spikes,1,44980,11242,219.5,4,11242,219.5,3.1919154438694144,0.015229242402993885,1.919126342691447,0.6286347898292951,123.99644746225773,0.23885775286896183,0.042590789999999996,0.060771000000000006,0.0775483,0.01593876477000895,0.018004978647127624,0.021507154464060898,0.018343269299228665,11242,219.5,48.3105075374976,0.23101903477442817,30.664688713737117,6.935775508269821,1709.00319412003,0.05915843786140023,1.32166356920312,1.52444243736783,0.7646850177252001,0.029381527784037353,0.020809428354731183,0.02234885128436364,0.02390726580202113,11242,219.5,7.525410898960454,0.03592966849328065,5.5198133774780604,1.4253638369157853,275.99093207936653,0.19962636776087536,0.10645510682169002,0.19354909990079,0.1625960570198,0.019074300045919878,0.01748268114439304,0.023573299000578668,0.01988347727114737,11242,219.5,31.171659920062652,0.1489234087567561,36.26621995904406,6.393594876782501,2417.7503030159714,0.20078284850102304,0.9804223513776,0.7991567770550001,0.7899649918874999,0.028396359497118252,0.028232581797184186,0.02548942195043322,0.02733953240662107,17.0,56.66666666666666
DVST_XI_Griffin_16-19_07_2024_17_12.20.23_trainee_13_suture_1.csv,trainee,13,suture,suture,1,53592,13396,261.43,4,13396,261.4299998283386,2.4718293236838234,0.009903216250463472,2.249652997490665,0.2910857359861202,148.51618149906662,0.14565136244867488,0.0491727,0.058655599999999995,0.0709129,0.02172692616487716,0.02388945107830246,0.02609149017965128,0.023836058781343105,13396,261.4299998283386,71.08001828024177,0.2854064841289597,10.691691257456068,5.635145935709241,534.5098067292927,0.06689063083240016,1.0199332102979282,1.52935759856968,1.31486119802859,0.01757085352483233,0.01629214589342081,0.01995018588109869,0.017874724840986532,13396,261.4299998283386,6.1985269867556205,0.02492217472952334,3.532023374089778,0.6168898900130968,235.46844949953115,0.10884658454647256,0.08647560760485,0.10643677976400001,0.15207640433882,0.015477619934877142,0.01850074565371745,0.02052524192515228,0.0180465379210615,13396,261.4299998283386,44.58051893695147,0.17975800057424698,9.082807439931557,4.0262163880787565,605.521073465333,0.11071295259425158,0.9254594352100001,1.0998870063204,0.906997563156,0.022631201420969527,0.020551173906060052,0.022404330794775804,0.02184198344067958,23.0,65.71428571428571
DVST_XI_Griffin_16-19_07_2024_17_12.20.23_trainee_14_camera target_1.csv,trainee,14,camera target,camera_target,1,108104,27018,527.63,4,27018,527.6300001144409,6.202276804785926,0.012263076228958614,3.5212513935258283,0.550101385892246,234.75031677706977,0.47836547359070214,0.1172506,0.0788447,0.1292885,0.015502175339040861,0.01985118060646363,0.01627852520222426,0.017110578005566857,27018,527.6300001144409,90.16857029887454,0.17971685934377263,90.67178529760605,6.235621036396395,6044.630473199463,0.30491912499537327,2.0285044659716798,1.947659123544955,1.35875329826238,0.02204394279211247,0.018412090722300094,0.01804145655454391,0.019418752481134744,27018,527.6300001144409,17.482159004588464,0.03452333743309636,13.07286420687725,1.3210796350741199,870.9598547199242,0.3971573453751342,0.27426387740053004,0.26775790072139993,0.242091670924032,0.015501023941560497,0.014739378240358163,0.014563508219145397,0.014929153566527518,27018,527.6300001144409,60.08192338026475,0.12074198788839724,84.15708911476186,5.515525754525824,5610.477958219522,0.4537513417477884,1.11805207728433,1.001998769034,1.0117920034342,0.017616546856402,0.01770242693861399,0.016758509434855875,0.017353869504990276,14.0,46.66666666666666
DVST_XI_Griffin_16-19_07_2024_17_12.20.23_trainee_15_camera target_1.csv,trainee,15,camera target,camera_target,1,22508,5627,109.81,4,5627,109.80999994277954,1.3695686085582497,0.012717156406918367,1.3341040813534772,0.5886289178772441,81.46564695806559,0.4374333451830786,0.0432999,0.051535899999999996,0.0372175,0.03449169887879955,0.02931117659855228,0.03197751694812722,0.03185646083825769,5627,109.80999994277954,12.881530854593803,0.12166239955338966,23.711815595543797,4.395914430079049,1185.5574293013483,0.09065055101315321,0.8531354013474999,1.2623016855622,0.9253599029938001,0.08056067284132595,0.06897581524575035,0.08390144517780808,0.07754071289310034,5627,109.80999994277954,2.331595001637692,0.021715775044168405,1.9389626596468996,0.9325697198921178,120.4949367187128,0.37273373622467115,0.11103293944140001,0.06352101048110001,0.07414299746028,0.036018987627654965,0.03891417905684928,0.02943341496333491,0.034553603287411826,5627,109.80999994277954,6.750930890855026,0.06348994881149349,18.79146540018081,2.7837848897537345,939.5685657863897,0.40081763242090296,0.426188078335,0.6546851986061999,0.6035985684977,0.07824439693176877,0.07512960179453779,0.09311651199228643,0.08180195405155703,18.0,60.0
DVST_XI_Griffin_16-19_07_2024_17_12.20.23_trainee_16_camera target_1.csv,trainee,16,camera target,camera_target,1,34752,8686,169.61,4,8686,169.60999989509583,2.9875301658728546,0.018524143326720942,4.12054187935279,1.0866390384699023,274.6982696916098,0.39458837075417386,0.0722466,0.0631421,0.07779799999999999,0.02260767589446175,0.025094620009632203,0.023460184752013346,0.023698598145712582,8686,169.60999989509583,34.586598516604724,0.21132248898980074,31.71659660082901,10.361721564627741,1944.3641795757667,0.03960852043753598,1.265608171642558,1.57665987221826,1.008263593878939,0.040842356305617805,0.03266095096043077,0.03645425252301418,0.03650025828626056,8686,169.60999989509583,5.566054704586002,0.03423516516920512,5.204009200051198,1.8975245981140314,346.93427753238984,0.33598157743235463,0.1057528988569,0.1364559331836,0.13225469943589999,0.021582158713553946,0.021247323316241472,0.024135388724398427,0.022285264968590682,8686,169.60999989509583,24.85926570835612,0.1495214106916039,32.96654466249855,9.60015617380245,1933.0574563795246,0.34335060449050087,0.9816598587016001,0.9259899492150699,0.906793419979971,0.03835264816123161,0.03795302530017458,0.036861161869059175,0.03771698121540539,23.0,76.66666666666667
DVST_XI_Griffin_16-19_07_2024_17_12.20.23_trainee_16_ring rollercoaster_2.csv,trainee,16,ring rollercoaster,ring_rollercoaster,2,38020,9505,185.63,4,9505,185.62999987602234,2.0704078557281322,0.011710997833321388,5.029601184389332,0.6078288151138901,335.30440063719163,0.3115530303030303,0.04946217,0.059398000000000006,0.09164660000000001,0.026179815831275998,0.032519125261308186,0.03563593704462782,0.03118874323420275,9505,185.62999987602234,16.302771645202778,0.09229782137718348,18.485615176180136,3.4280191284420845,1232.306685565306,0.06386784511784512,0.4431706857669999,0.6396672802134801,0.6770539687937002,0.03265886862106752,0.03359972412004676,0.040367073648392794,0.03538246111621679,9505,185.62999987602234,3.05227170276197,0.017241833718351272,5.174476590292336,0.7021806057614025,344.96269348437585,0.25010521885521886,0.08093032983366,0.07482515104915999,0.13692004508355998,0.025495073356254738,0.03448783892713541,0.03316149699094411,0.030778831277982376,9505,185.62999987602234,10.8404772754843,0.061898424305469664,17.857029193275583,2.576931031200642,1190.4602872681007,0.24915824915824916,0.43880163502800007,0.9170030401110001,0.5955700900997001,0.05851552460435904,0.04715764998963331,0.06817159008167435,0.05729836467958266,23.0,76.66666666666667
DVST_XI_Griffin_16-19_07_2024_18_08.46.52_trainee_12_sea spikes_2.csv,trainee,12,sea spikes,sea_spikes,2,6412,1600,31.25,4,1600,31.25,0.5813418872771935,0.02100521950329491,3.19859252963916,1.0303234008793067,213.20288588799127,0.26391494684177613,0.018988300000000003,0.0505466,0.04669069999999999,0.05329143320954687,0.051218472071830196,0.08356598766189116,0.06109952816183489,1600,31.25,9.445204052594988,0.3210840903137836,53.80889557026079,9.34490108213546,2688.5658268718976,0.0906816760475297,0.9732908450433402,1.3393302543673953,1.0126141761303498,0.12087982261767949,0.1051070811754224,0.12329756402414124,0.11613953835985254,1600,31.25,1.6212348337135187,0.05689272601413536,6.516977148184242,2.2906662780465417,431.6664393422788,0.20012507817385866,0.0833100437349,0.1874518301734,0.11848554545781999,0.07708104562378865,0.06128235424292492,0.09192456897980278,0.07572481369144955,1600,31.25,5.040662131216671,0.17459127052954965,13.93804344520407,6.19929234408584,929.20378250472,0.20888055034396497,0.5653853082333999,0.27487926021599995,0.6588800075779999,0.07820880640982142,0.12108430022249465,0.08442801203803416,0.09281325827962153,19.0,63.33333333333333
DVST_XI_Griffin_16-19_07_2024_18_08.46.52_trainee_12_suture_2.csv,trainee,12,suture,suture,2,40868,10216,199.34,4,10216,199.3400001525879,2.1991641760933573,0.011693145601353264,2.6916329535470753,0.30813797716121155,179.42860816151082,0.13372491434165443,0.05144879,0.0878557,0.06677149999999998,0.03057137005022319,0.02665173562657134,0.03482754689551072,0.030501492779494137,10216,199.3400001525879,73.39332096493771,0.3858911882720382,6.795290511683786,6.830943655948276,442.87804070757204,0.06000978952520803,0.837877104423394,1.5249252301602718,1.6352391955418804,0.015401318319430526,0.015948662445442,0.02151584364711813,0.01741861075639905,10216,199.3400001525879,7.509214960177574,0.03947076242228615,2.371176948622609,0.7180598432969962,120.89428834403591,0.09251101321585903,0.1744351805478,0.145549355591495,0.12598019959476697,0.021219133556686327,0.019741204567105236,0.01803274132237289,0.019620994499008806,10216,199.3400001525879,36.04299082386319,0.18972165196729548,8.12313294787757,3.8756458495528303,541.0677210881322,0.10083210964268233,0.7150880875569999,0.514727840773,0.88207304475,0.01683246731980648,0.022034907195289413,0.018694776767082966,0.019068934622361377,28.0,80.0
DVST_XI_Griffin_16-19_07_2024_18_08.46.52_trainee_13_sea spikes_2.csv,trainee,13,sea spikes,sea_spikes,2,27712,6924,135.16,4,6924,135.1599998474121,2.7162737621430013,0.020718473668404024,3.3280656899239363,0.7575359695276032,175.60532430181462,0.1477683085367615,0.0709375,0.0780328,0.0734083,0.02739069148104167,0.026566661622720228,0.02786362651139072,0.027268371796813892,6924,135.1599998474121,34.992794930259954,0.27084458710550036,17.885457907356013,6.968894742219418,1191.9966330796392,0.0525783619817998,1.17052554702313,1.2787110711229,0.7561162248753701,0.034962141757452096,0.026884755758298094,0.028099711412446556,0.029780729242041986,6924,135.1599998474121,6.541182267498251,0.05016158417419512,7.003150915794185,1.829117253681543,466.8771716350452,0.11887909865665174,0.15856630161562002,0.1822942750011,0.1492884909677,0.02599176145696258,0.023521356361206513,0.025219903947837134,0.024889366004808042,6924,135.1599998474121,19.48572668606641,0.1501370935778321,27.067248524203848,5.80574062137169,1804.484954504544,0.11989022100245558,0.581411687065,0.610037880991,0.572425683338,0.030563541355418555,0.029606347181220006,0.030326434350805884,0.030162681678504586,21.0,70.0
DVST_XI_Griffin_16-19_07_2024_18_08.46.52_trainee_13_suture_2.csv,trainee,13,suture,suture,2,48436,12106,236.25,4,12106,236.25,2.3142414938959996,0.010150572000936608,1.936008350209082,0.2574792543735623,97.76921723216145,0.1459727385377943,0.04729762,0.0496288,0.0842503,0.020935235705337448,0.02727700578010248,0.027941128266984343,0.025175194229728564,12106,236.25,77.65266200886958,0.3430814681394104,11.052081256878335,6.000204450859979,552.5268606887977,0.06774060305658819,0.99409103636664,1.5479156220085,1.3457735972035,0.015974613972168313,0.014895076304309111,0.01858674304813599,0.01641441716202546,12106,236.25,7.041114780962886,0.03101891576179187,2.775278920666722,0.6042014717070512,138.7632512748549,0.09871953738124742,0.10703175259341,0.12134610323337,0.15866773943576,0.016185563040194282,0.018507988097919623,0.01970678644612992,0.01807316767622994,12106,236.25,49.333743430943116,0.2178133866562051,14.318079806952772,4.161988592530805,715.9046730875383,0.11251548946716233,0.774581006525,1.0004512881160001,1.0458884567320001,0.017843799090888773,0.018244502939546638,0.02073464422378412,0.018898992360627923,28.0,80.0
DVST_XI_Griffin_16-19_07_2024_18_08.46.52_trainee_14_sea spikes_2.csv,trainee,14,sea spikes,sea_spikes,2,51924,12981,253.32,4,12981,253.32000017166138,3.624844698972217,0.015066236608249125,4.264709970005663,0.7049933318970866,284.31426914359383,0.27650231124807395,0.0568833,0.0749933,0.0753165,0.018018316840230936,0.01805710203206968,0.0207332265249513,0.01889483286581929,12981,253.32000017166138,47.003888190211754,0.1939643247231061,11.199512696187368,4.8107525951794345,746.2041902994508,0.09768875192604007,1.0161500480797199,1.6547701406604998,0.9651893824948011,0.027587603426473692,0.021069362943585485,0.026886936484963916,0.025001663174065897,12981,253.32000017166138,8.817428737722752,0.036514200635407106,5.836702677860209,1.3293676066410218,389.1138829452636,0.2211864406779661,0.1223488394758,0.18286943411655,0.14852844110727004,0.016964010368391114,0.015288426165330164,0.0186910377035789,0.016924203587813196,12981,253.32000017166138,28.563520057176195,0.11822446456035088,21.933722060158303,4.395120873727237,1462.2495318537096,0.236979969183359,0.819618519079,0.8110983879379999,0.8960087660910001,0.028545057571878904,0.030002005300080455,0.029845658902597293,0.029456928413271872,20.0,66.66666666666666
DVST_XI_Griffin_16-19_07_2024_18_08.46.52_trainee_14_suture_2.csv,trainee,14,suture,suture,2,32380,8095,157.92,4,8095,157.92000007629395,2.1894114130619426,0.014297142591055597,2.717497409240123,0.3335041959161779,135.87500004250393,0.22016308376575242,0.07777826,0.0637508,0.06418800000000001,0.032162111517268895,0.03227220621079852,0.029217453654839666,0.031184481277494527,8095,157.92000007629395,44.77038207766489,0.29520881573296204,9.341793139898247,6.292481882989695,466.33918827178945,0.15270570793180133,0.757939647127775,1.1720003161597599,1.29940665699035,0.02105185530254794,0.022166598525772012,0.027564213643413542,0.023430326818097175,8095,157.92000007629395,6.14063509639453,0.040373827993902336,5.06771320756323,0.870541565234919,253.3859020257884,0.2080553496417099,0.09794268757847002,0.11440716511173,0.17511591479320002,0.017238494325598947,0.021327282747007337,0.02305027602177264,0.0203877983324198,8095,157.92000007629395,30.31788360481918,0.1995206462776298,9.874239852064875,5.053630417879329,493.7124634441398,0.20669631826043983,0.7737567889039999,1.05855593661,0.9989487512276001,0.029851094617855935,0.028998461627102384,0.033917952599493616,0.030849984465819276,29.0,82.85714285714286
DVST_XI_Griffin_16-19_07_2024_18_08.46.52_trainee_15_sea spikes_2.csv,trainee,15,sea spikes,sea_spikes,2,40768,10191,198.85,4,10191,198.85000014305115,3.01099207974724,0.01571823496297137,6.75612207426047,0.6645872640405248,450.4085678271144,0.2044160942100098,0.048588400000000004,0.0749843,0.080756,0.020046652249921266,0.020803867812866982,0.02584419191221138,0.022089351527088956,10191,198.85000014305115,29.706078769507783,0.1552655196635356,14.909734597931948,4.015667460138543,993.7987086050955,0.013052011776251227,1.2717381699053902,1.1776898341424502,0.78011141482376,0.04119732219214855,0.03352986780834739,0.03226624678557764,0.035455457482440784,10191,198.85000014305115,7.308379126928572,0.03820917096656112,14.604904635413522,1.4798300292413562,973.6612375832833,0.1395485770363101,0.1473771751456,0.165014653979952,0.17521888292732002,0.021338078176161093,0.021987937762436557,0.02326647775013507,0.022183163534361013,10191,198.85000014305115,18.439712745276708,0.09639757047157049,19.258606134791055,3.4391138975614686,1283.9083000831074,0.14406280667320903,0.9582353816210001,0.5609369363356,0.65181195206,0.03975932192146357,0.04285910619835987,0.03279170721280361,0.03823097455400876,23.0,76.66666666666667
DVST_XI_Griffin_16-19_07_2024_18_08.46.52_trainee_15_suture_2.csv,trainee,15,suture,suture,2,40996,10248,199.96,4,10248,199.96000003814697,1.9667675714915105,0.010191841070889348,2.4908050854583212,0.17655509396205857,124.54037304387118,0.11525324485215185,0.07613819999999999,0.0496539,0.0364663,0.03126258937851908,0.026791320141838857,0.02163562741755604,0.02626613576762056,10248,199.96000003814697,62.545328925999755,0.3261883335748159,11.925971063450762,5.693625038506401,426.52020642315324,0.06548258026739534,1.4154547587472317,1.33386467653004,1.2163380019869763,0.021968934876376772,0.02097878119684074,0.020365174833716464,0.021094009271647205,10248,199.96000003814697,6.018407212123548,0.03128498502171863,5.337377523319771,0.5524878587521044,266.86754001621483,0.09007514394456914,0.144730598234,0.13649955949935003,0.11460041238167001,0.023354159088849174,0.021398912335558067,0.02078151217059888,0.02181780352952681,10248,199.96000003814697,28.40692670457181,0.14800668376451367,9.364419054387918,2.9343728204744153,468.22139925011874,0.09231970332780326,0.6872322296564001,0.413291028594,0.7955110965819999,0.018760979015605073,0.026028589230985024,0.02018491195145724,0.02144096504959653,26.0,74.28571428571429
DVST_XI_Griffin_16-19_07_2024_18_08.46.52_trainee_16_sea spikes_2.csv,trainee,16,sea spikes,sea_spikes,2,33044,8260,161.21,4,8260,161.21000003814697,2.5772428060817676,0.016612638951168,3.221827484208003,0.7171765043646053,188.73514793980004,0.2361060661096985,0.04020391,0.051878,0.10029639999999998,0.01772027357301618,0.024638909505745196,0.02798845650322511,0.023033341743883325,8260,161.21000003814697,38.72982444408435,0.25144199146764556,12.451791076994567,5.453117002764427,622.341493519455,0.03511320983169875,1.10058671965052,1.5178036877486702,0.5498203346533801,0.03337139852919289,0.02008523902956654,0.023586998115643302,0.025098129825160416,8260,161.21000003814697,5.978832806484001,0.03862732389866308,6.393198092767749,1.5166725489767308,426.2136126534923,0.1837994914638576,0.111417253612866,0.13743068581899998,0.150720383521585,0.020696727066679674,0.02167433646598529,0.024071959457199636,0.022103089161608025,8260,161.21000003814697,19.632293849458918,0.1269406937883486,12.83611205184346,3.9115440475760472,641.806214666276,0.18549461193849134,0.5296095176239999,0.5686270467479999,0.5315522440449999,0.027952496472429856,0.02702587867411672,0.028003717554089168,0.0276570191839663,21.0,70.0
DVST_XI_Griffin_16-19_07_2024_18_08.46.52_trainee_16_suture_2.csv,trainee,16,suture,suture,2,45260,11313,220.76,4,11313,220.75999999046326,2.3055517260572387,0.010765894954559737,1.9628182660352933,0.2827609126835829,98.14042193326571,0.13551980198019803,0.04468001,0.0430279,0.0662455,0.019017649364329745,0.02359717165378656,0.023156792080652296,0.021822193109482135,11313,220.75999999046326,44.896538160472744,0.21205252946327902,8.256233487802328,3.985579694711987,412.69251503870925,0.02103960396039604,1.0519698720942001,1.45292614565109,1.032469234913322,0.02753661581259943,0.023212790705744973,0.02728019524105478,0.02593154931736091,11313,220.75999999046326,5.342794764906987,0.025014106231518493,3.5095884912850246,0.6013602775446585,175.4795919146311,0.07169377652050919,0.0742644759244,0.10350826707692999,0.11806266431448,0.016410038026254032,0.017525820462977525,0.02069070634382945,0.01812123340765607,11313,220.75999999046326,26.17374029285515,0.12340021983341337,7.574610376729316,2.7816310166606093,378.7308800223789,0.08185997171145686,0.8118122240407999,0.4353422683539999,0.6706897293145,0.022713152787054977,0.02819180172402526,0.020644789400762358,0.023644868544495795,29.0,82.85714285714286
DVST_XI_Griffin_16-19_07_2024_19_09.39.41_trainee_12_glove cut_2.csv,trainee,12,glove cut,glove_cut,2,42352,10586,207.03,4,10586,207.02999997138977,1.8277583096863217,0.009252624294190962,0.3133640067410833,0.13583627964541747,15.66821527942866,0.04714218233349079,0.031726410000000003,0.0345307,0.042142299999999994,0.018108996729481866,0.020005564770437613,0.020870989584292458,0.019627398914180434,10586,207.02999997138977,49.73847779393,0.2523002285934431,4.973947505884231,4.4908718908724765,186.1131980877064,0.0033065658951346244,1.0942318336212602,1.2285960928362,1.3083620494974002,0.023311313641976666,0.024056151596100046,0.02549036441330093,0.024269247719465974,10586,207.02999997138977,4.183481794523798,0.02121541750308297,0.41230590964576774,0.3361314560054717,20.615315142584965,0.008691544638639585,0.052342769993279,0.0841906754162,0.08217529953457631,0.01586800995941272,0.01567693347634828,0.019882214794995447,0.01703790191444121,10586,207.02999997138977,4.119673420200813,0.020829373461626787,0.41865365843470403,0.33894743774858793,20.932702884716317,0.02862541332073689,0.0747128075075,0.085523885494224,0.0825246444479,0.01940342741708435,0.019060161213252012,0.020392607160886554,0.019610677199295,20.0,66.66666666666666
DVST_XI_Griffin_16-19_07_2024_19_09.39.41_trainee_13_camera target_2.csv,trainee,13,camera target,camera_target,2,31872,7966,155.45,4,7966,155.45000004768372,1.344215339744061,0.009014703915695057,1.0768003055220619,0.14901060833705645,53.840066621991824,0.050219711236660386,0.04327904,0.02581029,0.04291616,0.02486373706231806,0.032061245542101505,0.024759280662991677,0.027024745068091525,7966,155.45000004768372,42.46082018539079,0.28569870200746017,4.756272105267286,4.999401909571458,184.3910172348284,0.004645323289391086,1.03300634224625,1.12482781827517,0.6368093726361899,0.02538669347645534,0.0191015160834546,0.01993238966369417,0.021301545567083857,7966,155.45000004768372,3.045611630113257,0.02044370609621915,2.1385347512226165,0.3451133718150458,106.92683953451143,0.02084118016321406,0.06727046817874,0.05563040811207,0.078895637152737,0.02008601699813264,0.023920166417740883,0.021752445773968572,0.021863618420218434,7966,155.45000004768372,2.9931727268012285,0.02006094602772169,2.258317027458473,0.3558607155122729,112.91595905797372,0.03402385436283741,0.095142827314272,0.07293416141962,0.085469537783144,0.027830547112587412,0.03012741881293057,0.02637785005889442,0.02806991007802502,17.0,56.66666666666666
DVST_XI_Griffin_16-19_07_2024_19_09.39.41_trainee_14_glove cut_2.csv,trainee,14,glove cut,glove_cut,2,67624,16903,330.03,4,16903,330.02999997138977,1.529237439342888,0.004839791954114527,0.6168256769307329,0.08503259119296047,30.841313259104982,0.07294994675186368,0.025146059999999998,0.022319989999999998,0.04693635,0.015491984348528713,0.02246542859974096,0.02116541228864433,0.019457311433221745,16903,330.02999997138977,49.1665752773394,0.1560220917727171,21.860890422100102,3.335761539107013,1093.0275357310404,0.018341024730801087,1.2093382204346,0.8557046065152767,0.6302627651699999,0.02069025608428251,0.017756802172767507,0.014936636149530263,0.0176384793663236,16903,330.02999997138977,4.924145216195681,0.01562203311162752,1.2208780649791526,0.26416695207969193,61.043961465015855,0.03366465507040587,0.052961583421239994,0.057519843476791,0.08535310539461,0.011208783382334761,0.013653980922968297,0.01422943509465513,0.01296189430153592,16903,330.02999997138977,2.60242138780342,0.008218247894335439,1.2213757746681084,0.15937221212861263,61.068846973196315,0.057389658028635666,0.040027215853017994,0.05910673553014,0.07754512205879599,0.018690398411020933,0.021408060038404814,0.026014657314112555,0.021834235698739306,18.0,60.0
DVST_XI_Griffin_16-19_07_2024_19_09.39.41_trainee_16_camera target_2.csv,trainee,16,camera target,camera_target,2,30444,7609,148.48,4,7609,148.4800000190735,1.329906681032705,0.009339019814064618,0.8448465345640547,0.16344804443603048,42.24236701366322,0.048370136698212406,0.0464926,0.020685000000000002,0.03996656,0.023318387324122582,0.032412992878203595,0.021619964648003913,0.02537606092587461,7609,148.4800000190735,34.07599719923764,0.2390084267223758,5.41620706915914,4.280145863799743,264.64711263321226,0.0015772870662460567,1.169425372962785,0.9493961353305501,1.37022498596899,0.030921561143436836,0.03714784490360953,0.03347118569097431,0.03375116056030673,7609,148.4800000190735,2.9753394028232543,0.02083744460985993,1.6680625044600292,0.3550382379789474,83.40320476249575,0.014721345951629864,0.053377113255636,0.0586005805756,0.080551716677475,0.018797149127802358,0.02203831710314027,0.02309148408393715,0.02122791891890685,7609,148.4800000190735,2.5905298526585074,0.018141039560173725,1.7110248850101015,0.3469944569711625,85.55132583860727,0.029442691903259727,0.0769752311538,0.0734205846268,0.07705810187471,0.029019893793774208,0.029730078303864614,0.02903551084720306,0.029259963567511683,23.0,76.66666666666667
DVST_XI_Griffin_16-19_07_2024_19_09.39.41_trainee_16_glove cut_2.csv,trainee,16,glove cut,glove_cut,2,46216,11549,225.68,4,11549,225.6800000667572,1.9366052551701687,0.008881291700436406,2.362268349016241,0.2350197406328482,118.11353009265213,0.26809837201246967,0.05374057,0.0541783,0.0601632,0.027862668958829478,0.029361314306082735,0.029480649315218366,0.028892053958604124,11549,225.6800000667572,54.12771901196754,0.25069350371213533,9.43561464249795,4.9197257206121385,471.54254985159355,0.22687911326636648,1.486551013126,1.6333697915761,0.93348014755913,0.028788062859045855,0.02176319862723596,0.022812615297568957,0.024268154339392355,11549,225.6800000667572,4.47628364851526,0.020615845617463827,4.003181945296539,0.46124747732643767,200.15928815159927,0.23735711811569102,0.1688015696305,0.1080670916259,0.11024818095646802,0.030172922237163245,0.03047588723501923,0.024384555840588035,0.028198728553735557,11549,225.6800000667572,4.906842031046688,0.02279527526491761,3.934392915085362,0.5443462033041967,234.20868463542644,0.25320401801177694,0.16785430075382,0.1341660567493,0.14129736834026002,0.03058338048285657,0.03138565499636757,0.028059910905711638,0.02997558429848765,24.0,80.0
DVST_XI_Griffin_29_sep-1_oct_2024_01_10.39.05_trainee_17_camera target _1.csv,trainee,17,camera target,camera_target,1,33368,8340,162.92,4,8340,162.92000007629395,3.1139921456065314,0.02001030683735751,5.920186326223197,0.9942810024279787,394.6794648105486,0.4211536155414318,0.08681332,0.1060528,0.1159221,0.03081319550085671,0.03221504852347607,0.035606286075400014,0.03281764418671566,8340,162.92000007629395,43.3752144690647,0.27845284930239717,53.04334985078318,11.83341915805685,3481.1345291117036,0.12891233960906584,1.576361697604364,1.63917907799808,0.68216565320589,0.03705949549923005,0.023907338256737024,0.02437903385477376,0.027849393387883892,8340,162.92000007629395,8.285762326014313,0.05324854436140259,16.85947335752897,2.4188139089806984,1123.708881673181,0.3796618299556302,0.22371777792176,0.2974364190878,0.189400982586784,0.031132561084825826,0.024843277520277224,0.028645454296394784,0.028086210813909177,8340,162.92000007629395,35.29847326266416,0.23204409862501896,131.01564052532962,13.747741580074877,8734.272972749353,0.3996882120158292,1.391842591568,1.3424516723463,0.8985515496868999,0.03872473634750715,0.03168185764544837,0.031114649083289946,0.03367089587364908,23.0,76.66666666666667
DVST_XI_Griffin_29_sep-1_oct_2024_01_10.39.05_trainee_18_camera target _1.csv,trainee,18,camera target,camera_target,1,24364,6091,118.92,4,6091,118.92000007629395,2.30765198902344,0.020316887099626098,4.14135788900292,1.1691819690448353,219.83639526506744,0.42430213464696226,0.0809523,0.0755751,0.0444693,0.03389484457751878,0.026000064668288574,0.02512170996219945,0.028079266412809712,6091,118.92000007629395,35.4424261415625,0.3201867788465046,91.14134821476158,16.82713884225491,6075.893946537574,0.11280788177339901,1.5102766770266403,1.7862216638212929,1.19549388226639,0.04634175650989934,0.03791215697252162,0.04123043455696785,0.04168594319102333,6091,118.92000007629395,7.111840972274473,0.0637153570872562,12.758835252999472,3.5952776101121153,850.5898280523043,0.38308702791461413,0.26332262620074,0.278707542069402,0.1691715089635905,0.03809223129660356,0.02967738724598356,0.030532047922188006,0.032559120914641596,6091,118.92000007629395,31.567936600581575,0.29211100560464376,96.16923607130114,19.35558274399841,6411.288519034605,0.39638752052545156,1.3141894998165,1.3722164749046,1.2190404237229,0.04253966988261764,0.040095151089615755,0.040970774375335445,0.04118951839821363,19.0,63.33333333333333
DVST_XI_Griffin_29_sep-1_oct_2024_01_10.39.05_trainee_19_camera target _1.csv,trainee,19,camera target,camera_target,1,66104,16526,322.75,4,16526,322.75,4.969712446893308,0.015814675094714726,5.636548578492333,0.7292418775834876,375.77026359527144,0.4087745839636914,0.0939593,0.0882626,0.08532870000000001,0.018324282725261844,0.01801715397975868,0.017462429353752074,0.017931059241380883,16526,322.75,93.92667215968068,0.30303011313538714,86.74700311001622,11.087140341135198,4816.479364278809,0.2107110438729198,1.8098883456480002,1.8757132554849998,0.82361507933887,0.019616439358981237,0.012998675465704466,0.013232942731522233,0.01499887104890525,16526,322.75,12.483603082400023,0.04010954011920525,7.8940177411425845,1.4781532935213344,526.2683512981158,0.3422087745839637,0.20480368847040198,0.1978188497451,0.15387986623314,0.01612362806106596,0.014220662691298486,0.013976060900344044,0.014743110830155023,16526,322.75,78.01104572898699,0.24938685219466242,85.15102794103261,11.285668525945304,5676.740609830561,0.3724054462934947,1.3598414109363999,1.41658441516396,1.2857507776073,0.017791364665446438,0.01694987225653992,0.017299897419690135,0.01734361960375034,17.0,56.66666666666666
DVST_XI_Griffin_29_sep-1_oct_2024_01_10.39.05_trainee_20_camera target _1.csv,trainee,20,camera target,camera_target,1,56124,14031,273.79,4,14031,273.789999961853,3.6260965581598548,0.014137539662773283,4.91101950125728,0.7349731178080524,275.2758034041539,0.4557377049180328,0.12583249999999999,0.157175,0.1473603,0.03878365924772161,0.037553229939563025,0.04197035265822656,0.03939244153405607,14031,273.789999961853,51.218777669986494,0.19873771847736835,52.834036536655994,8.045691673752485,2867.116483801104,0.20434782608695654,1.6721621419448138,1.59573252180106,1.226271486700567,0.031892607759941835,0.027957819620475527,0.027311411974363663,0.028985390865423025,14031,273.789999961853,9.367277360327854,0.03705253320245216,19.756479520249282,1.6761710792955014,1316.3836759537323,0.4186742694226657,0.20774508962729998,0.294187772920684,0.251918180881036,0.02639151449973264,0.024422029967004367,0.02906221326510054,0.02655776882183167,14031,273.789999961853,53.49171107567376,0.21336943371624478,137.96027139087246,11.103868377705737,9197.360197344364,0.4322166785459729,1.464076682016,1.40949674671,1.2577558083598,0.026855142463855244,0.025368429827023493,0.024891078502406117,0.025691428590926213,15.0,50.0
DVST_XI_Griffin_29_sep-1_oct_2024_01_10.39.05_trainee_21_camera target _1.csv,trainee,21,camera target,camera_target,1,20196,5049,98.57,4,5049,98.57000017166138,1.7624895274426609,0.018861409858839516,4.746078211873601,1.1186463480597124,316.4055158727208,0.40392234548335976,0.0864338,0.0669139,0.05900899999999999,0.043149267722277465,0.04052046175391248,0.035652562821810174,0.03965027372251732,5049,98.57000017166138,20.079911657130125,0.21001569786261715,47.790671353875645,10.1629438697241,2389.4436868759185,0.09687004754358161,0.77158133140744,1.616649949508844,0.7044950839307701,0.05562077736833196,0.03671707201370866,0.05314778655599588,0.04770128655817164,5049,98.57000017166138,3.7915415763258857,0.04048602887222268,6.424346120154321,2.0695380929467353,428.29014979293726,0.3345879556259905,0.12657326775858,0.16688921841236998,0.14402248412902,0.03833269150148972,0.035609864599107345,0.040889656901262665,0.03821651090515593,5049,98.57000017166138,17.192272212520518,0.18009340345114203,46.96531383320403,10.809727331634313,2348.267931143015,0.347068145800317,0.944447796525,1.363748409472,1.0235546431425,0.06601199049804274,0.05718883061812975,0.06872098345606731,0.0637785248713607,19.0,63.33333333333333
DVST_XI_Griffin_29_sep-1_oct_2024_29_09.07.40_trainee_17_camera target_1.csv,trainee,17,camera target,camera_target,1,33460,8361,163.32,4,8361,163.3199999332428,6.839447106697566,0.03848595131524075,34.75828171896981,3.878586855490805,1737.915743354099,0.9967703349282296,0.8597140000000001,0.8557939999999999,0.22933030000000001,0.12541244157300852,0.06492122767843445,0.06477304934595834,0.0807930301313308,8361,163.3199999332428,10.16888016832874,0.0594025023866769,39.48771037229881,4.655719863325836,1974.385142664206,0.3715311004784689,0.95460741412288,0.93329007949181,0.2723512763829,0.09282128933551936,0.05014226865421487,0.04957924427599837,0.06133624141343976,8361,163.3199999332428,12.503970840398686,0.07083051606783702,61.78729858483944,6.851854168997717,3089.367353476649,0.7315789473684211,1.3059501403872602,1.48167331458536,0.6060283399088799,0.1112478369613947,0.07114785525127941,0.07578351487863125,0.08433529677271347,8361,163.3199999332428,9.677475274228762,0.05627574464503679,34.05335441124375,4.4979951575834045,1702.6591957048788,0.4150717703349282,0.94894766588224,0.93188796499988,0.27176357129379597,0.097171948668768,0.052475269911552255,0.052001443779364095,0.0642446545590992,23.0,76.66666666666667
DVST_XI_Griffin_29_sep-1_oct_2024_29_09.07.40_trainee_17_suture_1.csv,trainee,17,suture,suture,1,18996,4748,92.67,4,4748,92.67000007629395,0.2179963370510119,0.0025442971144188625,4.625510982088965,0.2637002203782135,231.27576966620978,0.9985253844533389,0.007522000000000029,0.12792417,0.1093861,0.1422963538977246,0.13158262239449184,0.5426354679345607,0.21658755341271854,4748,92.67000007629395,1.0982027539924166,0.012658852250330432,7.804680751036863,0.5771882413523691,390.2344097083771,0.24710343374763008,0.071641751365428,0.16658866793993599,0.185835041161932,0.09947714130634663,0.10506652601212325,0.1602153059291922,0.11874916308103572,4748,92.67000007629395,1.0228524507466872,0.013065343134931873,20.52973504361285,1.1638332792209674,1026.4565648465923,0.8788708658099853,0.16047077595340997,0.30944152920495016,0.7478941182532101,0.2178583878636231,0.33869208307796705,0.4703231632495745,0.3261809297220387,4748,92.67000007629395,1.2330810079354522,0.014261344428838633,8.07646457649732,0.6147854595242369,403.823613941075,0.20117969243732883,0.06300791748465001,0.22673770326839,0.1894792227907446,0.09693214553247531,0.0886108191678446,0.16809355422919967,0.11302344633372044,15.0,42.85714285714285
DVST_XI_Griffin_29_sep-1_oct_2024_29_09.07.40_trainee_18_camera target_1.csv,trainee,18,camera target,camera_target,1,8548,2137,41.67,4,2137,41.670000076293945,0.3091665278617587,0.008713434805942107,6.3071112203629776,0.9209877333547393,420.47448235324634,0.9971910112359551,0.02196100000000001,0.034306,0.1559198,0.08878071310104053,0.1892710632839681,0.23656103278245866,0.15840979046173598,2137,41.670000076293945,0.7511038549550024,0.02024947923929816,8.955632182698016,1.3902111603273977,597.0117364261785,0.5449438202247191,0.03981158449652594,0.07582994044680003,0.19737558731647997,0.07315181362680714,0.11801887164113709,0.1628797462842655,0.1120334938676621,2137,41.670000076293945,0.8416421720566551,0.021871973000533156,8.149218218860359,1.9491101869943637,543.1924664177367,0.8080524344569289,0.09359898929349997,0.21722135999819991,0.40672114055995,0.16941792383602777,0.23182296944603628,0.3531605212147996,0.24026803114951337,2137,41.670000076293945,0.799830865036291,0.021536271464138248,9.030010925564957,1.4243577587224117,602.0013024841777,0.5154494382022472,0.038909154918612965,0.09710584108436002,0.18246242930703196,0.07685115819571105,0.10534513068521868,0.16642219439965597,0.1104482169558356,19.0,63.33333333333333
DVST_XI_Griffin_29_sep-1_oct_2024_29_09.07.40_trainee_18_suture_1.csv,trainee,18,suture,suture,1,46456,11614,226.56,4,11614,226.56000018119812,0.3136698431480397,0.0014150522821443805,3.915427641598911,0.1453553715280692,195.77040189862348,0.999311116851804,0.007883999999999947,0.129519,0.06710162,0.10187492038770378,0.07332752787475949,0.2972079876484782,0.13045626320146128,11614,226.56000018119812,1.7535230485539364,0.007973792252040241,6.107133978809302,0.32310557003633483,305.35517009120383,0.2101093601997761,0.07668253343971992,0.15782544326773584,0.15988291047109,0.06273721799530192,0.06314482593092928,0.09058953969590904,0.07106357088135057,11614,226.56000018119812,1.7480860071485647,0.007448444725798249,14.171889707112562,0.6656493526743009,708.5332334007143,0.9402393868939981,0.15532829849750004,0.24102410393338003,0.7169422603517039,0.11068601055231349,0.19089941010365835,0.23779873083675027,0.17127827659285796,11614,226.56000018119812,2.4702196806191177,0.011264027190057415,6.390344173827382,0.37604585499392906,319.5156089437619,0.16102643589081203,0.0780705440800139,0.18852213381084,0.19795894098583403,0.04911217850565054,0.05032636770627029,0.07820475445654823,0.05781927575174072,12.0,34.285714285714285
DVST_XI_Griffin_29_sep-1_oct_2024_29_09.07.40_trainee_19_camera target_1.csv,trainee,19,camera target,camera_target,1,91232,22803,445.16,4,22803,445.1600000858307,10.395756613571393,0.023879474745627,29.407695264671474,2.5195492218872686,1582.106069990573,0.9965792474344356,0.895778,0.8730720000000001,0.371566,0.08506856816439241,0.05549605046959283,0.054788184622790746,0.06371466001201045,22803,445.1600000858307,14.242675628941345,0.03295656591241881,31.011748475241237,2.8653967099691604,1628.433087302215,0.5015349530742917,0.9912107684561,0.936171540802964,0.44299553330206,0.06763463327586265,0.04652550501218551,0.045215340680371294,0.05220539037556968,22803,445.1600000858307,20.09567297389301,0.04654566759067013,73.61822780295945,4.605078978260359,3679.9804224731693,0.7175686343303219,1.6748002826019999,1.49764733785362,0.9467841137854003,0.07881043734156129,0.06266202697618459,0.059255368858119294,0.06639040136923026,22803,445.1600000858307,14.411401086408283,0.03334091428308472,31.9100373263088,2.8244710207845434,1674.9046848802716,0.4629418472063854,1.0143669265039,0.939703857799089,0.41045632333890003,0.06774649638252049,0.04477388818208221,0.04309459215550015,0.05075102388093045,17.0,56.66666666666666
DVST_XI_Griffin_29_sep-1_oct_2024_29_09.07.40_trainee_19_suture_1.csv,trainee,19,suture,suture,1,81304,20323,396.51,4,20323,396.50999999046326,0.533835908706908,0.0014297274038814602,4.726334019594717,0.15388067976251749,315.08923513215876,0.999311091428009,0.024641999999999997,0.1759445,0.11259260000000001,0.12334400356386022,0.09866999749722265,0.2636543786368379,0.14749570773265303,20323,396.50999999046326,4.14859755453414,0.010895827458841266,5.854561462914236,0.36287482383030856,390.30446975096413,0.21272512547977562,0.09801166545570994,0.221296247880271,0.23522608040708604,0.035499693440606786,0.03659993494487111,0.054995664536952864,0.041496467085598884,20323,396.50999999046326,2.1618324184096065,0.005578944611867964,11.023174363528508,0.5097358544529692,713.3915008100824,0.9465111701604173,0.24993694484954004,0.3789329087592457,0.754626092777464,0.14235553736899959,0.20089036699561777,0.2473574787051771,0.19196387479181848,20323,396.50999999046326,4.7804065447095345,0.01257610195796686,5.921542903598736,0.3893685891781141,394.76990338850015,0.19338647770888692,0.08448068805067,0.24831330628586998,0.22853443876569002,0.03029799468967046,0.029066297631116813,0.04983230677274453,0.035272658820809676,16.0,45.71428571428572
DVST_XI_Griffin_29_sep-1_oct_2024_29_09.07.40_trainee_20_camera target_1.csv,trainee,20,camera target,camera_target,1,97996,24498,478.16,4,24498,478.1600000858307,8.874358477401376,0.019080593794065036,17.651045714408554,1.9872196208903288,1176.7375031849042,0.9952239049679552,0.898154,0.866955,0.36958,0.09943441295616867,0.06492211607707776,0.06378455653834939,0.07439578096552432,24498,478.1600000858307,14.724421402531691,0.03181158564782719,17.09509889789038,2.459936813267975,1139.6743467375122,0.2954239294607503,1.0205456704279001,0.93543269055461,0.47190346608505007,0.06635661990831966,0.047130773541424226,0.04512265204504815,0.05206283502938699,24498,478.1600000858307,14.661186182280915,0.03205599897860548,37.15897282961889,3.2417523311620027,2477.211109683429,0.8096909825692942,1.54725191646399,1.397586933920686,0.83723106416502,0.10029997427744841,0.07763080196348628,0.07378073441555942,0.08313028882407904,24498,478.1600000858307,14.44370000317602,0.031164459010860054,15.47197966715162,2.328101607207812,1031.466294826355,0.3334285830918072,1.03578658777158,0.9547620927848,0.47298700600478005,0.0688500509398727,0.04845976312882144,0.04652578712714975,0.053743559562383116,15.0,50.0
DVST_XI_Griffin_29_sep-1_oct_2024_29_09.07.40_trainee_20_suture_1.csv,trainee,20,suture,suture,1,72412,18100,353.16,4,18100,353.1600000858307,0.46462565178619175,0.001538483083206378,4.2710963123944135,0.16460148986347936,284.74002570887694,0.9986187082159236,0.007526000000000033,0.1170515,0.0812842,0.06388036889069192,0.05323312864826936,0.20993670485870256,0.08937428787398928,18100,353.1600000858307,2.6251355122367275,0.007892974292277597,4.293639685191289,0.31500272938167095,286.05487468056964,0.1978562351511133,0.04810668864072204,0.13390788912484003,0.137077179194737,0.030574128524524694,0.03093382215077917,0.05161000894983722,0.0365460576684547,18100,353.1600000858307,1.8779821947243112,0.006183013152715355,19.74165960078665,0.573453547632532,1315.9636876096022,0.9280070722139345,0.17765247577647997,0.32913967013250023,0.61522812319017,0.12876098091011307,0.17604036143346433,0.23961650768979686,0.17578065864479586,18100,353.1600000858307,3.4751350692793492,0.010409025367795305,4.550233179184028,0.3528814796939841,302.9962851279266,0.16553400740372395,0.04087655000001994,0.16027689802005002,0.17497425597195698,0.02329168414952687,0.024336185417750886,0.04818932608931807,0.030116286285193767,13.0,37.142857142857146
DVST_XI_Griffin_29_sep-1_oct_2024_29_09.07.40_trainee_21_camera target_1.csv,trainee,21,camera target,camera_target,1,44048,11011,215.09,4,11011,215.0900001525879,10.446023217668102,0.050644196603131096,38.20452818901033,5.32323776304918,2546.351827278416,0.994913714804723,0.8940680000000001,0.8741399999999999,0.294124,0.08463008666763826,0.04909073342504841,0.04854055547372963,0.05864212275285788,11011,215.0900001525879,14.019227879625348,0.06801262220128734,40.584974360527355,6.202742221829178,2705.012321523553,0.49782016348773844,1.00787818353548,0.9439092164124199,0.38678861704440004,0.06957369042588524,0.04453657028478224,0.04310005857816828,0.05111478716075846,11011,215.0900001525879,16.819628692233174,0.08127831051432745,66.83027447392425,8.236502700484948,4454.249016043546,0.7459582198001816,1.5412901503709,1.3795152596698999,0.64906846757365,0.08669400206606687,0.059466318550488895,0.05625901263235327,0.06619381373481298,11011,215.0900001525879,14.165537999673514,0.0687622375982552,40.25483329513856,6.04487043591036,2682.9499027419524,0.444141689373297,1.014508584689203,0.9530647120570199,0.37097756859669,0.06941542461854941,0.043308048551432735,0.041976086553014734,0.0501582276354469,19.0,63.33333333333333
DVST_XI_Griffin_29_sep-1_oct_2024_29_09.07.40_trainee_21_suture_1.csv,trainee,21,suture,suture,1,54940,13732,267.99,4,13732,267.99000000953674,0.5315284474666916,0.0019207108791713845,6.7968723682199474,0.19228668279145114,339.8439425114369,0.9988347534775326,0.10253499999999999,0.17905300000000002,0.20480500000000001,0.25491791393574853,0.2726338851146124,0.36027536390957704,0.2925532438393609,13732,267.99000000953674,3.610291878357223,0.013848389337039366,6.825254266062369,0.44211549168170144,340.70615530637434,0.17143689461801762,0.15110586142548005,0.22918676168189603,0.27272308372842,0.051545778744667814,0.05622886155288604,0.06924898292199275,0.05854933027205855,13732,267.99000000953674,1.759157176065553,0.006697332636363854,11.635231161860641,0.5701004919102799,636.7671996889064,0.9260796737309737,0.25238785442260003,0.3594783625448402,0.5840479271474079,0.17122452061076252,0.21824978523962257,0.26046896035529854,0.21351345761436277,13732,267.99000000953674,3.6771900584469805,0.014134189789692551,6.807355877559174,0.4611438134669634,339.9898908157849,0.1535212293350812,0.12569126092591792,0.261313955988464,0.31784189436327,0.04928534109617155,0.05435531719860718,0.07837378032805081,0.05943517313124386,18.0,51.42857142857142
DVST_XI_Griffin_29_sep-1_oct_2024_30_12.18.00_trainee_17_glove cut_2.csv,trainee,17,glove cut,glove_cut,2,57616,14404,281.02,4,14404,281.0199999809265,1.5895764276882411,0.0059994701372284905,6.6776602206552,0.24554477582150794,445.1761396020114,0.33256960355481496,0.0378268,0.070876,0.08398,0.03257376714537113,0.035457353966389875,0.04853512148568971,0.038271616880049146,14404,281.0199999809265,28.540857636089193,0.1061260456418353,27.245140037475082,2.5664424530499947,1816.2343983349992,0.22155106575019093,0.8221241670604409,0.836780318733948,0.6338083992709569,0.029060790031651258,0.025291854996998125,0.02551630027631169,0.026568595778705264,14404,281.0199999809265,4.39912928845577,0.016336340592232164,6.418015848911835,0.4959679996514021,427.8639748278825,0.2773727695618968,0.12164253256964398,0.1214151497934,0.187948821967,0.027625645902415074,0.03437128784319855,0.03433914820257604,0.03194718435630971,14404,281.0199999809265,47.31177243430193,0.17554001308326891,39.83020553626281,4.73590956229901,2655.2730101479683,0.28355203776990906,1.2324554805269998,1.904502868611,1.3327865866574,0.03238226462670552,0.027089232994271656,0.03367455799280699,0.030912581663784522,22.0,73.33333333333333
DVST_XI_Griffin_29_sep-1_oct_2024_30_12.18.00_trainee_17_ring rollercoaster_2.csv,trainee,17,ring rollercoaster,ring_rollercoaster,2,25352,6338,123.65,4,6338,123.65000009536743,1.974569956046253,0.016541446712339883,4.080088305696526,0.7253871274029158,272.00614645171083,0.21855767713429067,0.0805066,0.0703371,0.0733827,0.038109692739503126,0.03892602538518943,0.03638451145381818,0.03779178038983676,6338,123.65000009536743,27.74018299612846,0.2325757840383492,17.887068455011796,6.050005737662423,1192.1661657876487,0.04639419283572668,1.4335109517270999,1.2991823563071399,1.35920985349935,0.04919559787052601,0.05031928286416606,0.047903692668888644,0.04912959975941569,6338,123.65000009536743,5.5930544031465015,0.04690859631989647,6.253179334529925,1.4392832814057979,416.8790198688093,0.18242070380306138,0.2087087289549,0.2302248799194,0.16959871421165,0.03919199675368378,0.03363818390620545,0.035329570808797964,0.03597958067562672,6338,123.65000009536743,42.49500125101507,0.35468960363749197,31.116173447273066,10.949187274411937,2074.413541466454,0.18005365314817737,2.0759862302516003,2.072784293553,2.0027205440366,0.048814791929327334,0.04798268698073767,0.04794566919823289,0.048246053841400044,22.0,73.33333333333333
DVST_XI_Griffin_29_sep-1_oct_2024_30_12.18.00_trainee_17_sea spikes_2.csv,trainee,17,sea spikes,sea_spikes,2,30084,7521,146.76,4,7521,146.75999999046326,2.8491674110291196,0.02144832039468098,6.1079977171766195,0.8666093119104615,407.2002361481815,0.24242021276595746,0.0660588,0.0788176,0.10752880000000001,0.025325555208135373,0.029580790215897636,0.03231141926295967,0.0289273240313965,7521,146.75999999046326,33.17777987739559,0.24156322670545155,30.345361198024914,7.049641453222853,2022.5874731214847,0.12486702127659574,1.15837157161068,1.41434332459023,0.7010893605365203,0.03857927362229413,0.027162098020914446,0.03001351009230008,0.03156540621406319,7521,146.75999999046326,5.429215934196786,0.04033608155553253,9.138914429325043,1.4345609646592306,609.2615429920884,0.1997340425531915,0.15372788918148003,0.15889903776890002,0.16109294833864,0.02878722820566837,0.02898527879566113,0.029468754698282196,0.029079015933318644,7521,146.75999999046326,39.191109326542694,0.2848800826912645,47.97358176593607,8.880757632827054,3198.241834476833,0.21236702127659574,1.2288785050944,1.145088131109,1.3021863325449399,0.030268184595526975,0.032277767106363826,0.031157920609087376,0.031223825274123623,22.0,73.33333333333333
DVST_XI_Griffin_29_sep-1_oct_2024_30_12.18.00_trainee_18_glove cut_2.csv,trainee,18,glove cut,glove_cut,2,35480,8868,173.01,4,8868,173.00999999046326,0.9626779867741089,0.005826795214937108,2.7382884502403653,0.2368262546005665,182.54964623315357,0.341829254539303,0.0352407,0.04933598,0.0503121,0.04331348234409269,0.04373986563498973,0.051753182465029655,0.04611184887784516,8868,173.00999999046326,17.596601859697515,0.10621988989081076,10.473638735262279,2.4978038788170083,694.2002970426065,0.16803879553400247,0.5176419500546501,1.51179334857324,0.6622621905169901,0.0502726917896856,0.03327368532735989,0.05686334295283439,0.04564800594751733,8868,173.00999999046326,3.1893388515226637,0.019255130036410315,3.173731153198271,0.45209573770967115,211.54648631657798,0.1961204465997519,0.11319432246569,0.1741461250212,0.13471466408921,0.04402187805851284,0.03871855092362874,0.048024591627375234,0.04341939629385551,8868,173.00999999046326,19.550235596625654,0.11824943001085625,15.501459704846075,2.8589672663374066,819.9767308465055,0.21236043757753467,1.119717251035,1.6848378872780003,0.8950910848970001,0.0702556488789101,0.05120776310112015,0.06281461184130263,0.06091055802315494,22.0,73.33333333333333
DVST_XI_Griffin_29_sep-1_oct_2024_30_12.18.00_trainee_18_ring rollercoaster_2.csv,trainee,18,ring rollercoaster,ring_rollercoaster,2,38224,9556,186.43,4,9556,186.42999982833862,1.933708007200505,0.010887116278618176,3.677013650673085,0.5175365574028693,245.13353434582072,0.3771847200418629,0.0712259,0.0801139,0.09657669999999999,0.039064476994451126,0.042890810986456605,0.04548824926833631,0.0423983053368872,9556,186.42999982833862,26.44361092411541,0.14846159270711565,14.901275487216047,3.6498334824800605,993.0919198605684,0.1936159079016222,0.915945676539456,1.032229261668256,1.34925086230654,0.036770724174362904,0.04203978168863119,0.04462864249076748,0.041013368233248755,9556,186.42999982833862,5.877069288921167,0.032892699473292444,5.988305802125017,1.2051890781060193,368.26881051342656,0.3036106750392465,0.14122963156829998,0.18318217936781,0.24043654205764498,0.02736804107247794,0.0313546775449624,0.035709275302022454,0.03129265144687945,9556,186.42999982833862,29.841891057721583,0.1676993889975036,26.490822338594413,5.1345881102864706,1765.950990954387,0.3081109366823653,1.848028823685,1.7152140760446002,1.1079877909921,0.059660542177022186,0.047950762453937715,0.046195568164614,0.05093633290553073,24.0,80.0
DVST_XI_Griffin_29_sep-1_oct_2024_30_12.18.00_trainee_18_sea spikes_2.csv,trainee,18,sea spikes,sea_spikes,2,39092,9773,190.66,4,9773,190.6600000858307,3.0336775134810408,0.016800010489127073,2.5420241482381747,0.6179167939661098,169.46762166877028,0.2665779778960295,0.05986393,0.0658093,0.093999,0.020689825862045375,0.024727192877835282,0.025926019295284767,0.02367132113315158,9773,190.6600000858307,39.69549308250881,0.21748290249286012,10.987748170981202,5.0123973621795646,705.2227542854833,0.07848956201391731,0.7926329080129643,1.3869962350742902,0.61071920862875,0.026413897590933138,0.017527324955504145,0.023185540792077335,0.022059133690797712,9773,190.6600000858307,5.8243371855764074,0.031974715550085055,3.6694292829841824,0.9473847308390589,244.00428277322783,0.20763405648792468,0.10139730729463,0.13317077211531,0.14976619218614,0.019951298229939844,0.021157950442517785,0.024247381381248843,0.02171216845466998,9773,190.6600000858307,42.18623387844144,0.23152950589287707,12.363003328085211,5.299876261002768,824.2010078916802,0.19514940646745804,1.083940014219,1.2869939293639998,1.247672236163,0.027997555714444098,0.027566531406198542,0.030037774227148362,0.028513902705195528,22.0,73.33333333333333
DVST_XI_Griffin_29_sep-1_oct_2024_30_12.18.00_trainee_18_suture_2.csv,trainee,18,suture,suture,2,21584,5395,105.23,4,5395,105.23000001907349,0.9268751819221537,0.009062286047871647,2.8343728508174695,0.28194686068235947,141.7187776944319,0.1618464961067853,0.02911451,0.0573588,0.051205099999999996,0.04408933186070147,0.041657202203335485,0.05847030835070426,0.04753202680056403,5395,105.23000001907349,17.111031185113795,0.1685182216166848,53.40943265123655,3.693361486962975,2669.9444522342537,0.04838709677419355,0.8903260592610899,0.8479838671075001,1.0427823650499002,0.05077993664286721,0.056311253994043894,0.054955916013019204,0.05396356111546874,5395,105.23000001907349,2.4012474098631262,0.02360043866933826,3.2118670531151947,0.5411772925408627,160.33145326192988,0.0824990730441231,0.09397581328731,0.08613475377129999,0.13041476730835,0.037467985657145104,0.046103566437082355,0.044138308345599446,0.04240367696370955,5395,105.23000001907349,24.665234777343073,0.24345166610582367,14.122797522326863,4.90438372633198,706.1405495444491,0.08843159065628477,1.350521140904,1.4912248651730997,1.1305471816700001,0.05753564792027691,0.05009677693426085,0.05264179147146821,0.053336660231074945,22.0,62.85714285714285
DVST_XI_Griffin_29_sep-1_oct_2024_30_12.18.00_trainee_19_glove cut_2.csv,trainee,19,glove cut,glove_cut,2,85336,21334,416.4,4,21334,416.39999985694885,2.3598479910207373,0.005828601197212867,2.131081865482255,0.1824055027560142,106.553559782798,0.29812965827591054,0.0428451,0.0604142,0.0572353,0.02155937000359437,0.020984495533896304,0.02491824590500834,0.02242249945811342,21334,416.39999985694885,88.54929753247191,0.2217415702041654,16.29222118283962,4.631451377160122,814.5410018150372,0.12239253738339662,1.2649538160853768,1.5743468634666402,1.20320797368218,0.01593684783998922,0.013932291908513613,0.015543021295778304,0.0151119373504175,21334,416.39999985694885,8.037266128184674,0.02004397458761168,2.835762755446716,0.4664432498354213,141.78827299217014,0.1214081470022969,0.103317970133484,0.12126765292822,0.11534400267394002,0.013926823439851289,0.013582418033056974,0.014715046755056709,0.014066852587303884,21334,416.39999985694885,103.03342644841004,0.2590720326679878,25.303983423625688,6.514468309289984,1265.2003777703899,0.1607837622462851,1.8188441403200002,2.127211913827,2.14040318152028,0.019090837375570383,0.019149938947634292,0.020709758256093152,0.019636125558510742,17.0,56.66666666666666
DVST_XI_Griffin_29_sep-1_oct_2024_30_12.18.00_trainee_19_ring rollercoaster_2.csv,trainee,19,ring rollercoaster,ring_rollercoaster,2,68684,17171,335.06,4,17171,335.05999994277954,2.6506862765327686,0.008094022373201816,3.2193038259760036,0.3302582971454231,160.96534480731535,0.408677926616191,0.09091149999999999,0.0739892,0.0998147,0.030941064271626916,0.035937539141045624,0.03242075237249874,0.03303458769067495,17171,335.05999994277954,45.180915094250665,0.14044485160030853,13.816644219249774,3.4611646860102527,690.7675792427583,0.2610366919044846,1.47417659323746,1.3454802349322,1.14494401358386,0.031171549706191196,0.028754899768358586,0.027471081899203047,0.029092564458896686,17171,335.05999994277954,7.290706984066159,0.02239227759178845,5.33044377694953,0.7636367646472096,266.52244302308515,0.2608037274315667,0.1392939109852,0.19604978893289998,0.20969804649923998,0.022666246712003027,0.023441943472964927,0.02781062427503484,0.02453925203933995,17171,335.05999994277954,60.638398443899035,0.18703587991731077,28.48831921081776,5.572396179878629,1424.417318971101,0.3500873616773442,2.01889554159216,2.090219861431806,1.6167063958719874,0.03387701895871841,0.029793723317693074,0.030315437551134323,0.03127744502840367,22.0,73.33333333333333
DVST_XI_Griffin_29_sep-1_oct_2024_30_12.18.00_trainee_19_sea spikes_2.csv,trainee,19,sea spikes,sea_spikes,2,53072,13268,258.89,4,13268,258.8900001049042,4.35896053514892,0.017520849376325424,3.6326704502504024,0.7170132984282027,242.178260975881,0.2672797165900354,0.0636423,0.0717588,0.068684,0.015503422404429628,0.015167632096278767,0.016105804995955455,0.015587480892553216,13268,258.8900001049042,72.88700758742505,0.2941459492889251,18.88886784704282,7.070373531222116,1258.8156699755204,0.07673174040853245,0.8225638625632898,1.5518706736686898,1.4311998656520402,0.015501097773714518,0.014886233809201739,0.020446914740056672,0.016772264109184212,13268,258.8900001049042,8.628713189760434,0.034651850166139656,4.3984395443701185,1.1227957851560733,293.22958260352965,0.2053214743348157,0.11276435438183,0.14170074615375,0.10887265692378,0.014649606310715317,0.012841013304990927,0.014394594846749355,0.013938249419486543,13268,258.8900001049042,79.03066873232366,0.31696181531574186,20.054684499658546,8.60940427285436,1002.7351812657158,0.20780884902389388,1.61575733023,1.1954222991830001,1.6186581315536999,0.017585433840706627,0.020463031712027208,0.017601212501799766,0.018502136622506837,21.0,70.0
DVST_XI_Griffin_29_sep-1_oct_2024_30_12.18.00_trainee_20_glove cut_2.csv,trainee,20,glove cut,glove_cut,2,72940,18235,355.84,4,18235,355.8399999141693,2.2325508068660236,0.006497629014998572,1.9999154313992347,0.17969764801552676,110.82899358883951,0.16408906438521442,0.04344137,0.0727047,0.07696349999999999,0.025172807160130217,0.02589958529609261,0.03350597785180154,0.027954319123266326,18235,355.8399999141693,49.08838151003638,0.1433751482453699,9.553764307389207,2.9516908184868984,636.2932267127718,0.048809915542393334,0.6266601805930478,1.42343579575174,0.92099766505058,0.019240053619733546,0.015476280806642364,0.02332488401453158,0.019079374119658567,18235,355.8399999141693,7.311066452080201,0.021302043521407684,3.700241472960303,0.4856877575980042,185.01225008944627,0.08111220796314578,0.10578559080431998,0.14612007725610002,0.11757313877277001,0.017005424330227017,0.015254099778807354,0.017927852543059994,0.016691707890400666,18235,355.8399999141693,58.90564980800409,0.1722805287039427,32.91815010845699,4.501624919160424,2194.5454334454157,0.085773829110453,1.55198074462,2.133208039106,1.415554405718,0.03088892676234554,0.025162251335720816,0.0295000625976987,0.0284091616214802,17.0,56.66666666666666
DVST_XI_Griffin_29_sep-1_oct_2024_30_12.18.00_trainee_20_ring rollercoaster_2.csv,trainee,20,ring rollercoaster,ring_rollercoaster,2,27120,6779,132.27,4,6779,132.2699999809265,1.166354361671368,0.009010061534405863,1.8834030447589418,0.3770765124151269,114.74058680427562,0.37503688403658897,0.06824342,0.045652399999999996,0.0640274,0.04785548045379645,0.05667386183920298,0.046353680436134984,0.05009559856152695,6779,132.2699999809265,15.707829641989008,0.12342074541013759,8.51660347405239,3.117925183169872,425.65681114458613,0.16730598996754203,0.7920464559127358,1.368827153786716,0.9849037052006372,0.06628777638477405,0.05622843948193506,0.07391881720960053,0.06507010340022894,6779,132.2699999809265,3.5315014566458016,0.027452504746847337,4.5029953546189185,0.9610373826634353,260.82874252114107,0.3228090882266155,0.10230426017265001,0.16998205236569,0.19996295293803504,0.037341263089041066,0.04050067305856715,0.05220557882811132,0.042899877626857916,6779,132.2699999809265,21.34332817955987,0.1677128737850273,23.793064532888728,5.457364764472004,1189.654361187246,0.3155798170551785,0.9048930658429999,1.6365857100360004,1.1756409842106,0.05701719725749471,0.048325220767691725,0.06498970924439405,0.056364817089043034,21.0,70.0
DVST_XI_Griffin_29_sep-1_oct_2024_30_12.18.00_trainee_20_sea spikes_2.csv,trainee,20,sea spikes,sea_spikes,2,49564,12391,242.02,4,12391,242.0199999809265,4.515169522292274,0.01931339709877006,4.887900049962738,0.6794577441164349,325.8603140954615,0.18369652945924134,0.07038279,0.1274378,0.1008497,0.02097530629504897,0.018659348839261573,0.025108014888268998,0.021419322226312796,12391,242.0199999809265,80.34381729184196,0.3459264112767978,25.476283455732716,8.317249247510654,1698.4128794390012,0.06109765940274415,1.71853602294272,1.96606093087257,1.1426189278891592,0.02287838396718538,0.01744124830145881,0.01865506349183666,0.019525397331387088,12391,242.0199999809265,12.25112603703015,0.05249030757757298,9.671603594564994,1.675238944079744,644.7741878755825,0.14769975786924938,0.14519179876708002,0.30291346951664,0.204562654651677,0.017118051463754797,0.014067217765063885,0.02031872536750099,0.01697668926355561,12391,242.0199999809265,97.26575832147397,0.4181682045671429,33.98889053495874,12.307030522492926,2265.92819662144,0.15633575464083938,2.0071185660645,1.395515443537,1.6601125123809999,0.017206552365934276,0.018767019207668507,0.015648622280615376,0.01716017670496478,21.0,70.0
DVST_XI_Griffin_29_sep-1_oct_2024_30_12.18.00_trainee_21_glove cut_2.csv,trainee,21,glove cut,glove_cut,2,41672,10417,203.31,4,10417,203.30999994277954,1.5324634936104233,0.007646863478594734,2.0604003187286004,0.27318655854919416,103.020114184067,0.2567204301075269,0.0739136,0.04997,0.047008299999999996,0.03965762619210141,0.03846443105635538,0.031626549330224754,0.03640373514152082,10417,203.30999994277954,25.726453513722383,0.13148426279911637,9.603558625432585,2.9476126674782623,480.07664484153923,0.06182795698924731,0.5177768798116841,1.15853559728394,0.8106829915428401,0.030105517507848262,0.025183549193079094,0.037670405983425914,0.030567114569846083,10417,203.30999994277954,3.5634584131151517,0.018033734371729844,2.3598521157957535,0.439210135408394,117.99271831641265,0.12509600614439323,0.09614030006442001,0.0853374171074,0.11248179875164,0.025418550950554595,0.029182478096497776,0.027494079150723078,0.027321468922776395,10417,203.30999994277954,28.352861445578903,0.1447559708570155,13.633994263078417,3.7802970597133645,882.2879294035087,0.13796082949308755,1.1475264993965,0.9262831912669998,1.096679172616,0.03636271965500001,0.03956619289322042,0.03554796909208839,0.03711918839216353,25.0,83.33333333333334
DVST_XI_Griffin_29_sep-1_oct_2024_30_12.18.00_trainee_21_ring rollercoaster_2.csv,trainee,21,ring rollercoaster,ring_rollercoaster,2,38452,9612,187.67,4,9612,187.66999983787537,1.92069903324418,0.010381439074521905,2.7673275586137365,0.39342610954770096,138.36650988727357,0.2573093330558735,0.09343032,0.08333760000000001,0.0786211,0.045941491971617135,0.04462252672085076,0.0421435130040619,0.04420757197476108,9612,187.66999983787537,30.55662859313098,0.16857553514764506,9.313761566027656,3.4908100064679415,465.6068562386503,0.09124960982207887,1.0333156744738232,1.5255277377370349,1.141611377613555,0.041088579517474626,0.035544320591382024,0.04318806665670652,0.03980628999606598,9612,187.66999983787537,5.855543904456477,0.03191712946951771,5.49706628774625,0.9208894885485092,274.8535765081092,0.19342420143585476,0.160215424839539,0.2288960139406,0.2624095070781399,0.032704238112830304,0.03501665875964471,0.04185445160570399,0.03632509833958115,9612,187.66999983787537,40.06283544654996,0.21952919921960842,20.27588790355097,5.278619288473679,1013.7953620081473,0.19519300801165332,1.4347458049423003,1.9074638830600001,1.156986562574,0.04129276459521582,0.032159549475594844,0.03708093155506138,0.036653168001865945,22.0,73.33333333333333
DVST_XI_Griffin_29_sep-1_oct_2024_30_12.18.00_trainee_21_sea spikes_2.csv,trainee,21,sea spikes,sea_spikes,2,38176,9544,186.22,4,9544,186.22000002861023,2.9564141112852993,0.01666432605276634,3.4392533072590874,0.6246955318871599,229.28377247931746,0.2551608508854658,0.08743759999999999,0.06672990000000001,0.1194307,0.025837118955550773,0.03456541986437853,0.030196246317678876,0.029987916545574575,9544,186.22000002861023,27.002331742240244,0.15134661645827086,9.005949815025772,3.7732100153037873,571.8420022751166,0.08938488944776275,0.6587385471996687,0.9929356694418101,0.81484979940994,0.029951310290667544,0.027132764898994417,0.03331179759507957,0.030026357358921948,9544,186.22000002861023,5.348875823988196,0.02982187542797065,3.0059035162470162,0.9411068707178036,200.30672060344864,0.15508749869013938,0.18120368375797,0.1300930688323,0.17144616147817998,0.028704373655369392,0.032952235180293304,0.027920837860435945,0.029779710167535618,9544,186.22000002861023,29.631564686034196,0.16708405394495118,28.938961346251837,4.819977384866738,1929.265929641489,0.17321596982081106,1.232644776313,0.721698004218,1.1804082518688,0.031830402991255044,0.04070806912919392,0.03114865407856594,0.03430209473620399,22.0,73.33333333333333
DVST_XI_Griffin_29_sep-1_oct_2024_30_12.18.00_trainee_21_suture_2.csv,trainee,21,suture,suture,2,37808,9452,184.39,4,9452,184.39000010490417,2.0775541712801675,0.011585392857148234,1.9845205296995518,0.30696717969846665,99.22552968357184,0.1407258491164956,0.05609789999999999,0.0582709,0.06389139999999999,0.027519897263267486,0.028816560816355287,0.029369375273359703,0.028558006503263445,9452,184.39000010490417,44.30378747658015,0.249593278562119,11.386611519620558,4.581619630783506,569.1296622390205,0.0505766585546503,0.7796125700814049,1.1866310265237499,1.433864612628565,0.021709829418856023,0.023864516209938045,0.029442254874209046,0.024800477226947806,9452,184.39000010490417,5.804760164367752,0.03258675857326446,2.960487944380433,0.6484073028090869,148.0245383862221,0.11057031002010369,0.13242336018472,0.1197253702526,0.1262524851866,0.021691576438421265,0.022275014171256078,0.021180137809462072,0.021710973405890056,9452,184.39000010490417,49.97085406427606,0.28192094521170774,13.297843643565379,5.448515108163574,664.892816269471,0.1101470743836631,1.2038764096188,1.4701037859530002,1.6665978251175,0.026622459686051078,0.028345856580328503,0.03132366937155,0.02869922251957753,23.0,65.71428571428571
