file_name,role,participant_id,participant_group,task_clean,trial,model,cv_fold,y_true,y_pred,residual,absolute_error
DVST_XI_10-13_Nov_2025_12_10.36.46_expert_10_camera target_1.csv,expert,10,expert__participant_10,camera_target,1,random_forest,1,30.0,25.019939467245845,4.980060532754155,4.980060532754155
DVST_XI_10-13_Nov_2025_12_10.36.46_expert_10_glove cut_1.csv,expert,10,expert__participant_10,glove_cut,1,random_forest,1,28.0,24.00997184416094,3.9900281558390596,3.9900281558390596
DVST_XI_10-13_Nov_2025_12_10.36.46_expert_10_ring rollercoaster_1.csv,expert,10,expert__participant_10,ring_rollercoaster,1,random_forest,1,29.0,21.974349621029404,7.025650378970596,7.025650378970596
DVST_XI_10-13_Nov_2025_12_10.36.46_expert_10_sea spikes_1.csv,expert,10,expert__participant_10,sea_spikes,1,random_forest,1,29.0,22.711340538947947,6.2886594610520525,6.2886594610520525
DVST_XI_10-13_Nov_2025_12_10.36.46_expert_10_suture_1.csv,expert,10,expert__participant_10,suture,1,random_forest,1,30.0,25.069757080052916,4.930242919947084,4.930242919947084
DVST_XI_11-14_Aug_2025_13_11.33.24_expert_7_camera target_1.csv,expert,7,expert__participant_7,camera_target,1,random_forest,1,28.0,23.661036781838053,4.338963218161947,4.338963218161947
DVST_XI_11-14_Aug_2025_13_11.33.24_expert_7_suture_1.csv,expert,7,expert__participant_7,suture,1,random_forest,1,29.0,24.12097681061964,4.879023189380359,4.879023189380359
DVST_XI_11-14_Aug_2025_14_10.45.28_expert_8_camera target_1.csv,expert,8,expert__participant_8,camera_target,1,random_forest,1,28.0,22.264397921324697,5.735602078675303,5.735602078675303
DVST_XI_11-14_Aug_2025_14_10.45.28_expert_8_suture_1.csv,expert,8,expert__participant_8,suture,1,random_forest,1,29.0,24.315905915149386,4.684094084850614,4.684094084850614
DVST_XI_14-16_Feb_2024_14_09.13.16_trainee_5_camera target_1.csv,trainee,5,trainee__participant_5,camera_target,1,random_forest,1,7.0,16.843216093412803,-9.843216093412803,9.843216093412803
DVST_XI_14-16_Feb_2024_14_09.13.16_trainee_5_glove cut_1.csv,trainee,5,trainee__participant_5,glove_cut,1,random_forest,1,11.0,16.374264415324525,-5.374264415324525,5.374264415324525
DVST_XI_14-16_Feb_2024_14_09.13.16_trainee_5_ring rollercoaster_1.csv,trainee,5,trainee__participant_5,ring_rollercoaster,1,random_forest,1,17.0,14.946761981974793,2.0532380180252066,2.0532380180252066
DVST_XI_14-16_Feb_2024_14_09.13.16_trainee_5_sea spikes_1.csv,trainee,5,trainee__participant_5,sea_spikes,1,random_forest,1,16.0,16.31834826149047,-0.31834826149047046,0.31834826149047046
DVST_XI_14-16_Feb_2024_14_09.13.16_trainee_5_suture_1.csv,trainee,5,trainee__participant_5,suture,1,random_forest,1,16.0,16.885355117549476,-0.8853551175494765,0.8853551175494765
DVST_XI_14-16_Feb_2024_16_08.32.59_trainee_5_camera target_2.csv,trainee,5,trainee__participant_5,camera_target,2,random_forest,1,21.0,18.047920668507786,2.9520793314922145,2.9520793314922145
DVST_XI_14-16_Feb_2024_16_08.32.59_trainee_5_glove cut_2.csv,trainee,5,trainee__participant_5,glove_cut,2,random_forest,1,19.0,16.447429196849875,2.5525708031501253,2.5525708031501253
DVST_XI_14-16_Feb_2024_16_08.32.59_trainee_5_ring rollercoaster_2.csv,trainee,5,trainee__participant_5,ring_rollercoaster,2,random_forest,1,23.0,15.501857350326405,7.498142649673595,7.498142649673595
DVST_XI_14-16_Feb_2024_16_08.32.59_trainee_5_sea spikes_2.csv,trainee,5,trainee__participant_5,sea_spikes,2,random_forest,1,21.0,20.96868783143366,0.031312168566341114,0.031312168566341114
DVST_XI_14-16_Feb_2024_16_08.32.59_trainee_5_suture_2.csv,trainee,5,trainee__participant_5,suture,2,random_forest,1,21.0,17.349795554974783,3.650204445025217,3.650204445025217
DVST_XI_19-22_May_2025_22_09.34.36_trainee_37_camera target_2.csv,trainee,37,trainee__participant_37,camera_target,2,random_forest,1,16.0,17.630958296748414,-1.630958296748414,1.630958296748414
DVST_XI_19-22_May_2025_22_09.34.36_trainee_41_camera target_2.csv,trainee,41,trainee__participant_41,camera_target,2,random_forest,1,20.0,17.595844861503675,2.404155138496325,2.404155138496325
DVST_XI_7-11_Mar_2024_08_13.12.17_trainee_8_ring rollercoaster_1.csv,trainee,8,trainee__participant_8,ring_rollercoaster,1,random_forest,1,12.0,16.51143243861528,-4.51143243861528,4.51143243861528
DVST_XI_7-11_Mar_2024_08_13.12.17_trainee_8_sea spikes_1.csv,trainee,8,trainee__participant_8,sea_spikes,1,random_forest,1,18.0,17.02464208816463,0.9753579118353706,0.9753579118353706
DVST_XI_7-11_Mar_2024_09_10.19.01_trainee_8_camera target_1.csv,trainee,8,trainee__participant_8,camera_target,1,random_forest,1,10.0,16.351317293250187,-6.351317293250187,6.351317293250187
DVST_XI_7-11_Mar_2024_09_10.19.01_trainee_8_glove cut_1.csv,trainee,8,trainee__participant_8,glove_cut,1,random_forest,1,17.0,16.74492822403292,0.25507177596708175,0.25507177596708175
DVST_XI_7-11_Mar_2024_09_13.46.11_trainee_8_suture_1.csv,trainee,8,trainee__participant_8,suture,1,random_forest,1,17.0,17.942269689289486,-0.9422696892894855,0.9422696892894855
DVST_XI_Griffin_16-19_07_2024_16_08.46.09_trainee_12_glove cut_1.csv,trainee,12,trainee__participant_12,glove_cut,1,random_forest,1,21.0,17.977756367835507,3.0222436321644928,3.0222436321644928
DVST_XI_Griffin_16-19_07_2024_16_08.46.09_trainee_12_ring rollercoaster_1.csv,trainee,12,trainee__participant_12,ring_rollercoaster,1,random_forest,1,16.0,21.597625355837938,-5.597625355837938,5.597625355837938
DVST_XI_Griffin_16-19_07_2024_16_08.46.09_trainee_12_sea spikes_1.csv,trainee,12,trainee__participant_12,sea_spikes,1,random_forest,1,12.0,19.23781200401392,-7.2378120040139216,7.2378120040139216
DVST_XI_Griffin_16-19_07_2024_16_08.46.09_trainee_12_suture_1.csv,trainee,12,trainee__participant_12,suture,1,random_forest,1,20.0,21.54464090047725,-1.5446409004772512,1.5446409004772512
DVST_XI_Griffin_16-19_07_2024_17_12.20.23_trainee_12_camera target_1.csv,trainee,12,trainee__participant_12,camera_target,1,random_forest,1,16.0,23.689886448262186,-7.689886448262186,7.689886448262186
DVST_XI_Griffin_16-19_07_2024_18_08.46.52_trainee_12_sea spikes_2.csv,trainee,12,trainee__participant_12,sea_spikes,2,random_forest,1,19.0,23.68163138199334,-4.681631381993341,4.681631381993341
DVST_XI_Griffin_16-19_07_2024_18_08.46.52_trainee_12_suture_2.csv,trainee,12,trainee__participant_12,suture,2,random_forest,1,28.0,25.86763413083897,2.132365869161031,2.132365869161031
DVST_XI_Griffin_16-19_07_2024_19_09.39.41_trainee_12_glove cut_2.csv,trainee,12,trainee__participant_12,glove_cut,2,random_forest,1,20.0,19.45305688880974,0.5469431111902594,0.5469431111902594
DVST_XI_Griffin_29_sep-1_oct_2024_29_09.07.40_trainee_19_camera target_1.csv,trainee,19,trainee__participant_19,camera_target,1,random_forest,1,17.0,16.781156278392707,0.2188437216072927,0.2188437216072927
DVST_XI_Griffin_29_sep-1_oct_2024_29_09.07.40_trainee_19_suture_1.csv,trainee,19,trainee__participant_19,suture,1,random_forest,1,16.0,16.429111836461924,-0.4291118364619244,0.4291118364619244
DVST_XI_Griffin_29_sep-1_oct_2024_30_12.18.00_trainee_19_glove cut_2.csv,trainee,19,trainee__participant_19,glove_cut,2,random_forest,1,17.0,17.08086804798352,-0.08086804798352176,0.08086804798352176
DVST_XI_Griffin_29_sep-1_oct_2024_30_12.18.00_trainee_19_ring rollercoaster_2.csv,trainee,19,trainee__participant_19,ring_rollercoaster,2,random_forest,1,22.0,16.740922927569663,5.259077072430337,5.259077072430337
DVST_XI_Griffin_29_sep-1_oct_2024_30_12.18.00_trainee_19_sea spikes_2.csv,trainee,19,trainee__participant_19,sea_spikes,2,random_forest,1,21.0,19.532716294572822,1.4672837054271781,1.4672837054271781
DVST_XI_14-16_Feb_2024_14_09.13.16_trainee_1_camera target_1.csv,trainee,1,trainee__participant_1,camera_target,1,random_forest,2,17.0,20.02816898900715,-3.028168989007149,3.028168989007149
DVST_XI_14-16_Feb_2024_14_09.13.16_trainee_1_suture_1.csv,trainee,1,trainee__participant_1,suture,1,random_forest,2,19.0,16.7304428471336,2.269557152866401,2.269557152866401
DVST_XI_14-16_Feb_2024_14_09.13.16_trainee_3_camera target_1.csv,trainee,3,trainee__participant_3,camera_target,1,random_forest,2,15.0,18.718470314207313,-3.7184703142073126,3.7184703142073126
DVST_XI_14-16_Feb_2024_14_09.13.16_trainee_3_glove cut_1.csv,trainee,3,trainee__participant_3,glove_cut,1,random_forest,2,17.0,20.432889907813852,-3.432889907813852,3.432889907813852
DVST_XI_14-16_Feb_2024_14_09.13.16_trainee_3_ring rollercoaster_1.csv,trainee,3,trainee__participant_3,ring_rollercoaster,1,random_forest,2,12.0,17.219677613557252,-5.219677613557252,5.219677613557252
DVST_XI_14-16_Feb_2024_14_09.13.16_trainee_3_sea spikes_1.csv,trainee,3,trainee__participant_3,sea_spikes,1,random_forest,2,15.0,18.820656711624924,-3.820656711624924,3.820656711624924
DVST_XI_14-16_Feb_2024_14_09.13.16_trainee_3_suture_1.csv,trainee,3,trainee__participant_3,suture,1,random_forest,2,19.0,17.987544520347996,1.0124554796520044,1.0124554796520044
DVST_XI_14-16_Feb_2024_16_08.32.59_trainee_1_camera target_2.csv,trainee,1,trainee__participant_1,camera_target,2,random_forest,2,19.0,17.463625103220473,1.5363748967795274,1.5363748967795274
DVST_XI_14-16_Feb_2024_16_08.32.59_trainee_1_glove cut_2.csv,trainee,1,trainee__participant_1,glove_cut,2,random_forest,2,19.0,16.773213979058067,2.2267860209419332,2.2267860209419332
DVST_XI_14-16_Feb_2024_16_08.32.59_trainee_1_sea spikes_2.csv,trainee,1,trainee__participant_1,sea_spikes,2,random_forest,2,19.0,19.021954995871184,-0.02195499587118377,0.02195499587118377
DVST_XI_14-16_Feb_2024_16_08.32.59_trainee_1_suture_2.csv,trainee,1,trainee__participant_1,suture,2,random_forest,2,17.0,18.340438968545893,-1.340438968545893,1.340438968545893
DVST_XI_14-16_Feb_2024_16_08.32.59_trainee_3_camera target_2.csv,trainee,3,trainee__participant_3,camera_target,2,random_forest,2,23.0,18.520853805701655,4.479146194298345,4.479146194298345
DVST_XI_14-16_Feb_2024_16_08.32.59_trainee_3_glove cut_2.csv,trainee,3,trainee__participant_3,glove_cut,2,random_forest,2,19.0,19.503283453861485,-0.503283453861485,0.503283453861485
DVST_XI_14-16_Feb_2024_16_08.32.59_trainee_3_ring rollercoaster_2.csv,trainee,3,trainee__participant_3,ring_rollercoaster,2,random_forest,2,21.0,19.862639712567454,1.1373602874325464,1.1373602874325464
DVST_XI_14-16_Feb_2024_16_08.32.59_trainee_3_sea spikes_2.csv,trainee,3,trainee__participant_3,sea_spikes,2,random_forest,2,17.0,19.425937325359307,-2.425937325359307,2.425937325359307
DVST_XI_14-16_Feb_2024_16_08.32.59_trainee_3_suture_2.csv,trainee,3,trainee__participant_3,suture,2,random_forest,2,22.0,23.303271776393164,-1.3032717763931636,1.3032717763931636
DVST_XI_6-8_Mar_2025_06_10.41.14_trainee_34_camera target_1.csv,trainee,34,trainee__participant_34,camera_target,1,random_forest,2,18.0,13.71290433234075,4.2870956676592495,4.2870956676592495
DVST_XI_6-8_Mar_2025_06_10.41.14_trainee_34_ring rollercoaster_1.csv,trainee,34,trainee__participant_34,ring_rollercoaster,1,random_forest,2,14.0,15.07279108175063,-1.0727910817506299,1.0727910817506299
DVST_XI_6-8_Mar_2025_06_10.41.14_trainee_34_sea spikes_1.csv,trainee,34,trainee__participant_34,sea_spikes,1,random_forest,2,14.0,14.731111173668985,-0.7311111736689853,0.7311111736689853
DVST_XI_6-8_Mar_2025_07_11.56.53_trainee_34_glove cut_1.csv,trainee,34,trainee__participant_34,glove_cut,1,random_forest,2,12.0,14.81336548807646,-2.8133654880764603,2.8133654880764603
DVST_XI_6-8_Mar_2025_08_08.21.32_expert_3_camera target_1.csv,expert,3,expert__participant_3,camera_target,1,random_forest,2,27.0,20.467547144570265,6.532452855429735,6.532452855429735
DVST_XI_6-8_Mar_2025_08_08.21.32_expert_3_suture_1.csv,expert,3,expert__participant_3,suture,1,random_forest,2,28.0,19.868619931770237,8.131380068229763,8.131380068229763
DVST_XI_7-11_Mar_2024_08_13.12.17_trainee_6_ring rollercoaster_1.csv,trainee,6,trainee__participant_6,ring_rollercoaster,1,random_forest,2,16.0,21.62771813927883,-5.62771813927883,5.62771813927883
DVST_XI_7-11_Mar_2024_08_13.12.17_trainee_6_sea spikes_1.csv,trainee,6,trainee__participant_6,sea_spikes,1,random_forest,2,16.0,17.164597674998497,-1.1645976749984968,1.1645976749984968
DVST_XI_7-11_Mar_2024_09_10.19.01_trainee_6_glove cut_1.csv,trainee,6,trainee__participant_6,glove_cut,1,random_forest,2,15.0,15.46519551418396,-0.46519551418396077,0.46519551418396077
DVST_XI_7-11_Mar_2024_09_13.46.11_trainee_6_suture_1.csv,trainee,6,trainee__participant_6,suture,1,random_forest,2,12.0,18.82046164083356,-6.82046164083356,6.82046164083356
DVST_XI_Griffin_16-19_07_2024_16_08.46.09_trainee_15_glove cut_1.csv,trainee,15,trainee__participant_15,glove_cut,1,random_forest,2,17.0,18.103609073041703,-1.103609073041703,1.103609073041703
DVST_XI_Griffin_16-19_07_2024_16_08.46.09_trainee_15_ring rollercoaster_1.csv,trainee,15,trainee__participant_15,ring_rollercoaster,1,random_forest,2,18.0,20.74879534402656,-2.7487953440265613,2.7487953440265613
DVST_XI_Griffin_16-19_07_2024_16_08.46.09_trainee_15_sea spikes_1.csv,trainee,15,trainee__participant_15,sea_spikes,1,random_forest,2,20.0,18.74122657207917,1.2587734279208291,1.2587734279208291
DVST_XI_Griffin_16-19_07_2024_16_08.46.09_trainee_15_suture_1.csv,trainee,15,trainee__participant_15,suture,1,random_forest,2,15.0,18.10700064226075,-3.1070006422607506,3.1070006422607506
DVST_XI_Griffin_16-19_07_2024_17_12.20.23_trainee_15_camera target_1.csv,trainee,15,trainee__participant_15,camera_target,1,random_forest,2,18.0,20.697044453619604,-2.697044453619604,2.697044453619604
DVST_XI_Griffin_16-19_07_2024_18_08.46.52_trainee_15_sea spikes_2.csv,trainee,15,trainee__participant_15,sea_spikes,2,random_forest,2,23.0,21.775547068538398,1.2244529314616024,1.2244529314616024
DVST_XI_Griffin_16-19_07_2024_18_08.46.52_trainee_15_suture_2.csv,trainee,15,trainee__participant_15,suture,2,random_forest,2,26.0,22.240972482879993,3.759027517120007,3.759027517120007
DVST_XI_Griffin_29_sep-1_oct_2024_29_09.07.40_trainee_17_camera target_1.csv,trainee,17,trainee__participant_17,camera_target,1,random_forest,2,23.0,16.898393514000443,6.101606485999557,6.101606485999557
DVST_XI_Griffin_29_sep-1_oct_2024_29_09.07.40_trainee_17_suture_1.csv,trainee,17,trainee__participant_17,suture,1,random_forest,2,15.0,18.36391526745574,-3.3639152674557415,3.3639152674557415
DVST_XI_Griffin_29_sep-1_oct_2024_30_12.18.00_trainee_17_glove cut_2.csv,trainee,17,trainee__participant_17,glove_cut,2,random_forest,2,22.0,19.450398186304792,2.549601813695208,2.549601813695208
DVST_XI_Griffin_29_sep-1_oct_2024_30_12.18.00_trainee_17_ring rollercoaster_2.csv,trainee,17,trainee__participant_17,ring_rollercoaster,2,random_forest,2,22.0,21.75089958211346,0.2491004178865417,0.2491004178865417
DVST_XI_Griffin_29_sep-1_oct_2024_30_12.18.00_trainee_17_sea spikes_2.csv,trainee,17,trainee__participant_17,sea_spikes,2,random_forest,2,22.0,23.510815501133415,-1.5108155011334148,1.5108155011334148
DVST_XI_14-16_Feb_2024_14_09.13.16_trainee_2_camera target_1.csv,trainee,2,trainee__participant_2,camera_target,1,random_forest,3,17.0,15.922876082251085,1.0771239177489154,1.0771239177489154
DVST_XI_14-16_Feb_2024_14_09.13.16_trainee_2_glove cut_1.csv,trainee,2,trainee__participant_2,glove_cut,1,random_forest,3,13.0,18.496868235930737,-5.496868235930737,5.496868235930737
DVST_XI_14-16_Feb_2024_14_09.13.16_trainee_2_ring rollercoaster_1.csv,trainee,2,trainee__participant_2,ring_rollercoaster,1,random_forest,3,14.0,17.937071608946606,-3.9370716089466065,3.9370716089466065
DVST_XI_14-16_Feb_2024_14_09.13.16_trainee_2_sea spikes_1.csv,trainee,2,trainee__participant_2,sea_spikes,1,random_forest,3,15.0,20.037285052910043,-5.037285052910043,5.037285052910043
DVST_XI_14-16_Feb_2024_14_09.13.16_trainee_2_suture_1.csv,trainee,2,trainee__participant_2,suture,1,random_forest,3,19.0,19.39427083333332,-0.39427083333331936,0.39427083333331936
DVST_XI_14-16_Feb_2024_14_09.13.16_trainee_4_camera target_1.csv,trainee,4,trainee__participant_4,camera_target,1,random_forest,3,16.0,17.181476972101972,-1.1814769721019722,1.1814769721019722
DVST_XI_14-16_Feb_2024_14_09.13.16_trainee_4_glove cut_1.csv,trainee,4,trainee__participant_4,glove_cut,1,random_forest,3,23.0,17.89811282467533,5.10188717532467,5.10188717532467
DVST_XI_14-16_Feb_2024_14_09.13.16_trainee_4_ring rollercoaster_1.csv,trainee,4,trainee__participant_4,ring_rollercoaster,1,random_forest,3,14.0,17.7975253071844,-3.797525307184401,3.797525307184401
DVST_XI_14-16_Feb_2024_14_09.13.16_trainee_4_sea spikes_1.csv,trainee,4,trainee__participant_4,sea_spikes,1,random_forest,3,18.0,16.482018097643092,1.517981902356908,1.517981902356908
DVST_XI_14-16_Feb_2024_14_09.13.16_trainee_4_suture_1.csv,trainee,4,trainee__participant_4,suture,1,random_forest,3,18.0,18.201848640627052,-0.20184864062705188,0.20184864062705188
DVST_XI_14-16_Feb_2024_16_08.32.59_trainee_2_camera target_2.csv,trainee,2,trainee__participant_2,camera_target,2,random_forest,3,16.0,19.416812469937472,-3.4168124699374722,3.4168124699374722
DVST_XI_14-16_Feb_2024_16_08.32.59_trainee_2_glove cut_2.csv,trainee,2,trainee__participant_2,glove_cut,2,random_forest,3,19.0,17.652253186628183,1.347746813371817,1.347746813371817
DVST_XI_14-16_Feb_2024_16_08.32.59_trainee_2_ring rollercoaster_2.csv,trainee,2,trainee__participant_2,ring_rollercoaster,2,random_forest,3,21.0,16.306193632756134,4.693806367243866,4.693806367243866
DVST_XI_14-16_Feb_2024_16_08.32.59_trainee_2_sea spikes_2.csv,trainee,2,trainee__participant_2,sea_spikes,2,random_forest,3,17.0,17.49682539682539,-0.49682539682538973,0.49682539682538973
DVST_XI_14-16_Feb_2024_16_08.32.59_trainee_2_suture_2.csv,trainee,2,trainee__participant_2,suture,2,random_forest,3,22.0,22.8931029040404,-0.8931029040404006,0.8931029040404006
DVST_XI_14-16_Feb_2024_16_08.32.59_trainee_4_camera target_2.csv,trainee,4,trainee__participant_4,camera_target,2,random_forest,3,23.0,19.058476881914384,3.941523118085616,3.941523118085616
DVST_XI_19-22_May_2025_22_09.34.36_trainee_40_camera target_2.csv,trainee,40,trainee__participant_40,camera_target,2,random_forest,3,24.0,25.988094486531992,-1.9880944865319918,1.9880944865319918
DVST_XI_19-22_May_2025_22_09.34.36_trainee_42_camera target_2.csv,trainee,42,trainee__participant_42,camera_target,2,random_forest,3,19.0,19.066495310245305,-0.06649531024530475,0.06649531024530475
DVST_XI_6-8_Mar_2025_06_10.41.14_trainee_32_camera target_1.csv,trainee,32,trainee__participant_32,camera_target,1,random_forest,3,20.0,20.24200487012988,-0.24200487012987892,0.24200487012987892
DVST_XI_6-8_Mar_2025_06_10.41.14_trainee_32_ring rollercoaster_1.csv,trainee,32,trainee__participant_32,ring_rollercoaster,1,random_forest,3,17.0,16.430634264725175,0.5693657352748254,0.5693657352748254
DVST_XI_6-8_Mar_2025_06_10.41.14_trainee_32_sea spikes_1.csv,trainee,32,trainee__participant_32,sea_spikes,1,random_forest,3,14.0,24.48522624786829,-10.48522624786829,10.48522624786829
DVST_XI_6-8_Mar_2025_07_11.56.53_trainee_32_glove cut_1.csv,trainee,32,trainee__participant_32,glove_cut,1,random_forest,3,13.0,18.911063762626267,-5.9110637626262665,5.9110637626262665
DVST_XI_7-11_Mar_2024_08_13.12.17_trainee_11_ring rollercoaster_1.csv,trainee,11,trainee__participant_11,ring_rollercoaster,1,random_forest,3,18.0,17.468141985329485,0.5318580146705152,0.5318580146705152
DVST_XI_7-11_Mar_2024_08_13.12.17_trainee_11_sea spikes_1.csv,trainee,11,trainee__participant_11,sea_spikes,1,random_forest,3,18.0,18.074109397546902,-0.07410939754690204,0.07410939754690204
DVST_XI_7-11_Mar_2024_08_13.12.17_trainee_7_ring rollercoaster_1.csv,trainee,7,trainee__participant_7,ring_rollercoaster,1,random_forest,3,15.0,16.250817700817695,-1.250817700817695,1.250817700817695
DVST_XI_7-11_Mar_2024_08_13.12.17_trainee_7_sea spikes_1.csv,trainee,7,trainee__participant_7,sea_spikes,1,random_forest,3,19.0,16.529016354016356,2.470983645983644,2.470983645983644
DVST_XI_7-11_Mar_2024_09_10.19.01_trainee_11_camera target_1.csv,trainee,11,trainee__participant_11,camera_target,1,random_forest,3,10.0,14.414970388407891,-4.414970388407891,4.414970388407891
DVST_XI_7-11_Mar_2024_09_10.19.01_trainee_11_glove cut_1.csv,trainee,11,trainee__participant_11,glove_cut,1,random_forest,3,18.0,18.488835322926235,-0.488835322926235,0.488835322926235
DVST_XI_7-11_Mar_2024_09_10.19.01_trainee_7_camera target_1.csv,trainee,7,trainee__participant_7,camera_target,1,random_forest,3,17.0,18.345841600529106,-1.3458416005291056,1.3458416005291056
DVST_XI_7-11_Mar_2024_09_10.19.01_trainee_7_glove cut_1.csv,trainee,7,trainee__participant_7,glove_cut,1,random_forest,3,15.0,16.934410323472825,-1.9344103234728252,1.9344103234728252
DVST_XI_7-11_Mar_2024_09_13.46.11_trainee_11_suture_1.csv,trainee,11,trainee__participant_11,suture,1,random_forest,3,18.0,19.16018217893218,-1.1601821789321782,1.1601821789321782
DVST_XI_7-11_Mar_2024_09_13.46.11_trainee_7_suture_1.csv,trainee,7,trainee__participant_7,suture,1,random_forest,3,17.0,18.06193461946303,-1.061934619463031,1.061934619463031
DVST_XI_Griffin_29_sep-1_oct_2024_29_09.07.40_trainee_21_camera target_1.csv,trainee,21,trainee__participant_21,camera_target,1,random_forest,3,19.0,17.787342171717167,1.2126578282828326,1.2126578282828326
DVST_XI_Griffin_29_sep-1_oct_2024_29_09.07.40_trainee_21_suture_1.csv,trainee,21,trainee__participant_21,suture,1,random_forest,3,18.0,16.097556804517026,1.9024431954829737,1.9024431954829737
DVST_XI_Griffin_29_sep-1_oct_2024_30_12.18.00_trainee_21_glove cut_2.csv,trainee,21,trainee__participant_21,glove_cut,2,random_forest,3,25.0,20.693033008658002,4.306966991341998,4.306966991341998
DVST_XI_Griffin_29_sep-1_oct_2024_30_12.18.00_trainee_21_ring rollercoaster_2.csv,trainee,21,trainee__participant_21,ring_rollercoaster,2,random_forest,3,22.0,19.6815651099742,2.3184348900257987,2.3184348900257987
DVST_XI_Griffin_29_sep-1_oct_2024_30_12.18.00_trainee_21_sea spikes_2.csv,trainee,21,trainee__participant_21,sea_spikes,2,random_forest,3,22.0,21.39002675565177,0.6099732443482289,0.6099732443482289
DVST_XI_Griffin_29_sep-1_oct_2024_30_12.18.00_trainee_21_suture_2.csv,trainee,21,trainee__participant_21,suture,2,random_forest,3,23.0,21.92260927729679,1.0773907227032105,1.0773907227032105
DVST_XI_19-22_May_2025_22_09.34.36_trainee_39_camera target_2.csv,trainee,39,trainee__participant_39,camera_target,2,random_forest,4,19.0,24.04431129232165,-5.044311292321652,5.044311292321652
DVST_XI_6-8_Mar_2025_06_10.41.14_trainee_33_camera target_1.csv,trainee,33,trainee__participant_33,camera_target,1,random_forest,4,23.0,20.64606257592851,2.353937424071489,2.353937424071489
DVST_XI_6-8_Mar_2025_06_10.41.14_trainee_33_ring rollercoaster_1.csv,trainee,33,trainee__participant_33,ring_rollercoaster,1,random_forest,4,21.0,19.105738163220856,1.894261836779144,1.894261836779144
DVST_XI_6-8_Mar_2025_06_10.41.14_trainee_33_sea spikes_1.csv,trainee,33,trainee__participant_33,sea_spikes,1,random_forest,4,16.0,18.877980122530314,-2.877980122530314,2.877980122530314
DVST_XI_6-8_Mar_2025_06_10.41.14_trainee_35_ring rollercoaster_1.csv,trainee,35,trainee__participant_35,ring_rollercoaster,1,random_forest,4,18.0,15.746775396364495,2.2532246036355055,2.2532246036355055
DVST_XI_6-8_Mar_2025_06_10.41.14_trainee_35_sea spikes_1.csv,trainee,35,trainee__participant_35,sea_spikes,1,random_forest,4,15.0,15.438345655689956,-0.43834565568995565,0.43834565568995565
DVST_XI_6-8_Mar_2025_06_10.41.14_trainee_36_ring rollercoaster_1.csv,trainee,36,trainee__participant_36,ring_rollercoaster,1,random_forest,4,19.0,16.376377159941175,2.6236228400588253,2.6236228400588253
DVST_XI_6-8_Mar_2025_06_10.41.14_trainee_36_sea spikes_1.csv,trainee,36,trainee__participant_36,sea_spikes,1,random_forest,4,16.0,15.826811337451469,0.17318866254853127,0.17318866254853127
DVST_XI_6-8_Mar_2025_07_11.56.53_trainee_33_camera target_2.csv,trainee,33,trainee__participant_33,camera_target,2,random_forest,4,19.0,20.233862600298576,-1.2338626002985755,1.2338626002985755
DVST_XI_6-8_Mar_2025_07_11.56.53_trainee_33_glove cut_1.csv,trainee,33,trainee__participant_33,glove_cut,1,random_forest,4,18.0,17.949887936458005,0.050112063541995155,0.050112063541995155
DVST_XI_6-8_Mar_2025_07_11.56.53_trainee_33_sea spikes_2.csv,trainee,33,trainee__participant_33,sea_spikes,2,random_forest,4,20.0,18.11241481029542,1.8875851897045806,1.8875851897045806
DVST_XI_6-8_Mar_2025_07_11.56.53_trainee_35_camera target_2.csv,trainee,35,trainee__participant_35,camera_target,2,random_forest,4,18.0,20.65221349680692,-2.652213496806919,2.652213496806919
DVST_XI_6-8_Mar_2025_07_11.56.53_trainee_35_glove cut_1.csv,trainee,35,trainee__participant_35,glove_cut,1,random_forest,4,16.0,18.976557311873034,-2.9765573118730337,2.9765573118730337
DVST_XI_6-8_Mar_2025_07_11.56.53_trainee_35_sea spikes_2.csv,trainee,35,trainee__participant_35,sea_spikes,2,random_forest,4,21.0,20.172110276305776,0.8278897236942235,0.8278897236942235
DVST_XI_6-8_Mar_2025_07_11.56.53_trainee_36_glove cut_1.csv,trainee,36,trainee__participant_36,glove_cut,1,random_forest,4,18.0,17.76245670419545,0.23754329580454936,0.23754329580454936
DVST_XI_7-11_Jul_2025_10_09.40.17_expert_6_camera target_1.csv,expert,6,expert__participant_6,camera_target,1,random_forest,4,25.0,21.81940914237626,3.1805908576237414,3.1805908576237414
DVST_XI_7-11_Jul_2025_10_09.40.17_expert_6_suture_1.csv,expert,6,expert__participant_6,suture,1,random_forest,4,26.0,22.616471797137876,3.3835282028621236,3.3835282028621236
DVST_XI_7-11_Mar_2024_08_13.12.17_trainee_10_ring rollercoaster_1.csv,trainee,10,trainee__participant_10,ring_rollercoaster,1,random_forest,4,14.0,17.875752611479253,-3.8757526114792533,3.8757526114792533
DVST_XI_7-11_Mar_2024_08_13.12.17_trainee_10_sea spikes_1.csv,trainee,10,trainee__participant_10,sea_spikes,1,random_forest,4,22.0,15.561720891565178,6.438279108434822,6.438279108434822
DVST_XI_7-11_Mar_2024_09_10.19.01_trainee_10_camera target_1.csv,trainee,10,trainee__participant_10,camera_target,1,random_forest,4,14.0,20.251519121977605,-6.251519121977605,6.251519121977605
DVST_XI_7-11_Mar_2024_09_10.19.01_trainee_10_glove cut_1.csv,trainee,10,trainee__participant_10,glove_cut,1,random_forest,4,18.0,15.258501624288826,2.741498375711174,2.741498375711174
DVST_XI_7-11_Mar_2024_09_13.46.11_trainee_10_suture_1.csv,trainee,10,trainee__participant_10,suture,1,random_forest,4,19.0,18.10058068613432,0.8994193138656783,0.8994193138656783
DVST_XI_Griffin_16-19_07_2024_16_08.46.09_trainee_16_glove cut_1.csv,trainee,16,trainee__participant_16,glove_cut,1,random_forest,4,15.0,17.115283779081345,-2.115283779081345,2.115283779081345
DVST_XI_Griffin_16-19_07_2024_16_08.46.09_trainee_16_ring rollercoaster_1.csv,trainee,16,trainee__participant_16,ring_rollercoaster,1,random_forest,4,20.0,16.654934603074736,3.345065396925264,3.345065396925264
DVST_XI_Griffin_16-19_07_2024_16_08.46.09_trainee_16_sea spikes_1.csv,trainee,16,trainee__participant_16,sea_spikes,1,random_forest,4,16.0,15.60080116922677,0.39919883077322993,0.39919883077322993
DVST_XI_Griffin_16-19_07_2024_16_08.46.09_trainee_16_suture_1.csv,trainee,16,trainee__participant_16,suture,1,random_forest,4,21.0,15.871890803832839,5.128109196167161,5.128109196167161
DVST_XI_Griffin_16-19_07_2024_17_12.20.23_trainee_16_camera target_1.csv,trainee,16,trainee__participant_16,camera_target,1,random_forest,4,23.0,19.8975917800961,3.1024082199039,3.1024082199039
DVST_XI_Griffin_16-19_07_2024_17_12.20.23_trainee_16_ring rollercoaster_2.csv,trainee,16,trainee__participant_16,ring_rollercoaster,2,random_forest,4,23.0,18.384221603079723,4.615778396920277,4.615778396920277
DVST_XI_Griffin_16-19_07_2024_18_08.46.52_trainee_16_sea spikes_2.csv,trainee,16,trainee__participant_16,sea_spikes,2,random_forest,4,21.0,20.828330276989448,0.1716697230105524,0.1716697230105524
DVST_XI_Griffin_16-19_07_2024_18_08.46.52_trainee_16_suture_2.csv,trainee,16,trainee__participant_16,suture,2,random_forest,4,29.0,22.97889475480307,6.021105245196932,6.021105245196932
DVST_XI_Griffin_16-19_07_2024_19_09.39.41_trainee_16_camera target_2.csv,trainee,16,trainee__participant_16,camera_target,2,random_forest,4,23.0,20.65395441256167,2.3460455874383292,2.3460455874383292
DVST_XI_Griffin_16-19_07_2024_19_09.39.41_trainee_16_glove cut_2.csv,trainee,16,trainee__participant_16,glove_cut,2,random_forest,4,24.0,17.968122093208596,6.031877906791404,6.031877906791404
DVST_XI_Griffin_29_sep-1_oct_2024_29_09.07.40_trainee_18_camera target_1.csv,trainee,18,trainee__participant_18,camera_target,1,random_forest,4,19.0,21.820518581764233,-2.820518581764233,2.820518581764233
DVST_XI_Griffin_29_sep-1_oct_2024_29_09.07.40_trainee_18_suture_1.csv,trainee,18,trainee__participant_18,suture,1,random_forest,4,12.0,18.433772791990787,-6.433772791990787,6.433772791990787
DVST_XI_Griffin_29_sep-1_oct_2024_30_12.18.00_trainee_18_glove cut_2.csv,trainee,18,trainee__participant_18,glove_cut,2,random_forest,4,22.0,21.371048098383742,0.6289519016162579,0.6289519016162579
DVST_XI_Griffin_29_sep-1_oct_2024_30_12.18.00_trainee_18_ring rollercoaster_2.csv,trainee,18,trainee__participant_18,ring_rollercoaster,2,random_forest,4,24.0,20.009910058223223,3.990089941776777,3.990089941776777
DVST_XI_Griffin_29_sep-1_oct_2024_30_12.18.00_trainee_18_sea spikes_2.csv,trainee,18,trainee__participant_18,sea_spikes,2,random_forest,4,22.0,20.90836115537672,1.0916388446232794,1.0916388446232794
DVST_XI_Griffin_29_sep-1_oct_2024_30_12.18.00_trainee_18_suture_2.csv,trainee,18,trainee__participant_18,suture,2,random_forest,4,22.0,20.179896249943827,1.8201037500561732,1.8201037500561732
DVST_XI_10-13_Nov_2025_12_10.36.46_expert_9_camera target_1.csv,expert,9,expert__participant_9,camera_target,1,random_forest,5,28.0,22.248237411711084,5.751762588288916,5.751762588288916
DVST_XI_10-13_Nov_2025_12_10.36.46_expert_9_glove cut_1.csv,expert,9,expert__participant_9,glove_cut,1,random_forest,5,29.0,22.58035171261487,6.4196482873851295,6.4196482873851295
DVST_XI_10-13_Nov_2025_12_10.36.46_expert_9_ring rollercoaster_1.csv,expert,9,expert__participant_9,ring_rollercoaster,1,random_forest,5,29.0,22.675431761221223,6.324568238778777,6.324568238778777
DVST_XI_10-13_Nov_2025_12_10.36.46_expert_9_sea spikes_1.csv,expert,9,expert__participant_9,sea_spikes,1,random_forest,5,29.0,22.546049973418405,6.453950026581595,6.453950026581595
DVST_XI_10-13_Nov_2025_12_10.36.46_expert_9_suture_1.csv,expert,9,expert__participant_9,suture,1,random_forest,5,28.0,25.38301461111986,2.6169853888801384,2.6169853888801384
DVST_XI_19-22_May_2025_21_09.43.23_expert_5_camera target_1.csv,expert,5,expert__participant_5,camera_target,1,random_forest,5,30.0,21.428436651068225,8.571563348931775,8.571563348931775
DVST_XI_19-22_May_2025_21_09.43.23_expert_5_suture_1.csv,expert,5,expert__participant_5,suture,1,random_forest,5,29.0,22.91527121416595,6.084728785834049,6.084728785834049
DVST_XI_19-22_May_2025_22_09.34.36_trainee_38_camera target_2.csv,trainee,38,trainee__participant_38,camera_target,2,random_forest,5,22.0,25.731553306342775,-3.731553306342775,3.731553306342775
DVST_XI_6-8_Mar_2025_06_10.41.14_trainee_31_ring rollercoaster_1.csv,trainee,31,trainee__participant_31,ring_rollercoaster,1,random_forest,5,15.0,17.933903926482888,-2.9339039264828877,2.9339039264828877
DVST_XI_6-8_Mar_2025_06_10.41.14_trainee_31_sea spikes_1.csv,trainee,31,trainee__participant_31,sea_spikes,1,random_forest,5,13.0,17.13214331866964,-4.132143318669641,4.132143318669641
DVST_XI_6-8_Mar_2025_07_11.56.53_trainee_31_glove cut_1.csv,trainee,31,trainee__participant_31,glove_cut,1,random_forest,5,16.0,18.372740937425142,-2.3727409374251422,2.3727409374251422
DVST_XI_7-11_Mar_2024_08_13.12.17_trainee_9_ring rollercoaster_1.csv,trainee,9,trainee__participant_9,ring_rollercoaster,1,random_forest,5,14.0,19.244970076706917,-5.244970076706917,5.244970076706917
DVST_XI_7-11_Mar_2024_08_13.12.17_trainee_9_sea spikes_1.csv,trainee,9,trainee__participant_9,sea_spikes,1,random_forest,5,18.0,17.794585683322527,0.2054143166774729,0.2054143166774729
DVST_XI_7-11_Mar_2024_09_10.19.01_trainee_9_camera target_1.csv,trainee,9,trainee__participant_9,camera_target,1,random_forest,5,19.0,19.42300402521455,-0.4230040252145493,0.4230040252145493
DVST_XI_7-11_Mar_2024_09_10.19.01_trainee_9_glove cut_1.csv,trainee,9,trainee__participant_9,glove_cut,1,random_forest,5,18.0,17.94884907244187,0.051150927558129666,0.051150927558129666
DVST_XI_7-11_Mar_2024_09_13.46.11_trainee_9_suture_1.csv,trainee,9,trainee__participant_9,suture,1,random_forest,5,16.0,17.737928229665076,-1.7379282296650764,1.7379282296650764
DVST_XI_Griffin_16-19_07_2024_16_08.46.09_trainee_14_glove cut_1.csv,trainee,14,trainee__participant_14,glove_cut,1,random_forest,5,11.0,18.041876223192002,-7.041876223192002,7.041876223192002
DVST_XI_Griffin_16-19_07_2024_16_08.46.09_trainee_14_ring rollercoaster_1.csv,trainee,14,trainee__participant_14,ring_rollercoaster,1,random_forest,5,16.0,19.50939473976317,-3.50939473976317,3.50939473976317
DVST_XI_Griffin_16-19_07_2024_16_08.46.09_trainee_14_sea spikes_1.csv,trainee,14,trainee__participant_14,sea_spikes,1,random_forest,5,12.0,14.752998259050898,-2.752998259050898,2.752998259050898
DVST_XI_Griffin_16-19_07_2024_16_08.46.09_trainee_14_suture_1.csv,trainee,14,trainee__participant_14,suture,1,random_forest,5,15.0,18.995579321263545,-3.995579321263545,3.995579321263545
DVST_XI_Griffin_16-19_07_2024_17_12.20.23_trainee_13_camera target_1.csv,trainee,13,trainee__participant_13,camera_target,1,random_forest,5,19.0,20.56499400015189,-1.5649940001518914,1.5649940001518914
DVST_XI_Griffin_16-19_07_2024_17_12.20.23_trainee_13_glove cut_1.csv,trainee,13,trainee__participant_13,glove_cut,1,random_forest,5,23.0,18.634943419153945,4.365056580846055,4.365056580846055
DVST_XI_Griffin_16-19_07_2024_17_12.20.23_trainee_13_ring rollercoaster_1.csv,trainee,13,trainee__participant_13,ring_rollercoaster,1,random_forest,5,17.0,21.35004291030606,-4.350042910306058,4.350042910306058
DVST_XI_Griffin_16-19_07_2024_17_12.20.23_trainee_13_ring rollercoaster_2.csv,trainee,13,trainee__participant_13,ring_rollercoaster,2,random_forest,5,22.0,20.029069719753924,1.9709302802460762,1.9709302802460762
DVST_XI_Griffin_16-19_07_2024_17_12.20.23_trainee_13_sea spikes_1.csv,trainee,13,trainee__participant_13,sea_spikes,1,random_forest,5,17.0,19.620735399103836,-2.620735399103836,2.620735399103836
DVST_XI_Griffin_16-19_07_2024_17_12.20.23_trainee_13_suture_1.csv,trainee,13,trainee__participant_13,suture,1,random_forest,5,23.0,18.542048910154183,4.4579510898458174,4.4579510898458174
DVST_XI_Griffin_16-19_07_2024_17_12.20.23_trainee_14_camera target_1.csv,trainee,14,trainee__participant_14,camera_target,1,random_forest,5,14.0,16.210095319884786,-2.210095319884786,2.210095319884786
DVST_XI_Griffin_16-19_07_2024_18_08.46.52_trainee_13_sea spikes_2.csv,trainee,13,trainee__participant_13,sea_spikes,2,random_forest,5,21.0,23.161154266785836,-2.161154266785836,2.161154266785836
DVST_XI_Griffin_16-19_07_2024_18_08.46.52_trainee_13_suture_2.csv,trainee,13,trainee__participant_13,suture,2,random_forest,5,28.0,21.692980171874925,6.307019828125075,6.307019828125075
DVST_XI_Griffin_16-19_07_2024_18_08.46.52_trainee_14_sea spikes_2.csv,trainee,14,trainee__participant_14,sea_spikes,2,random_forest,5,20.0,19.12634920634921,0.8736507936507891,0.8736507936507891
DVST_XI_Griffin_16-19_07_2024_18_08.46.52_trainee_14_suture_2.csv,trainee,14,trainee__participant_14,suture,2,random_forest,5,29.0,25.095262813210194,3.9047371867898057,3.9047371867898057
DVST_XI_Griffin_16-19_07_2024_19_09.39.41_trainee_13_camera target_2.csv,trainee,13,trainee__participant_13,camera_target,2,random_forest,5,17.0,21.748934416460724,-4.748934416460724,4.748934416460724
DVST_XI_Griffin_16-19_07_2024_19_09.39.41_trainee_14_glove cut_2.csv,trainee,14,trainee__participant_14,glove_cut,2,random_forest,5,18.0,18.201308379216968,-0.2013083792169681,0.2013083792169681
DVST_XI_Griffin_29_sep-1_oct_2024_29_09.07.40_trainee_20_camera target_1.csv,trainee,20,trainee__participant_20,camera_target,1,random_forest,5,15.0,17.085580390369856,-2.0855803903698558,2.0855803903698558
DVST_XI_Griffin_29_sep-1_oct_2024_29_09.07.40_trainee_20_suture_1.csv,trainee,20,trainee__participant_20,suture,1,random_forest,5,13.0,16.638651932862462,-3.6386519328624622,3.6386519328624622
DVST_XI_Griffin_29_sep-1_oct_2024_30_12.18.00_trainee_20_glove cut_2.csv,trainee,20,trainee__participant_20,glove_cut,2,random_forest,5,17.0,18.285103212576907,-1.2851032125769066,1.2851032125769066
DVST_XI_Griffin_29_sep-1_oct_2024_30_12.18.00_trainee_20_ring rollercoaster_2.csv,trainee,20,trainee__participant_20,ring_rollercoaster,2,random_forest,5,21.0,19.776928346507315,1.2230716534926849,1.2230716534926849
DVST_XI_Griffin_29_sep-1_oct_2024_30_12.18.00_trainee_20_sea spikes_2.csv,trainee,20,trainee__participant_20,sea_spikes,2,random_forest,5,21.0,19.58612582492915,1.4138741750708483,1.4138741750708483
DVST_XI_10-13_Nov_2025_12_10.36.46_expert_10_camera target_1.csv,expert,10,expert__participant_10,camera_target,1,extra_trees,1,30.0,25.79737362805543,4.202626371944572,4.202626371944572
DVST_XI_10-13_Nov_2025_12_10.36.46_expert_10_glove cut_1.csv,expert,10,expert__participant_10,glove_cut,1,extra_trees,1,28.0,24.758423028049616,3.2415769719503835,3.2415769719503835
DVST_XI_10-13_Nov_2025_12_10.36.46_expert_10_ring rollercoaster_1.csv,expert,10,expert__participant_10,ring_rollercoaster,1,extra_trees,1,29.0,21.772200429440634,7.227799570559366,7.227799570559366
DVST_XI_10-13_Nov_2025_12_10.36.46_expert_10_sea spikes_1.csv,expert,10,expert__participant_10,sea_spikes,1,extra_trees,1,29.0,22.400058548291156,6.599941451708844,6.599941451708844
DVST_XI_10-13_Nov_2025_12_10.36.46_expert_10_suture_1.csv,expert,10,expert__participant_10,suture,1,extra_trees,1,30.0,25.51541574896836,4.484584251031642,4.484584251031642
DVST_XI_11-14_Aug_2025_13_11.33.24_expert_7_camera target_1.csv,expert,7,expert__participant_7,camera_target,1,extra_trees,1,28.0,24.726076175507984,3.273923824492016,3.273923824492016
DVST_XI_11-14_Aug_2025_13_11.33.24_expert_7_suture_1.csv,expert,7,expert__participant_7,suture,1,extra_trees,1,29.0,24.78064585877085,4.21935414122915,4.21935414122915
DVST_XI_11-14_Aug_2025_14_10.45.28_expert_8_camera target_1.csv,expert,8,expert__participant_8,camera_target,1,extra_trees,1,28.0,23.536881266698444,4.463118733301556,4.463118733301556
DVST_XI_11-14_Aug_2025_14_10.45.28_expert_8_suture_1.csv,expert,8,expert__participant_8,suture,1,extra_trees,1,29.0,25.583880471380446,3.4161195286195536,3.4161195286195536
DVST_XI_14-16_Feb_2024_14_09.13.16_trainee_5_camera target_1.csv,trainee,5,trainee__participant_5,camera_target,1,extra_trees,1,7.0,15.68760918726766,-8.68760918726766,8.68760918726766
DVST_XI_14-16_Feb_2024_14_09.13.16_trainee_5_glove cut_1.csv,trainee,5,trainee__participant_5,glove_cut,1,extra_trees,1,11.0,16.949217906650357,-5.949217906650357,5.949217906650357
DVST_XI_14-16_Feb_2024_14_09.13.16_trainee_5_ring rollercoaster_1.csv,trainee,5,trainee__participant_5,ring_rollercoaster,1,extra_trees,1,17.0,14.006325156325145,2.993674843674855,2.993674843674855
DVST_XI_14-16_Feb_2024_14_09.13.16_trainee_5_sea spikes_1.csv,trainee,5,trainee__participant_5,sea_spikes,1,extra_trees,1,16.0,16.603279408893854,-0.6032794088938545,0.6032794088938545
DVST_XI_14-16_Feb_2024_14_09.13.16_trainee_5_suture_1.csv,trainee,5,trainee__participant_5,suture,1,extra_trees,1,16.0,17.193047619039156,-1.193047619039156,1.193047619039156
DVST_XI_14-16_Feb_2024_16_08.32.59_trainee_5_camera target_2.csv,trainee,5,trainee__participant_5,camera_target,2,extra_trees,1,21.0,18.201239034761276,2.798760965238724,2.798760965238724
DVST_XI_14-16_Feb_2024_16_08.32.59_trainee_5_glove cut_2.csv,trainee,5,trainee__participant_5,glove_cut,2,extra_trees,1,19.0,17.26272762691021,1.737272373089791,1.737272373089791
DVST_XI_14-16_Feb_2024_16_08.32.59_trainee_5_ring rollercoaster_2.csv,trainee,5,trainee__participant_5,ring_rollercoaster,2,extra_trees,1,23.0,15.945294085649028,7.054705914350972,7.054705914350972
DVST_XI_14-16_Feb_2024_16_08.32.59_trainee_5_sea spikes_2.csv,trainee,5,trainee__participant_5,sea_spikes,2,extra_trees,1,21.0,20.93353904067958,0.06646095932041973,0.06646095932041973
DVST_XI_14-16_Feb_2024_16_08.32.59_trainee_5_suture_2.csv,trainee,5,trainee__participant_5,suture,2,extra_trees,1,21.0,17.453487123964475,3.546512876035525,3.546512876035525
DVST_XI_19-22_May_2025_22_09.34.36_trainee_37_camera target_2.csv,trainee,37,trainee__participant_37,camera_target,2,extra_trees,1,16.0,17.91834024501587,-1.9183402450158695,1.9183402450158695
DVST_XI_19-22_May_2025_22_09.34.36_trainee_41_camera target_2.csv,trainee,41,trainee__participant_41,camera_target,2,extra_trees,1,20.0,17.991193638848696,2.0088063611513043,2.0088063611513043
DVST_XI_7-11_Mar_2024_08_13.12.17_trainee_8_ring rollercoaster_1.csv,trainee,8,trainee__participant_8,ring_rollercoaster,1,extra_trees,1,12.0,16.936314036017034,-4.936314036017034,4.936314036017034
DVST_XI_7-11_Mar_2024_08_13.12.17_trainee_8_sea spikes_1.csv,trainee,8,trainee__participant_8,sea_spikes,1,extra_trees,1,18.0,16.905466267051793,1.0945337329482072,1.0945337329482072
DVST_XI_7-11_Mar_2024_09_10.19.01_trainee_8_camera target_1.csv,trainee,8,trainee__participant_8,camera_target,1,extra_trees,1,10.0,14.751868918384716,-4.751868918384716,4.751868918384716
DVST_XI_7-11_Mar_2024_09_10.19.01_trainee_8_glove cut_1.csv,trainee,8,trainee__participant_8,glove_cut,1,extra_trees,1,17.0,17.11648591441283,-0.11648591441283074,0.11648591441283074
DVST_XI_7-11_Mar_2024_09_13.46.11_trainee_8_suture_1.csv,trainee,8,trainee__participant_8,suture,1,extra_trees,1,17.0,18.1506412804801,-1.1506412804801016,1.1506412804801016
DVST_XI_Griffin_16-19_07_2024_16_08.46.09_trainee_12_glove cut_1.csv,trainee,12,trainee__participant_12,glove_cut,1,extra_trees,1,21.0,17.364192994485197,3.6358070055148026,3.6358070055148026
DVST_XI_Griffin_16-19_07_2024_16_08.46.09_trainee_12_ring rollercoaster_1.csv,trainee,12,trainee__participant_12,ring_rollercoaster,1,extra_trees,1,16.0,21.260176639170965,-5.260176639170965,5.260176639170965
DVST_XI_Griffin_16-19_07_2024_16_08.46.09_trainee_12_sea spikes_1.csv,trainee,12,trainee__participant_12,sea_spikes,1,extra_trees,1,12.0,19.646571666923865,-7.646571666923865,7.646571666923865
DVST_XI_Griffin_16-19_07_2024_16_08.46.09_trainee_12_suture_1.csv,trainee,12,trainee__participant_12,suture,1,extra_trees,1,20.0,23.067475750630823,-3.0674757506308232,3.0674757506308232
DVST_XI_Griffin_16-19_07_2024_17_12.20.23_trainee_12_camera target_1.csv,trainee,12,trainee__participant_12,camera_target,1,extra_trees,1,16.0,24.100435423350877,-8.100435423350877,8.100435423350877
DVST_XI_Griffin_16-19_07_2024_18_08.46.52_trainee_12_sea spikes_2.csv,trainee,12,trainee__participant_12,sea_spikes,2,extra_trees,1,19.0,23.89745713288494,-4.8974571328849414,4.8974571328849414
DVST_XI_Griffin_16-19_07_2024_18_08.46.52_trainee_12_suture_2.csv,trainee,12,trainee__participant_12,suture,2,extra_trees,1,28.0,26.68876262626263,1.3112373737373701,1.3112373737373701
DVST_XI_Griffin_16-19_07_2024_19_09.39.41_trainee_12_glove cut_2.csv,trainee,12,trainee__participant_12,glove_cut,2,extra_trees,1,20.0,18.72721770377355,1.272782296226449,1.272782296226449
DVST_XI_Griffin_29_sep-1_oct_2024_29_09.07.40_trainee_19_camera target_1.csv,trainee,19,trainee__participant_19,camera_target,1,extra_trees,1,17.0,16.268685266423688,0.7313147335763119,0.7313147335763119
DVST_XI_Griffin_29_sep-1_oct_2024_29_09.07.40_trainee_19_suture_1.csv,trainee,19,trainee__participant_19,suture,1,extra_trees,1,16.0,15.783275818966612,0.21672418103338842,0.21672418103338842
DVST_XI_Griffin_29_sep-1_oct_2024_30_12.18.00_trainee_19_glove cut_2.csv,trainee,19,trainee__participant_19,glove_cut,2,extra_trees,1,17.0,17.58257177566835,-0.5825717756683488,0.5825717756683488
DVST_XI_Griffin_29_sep-1_oct_2024_30_12.18.00_trainee_19_ring rollercoaster_2.csv,trainee,19,trainee__participant_19,ring_rollercoaster,2,extra_trees,1,22.0,16.845440358658546,5.154559641341454,5.154559641341454
DVST_XI_Griffin_29_sep-1_oct_2024_30_12.18.00_trainee_19_sea spikes_2.csv,trainee,19,trainee__participant_19,sea_spikes,2,extra_trees,1,21.0,20.019975407147186,0.9800245928528142,0.9800245928528142
DVST_XI_14-16_Feb_2024_14_09.13.16_trainee_1_camera target_1.csv,trainee,1,trainee__participant_1,camera_target,1,extra_trees,2,17.0,19.44772770106055,-2.4477277010605505,2.4477277010605505
DVST_XI_14-16_Feb_2024_14_09.13.16_trainee_1_suture_1.csv,trainee,1,trainee__participant_1,suture,1,extra_trees,2,19.0,17.35802099221326,1.641979007786741,1.641979007786741
DVST_XI_14-16_Feb_2024_14_09.13.16_trainee_3_camera target_1.csv,trainee,3,trainee__participant_3,camera_target,1,extra_trees,2,15.0,18.83922393989102,-3.8392239398910206,3.8392239398910206
DVST_XI_14-16_Feb_2024_14_09.13.16_trainee_3_glove cut_1.csv,trainee,3,trainee__participant_3,glove_cut,1,extra_trees,2,17.0,19.293934349030845,-2.2939343490308453,2.2939343490308453
DVST_XI_14-16_Feb_2024_14_09.13.16_trainee_3_ring rollercoaster_1.csv,trainee,3,trainee__participant_3,ring_rollercoaster,1,extra_trees,2,12.0,17.48090948195491,-5.48090948195491,5.48090948195491
DVST_XI_14-16_Feb_2024_14_09.13.16_trainee_3_sea spikes_1.csv,trainee,3,trainee__participant_3,sea_spikes,1,extra_trees,2,15.0,18.539881338908398,-3.5398813389083976,3.5398813389083976
DVST_XI_14-16_Feb_2024_14_09.13.16_trainee_3_suture_1.csv,trainee,3,trainee__participant_3,suture,1,extra_trees,2,19.0,18.19449937959665,0.8055006204033504,0.8055006204033504
DVST_XI_14-16_Feb_2024_16_08.32.59_trainee_1_camera target_2.csv,trainee,1,trainee__participant_1,camera_target,2,extra_trees,2,19.0,17.51412390178632,1.48587609821368,1.48587609821368
DVST_XI_14-16_Feb_2024_16_08.32.59_trainee_1_glove cut_2.csv,trainee,1,trainee__participant_1,glove_cut,2,extra_trees,2,19.0,17.19883056363712,1.8011694363628798,1.8011694363628798
DVST_XI_14-16_Feb_2024_16_08.32.59_trainee_1_sea spikes_2.csv,trainee,1,trainee__participant_1,sea_spikes,2,extra_trees,2,19.0,18.735110415981396,0.2648895840186043,0.2648895840186043
DVST_XI_14-16_Feb_2024_16_08.32.59_trainee_1_suture_2.csv,trainee,1,trainee__participant_1,suture,2,extra_trees,2,17.0,17.568638967816202,-0.5686389678162023,0.5686389678162023
DVST_XI_14-16_Feb_2024_16_08.32.59_trainee_3_camera target_2.csv,trainee,3,trainee__participant_3,camera_target,2,extra_trees,2,23.0,19.039883660443234,3.960116339556766,3.960116339556766
DVST_XI_14-16_Feb_2024_16_08.32.59_trainee_3_glove cut_2.csv,trainee,3,trainee__participant_3,glove_cut,2,extra_trees,2,19.0,18.84408477855496,0.15591522144503855,0.15591522144503855
DVST_XI_14-16_Feb_2024_16_08.32.59_trainee_3_ring rollercoaster_2.csv,trainee,3,trainee__participant_3,ring_rollercoaster,2,extra_trees,2,21.0,19.418256559278273,1.581743440721727,1.581743440721727
DVST_XI_14-16_Feb_2024_16_08.32.59_trainee_3_sea spikes_2.csv,trainee,3,trainee__participant_3,sea_spikes,2,extra_trees,2,17.0,19.306768669221437,-2.3067686692214373,2.3067686692214373
DVST_XI_14-16_Feb_2024_16_08.32.59_trainee_3_suture_2.csv,trainee,3,trainee__participant_3,suture,2,extra_trees,2,22.0,24.056233130354865,-2.0562331303548653,2.0562331303548653
DVST_XI_6-8_Mar_2025_06_10.41.14_trainee_34_camera target_1.csv,trainee,34,trainee__participant_34,camera_target,1,extra_trees,2,18.0,11.924190621348215,6.075809378651785,6.075809378651785
DVST_XI_6-8_Mar_2025_06_10.41.14_trainee_34_ring rollercoaster_1.csv,trainee,34,trainee__participant_34,ring_rollercoaster,1,extra_trees,2,14.0,15.455353372249172,-1.4553533722491725,1.4553533722491725
DVST_XI_6-8_Mar_2025_06_10.41.14_trainee_34_sea spikes_1.csv,trainee,34,trainee__participant_34,sea_spikes,1,extra_trees,2,14.0,14.559559564147813,-0.559559564147813,0.559559564147813
DVST_XI_6-8_Mar_2025_07_11.56.53_trainee_34_glove cut_1.csv,trainee,34,trainee__participant_34,glove_cut,1,extra_trees,2,12.0,15.061754410107866,-3.0617544101078664,3.0617544101078664
DVST_XI_6-8_Mar_2025_08_08.21.32_expert_3_camera target_1.csv,expert,3,expert__participant_3,camera_target,1,extra_trees,2,27.0,21.06853887503422,5.931461124965779,5.931461124965779
DVST_XI_6-8_Mar_2025_08_08.21.32_expert_3_suture_1.csv,expert,3,expert__participant_3,suture,1,extra_trees,2,28.0,20.79557487606087,7.2044251239391315,7.2044251239391315
DVST_XI_7-11_Mar_2024_08_13.12.17_trainee_6_ring rollercoaster_1.csv,trainee,6,trainee__participant_6,ring_rollercoaster,1,extra_trees,2,16.0,20.80875730390254,-4.808757303902539,4.808757303902539
DVST_XI_7-11_Mar_2024_08_13.12.17_trainee_6_sea spikes_1.csv,trainee,6,trainee__participant_6,sea_spikes,1,extra_trees,2,16.0,17.228333414198914,-1.2283334141989144,1.2283334141989144
DVST_XI_7-11_Mar_2024_09_10.19.01_trainee_6_glove cut_1.csv,trainee,6,trainee__participant_6,glove_cut,1,extra_trees,2,15.0,15.59077865594522,-0.5907786559452202,0.5907786559452202
DVST_XI_7-11_Mar_2024_09_13.46.11_trainee_6_suture_1.csv,trainee,6,trainee__participant_6,suture,1,extra_trees,2,12.0,18.566855375535688,-6.566855375535688,6.566855375535688
DVST_XI_Griffin_16-19_07_2024_16_08.46.09_trainee_15_glove cut_1.csv,trainee,15,trainee__participant_15,glove_cut,1,extra_trees,2,17.0,17.93674891106118,-0.93674891106118,0.93674891106118
DVST_XI_Griffin_16-19_07_2024_16_08.46.09_trainee_15_ring rollercoaster_1.csv,trainee,15,trainee__participant_15,ring_rollercoaster,1,extra_trees,2,18.0,19.920711770089767,-1.920711770089767,1.920711770089767
DVST_XI_Griffin_16-19_07_2024_16_08.46.09_trainee_15_sea spikes_1.csv,trainee,15,trainee__participant_15,sea_spikes,1,extra_trees,2,20.0,16.93342710631144,3.0665728936885586,3.0665728936885586
DVST_XI_Griffin_16-19_07_2024_16_08.46.09_trainee_15_suture_1.csv,trainee,15,trainee__participant_15,suture,1,extra_trees,2,15.0,18.364963100848964,-3.364963100848964,3.364963100848964
DVST_XI_Griffin_16-19_07_2024_17_12.20.23_trainee_15_camera target_1.csv,trainee,15,trainee__participant_15,camera_target,1,extra_trees,2,18.0,19.892183155643508,-1.892183155643508,1.892183155643508
DVST_XI_Griffin_16-19_07_2024_18_08.46.52_trainee_15_sea spikes_2.csv,trainee,15,trainee__participant_15,sea_spikes,2,extra_trees,2,23.0,21.602793551229368,1.397206448770632,1.397206448770632
DVST_XI_Griffin_16-19_07_2024_18_08.46.52_trainee_15_suture_2.csv,trainee,15,trainee__participant_15,suture,2,extra_trees,2,26.0,23.589488468153466,2.4105115318465344,2.4105115318465344
DVST_XI_Griffin_29_sep-1_oct_2024_29_09.07.40_trainee_17_camera target_1.csv,trainee,17,trainee__participant_17,camera_target,1,extra_trees,2,23.0,17.618504333157283,5.381495666842717,5.381495666842717
DVST_XI_Griffin_29_sep-1_oct_2024_29_09.07.40_trainee_17_suture_1.csv,trainee,17,trainee__participant_17,suture,1,extra_trees,2,15.0,18.465027334047715,-3.465027334047715,3.465027334047715
DVST_XI_Griffin_29_sep-1_oct_2024_30_12.18.00_trainee_17_glove cut_2.csv,trainee,17,trainee__participant_17,glove_cut,2,extra_trees,2,22.0,19.792393042777938,2.207606957222062,2.207606957222062
DVST_XI_Griffin_29_sep-1_oct_2024_30_12.18.00_trainee_17_ring rollercoaster_2.csv,trainee,17,trainee__participant_17,ring_rollercoaster,2,extra_trees,2,22.0,21.3430642139015,0.6569357860985008,0.6569357860985008
DVST_XI_Griffin_29_sep-1_oct_2024_30_12.18.00_trainee_17_sea spikes_2.csv,trainee,17,trainee__participant_17,sea_spikes,2,extra_trees,2,22.0,22.946875517911955,-0.9468755179119555,0.9468755179119555
DVST_XI_14-16_Feb_2024_14_09.13.16_trainee_2_camera target_1.csv,trainee,2,trainee__participant_2,camera_target,1,extra_trees,3,17.0,14.617424242424244,2.382575757575756,2.382575757575756
DVST_XI_14-16_Feb_2024_14_09.13.16_trainee_2_glove cut_1.csv,trainee,2,trainee__participant_2,glove_cut,1,extra_trees,3,13.0,18.379103535353536,-5.379103535353536,5.379103535353536
DVST_XI_14-16_Feb_2024_14_09.13.16_trainee_2_ring rollercoaster_1.csv,trainee,2,trainee__participant_2,ring_rollercoaster,1,extra_trees,3,14.0,17.940656565656578,-3.940656565656578,3.940656565656578
DVST_XI_14-16_Feb_2024_14_09.13.16_trainee_2_sea spikes_1.csv,trainee,2,trainee__participant_2,sea_spikes,1,extra_trees,3,15.0,19.231691919191924,-4.231691919191924,4.231691919191924
DVST_XI_14-16_Feb_2024_14_09.13.16_trainee_2_suture_1.csv,trainee,2,trainee__participant_2,suture,1,extra_trees,3,19.0,18.66224747474747,0.3377525252525295,0.3377525252525295
DVST_XI_14-16_Feb_2024_14_09.13.16_trainee_4_camera target_1.csv,trainee,4,trainee__participant_4,camera_target,1,extra_trees,3,16.0,17.102904040404045,-1.102904040404045,1.102904040404045
DVST_XI_14-16_Feb_2024_14_09.13.16_trainee_4_glove cut_1.csv,trainee,4,trainee__participant_4,glove_cut,1,extra_trees,3,23.0,18.142045454545453,4.857954545454547,4.857954545454547
DVST_XI_14-16_Feb_2024_14_09.13.16_trainee_4_ring rollercoaster_1.csv,trainee,4,trainee__participant_4,ring_rollercoaster,1,extra_trees,3,14.0,17.92866161616161,-3.928661616161609,3.928661616161609
DVST_XI_14-16_Feb_2024_14_09.13.16_trainee_4_sea spikes_1.csv,trainee,4,trainee__participant_4,sea_spikes,1,extra_trees,3,18.0,16.613952020202028,1.3860479797979721,1.3860479797979721
DVST_XI_14-16_Feb_2024_14_09.13.16_trainee_4_suture_1.csv,trainee,4,trainee__participant_4,suture,1,extra_trees,3,18.0,18.77777777777778,-0.7777777777777786,0.7777777777777786
DVST_XI_14-16_Feb_2024_16_08.32.59_trainee_2_camera target_2.csv,trainee,2,trainee__participant_2,camera_target,2,extra_trees,3,16.0,19.679292929292938,-3.679292929292938,3.679292929292938
DVST_XI_14-16_Feb_2024_16_08.32.59_trainee_2_glove cut_2.csv,trainee,2,trainee__participant_2,glove_cut,2,extra_trees,3,19.0,18.0653409090909,0.9346590909091006,0.9346590909091006
DVST_XI_14-16_Feb_2024_16_08.32.59_trainee_2_ring rollercoaster_2.csv,trainee,2,trainee__participant_2,ring_rollercoaster,2,extra_trees,3,21.0,16.300820707070717,4.6991792929292835,4.6991792929292835
DVST_XI_14-16_Feb_2024_16_08.32.59_trainee_2_sea spikes_2.csv,trainee,2,trainee__participant_2,sea_spikes,2,extra_trees,3,17.0,17.1903409090909,-0.1903409090908994,0.1903409090908994
DVST_XI_14-16_Feb_2024_16_08.32.59_trainee_2_suture_2.csv,trainee,2,trainee__participant_2,suture,2,extra_trees,3,22.0,22.416035353535342,-0.41603535353534227,0.41603535353534227
DVST_XI_14-16_Feb_2024_16_08.32.59_trainee_4_camera target_2.csv,trainee,4,trainee__participant_4,camera_target,2,extra_trees,3,23.0,19.292613636363654,3.7073863636363455,3.7073863636363455
DVST_XI_19-22_May_2025_22_09.34.36_trainee_40_camera target_2.csv,trainee,40,trainee__participant_40,camera_target,2,extra_trees,3,24.0,25.22979797979799,-1.2297979797979899,1.2297979797979899
DVST_XI_19-22_May_2025_22_09.34.36_trainee_42_camera target_2.csv,trainee,42,trainee__participant_42,camera_target,2,extra_trees,3,19.0,18.688446969696972,0.3115530303030276,0.3115530303030276
DVST_XI_6-8_Mar_2025_06_10.41.14_trainee_32_camera target_1.csv,trainee,32,trainee__participant_32,camera_target,1,extra_trees,3,20.0,20.348484848484848,-0.34848484848484773,0.34848484848484773
DVST_XI_6-8_Mar_2025_06_10.41.14_trainee_32_ring rollercoaster_1.csv,trainee,32,trainee__participant_32,ring_rollercoaster,1,extra_trees,3,17.0,16.33585858585858,0.6641414141414188,0.6641414141414188
DVST_XI_6-8_Mar_2025_06_10.41.14_trainee_32_sea spikes_1.csv,trainee,32,trainee__participant_32,sea_spikes,1,extra_trees,3,14.0,25.259154040404034,-11.259154040404034,11.259154040404034
DVST_XI_6-8_Mar_2025_07_11.56.53_trainee_32_glove cut_1.csv,trainee,32,trainee__participant_32,glove_cut,1,extra_trees,3,13.0,19.636679292929298,-6.636679292929298,6.636679292929298
DVST_XI_7-11_Mar_2024_08_13.12.17_trainee_11_ring rollercoaster_1.csv,trainee,11,trainee__participant_11,ring_rollercoaster,1,extra_trees,3,18.0,18.61363636363636,-0.6136363636363598,0.6136363636363598
DVST_XI_7-11_Mar_2024_08_13.12.17_trainee_11_sea spikes_1.csv,trainee,11,trainee__participant_11,sea_spikes,1,extra_trees,3,18.0,19.24526515151515,-1.2452651515151487,1.2452651515151487
DVST_XI_7-11_Mar_2024_08_13.12.17_trainee_7_ring rollercoaster_1.csv,trainee,7,trainee__participant_7,ring_rollercoaster,1,extra_trees,3,15.0,16.92108585858587,-1.9210858585858688,1.9210858585858688
DVST_XI_7-11_Mar_2024_08_13.12.17_trainee_7_sea spikes_1.csv,trainee,7,trainee__participant_7,sea_spikes,1,extra_trees,3,19.0,16.64993686868687,2.3500631313131315,2.3500631313131315
DVST_XI_7-11_Mar_2024_09_10.19.01_trainee_11_camera target_1.csv,trainee,11,trainee__participant_11,camera_target,1,extra_trees,3,10.0,13.795138888888888,-3.7951388888888875,3.7951388888888875
DVST_XI_7-11_Mar_2024_09_10.19.01_trainee_11_glove cut_1.csv,trainee,11,trainee__participant_11,glove_cut,1,extra_trees,3,18.0,18.276515151515156,-0.2765151515151558,0.2765151515151558
DVST_XI_7-11_Mar_2024_09_10.19.01_trainee_7_camera target_1.csv,trainee,7,trainee__participant_7,camera_target,1,extra_trees,3,17.0,17.893623737373744,-0.8936237373737441,0.8936237373737441
DVST_XI_7-11_Mar_2024_09_10.19.01_trainee_7_glove cut_1.csv,trainee,7,trainee__participant_7,glove_cut,1,extra_trees,3,15.0,17.2572601010101,-2.2572601010101003,2.2572601010101003
DVST_XI_7-11_Mar_2024_09_13.46.11_trainee_11_suture_1.csv,trainee,11,trainee__participant_11,suture,1,extra_trees,3,18.0,18.125631313131304,-0.12563131313130427,0.12563131313130427
DVST_XI_7-11_Mar_2024_09_13.46.11_trainee_7_suture_1.csv,trainee,7,trainee__participant_7,suture,1,extra_trees,3,17.0,17.966856060606062,-0.9668560606060623,0.9668560606060623
DVST_XI_Griffin_29_sep-1_oct_2024_29_09.07.40_trainee_21_camera target_1.csv,trainee,21,trainee__participant_21,camera_target,1,extra_trees,3,19.0,18.55681818181818,0.4431818181818201,0.4431818181818201
DVST_XI_Griffin_29_sep-1_oct_2024_29_09.07.40_trainee_21_suture_1.csv,trainee,21,trainee__participant_21,suture,1,extra_trees,3,18.0,16.27714646464646,1.72285353535354,1.72285353535354
DVST_XI_Griffin_29_sep-1_oct_2024_30_12.18.00_trainee_21_glove cut_2.csv,trainee,21,trainee__participant_21,glove_cut,2,extra_trees,3,25.0,20.744002525252522,4.255997474747478,4.255997474747478
DVST_XI_Griffin_29_sep-1_oct_2024_30_12.18.00_trainee_21_ring rollercoaster_2.csv,trainee,21,trainee__participant_21,ring_rollercoaster,2,extra_trees,3,22.0,19.71275252525253,2.2872474747474705,2.2872474747474705
DVST_XI_Griffin_29_sep-1_oct_2024_30_12.18.00_trainee_21_sea spikes_2.csv,trainee,21,trainee__participant_21,sea_spikes,2,extra_trees,3,22.0,21.01136363636364,0.9886363636363598,0.9886363636363598
DVST_XI_Griffin_29_sep-1_oct_2024_30_12.18.00_trainee_21_suture_2.csv,trainee,21,trainee__participant_21,suture,2,extra_trees,3,23.0,20.751578282828273,2.248421717171727,2.248421717171727
DVST_XI_19-22_May_2025_22_09.34.36_trainee_39_camera target_2.csv,trainee,39,trainee__participant_39,camera_target,2,extra_trees,4,19.0,24.201845238095245,-5.201845238095245,5.201845238095245
DVST_XI_6-8_Mar_2025_06_10.41.14_trainee_33_camera target_1.csv,trainee,33,trainee__participant_33,camera_target,1,extra_trees,4,23.0,21.365357142857135,1.6346428571428646,1.6346428571428646
DVST_XI_6-8_Mar_2025_06_10.41.14_trainee_33_ring rollercoaster_1.csv,trainee,33,trainee__participant_33,ring_rollercoaster,1,extra_trees,4,21.0,19.500119047619044,1.4998809523809555,1.4998809523809555
DVST_XI_6-8_Mar_2025_06_10.41.14_trainee_33_sea spikes_1.csv,trainee,33,trainee__participant_33,sea_spikes,1,extra_trees,4,16.0,19.132380952380956,-3.132380952380956,3.132380952380956
DVST_XI_6-8_Mar_2025_06_10.41.14_trainee_35_ring rollercoaster_1.csv,trainee,35,trainee__participant_35,ring_rollercoaster,1,extra_trees,4,18.0,15.602738095238092,2.3972619047619084,2.3972619047619084
DVST_XI_6-8_Mar_2025_06_10.41.14_trainee_35_sea spikes_1.csv,trainee,35,trainee__participant_35,sea_spikes,1,extra_trees,4,15.0,15.663809523809524,-0.6638095238095243,0.6638095238095243
DVST_XI_6-8_Mar_2025_06_10.41.14_trainee_36_ring rollercoaster_1.csv,trainee,36,trainee__participant_36,ring_rollercoaster,1,extra_trees,4,19.0,16.689047619047624,2.3109523809523758,2.3109523809523758
DVST_XI_6-8_Mar_2025_06_10.41.14_trainee_36_sea spikes_1.csv,trainee,36,trainee__participant_36,sea_spikes,1,extra_trees,4,16.0,15.79422619047619,0.2057738095238104,0.2057738095238104
DVST_XI_6-8_Mar_2025_07_11.56.53_trainee_33_camera target_2.csv,trainee,33,trainee__participant_33,camera_target,2,extra_trees,4,19.0,19.946488095238085,-0.9464880952380845,0.9464880952380845
DVST_XI_6-8_Mar_2025_07_11.56.53_trainee_33_glove cut_1.csv,trainee,33,trainee__participant_33,glove_cut,1,extra_trees,4,18.0,18.889285714285716,-0.889285714285716,0.889285714285716
DVST_XI_6-8_Mar_2025_07_11.56.53_trainee_33_sea spikes_2.csv,trainee,33,trainee__participant_33,sea_spikes,2,extra_trees,4,20.0,17.87345238095238,2.1265476190476207,2.1265476190476207
DVST_XI_6-8_Mar_2025_07_11.56.53_trainee_35_camera target_2.csv,trainee,35,trainee__participant_35,camera_target,2,extra_trees,4,18.0,21.44654761904762,-3.446547619047621,3.446547619047621
DVST_XI_6-8_Mar_2025_07_11.56.53_trainee_35_glove cut_1.csv,trainee,35,trainee__participant_35,glove_cut,1,extra_trees,4,16.0,19.36624999999999,-3.36624999999999,3.36624999999999
DVST_XI_6-8_Mar_2025_07_11.56.53_trainee_35_sea spikes_2.csv,trainee,35,trainee__participant_35,sea_spikes,2,extra_trees,4,21.0,20.237142857142846,0.762857142857154,0.762857142857154
DVST_XI_6-8_Mar_2025_07_11.56.53_trainee_36_glove cut_1.csv,trainee,36,trainee__participant_36,glove_cut,1,extra_trees,4,18.0,18.55357142857143,-0.5535714285714306,0.5535714285714306
DVST_XI_7-11_Jul_2025_10_09.40.17_expert_6_camera target_1.csv,expert,6,expert__participant_6,camera_target,1,extra_trees,4,25.0,23.512738095238085,1.4872619047619153,1.4872619047619153
DVST_XI_7-11_Jul_2025_10_09.40.17_expert_6_suture_1.csv,expert,6,expert__participant_6,suture,1,extra_trees,4,26.0,23.399821428571432,2.600178571428568,2.600178571428568
DVST_XI_7-11_Mar_2024_08_13.12.17_trainee_10_ring rollercoaster_1.csv,trainee,10,trainee__participant_10,ring_rollercoaster,1,extra_trees,4,14.0,18.095535714285713,-4.095535714285713,4.095535714285713
DVST_XI_7-11_Mar_2024_08_13.12.17_trainee_10_sea spikes_1.csv,trainee,10,trainee__participant_10,sea_spikes,1,extra_trees,4,22.0,15.589642857142861,6.410357142857139,6.410357142857139
DVST_XI_7-11_Mar_2024_09_10.19.01_trainee_10_camera target_1.csv,trainee,10,trainee__participant_10,camera_target,1,extra_trees,4,14.0,19.189821428571427,-5.1898214285714275,5.1898214285714275
DVST_XI_7-11_Mar_2024_09_10.19.01_trainee_10_glove cut_1.csv,trainee,10,trainee__participant_10,glove_cut,1,extra_trees,4,18.0,15.3397619047619,2.6602380952380997,2.6602380952380997
DVST_XI_7-11_Mar_2024_09_13.46.11_trainee_10_suture_1.csv,trainee,10,trainee__participant_10,suture,1,extra_trees,4,19.0,18.150416666666672,0.849583333333328,0.849583333333328
DVST_XI_Griffin_16-19_07_2024_16_08.46.09_trainee_16_glove cut_1.csv,trainee,16,trainee__participant_16,glove_cut,1,extra_trees,4,15.0,17.086785714285718,-2.0867857142857176,2.0867857142857176
DVST_XI_Griffin_16-19_07_2024_16_08.46.09_trainee_16_ring rollercoaster_1.csv,trainee,16,trainee__participant_16,ring_rollercoaster,1,extra_trees,4,20.0,16.73875,3.2612500000000004,3.2612500000000004
DVST_XI_Griffin_16-19_07_2024_16_08.46.09_trainee_16_sea spikes_1.csv,trainee,16,trainee__participant_16,sea_spikes,1,extra_trees,4,16.0,16.003035714285712,-0.0030357142857120323,0.0030357142857120323
DVST_XI_Griffin_16-19_07_2024_16_08.46.09_trainee_16_suture_1.csv,trainee,16,trainee__participant_16,suture,1,extra_trees,4,21.0,15.880119047619042,5.119880952380958,5.119880952380958
DVST_XI_Griffin_16-19_07_2024_17_12.20.23_trainee_16_camera target_1.csv,trainee,16,trainee__participant_16,camera_target,1,extra_trees,4,23.0,19.337619047619064,3.6623809523809356,3.6623809523809356
DVST_XI_Griffin_16-19_07_2024_17_12.20.23_trainee_16_ring rollercoaster_2.csv,trainee,16,trainee__participant_16,ring_rollercoaster,2,extra_trees,4,23.0,18.332142857142852,4.667857142857148,4.667857142857148
DVST_XI_Griffin_16-19_07_2024_18_08.46.52_trainee_16_sea spikes_2.csv,trainee,16,trainee__participant_16,sea_spikes,2,extra_trees,4,21.0,20.617142857142856,0.38285714285714434,0.38285714285714434
DVST_XI_Griffin_16-19_07_2024_18_08.46.52_trainee_16_suture_2.csv,trainee,16,trainee__participant_16,suture,2,extra_trees,4,29.0,25.34619047619047,3.6538095238095316,3.6538095238095316
DVST_XI_Griffin_16-19_07_2024_19_09.39.41_trainee_16_camera target_2.csv,trainee,16,trainee__participant_16,camera_target,2,extra_trees,4,23.0,20.432738095238097,2.567261904761903,2.567261904761903
DVST_XI_Griffin_16-19_07_2024_19_09.39.41_trainee_16_glove cut_2.csv,trainee,16,trainee__participant_16,glove_cut,2,extra_trees,4,24.0,18.67285714285714,5.32714285714286,5.32714285714286
DVST_XI_Griffin_29_sep-1_oct_2024_29_09.07.40_trainee_18_camera target_1.csv,trainee,18,trainee__participant_18,camera_target,1,extra_trees,4,19.0,19.77607142857143,-0.7760714285714307,0.7760714285714307
DVST_XI_Griffin_29_sep-1_oct_2024_29_09.07.40_trainee_18_suture_1.csv,trainee,18,trainee__participant_18,suture,1,extra_trees,4,12.0,18.373392857142864,-6.373392857142864,6.373392857142864
DVST_XI_Griffin_29_sep-1_oct_2024_30_12.18.00_trainee_18_glove cut_2.csv,trainee,18,trainee__participant_18,glove_cut,2,extra_trees,4,22.0,21.549226190476173,0.4507738095238274,0.4507738095238274
DVST_XI_Griffin_29_sep-1_oct_2024_30_12.18.00_trainee_18_ring rollercoaster_2.csv,trainee,18,trainee__participant_18,ring_rollercoaster,2,extra_trees,4,24.0,20.544285714285706,3.4557142857142935,3.4557142857142935
DVST_XI_Griffin_29_sep-1_oct_2024_30_12.18.00_trainee_18_sea spikes_2.csv,trainee,18,trainee__participant_18,sea_spikes,2,extra_trees,4,22.0,21.03964285714286,0.9603571428571414,0.9603571428571414
DVST_XI_Griffin_29_sep-1_oct_2024_30_12.18.00_trainee_18_suture_2.csv,trainee,18,trainee__participant_18,suture,2,extra_trees,4,22.0,20.123333333333324,1.8766666666666758,1.8766666666666758
DVST_XI_10-13_Nov_2025_12_10.36.46_expert_9_camera target_1.csv,expert,9,expert__participant_9,camera_target,1,extra_trees,5,28.0,22.404814233385643,5.595185766614357,5.595185766614357
DVST_XI_10-13_Nov_2025_12_10.36.46_expert_9_glove cut_1.csv,expert,9,expert__participant_9,glove_cut,1,extra_trees,5,29.0,22.056767835339276,6.943232164660724,6.943232164660724
DVST_XI_10-13_Nov_2025_12_10.36.46_expert_9_ring rollercoaster_1.csv,expert,9,expert__participant_9,ring_rollercoaster,1,extra_trees,5,29.0,23.146537589394725,5.853462410605275,5.853462410605275
DVST_XI_10-13_Nov_2025_12_10.36.46_expert_9_sea spikes_1.csv,expert,9,expert__participant_9,sea_spikes,1,extra_trees,5,29.0,21.98441915227629,7.015580847723712,7.015580847723712
DVST_XI_10-13_Nov_2025_12_10.36.46_expert_9_suture_1.csv,expert,9,expert__participant_9,suture,1,extra_trees,5,28.0,24.91800104657247,3.0819989534275294,3.0819989534275294
DVST_XI_19-22_May_2025_21_09.43.23_expert_5_camera target_1.csv,expert,5,expert__participant_5,camera_target,1,extra_trees,5,30.0,21.491082330368034,8.508917669631966,8.508917669631966
DVST_XI_19-22_May_2025_21_09.43.23_expert_5_suture_1.csv,expert,5,expert__participant_5,suture,1,extra_trees,5,29.0,22.481615210186636,6.518384789813364,6.518384789813364
DVST_XI_19-22_May_2025_22_09.34.36_trainee_38_camera target_2.csv,trainee,38,trainee__participant_38,camera_target,2,extra_trees,5,22.0,25.817538810395945,-3.817538810395945,3.817538810395945
DVST_XI_6-8_Mar_2025_06_10.41.14_trainee_31_ring rollercoaster_1.csv,trainee,31,trainee__participant_31,ring_rollercoaster,1,extra_trees,5,15.0,17.439490668062103,-2.4394906680621027,2.4394906680621027
DVST_XI_6-8_Mar_2025_06_10.41.14_trainee_31_sea spikes_1.csv,trainee,31,trainee__participant_31,sea_spikes,1,extra_trees,5,13.0,17.103462410605285,-4.103462410605285,4.103462410605285
DVST_XI_6-8_Mar_2025_07_11.56.53_trainee_31_glove cut_1.csv,trainee,31,trainee__participant_31,glove_cut,1,extra_trees,5,16.0,18.14014477585906,-2.14014477585906,2.14014477585906
DVST_XI_7-11_Mar_2024_08_13.12.17_trainee_9_ring rollercoaster_1.csv,trainee,9,trainee__participant_9,ring_rollercoaster,1,extra_trees,5,14.0,18.839403453689172,-4.839403453689172,4.839403453689172
DVST_XI_7-11_Mar_2024_08_13.12.17_trainee_9_sea spikes_1.csv,trainee,9,trainee__participant_9,sea_spikes,1,extra_trees,5,18.0,18.28128379556951,-0.2812837955695109,0.2812837955695109
DVST_XI_7-11_Mar_2024_09_10.19.01_trainee_9_camera target_1.csv,trainee,9,trainee__participant_9,camera_target,1,extra_trees,5,19.0,19.734515088086514,-0.7345150880865141,0.7345150880865141
DVST_XI_7-11_Mar_2024_09_10.19.01_trainee_9_glove cut_1.csv,trainee,9,trainee__participant_9,glove_cut,1,extra_trees,5,18.0,17.95184894470609,0.048151055293910616,0.048151055293910616
DVST_XI_7-11_Mar_2024_09_13.46.11_trainee_9_suture_1.csv,trainee,9,trainee__participant_9,suture,1,extra_trees,5,16.0,17.64454910169194,-1.6445491016919398,1.6445491016919398
DVST_XI_Griffin_16-19_07_2024_16_08.46.09_trainee_14_glove cut_1.csv,trainee,14,trainee__participant_14,glove_cut,1,extra_trees,5,11.0,17.94872667015525,-6.948726670155249,6.948726670155249
DVST_XI_Griffin_16-19_07_2024_16_08.46.09_trainee_14_ring rollercoaster_1.csv,trainee,14,trainee__participant_14,ring_rollercoaster,1,extra_trees,5,16.0,20.215184022326866,-4.215184022326866,4.215184022326866
DVST_XI_Griffin_16-19_07_2024_16_08.46.09_trainee_14_sea spikes_1.csv,trainee,14,trainee__participant_14,sea_spikes,1,extra_trees,5,12.0,14.217992325135194,-2.217992325135194,2.217992325135194
DVST_XI_Griffin_16-19_07_2024_16_08.46.09_trainee_14_suture_1.csv,trainee,14,trainee__participant_14,suture,1,extra_trees,5,15.0,19.160605267748135,-4.160605267748135,4.160605267748135
DVST_XI_Griffin_16-19_07_2024_17_12.20.23_trainee_13_camera target_1.csv,trainee,13,trainee__participant_13,camera_target,1,extra_trees,5,19.0,20.46981510552939,-1.4698151055293884,1.4698151055293884
DVST_XI_Griffin_16-19_07_2024_17_12.20.23_trainee_13_glove cut_1.csv,trainee,13,trainee__participant_13,glove_cut,1,extra_trees,5,23.0,18.428458049886626,4.5715419501133745,4.5715419501133745
DVST_XI_Griffin_16-19_07_2024_17_12.20.23_trainee_13_ring rollercoaster_1.csv,trainee,13,trainee__participant_13,ring_rollercoaster,1,extra_trees,5,17.0,20.603606314320587,-3.6036063143205865,3.6036063143205865
DVST_XI_Griffin_16-19_07_2024_17_12.20.23_trainee_13_ring rollercoaster_2.csv,trainee,13,trainee__participant_13,ring_rollercoaster,2,extra_trees,5,22.0,19.693650793650786,2.306349206349214,2.306349206349214
DVST_XI_Griffin_16-19_07_2024_17_12.20.23_trainee_13_sea spikes_1.csv,trainee,13,trainee__participant_13,sea_spikes,1,extra_trees,5,17.0,19.14697366125938,-2.1469736612593806,2.1469736612593806
DVST_XI_Griffin_16-19_07_2024_17_12.20.23_trainee_13_suture_1.csv,trainee,13,trainee__participant_13,suture,1,extra_trees,5,23.0,18.436255014826465,4.563744985173535,4.563744985173535
DVST_XI_Griffin_16-19_07_2024_17_12.20.23_trainee_14_camera target_1.csv,trainee,14,trainee__participant_14,camera_target,1,extra_trees,5,14.0,16.04131344845631,-2.041313448456311,2.041313448456311
DVST_XI_Griffin_16-19_07_2024_18_08.46.52_trainee_13_sea spikes_2.csv,trainee,13,trainee__participant_13,sea_spikes,2,extra_trees,5,21.0,23.576504447933015,-2.576504447933015,2.576504447933015
DVST_XI_Griffin_16-19_07_2024_18_08.46.52_trainee_13_suture_2.csv,trainee,13,trainee__participant_13,suture,2,extra_trees,5,28.0,24.281135531135533,3.718864468864467,3.718864468864467
DVST_XI_Griffin_16-19_07_2024_18_08.46.52_trainee_14_sea spikes_2.csv,trainee,14,trainee__participant_14,sea_spikes,2,extra_trees,5,20.0,19.871376242804818,0.12862375719518226,0.12862375719518226
DVST_XI_Griffin_16-19_07_2024_18_08.46.52_trainee_14_suture_2.csv,trainee,14,trainee__participant_14,suture,2,extra_trees,5,29.0,25.873390894819465,3.1266091051805347,3.1266091051805347
DVST_XI_Griffin_16-19_07_2024_19_09.39.41_trainee_13_camera target_2.csv,trainee,13,trainee__participant_13,camera_target,2,extra_trees,5,17.0,21.743118785975923,-4.743118785975923,4.743118785975923
DVST_XI_Griffin_16-19_07_2024_19_09.39.41_trainee_14_glove cut_2.csv,trainee,14,trainee__participant_14,glove_cut,2,extra_trees,5,18.0,17.845124716553293,0.15487528344670665,0.15487528344670665
DVST_XI_Griffin_29_sep-1_oct_2024_29_09.07.40_trainee_20_camera target_1.csv,trainee,20,trainee__participant_20,camera_target,1,extra_trees,5,15.0,16.895648002790846,-1.8956480027908462,1.8956480027908462
DVST_XI_Griffin_29_sep-1_oct_2024_29_09.07.40_trainee_20_suture_1.csv,trainee,20,trainee__participant_20,suture,1,extra_trees,5,13.0,17.075370661084936,-4.075370661084936,4.075370661084936
DVST_XI_Griffin_29_sep-1_oct_2024_30_12.18.00_trainee_20_glove cut_2.csv,trainee,20,trainee__participant_20,glove_cut,2,extra_trees,5,17.0,18.236865515436953,-1.2368655154369534,1.2368655154369534
DVST_XI_Griffin_29_sep-1_oct_2024_30_12.18.00_trainee_20_ring rollercoaster_2.csv,trainee,20,trainee__participant_20,ring_rollercoaster,2,extra_trees,5,21.0,19.81623931623932,1.1837606837606813,1.1837606837606813
DVST_XI_Griffin_29_sep-1_oct_2024_30_12.18.00_trainee_20_sea spikes_2.csv,trainee,20,trainee__participant_20,sea_spikes,2,extra_trees,5,21.0,20.68625501482646,0.313744985173539,0.313744985173539
DVST_XI_10-13_Nov_2025_12_10.36.46_expert_10_camera target_1.csv,expert,10,expert__participant_10,camera_target,1,hist_gradient_boosting,1,30.0,25.35162618083211,4.64837381916789,4.64837381916789
DVST_XI_10-13_Nov_2025_12_10.36.46_expert_10_glove cut_1.csv,expert,10,expert__participant_10,glove_cut,1,hist_gradient_boosting,1,28.0,24.902409231174587,3.0975907688254125,3.0975907688254125
DVST_XI_10-13_Nov_2025_12_10.36.46_expert_10_ring rollercoaster_1.csv,expert,10,expert__participant_10,ring_rollercoaster,1,hist_gradient_boosting,1,29.0,24.06621893967207,4.933781060327931,4.933781060327931
DVST_XI_10-13_Nov_2025_12_10.36.46_expert_10_sea spikes_1.csv,expert,10,expert__participant_10,sea_spikes,1,hist_gradient_boosting,1,29.0,23.288934547104454,5.7110654528955465,5.7110654528955465
DVST_XI_10-13_Nov_2025_12_10.36.46_expert_10_suture_1.csv,expert,10,expert__participant_10,suture,1,hist_gradient_boosting,1,30.0,26.71710476151073,3.282895238489271,3.282895238489271
DVST_XI_11-14_Aug_2025_13_11.33.24_expert_7_camera target_1.csv,expert,7,expert__participant_7,camera_target,1,hist_gradient_boosting,1,28.0,24.81342603086557,3.186573969134429,3.186573969134429
DVST_XI_11-14_Aug_2025_13_11.33.24_expert_7_suture_1.csv,expert,7,expert__participant_7,suture,1,hist_gradient_boosting,1,29.0,23.40018016145544,5.599819838544558,5.599819838544558
DVST_XI_11-14_Aug_2025_14_10.45.28_expert_8_camera target_1.csv,expert,8,expert__participant_8,camera_target,1,hist_gradient_boosting,1,28.0,23.463102438899995,4.536897561100005,4.536897561100005
DVST_XI_11-14_Aug_2025_14_10.45.28_expert_8_suture_1.csv,expert,8,expert__participant_8,suture,1,hist_gradient_boosting,1,29.0,25.851051888828582,3.1489481111714177,3.1489481111714177
DVST_XI_14-16_Feb_2024_14_09.13.16_trainee_5_camera target_1.csv,trainee,5,trainee__participant_5,camera_target,1,hist_gradient_boosting,1,7.0,18.38306636224731,-11.383066362247309,11.383066362247309
DVST_XI_14-16_Feb_2024_14_09.13.16_trainee_5_glove cut_1.csv,trainee,5,trainee__participant_5,glove_cut,1,hist_gradient_boosting,1,11.0,16.210647139955803,-5.210647139955803,5.210647139955803
DVST_XI_14-16_Feb_2024_14_09.13.16_trainee_5_ring rollercoaster_1.csv,trainee,5,trainee__participant_5,ring_rollercoaster,1,hist_gradient_boosting,1,17.0,15.058278236609775,1.941721763390225,1.941721763390225
DVST_XI_14-16_Feb_2024_14_09.13.16_trainee_5_sea spikes_1.csv,trainee,5,trainee__participant_5,sea_spikes,1,hist_gradient_boosting,1,16.0,16.149144297970825,-0.14914429797082462,0.14914429797082462
DVST_XI_14-16_Feb_2024_14_09.13.16_trainee_5_suture_1.csv,trainee,5,trainee__participant_5,suture,1,hist_gradient_boosting,1,16.0,14.45830758734104,1.5416924126589606,1.5416924126589606
DVST_XI_14-16_Feb_2024_16_08.32.59_trainee_5_camera target_2.csv,trainee,5,trainee__participant_5,camera_target,2,hist_gradient_boosting,1,21.0,18.955363665803105,2.0446363341968947,2.0446363341968947
DVST_XI_14-16_Feb_2024_16_08.32.59_trainee_5_glove cut_2.csv,trainee,5,trainee__participant_5,glove_cut,2,hist_gradient_boosting,1,19.0,15.864207327330957,3.1357926726690426,3.1357926726690426
DVST_XI_14-16_Feb_2024_16_08.32.59_trainee_5_ring rollercoaster_2.csv,trainee,5,trainee__participant_5,ring_rollercoaster,2,hist_gradient_boosting,1,23.0,12.857979821628295,10.142020178371705,10.142020178371705
DVST_XI_14-16_Feb_2024_16_08.32.59_trainee_5_sea spikes_2.csv,trainee,5,trainee__participant_5,sea_spikes,2,hist_gradient_boosting,1,21.0,22.346847070643804,-1.346847070643804,1.346847070643804
DVST_XI_14-16_Feb_2024_16_08.32.59_trainee_5_suture_2.csv,trainee,5,trainee__participant_5,suture,2,hist_gradient_boosting,1,21.0,16.287380948024772,4.712619051975228,4.712619051975228
DVST_XI_19-22_May_2025_22_09.34.36_trainee_37_camera target_2.csv,trainee,37,trainee__participant_37,camera_target,2,hist_gradient_boosting,1,16.0,18.767320587308415,-2.767320587308415,2.767320587308415
DVST_XI_19-22_May_2025_22_09.34.36_trainee_41_camera target_2.csv,trainee,41,trainee__participant_41,camera_target,2,hist_gradient_boosting,1,20.0,15.939579202202106,4.060420797797894,4.060420797797894
DVST_XI_7-11_Mar_2024_08_13.12.17_trainee_8_ring rollercoaster_1.csv,trainee,8,trainee__participant_8,ring_rollercoaster,1,hist_gradient_boosting,1,12.0,16.80579299079322,-4.805792990793218,4.805792990793218
DVST_XI_7-11_Mar_2024_08_13.12.17_trainee_8_sea spikes_1.csv,trainee,8,trainee__participant_8,sea_spikes,1,hist_gradient_boosting,1,18.0,16.743517535485392,1.2564824645146082,1.2564824645146082
DVST_XI_7-11_Mar_2024_09_10.19.01_trainee_8_camera target_1.csv,trainee,8,trainee__participant_8,camera_target,1,hist_gradient_boosting,1,10.0,15.350345953517824,-5.350345953517824,5.350345953517824
DVST_XI_7-11_Mar_2024_09_10.19.01_trainee_8_glove cut_1.csv,trainee,8,trainee__participant_8,glove_cut,1,hist_gradient_boosting,1,17.0,17.20354416791472,-0.20354416791472119,0.20354416791472119
DVST_XI_7-11_Mar_2024_09_13.46.11_trainee_8_suture_1.csv,trainee,8,trainee__participant_8,suture,1,hist_gradient_boosting,1,17.0,18.645950374642535,-1.6459503746425348,1.6459503746425348
DVST_XI_Griffin_16-19_07_2024_16_08.46.09_trainee_12_glove cut_1.csv,trainee,12,trainee__participant_12,glove_cut,1,hist_gradient_boosting,1,21.0,18.284603151441523,2.715396848558477,2.715396848558477
DVST_XI_Griffin_16-19_07_2024_16_08.46.09_trainee_12_ring rollercoaster_1.csv,trainee,12,trainee__participant_12,ring_rollercoaster,1,hist_gradient_boosting,1,16.0,23.047915292182225,-7.047915292182225,7.047915292182225
DVST_XI_Griffin_16-19_07_2024_16_08.46.09_trainee_12_sea spikes_1.csv,trainee,12,trainee__participant_12,sea_spikes,1,hist_gradient_boosting,1,12.0,19.449689468330863,-7.449689468330863,7.449689468330863
DVST_XI_Griffin_16-19_07_2024_16_08.46.09_trainee_12_suture_1.csv,trainee,12,trainee__participant_12,suture,1,hist_gradient_boosting,1,20.0,22.720871517005683,-2.7208715170056834,2.7208715170056834
DVST_XI_Griffin_16-19_07_2024_17_12.20.23_trainee_12_camera target_1.csv,trainee,12,trainee__participant_12,camera_target,1,hist_gradient_boosting,1,16.0,25.762467634653145,-9.762467634653145,9.762467634653145
DVST_XI_Griffin_16-19_07_2024_18_08.46.52_trainee_12_sea spikes_2.csv,trainee,12,trainee__participant_12,sea_spikes,2,hist_gradient_boosting,1,19.0,26.236572868975635,-7.236572868975635,7.236572868975635
DVST_XI_Griffin_16-19_07_2024_18_08.46.52_trainee_12_suture_2.csv,trainee,12,trainee__participant_12,suture,2,hist_gradient_boosting,1,28.0,24.203127149766008,3.796872850233992,3.796872850233992
DVST_XI_Griffin_16-19_07_2024_19_09.39.41_trainee_12_glove cut_2.csv,trainee,12,trainee__participant_12,glove_cut,2,hist_gradient_boosting,1,20.0,18.295475544900988,1.704524455099012,1.704524455099012
DVST_XI_Griffin_29_sep-1_oct_2024_29_09.07.40_trainee_19_camera target_1.csv,trainee,19,trainee__participant_19,camera_target,1,hist_gradient_boosting,1,17.0,17.182433494921337,-0.1824334949213373,0.1824334949213373
DVST_XI_Griffin_29_sep-1_oct_2024_29_09.07.40_trainee_19_suture_1.csv,trainee,19,trainee__participant_19,suture,1,hist_gradient_boosting,1,16.0,15.171046346296793,0.8289536537032074,0.8289536537032074
DVST_XI_Griffin_29_sep-1_oct_2024_30_12.18.00_trainee_19_glove cut_2.csv,trainee,19,trainee__participant_19,glove_cut,2,hist_gradient_boosting,1,17.0,16.37278496694239,0.6272150330576096,0.6272150330576096
DVST_XI_Griffin_29_sep-1_oct_2024_30_12.18.00_trainee_19_ring rollercoaster_2.csv,trainee,19,trainee__participant_19,ring_rollercoaster,2,hist_gradient_boosting,1,22.0,16.315338536803054,5.684661463196946,5.684661463196946
DVST_XI_Griffin_29_sep-1_oct_2024_30_12.18.00_trainee_19_sea spikes_2.csv,trainee,19,trainee__participant_19,sea_spikes,2,hist_gradient_boosting,1,21.0,19.373928826941487,1.626071173058513,1.626071173058513
DVST_XI_14-16_Feb_2024_14_09.13.16_trainee_1_camera target_1.csv,trainee,1,trainee__participant_1,camera_target,1,hist_gradient_boosting,2,17.0,20.405892486169517,-3.405892486169517,3.405892486169517
DVST_XI_14-16_Feb_2024_14_09.13.16_trainee_1_suture_1.csv,trainee,1,trainee__participant_1,suture,1,hist_gradient_boosting,2,19.0,15.782848655773273,3.2171513442267266,3.2171513442267266
DVST_XI_14-16_Feb_2024_14_09.13.16_trainee_3_camera target_1.csv,trainee,3,trainee__participant_3,camera_target,1,hist_gradient_boosting,2,15.0,18.33378713105209,-3.333787131052091,3.333787131052091
DVST_XI_14-16_Feb_2024_14_09.13.16_trainee_3_glove cut_1.csv,trainee,3,trainee__participant_3,glove_cut,1,hist_gradient_boosting,2,17.0,22.315256163887014,-5.315256163887014,5.315256163887014
DVST_XI_14-16_Feb_2024_14_09.13.16_trainee_3_ring rollercoaster_1.csv,trainee,3,trainee__participant_3,ring_rollercoaster,1,hist_gradient_boosting,2,12.0,16.232284348646683,-4.232284348646683,4.232284348646683
DVST_XI_14-16_Feb_2024_14_09.13.16_trainee_3_sea spikes_1.csv,trainee,3,trainee__participant_3,sea_spikes,1,hist_gradient_boosting,2,15.0,19.247705621843657,-4.247705621843657,4.247705621843657
DVST_XI_14-16_Feb_2024_14_09.13.16_trainee_3_suture_1.csv,trainee,3,trainee__participant_3,suture,1,hist_gradient_boosting,2,19.0,18.261874017727404,0.7381259822725958,0.7381259822725958
DVST_XI_14-16_Feb_2024_16_08.32.59_trainee_1_camera target_2.csv,trainee,1,trainee__participant_1,camera_target,2,hist_gradient_boosting,2,19.0,16.765710000727218,2.2342899992727823,2.2342899992727823
DVST_XI_14-16_Feb_2024_16_08.32.59_trainee_1_glove cut_2.csv,trainee,1,trainee__participant_1,glove_cut,2,hist_gradient_boosting,2,19.0,17.03277700155044,1.9672229984495608,1.9672229984495608
DVST_XI_14-16_Feb_2024_16_08.32.59_trainee_1_sea spikes_2.csv,trainee,1,trainee__participant_1,sea_spikes,2,hist_gradient_boosting,2,19.0,18.683785153965072,0.3162148460349279,0.3162148460349279
DVST_XI_14-16_Feb_2024_16_08.32.59_trainee_1_suture_2.csv,trainee,1,trainee__participant_1,suture,2,hist_gradient_boosting,2,17.0,17.409959983359908,-0.4099599833599079,0.4099599833599079
DVST_XI_14-16_Feb_2024_16_08.32.59_trainee_3_camera target_2.csv,trainee,3,trainee__participant_3,camera_target,2,hist_gradient_boosting,2,23.0,17.46533676075537,5.5346632392446296,5.5346632392446296
DVST_XI_14-16_Feb_2024_16_08.32.59_trainee_3_glove cut_2.csv,trainee,3,trainee__participant_3,glove_cut,2,hist_gradient_boosting,2,19.0,19.908428630529333,-0.9084286305293325,0.9084286305293325
DVST_XI_14-16_Feb_2024_16_08.32.59_trainee_3_ring rollercoaster_2.csv,trainee,3,trainee__participant_3,ring_rollercoaster,2,hist_gradient_boosting,2,21.0,19.24430355231818,1.7556964476818209,1.7556964476818209
DVST_XI_14-16_Feb_2024_16_08.32.59_trainee_3_sea spikes_2.csv,trainee,3,trainee__participant_3,sea_spikes,2,hist_gradient_boosting,2,17.0,18.433359566052655,-1.4333595660526548,1.4333595660526548
DVST_XI_14-16_Feb_2024_16_08.32.59_trainee_3_suture_2.csv,trainee,3,trainee__participant_3,suture,2,hist_gradient_boosting,2,22.0,23.917657906449072,-1.9176579064490724,1.9176579064490724
DVST_XI_6-8_Mar_2025_06_10.41.14_trainee_34_camera target_1.csv,trainee,34,trainee__participant_34,camera_target,1,hist_gradient_boosting,2,18.0,15.562908509824476,2.437091490175524,2.437091490175524
DVST_XI_6-8_Mar_2025_06_10.41.14_trainee_34_ring rollercoaster_1.csv,trainee,34,trainee__participant_34,ring_rollercoaster,1,hist_gradient_boosting,2,14.0,14.856169615822646,-0.8561696158226457,0.8561696158226457
DVST_XI_6-8_Mar_2025_06_10.41.14_trainee_34_sea spikes_1.csv,trainee,34,trainee__participant_34,sea_spikes,1,hist_gradient_boosting,2,14.0,16.166039646888482,-2.166039646888482,2.166039646888482
DVST_XI_6-8_Mar_2025_07_11.56.53_trainee_34_glove cut_1.csv,trainee,34,trainee__participant_34,glove_cut,1,hist_gradient_boosting,2,12.0,12.83219622847386,-0.83219622847386,0.83219622847386
DVST_XI_6-8_Mar_2025_08_08.21.32_expert_3_camera target_1.csv,expert,3,expert__participant_3,camera_target,1,hist_gradient_boosting,2,27.0,19.74547511034845,7.254524889651549,7.254524889651549
DVST_XI_6-8_Mar_2025_08_08.21.32_expert_3_suture_1.csv,expert,3,expert__participant_3,suture,1,hist_gradient_boosting,2,28.0,21.04514522275122,6.95485477724878,6.95485477724878
DVST_XI_7-11_Mar_2024_08_13.12.17_trainee_6_ring rollercoaster_1.csv,trainee,6,trainee__participant_6,ring_rollercoaster,1,hist_gradient_boosting,2,16.0,21.456506399941134,-5.456506399941134,5.456506399941134
DVST_XI_7-11_Mar_2024_08_13.12.17_trainee_6_sea spikes_1.csv,trainee,6,trainee__participant_6,sea_spikes,1,hist_gradient_boosting,2,16.0,16.80603206952721,-0.806032069527209,0.806032069527209
DVST_XI_7-11_Mar_2024_09_10.19.01_trainee_6_glove cut_1.csv,trainee,6,trainee__participant_6,glove_cut,1,hist_gradient_boosting,2,15.0,14.741633172775543,0.2583668272244566,0.2583668272244566
DVST_XI_7-11_Mar_2024_09_13.46.11_trainee_6_suture_1.csv,trainee,6,trainee__participant_6,suture,1,hist_gradient_boosting,2,12.0,16.93080121538401,-4.930801215384012,4.930801215384012
DVST_XI_Griffin_16-19_07_2024_16_08.46.09_trainee_15_glove cut_1.csv,trainee,15,trainee__participant_15,glove_cut,1,hist_gradient_boosting,2,17.0,16.22210653222627,0.7778934677737297,0.7778934677737297
DVST_XI_Griffin_16-19_07_2024_16_08.46.09_trainee_15_ring rollercoaster_1.csv,trainee,15,trainee__participant_15,ring_rollercoaster,1,hist_gradient_boosting,2,18.0,20.290301081672407,-2.290301081672407,2.290301081672407
DVST_XI_Griffin_16-19_07_2024_16_08.46.09_trainee_15_sea spikes_1.csv,trainee,15,trainee__participant_15,sea_spikes,1,hist_gradient_boosting,2,20.0,16.856993849304096,3.1430061506959035,3.1430061506959035
DVST_XI_Griffin_16-19_07_2024_16_08.46.09_trainee_15_suture_1.csv,trainee,15,trainee__participant_15,suture,1,hist_gradient_boosting,2,15.0,19.045509269204523,-4.045509269204523,4.045509269204523
DVST_XI_Griffin_16-19_07_2024_17_12.20.23_trainee_15_camera target_1.csv,trainee,15,trainee__participant_15,camera_target,1,hist_gradient_boosting,2,18.0,21.2696187243955,-3.2696187243954995,3.2696187243954995
DVST_XI_Griffin_16-19_07_2024_18_08.46.52_trainee_15_sea spikes_2.csv,trainee,15,trainee__participant_15,sea_spikes,2,hist_gradient_boosting,2,23.0,24.09195054234645,-1.0919505423464493,1.0919505423464493
DVST_XI_Griffin_16-19_07_2024_18_08.46.52_trainee_15_suture_2.csv,trainee,15,trainee__participant_15,suture,2,hist_gradient_boosting,2,26.0,23.443462561898684,2.5565374381013157,2.5565374381013157
DVST_XI_Griffin_29_sep-1_oct_2024_29_09.07.40_trainee_17_camera target_1.csv,trainee,17,trainee__participant_17,camera_target,1,hist_gradient_boosting,2,23.0,14.279121262101835,8.720878737898165,8.720878737898165
DVST_XI_Griffin_29_sep-1_oct_2024_29_09.07.40_trainee_17_suture_1.csv,trainee,17,trainee__participant_17,suture,1,hist_gradient_boosting,2,15.0,19.716607478442803,-4.716607478442803,4.716607478442803
DVST_XI_Griffin_29_sep-1_oct_2024_30_12.18.00_trainee_17_glove cut_2.csv,trainee,17,trainee__participant_17,glove_cut,2,hist_gradient_boosting,2,22.0,20.47341354109367,1.5265864589063298,1.5265864589063298
DVST_XI_Griffin_29_sep-1_oct_2024_30_12.18.00_trainee_17_ring rollercoaster_2.csv,trainee,17,trainee__participant_17,ring_rollercoaster,2,hist_gradient_boosting,2,22.0,21.65347386371389,0.3465261362861085,0.3465261362861085
DVST_XI_Griffin_29_sep-1_oct_2024_30_12.18.00_trainee_17_sea spikes_2.csv,trainee,17,trainee__participant_17,sea_spikes,2,hist_gradient_boosting,2,22.0,23.627744253168515,-1.6277442531685153,1.6277442531685153
DVST_XI_14-16_Feb_2024_14_09.13.16_trainee_2_camera target_1.csv,trainee,2,trainee__participant_2,camera_target,1,hist_gradient_boosting,3,17.0,16.5897926395183,0.41020736048169937,0.41020736048169937
DVST_XI_14-16_Feb_2024_14_09.13.16_trainee_2_glove cut_1.csv,trainee,2,trainee__participant_2,glove_cut,1,hist_gradient_boosting,3,13.0,18.60273915499573,-5.6027391549957315,5.6027391549957315
DVST_XI_14-16_Feb_2024_14_09.13.16_trainee_2_ring rollercoaster_1.csv,trainee,2,trainee__participant_2,ring_rollercoaster,1,hist_gradient_boosting,3,14.0,15.933165320852957,-1.9331653208529573,1.9331653208529573
DVST_XI_14-16_Feb_2024_14_09.13.16_trainee_2_sea spikes_1.csv,trainee,2,trainee__participant_2,sea_spikes,1,hist_gradient_boosting,3,15.0,20.394930751378055,-5.394930751378055,5.394930751378055
DVST_XI_14-16_Feb_2024_14_09.13.16_trainee_2_suture_1.csv,trainee,2,trainee__participant_2,suture,1,hist_gradient_boosting,3,19.0,21.24258057026281,-2.2425805702628097,2.2425805702628097
DVST_XI_14-16_Feb_2024_14_09.13.16_trainee_4_camera target_1.csv,trainee,4,trainee__participant_4,camera_target,1,hist_gradient_boosting,3,16.0,18.45685997889978,-2.4568599788997787,2.4568599788997787
DVST_XI_14-16_Feb_2024_14_09.13.16_trainee_4_glove cut_1.csv,trainee,4,trainee__participant_4,glove_cut,1,hist_gradient_boosting,3,23.0,19.595325286899953,3.4046747131000465,3.4046747131000465
DVST_XI_14-16_Feb_2024_14_09.13.16_trainee_4_ring rollercoaster_1.csv,trainee,4,trainee__participant_4,ring_rollercoaster,1,hist_gradient_boosting,3,14.0,17.537191171694378,-3.537191171694378,3.537191171694378
DVST_XI_14-16_Feb_2024_14_09.13.16_trainee_4_sea spikes_1.csv,trainee,4,trainee__participant_4,sea_spikes,1,hist_gradient_boosting,3,18.0,16.154379695981707,1.8456203040182935,1.8456203040182935
DVST_XI_14-16_Feb_2024_14_09.13.16_trainee_4_suture_1.csv,trainee,4,trainee__participant_4,suture,1,hist_gradient_boosting,3,18.0,18.74838755161734,-0.7483875516173413,0.7483875516173413
DVST_XI_14-16_Feb_2024_16_08.32.59_trainee_2_camera target_2.csv,trainee,2,trainee__participant_2,camera_target,2,hist_gradient_boosting,3,16.0,19.30673568424106,-3.3067356842410582,3.3067356842410582
DVST_XI_14-16_Feb_2024_16_08.32.59_trainee_2_glove cut_2.csv,trainee,2,trainee__participant_2,glove_cut,2,hist_gradient_boosting,3,19.0,19.17523620649285,-0.1752362064928512,0.1752362064928512
DVST_XI_14-16_Feb_2024_16_08.32.59_trainee_2_ring rollercoaster_2.csv,trainee,2,trainee__participant_2,ring_rollercoaster,2,hist_gradient_boosting,3,21.0,14.330573598592146,6.669426401407854,6.669426401407854
DVST_XI_14-16_Feb_2024_16_08.32.59_trainee_2_sea spikes_2.csv,trainee,2,trainee__participant_2,sea_spikes,2,hist_gradient_boosting,3,17.0,16.909535338346775,0.09046466165322542,0.09046466165322542
DVST_XI_14-16_Feb_2024_16_08.32.59_trainee_2_suture_2.csv,trainee,2,trainee__participant_2,suture,2,hist_gradient_boosting,3,22.0,23.26770704649624,-1.2677070464962412,1.2677070464962412
DVST_XI_14-16_Feb_2024_16_08.32.59_trainee_4_camera target_2.csv,trainee,4,trainee__participant_4,camera_target,2,hist_gradient_boosting,3,23.0,17.947499978223217,5.052500021776783,5.052500021776783
DVST_XI_19-22_May_2025_22_09.34.36_trainee_40_camera target_2.csv,trainee,40,trainee__participant_40,camera_target,2,hist_gradient_boosting,3,24.0,26.233896109733312,-2.233896109733312,2.233896109733312
DVST_XI_19-22_May_2025_22_09.34.36_trainee_42_camera target_2.csv,trainee,42,trainee__participant_42,camera_target,2,hist_gradient_boosting,3,19.0,18.564030223964654,0.43596977603534626,0.43596977603534626
DVST_XI_6-8_Mar_2025_06_10.41.14_trainee_32_camera target_1.csv,trainee,32,trainee__participant_32,camera_target,1,hist_gradient_boosting,3,20.0,19.932065660253425,0.06793433974657503,0.06793433974657503
DVST_XI_6-8_Mar_2025_06_10.41.14_trainee_32_ring rollercoaster_1.csv,trainee,32,trainee__participant_32,ring_rollercoaster,1,hist_gradient_boosting,3,17.0,15.381335163428238,1.618664836571762,1.618664836571762
DVST_XI_6-8_Mar_2025_06_10.41.14_trainee_32_sea spikes_1.csv,trainee,32,trainee__participant_32,sea_spikes,1,hist_gradient_boosting,3,14.0,24.504558061890254,-10.504558061890254,10.504558061890254
DVST_XI_6-8_Mar_2025_07_11.56.53_trainee_32_glove cut_1.csv,trainee,32,trainee__participant_32,glove_cut,1,hist_gradient_boosting,3,13.0,18.826948596302316,-5.826948596302316,5.826948596302316
DVST_XI_7-11_Mar_2024_08_13.12.17_trainee_11_ring rollercoaster_1.csv,trainee,11,trainee__participant_11,ring_rollercoaster,1,hist_gradient_boosting,3,18.0,18.040511630765835,-0.04051163076583464,0.04051163076583464
DVST_XI_7-11_Mar_2024_08_13.12.17_trainee_11_sea spikes_1.csv,trainee,11,trainee__participant_11,sea_spikes,1,hist_gradient_boosting,3,18.0,17.653945336779095,0.3460546632209045,0.3460546632209045
DVST_XI_7-11_Mar_2024_08_13.12.17_trainee_7_ring rollercoaster_1.csv,trainee,7,trainee__participant_7,ring_rollercoaster,1,hist_gradient_boosting,3,15.0,14.255588317625772,0.7444116823742277,0.7444116823742277
DVST_XI_7-11_Mar_2024_08_13.12.17_trainee_7_sea spikes_1.csv,trainee,7,trainee__participant_7,sea_spikes,1,hist_gradient_boosting,3,19.0,13.914818234602176,5.085181765397824,5.085181765397824
DVST_XI_7-11_Mar_2024_09_10.19.01_trainee_11_camera target_1.csv,trainee,11,trainee__participant_11,camera_target,1,hist_gradient_boosting,3,10.0,15.962319552636588,-5.962319552636588,5.962319552636588
DVST_XI_7-11_Mar_2024_09_10.19.01_trainee_11_glove cut_1.csv,trainee,11,trainee__participant_11,glove_cut,1,hist_gradient_boosting,3,18.0,18.110177939415042,-0.11017793941504195,0.11017793941504195
DVST_XI_7-11_Mar_2024_09_10.19.01_trainee_7_camera target_1.csv,trainee,7,trainee__participant_7,camera_target,1,hist_gradient_boosting,3,17.0,18.111267400196848,-1.1112674001968479,1.1112674001968479
DVST_XI_7-11_Mar_2024_09_10.19.01_trainee_7_glove cut_1.csv,trainee,7,trainee__participant_7,glove_cut,1,hist_gradient_boosting,3,15.0,17.464750398336072,-2.464750398336072,2.464750398336072
DVST_XI_7-11_Mar_2024_09_13.46.11_trainee_11_suture_1.csv,trainee,11,trainee__participant_11,suture,1,hist_gradient_boosting,3,18.0,18.766014701615475,-0.7660147016154752,0.7660147016154752
DVST_XI_7-11_Mar_2024_09_13.46.11_trainee_7_suture_1.csv,trainee,7,trainee__participant_7,suture,1,hist_gradient_boosting,3,17.0,17.21068405867896,-0.2106840586789609,0.2106840586789609
DVST_XI_Griffin_29_sep-1_oct_2024_29_09.07.40_trainee_21_camera target_1.csv,trainee,21,trainee__participant_21,camera_target,1,hist_gradient_boosting,3,19.0,17.402294431534813,1.5977055684651873,1.5977055684651873
DVST_XI_Griffin_29_sep-1_oct_2024_29_09.07.40_trainee_21_suture_1.csv,trainee,21,trainee__participant_21,suture,1,hist_gradient_boosting,3,18.0,14.575051261120125,3.424948738879875,3.424948738879875
DVST_XI_Griffin_29_sep-1_oct_2024_30_12.18.00_trainee_21_glove cut_2.csv,trainee,21,trainee__participant_21,glove_cut,2,hist_gradient_boosting,3,25.0,21.43322022439968,3.5667797756003203,3.5667797756003203
DVST_XI_Griffin_29_sep-1_oct_2024_30_12.18.00_trainee_21_ring rollercoaster_2.csv,trainee,21,trainee__participant_21,ring_rollercoaster,2,hist_gradient_boosting,3,22.0,16.699505365971216,5.300494634028784,5.300494634028784
DVST_XI_Griffin_29_sep-1_oct_2024_30_12.18.00_trainee_21_sea spikes_2.csv,trainee,21,trainee__participant_21,sea_spikes,2,hist_gradient_boosting,3,22.0,22.80484081901388,-0.8048408190138794,0.8048408190138794
DVST_XI_Griffin_29_sep-1_oct_2024_30_12.18.00_trainee_21_suture_2.csv,trainee,21,trainee__participant_21,suture,2,hist_gradient_boosting,3,23.0,21.56057068485431,1.4394293151456914,1.4394293151456914
DVST_XI_19-22_May_2025_22_09.34.36_trainee_39_camera target_2.csv,trainee,39,trainee__participant_39,camera_target,2,hist_gradient_boosting,4,19.0,23.587290937290994,-4.5872909372909945,4.5872909372909945
DVST_XI_6-8_Mar_2025_06_10.41.14_trainee_33_camera target_1.csv,trainee,33,trainee__participant_33,camera_target,1,hist_gradient_boosting,4,23.0,18.845494936225716,4.154505063774284,4.154505063774284
DVST_XI_6-8_Mar_2025_06_10.41.14_trainee_33_ring rollercoaster_1.csv,trainee,33,trainee__participant_33,ring_rollercoaster,1,hist_gradient_boosting,4,21.0,18.697265301442602,2.3027346985573978,2.3027346985573978
DVST_XI_6-8_Mar_2025_06_10.41.14_trainee_33_sea spikes_1.csv,trainee,33,trainee__participant_33,sea_spikes,1,hist_gradient_boosting,4,16.0,22.701348829965532,-6.701348829965532,6.701348829965532
DVST_XI_6-8_Mar_2025_06_10.41.14_trainee_35_ring rollercoaster_1.csv,trainee,35,trainee__participant_35,ring_rollercoaster,1,hist_gradient_boosting,4,18.0,14.47597522016689,3.524024779833111,3.524024779833111
DVST_XI_6-8_Mar_2025_06_10.41.14_trainee_35_sea spikes_1.csv,trainee,35,trainee__participant_35,sea_spikes,1,hist_gradient_boosting,4,15.0,15.82409904613488,-0.8240990461348794,0.8240990461348794
DVST_XI_6-8_Mar_2025_06_10.41.14_trainee_36_ring rollercoaster_1.csv,trainee,36,trainee__participant_36,ring_rollercoaster,1,hist_gradient_boosting,4,19.0,17.243696336092963,1.7563036639070368,1.7563036639070368
DVST_XI_6-8_Mar_2025_06_10.41.14_trainee_36_sea spikes_1.csv,trainee,36,trainee__participant_36,sea_spikes,1,hist_gradient_boosting,4,16.0,14.586766932157369,1.413233067842631,1.413233067842631
DVST_XI_6-8_Mar_2025_07_11.56.53_trainee_33_camera target_2.csv,trainee,33,trainee__participant_33,camera_target,2,hist_gradient_boosting,4,19.0,20.254014331014492,-1.254014331014492,1.254014331014492
DVST_XI_6-8_Mar_2025_07_11.56.53_trainee_33_glove cut_1.csv,trainee,33,trainee__participant_33,glove_cut,1,hist_gradient_boosting,4,18.0,17.02154408466719,0.978455915332809,0.978455915332809
DVST_XI_6-8_Mar_2025_07_11.56.53_trainee_33_sea spikes_2.csv,trainee,33,trainee__participant_33,sea_spikes,2,hist_gradient_boosting,4,20.0,18.483288301719487,1.5167116982805133,1.5167116982805133
DVST_XI_6-8_Mar_2025_07_11.56.53_trainee_35_camera target_2.csv,trainee,35,trainee__participant_35,camera_target,2,hist_gradient_boosting,4,18.0,20.012189006559275,-2.012189006559275,2.012189006559275
DVST_XI_6-8_Mar_2025_07_11.56.53_trainee_35_glove cut_1.csv,trainee,35,trainee__participant_35,glove_cut,1,hist_gradient_boosting,4,16.0,18.737039926755948,-2.7370399267559478,2.7370399267559478
DVST_XI_6-8_Mar_2025_07_11.56.53_trainee_35_sea spikes_2.csv,trainee,35,trainee__participant_35,sea_spikes,2,hist_gradient_boosting,4,21.0,19.48601697601423,1.5139830239857694,1.5139830239857694
DVST_XI_6-8_Mar_2025_07_11.56.53_trainee_36_glove cut_1.csv,trainee,36,trainee__participant_36,glove_cut,1,hist_gradient_boosting,4,18.0,18.363965872990015,-0.3639658729900148,0.3639658729900148
DVST_XI_7-11_Jul_2025_10_09.40.17_expert_6_camera target_1.csv,expert,6,expert__participant_6,camera_target,1,hist_gradient_boosting,4,25.0,21.09860288276904,3.9013971172309603,3.9013971172309603
DVST_XI_7-11_Jul_2025_10_09.40.17_expert_6_suture_1.csv,expert,6,expert__participant_6,suture,1,hist_gradient_boosting,4,26.0,20.861082053392053,5.138917946607947,5.138917946607947
DVST_XI_7-11_Mar_2024_08_13.12.17_trainee_10_ring rollercoaster_1.csv,trainee,10,trainee__participant_10,ring_rollercoaster,1,hist_gradient_boosting,4,14.0,17.79148688657622,-3.7914868865762195,3.7914868865762195
DVST_XI_7-11_Mar_2024_08_13.12.17_trainee_10_sea spikes_1.csv,trainee,10,trainee__participant_10,sea_spikes,1,hist_gradient_boosting,4,22.0,14.846462137373443,7.153537862626557,7.153537862626557
DVST_XI_7-11_Mar_2024_09_10.19.01_trainee_10_camera target_1.csv,trainee,10,trainee__participant_10,camera_target,1,hist_gradient_boosting,4,14.0,21.63219491276713,-7.63219491276713,7.63219491276713
DVST_XI_7-11_Mar_2024_09_10.19.01_trainee_10_glove cut_1.csv,trainee,10,trainee__participant_10,glove_cut,1,hist_gradient_boosting,4,18.0,15.764108622660451,2.2358913773395486,2.2358913773395486
DVST_XI_7-11_Mar_2024_09_13.46.11_trainee_10_suture_1.csv,trainee,10,trainee__participant_10,suture,1,hist_gradient_boosting,4,19.0,18.797033742604935,0.20296625739506524,0.20296625739506524
DVST_XI_Griffin_16-19_07_2024_16_08.46.09_trainee_16_glove cut_1.csv,trainee,16,trainee__participant_16,glove_cut,1,hist_gradient_boosting,4,15.0,16.09745139207208,-1.097451392072081,1.097451392072081
DVST_XI_Griffin_16-19_07_2024_16_08.46.09_trainee_16_ring rollercoaster_1.csv,trainee,16,trainee__participant_16,ring_rollercoaster,1,hist_gradient_boosting,4,20.0,15.204531419197707,4.795468580802293,4.795468580802293
DVST_XI_Griffin_16-19_07_2024_16_08.46.09_trainee_16_sea spikes_1.csv,trainee,16,trainee__participant_16,sea_spikes,1,hist_gradient_boosting,4,16.0,13.031988583320503,2.968011416679497,2.968011416679497
DVST_XI_Griffin_16-19_07_2024_16_08.46.09_trainee_16_suture_1.csv,trainee,16,trainee__participant_16,suture,1,hist_gradient_boosting,4,21.0,15.480437862219578,5.519562137780422,5.519562137780422
DVST_XI_Griffin_16-19_07_2024_17_12.20.23_trainee_16_camera target_1.csv,trainee,16,trainee__participant_16,camera_target,1,hist_gradient_boosting,4,23.0,19.783309397604217,3.216690602395783,3.216690602395783
DVST_XI_Griffin_16-19_07_2024_17_12.20.23_trainee_16_ring rollercoaster_2.csv,trainee,16,trainee__participant_16,ring_rollercoaster,2,hist_gradient_boosting,4,23.0,16.586724200646046,6.413275799353954,6.413275799353954
DVST_XI_Griffin_16-19_07_2024_18_08.46.52_trainee_16_sea spikes_2.csv,trainee,16,trainee__participant_16,sea_spikes,2,hist_gradient_boosting,4,21.0,20.733167286116046,0.2668327138839537,0.2668327138839537
DVST_XI_Griffin_16-19_07_2024_18_08.46.52_trainee_16_suture_2.csv,trainee,16,trainee__participant_16,suture,2,hist_gradient_boosting,4,29.0,24.049823034802564,4.950176965197436,4.950176965197436
DVST_XI_Griffin_16-19_07_2024_19_09.39.41_trainee_16_camera target_2.csv,trainee,16,trainee__participant_16,camera_target,2,hist_gradient_boosting,4,23.0,20.791307399821125,2.2086926001788747,2.2086926001788747
DVST_XI_Griffin_16-19_07_2024_19_09.39.41_trainee_16_glove cut_2.csv,trainee,16,trainee__participant_16,glove_cut,2,hist_gradient_boosting,4,24.0,17.890810080449857,6.109189919550143,6.109189919550143
DVST_XI_Griffin_29_sep-1_oct_2024_29_09.07.40_trainee_18_camera target_1.csv,trainee,18,trainee__participant_18,camera_target,1,hist_gradient_boosting,4,19.0,24.556803729154172,-5.556803729154172,5.556803729154172
DVST_XI_Griffin_29_sep-1_oct_2024_29_09.07.40_trainee_18_suture_1.csv,trainee,18,trainee__participant_18,suture,1,hist_gradient_boosting,4,12.0,17.095233010236704,-5.095233010236704,5.095233010236704
DVST_XI_Griffin_29_sep-1_oct_2024_30_12.18.00_trainee_18_glove cut_2.csv,trainee,18,trainee__participant_18,glove_cut,2,hist_gradient_boosting,4,22.0,20.572054914237167,1.4279450857628326,1.4279450857628326
DVST_XI_Griffin_29_sep-1_oct_2024_30_12.18.00_trainee_18_ring rollercoaster_2.csv,trainee,18,trainee__participant_18,ring_rollercoaster,2,hist_gradient_boosting,4,24.0,19.482454653652987,4.517545346347013,4.517545346347013
DVST_XI_Griffin_29_sep-1_oct_2024_30_12.18.00_trainee_18_sea spikes_2.csv,trainee,18,trainee__participant_18,sea_spikes,2,hist_gradient_boosting,4,22.0,22.32422521595413,-0.32422521595412945,0.32422521595412945
DVST_XI_Griffin_29_sep-1_oct_2024_30_12.18.00_trainee_18_suture_2.csv,trainee,18,trainee__participant_18,suture,2,hist_gradient_boosting,4,22.0,21.37404763802395,0.6259523619760508,0.6259523619760508
DVST_XI_10-13_Nov_2025_12_10.36.46_expert_9_camera target_1.csv,expert,9,expert__participant_9,camera_target,1,hist_gradient_boosting,5,28.0,23.129063565264943,4.870936434735057,4.870936434735057
DVST_XI_10-13_Nov_2025_12_10.36.46_expert_9_glove cut_1.csv,expert,9,expert__participant_9,glove_cut,1,hist_gradient_boosting,5,29.0,24.159484188455963,4.840515811544037,4.840515811544037
DVST_XI_10-13_Nov_2025_12_10.36.46_expert_9_ring rollercoaster_1.csv,expert,9,expert__participant_9,ring_rollercoaster,1,hist_gradient_boosting,5,29.0,21.522226274618205,7.477773725381795,7.477773725381795
DVST_XI_10-13_Nov_2025_12_10.36.46_expert_9_sea spikes_1.csv,expert,9,expert__participant_9,sea_spikes,1,hist_gradient_boosting,5,29.0,20.828230537213525,8.171769462786475,8.171769462786475
DVST_XI_10-13_Nov_2025_12_10.36.46_expert_9_suture_1.csv,expert,9,expert__participant_9,suture,1,hist_gradient_boosting,5,28.0,21.803042304994783,6.196957695005217,6.196957695005217
DVST_XI_19-22_May_2025_21_09.43.23_expert_5_camera target_1.csv,expert,5,expert__participant_5,camera_target,1,hist_gradient_boosting,5,30.0,22.113517415876412,7.886482584123588,7.886482584123588
DVST_XI_19-22_May_2025_21_09.43.23_expert_5_suture_1.csv,expert,5,expert__participant_5,suture,1,hist_gradient_boosting,5,29.0,21.170946152944175,7.829053847055825,7.829053847055825
DVST_XI_19-22_May_2025_22_09.34.36_trainee_38_camera target_2.csv,trainee,38,trainee__participant_38,camera_target,2,hist_gradient_boosting,5,22.0,24.189958617075824,-2.189958617075824,2.189958617075824
DVST_XI_6-8_Mar_2025_06_10.41.14_trainee_31_ring rollercoaster_1.csv,trainee,31,trainee__participant_31,ring_rollercoaster,1,hist_gradient_boosting,5,15.0,18.369953948205257,-3.369953948205257,3.369953948205257
DVST_XI_6-8_Mar_2025_06_10.41.14_trainee_31_sea spikes_1.csv,trainee,31,trainee__participant_31,sea_spikes,1,hist_gradient_boosting,5,13.0,16.30317015795262,-3.3031701579526214,3.3031701579526214
DVST_XI_6-8_Mar_2025_07_11.56.53_trainee_31_glove cut_1.csv,trainee,31,trainee__participant_31,glove_cut,1,hist_gradient_boosting,5,16.0,16.02945991733129,-0.029459917331291052,0.029459917331291052
DVST_XI_7-11_Mar_2024_08_13.12.17_trainee_9_ring rollercoaster_1.csv,trainee,9,trainee__participant_9,ring_rollercoaster,1,hist_gradient_boosting,5,14.0,18.542370302734046,-4.542370302734046,4.542370302734046
DVST_XI_7-11_Mar_2024_08_13.12.17_trainee_9_sea spikes_1.csv,trainee,9,trainee__participant_9,sea_spikes,1,hist_gradient_boosting,5,18.0,17.18352752004194,0.8164724799580583,0.8164724799580583
DVST_XI_7-11_Mar_2024_09_10.19.01_trainee_9_camera target_1.csv,trainee,9,trainee__participant_9,camera_target,1,hist_gradient_boosting,5,19.0,20.487135390248444,-1.4871353902484437,1.4871353902484437
DVST_XI_7-11_Mar_2024_09_10.19.01_trainee_9_glove cut_1.csv,trainee,9,trainee__participant_9,glove_cut,1,hist_gradient_boosting,5,18.0,18.21929343058888,-0.2192934305888805,0.2192934305888805
DVST_XI_7-11_Mar_2024_09_13.46.11_trainee_9_suture_1.csv,trainee,9,trainee__participant_9,suture,1,hist_gradient_boosting,5,16.0,18.473436039995615,-2.4734360399956152,2.4734360399956152
DVST_XI_Griffin_16-19_07_2024_16_08.46.09_trainee_14_glove cut_1.csv,trainee,14,trainee__participant_14,glove_cut,1,hist_gradient_boosting,5,11.0,19.132882505294877,-8.132882505294877,8.132882505294877
DVST_XI_Griffin_16-19_07_2024_16_08.46.09_trainee_14_ring rollercoaster_1.csv,trainee,14,trainee__participant_14,ring_rollercoaster,1,hist_gradient_boosting,5,16.0,21.414174636687903,-5.414174636687903,5.414174636687903
DVST_XI_Griffin_16-19_07_2024_16_08.46.09_trainee_14_sea spikes_1.csv,trainee,14,trainee__participant_14,sea_spikes,1,hist_gradient_boosting,5,12.0,15.245028103168359,-3.2450281031683588,3.2450281031683588
DVST_XI_Griffin_16-19_07_2024_16_08.46.09_trainee_14_suture_1.csv,trainee,14,trainee__participant_14,suture,1,hist_gradient_boosting,5,15.0,18.391923495260766,-3.391923495260766,3.391923495260766
DVST_XI_Griffin_16-19_07_2024_17_12.20.23_trainee_13_camera target_1.csv,trainee,13,trainee__participant_13,camera_target,1,hist_gradient_boosting,5,19.0,21.20285621650752,-2.20285621650752,2.20285621650752
DVST_XI_Griffin_16-19_07_2024_17_12.20.23_trainee_13_glove cut_1.csv,trainee,13,trainee__participant_13,glove_cut,1,hist_gradient_boosting,5,23.0,19.1103633306435,3.8896366693564985,3.8896366693564985
DVST_XI_Griffin_16-19_07_2024_17_12.20.23_trainee_13_ring rollercoaster_1.csv,trainee,13,trainee__participant_13,ring_rollercoaster,1,hist_gradient_boosting,5,17.0,20.94167253701715,-3.9416725370171513,3.9416725370171513
DVST_XI_Griffin_16-19_07_2024_17_12.20.23_trainee_13_ring rollercoaster_2.csv,trainee,13,trainee__participant_13,ring_rollercoaster,2,hist_gradient_boosting,5,22.0,20.791448021878555,1.208551978121445,1.208551978121445
DVST_XI_Griffin_16-19_07_2024_17_12.20.23_trainee_13_sea spikes_1.csv,trainee,13,trainee__participant_13,sea_spikes,1,hist_gradient_boosting,5,17.0,20.828541501190465,-3.8285415011904647,3.8285415011904647
DVST_XI_Griffin_16-19_07_2024_17_12.20.23_trainee_13_suture_1.csv,trainee,13,trainee__participant_13,suture,1,hist_gradient_boosting,5,23.0,20.72103534835352,2.278964651646479,2.278964651646479
DVST_XI_Griffin_16-19_07_2024_17_12.20.23_trainee_14_camera target_1.csv,trainee,14,trainee__participant_14,camera_target,1,hist_gradient_boosting,5,14.0,15.32897538218153,-1.3289753821815307,1.3289753821815307
DVST_XI_Griffin_16-19_07_2024_18_08.46.52_trainee_13_sea spikes_2.csv,trainee,13,trainee__participant_13,sea_spikes,2,hist_gradient_boosting,5,21.0,23.561524119506277,-2.5615241195062772,2.5615241195062772
DVST_XI_Griffin_16-19_07_2024_18_08.46.52_trainee_13_suture_2.csv,trainee,13,trainee__participant_13,suture,2,hist_gradient_boosting,5,28.0,21.52168164157373,6.478318358426272,6.478318358426272
DVST_XI_Griffin_16-19_07_2024_18_08.46.52_trainee_14_sea spikes_2.csv,trainee,14,trainee__participant_14,sea_spikes,2,hist_gradient_boosting,5,20.0,19.87952930766355,0.12047069233645047,0.12047069233645047
DVST_XI_Griffin_16-19_07_2024_18_08.46.52_trainee_14_suture_2.csv,trainee,14,trainee__participant_14,suture,2,hist_gradient_boosting,5,29.0,24.28091512036079,4.719084879639212,4.719084879639212
DVST_XI_Griffin_16-19_07_2024_19_09.39.41_trainee_13_camera target_2.csv,trainee,13,trainee__participant_13,camera_target,2,hist_gradient_boosting,5,17.0,21.486876541991602,-4.486876541991602,4.486876541991602
DVST_XI_Griffin_16-19_07_2024_19_09.39.41_trainee_14_glove cut_2.csv,trainee,14,trainee__participant_14,glove_cut,2,hist_gradient_boosting,5,18.0,17.931946437030938,0.0680535629690624,0.0680535629690624
DVST_XI_Griffin_29_sep-1_oct_2024_29_09.07.40_trainee_20_camera target_1.csv,trainee,20,trainee__participant_20,camera_target,1,hist_gradient_boosting,5,15.0,17.781758605200174,-2.7817586052001744,2.7817586052001744
DVST_XI_Griffin_29_sep-1_oct_2024_29_09.07.40_trainee_20_suture_1.csv,trainee,20,trainee__participant_20,suture,1,hist_gradient_boosting,5,13.0,17.342567474085016,-4.3425674740850155,4.3425674740850155
DVST_XI_Griffin_29_sep-1_oct_2024_30_12.18.00_trainee_20_glove cut_2.csv,trainee,20,trainee__participant_20,glove_cut,2,hist_gradient_boosting,5,17.0,19.169167939802602,-2.169167939802602,2.169167939802602
DVST_XI_Griffin_29_sep-1_oct_2024_30_12.18.00_trainee_20_ring rollercoaster_2.csv,trainee,20,trainee__participant_20,ring_rollercoaster,2,hist_gradient_boosting,5,21.0,19.453863863380754,1.5461361366192463,1.5461361366192463
DVST_XI_Griffin_29_sep-1_oct_2024_30_12.18.00_trainee_20_sea spikes_2.csv,trainee,20,trainee__participant_20,sea_spikes,2,hist_gradient_boosting,5,21.0,19.337895046376698,1.6621049536233024,1.6621049536233024
