model,cv_fold,feature,importance
random_forest,1,numeric__USM0_pose_global_pause_duration_seconds,0.04488288806998746
random_forest,1,numeric__USM2_joint_pause_duration_seconds,0.04328152818429922
random_forest,1,numeric__USM3_pose_global_pause_duration_seconds,0.03832957746759419
random_forest,1,numeric__active_pair_simultaneous_active_fraction,0.03522888988705824
random_forest,1,numeric__USM2_joint_base_revolute_q0_q2_mean_abs_velocity,0.034443687704663876
random_forest,1,numeric__USM0_joint_base_revolute_q0_q2_mean_abs_velocity,0.029948582382940264
random_forest,1,numeric__USM3_joint_distal_q5_q9_mean_range,0.024476821620738543
random_forest,1,numeric__duration_seconds,0.024190691477752976
random_forest,1,numeric__USM2_pose_global_pause_count,0.023830250890415166
random_forest,1,numeric__USM2_pose_global_pause_duration_seconds,0.02262710776354906
random_forest,1,numeric__USM0_joint_pause_duration_seconds,0.02192645485291715
random_forest,1,numeric__USM3_joint_raw_path_l2,0.021036699010688078
random_forest,1,numeric__USM0_pose_global_dimensionless_jerk,0.013841857442870623
random_forest,1,numeric__USM0_pose_global_pause_count,0.01288388400764591
random_forest,1,numeric__USM2_joint_idle_fraction_relative,0.012104699592720654
random_forest,1,numeric__USM3_pose_global_pause_fraction,0.011561067821023296
random_forest,1,numeric__USM2_joint_insertion_q3_mean_abs_velocity,0.0114262110178663
random_forest,1,numeric__USM3_pose_global_pause_count,0.011228821832786331
random_forest,1,numeric__USM0_USM2_pose_global_simultaneous_active_fraction,0.009415331251137762
random_forest,1,numeric__USM0_USM3_pose_global_simultaneous_active_fraction,0.00899364270894535
random_forest,1,numeric__USM0_pose_global_idle_threshold_relative,0.0087360910740041
random_forest,1,numeric__USM0_pose_global_mean_speed_l2,0.0085234867757904
random_forest,1,numeric__USM0_USM3_pose_global_both_idle_fraction,0.008422403425553306
random_forest,1,numeric__USM3_joint_rms_speed_l2,0.007915055011546894
random_forest,1,numeric__USM3_pose_global_idle_fraction_relative,0.007887943452374467
random_forest,1,numeric__USM2_pose_global_mean_speed_l2,0.007640952820068625
random_forest,1,numeric__USM2_joint_tool_roll_q4_mean_abs_velocity,0.007452659420617638
random_forest,1,numeric__USM3_pose_global_rms_speed_l2,0.0074488309819188345
random_forest,1,numeric__USM3_joint_max_joint_range,0.007440007759965746
random_forest,1,numeric__USM0_joint_idle_fraction_relative,0.007299518112606999
random_forest,1,numeric__USM2_joint_pause_count,0.006898619180418937
random_forest,1,numeric__USM3_pose_global_z_range_m,0.006819432752968751
random_forest,1,numeric__USM3_joint_mean_speed_l2,0.00663012263147917
random_forest,1,numeric__USM3_pose_global_dimensionless_jerk,0.0065460524714179135
random_forest,1,numeric__USM0_pose_global_log_dimensionless_jerk,0.006533388881255398
random_forest,1,numeric__USM2_joint_pause_fraction,0.006533021176854547
random_forest,1,numeric__USM0_joint_base_revolute_q0_q2_path_l1,0.006474112242814053
random_forest,1,numeric__USM3_pose_global_log_dimensionless_jerk,0.00647083512607686
random_forest,1,numeric__USM0_pose_global_rms_speed_l2,0.005865822121779841
random_forest,1,numeric__USM0_USM3_pose_global_path_length_imbalance,0.0058647010821320025
random_forest,1,numeric__USM2_pose_global_pause_fraction,0.005689093915496159
random_forest,1,numeric__active_pair_path_length_imbalance,0.005561615569562415
random_forest,1,numeric__USM0_joint_base_revolute_q0_q2_mean_range,0.005452378151782765
random_forest,1,numeric__USM2_joint_base_revolute_q0_q2_path_l1,0.00530940781393078
random_forest,1,numeric__USM0_USM3_pose_global_mean_abs_relative_speed,0.0052009139280463
random_forest,1,numeric__USM2_USM3_pose_global_simultaneous_active_fraction,0.005199067861550729
random_forest,1,numeric__USM0_pose_global_max_abs_angular_acceleration_rad_s2,0.005139688884451158
random_forest,1,numeric__USM3_joint_base_revolute_q0_q2_mean_range,0.005022079966116391
random_forest,1,numeric__USM0_joint_insertion_q3_mean_abs_velocity,0.004978123089117367
random_forest,1,numeric__USM2_USM3_pose_global_speed_correlation,0.004741869961754792
random_forest,1,numeric__USM2_pose_global_mean_angular_speed_rad_s,0.004717664488179534
random_forest,1,numeric__USM0_joint_insertion_q3_mean_range,0.004650335834279528
random_forest,1,numeric__USM2_pose_global_mean_abs_angular_acceleration_rad_s2,0.004632560742950568
random_forest,1,numeric__USM0_joint_pause_count,0.004617509108046377
random_forest,1,numeric__USM0_pose_global_max_speed_l2,0.004564843876802617
random_forest,1,numeric__active_pair_speed_correlation,0.004563580433931691
random_forest,1,numeric__USM2_USM3_pose_global_path_length_imbalance,0.004363535811789402
random_forest,1,numeric__USM3_joint_base_revolute_q0_q2_path_l1,0.00436020359628405
random_forest,1,numeric__USM3_joint_mean_joint_range,0.004327561264296935
random_forest,1,numeric__USM2_pose_global_log_dimensionless_jerk,0.00430918523042452
random_forest,1,numeric__USM2_pose_global_economy_area_yz,0.004308045292513909
random_forest,1,numeric__USM3_pose_global_max_acceleration_l2,0.004146491942119712
random_forest,1,numeric__USM1_joint_base_revolute_q0_q2_mean_abs_velocity,0.004084492884378175
random_forest,1,numeric__USM0_joint_jerk_cost,0.004036251976508506
random_forest,1,numeric__USM0_pose_global_mean_abs_angular_acceleration_rad_s2,0.0040254541244489055
random_forest,1,numeric__USM0_pose_global_max_jerk_l2,0.003972532008381021
random_forest,1,numeric__USM0_joint_movement_economy,0.003874971653130368
random_forest,1,numeric__USM3_pose_global_idle_threshold_relative,0.0038288167218016493
random_forest,1,numeric__USM3_joint_max_speed_l2,0.003817732564127913
random_forest,1,numeric__USM2_USM3_pose_global_both_idle_fraction,0.003741345853341535
random_forest,1,numeric__USM3_pose_global_mean_speed_l2,0.0036974222932798563
random_forest,1,numeric__USM2_pose_global_max_angular_speed_rad_s,0.003656579736705451
random_forest,1,numeric__all_usm_joint_path_l1_total,0.0036386653054996934
random_forest,1,numeric__USM3_pose_global_max_jerk_l2,0.0035988987041320405
random_forest,1,numeric__USM3_pose_global_max_speed_l2,0.0035964467458220323
random_forest,1,numeric__USM2_pose_global_max_abs_angular_acceleration_rad_s2,0.0035714741347677216
random_forest,1,numeric__USM2_pose_global_dimensionless_jerk,0.0035597881933146424
random_forest,1,numeric__USM0_USM3_pose_global_one_arm_only_active_fraction,0.003408801033923032
random_forest,1,numeric__USM0_USM2_pose_global_speed_correlation,0.003343191910426312
random_forest,1,numeric__USM3_pose_global_max_angular_speed_rad_s,0.0033157340093872907
random_forest,1,numeric__USM2_joint_insertion_q3_mean_range,0.0033104540118635384
random_forest,1,numeric__USM0_USM3_pose_global_speed_correlation,0.0032426329068484254
random_forest,1,numeric__USM0_pose_global_mean_angular_speed_rad_s,0.0032165952297415652
random_forest,1,numeric__USM1_joint_pause_duration_seconds,0.0031458765285933667
random_forest,1,numeric__USM2_pose_global_idle_fraction_relative,0.0030707831844643874
random_forest,1,numeric__USM3_joint_net_displacement_l2,0.0029953193854020243
random_forest,1,numeric__USM1_joint_net_displacement_l2,0.002981589097513425
random_forest,1,numeric__USM1_joint_insertion_q3_mean_range,0.002972199763464612
random_forest,1,numeric__USM0_pose_global_raw_path_l2,0.002965639309130358
random_forest,1,numeric__USM0_pose_global_max_angular_speed_rad_s,0.002931978512531471
random_forest,1,numeric__USM0_joint_max_acceleration_l2,0.0029022594593238996
random_forest,1,numeric__USM1_joint_insertion_q3_mean_abs_velocity,0.002893945930265955
random_forest,1,numeric__USM2_USM3_pose_global_distance_range_rel,0.002892551924317349
random_forest,1,numeric__USM0_joint_net_displacement_l2,0.0028705887897498283
random_forest,1,numeric__USM1_joint_insertion_q3_path_l1,0.0028486038819997626
random_forest,1,numeric__USM2_joint_base_revolute_q0_q2_mean_range,0.0028341839264070363
random_forest,1,numeric__USM2_joint_mean_joint_range,0.002828668371411682
random_forest,1,numeric__active_pair_one_arm_only_active_fraction,0.002822557950352158
random_forest,1,numeric__USM2_joint_net_displacement_l2,0.0028151559053069884
random_forest,1,numeric__USM0_pose_global_economy_area_yz,0.0027742685921587342
random_forest,1,numeric__USM3_joint_max_acceleration_l2,0.0027581062812390422
random_forest,1,numeric__USM2_pose_global_x_range_m,0.002617513718318262
random_forest,1,numeric__USM3_joint_tool_roll_q4_mean_abs_velocity,0.002603188834926486
random_forest,1,numeric__USM0_joint_insertion_q3_path_l1,0.0025685813079395635
random_forest,1,numeric__USM2_joint_insertion_q3_path_l1,0.0025168464709297927
random_forest,1,numeric__USM0_joint_tool_roll_q4_mean_abs_velocity,0.002460158704103335
random_forest,1,numeric__USM0_pose_global_pause_fraction,0.0023992618940064567
random_forest,1,numeric__USM2_pose_global_idle_threshold_relative,0.002381909762308362
random_forest,1,numeric__USM2_joint_movement_economy,0.002376550431420526
random_forest,1,numeric__USM0_USM3_pose_global_std_distance_rel,0.0023535659828849767
random_forest,1,numeric__USM0_pose_global_net_displacement_l2,0.0023399137697642084
random_forest,1,numeric__USM3_pose_global_economy_area_xy,0.0023392437957489684
random_forest,1,numeric__USM0_joint_raw_path_l2,0.0023224683268160892
random_forest,1,numeric__USM1_joint_idle_fraction_relative,0.0023156338391699285
random_forest,1,numeric__USM2_USM3_pose_global_std_distance_rel,0.002298642856025005
random_forest,1,numeric__USM1_joint_max_abs_joint_velocity,0.0022692676578716297
random_forest,1,numeric__USM0_joint_tool_roll_q4_mean_range,0.0022443714280970693
random_forest,1,numeric__USM3_pose_global_economy_area_xz,0.0022207292766576302
random_forest,1,numeric__USM1_joint_movement_economy,0.0022166054806253156
random_forest,1,numeric__USM3_joint_movement_economy,0.0022090317961685883
random_forest,1,numeric__USM3_pose_global_mean_abs_angular_acceleration_rad_s2,0.002193265273491314
random_forest,1,numeric__USM1_joint_pause_fraction,0.0021748378488444992
random_forest,1,numeric__active_pair_both_idle_fraction,0.002041314381602846
random_forest,1,numeric__USM2_joint_max_speed_l2,0.0020210789699056033
random_forest,1,numeric__USM0_pose_global_idle_fraction_relative,0.0020158032936829825
random_forest,1,numeric__USM3_pose_global_economy_volume,0.001992546044443616
random_forest,1,numeric__USM0_pose_global_economy_volume,0.0019821490835134695
random_forest,1,numeric__USM0_USM3_pose_global_mean_distance_rel,0.0019512349478848752
random_forest,1,numeric__USM0_joint_distal_q5_q9_mean_range,0.0019478394819388138
random_forest,1,numeric__USM0_joint_rms_speed_l2,0.001946827938356101
random_forest,1,numeric__USM1_joint_max_speed_l2,0.0019429452403477146
random_forest,1,numeric__USM2_joint_tool_roll_q4_path_l1,0.0018928627834234079
random_forest,1,numeric__USM0_pose_global_path_l2,0.0018907370789652414
random_forest,1,numeric__USM0_joint_max_speed_l2,0.0018782934581665083
random_forest,1,numeric__USM1_joint_base_revolute_q0_q2_path_l1,0.0018012302937424297
random_forest,1,numeric__USM2_joint_distal_q5_q9_mean_range,0.0017831808465105117
random_forest,1,numeric__USM0_joint_max_jerk_l2,0.0017629071200488573
random_forest,1,numeric__USM0_pose_global_movement_economy,0.001762575309438217
random_forest,1,numeric__USM0_pose_global_rotation_path_radians,0.0017416384236881295
random_forest,1,numeric__USM2_pose_global_movement_economy,0.0017202989290142207
random_forest,1,numeric__USM0_pose_global_economy_area_xz,0.001708895257532473
random_forest,1,numeric__USM2_joint_max_abs_joint_velocity,0.0017033485110867456
random_forest,1,numeric__USM2_pose_global_economy_volume,0.001684120582701555
random_forest,1,numeric__USM3_pose_global_max_abs_angular_acceleration_rad_s2,0.0016792324398066567
random_forest,1,numeric__USM2_joint_max_acceleration_l2,0.0016778750991957513
random_forest,1,numeric__USM3_pose_global_x_range_m,0.0016775922505687824
random_forest,1,numeric__USM2_USM3_pose_global_mean_distance_rel,0.0016420038054461253
random_forest,1,numeric__USM1_joint_max_jerk_l2,0.0016379974979043037
random_forest,1,numeric__USM2_joint_max_joint_range,0.0016373064505110428
random_forest,1,numeric__USM0_joint_tool_roll_q4_path_l1,0.001586779897230674
random_forest,1,numeric__USM3_pose_global_jerk_cost,0.001564836797556073
random_forest,1,numeric__USM1_joint_jerk_cost,0.0015521658040211707
random_forest,1,numeric__USM3_joint_idle_fraction_relative,0.0015406897849191345
random_forest,1,numeric__USM3_pose_global_raw_path_l2,0.0015095217880958575
random_forest,1,numeric__USM2_joint_mean_speed_l2,0.001508837379162421
random_forest,1,numeric__USM3_pose_global_economy_area_yz,0.0014807391264382984
random_forest,1,numeric__USM0_USM2_pose_global_one_arm_only_active_fraction,0.0014783677900264162
random_forest,1,numeric__USM0_pose_global_y_range_m,0.0014664104620299599
random_forest,1,numeric__USM2_joint_rms_speed_l2,0.0014611306323392239
random_forest,1,numeric__USM1_joint_max_acceleration_l2,0.0014436547323755508
random_forest,1,numeric__USM2_pose_global_z_range_m,0.0014397718071205102
random_forest,1,numeric__USM1_joint_distal_q5_q9_mean_range,0.0014139867392418462
random_forest,1,numeric__USM0_joint_mean_acceleration_l2,0.001396334462218373
random_forest,1,numeric__USM2_joint_jerk_cost,0.0013686232655528868
random_forest,1,numeric__USM3_joint_insertion_q3_path_l1,0.001364879520154511
random_forest,1,numeric__USM3_pose_global_y_range_m,0.001337284883563498
random_forest,1,numeric__USM0_pose_global_economy_area_xy,0.001317307430532635
random_forest,1,numeric__USM0_pose_global_x_range_m,0.001312947079866212
random_forest,1,numeric__USM0_joint_mean_joint_range,0.0013109951989028455
random_forest,1,numeric__USM3_pose_global_mean_angular_speed_rad_s,0.00130431167419293
random_forest,1,numeric__USM2_joint_raw_path_l2,0.0012816339241957357
random_forest,1,numeric__USM2_joint_idle_threshold_relative,0.0012512180236649633
random_forest,1,numeric__USM3_pose_global_movement_economy,0.0012368979918638368
random_forest,1,numeric__USM1_joint_pause_count,0.0012324376440495523
random_forest,1,numeric__USM0_joint_mean_speed_l2,0.0012317566621451853
random_forest,1,numeric__active_pair_path_length_b_rel,0.0012297513023723865
random_forest,1,numeric__USM2_joint_mean_abs_joint_velocity,0.001214965396899383
random_forest,1,numeric__USM2_pose_global_economy_area_xz,0.0012109653921131504
random_forest,1,numeric__USM0_USM3_pose_global_distance_range_rel,0.0012072313141736621
random_forest,1,numeric__USM2_pose_global_economy_area_xy,0.0011924359853466757
random_forest,1,numeric__USM0_joint_max_gap_seconds,0.0011922002556879689
random_forest,1,numeric__USM2_pose_global_y_range_m,0.0011557212691915208
random_forest,1,numeric__all_psm_pose_global_path_total_m,0.001152470184215109
random_forest,1,numeric__USM2_joint_max_jerk_l2,0.0010872267173168085
random_forest,1,numeric__USM3_pose_global_net_displacement_l2,0.0010698468860153468
random_forest,1,numeric__USM0_joint_max_joint_range,0.0010662028862350854
random_forest,1,numeric__USM2_USM3_pose_global_one_arm_only_active_fraction,0.001058329640461175
random_forest,1,numeric__USM3_pose_global_workspace_box_volume_m3,0.001037881325837425
random_forest,1,numeric__USM0_USM2_pose_global_both_idle_fraction,0.0010249320562897041
random_forest,1,numeric__USM1_joint_mean_joint_range,0.0010129524360939623
random_forest,1,numeric__USM2_joint_mean_acceleration_l2,0.0009973892810041572
random_forest,1,numeric__USM1_joint_tool_roll_q4_mean_abs_velocity,0.0009904549001910677
random_forest,1,numeric__USM1_joint_max_joint_range,0.0009714995428109991
random_forest,1,numeric__USM0_joint_idle_threshold_relative,0.00095030005175387
random_forest,1,numeric__USM0_USM2_pose_global_path_length_imbalance,0.0008460006201560073
random_forest,1,numeric__USM1_joint_idle_threshold_relative,0.0008244795173890677
random_forest,1,numeric__USM2_pose_global_path_l2,0.0008062165925084615
random_forest,1,numeric__USM1_joint_tool_roll_q4_path_l1,0.0007999036415703902
random_forest,1,numeric__USM2_pose_global_raw_path_l2,0.0007911162748952517
random_forest,1,numeric__USM1_joint_base_revolute_q0_q2_mean_range,0.0007909966769162482
random_forest,1,numeric__USM3_pose_global_rotation_path_radians,0.0007736206290213895
random_forest,1,numeric__USM2_pose_global_rotation_path_radians,0.0007624891065114738
random_forest,1,numeric__USM1_joint_mean_acceleration_l2,0.0007615542948334424
random_forest,1,numeric__USM1_joint_mean_speed_l2,0.0007147582983452125
random_forest,1,numeric__USM1_joint_raw_path_l2,0.0006911701216490128
random_forest,1,numeric__USM3_joint_insertion_q3_mean_range,0.0004110658476444783
random_forest,1,task__task_clean_suture,0.0003837656370766724
random_forest,1,numeric__USM0_USM2_pose_global_alignment_coverage,0.00022858571531278758
random_forest,1,numeric__USM3_joint_insertion_q3_mean_abs_velocity,0.00021751337616228236
random_forest,1,task__task_clean_sea_spikes,0.0001772384435838173
random_forest,1,numeric__USM3_joint_base_revolute_q0_q2_mean_abs_velocity,0.00016873293924791701
random_forest,1,task__task_clean_ring_rollercoaster,0.00011319261360311486
random_forest,1,task__task_clean_glove_cut,9.314434921328438e-05
random_forest,1,task__task_clean_camera_target,7.276444420921544e-05
random_forest,1,numeric__active_psm_count,2.416933617861074e-05
random_forest,1,numeric__active_pair_usm_b,1.0656066684166999e-05
random_forest,1,numeric__USM3_joint_pause_count,9.645781964932129e-06
random_forest,1,numeric__USM3_joint_pause_duration_seconds,5.451326173760592e-06
random_forest,1,numeric__USM0_joint_median_dt_seconds,0.0
random_forest,1,numeric__USM3_pose_global_active,0.0
random_forest,1,numeric__USM0_pose_global_active,0.0
random_forest,1,numeric__active_pair_usm_a,0.0
random_forest,2,numeric__USM3_joint_raw_path_l2,0.029923294855830125
random_forest,2,numeric__USM2_joint_base_revolute_q0_q2_mean_abs_velocity,0.027021307141908032
random_forest,2,numeric__USM2_pose_global_pause_duration_seconds,0.026781411371135756
random_forest,2,numeric__USM3_joint_distal_q5_q9_mean_range,0.026573003789588188
random_forest,2,numeric__USM0_pose_global_pause_duration_seconds,0.022648376900017687
random_forest,2,numeric__USM2_joint_pause_duration_seconds,0.021825335999706617
random_forest,2,numeric__USM2_joint_insertion_q3_mean_abs_velocity,0.02135877009261685
random_forest,2,numeric__duration_seconds,0.02051449372429365
random_forest,2,numeric__USM3_pose_global_pause_duration_seconds,0.018287871929460495
random_forest,2,numeric__USM0_pose_global_log_dimensionless_jerk,0.018131249961522756
random_forest,2,numeric__USM3_pose_global_pause_fraction,0.015940209811279492
random_forest,2,numeric__USM0_joint_pause_duration_seconds,0.015683941168931383
random_forest,2,numeric__USM2_pose_global_dimensionless_jerk,0.015116054018677504
random_forest,2,numeric__USM3_joint_tool_roll_q4_path_l1,0.013380809659224188
random_forest,2,numeric__USM3_joint_mean_joint_range,0.0127674682178333
random_forest,2,numeric__USM0_pose_global_dimensionless_jerk,0.012736108345204047
random_forest,2,numeric__USM2_pose_global_mean_angular_speed_rad_s,0.012558102126778572
random_forest,2,numeric__USM2_joint_base_revolute_q0_q2_path_l1,0.012084499161121297
random_forest,2,numeric__USM0_joint_base_revolute_q0_q2_mean_abs_velocity,0.012072568233400744
random_forest,2,numeric__active_pair_simultaneous_active_fraction,0.011945691317022594
random_forest,2,numeric__USM2_pose_global_mean_abs_angular_acceleration_rad_s2,0.011785403964545495
random_forest,2,numeric__USM0_pose_global_pause_count,0.011650584769682082
random_forest,2,numeric__USM2_joint_tool_roll_q4_mean_abs_velocity,0.01150501725998323
random_forest,2,numeric__USM0_USM2_pose_global_simultaneous_active_fraction,0.01089557040232831
random_forest,2,numeric__USM1_joint_pause_duration_seconds,0.010478368709003698
random_forest,2,numeric__USM3_pose_global_pause_count,0.009223106472845046
random_forest,2,numeric__USM0_joint_base_revolute_q0_q2_path_l1,0.008089310334759015
random_forest,2,numeric__USM3_joint_max_joint_range,0.007691128294592114
random_forest,2,numeric__USM2_pose_global_pause_count,0.007678529629390131
random_forest,2,numeric__USM0_pose_global_mean_angular_speed_rad_s,0.007442178808926738
random_forest,2,numeric__USM3_pose_global_idle_fraction_relative,0.007169134985530212
random_forest,2,numeric__USM0_joint_raw_path_l2,0.007148982405124462
random_forest,2,numeric__USM0_pose_global_max_speed_l2,0.006735056801397293
random_forest,2,numeric__all_usm_joint_path_l1_total,0.006636250852924446
random_forest,2,numeric__USM3_joint_max_speed_l2,0.006410418541427294
random_forest,2,numeric__USM0_pose_global_rms_speed_l2,0.0063776691385498
random_forest,2,numeric__USM2_joint_mean_abs_joint_velocity,0.006362197891400653
random_forest,2,numeric__USM2_joint_idle_fraction_relative,0.006315055942719975
random_forest,2,numeric__USM2_pose_global_idle_fraction_relative,0.006188422177834385
random_forest,2,numeric__USM3_pose_global_idle_threshold_relative,0.005912784724233487
random_forest,2,numeric__USM0_pose_global_max_jerk_l2,0.005801998120165888
random_forest,2,numeric__USM0_joint_jerk_cost,0.00575564725748062
random_forest,2,numeric__USM0_USM3_pose_global_speed_correlation,0.005692765802358596
random_forest,2,numeric__USM1_joint_jerk_cost,0.00552027449526677
random_forest,2,numeric__USM2_USM3_pose_global_std_distance_rel,0.005441363542708572
random_forest,2,numeric__USM0_USM3_pose_global_mean_abs_relative_speed,0.005424090134652641
random_forest,2,numeric__USM0_joint_insertion_q3_mean_range,0.005373558135572641
random_forest,2,numeric__USM2_pose_global_movement_economy,0.005335307498821218
random_forest,2,numeric__USM3_joint_base_revolute_q0_q2_mean_range,0.00531951311122417
random_forest,2,numeric__USM3_pose_global_mean_abs_angular_acceleration_rad_s2,0.005283268904545502
random_forest,2,numeric__USM0_joint_tool_roll_q4_mean_abs_velocity,0.005263827218025808
random_forest,2,numeric__USM0_joint_rms_speed_l2,0.005258519764573376
random_forest,2,numeric__USM0_pose_global_mean_abs_angular_acceleration_rad_s2,0.005239155410721429
random_forest,2,numeric__USM0_pose_global_mean_speed_l2,0.005167456237321721
random_forest,2,numeric__USM2_USM3_pose_global_speed_correlation,0.00512300113136009
random_forest,2,numeric__USM2_joint_insertion_q3_path_l1,0.005030397249203295
random_forest,2,numeric__USM3_joint_mean_speed_l2,0.004934362031300313
random_forest,2,numeric__USM3_joint_rms_speed_l2,0.004856468945662613
random_forest,2,numeric__USM1_joint_base_revolute_q0_q2_mean_abs_velocity,0.004833844196089921
random_forest,2,numeric__USM0_joint_insertion_q3_mean_abs_velocity,0.004775858686904413
random_forest,2,numeric__all_psm_pose_global_path_total_m,0.004654024543511469
random_forest,2,numeric__USM0_joint_idle_fraction_relative,0.004554236800233814
random_forest,2,numeric__USM2_joint_pause_fraction,0.004461568020999093
random_forest,2,numeric__USM3_pose_global_mean_angular_speed_rad_s,0.004460216291018968
random_forest,2,numeric__USM2_USM3_pose_global_path_length_imbalance,0.0044277779697451895
random_forest,2,numeric__USM3_pose_global_x_range_m,0.004322599958598753
random_forest,2,numeric__USM2_joint_pause_count,0.00430182366793143
random_forest,2,numeric__USM0_USM3_pose_global_both_idle_fraction,0.004279740587433115
random_forest,2,numeric__USM1_joint_max_speed_l2,0.004279508683479617
random_forest,2,numeric__USM0_pose_global_idle_threshold_relative,0.004148793146241348
random_forest,2,numeric__USM3_pose_global_economy_area_xy,0.004132512157378672
random_forest,2,numeric__USM0_USM3_pose_global_one_arm_only_active_fraction,0.004096305201077556
random_forest,2,numeric__USM0_joint_pause_count,0.003963565387892318
random_forest,2,numeric__USM0_USM3_pose_global_path_length_imbalance,0.0039019589450679645
random_forest,2,numeric__USM1_joint_max_jerk_l2,0.003887408647371512
random_forest,2,numeric__USM3_pose_global_dimensionless_jerk,0.0038390641175974865
random_forest,2,numeric__USM2_joint_movement_economy,0.0038181992387284485
random_forest,2,numeric__USM0_joint_base_revolute_q0_q2_mean_range,0.0038097764318993383
random_forest,2,numeric__USM2_joint_max_acceleration_l2,0.0037702649181681498
random_forest,2,numeric__USM1_joint_max_acceleration_l2,0.0036954613237783315
random_forest,2,numeric__USM0_pose_global_idle_fraction_relative,0.0036739385797590405
random_forest,2,numeric__USM2_joint_mean_speed_l2,0.0036108717934288776
random_forest,2,numeric__USM0_joint_idle_threshold_relative,0.0035649354463773496
random_forest,2,numeric__USM2_USM3_pose_global_simultaneous_active_fraction,0.0034957915861975842
random_forest,2,numeric__USM3_pose_global_log_dimensionless_jerk,0.003446172327290903
random_forest,2,numeric__USM2_joint_insertion_q3_mean_range,0.003437928580424263
random_forest,2,numeric__USM0_joint_insertion_q3_path_l1,0.0034265821106451715
random_forest,2,numeric__USM0_joint_tool_roll_q4_mean_range,0.003383969947578652
random_forest,2,numeric__USM2_joint_rms_speed_l2,0.003340560909430088
random_forest,2,numeric__USM1_joint_pause_count,0.0033235421990623916
random_forest,2,numeric__USM2_joint_tool_roll_q4_path_l1,0.0033193622895591984
random_forest,2,numeric__USM0_joint_max_jerk_l2,0.0033166814917043393
random_forest,2,numeric__USM0_pose_global_rotation_path_radians,0.0033149539246542523
random_forest,2,numeric__USM0_pose_global_pause_fraction,0.0032338231804527316
random_forest,2,numeric__USM2_pose_global_y_range_m,0.003202546900315953
random_forest,2,numeric__USM0_pose_global_raw_path_l2,0.003167410836104595
random_forest,2,numeric__USM0_pose_global_net_displacement_l2,0.0031384320809641577
random_forest,2,numeric__USM2_USM3_pose_global_both_idle_fraction,0.003097277167092666
random_forest,2,numeric__USM0_USM3_pose_global_simultaneous_active_fraction,0.0029876773865097975
random_forest,2,numeric__USM0_joint_mean_acceleration_l2,0.002952737982942413
random_forest,2,numeric__USM2_joint_base_revolute_q0_q2_mean_range,0.002942682145581359
random_forest,2,numeric__USM3_pose_global_max_angular_speed_rad_s,0.0029209561698937485
random_forest,2,numeric__USM2_pose_global_raw_path_l2,0.0029124085371579614
random_forest,2,numeric__USM0_joint_distal_q5_q9_mean_range,0.0028796595155912187
random_forest,2,numeric__USM1_joint_raw_path_l2,0.0028785527094224014
random_forest,2,numeric__USM3_pose_global_rms_speed_l2,0.0028777276678377066
random_forest,2,numeric__USM3_joint_base_revolute_q0_q2_path_l1,0.0028758929701611083
random_forest,2,numeric__USM1_joint_insertion_q3_path_l1,0.0028332787016088806
random_forest,2,numeric__USM2_joint_jerk_cost,0.0028301277405260532
random_forest,2,numeric__USM1_joint_distal_q5_q9_mean_range,0.0028165378049331926
random_forest,2,numeric__USM0_USM3_pose_global_mean_distance_rel,0.0028164742186409454
random_forest,2,numeric__USM0_pose_global_max_abs_angular_acceleration_rad_s2,0.0028043177129294453
random_forest,2,numeric__USM2_USM3_pose_global_distance_range_rel,0.002793282876705701
random_forest,2,numeric__USM0_pose_global_economy_area_yz,0.0027852646865766466
random_forest,2,numeric__USM1_joint_max_abs_joint_velocity,0.0027277767005401293
random_forest,2,numeric__USM0_joint_mean_speed_l2,0.0027124084712611845
random_forest,2,numeric__USM0_joint_max_speed_l2,0.0027044472663577276
random_forest,2,numeric__USM3_pose_global_z_range_m,0.002689638549706551
random_forest,2,numeric__USM2_joint_mean_joint_range,0.0026888381653828843
random_forest,2,numeric__USM0_pose_global_movement_economy,0.0026850341297594135
random_forest,2,numeric__USM3_pose_global_raw_path_l2,0.002658607218604174
random_forest,2,numeric__USM2_USM3_pose_global_mean_distance_rel,0.0026169673717418487
random_forest,2,numeric__USM3_pose_global_net_displacement_l2,0.002609846970658623
random_forest,2,numeric__USM3_pose_global_movement_economy,0.00258958403509462
random_forest,2,numeric__USM2_joint_mean_acceleration_l2,0.0025851403934770306
random_forest,2,numeric__USM1_joint_pause_fraction,0.0025488245511962786
random_forest,2,numeric__USM3_pose_global_y_range_m,0.0025203879288698884
random_forest,2,numeric__USM0_USM3_pose_global_distance_range_rel,0.0025066416373289114
random_forest,2,numeric__USM2_pose_global_idle_threshold_relative,0.0024957145613264914
random_forest,2,numeric__USM1_joint_insertion_q3_mean_range,0.002479247529266026
random_forest,2,numeric__USM1_joint_tool_roll_q4_mean_abs_velocity,0.0024746204255637855
random_forest,2,numeric__USM0_pose_global_x_range_m,0.00247250609419143
random_forest,2,numeric__USM2_pose_global_path_l2,0.002468979319776355
random_forest,2,numeric__USM2_joint_idle_threshold_relative,0.002435260604242174
random_forest,2,numeric__USM2_pose_global_max_abs_angular_acceleration_rad_s2,0.002423847833037506
random_forest,2,numeric__USM0_joint_max_acceleration_l2,0.0024166874418041213
random_forest,2,numeric__active_pair_one_arm_only_active_fraction,0.002393400115537683
random_forest,2,numeric__USM2_joint_max_jerk_l2,0.002358204837775425
random_forest,2,numeric__USM1_joint_net_displacement_l2,0.0023473327951399705
random_forest,2,numeric__USM3_pose_global_economy_volume,0.0023440363596157394
random_forest,2,numeric__USM0_USM2_pose_global_speed_correlation,0.0023382865538364482
random_forest,2,numeric__USM1_joint_mean_acceleration_l2,0.0023298911323763154
random_forest,2,numeric__USM2_joint_raw_path_l2,0.0023269395626600285
random_forest,2,numeric__USM3_pose_global_mean_speed_l2,0.002280349437573285
random_forest,2,numeric__USM2_pose_global_max_angular_speed_rad_s,0.002276324177069539
random_forest,2,numeric__USM1_joint_insertion_q3_mean_abs_velocity,0.0022519175756071067
random_forest,2,numeric__USM0_pose_global_path_l2,0.0022470608602466378
random_forest,2,numeric__USM1_joint_idle_fraction_relative,0.0022455383662338337
random_forest,2,numeric__USM0_pose_global_economy_area_xy,0.002243774529317178
random_forest,2,numeric__USM1_joint_max_joint_range,0.0021431042008470827
random_forest,2,numeric__active_pair_speed_correlation,0.002127776104334421
random_forest,2,numeric__USM2_pose_global_economy_area_xz,0.002102143433217057
random_forest,2,numeric__USM0_pose_global_max_angular_speed_rad_s,0.002082933104003125
random_forest,2,numeric__USM2_joint_max_joint_range,0.0020697727763784378
random_forest,2,numeric__USM0_joint_tool_roll_q4_path_l1,0.002053637778248881
random_forest,2,numeric__USM0_USM2_pose_global_one_arm_only_active_fraction,0.0020506360143381615
random_forest,2,numeric__USM0_USM2_pose_global_both_idle_fraction,0.0020423070946214202
random_forest,2,numeric__USM1_joint_movement_economy,0.002025826079035563
random_forest,2,numeric__USM2_USM3_pose_global_one_arm_only_active_fraction,0.0020256036349813188
random_forest,2,numeric__USM1_joint_base_revolute_q0_q2_path_l1,0.0020247969543829075
random_forest,2,numeric__USM3_joint_tool_roll_q4_mean_abs_velocity,0.002024779137354851
random_forest,2,numeric__USM2_joint_net_displacement_l2,0.0020223594367757966
random_forest,2,numeric__USM2_pose_global_x_range_m,0.002014159317091548
random_forest,2,numeric__USM2_pose_global_economy_area_yz,0.0019772766870789073
random_forest,2,numeric__USM2_pose_global_rotation_path_radians,0.001960416682304316
random_forest,2,numeric__USM3_joint_max_acceleration_l2,0.0019474671135934264
random_forest,2,numeric__active_pair_path_length_imbalance,0.0019394561732998278
random_forest,2,numeric__USM2_joint_max_abs_joint_velocity,0.0019365466072134095
random_forest,2,numeric__USM3_joint_idle_fraction_relative,0.0018913370161416751
random_forest,2,numeric__USM0_joint_max_joint_range,0.001888038780673465
random_forest,2,numeric__USM0_pose_global_economy_volume,0.0018422017199240458
random_forest,2,numeric__USM2_pose_global_z_range_m,0.0018345616792830323
random_forest,2,numeric__USM0_joint_movement_economy,0.0018334301799282236
random_forest,2,numeric__USM3_joint_insertion_q3_path_l1,0.0018232675290068264
random_forest,2,numeric__USM1_joint_tool_roll_q4_path_l1,0.0017908099579154126
random_forest,2,numeric__USM0_joint_mean_joint_range,0.001787166627578712
random_forest,2,numeric__USM3_pose_global_rotation_path_radians,0.0017502994189933542
random_forest,2,numeric__USM0_USM3_pose_global_std_distance_rel,0.0017184348391470988
random_forest,2,numeric__USM3_pose_global_max_acceleration_l2,0.0017007914445885172
random_forest,2,numeric__USM1_joint_mean_speed_l2,0.0016506556649221048
random_forest,2,numeric__USM1_joint_base_revolute_q0_q2_mean_range,0.0016067482834140638
random_forest,2,numeric__USM0_joint_net_displacement_l2,0.0016066498977223241
random_forest,2,numeric__USM3_pose_global_max_jerk_l2,0.001596797681167522
random_forest,2,numeric__USM2_pose_global_economy_volume,0.0015766880681437811
random_forest,2,numeric__USM1_joint_mean_joint_range,0.0015742572345751017
random_forest,2,numeric__USM3_pose_global_jerk_cost,0.001573396728460214
random_forest,2,numeric__USM0_pose_global_economy_area_xz,0.0015637061967248515
random_forest,2,numeric__USM3_joint_movement_economy,0.0015168256886213013
random_forest,2,numeric__USM0_USM2_pose_global_path_length_imbalance,0.0015166842194652866
random_forest,2,numeric__USM2_joint_distal_q5_q9_mean_range,0.001504793752858057
random_forest,2,numeric__USM3_pose_global_max_speed_l2,0.001394395652269005
random_forest,2,numeric__USM3_joint_net_displacement_l2,0.0013087639864228335
random_forest,2,numeric__USM3_pose_global_economy_area_yz,0.0012460080026043556
random_forest,2,numeric__USM1_joint_idle_threshold_relative,0.0012303682715727772
random_forest,2,numeric__USM0_pose_global_y_range_m,0.0012006285475841913
random_forest,2,numeric__USM2_joint_max_speed_l2,0.0010566226016083206
random_forest,2,numeric__USM3_pose_global_economy_area_xz,0.001023467683517268
random_forest,2,numeric__USM2_pose_global_economy_area_xy,0.0010040864979222134
random_forest,2,numeric__active_pair_path_length_b_rel,0.0009934107069897206
random_forest,2,numeric__USM3_pose_global_active,0.0009183965159710734
random_forest,2,numeric__USM3_joint_base_revolute_q0_q2_mean_abs_velocity,0.000689755447069739
random_forest,2,numeric__USM0_joint_max_gap_seconds,0.0005446713359710214
random_forest,2,task__task_clean_suture,0.0004950663890258504
random_forest,2,numeric__USM0_USM2_pose_global_alignment_coverage,0.00037208173020457255
random_forest,2,numeric__USM3_joint_insertion_q3_mean_range,0.0001896834372807938
random_forest,2,task__task_clean_sea_spikes,0.00013664599369336936
random_forest,2,task__task_clean_ring_rollercoaster,9.426250025696301e-05
random_forest,2,task__task_clean_camera_target,7.051652820995624e-05
random_forest,2,numeric__USM3_joint_insertion_q3_mean_abs_velocity,6.941388793708242e-05
random_forest,2,task__task_clean_glove_cut,6.556582043302832e-05
random_forest,2,numeric__USM0_joint_median_dt_seconds,0.0
random_forest,2,numeric__USM3_joint_pause_duration_seconds,0.0
random_forest,2,numeric__USM3_joint_pause_count,0.0
random_forest,2,numeric__USM0_pose_global_active,0.0
random_forest,2,numeric__active_pair_usm_a,0.0
random_forest,2,numeric__active_pair_usm_b,0.0
random_forest,3,numeric__USM3_pose_global_pause_duration_seconds,0.036041342835023894
random_forest,3,numeric__USM2_joint_pause_duration_seconds,0.03173444108692189
random_forest,3,numeric__USM0_pose_global_pause_duration_seconds,0.02998249408241648
random_forest,3,numeric__USM2_pose_global_pause_duration_seconds,0.02071516215557447
random_forest,3,numeric__USM2_pose_global_pause_count,0.019449465302157885
random_forest,3,numeric__USM2_joint_base_revolute_q0_q2_mean_abs_velocity,0.01880112228450691
random_forest,3,numeric__USM0_joint_pause_duration_seconds,0.017564943297345932
random_forest,3,numeric__USM0_joint_base_revolute_q0_q2_mean_abs_velocity,0.01691325006778358
random_forest,3,numeric__duration_seconds,0.016906855107158468
random_forest,3,numeric__USM3_joint_raw_path_l2,0.016547164726010984
random_forest,3,numeric__USM2_pose_global_mean_angular_speed_rad_s,0.015833062377276143
random_forest,3,numeric__USM3_pose_global_pause_fraction,0.015636466075834264
random_forest,3,numeric__USM0_pose_global_log_dimensionless_jerk,0.015190321105325373
random_forest,3,numeric__active_pair_simultaneous_active_fraction,0.015157751880762125
random_forest,3,numeric__USM2_pose_global_mean_abs_angular_acceleration_rad_s2,0.014789724117066961
random_forest,3,numeric__USM0_pose_global_dimensionless_jerk,0.014600632737871478
random_forest,3,numeric__USM3_joint_distal_q5_q9_mean_range,0.014428062953609587
random_forest,3,numeric__USM3_pose_global_idle_fraction_relative,0.013334537410552978
random_forest,3,numeric__USM2_joint_insertion_q3_mean_abs_velocity,0.011666083649797713
random_forest,3,numeric__USM0_USM3_pose_global_path_length_imbalance,0.0116402719052905
random_forest,3,numeric__USM2_pose_global_dimensionless_jerk,0.010819482536045415
random_forest,3,numeric__USM0_pose_global_rms_speed_l2,0.009914478341456706
random_forest,3,numeric__USM2_pose_global_log_dimensionless_jerk,0.009747266197198526
random_forest,3,numeric__USM0_USM3_pose_global_speed_correlation,0.0093938118969448
random_forest,3,numeric__USM0_pose_global_pause_count,0.009297009859625527
random_forest,3,numeric__USM2_joint_tool_roll_q4_mean_abs_velocity,0.009285017348145535
random_forest,3,numeric__USM3_pose_global_pause_count,0.009174412100882717
random_forest,3,numeric__USM0_pose_global_mean_abs_angular_acceleration_rad_s2,0.008118330953763738
random_forest,3,numeric__USM2_joint_pause_count,0.00809506870284412
random_forest,3,numeric__USM2_joint_idle_fraction_relative,0.007948745907128891
random_forest,3,numeric__USM3_joint_tool_roll_q4_path_l1,0.007568541016941865
random_forest,3,numeric__all_usm_joint_path_l1_total,0.006808590373560109
random_forest,3,numeric__USM0_USM2_pose_global_simultaneous_active_fraction,0.006705592108456228
random_forest,3,numeric__USM2_USM3_pose_global_path_length_imbalance,0.0066679713419993914
random_forest,3,numeric__USM3_pose_global_idle_threshold_relative,0.006413977012611199
random_forest,3,numeric__USM1_joint_pause_duration_seconds,0.006262814612296616
random_forest,3,numeric__USM0_joint_insertion_q3_mean_abs_velocity,0.006011801671263426
random_forest,3,numeric__USM0_pose_global_mean_angular_speed_rad_s,0.005992128212212687
random_forest,3,numeric__USM0_pose_global_max_speed_l2,0.0059540105073316064
random_forest,3,numeric__USM2_joint_pause_fraction,0.0059256007957336895
random_forest,3,numeric__USM0_joint_base_revolute_q0_q2_path_l1,0.005798959796491533
random_forest,3,numeric__USM2_USM3_pose_global_speed_correlation,0.005791586497264131
random_forest,3,numeric__USM0_pose_global_raw_path_l2,0.0054995068087410875
random_forest,3,numeric__USM3_pose_global_log_dimensionless_jerk,0.005490616911208416
random_forest,3,numeric__USM3_joint_base_revolute_q0_q2_mean_range,0.0054332533700560265
random_forest,3,numeric__USM2_USM3_pose_global_std_distance_rel,0.005295109841319722
random_forest,3,numeric__USM2_pose_global_mean_speed_l2,0.0052788445040491076
random_forest,3,numeric__USM0_joint_pause_count,0.005272536874106934
random_forest,3,numeric__USM3_joint_max_speed_l2,0.005119858318474564
random_forest,3,numeric__USM2_joint_base_revolute_q0_q2_path_l1,0.005069097366301538
random_forest,3,numeric__USM3_pose_global_dimensionless_jerk,0.005036469665143241
random_forest,3,numeric__USM3_pose_global_max_angular_speed_rad_s,0.005030961805147617
random_forest,3,numeric__USM0_pose_global_max_jerk_l2,0.004871788627692476
random_forest,3,numeric__USM3_joint_mean_joint_range,0.004859031130305904
random_forest,3,numeric__USM0_USM3_pose_global_both_idle_fraction,0.004777508797878726
random_forest,3,numeric__USM2_pose_global_pause_fraction,0.004756272068334904
random_forest,3,numeric__USM0_pose_global_path_l2,0.0046076652908349745
random_forest,3,numeric__USM2_joint_mean_abs_joint_velocity,0.004541559355144937
random_forest,3,numeric__USM3_pose_global_max_acceleration_l2,0.0044075369405272725
random_forest,3,numeric__USM2_joint_insertion_q3_path_l1,0.004318625183111786
random_forest,3,numeric__USM3_pose_global_mean_angular_speed_rad_s,0.004314608341629149
random_forest,3,numeric__USM2_USM3_pose_global_both_idle_fraction,0.004314280607720455
random_forest,3,numeric__USM2_USM3_pose_global_simultaneous_active_fraction,0.004293403800943867
random_forest,3,numeric__USM0_joint_idle_fraction_relative,0.004150130040187303
random_forest,3,numeric__USM3_pose_global_rotation_path_radians,0.00413434602080919
random_forest,3,numeric__USM0_joint_raw_path_l2,0.004123330598725139
random_forest,3,numeric__all_psm_pose_global_path_total_m,0.004074711868393724
random_forest,3,numeric__USM0_pose_global_mean_speed_l2,0.003998936297311494
random_forest,3,numeric__USM2_pose_global_max_angular_speed_rad_s,0.0039238645286917805
random_forest,3,numeric__USM0_joint_base_revolute_q0_q2_mean_range,0.0038987558052184746
random_forest,3,numeric__USM1_joint_insertion_q3_mean_abs_velocity,0.003795979911855663
random_forest,3,numeric__USM1_joint_base_revolute_q0_q2_mean_abs_velocity,0.0037939290843274093
random_forest,3,numeric__USM3_pose_global_raw_path_l2,0.003783860683560499
random_forest,3,numeric__USM0_joint_jerk_cost,0.0037277166631584703
random_forest,3,numeric__USM2_USM3_pose_global_one_arm_only_active_fraction,0.003687565867453899
random_forest,3,numeric__USM1_joint_net_displacement_l2,0.00358355115802435
random_forest,3,numeric__USM3_pose_global_z_range_m,0.003577423213700691
random_forest,3,numeric__USM3_pose_global_mean_abs_angular_acceleration_rad_s2,0.003562217541705626
random_forest,3,numeric__USM0_pose_global_idle_fraction_relative,0.0035526215535193265
random_forest,3,numeric__USM2_pose_global_idle_fraction_relative,0.00350903816656814
random_forest,3,numeric__USM0_joint_tool_roll_q4_path_l1,0.0034880997625467737
random_forest,3,numeric__USM0_joint_insertion_q3_path_l1,0.0034403149109148707
random_forest,3,numeric__USM0_USM3_pose_global_simultaneous_active_fraction,0.003428013690986088
random_forest,3,numeric__USM0_joint_tool_roll_q4_mean_abs_velocity,0.0034268071167974155
random_forest,3,numeric__USM3_joint_max_joint_range,0.0033624830017767444
random_forest,3,numeric__USM2_joint_base_revolute_q0_q2_mean_range,0.0033557651836475955
random_forest,3,numeric__USM3_pose_global_economy_area_xy,0.0033489211612323295
random_forest,3,numeric__USM0_USM2_pose_global_speed_correlation,0.003285499474306651
random_forest,3,numeric__USM2_joint_distal_q5_q9_mean_range,0.003284835702545459
random_forest,3,numeric__USM3_pose_global_max_speed_l2,0.0032643139142021146
random_forest,3,numeric__USM2_joint_idle_threshold_relative,0.0032476116424407712
random_forest,3,numeric__USM0_joint_insertion_q3_mean_range,0.0031690389412309676
random_forest,3,numeric__USM1_joint_max_acceleration_l2,0.003143929266112567
random_forest,3,numeric__USM2_pose_global_economy_area_yz,0.003124362023367865
random_forest,3,numeric__USM0_joint_idle_threshold_relative,0.0031060565398954806
random_forest,3,numeric__USM0_USM2_pose_global_both_idle_fraction,0.0030959419279366724
random_forest,3,numeric__USM0_joint_mean_acceleration_l2,0.003044474890391987
random_forest,3,numeric__USM0_pose_global_rotation_path_radians,0.003036802662041157
random_forest,3,numeric__USM2_joint_mean_joint_range,0.0030233607055546886
random_forest,3,numeric__USM3_joint_base_revolute_q0_q2_path_l1,0.002999503235328158
random_forest,3,numeric__USM3_joint_mean_speed_l2,0.002970022247645436
random_forest,3,numeric__USM3_pose_global_net_displacement_l2,0.002937678064567927
random_forest,3,numeric__USM0_USM3_pose_global_mean_abs_relative_speed,0.002935759987313891
random_forest,3,numeric__USM0_pose_global_pause_fraction,0.002910076197730074
random_forest,3,numeric__USM3_pose_global_x_range_m,0.0029095516255684337
random_forest,3,numeric__USM2_pose_global_max_abs_angular_acceleration_rad_s2,0.0029022296395000533
random_forest,3,numeric__USM2_joint_mean_speed_l2,0.0028899254422531094
random_forest,3,numeric__USM0_joint_movement_economy,0.002855096700412096
random_forest,3,numeric__USM3_pose_global_jerk_cost,0.0028431837331897
random_forest,3,numeric__USM2_pose_global_idle_threshold_relative,0.0028247380572608226
random_forest,3,numeric__active_pair_one_arm_only_active_fraction,0.00280094537988396
random_forest,3,numeric__USM1_joint_insertion_q3_mean_range,0.0027975892853041
random_forest,3,numeric__USM0_joint_mean_speed_l2,0.00279225809109479
random_forest,3,numeric__USM2_joint_mean_acceleration_l2,0.0027751611827627246
random_forest,3,numeric__USM2_pose_global_raw_path_l2,0.0027484506055769384
random_forest,3,numeric__USM3_joint_rms_speed_l2,0.002723737078340239
random_forest,3,numeric__USM0_joint_mean_joint_range,0.0026946985876204034
random_forest,3,numeric__USM0_joint_distal_q5_q9_mean_range,0.0026639686198144576
random_forest,3,numeric__USM2_joint_jerk_cost,0.002655788593788094
random_forest,3,numeric__USM3_pose_global_rms_speed_l2,0.0026379811790453516
random_forest,3,numeric__USM3_pose_global_mean_speed_l2,0.0025755678344130286
random_forest,3,numeric__USM3_joint_max_acceleration_l2,0.00257075116816559
random_forest,3,numeric__USM1_joint_max_abs_joint_velocity,0.002569569390441164
random_forest,3,numeric__USM3_pose_global_y_range_m,0.002550380816424256
random_forest,3,numeric__USM1_joint_pause_fraction,0.0025488845307118212
random_forest,3,numeric__USM2_joint_rms_speed_l2,0.0025472271143327243
random_forest,3,numeric__USM0_joint_max_joint_range,0.002539273462142184
random_forest,3,numeric__USM3_joint_movement_economy,0.002530136994072497
random_forest,3,numeric__USM2_joint_raw_path_l2,0.0025287065632291655
random_forest,3,numeric__USM0_joint_tool_roll_q4_mean_range,0.0025273397406536235
random_forest,3,numeric__USM2_joint_movement_economy,0.0025161223758829155
random_forest,3,numeric__USM1_joint_jerk_cost,0.0025058665141633124
random_forest,3,numeric__USM1_joint_movement_economy,0.0025001678472480263
random_forest,3,numeric__USM1_joint_base_revolute_q0_q2_mean_range,0.0024861467906603573
random_forest,3,numeric__USM0_joint_net_displacement_l2,0.0024757885174757077
random_forest,3,numeric__USM2_pose_global_rotation_path_radians,0.002474699858328958
random_forest,3,numeric__USM3_joint_tool_roll_q4_mean_abs_velocity,0.0024672467537470415
random_forest,3,numeric__USM0_joint_max_jerk_l2,0.0024659345745290423
random_forest,3,numeric__USM2_pose_global_path_l2,0.002458881511689673
random_forest,3,numeric__active_pair_speed_correlation,0.002451112305718501
random_forest,3,numeric__USM0_pose_global_economy_area_xy,0.0024344830782671765
random_forest,3,numeric__USM3_pose_global_movement_economy,0.002423692674461818
random_forest,3,numeric__USM1_joint_distal_q5_q9_mean_range,0.002413878886576666
random_forest,3,numeric__USM2_pose_global_z_range_m,0.0024100704555561985
random_forest,3,numeric__USM2_joint_max_acceleration_l2,0.002397065387138717
random_forest,3,numeric__USM1_joint_max_speed_l2,0.0023531541402554653
random_forest,3,numeric__USM1_joint_raw_path_l2,0.0023222188642811727
random_forest,3,numeric__USM0_joint_max_speed_l2,0.002319409600780215
random_forest,3,numeric__USM0_pose_global_economy_volume,0.0023177949526607755
random_forest,3,numeric__USM1_joint_insertion_q3_path_l1,0.0022735795853878944
random_forest,3,numeric__USM2_joint_net_displacement_l2,0.002263893009422725
random_forest,3,numeric__USM0_joint_rms_speed_l2,0.002250236589474476
random_forest,3,numeric__USM3_pose_global_economy_area_xz,0.002240621470209705
random_forest,3,numeric__USM3_joint_insertion_q3_path_l1,0.0022081538695964244
random_forest,3,numeric__USM1_joint_max_jerk_l2,0.002191328391413252
random_forest,3,numeric__USM0_USM3_pose_global_distance_range_rel,0.0021886705738815336
random_forest,3,numeric__USM0_pose_global_max_angular_speed_rad_s,0.0021680488363540608
random_forest,3,numeric__USM1_joint_pause_count,0.0021630239241345935
random_forest,3,numeric__USM0_USM3_pose_global_one_arm_only_active_fraction,0.0021463418528515827
random_forest,3,numeric__USM1_joint_base_revolute_q0_q2_path_l1,0.0021072103374300483
random_forest,3,numeric__active_pair_path_length_imbalance,0.0021012200758545488
random_forest,3,numeric__USM0_pose_global_idle_threshold_relative,0.0020863557622056153
random_forest,3,numeric__USM0_pose_global_economy_area_yz,0.0020777285494308654
random_forest,3,numeric__USM0_USM3_pose_global_mean_distance_rel,0.0020732543502212843
random_forest,3,numeric__USM0_USM3_pose_global_std_distance_rel,0.0020618210312867294
random_forest,3,numeric__USM2_joint_max_jerk_l2,0.0020570407366329244
random_forest,3,numeric__USM0_pose_global_max_abs_angular_acceleration_rad_s2,0.0020414058684148895
random_forest,3,numeric__USM0_pose_global_net_displacement_l2,0.0020350347016804527
random_forest,3,numeric__USM2_pose_global_movement_economy,0.002025188757452867
random_forest,3,numeric__USM1_joint_tool_roll_q4_path_l1,0.0019593524895507863
random_forest,3,numeric__USM0_pose_global_movement_economy,0.0019426356529125353
random_forest,3,numeric__USM2_USM3_pose_global_mean_distance_rel,0.0019317037028222172
random_forest,3,numeric__USM2_pose_global_y_range_m,0.0019293148717219918
random_forest,3,numeric__USM2_joint_insertion_q3_mean_range,0.0018908609759754544
random_forest,3,numeric__USM1_joint_tool_roll_q4_mean_abs_velocity,0.0018675786467104447
random_forest,3,numeric__USM1_joint_idle_fraction_relative,0.001855171268366187
random_forest,3,numeric__active_pair_path_length_b_rel,0.0018130517156334507
random_forest,3,numeric__USM2_USM3_pose_global_distance_range_rel,0.0018126960084896566
random_forest,3,numeric__USM2_pose_global_economy_area_xy,0.0017984271563560228
random_forest,3,numeric__USM1_joint_mean_acceleration_l2,0.0017626328482393183
random_forest,3,numeric__USM0_joint_max_acceleration_l2,0.0017494051140498695
random_forest,3,numeric__USM3_joint_net_displacement_l2,0.0017354577451322674
random_forest,3,numeric__USM2_joint_max_joint_range,0.0017335482300233095
random_forest,3,numeric__USM2_joint_max_abs_joint_velocity,0.0017326068868878488
random_forest,3,numeric__USM0_USM2_pose_global_one_arm_only_active_fraction,0.001717896700713235
random_forest,3,numeric__USM2_pose_global_economy_area_xz,0.0017068998373471849
random_forest,3,numeric__USM0_pose_global_economy_area_xz,0.0016913961708938268
random_forest,3,numeric__USM2_pose_global_workspace_box_volume_m3,0.0016874377753678033
random_forest,3,numeric__USM1_joint_mean_joint_range,0.0016840325123290755
random_forest,3,numeric__USM3_joint_idle_fraction_relative,0.0016688649871584756
random_forest,3,numeric__USM0_USM2_pose_global_path_length_imbalance,0.0016404526759748212
random_forest,3,numeric__USM3_pose_global_economy_area_yz,0.0016324886455920016
random_forest,3,numeric__USM3_pose_global_max_jerk_l2,0.0015893132500454225
random_forest,3,numeric__USM3_pose_global_economy_volume,0.0015836125466509483
random_forest,3,numeric__USM0_pose_global_y_range_m,0.001565574209986437
random_forest,3,numeric__USM0_pose_global_x_range_m,0.001564217288351092
random_forest,3,numeric__USM1_joint_mean_speed_l2,0.0015044053344562497
random_forest,3,numeric__USM1_joint_max_joint_range,0.001500098304732621
random_forest,3,numeric__USM2_pose_global_economy_volume,0.0014843895335168635
random_forest,3,numeric__USM2_pose_global_x_range_m,0.0014254131566217782
random_forest,3,numeric__USM2_joint_max_speed_l2,0.0013200772170522941
random_forest,3,numeric__USM2_joint_tool_roll_q4_path_l1,0.0012323334940575912
random_forest,3,numeric__USM3_joint_insertion_q3_mean_range,0.0011528249636268075
random_forest,3,numeric__USM3_pose_global_workspace_box_volume_m3,0.0011050484243198466
random_forest,3,numeric__USM0_joint_max_gap_seconds,0.000881855286294537
random_forest,3,numeric__USM3_joint_base_revolute_q0_q2_mean_abs_velocity,0.0007682664957868009
random_forest,3,task__task_clean_suture,0.0005471029037406857
random_forest,3,numeric__USM3_joint_insertion_q3_mean_abs_velocity,0.00047449932102930977
random_forest,3,numeric__USM0_USM2_pose_global_alignment_coverage,0.00046976998483638343
random_forest,3,task__task_clean_camera_target,0.00032603514631256766
random_forest,3,numeric__active_psm_count,0.00024806247651397797
random_forest,3,task__task_clean_sea_spikes,0.00019840006895843382
random_forest,3,numeric__USM3_joint_pause_count,0.00017858564925796373
random_forest,3,task__task_clean_ring_rollercoaster,0.0001230249928197085
random_forest,3,task__task_clean_glove_cut,0.00010494244641894066
random_forest,3,numeric__USM3_pose_global_active,9.278154167623852e-05
random_forest,3,numeric__USM3_joint_pause_duration_seconds,7.963621220329347e-05
random_forest,3,numeric__active_pair_usm_b,5.424254284226357e-05
random_forest,3,numeric__USM0_joint_median_dt_seconds,0.0
random_forest,3,numeric__USM0_pose_global_active,0.0
random_forest,3,numeric__active_pair_usm_a,0.0
random_forest,4,numeric__USM3_pose_global_pause_duration_seconds,0.1851226110312079
random_forest,4,numeric__USM2_joint_pause_duration_seconds,0.05763794617254097
random_forest,4,numeric__USM3_joint_distal_q5_q9_mean_range,0.04548053116158856
random_forest,4,numeric__duration_seconds,0.027097016967225204
random_forest,4,numeric__USM2_pose_global_pause_duration_seconds,0.021666623975843624
random_forest,4,numeric__USM3_joint_raw_path_l2,0.021645019542747904
random_forest,4,numeric__USM3_pose_global_pause_count,0.02068336321997383
random_forest,4,numeric__USM2_joint_base_revolute_q0_q2_mean_abs_velocity,0.01793746534732137
random_forest,4,numeric__USM3_pose_global_pause_fraction,0.015281543021160061
random_forest,4,numeric__USM2_pose_global_mean_abs_angular_acceleration_rad_s2,0.015112170895761775
random_forest,4,numeric__USM0_pose_global_rms_speed_l2,0.014261041287608456
random_forest,4,numeric__USM0_pose_global_pause_duration_seconds,0.014005083539917387
random_forest,4,numeric__all_usm_joint_path_l1_total,0.012197934178056886
random_forest,4,numeric__USM0_pose_global_raw_path_l2,0.010331510135312779
random_forest,4,numeric__USM2_pose_global_mean_acceleration_l2,0.010322351378156434
random_forest,4,numeric__USM3_joint_max_speed_l2,0.010090647291512872
random_forest,4,numeric__USM2_pose_global_mean_angular_speed_rad_s,0.009734468786429076
random_forest,4,numeric__USM2_joint_insertion_q3_mean_abs_velocity,0.009687503166129525
random_forest,4,numeric__USM0_pose_global_mean_abs_angular_acceleration_rad_s2,0.009394823015185115
random_forest,4,numeric__active_pair_simultaneous_active_fraction,0.009143209224111139
random_forest,4,numeric__USM0_joint_base_revolute_q0_q2_path_l1,0.008943509568419872
random_forest,4,numeric__USM3_joint_base_revolute_q0_q2_mean_range,0.008318132128948531
random_forest,4,numeric__USM1_joint_pause_duration_seconds,0.00794960592175715
random_forest,4,numeric__USM1_joint_jerk_cost,0.007591069916911648
random_forest,4,numeric__USM1_joint_max_abs_joint_velocity,0.007479176863992912
random_forest,4,numeric__USM0_joint_base_revolute_q0_q2_mean_abs_velocity,0.007420563014117293
random_forest,4,numeric__USM3_pose_global_idle_fraction_relative,0.007341133311627261
random_forest,4,numeric__USM0_pose_global_mean_acceleration_l2,0.006828415421904555
random_forest,4,numeric__USM0_pose_global_max_abs_angular_acceleration_rad_s2,0.006825914850732891
random_forest,4,numeric__USM2_joint_idle_fraction_relative,0.006626685423804316
random_forest,4,numeric__USM2_pose_global_pause_count,0.006623689629369715
random_forest,4,numeric__USM2_joint_pause_fraction,0.006598085190198645
random_forest,4,numeric__USM1_joint_max_speed_l2,0.006514612263006744
random_forest,4,numeric__USM0_joint_pause_duration_seconds,0.00642377486774807
random_forest,4,numeric__USM0_joint_raw_path_l2,0.006042592612752129
random_forest,4,numeric__USM2_USM3_pose_global_path_length_imbalance,0.0059947190204628015
random_forest,4,numeric__USM0_joint_insertion_q3_mean_range,0.005591435793550007
random_forest,4,numeric__USM0_pose_global_max_speed_l2,0.005548597640400719
random_forest,4,numeric__USM0_USM3_pose_global_path_length_imbalance,0.005425382089471532
random_forest,4,numeric__USM0_pose_global_max_angular_speed_rad_s,0.005339446477505472
random_forest,4,numeric__USM3_joint_base_revolute_q0_q2_path_l1,0.005286718531536811
random_forest,4,numeric__USM2_joint_base_revolute_q0_q2_path_l1,0.0052271546507202445
random_forest,4,numeric__USM3_pose_global_idle_threshold_relative,0.00508763750377375
random_forest,4,numeric__USM0_pose_global_log_dimensionless_jerk,0.0049981637693830815
random_forest,4,numeric__USM0_USM2_pose_global_std_distance_rel,0.004968262361746933
random_forest,4,numeric__USM2_USM3_pose_global_speed_correlation,0.004927822784059277
random_forest,4,numeric__USM0_USM2_pose_global_simultaneous_active_fraction,0.004810898051684717
random_forest,4,numeric__USM2_joint_tool_roll_q4_mean_abs_velocity,0.00459657109389203
random_forest,4,numeric__USM3_joint_jerk_cost,0.004433173087807536
random_forest,4,numeric__USM0_pose_global_pause_count,0.004420803381567637
random_forest,4,numeric__USM3_joint_mean_joint_range,0.004336784292663142
random_forest,4,numeric__USM0_joint_pause_count,0.004017398616966601
random_forest,4,numeric__USM0_USM3_pose_global_simultaneous_active_fraction,0.003937251357518885
random_forest,4,numeric__USM0_USM3_pose_global_both_idle_fraction,0.003922964702973676
random_forest,4,numeric__USM1_joint_net_displacement_l2,0.0038943589482363255
random_forest,4,numeric__USM1_joint_max_acceleration_l2,0.003864969215747931
random_forest,4,numeric__USM1_joint_movement_economy,0.0038155534981913182
random_forest,4,numeric__USM0_USM3_pose_global_speed_correlation,0.003694304906541035
random_forest,4,numeric__USM0_joint_rms_speed_l2,0.0036509325153375
random_forest,4,numeric__USM0_pose_global_economy_area_yz,0.003641504962503155
random_forest,4,numeric__USM0_joint_max_acceleration_l2,0.0034810189261513832
random_forest,4,numeric__USM0_joint_jerk_cost,0.003464763224169878
random_forest,4,numeric__USM3_pose_global_z_range_m,0.003404516384691322
random_forest,4,numeric__USM0_joint_max_speed_l2,0.003395413283535967
random_forest,4,numeric__USM2_joint_mean_joint_range,0.003383564747317305
random_forest,4,numeric__USM3_joint_tool_roll_q4_mean_abs_velocity,0.0033643754230856834
random_forest,4,numeric__USM0_joint_insertion_q3_path_l1,0.003263422685164944
random_forest,4,numeric__USM0_joint_base_revolute_q0_q2_mean_range,0.003261718782527542
random_forest,4,numeric__USM2_pose_global_pause_fraction,0.0032230532004494487
random_forest,4,numeric__USM3_joint_max_joint_range,0.0030441363256834453
random_forest,4,numeric__USM2_pose_global_z_range_m,0.002987250389532511
random_forest,4,numeric__USM1_joint_distal_q5_q9_mean_range,0.0029065012984237585
random_forest,4,numeric__USM2_pose_global_max_angular_speed_rad_s,0.002866379445036752
random_forest,4,numeric__USM0_pose_global_dimensionless_jerk,0.002850530149663005
random_forest,4,numeric__USM0_pose_global_economy_volume,0.0028161187482067204
random_forest,4,numeric__USM1_joint_insertion_q3_mean_range,0.00281360431784323
random_forest,4,numeric__USM2_joint_insertion_q3_mean_range,0.0026250719551710465
random_forest,4,numeric__USM0_joint_insertion_q3_mean_abs_velocity,0.0025382062443788044
random_forest,4,numeric__active_pair_one_arm_only_active_fraction,0.002489270690144786
random_forest,4,numeric__USM3_pose_global_rms_speed_l2,0.0024814061460596637
random_forest,4,numeric__USM2_USM3_pose_global_mean_abs_relative_speed,0.002453704638035548
random_forest,4,numeric__USM0_joint_movement_economy,0.002447378655476123
random_forest,4,numeric__all_psm_pose_global_path_total_m,0.002425135419639161
random_forest,4,numeric__USM3_joint_mean_speed_l2,0.0024099783006571065
random_forest,4,numeric__USM0_joint_tool_roll_q4_mean_abs_velocity,0.002363693555086089
random_forest,4,numeric__USM2_pose_global_log_dimensionless_jerk,0.0023469096219265427
random_forest,4,numeric__USM2_USM3_pose_global_mean_distance_rel,0.0023237046047592342
random_forest,4,numeric__USM2_pose_global_max_abs_angular_acceleration_rad_s2,0.0022876333015011555
random_forest,4,numeric__USM0_USM3_pose_global_std_distance_rel,0.0022870737290423917
random_forest,4,numeric__USM0_pose_global_movement_economy,0.0022343693885878034
random_forest,4,numeric__USM0_pose_global_rotation_path_radians,0.002213362782240111
random_forest,4,numeric__USM1_joint_max_jerk_l2,0.0021600792930608096
random_forest,4,numeric__USM0_joint_net_displacement_l2,0.0021141205698475027
random_forest,4,numeric__USM2_joint_movement_economy,0.0020974285538788956
random_forest,4,numeric__USM3_joint_max_acceleration_l2,0.002095279837533226
random_forest,4,numeric__USM3_pose_global_dimensionless_jerk,0.002094184442540814
random_forest,4,numeric__USM0_joint_max_joint_range,0.002089193736749765
random_forest,4,numeric__USM3_pose_global_economy_area_xy,0.002020742569276253
random_forest,4,numeric__USM2_USM3_pose_global_simultaneous_active_fraction,0.0020019836704172115
random_forest,4,numeric__USM0_joint_mean_speed_l2,0.001990402592374785
random_forest,4,numeric__USM3_joint_idle_fraction_relative,0.0019798765176406745
random_forest,4,numeric__USM2_joint_mean_abs_joint_velocity,0.001965698929752167
random_forest,4,numeric__USM3_pose_global_x_range_m,0.0019540649785274268
random_forest,4,numeric__USM0_joint_idle_fraction_relative,0.0019054397808443294
random_forest,4,numeric__USM2_joint_pause_count,0.001837116273731703
random_forest,4,numeric__USM3_pose_global_economy_area_xz,0.0018212257070476098
random_forest,4,numeric__USM0_pose_global_mean_angular_speed_rad_s,0.0017971028868684418
random_forest,4,numeric__USM3_pose_global_mean_angular_speed_rad_s,0.001768692633165187
random_forest,4,numeric__USM2_joint_insertion_q3_path_l1,0.001740515541658909
random_forest,4,numeric__USM3_joint_net_displacement_l2,0.0017221651159800293
random_forest,4,numeric__USM2_joint_base_revolute_q0_q2_mean_range,0.0017213994369932415
random_forest,4,numeric__active_pair_path_length_b_rel,0.0017168957197643566
random_forest,4,numeric__USM0_joint_distal_q5_q9_mean_range,0.001713667486947298
random_forest,4,numeric__USM0_USM3_pose_global_mean_distance_rel,0.001634946302335492
random_forest,4,numeric__USM0_pose_global_net_displacement_l2,0.0016230307296440042
random_forest,4,numeric__USM2_USM3_pose_global_std_distance_rel,0.0016147295609419913
random_forest,4,numeric__USM0_joint_tool_roll_q4_mean_range,0.0016116162548591945
random_forest,4,numeric__USM1_joint_pause_fraction,0.0015998108810734248
random_forest,4,numeric__USM2_USM3_pose_global_both_idle_fraction,0.0015952180200256676
random_forest,4,numeric__USM2_joint_max_jerk_l2,0.0015890613898175035
random_forest,4,numeric__USM0_joint_max_jerk_l2,0.0015834655801115214
random_forest,4,numeric__USM2_USM3_pose_global_distance_range_rel,0.0015757460497154042
random_forest,4,numeric__USM1_joint_base_revolute_q0_q2_mean_abs_velocity,0.0015754871066213075
random_forest,4,numeric__USM3_pose_global_max_acceleration_l2,0.001568476439933166
random_forest,4,numeric__USM3_pose_global_max_speed_l2,0.001554893930380625
random_forest,4,numeric__USM1_joint_insertion_q3_mean_abs_velocity,0.0015406991720395519
random_forest,4,numeric__USM2_pose_global_economy_volume,0.0015406555140562305
random_forest,4,numeric__USM0_pose_global_economy_area_xz,0.0015390062372869883
random_forest,4,numeric__USM2_joint_net_displacement_l2,0.0015272440579328513
random_forest,4,numeric__USM1_joint_idle_fraction_relative,0.0015262065865382377
random_forest,4,numeric__USM3_pose_global_y_range_m,0.0015237501112865585
random_forest,4,numeric__USM2_joint_max_abs_joint_velocity,0.001518297893108805
random_forest,4,numeric__USM2_pose_global_idle_fraction_relative,0.0015181198668248821
random_forest,4,numeric__USM0_USM3_pose_global_one_arm_only_active_fraction,0.0014965795539695847
random_forest,4,numeric__USM0_joint_mean_joint_range,0.0014876546569344829
random_forest,4,numeric__USM2_joint_max_speed_l2,0.0014869023425059813
random_forest,4,numeric__USM0_pose_global_idle_fraction_relative,0.001481233428994864
random_forest,4,numeric__USM0_joint_idle_threshold_relative,0.0014694388551026345
random_forest,4,numeric__USM3_pose_global_mean_acceleration_l2,0.0014677471202687695
random_forest,4,numeric__USM0_pose_global_mean_speed_l2,0.0014595938026612204
random_forest,4,numeric__USM1_joint_max_joint_range,0.001402712532014087
random_forest,4,numeric__USM3_joint_movement_economy,0.00138780317711255
random_forest,4,numeric__USM3_pose_global_max_angular_speed_rad_s,0.0013767686845865242
random_forest,4,numeric__USM2_pose_global_economy_area_xy,0.001373610492695288
random_forest,4,numeric__USM2_joint_distal_q5_q9_mean_range,0.0013518815074367728
random_forest,4,numeric__USM0_pose_global_z_range_m,0.0013509176385908227
random_forest,4,numeric__USM2_pose_global_dimensionless_jerk,0.0013188128555477437
random_forest,4,numeric__USM0_pose_global_y_range_m,0.0013140912211286276
random_forest,4,numeric__USM2_pose_global_economy_area_yz,0.001306854542980254
random_forest,4,numeric__USM3_pose_global_rotation_path_radians,0.001299426480267513
random_forest,4,numeric__USM3_pose_global_log_dimensionless_jerk,0.001291668666010259
random_forest,4,numeric__USM3_pose_global_economy_volume,0.0012888658120126946
random_forest,4,numeric__USM2_pose_global_raw_path_l2,0.001285885179738158
random_forest,4,numeric__active_pair_mean_abs_relative_speed,0.001272356507937336
random_forest,4,numeric__USM3_pose_global_net_displacement_l2,0.001271803855374579
random_forest,4,numeric__USM2_joint_max_joint_range,0.0012610300369108134
random_forest,4,numeric__USM0_USM2_pose_global_mean_abs_relative_speed,0.0012249813726074883
random_forest,4,numeric__USM1_joint_base_revolute_q0_q2_mean_range,0.001213411173282941
random_forest,4,numeric__active_pair_speed_correlation,0.0011961471264851226
random_forest,4,numeric__USM0_joint_tool_roll_q4_path_l1,0.0011924835784758274
random_forest,4,numeric__USM3_pose_global_workspace_box_volume_m3,0.0011761493018078216
random_forest,4,numeric__USM3_pose_global_movement_economy,0.0011701696374051922
random_forest,4,numeric__USM2_pose_global_movement_economy,0.0011656334358433095
random_forest,4,numeric__USM0_joint_max_gap_seconds,0.0011618737268178471
random_forest,4,numeric__USM3_joint_tool_roll_q4_path_l1,0.0011512527546872105
random_forest,4,numeric__USM3_joint_insertion_q3_path_l1,0.0011348528596361344
random_forest,4,numeric__USM0_USM2_pose_global_speed_correlation,0.0010916857392173082
random_forest,4,numeric__USM0_pose_global_economy_area_xy,0.001089227196019301
random_forest,4,numeric__USM3_pose_global_economy_area_yz,0.0010858538290240626
random_forest,4,numeric__USM0_pose_global_x_range_m,0.0010727985793397908
random_forest,4,numeric__USM2_USM3_pose_global_one_arm_only_active_fraction,0.0010689500159961935
random_forest,4,numeric__active_pair_path_length_imbalance,0.0010667919492650874
random_forest,4,numeric__USM2_joint_max_acceleration_l2,0.0010394649802800483
random_forest,4,numeric__USM2_joint_mean_acceleration_l2,0.0010282818620767635
random_forest,4,numeric__USM2_joint_raw_path_l2,0.0010041804031432797
random_forest,4,numeric__USM3_pose_global_max_jerk_l2,0.001003508365854682
random_forest,4,numeric__USM2_pose_global_economy_area_xz,0.0009712974584728193
random_forest,4,numeric__USM0_pose_global_idle_threshold_relative,0.0009535046815452725
random_forest,4,numeric__USM0_USM3_pose_global_mean_abs_relative_speed,0.0009481943933640198
random_forest,4,numeric__USM0_joint_mean_acceleration_l2,0.0009299554998722804
random_forest,4,numeric__USM0_USM2_pose_global_path_length_imbalance,0.0009026288234845568
random_forest,4,numeric__USM1_joint_mean_joint_range,0.0008936174429041693
random_forest,4,numeric__USM0_USM2_pose_global_one_arm_only_active_fraction,0.0008931758626873965
random_forest,4,numeric__USM2_joint_tool_roll_q4_path_l1,0.000884649911668217
random_forest,4,numeric__USM1_joint_insertion_q3_path_l1,0.0008825453299751094
random_forest,4,numeric__USM3_pose_global_raw_path_l2,0.0008703247825755121
random_forest,4,numeric__USM2_pose_global_x_range_m,0.0008669419752241682
random_forest,4,numeric__USM2_joint_mean_speed_l2,0.0008626822066603861
random_forest,4,numeric__USM3_pose_global_mean_speed_l2,0.0008349400311837571
random_forest,4,numeric__USM0_pose_global_pause_fraction,0.0008320209986174236
random_forest,4,numeric__USM2_joint_idle_threshold_relative,0.0008056902969797349
random_forest,4,numeric__USM2_joint_jerk_cost,0.0007713910229497683
random_forest,4,numeric__USM2_pose_global_y_range_m,0.0007235952560856667
random_forest,4,numeric__USM1_joint_tool_roll_q4_path_l1,0.0007089478752499442
random_forest,4,numeric__USM2_joint_rms_speed_l2,0.0007035031909343842
random_forest,4,numeric__USM1_joint_pause_count,0.0006939486587739643
random_forest,4,task__task_clean_sea_spikes,0.0006934379876670346
random_forest,4,numeric__USM1_joint_raw_path_l2,0.0006752237322232054
random_forest,4,numeric__USM2_pose_global_mean_speed_l2,0.0006254287359022656
random_forest,4,numeric__USM3_joint_insertion_q3_mean_range,0.000616933157835905
random_forest,4,numeric__USM0_USM2_pose_global_both_idle_fraction,0.0006079110685943676
random_forest,4,numeric__USM2_pose_global_idle_threshold_relative,0.0005709963733642724
random_forest,4,numeric__USM3_pose_global_jerk_cost,0.0005587290812330682
random_forest,4,numeric__USM1_joint_base_revolute_q0_q2_path_l1,0.0005584416694358104
random_forest,4,numeric__USM1_joint_tool_roll_q4_mean_abs_velocity,0.0005076303507053671
random_forest,4,numeric__USM3_pose_global_mean_abs_angular_acceleration_rad_s2,0.0004936884439827307
random_forest,4,numeric__USM1_joint_mean_acceleration_l2,0.000479970470718992
random_forest,4,numeric__USM2_pose_global_rotation_path_radians,0.00046976014214318617
random_forest,4,numeric__USM0_USM3_pose_global_distance_range_rel,0.00045823251257383026
random_forest,4,numeric__USM0_USM2_pose_global_alignment_coverage,0.000439862971026476
random_forest,4,numeric__USM1_joint_mean_speed_l2,0.0004131657032879307
random_forest,4,numeric__USM3_joint_insertion_q3_mean_abs_velocity,0.00040157775016665527
random_forest,4,numeric__USM3_joint_base_revolute_q0_q2_mean_abs_velocity,0.00028196833061200463
random_forest,4,task__task_clean_suture,0.00026885416406897554
random_forest,4,task__task_clean_ring_rollercoaster,0.0001502199164612488
random_forest,4,task__task_clean_camera_target,2.250689471566323e-05
random_forest,4,numeric__USM3_joint_pause_duration_seconds,1.645687406643104e-05
random_forest,4,numeric__USM3_pose_global_active,4.732313117937445e-07
random_forest,4,numeric__USM0_joint_median_dt_seconds,0.0
random_forest,4,numeric__USM3_joint_pause_count,0.0
random_forest,4,numeric__USM0_pose_global_active,0.0
random_forest,4,numeric__active_psm_count,0.0
random_forest,4,numeric__active_pair_usm_a,0.0
random_forest,4,numeric__active_pair_usm_b,0.0
random_forest,4,task__task_clean_glove_cut,0.0
random_forest,5,numeric__USM3_pose_global_pause_duration_seconds,0.030259660029598845
random_forest,5,numeric__duration_seconds,0.024541259551601698
random_forest,5,numeric__USM3_pose_global_pause_fraction,0.019859633345356505
random_forest,5,numeric__USM0_pose_global_log_dimensionless_jerk,0.019202695349026865
random_forest,5,numeric__USM3_joint_raw_path_l2,0.01898823195562415
random_forest,5,numeric__USM2_pose_global_pause_count,0.018308084985469368
random_forest,5,numeric__USM2_pose_global_mean_abs_angular_acceleration_rad_s2,0.01793494953471189
random_forest,5,numeric__USM2_joint_pause_duration_seconds,0.017373412074895043
random_forest,5,numeric__USM0_pose_global_dimensionless_jerk,0.017193129429605356
random_forest,5,numeric__USM2_pose_global_mean_angular_speed_rad_s,0.016317336918416414
random_forest,5,numeric__USM3_pose_global_idle_fraction_relative,0.013871422131052786
random_forest,5,numeric__USM2_pose_global_dimensionless_jerk,0.013792839234175444
random_forest,5,numeric__USM1_joint_pause_duration_seconds,0.013351751315681736
random_forest,5,numeric__USM2_pose_global_log_dimensionless_jerk,0.013256841597994697
random_forest,5,numeric__USM2_joint_base_revolute_q0_q2_mean_abs_velocity,0.012770903574611806
random_forest,5,numeric__USM0_joint_pause_duration_seconds,0.012747077170720642
random_forest,5,numeric__USM2_joint_tool_roll_q4_mean_abs_velocity,0.012740260518929422
random_forest,5,numeric__USM0_pose_global_pause_count,0.011969820660891578
random_forest,5,numeric__USM3_joint_jerk_cost,0.011645849146600336
random_forest,5,numeric__USM0_pose_global_pause_duration_seconds,0.011592130340474752
random_forest,5,numeric__USM0_pose_global_mean_abs_angular_acceleration_rad_s2,0.011542321331490874
random_forest,5,numeric__USM3_joint_distal_q5_q9_mean_range,0.01151407320382597
random_forest,5,numeric__USM2_pose_global_pause_duration_seconds,0.011339893835023948
random_forest,5,numeric__USM0_joint_base_revolute_q0_q2_mean_abs_velocity,0.00979780769741231
random_forest,5,numeric__USM0_pose_global_max_speed_l2,0.009654437847577295
random_forest,5,numeric__USM0_joint_raw_path_l2,0.009416499736291939
random_forest,5,numeric__active_pair_simultaneous_active_fraction,0.009262263684012808
random_forest,5,numeric__USM0_USM2_pose_global_simultaneous_active_fraction,0.009067925019629813
random_forest,5,numeric__USM2_joint_insertion_q3_mean_abs_velocity,0.008827523115151854
random_forest,5,numeric__USM2_joint_pause_count,0.00864984872589303
random_forest,5,numeric__all_usm_joint_path_l1_total,0.008323584597611322
random_forest,5,numeric__USM0_USM3_pose_global_both_idle_fraction,0.007932832387116487
random_forest,5,numeric__USM0_joint_pause_count,0.007883403755576049
random_forest,5,numeric__USM3_pose_global_log_dimensionless_jerk,0.007858783309270017
random_forest,5,numeric__USM0_joint_insertion_q3_path_l1,0.0075576566566921384
random_forest,5,numeric__USM3_pose_global_movement_economy,0.00737281305394705
random_forest,5,numeric__USM2_USM3_pose_global_path_length_imbalance,0.007102597832344913
random_forest,5,numeric__USM0_joint_idle_fraction_relative,0.006985408476006284
random_forest,5,numeric__USM3_joint_base_revolute_q0_q2_mean_range,0.006826491396074832
random_forest,5,numeric__USM0_joint_jerk_cost,0.006541297035936839
random_forest,5,numeric__USM2_USM3_pose_global_both_idle_fraction,0.006469755837540747
random_forest,5,numeric__USM2_pose_global_pause_fraction,0.006420812570713059
random_forest,5,numeric__USM0_pose_global_max_jerk_l2,0.006271077271741494
random_forest,5,numeric__USM3_joint_tool_roll_q4_path_l1,0.0060334162612088165
random_forest,5,numeric__USM2_joint_pause_fraction,0.006004839808349058
random_forest,5,numeric__USM2_pose_global_max_abs_angular_acceleration_rad_s2,0.005909607745261853
random_forest,5,numeric__USM0_joint_base_revolute_q0_q2_path_l1,0.005806609249652424
random_forest,5,numeric__USM2_joint_idle_fraction_relative,0.0057469050176055915
random_forest,5,numeric__USM0_pose_global_mean_angular_speed_rad_s,0.005735900727763053
random_forest,5,numeric__USM0_USM3_pose_global_path_length_imbalance,0.005734440447525537
random_forest,5,numeric__USM0_pose_global_rms_speed_l2,0.005729249640358832
random_forest,5,numeric__USM3_pose_global_dimensionless_jerk,0.005669788628832218
random_forest,5,numeric__USM0_USM3_pose_global_simultaneous_active_fraction,0.005630073314700608
random_forest,5,numeric__USM0_joint_insertion_q3_mean_abs_velocity,0.005332258840368405
random_forest,5,numeric__USM0_joint_mean_acceleration_l2,0.005303310257635965
random_forest,5,numeric__USM0_joint_tool_roll_q4_mean_abs_velocity,0.0050333058623551665
random_forest,5,numeric__USM3_pose_global_pause_count,0.004779339187409295
random_forest,5,numeric__USM0_USM3_pose_global_mean_distance_rel,0.004679524830542053
random_forest,5,numeric__USM0_USM3_pose_global_speed_correlation,0.004674792488787163
random_forest,5,numeric__USM0_joint_base_revolute_q0_q2_mean_range,0.004529452392978635
random_forest,5,numeric__USM2_USM3_pose_global_speed_correlation,0.0042794786059700135
random_forest,5,numeric__USM3_pose_global_idle_threshold_relative,0.004260076239416018
random_forest,5,numeric__USM3_joint_tool_roll_q4_mean_abs_velocity,0.00417991059200886
random_forest,5,numeric__USM0_pose_global_raw_path_l2,0.004076405449901773
random_forest,5,numeric__USM0_pose_global_max_angular_speed_rad_s,0.0040726183103830344
random_forest,5,numeric__USM0_pose_global_path_l2,0.004058260177736488
random_forest,5,numeric__active_pair_path_length_imbalance,0.004035803879280054
random_forest,5,numeric__USM2_joint_mean_abs_joint_velocity,0.003997243419895615
random_forest,5,numeric__USM0_pose_global_idle_fraction_relative,0.003963254315015053
random_forest,5,numeric__USM0_pose_global_rotation_path_radians,0.003932582858342662
random_forest,5,numeric__USM2_joint_mean_acceleration_l2,0.003915737140130754
random_forest,5,numeric__USM3_pose_global_z_range_m,0.0039056670267298838
random_forest,5,numeric__USM2_USM3_pose_global_mean_distance_rel,0.0038997068665514337
random_forest,5,numeric__USM3_joint_base_revolute_q0_q2_path_l1,0.0038941627605798973
random_forest,5,numeric__USM2_USM3_pose_global_simultaneous_active_fraction,0.0038728838675157113
random_forest,5,numeric__USM0_joint_distal_q5_q9_mean_range,0.0038659302002743865
random_forest,5,numeric__USM0_pose_global_net_displacement_l2,0.003778657475267136
random_forest,5,numeric__USM1_joint_base_revolute_q0_q2_mean_abs_velocity,0.003757930831555759
random_forest,5,numeric__USM0_joint_net_displacement_l2,0.003707158240939031
random_forest,5,numeric__USM2_pose_global_idle_fraction_relative,0.003671216343338837
random_forest,5,numeric__USM2_pose_global_max_angular_speed_rad_s,0.003633667684446174
random_forest,5,numeric__USM0_pose_global_max_abs_angular_acceleration_rad_s2,0.003629741564710327
random_forest,5,numeric__USM2_joint_movement_economy,0.0036236719530029432
random_forest,5,numeric__USM1_joint_net_displacement_l2,0.0036224612257907884
random_forest,5,numeric__USM0_joint_tool_roll_q4_path_l1,0.0036007483828232652
random_forest,5,numeric__USM1_joint_insertion_q3_mean_abs_velocity,0.0035892015094352095
random_forest,5,numeric__USM3_pose_global_raw_path_l2,0.0034545240243586102
random_forest,5,numeric__USM3_pose_global_economy_area_yz,0.0033995714493724213
random_forest,5,numeric__USM3_joint_mean_joint_range,0.003383789621031806
random_forest,5,numeric__USM3_pose_global_economy_area_xy,0.003376080893273634
random_forest,5,numeric__active_pair_path_length_b_rel,0.003360253627323383
random_forest,5,numeric__USM3_pose_global_rms_speed_l2,0.0033089361668217658
random_forest,5,numeric__USM3_joint_max_speed_l2,0.003291600138629124
random_forest,5,numeric__USM0_USM3_pose_global_one_arm_only_active_fraction,0.003284901283309432
random_forest,5,numeric__USM3_pose_global_x_range_m,0.003256452459560674
random_forest,5,numeric__USM0_joint_insertion_q3_mean_range,0.0032300200871794834
random_forest,5,numeric__all_psm_pose_global_path_total_m,0.0031838962429976622
random_forest,5,numeric__USM2_pose_global_rotation_path_radians,0.0031742696591557217
random_forest,5,numeric__USM2_USM3_pose_global_one_arm_only_active_fraction,0.0031131014768196325
random_forest,5,numeric__USM2_pose_global_economy_area_xy,0.0031115641894997755
random_forest,5,numeric__USM2_joint_mean_speed_l2,0.003109710312484947
random_forest,5,numeric__USM2_joint_max_acceleration_l2,0.003079574812431012
random_forest,5,numeric__USM3_joint_movement_economy,0.0030780627424414875
random_forest,5,numeric__USM3_pose_global_max_angular_speed_rad_s,0.0030492038353219925
random_forest,5,numeric__USM2_joint_insertion_q3_path_l1,0.0030460100731545593
random_forest,5,numeric__USM3_pose_global_max_speed_l2,0.0030183945785871467
random_forest,5,numeric__USM3_joint_mean_speed_l2,0.0029932286199395542
random_forest,5,numeric__USM2_joint_raw_path_l2,0.0029783738286209833
random_forest,5,numeric__USM2_joint_base_revolute_q0_q2_mean_range,0.0029334009889822113
random_forest,5,numeric__USM0_pose_global_mean_speed_l2,0.0029255054469381663
random_forest,5,numeric__USM1_joint_distal_q5_q9_path_l1,0.002921302886895604
random_forest,5,numeric__USM3_pose_global_mean_abs_angular_acceleration_rad_s2,0.0029070647732482757
random_forest,5,numeric__USM3_pose_global_max_acceleration_l2,0.002897505253184508
random_forest,5,numeric__USM2_joint_base_revolute_q0_q2_path_l1,0.0028622284155376113
random_forest,5,numeric__USM0_joint_max_acceleration_l2,0.0028467183878699382
random_forest,5,numeric__USM0_joint_max_jerk_l2,0.0028447780015746827
random_forest,5,numeric__USM0_USM2_pose_global_both_idle_fraction,0.0028207174043248695
random_forest,5,numeric__USM2_joint_tool_roll_q4_path_l1,0.0028115112939670218
random_forest,5,numeric__USM1_joint_max_abs_joint_velocity,0.002778792213522319
random_forest,5,numeric__USM1_joint_insertion_q3_mean_range,0.0027601355348524283
random_forest,5,numeric__USM0_joint_max_speed_l2,0.002726689781516244
random_forest,5,numeric__USM2_pose_global_economy_area_xz,0.0027141320907928257
random_forest,5,numeric__USM0_joint_mean_speed_l2,0.002711890771016203
random_forest,5,numeric__USM0_USM2_pose_global_path_length_imbalance,0.0026939803440052205
random_forest,5,numeric__USM2_joint_mean_joint_range,0.0026716778145857243
random_forest,5,numeric__USM0_USM2_pose_global_one_arm_only_active_fraction,0.002654720481536858
random_forest,5,numeric__USM2_pose_global_mean_speed_l2,0.002646197609961348
random_forest,5,numeric__USM0_pose_global_economy_area_xz,0.0026405500062240835
random_forest,5,numeric__USM0_pose_global_economy_volume,0.0026401886645239926
random_forest,5,numeric__USM2_pose_global_economy_area_yz,0.0026329770642453468
random_forest,5,numeric__USM3_pose_global_jerk_cost,0.0026181884099854328
random_forest,5,numeric__USM1_joint_idle_fraction_relative,0.0026153412005620836
random_forest,5,numeric__USM1_joint_max_jerk_l2,0.0025997768041960633
random_forest,5,numeric__USM0_joint_max_joint_range,0.0025806253410475904
random_forest,5,numeric__USM3_pose_global_max_abs_angular_acceleration_rad_s2,0.0025328840214039997
random_forest,5,numeric__USM2_pose_global_movement_economy,0.0025225593466087905
random_forest,5,numeric__USM2_pose_global_economy_volume,0.0025106523743267627
random_forest,5,numeric__USM1_joint_base_revolute_q0_q2_mean_range,0.0025074367876897785
random_forest,5,numeric__active_pair_one_arm_only_active_fraction,0.002480950271659527
random_forest,5,numeric__USM3_pose_global_mean_angular_speed_rad_s,0.002476560725932032
random_forest,5,numeric__USM1_joint_pause_count,0.0024765125689737897
random_forest,5,numeric__USM3_joint_net_displacement_l2,0.002468366384691438
random_forest,5,numeric__USM0_USM3_pose_global_mean_abs_relative_speed,0.0023884272889397196
random_forest,5,numeric__USM0_joint_tool_roll_q4_mean_range,0.0023662822496385125
random_forest,5,numeric__USM0_joint_idle_threshold_relative,0.00232982720529446
random_forest,5,numeric__USM2_joint_distal_q5_q9_mean_range,0.002323816306798416
random_forest,5,numeric__USM3_pose_global_workspace_box_volume_m3,0.0023091099592540544
random_forest,5,numeric__USM1_joint_raw_path_l2,0.0023068272607212736
random_forest,5,numeric__USM1_joint_insertion_q3_path_l1,0.0023063879888566728
random_forest,5,numeric__USM2_joint_net_displacement_l2,0.0023010322206372174
random_forest,5,numeric__USM2_USM3_pose_global_distance_range_rel,0.002268095781817786
random_forest,5,numeric__USM2_joint_max_jerk_l2,0.0022608981047729723
random_forest,5,numeric__USM3_pose_global_rotation_path_radians,0.002256326526455904
random_forest,5,numeric__USM2_joint_rms_speed_l2,0.002245313343748178
random_forest,5,numeric__USM3_joint_max_acceleration_l2,0.0022444737984665345
random_forest,5,numeric__USM0_pose_global_idle_threshold_relative,0.0022166552330344204
random_forest,5,numeric__USM1_joint_max_speed_l2,0.002170357262484765
random_forest,5,numeric__USM2_joint_insertion_q3_mean_range,0.0021653909183964553
random_forest,5,numeric__USM2_pose_global_raw_path_l2,0.0021470993041584957
random_forest,5,numeric__USM1_joint_max_acceleration_l2,0.0021460321093807644
random_forest,5,numeric__USM1_joint_mean_acceleration_l2,0.002145962530558966
random_forest,5,numeric__active_pair_speed_correlation,0.002143267814086534
random_forest,5,numeric__USM0_joint_mean_joint_range,0.0021353010101478704
random_forest,5,numeric__USM1_joint_pause_fraction,0.002122032834751364
random_forest,5,numeric__USM0_pose_global_economy_area_yz,0.002119510907208881
random_forest,5,numeric__USM0_USM3_pose_global_std_distance_rel,0.0021170577435923976
random_forest,5,numeric__USM2_pose_global_x_range_m,0.002059691604087011
random_forest,5,numeric__USM2_USM3_pose_global_std_distance_rel,0.002056600901491301
random_forest,5,numeric__USM2_joint_jerk_cost,0.0020456903555098995
random_forest,5,numeric__USM2_joint_max_abs_joint_velocity,0.0020341439624154464
random_forest,5,numeric__USM0_joint_rms_speed_l2,0.002027690015003877
random_forest,5,numeric__USM3_joint_insertion_q3_path_l1,0.0020037219436427733
random_forest,5,numeric__USM1_joint_movement_economy,0.001989705590139251
random_forest,5,numeric__USM0_pose_global_pause_fraction,0.0019826181613182563
random_forest,5,numeric__USM3_pose_global_mean_speed_l2,0.001971649844711034
random_forest,5,numeric__USM0_USM2_pose_global_speed_correlation,0.0019470134057646025
random_forest,5,numeric__USM2_joint_max_joint_range,0.0019182609979982123
random_forest,5,numeric__USM2_pose_global_z_range_m,0.0018958753072049353
random_forest,5,numeric__USM0_pose_global_economy_area_xy,0.0018478922253067122
random_forest,5,numeric__USM0_joint_movement_economy,0.0018437545503932197
random_forest,5,numeric__USM3_pose_global_net_displacement_l2,0.0018378839010222186
random_forest,5,numeric__USM1_joint_distal_q5_q9_mean_range,0.001836329701531319
random_forest,5,numeric__USM1_joint_jerk_cost,0.0018316032555170505
random_forest,5,numeric__USM2_pose_global_path_l2,0.0018033807862065895
random_forest,5,numeric__USM2_joint_idle_threshold_relative,0.0017581882199083397
random_forest,5,numeric__USM2_pose_global_y_range_m,0.0017540646269624887
random_forest,5,numeric__USM2_joint_max_speed_l2,0.0017309335564638867
random_forest,5,numeric__USM1_joint_tool_roll_q4_mean_abs_velocity,0.0017227223798341909
random_forest,5,numeric__USM2_pose_global_idle_threshold_relative,0.0017012818053701998
random_forest,5,numeric__USM3_joint_base_revolute_q0_q2_mean_abs_velocity,0.0016737945504895712
random_forest,5,numeric__USM1_joint_max_joint_range,0.0016663975601210297
random_forest,5,numeric__USM3_joint_max_joint_range,0.001642077501070818
random_forest,5,numeric__USM1_joint_base_revolute_q0_q2_path_l1,0.0015868389957931057
random_forest,5,numeric__USM0_pose_global_movement_economy,0.0015867123927792294
random_forest,5,numeric__USM1_joint_mean_speed_l2,0.0015859726054130484
random_forest,5,numeric__USM0_USM3_pose_global_distance_range_rel,0.0015462440025901367
random_forest,5,numeric__USM0_pose_global_y_range_m,0.0015001396934994859
random_forest,5,numeric__USM1_joint_mean_joint_range,0.0014675835485042175
random_forest,5,numeric__USM3_pose_global_max_jerk_l2,0.001445807968817823
random_forest,5,numeric__USM3_pose_global_economy_area_xz,0.0013345447750608217
random_forest,5,numeric__USM3_pose_global_y_range_m,0.00128724904156073
random_forest,5,numeric__USM3_joint_idle_fraction_relative,0.0012473502135393131
random_forest,5,numeric__USM3_pose_global_economy_volume,0.001231702164769989
random_forest,5,numeric__USM1_joint_rms_speed_l2,0.001209253655184042
random_forest,5,numeric__USM0_pose_global_x_range_m,0.0010924916674720894
random_forest,5,numeric__USM1_joint_tool_roll_q4_path_l1,0.001056322746772164
random_forest,5,numeric__USM0_joint_max_gap_seconds,0.0006542045848025156
random_forest,5,numeric__USM3_joint_insertion_q3_mean_range,0.0006228670748144936
random_forest,5,numeric__active_psm_count,0.0005601942786206935
random_forest,5,numeric__USM3_joint_insertion_q3_mean_abs_velocity,0.0005436431857821767
random_forest,5,numeric__USM0_USM2_pose_global_alignment_coverage,0.0002919451553338681
random_forest,5,task__task_clean_sea_spikes,0.00027670833179142416
random_forest,5,task__task_clean_ring_rollercoaster,0.00018658359321305736
random_forest,5,task__task_clean_camera_target,0.00016754297069064553
random_forest,5,task__task_clean_suture,0.00012470258680643325
random_forest,5,numeric__USM3_joint_pause_count,5.374334962566494e-05
random_forest,5,numeric__USM3_pose_global_active,1.3770550682341915e-05
random_forest,5,numeric__USM3_joint_pause_duration_seconds,0.0
random_forest,5,numeric__USM0_joint_median_dt_seconds,0.0
random_forest,5,numeric__USM0_pose_global_active,0.0
random_forest,5,numeric__active_pair_usm_b,0.0
random_forest,5,numeric__active_pair_usm_a,0.0
random_forest,5,task__task_clean_glove_cut,0.0
extra_trees,1,numeric__USM2_joint_base_revolute_q0_q2_mean_abs_velocity,0.04064991300957238
extra_trees,1,numeric__USM2_joint_pause_duration_seconds,0.038794925286170054
extra_trees,1,numeric__USM2_pose_global_pause_duration_seconds,0.037157363325722254
extra_trees,1,numeric__USM3_pose_global_pause_duration_seconds,0.03500188663168423
extra_trees,1,numeric__USM0_pose_global_pause_duration_seconds,0.03460788116597905
extra_trees,1,numeric__duration_seconds,0.031835216660771215
extra_trees,1,numeric__USM0_joint_base_revolute_q0_q2_mean_abs_velocity,0.03128344687189162
extra_trees,1,numeric__USM0_joint_pause_duration_seconds,0.02494902256616536
extra_trees,1,numeric__USM3_pose_global_idle_fraction_relative,0.024946247924352138
extra_trees,1,numeric__USM0_pose_global_log_dimensionless_jerk,0.02379667576862927
extra_trees,1,numeric__USM2_pose_global_pause_count,0.019631261523568953
extra_trees,1,numeric__active_pair_simultaneous_active_fraction,0.019120171946952983
extra_trees,1,numeric__USM0_USM3_pose_global_simultaneous_active_fraction,0.018139429840529755
extra_trees,1,numeric__USM0_pose_global_idle_threshold_relative,0.015181065453687501
extra_trees,1,numeric__USM0_USM3_pose_global_both_idle_fraction,0.013129817849754252
extra_trees,1,numeric__USM0_joint_insertion_q3_mean_abs_velocity,0.012122294900926764
extra_trees,1,numeric__USM3_pose_global_pause_fraction,0.011594673521368516
extra_trees,1,numeric__USM2_pose_global_log_dimensionless_jerk,0.011545718005371183
extra_trees,1,numeric__USM2_joint_pause_count,0.010636748410137491
extra_trees,1,task__task_clean_suture,0.010418824916310094
extra_trees,1,numeric__USM2_joint_insertion_q3_mean_abs_velocity,0.00983763067902901
extra_trees,1,numeric__USM1_joint_pause_duration_seconds,0.008176516354049477
extra_trees,1,numeric__USM0_joint_base_revolute_q0_q2_mean_range,0.007855593710078906
extra_trees,1,numeric__USM0_joint_pause_count,0.007781964735337923
extra_trees,1,numeric__USM0_joint_base_revolute_q0_q2_path_l1,0.007660424355429384
extra_trees,1,numeric__USM2_joint_idle_fraction_relative,0.0074213098871078985
extra_trees,1,numeric__USM0_USM2_pose_global_simultaneous_active_fraction,0.007339133450239499
extra_trees,1,numeric__USM0_pose_global_rms_speed_l2,0.007112352639033618
extra_trees,1,numeric__USM2_joint_base_revolute_q0_q2_path_l1,0.006758269160733797
extra_trees,1,numeric__USM2_USM3_pose_global_both_idle_fraction,0.0067116416390299504
extra_trees,1,numeric__USM2_joint_pause_fraction,0.0066872800711788
extra_trees,1,numeric__USM0_USM3_pose_global_path_length_imbalance,0.0065613310847786885
extra_trees,1,numeric__USM2_pose_global_mean_abs_angular_acceleration_rad_s2,0.006435943459897796
extra_trees,1,numeric__USM3_pose_global_pause_count,0.006203220579432948
extra_trees,1,numeric__USM3_pose_global_z_range_m,0.006030634736032849
extra_trees,1,numeric__USM0_pose_global_pause_count,0.005945294681040715
extra_trees,1,numeric__USM1_joint_insertion_q3_mean_abs_velocity,0.005861261748211169
extra_trees,1,numeric__USM1_joint_insertion_q3_mean_range,0.0057613624806918725
extra_trees,1,numeric__USM2_USM3_pose_global_path_length_imbalance,0.005756719473065109
extra_trees,1,numeric__USM2_pose_global_mean_angular_speed_rad_s,0.005450311313682535
extra_trees,1,numeric__USM0_pose_global_mean_speed_l2,0.0054293854560209884
extra_trees,1,numeric__USM3_pose_global_log_dimensionless_jerk,0.005256482902695913
extra_trees,1,numeric__USM0_pose_global_mean_abs_angular_acceleration_rad_s2,0.00499918693447627
extra_trees,1,numeric__USM2_joint_tool_roll_q4_mean_abs_velocity,0.0049384166537287605
extra_trees,1,numeric__USM2_pose_global_mean_speed_l2,0.004755542491643674
extra_trees,1,numeric__USM2_USM3_pose_global_simultaneous_active_fraction,0.004711967790442469
extra_trees,1,numeric__USM2_pose_global_pause_fraction,0.004668101102874003
extra_trees,1,numeric__USM0_joint_raw_path_l2,0.004620024029324663
extra_trees,1,numeric__USM0_joint_jerk_cost,0.004537820866730892
extra_trees,1,numeric__active_pair_path_length_imbalance,0.00451194967009953
extra_trees,1,task__task_clean_sea_spikes,0.004502754394496512
extra_trees,1,numeric__USM2_USM3_pose_global_speed_correlation,0.004497749673432274
extra_trees,1,numeric__USM2_joint_base_revolute_q0_q2_mean_range,0.00444255897393406
extra_trees,1,numeric__USM0_pose_global_movement_economy,0.004398290383136066
extra_trees,1,numeric__active_pair_one_arm_only_active_fraction,0.004364466911216354
extra_trees,1,numeric__USM1_joint_base_revolute_q0_q2_mean_abs_velocity,0.004017611353229874
extra_trees,1,numeric__USM3_pose_global_economy_area_xy,0.0038942493566718256
extra_trees,1,numeric__USM1_joint_net_displacement_l2,0.003888101461538481
extra_trees,1,numeric__USM2_USM3_pose_global_std_distance_rel,0.0038673320045532395
extra_trees,1,numeric__USM0_USM2_pose_global_speed_correlation,0.0038123901835988667
extra_trees,1,numeric__USM0_joint_tool_roll_q4_mean_abs_velocity,0.003809101348095419
extra_trees,1,numeric__USM1_joint_insertion_q3_path_l1,0.0037801167272933527
extra_trees,1,numeric__USM0_pose_global_max_abs_angular_acceleration_rad_s2,0.003767704458183139
extra_trees,1,numeric__USM2_pose_global_idle_threshold_relative,0.003755837659542148
extra_trees,1,numeric__USM3_pose_global_idle_threshold_relative,0.003735911247747153
extra_trees,1,numeric__USM0_pose_global_max_speed_l2,0.003686525508166074
extra_trees,1,numeric__USM1_joint_movement_economy,0.003650421120993334
extra_trees,1,numeric__USM2_pose_global_idle_fraction_relative,0.003649100737520011
extra_trees,1,numeric__USM0_USM3_pose_global_one_arm_only_active_fraction,0.0036267133930173315
extra_trees,1,numeric__USM0_pose_global_economy_area_yz,0.0036029099672371845
extra_trees,1,numeric__all_usm_joint_path_l1_total,0.00352275227719145
extra_trees,1,numeric__USM2_pose_global_max_angular_speed_rad_s,0.0034554601977330197
extra_trees,1,numeric__USM0_joint_idle_fraction_relative,0.0034466070711474455
extra_trees,1,numeric__USM2_USM3_pose_global_one_arm_only_active_fraction,0.003160307018730776
extra_trees,1,numeric__USM2_USM3_pose_global_distance_range_rel,0.003137339288297161
extra_trees,1,numeric__USM3_pose_global_max_jerk_l2,0.0031319660712680543
extra_trees,1,numeric__USM0_joint_insertion_q3_mean_range,0.0031188902282734735
extra_trees,1,numeric__USM2_pose_global_max_abs_angular_acceleration_rad_s2,0.0030883855312785753
extra_trees,1,numeric__USM0_pose_global_max_jerk_l2,0.003044310275339744
extra_trees,1,numeric__USM3_pose_global_rms_speed_l2,0.003025553489281847
extra_trees,1,numeric__USM0_pose_global_rotation_path_radians,0.0030232349099159755
extra_trees,1,numeric__USM0_pose_global_mean_angular_speed_rad_s,0.0029798922180463007
extra_trees,1,numeric__active_pair_speed_correlation,0.002969103234892041
extra_trees,1,numeric__USM2_USM3_pose_global_mean_distance_rel,0.0029474224597670334
extra_trees,1,numeric__USM3_pose_global_movement_economy,0.002946236263764306
extra_trees,1,numeric__USM2_joint_max_speed_l2,0.0029391328839969773
extra_trees,1,numeric__USM0_joint_net_displacement_l2,0.00292473810382114
extra_trees,1,numeric__USM3_pose_global_max_acceleration_l2,0.002915121566071383
extra_trees,1,numeric__USM0_USM3_pose_global_mean_abs_relative_speed,0.0029027669514409553
extra_trees,1,numeric__USM0_USM3_pose_global_speed_correlation,0.00282040961633778
extra_trees,1,numeric__USM0_joint_rms_speed_l2,0.002786836841529189
extra_trees,1,numeric__USM2_joint_max_joint_range,0.002758184100310288
extra_trees,1,numeric__USM0_pose_global_max_angular_speed_rad_s,0.0027366359724068107
extra_trees,1,numeric__USM3_joint_raw_path_l2,0.002662238347040606
extra_trees,1,numeric__USM0_pose_global_raw_path_l2,0.002642293655356099
extra_trees,1,numeric__USM0_joint_distal_q5_q9_mean_range,0.0025990726827263637
extra_trees,1,numeric__USM3_pose_global_economy_volume,0.00259819502675363
extra_trees,1,numeric__USM0_USM2_pose_global_one_arm_only_active_fraction,0.002582632430355283
extra_trees,1,numeric__USM0_joint_insertion_q3_path_l1,0.0025117513851807276
extra_trees,1,numeric__USM0_USM3_pose_global_std_distance_rel,0.002493394192748215
extra_trees,1,numeric__USM2_pose_global_economy_area_yz,0.0024517844917263886
extra_trees,1,numeric__USM2_joint_raw_path_l2,0.002427821421095097
extra_trees,1,numeric__USM3_pose_global_mean_speed_l2,0.0023843222716964435
extra_trees,1,numeric__USM2_pose_global_dimensionless_jerk,0.0023696445459949283
extra_trees,1,numeric__USM2_joint_insertion_q3_path_l1,0.002356920852980816
extra_trees,1,numeric__USM2_joint_tool_roll_q4_path_l1,0.0023552974823408284
extra_trees,1,numeric__USM1_joint_base_revolute_q0_q2_path_l1,0.002327107464259307
extra_trees,1,numeric__USM0_joint_mean_speed_l2,0.0023254607785661973
extra_trees,1,numeric__USM0_USM2_pose_global_path_length_imbalance,0.0023080365524314177
extra_trees,1,numeric__USM0_pose_global_path_l2,0.0022928585026421614
extra_trees,1,numeric__USM2_joint_mean_joint_range,0.0022896605989583454
extra_trees,1,numeric__USM0_joint_movement_economy,0.0022843633834017255
extra_trees,1,numeric__USM2_pose_global_rotation_path_radians,0.0022801303268121477
extra_trees,1,numeric__USM2_joint_jerk_cost,0.002239074280887593
extra_trees,1,numeric__USM0_USM3_pose_global_mean_distance_rel,0.002235539511756056
extra_trees,1,numeric__USM0_pose_global_economy_area_xy,0.00223176839971533
extra_trees,1,numeric__USM1_joint_idle_fraction_relative,0.002187748997555864
extra_trees,1,numeric__USM3_pose_global_max_speed_l2,0.0021788975782344594
extra_trees,1,numeric__USM1_joint_pause_fraction,0.0021783169057016535
extra_trees,1,numeric__USM3_pose_global_raw_path_l2,0.002155441819402832
extra_trees,1,numeric__all_psm_pose_global_path_total_m,0.0021384341519780476
extra_trees,1,numeric__USM0_joint_tool_roll_q4_mean_range,0.002129528901767249
extra_trees,1,numeric__USM0_pose_global_economy_volume,0.002105772857489372
extra_trees,1,numeric__USM0_pose_global_x_range_m,0.0021056445327673687
extra_trees,1,numeric__USM3_joint_distal_q5_q9_mean_range,0.0021051497792653434
extra_trees,1,numeric__USM0_joint_mean_acceleration_l2,0.002104470425901396
extra_trees,1,numeric__USM2_joint_net_displacement_l2,0.002081006948626373
extra_trees,1,numeric__USM1_joint_max_jerk_l2,0.002080976657823332
extra_trees,1,numeric__USM2_joint_insertion_q3_mean_range,0.0020548569956009683
extra_trees,1,numeric__USM1_joint_tool_roll_q4_mean_abs_velocity,0.002025055202522482
extra_trees,1,numeric__USM2_pose_global_economy_volume,0.0020150462407088486
extra_trees,1,numeric__USM0_pose_global_pause_fraction,0.0020026908458572424
extra_trees,1,numeric__USM0_joint_idle_threshold_relative,0.0019726562362409805
extra_trees,1,numeric__USM3_pose_global_economy_area_xz,0.001953945720374588
extra_trees,1,numeric__active_pair_both_idle_fraction,0.0019436087220934283
extra_trees,1,numeric__USM0_pose_global_y_range_m,0.0019380855024091126
extra_trees,1,numeric__USM2_pose_global_z_range_m,0.0018576805641203535
extra_trees,1,numeric__active_pair_path_length_b_rel,0.0018573454717395015
extra_trees,1,numeric__USM1_joint_pause_count,0.0018407359654403553
extra_trees,1,numeric__USM0_pose_global_idle_fraction_relative,0.0018289624479760891
extra_trees,1,numeric__USM3_pose_global_economy_area_yz,0.0018212928964387674
extra_trees,1,numeric__USM0_joint_max_acceleration_l2,0.0017967518454938525
extra_trees,1,numeric__USM3_joint_base_revolute_q0_q2_mean_abs_velocity,0.0017895742422177664
extra_trees,1,numeric__USM0_USM2_pose_global_both_idle_fraction,0.0017631776487992195
extra_trees,1,numeric__USM0_pose_global_dimensionless_jerk,0.0017401443957345488
extra_trees,1,task__task_clean_ring_rollercoaster,0.001729878117018653
extra_trees,1,numeric__USM3_pose_global_max_abs_angular_acceleration_rad_s2,0.0016959872119966144
extra_trees,1,numeric__USM1_joint_max_joint_range,0.0016854923968716911
extra_trees,1,numeric__USM3_pose_global_max_angular_speed_rad_s,0.0016820295162682938
extra_trees,1,numeric__USM3_joint_mean_speed_l2,0.0016699463358044796
extra_trees,1,numeric__USM0_joint_tool_roll_q4_path_l1,0.0016692622062502592
extra_trees,1,numeric__USM2_joint_distal_q5_q9_mean_range,0.001666893689025259
extra_trees,1,numeric__USM0_joint_max_speed_l2,0.0016239217204645216
extra_trees,1,numeric__USM2_pose_global_economy_area_xy,0.0016161628721408686
extra_trees,1,numeric__USM0_joint_max_gap_seconds,0.001610916952328398
extra_trees,1,numeric__USM3_pose_global_net_displacement_l2,0.0016100959168110676
extra_trees,1,numeric__USM3_joint_mean_joint_range,0.001608117589547413
extra_trees,1,numeric__USM2_pose_global_raw_path_l2,0.0016062838749081607
extra_trees,1,numeric__USM2_pose_global_economy_area_xz,0.001604123544372675
extra_trees,1,numeric__USM0_USM3_pose_global_distance_range_rel,0.0015953717535995501
extra_trees,1,numeric__USM2_pose_global_movement_economy,0.001590288304160568
extra_trees,1,numeric__USM0_joint_max_joint_range,0.0015766528374201688
extra_trees,1,numeric__USM3_pose_global_active,0.0015698625905888643
extra_trees,1,numeric__USM3_pose_global_dimensionless_jerk,0.001550698260239008
extra_trees,1,numeric__USM2_pose_global_x_range_m,0.0015309565116494968
extra_trees,1,numeric__USM2_pose_global_path_l2,0.0015141858320503244
extra_trees,1,numeric__USM3_pose_global_mean_abs_angular_acceleration_rad_s2,0.0015012662699740503
extra_trees,1,numeric__USM2_joint_max_acceleration_l2,0.0015000458883172546
extra_trees,1,numeric__USM2_joint_mean_acceleration_l2,0.001478367209321735
extra_trees,1,numeric__USM2_joint_mean_abs_joint_velocity,0.0014767128810675796
extra_trees,1,numeric__USM2_joint_mean_speed_l2,0.001420228251934234
extra_trees,1,numeric__USM2_joint_movement_economy,0.0014184483805009338
extra_trees,1,numeric__USM0_joint_mean_joint_range,0.0013984500252689786
extra_trees,1,numeric__USM1_joint_base_revolute_q0_q2_mean_range,0.0013882182230757995
extra_trees,1,numeric__USM3_pose_global_y_range_m,0.0013826077879498207
extra_trees,1,numeric__USM2_joint_idle_threshold_relative,0.0013637108124821727
extra_trees,1,numeric__USM2_pose_global_y_range_m,0.0013617696355425661
extra_trees,1,numeric__USM2_joint_rms_speed_l2,0.0013362263074856314
extra_trees,1,numeric__USM0_pose_global_economy_area_xz,0.0013323166746861985
extra_trees,1,numeric__USM3_joint_net_displacement_l2,0.0013243203300483432
extra_trees,1,numeric__USM0_USM2_pose_global_alignment_coverage,0.0013236578197346502
extra_trees,1,numeric__USM3_pose_global_mean_angular_speed_rad_s,0.001321458874715665
extra_trees,1,numeric__USM3_joint_tool_roll_q4_mean_abs_velocity,0.0012743682111993316
extra_trees,1,numeric__USM1_joint_max_abs_joint_velocity,0.001270357993701174
extra_trees,1,numeric__USM1_joint_idle_threshold_relative,0.0012622878084214756
extra_trees,1,numeric__USM3_joint_max_speed_l2,0.0012190770217534487
extra_trees,1,numeric__USM3_pose_global_x_range_m,0.0011759161993948226
extra_trees,1,numeric__USM3_pose_global_jerk_cost,0.0011737397104938999
extra_trees,1,numeric__USM1_joint_max_speed_l2,0.0011633679763946327
extra_trees,1,numeric__USM0_pose_global_net_displacement_l2,0.0011552039934546857
extra_trees,1,numeric__USM1_joint_tool_roll_q4_path_l1,0.001129719752389466
extra_trees,1,numeric__USM1_joint_distal_q5_q9_mean_range,0.0011094832810019625
extra_trees,1,numeric__USM1_joint_raw_path_l2,0.0011064875336820588
extra_trees,1,numeric__USM3_joint_insertion_q3_path_l1,0.0010963574414017655
extra_trees,1,numeric__USM3_joint_max_joint_range,0.001092765707900631
extra_trees,1,numeric__USM3_joint_rms_speed_l2,0.0010803807830617566
extra_trees,1,numeric__USM0_joint_max_jerk_l2,0.0010184262940972713
extra_trees,1,numeric__USM2_joint_max_jerk_l2,0.0009715022458807181
extra_trees,1,numeric__USM1_joint_mean_joint_range,0.0009606492509590014
extra_trees,1,numeric__USM1_joint_mean_speed_l2,0.0009580837962777563
extra_trees,1,numeric__USM3_joint_movement_economy,0.0009498135930447598
extra_trees,1,numeric__USM1_joint_jerk_cost,0.0009115571026619408
extra_trees,1,numeric__USM2_joint_max_abs_joint_velocity,0.0008982874491812778
extra_trees,1,numeric__USM1_joint_max_acceleration_l2,0.0007899091212201131
extra_trees,1,numeric__USM3_joint_insertion_q3_mean_abs_velocity,0.0007800447568551734
extra_trees,1,numeric__USM1_joint_mean_acceleration_l2,0.0007398135861243659
extra_trees,1,task__task_clean_glove_cut,0.0007372723968230132
extra_trees,1,numeric__USM3_joint_idle_fraction_relative,0.0007208645929775399
extra_trees,1,numeric__USM3_pose_global_workspace_box_volume_m3,0.0007155887742779682
extra_trees,1,task__task_clean_camera_target,0.0006577273246264262
extra_trees,1,numeric__USM3_joint_insertion_q3_mean_range,0.0006319503109607311
extra_trees,1,numeric__USM3_joint_max_acceleration_l2,0.0006246848412857896
extra_trees,1,numeric__USM3_joint_base_revolute_q0_q2_mean_range,0.000612408449910044
extra_trees,1,numeric__USM3_pose_global_rotation_path_radians,0.0005921049984012012
extra_trees,1,numeric__USM3_joint_base_revolute_q0_q2_path_l1,0.0005444149866395109
extra_trees,1,numeric__active_psm_count,0.0005255317611541711
extra_trees,1,numeric__USM3_joint_pause_count,0.00011064861056613037
extra_trees,1,numeric__active_pair_usm_b,5.110670038640386e-05
extra_trees,1,numeric__USM3_joint_pause_duration_seconds,0.0
extra_trees,1,numeric__USM0_joint_median_dt_seconds,0.0
extra_trees,1,numeric__USM0_pose_global_active,0.0
extra_trees,1,numeric__active_pair_usm_a,0.0
extra_trees,2,numeric__USM2_joint_insertion_q3_mean_abs_velocity,0.04148077399569336
extra_trees,2,numeric__USM2_pose_global_pause_duration_seconds,0.036008922565373414
extra_trees,2,numeric__duration_seconds,0.032440615986733985
extra_trees,2,numeric__USM2_joint_base_revolute_q0_q2_mean_abs_velocity,0.03206483804241323
extra_trees,2,numeric__USM0_joint_pause_duration_seconds,0.03124020191502871
extra_trees,2,numeric__USM3_pose_global_pause_duration_seconds,0.028473900806254115
extra_trees,2,numeric__USM0_joint_base_revolute_q0_q2_mean_abs_velocity,0.02751908294352964
extra_trees,2,numeric__USM0_pose_global_pause_duration_seconds,0.026005998248020388
extra_trees,2,numeric__USM2_pose_global_mean_abs_angular_acceleration_rad_s2,0.024140229646770373
extra_trees,2,numeric__USM2_joint_pause_duration_seconds,0.02133369606275559
extra_trees,2,numeric__USM3_pose_global_pause_fraction,0.017882270928842692
extra_trees,2,numeric__active_pair_simultaneous_active_fraction,0.016150726512803328
extra_trees,2,numeric__USM0_pose_global_log_dimensionless_jerk,0.01579557337630414
extra_trees,2,numeric__USM2_pose_global_mean_angular_speed_rad_s,0.01506203973023896
extra_trees,2,numeric__USM0_pose_global_pause_count,0.013612723876933177
extra_trees,2,numeric__USM3_pose_global_idle_fraction_relative,0.012398971150520788
extra_trees,2,numeric__USM1_joint_pause_duration_seconds,0.012097623386563665
extra_trees,2,numeric__USM0_USM2_pose_global_simultaneous_active_fraction,0.011993575878497946
extra_trees,2,numeric__USM0_joint_base_revolute_q0_q2_path_l1,0.010462021373546949
extra_trees,2,numeric__USM2_pose_global_pause_count,0.010116375406354431
extra_trees,2,numeric__USM2_joint_tool_roll_q4_mean_abs_velocity,0.00980536512497636
extra_trees,2,numeric__USM0_joint_raw_path_l2,0.009276535292696808
extra_trees,2,numeric__USM0_pose_global_rms_speed_l2,0.008902323117872066
extra_trees,2,numeric__USM2_pose_global_dimensionless_jerk,0.008720064248961688
extra_trees,2,numeric__USM0_pose_global_max_jerk_l2,0.008681579887479786
extra_trees,2,numeric__USM2_USM3_pose_global_std_distance_rel,0.008481168172573557
extra_trees,2,numeric__USM3_pose_global_pause_count,0.008280721889452003
extra_trees,2,numeric__USM0_pose_global_max_speed_l2,0.008023506841752218
extra_trees,2,numeric__USM0_joint_insertion_q3_mean_abs_velocity,0.007988323578922948
extra_trees,2,numeric__USM0_pose_global_mean_abs_angular_acceleration_rad_s2,0.007884512365656071
extra_trees,2,numeric__USM0_USM3_pose_global_path_length_imbalance,0.007749371972416982
extra_trees,2,numeric__USM2_USM3_pose_global_distance_range_rel,0.007596077911179562
extra_trees,2,numeric__USM3_pose_global_active,0.007474771942043222
extra_trees,2,numeric__USM0_joint_jerk_cost,0.0074253966786201435
extra_trees,2,numeric__USM2_joint_base_revolute_q0_q2_path_l1,0.007175254711737674
extra_trees,2,numeric__USM3_pose_global_idle_threshold_relative,0.00695400237934703
extra_trees,2,numeric__USM0_joint_insertion_q3_path_l1,0.0068752932495770615
extra_trees,2,numeric__USM2_USM3_pose_global_path_length_imbalance,0.006790599059561875
extra_trees,2,numeric__USM0_joint_base_revolute_q0_q2_mean_range,0.00665045057014848
extra_trees,2,numeric__USM0_USM3_pose_global_both_idle_fraction,0.006640695607897467
extra_trees,2,numeric__USM0_pose_global_mean_angular_speed_rad_s,0.006514514279211405
extra_trees,2,numeric__USM2_USM3_pose_global_simultaneous_active_fraction,0.0061961104709723205
extra_trees,2,numeric__USM0_USM3_pose_global_simultaneous_active_fraction,0.006102335912582035
extra_trees,2,numeric__all_usm_joint_path_l1_total,0.005680510321714505
extra_trees,2,numeric__USM0_joint_pause_count,0.005462268188014546
extra_trees,2,task__task_clean_suture,0.005358398578678558
extra_trees,2,numeric__USM1_joint_base_revolute_q0_q2_mean_abs_velocity,0.00533383910420048
extra_trees,2,numeric__USM3_pose_global_economy_area_xy,0.0050463334671998
extra_trees,2,numeric__USM1_joint_movement_economy,0.005017303287510711
extra_trees,2,numeric__USM2_joint_idle_fraction_relative,0.004764824873938796
extra_trees,2,numeric__active_pair_path_length_imbalance,0.004658695146958732
extra_trees,2,numeric__USM2_pose_global_movement_economy,0.004498417537424829
extra_trees,2,numeric__USM2_joint_insertion_q3_path_l1,0.004484642710209864
extra_trees,2,numeric__USM2_joint_mean_abs_joint_velocity,0.00445543369556083
extra_trees,2,numeric__USM0_pose_global_mean_speed_l2,0.004287973605925176
extra_trees,2,numeric__USM2_joint_pause_fraction,0.004246581342158612
extra_trees,2,numeric__USM2_USM3_pose_global_both_idle_fraction,0.004174249072840505
extra_trees,2,numeric__USM2_pose_global_idle_fraction_relative,0.00409861960252504
extra_trees,2,numeric__USM0_joint_mean_acceleration_l2,0.004077738920119999
extra_trees,2,task__task_clean_sea_spikes,0.004043398258446872
extra_trees,2,numeric__USM2_joint_pause_count,0.00403652725014191
extra_trees,2,numeric__USM0_USM3_pose_global_distance_range_rel,0.003980108180606766
extra_trees,2,numeric__USM0_pose_global_movement_economy,0.003883956496852003
extra_trees,2,numeric__USM0_joint_rms_speed_l2,0.0038377572143764027
extra_trees,2,numeric__USM2_joint_insertion_q3_mean_range,0.0037954200489483335
extra_trees,2,numeric__USM0_pose_global_idle_fraction_relative,0.0037904213757365512
extra_trees,2,numeric__USM0_joint_idle_fraction_relative,0.0037334821591602746
extra_trees,2,numeric__USM2_joint_mean_acceleration_l2,0.0037115017146980983
extra_trees,2,numeric__USM0_USM3_pose_global_speed_correlation,0.0035687726689165814
extra_trees,2,numeric__USM3_joint_insertion_q3_path_l1,0.0035061116669189677
extra_trees,2,numeric__USM2_joint_mean_speed_l2,0.0034667115977963007
extra_trees,2,numeric__USM3_joint_distal_q5_q9_mean_range,0.003350271194231062
extra_trees,2,numeric__USM3_pose_global_log_dimensionless_jerk,0.0033406591356761038
extra_trees,2,numeric__USM0_joint_distal_q5_q9_mean_range,0.0033026418195620352
extra_trees,2,numeric__USM0_USM3_pose_global_mean_abs_relative_speed,0.003294529428218489
extra_trees,2,numeric__USM0_joint_idle_threshold_relative,0.003288262695079398
extra_trees,2,numeric__USM2_USM3_pose_global_speed_correlation,0.003241034538225787
extra_trees,2,numeric__USM2_joint_jerk_cost,0.003149829131929252
extra_trees,2,numeric__USM3_pose_global_z_range_m,0.0031417992671142615
extra_trees,2,numeric__USM0_USM3_pose_global_mean_distance_rel,0.0031312649138888343
extra_trees,2,numeric__USM0_joint_insertion_q3_mean_range,0.003120665642910538
extra_trees,2,numeric__USM0_pose_global_pause_fraction,0.0030649256151674712
extra_trees,2,numeric__USM1_joint_pause_count,0.0030322098418873815
extra_trees,2,numeric__USM2_joint_base_revolute_q0_q2_mean_range,0.003008835521336052
extra_trees,2,numeric__USM0_joint_net_displacement_l2,0.0030010476167284606
extra_trees,2,numeric__USM0_pose_global_raw_path_l2,0.002963078960292728
extra_trees,2,numeric__USM0_pose_global_idle_threshold_relative,0.002945439681528013
extra_trees,2,numeric__USM2_joint_max_acceleration_l2,0.0029227176748145697
extra_trees,2,numeric__USM0_pose_global_dimensionless_jerk,0.002911319165103696
extra_trees,2,numeric__USM0_pose_global_max_abs_angular_acceleration_rad_s2,0.002909014335432301
extra_trees,2,numeric__USM3_pose_global_movement_economy,0.0028469192580564914
extra_trees,2,numeric__USM0_joint_tool_roll_q4_mean_range,0.002808533572139689
extra_trees,2,numeric__USM1_joint_insertion_q3_mean_abs_velocity,0.0027639638436374506
extra_trees,2,numeric__USM0_USM2_pose_global_one_arm_only_active_fraction,0.0027365516863043907
extra_trees,2,numeric__USM0_USM3_pose_global_std_distance_rel,0.002651438529823239
extra_trees,2,numeric__USM3_pose_global_rms_speed_l2,0.00264643871602784
extra_trees,2,numeric__USM0_USM2_pose_global_path_length_imbalance,0.0025804453376366385
extra_trees,2,numeric__USM1_joint_base_revolute_q0_q2_mean_range,0.0025755433849697835
extra_trees,2,numeric__USM1_joint_pause_fraction,0.002527102752071241
extra_trees,2,numeric__USM0_USM3_pose_global_one_arm_only_active_fraction,0.0025010644068019397
extra_trees,2,numeric__USM3_joint_tool_roll_q4_path_l1,0.002491345510237539
extra_trees,2,numeric__USM0_pose_global_net_displacement_l2,0.002424264209952565
extra_trees,2,numeric__USM1_joint_insertion_q3_mean_range,0.0023943208745449683
extra_trees,2,numeric__USM0_pose_global_rotation_path_radians,0.0023740998074448386
extra_trees,2,numeric__active_pair_speed_correlation,0.0023656036929717837
extra_trees,2,numeric__USM2_joint_max_jerk_l2,0.002332945132044618
extra_trees,2,numeric__USM0_joint_tool_roll_q4_mean_abs_velocity,0.0023252206112401165
extra_trees,2,numeric__USM1_joint_net_displacement_l2,0.0023124000673635688
extra_trees,2,numeric__USM2_USM3_pose_global_one_arm_only_active_fraction,0.0022965455875815295
extra_trees,2,numeric__USM3_joint_tool_roll_q4_mean_abs_velocity,0.0022962314265733068
extra_trees,2,numeric__USM3_pose_global_mean_speed_l2,0.00229304628729041
extra_trees,2,numeric__USM2_joint_movement_economy,0.002282897116455884
extra_trees,2,numeric__USM0_USM2_pose_global_alignment_coverage,0.0022647792795238105
extra_trees,2,numeric__USM3_joint_mean_joint_range,0.0022554595642489813
extra_trees,2,numeric__USM2_joint_tool_roll_q4_path_l1,0.002225482416718448
extra_trees,2,numeric__USM0_joint_max_speed_l2,0.0022062175579935913
extra_trees,2,numeric__USM0_USM2_pose_global_both_idle_fraction,0.0021642156376488965
extra_trees,2,numeric__USM2_pose_global_economy_area_yz,0.0021308500126908086
extra_trees,2,numeric__active_pair_path_length_b_rel,0.0021236955692202695
extra_trees,2,numeric__active_pair_one_arm_only_active_fraction,0.002097938522726662
extra_trees,2,numeric__USM1_joint_base_revolute_q0_q2_path_l1,0.002085638817737613
extra_trees,2,numeric__USM2_joint_idle_threshold_relative,0.002084793860818102
extra_trees,2,numeric__USM0_pose_global_path_l2,0.002073620996909103
extra_trees,2,numeric__USM1_joint_distal_q5_q9_mean_range,0.002063608669505852
extra_trees,2,numeric__USM0_joint_max_joint_range,0.002048669920240872
extra_trees,2,numeric__USM0_pose_global_economy_area_xz,0.002030219613829031
extra_trees,2,numeric__USM3_pose_global_dimensionless_jerk,0.002029525549297297
extra_trees,2,numeric__USM0_joint_mean_joint_range,0.002027803070836415
extra_trees,2,numeric__USM3_joint_max_joint_range,0.0020194671960082357
extra_trees,2,numeric__USM2_joint_mean_joint_range,0.002007159768746098
extra_trees,2,numeric__USM2_joint_net_displacement_l2,0.0020011350124828774
extra_trees,2,numeric__USM3_pose_global_max_speed_l2,0.0019644308535176863
extra_trees,2,numeric__USM3_pose_global_max_acceleration_l2,0.0019459502762695774
extra_trees,2,numeric__USM1_joint_idle_fraction_relative,0.0019446487075616109
extra_trees,2,numeric__USM3_joint_mean_speed_l2,0.0019435522930162142
extra_trees,2,numeric__USM2_USM3_pose_global_mean_distance_rel,0.0019201001867470752
extra_trees,2,numeric__USM0_joint_mean_speed_l2,0.0018937661784455223
extra_trees,2,numeric__USM0_pose_global_economy_area_yz,0.0018932185189819868
extra_trees,2,numeric__USM1_joint_max_acceleration_l2,0.001893020345556538
extra_trees,2,numeric__USM1_joint_mean_acceleration_l2,0.0018881657952473166
extra_trees,2,numeric__USM0_USM2_pose_global_speed_correlation,0.0018756430807637438
extra_trees,2,numeric__USM1_joint_max_jerk_l2,0.0018687634028252372
extra_trees,2,numeric__USM3_pose_global_net_displacement_l2,0.0018440260483610557
extra_trees,2,numeric__USM3_joint_insertion_q3_mean_range,0.0018406960879122779
extra_trees,2,numeric__USM0_pose_global_economy_volume,0.001822119262388851
extra_trees,2,numeric__USM1_joint_max_joint_range,0.0018159982649034523
extra_trees,2,numeric__USM2_joint_distal_q5_q9_mean_range,0.0017816344710821746
extra_trees,2,numeric__USM1_joint_tool_roll_q4_path_l1,0.0017544477841533804
extra_trees,2,numeric__USM2_pose_global_rotation_path_radians,0.0017533445663683051
extra_trees,2,numeric__USM2_joint_raw_path_l2,0.0017462821888599399
extra_trees,2,numeric__USM0_pose_global_economy_area_xy,0.001740036856797081
extra_trees,2,numeric__USM0_joint_max_gap_seconds,0.0017300308710865276
extra_trees,2,numeric__USM3_joint_rms_speed_l2,0.0016777411791990564
extra_trees,2,numeric__USM3_pose_global_economy_volume,0.0016733960558811811
extra_trees,2,numeric__USM2_pose_global_raw_path_l2,0.0016641284029712624
extra_trees,2,numeric__USM0_joint_tool_roll_q4_path_l1,0.001642918275237266
extra_trees,2,numeric__USM0_joint_max_jerk_l2,0.001636838866463835
extra_trees,2,numeric__USM2_pose_global_economy_area_xz,0.0016311588998093735
extra_trees,2,numeric__USM3_joint_idle_fraction_relative,0.0016156254192042044
extra_trees,2,numeric__USM1_joint_tool_roll_q4_mean_abs_velocity,0.0015913245638900595
extra_trees,2,numeric__USM0_pose_global_max_angular_speed_rad_s,0.0015654390759741752
extra_trees,2,numeric__USM2_joint_rms_speed_l2,0.0015591324463089188
extra_trees,2,numeric__USM2_pose_global_max_abs_angular_acceleration_rad_s2,0.001557261277921905
extra_trees,2,numeric__USM2_pose_global_path_l2,0.0015310746295320642
extra_trees,2,numeric__USM3_pose_global_raw_path_l2,0.0015224124162650772
extra_trees,2,numeric__USM2_pose_global_max_angular_speed_rad_s,0.0015204679478930735
extra_trees,2,numeric__USM2_pose_global_y_range_m,0.0015176263294837298
extra_trees,2,numeric__USM2_joint_max_speed_l2,0.0015171780488028848
extra_trees,2,numeric__USM2_pose_global_economy_volume,0.001507122459183869
extra_trees,2,numeric__USM3_pose_global_mean_angular_speed_rad_s,0.001499956018019937
extra_trees,2,numeric__USM2_joint_max_abs_joint_velocity,0.0014972059169814467
extra_trees,2,numeric__USM1_joint_raw_path_l2,0.001493418154076487
extra_trees,2,numeric__USM1_joint_max_abs_joint_velocity,0.0014676932256620224
extra_trees,2,numeric__USM0_pose_global_x_range_m,0.001451422804744476
extra_trees,2,numeric__USM3_joint_base_revolute_q0_q2_mean_range,0.0014180628147190204
extra_trees,2,numeric__USM0_joint_max_acceleration_l2,0.0013960373802716862
extra_trees,2,numeric__USM1_joint_max_speed_l2,0.0013809576657018692
extra_trees,2,numeric__USM2_pose_global_z_range_m,0.0013751655609982852
extra_trees,2,task__task_clean_ring_rollercoaster,0.0013661935330063263
extra_trees,2,numeric__USM3_pose_global_max_jerk_l2,0.0013107390168894263
extra_trees,2,numeric__USM1_joint_idle_threshold_relative,0.0013056037354593978
extra_trees,2,numeric__USM2_pose_global_x_range_m,0.001282794356188888
extra_trees,2,numeric__USM2_pose_global_economy_area_xy,0.0012724044761542657
extra_trees,2,numeric__USM1_joint_insertion_q3_path_l1,0.001268236475607354
extra_trees,2,task__task_clean_camera_target,0.0012432101280481103
extra_trees,2,numeric__USM2_pose_global_idle_threshold_relative,0.0012188430664658693
extra_trees,2,numeric__USM1_joint_mean_speed_l2,0.0011892430598176558
extra_trees,2,numeric__USM3_pose_global_jerk_cost,0.0011801183185011037
extra_trees,2,numeric__USM0_pose_global_y_range_m,0.001163978243482474
extra_trees,2,numeric__USM3_pose_global_economy_area_xz,0.0011621161021795328
extra_trees,2,numeric__USM1_joint_mean_joint_range,0.0011593380123528878
extra_trees,2,numeric__USM3_pose_global_x_range_m,0.001148764913604607
extra_trees,2,numeric__USM3_joint_movement_economy,0.00113763447266581
extra_trees,2,numeric__USM3_joint_max_speed_l2,0.0011365635997004828
extra_trees,2,numeric__USM0_joint_movement_economy,0.0011331787507412145
extra_trees,2,numeric__USM3_pose_global_economy_area_yz,0.00112733412629707
extra_trees,2,numeric__all_psm_pose_global_path_total_m,0.001079024306403613
extra_trees,2,numeric__USM3_joint_net_displacement_l2,0.001054335622432221
extra_trees,2,numeric__USM2_joint_max_joint_range,0.0010510969226255815
extra_trees,2,task__task_clean_glove_cut,0.0009960403922641289
extra_trees,2,numeric__USM1_joint_jerk_cost,0.0009019188254656395
extra_trees,2,numeric__USM3_joint_max_acceleration_l2,0.0008605927449084363
extra_trees,2,numeric__USM3_pose_global_mean_abs_angular_acceleration_rad_s2,0.000834584276884692
extra_trees,2,numeric__USM3_pose_global_y_range_m,0.0008157958648403647
extra_trees,2,numeric__USM3_pose_global_rotation_path_radians,0.0007972070601784039
extra_trees,2,numeric__USM3_pose_global_max_angular_speed_rad_s,0.0007662298392894194
extra_trees,2,numeric__USM3_joint_raw_path_l2,0.0007300918285324481
extra_trees,2,numeric__USM3_joint_insertion_q3_mean_abs_velocity,0.000687989867323825
extra_trees,2,numeric__USM3_joint_base_revolute_q0_q2_mean_abs_velocity,0.000512160803719644
extra_trees,2,numeric__USM3_joint_base_revolute_q0_q2_path_l1,0.0004899117952934494
extra_trees,2,numeric__active_pair_usm_b,0.0003034089575420678
extra_trees,2,numeric__USM3_joint_pause_duration_seconds,9.57450544097985e-05
extra_trees,2,numeric__USM3_joint_pause_count,9.104536080413965e-05
extra_trees,2,numeric__USM0_joint_median_dt_seconds,0.0
extra_trees,2,numeric__USM0_pose_global_active,0.0
extra_trees,2,numeric__active_pair_usm_a,0.0
extra_trees,3,numeric__USM3_pose_global_active,0.019475062216464552
extra_trees,3,numeric__USM2_pose_global_pause_duration_seconds,0.01924516392253175
extra_trees,3,numeric__USM0_joint_pause_duration_seconds,0.01767804227972433
extra_trees,3,numeric__USM3_pose_global_pause_fraction,0.017600440463322646
extra_trees,3,numeric__USM0_joint_base_revolute_q0_q2_mean_abs_velocity,0.017580426593817717
extra_trees,3,numeric__USM2_joint_pause_duration_seconds,0.01757888305589523
extra_trees,3,numeric__USM3_pose_global_pause_duration_seconds,0.01745635913940174
extra_trees,3,numeric__USM3_pose_global_idle_fraction_relative,0.01653128603726934
extra_trees,3,numeric__USM2_pose_global_mean_abs_angular_acceleration_rad_s2,0.01630222238573135
extra_trees,3,numeric__active_psm_count,0.016144577822053082
extra_trees,3,numeric__USM0_pose_global_pause_duration_seconds,0.01588169801089664
extra_trees,3,numeric__USM2_joint_insertion_q3_mean_abs_velocity,0.015467827965933349
extra_trees,3,numeric__duration_seconds,0.015063707292751066
extra_trees,3,numeric__USM2_pose_global_mean_angular_speed_rad_s,0.013873900326823185
extra_trees,3,numeric__USM2_joint_base_revolute_q0_q2_mean_abs_velocity,0.013675670975240094
extra_trees,3,numeric__active_pair_simultaneous_active_fraction,0.013339123964276525
extra_trees,3,numeric__USM2_joint_tool_roll_q4_mean_abs_velocity,0.011659062309387869
extra_trees,3,numeric__USM0_USM3_pose_global_simultaneous_active_fraction,0.011231042916463183
extra_trees,3,numeric__USM2_pose_global_pause_count,0.011207838664713829
extra_trees,3,numeric__USM1_joint_pause_duration_seconds,0.010802058082463196
extra_trees,3,numeric__USM3_pose_global_pause_count,0.010374771582602298
extra_trees,3,numeric__USM0_USM3_pose_global_path_length_imbalance,0.009990581401682493
extra_trees,3,numeric__USM0_joint_insertion_q3_mean_abs_velocity,0.00917074486606291
extra_trees,3,numeric__USM2_pose_global_log_dimensionless_jerk,0.009125348441998834
extra_trees,3,numeric__USM0_pose_global_rms_speed_l2,0.008673046330643759
extra_trees,3,numeric__USM0_USM2_pose_global_simultaneous_active_fraction,0.008672452384350339
extra_trees,3,numeric__USM0_USM3_pose_global_both_idle_fraction,0.008371728098374378
extra_trees,3,numeric__USM1_joint_base_revolute_q0_q2_mean_abs_velocity,0.008301748537251123
extra_trees,3,numeric__USM0_pose_global_mean_angular_speed_rad_s,0.007929818972485484
extra_trees,3,numeric__USM0_joint_pause_count,0.007638960970899656
extra_trees,3,numeric__USM1_joint_insertion_q3_mean_abs_velocity,0.007586795340627529
extra_trees,3,numeric__USM0_pose_global_pause_count,0.007268801595803836
extra_trees,3,numeric__USM0_pose_global_log_dimensionless_jerk,0.007250282353291997
extra_trees,3,numeric__USM2_joint_pause_count,0.007193850897326875
extra_trees,3,numeric__USM2_joint_idle_fraction_relative,0.0071791082207626426
extra_trees,3,numeric__USM0_pose_global_max_speed_l2,0.007111346459478743
extra_trees,3,numeric__USM0_joint_insertion_q3_path_l1,0.007030390369213331
extra_trees,3,numeric__all_usm_joint_path_l1_total,0.006978892790736946
extra_trees,3,numeric__USM0_joint_raw_path_l2,0.0066007429377796115
extra_trees,3,numeric__USM0_pose_global_mean_abs_angular_acceleration_rad_s2,0.006590954953823126
extra_trees,3,numeric__USM2_USM3_pose_global_both_idle_fraction,0.00650626819991128
extra_trees,3,numeric__USM2_USM3_pose_global_simultaneous_active_fraction,0.0063485342770614565
extra_trees,3,numeric__USM0_joint_idle_fraction_relative,0.006174344808309957
extra_trees,3,numeric__USM3_pose_global_economy_area_xy,0.006126537562689363
extra_trees,3,numeric__USM0_pose_global_raw_path_l2,0.006027951555271292
extra_trees,3,numeric__USM2_USM3_pose_global_path_length_imbalance,0.005911616230418964
extra_trees,3,task__task_clean_suture,0.005846823850580228
extra_trees,3,numeric__USM0_joint_tool_roll_q4_mean_abs_velocity,0.005657872104631299
extra_trees,3,numeric__USM0_joint_insertion_q3_mean_range,0.0056243011697919955
extra_trees,3,numeric__USM2_joint_pause_fraction,0.005563020409536806
extra_trees,3,numeric__USM3_pose_global_economy_area_xz,0.005481165706057402
extra_trees,3,numeric__USM2_pose_global_mean_speed_l2,0.005447759258184451
extra_trees,3,numeric__USM2_joint_mean_abs_joint_velocity,0.005132287811348835
extra_trees,3,numeric__USM3_pose_global_idle_threshold_relative,0.005099509676806127
extra_trees,3,numeric__USM2_USM3_pose_global_std_distance_rel,0.004973261842803686
extra_trees,3,numeric__USM0_USM3_pose_global_speed_correlation,0.004966348754265556
extra_trees,3,numeric__USM0_pose_global_rotation_path_radians,0.004940048536125225
extra_trees,3,numeric__USM2_pose_global_pause_fraction,0.004900439669569087
extra_trees,3,numeric__USM2_USM3_pose_global_distance_range_rel,0.0047506310409192185
extra_trees,3,numeric__USM0_joint_jerk_cost,0.004696230744874376
extra_trees,3,numeric__USM0_pose_global_max_jerk_l2,0.004544550659797978
extra_trees,3,numeric__USM0_pose_global_idle_fraction_relative,0.00452735361024525
extra_trees,3,numeric__USM2_pose_global_dimensionless_jerk,0.004459119570354202
extra_trees,3,numeric__all_psm_pose_global_path_total_m,0.004453051468290088
extra_trees,3,numeric__USM0_pose_global_path_l2,0.004381328177301423
extra_trees,3,numeric__USM0_joint_base_revolute_q0_q2_path_l1,0.004346887131511598
extra_trees,3,numeric__active_pair_one_arm_only_active_fraction,0.004329090656294733
extra_trees,3,numeric__USM0_joint_base_revolute_q0_q2_mean_range,0.004313134799887628
extra_trees,3,numeric__USM3_pose_global_log_dimensionless_jerk,0.004300228699255402
extra_trees,3,numeric__USM0_joint_tool_roll_q4_path_l1,0.004262696428232572
extra_trees,3,numeric__USM2_pose_global_path_l2,0.004185237529373303
extra_trees,3,numeric__USM0_joint_mean_speed_l2,0.004140746563437855
extra_trees,3,numeric__USM2_USM3_pose_global_one_arm_only_active_fraction,0.0039662328450352025
extra_trees,3,numeric__USM2_joint_base_revolute_q0_q2_path_l1,0.003950113395610114
extra_trees,3,numeric__USM0_pose_global_idle_threshold_relative,0.0038942355630501536
extra_trees,3,numeric__USM3_pose_global_movement_economy,0.0038942220633098913
extra_trees,3,numeric__USM3_pose_global_z_range_m,0.0038847106619239852
extra_trees,3,numeric__USM3_pose_global_rms_speed_l2,0.0038658042695694657
extra_trees,3,numeric__USM3_pose_global_max_acceleration_l2,0.0037983048284639547
extra_trees,3,numeric__USM2_joint_insertion_q3_path_l1,0.0037785940998106404
extra_trees,3,numeric__USM0_joint_rms_speed_l2,0.0037410560267221948
extra_trees,3,numeric__USM2_USM3_pose_global_speed_correlation,0.003736865287832966
extra_trees,3,numeric__USM2_pose_global_raw_path_l2,0.0037241331303159405
extra_trees,3,numeric__USM2_joint_insertion_q3_mean_range,0.0036946871265114653
extra_trees,3,numeric__USM0_pose_global_mean_speed_l2,0.0036405601139709648
extra_trees,3,numeric__USM0_joint_net_displacement_l2,0.003480746282026401
extra_trees,3,numeric__USM2_pose_global_idle_fraction_relative,0.003476514125542491
extra_trees,3,numeric__USM0_pose_global_economy_area_xy,0.003467475831539839
extra_trees,3,numeric__USM3_pose_global_dimensionless_jerk,0.003452144196506407
extra_trees,3,numeric__USM1_joint_base_revolute_q0_q2_mean_range,0.00345007865383726
extra_trees,3,numeric__USM0_joint_mean_acceleration_l2,0.0033986941685028088
extra_trees,3,numeric__USM2_pose_global_economy_area_xy,0.003353001825155858
extra_trees,3,numeric__USM3_pose_global_max_speed_l2,0.003344793189571903
extra_trees,3,numeric__USM2_joint_raw_path_l2,0.0033404481326023997
extra_trees,3,numeric__active_pair_path_length_b_rel,0.00325555691525794
extra_trees,3,numeric__USM0_pose_global_pause_fraction,0.0032460839764602294
extra_trees,3,numeric__USM0_USM2_pose_global_one_arm_only_active_fraction,0.0032294506737499448
extra_trees,3,numeric__USM3_pose_global_max_jerk_l2,0.003223026581736716
extra_trees,3,numeric__USM0_USM3_pose_global_mean_abs_relative_speed,0.0032146829240751796
extra_trees,3,numeric__USM0_joint_max_jerk_l2,0.003197786896725147
extra_trees,3,numeric__USM3_pose_global_y_range_m,0.0031934214232771
extra_trees,3,numeric__USM0_pose_global_dimensionless_jerk,0.0031621035387006855
extra_trees,3,numeric__USM3_joint_distal_q5_q9_mean_range,0.0031568150213248033
extra_trees,3,numeric__USM3_joint_tool_roll_q4_path_l1,0.003145098948873002
extra_trees,3,numeric__USM0_joint_idle_threshold_relative,0.003107655412926394
extra_trees,3,numeric__USM2_pose_global_economy_area_yz,0.003094390366784105
extra_trees,3,numeric__USM1_joint_mean_speed_l2,0.0030776973026927926
extra_trees,3,numeric__USM2_joint_tool_roll_q4_path_l1,0.0030704792044211416
extra_trees,3,numeric__USM0_USM3_pose_global_std_distance_rel,0.0030435915464090187
extra_trees,3,numeric__USM2_joint_mean_speed_l2,0.0030191490084938133
extra_trees,3,numeric__USM0_joint_max_acceleration_l2,0.0030135535737293925
extra_trees,3,numeric__USM0_pose_global_economy_volume,0.0029998548417289462
extra_trees,3,numeric__USM2_pose_global_economy_volume,0.002990349088480278
extra_trees,3,numeric__USM3_pose_global_mean_speed_l2,0.002889166942989008
extra_trees,3,numeric__USM2_joint_idle_threshold_relative,0.002887380884325757
extra_trees,3,numeric__USM0_USM3_pose_global_distance_range_rel,0.002878859965749827
extra_trees,3,numeric__active_pair_speed_correlation,0.002862254446731409
extra_trees,3,numeric__USM3_pose_global_mean_angular_speed_rad_s,0.00285598856560876
extra_trees,3,numeric__USM1_joint_tool_roll_q4_mean_abs_velocity,0.0028341175444349036
extra_trees,3,numeric__USM1_joint_max_abs_joint_velocity,0.0028080334870564977
extra_trees,3,numeric__USM3_joint_raw_path_l2,0.002796418482402127
extra_trees,3,numeric__USM0_USM3_pose_global_mean_distance_rel,0.0027940964927600656
extra_trees,3,numeric__USM3_pose_global_raw_path_l2,0.0027850113582857995
extra_trees,3,numeric__USM3_pose_global_jerk_cost,0.00276085659413467
extra_trees,3,numeric__USM1_joint_pause_count,0.002746968228787083
extra_trees,3,numeric__USM1_joint_pause_fraction,0.002734450542740523
extra_trees,3,numeric__USM0_joint_max_speed_l2,0.002712693888516589
extra_trees,3,numeric__USM3_pose_global_mean_abs_angular_acceleration_rad_s2,0.0027031897739584147
extra_trees,3,numeric__USM1_joint_base_revolute_q0_q2_path_l1,0.0026526133993431907
extra_trees,3,numeric__USM1_joint_net_displacement_l2,0.002637054787179222
extra_trees,3,numeric__USM2_pose_global_max_abs_angular_acceleration_rad_s2,0.0026164659787369688
extra_trees,3,numeric__USM1_joint_raw_path_l2,0.0026159942224106307
extra_trees,3,numeric__USM0_pose_global_economy_area_yz,0.00260653066446915
extra_trees,3,numeric__USM2_pose_global_z_range_m,0.002599568358414666
extra_trees,3,numeric__USM0_pose_global_economy_area_xz,0.0025761768335630154
extra_trees,3,numeric__USM1_joint_tool_roll_q4_path_l1,0.002568333632465317
extra_trees,3,numeric__USM2_joint_base_revolute_q0_q2_mean_range,0.002541732875418176
extra_trees,3,numeric__USM2_joint_rms_speed_l2,0.0025030667625663135
extra_trees,3,numeric__USM2_pose_global_max_angular_speed_rad_s,0.002501091436726155
extra_trees,3,numeric__USM0_joint_distal_q5_q9_mean_range,0.002500039065206939
extra_trees,3,numeric__USM2_joint_max_acceleration_l2,0.0024980348304879784
extra_trees,3,numeric__USM0_joint_movement_economy,0.0024915761912782113
extra_trees,3,numeric__USM3_joint_tool_roll_q4_mean_abs_velocity,0.002489310714019982
extra_trees,3,numeric__USM3_pose_global_rotation_path_radians,0.0024848798084848695
extra_trees,3,numeric__USM3_joint_insertion_q3_path_l1,0.0024791537444825173
extra_trees,3,numeric__USM3_pose_global_workspace_box_volume_m3,0.0024609225321836807
extra_trees,3,numeric__USM1_joint_idle_fraction_relative,0.0024495957871673952
extra_trees,3,numeric__USM0_joint_max_joint_range,0.0024473765064416345
extra_trees,3,numeric__USM2_pose_global_rotation_path_radians,0.002442360523681178
extra_trees,3,numeric__USM2_joint_jerk_cost,0.002440437352323589
extra_trees,3,numeric__USM1_joint_mean_acceleration_l2,0.002439981195569834
extra_trees,3,numeric__USM1_joint_max_joint_range,0.0024333479691482996
extra_trees,3,numeric__USM0_joint_mean_joint_range,0.002418522797901217
extra_trees,3,numeric__USM1_joint_insertion_q3_path_l1,0.0024070415951031286
extra_trees,3,numeric__USM3_joint_insertion_q3_mean_range,0.002389323963085997
extra_trees,3,numeric__USM1_joint_insertion_q3_mean_range,0.0023815805000667197
extra_trees,3,numeric__USM1_joint_max_acceleration_l2,0.002379512928130403
extra_trees,3,numeric__USM2_pose_global_workspace_box_volume_m3,0.002365004270784614
extra_trees,3,numeric__USM1_joint_mean_joint_range,0.0023534239354750467
extra_trees,3,numeric__USM3_joint_mean_joint_range,0.0023509517524237175
extra_trees,3,numeric__USM2_pose_global_idle_threshold_relative,0.002350762699395956
extra_trees,3,numeric__USM0_USM2_pose_global_speed_correlation,0.00234534677906395
extra_trees,3,numeric__USM3_joint_mean_speed_l2,0.0023276710584026372
extra_trees,3,numeric__USM0_pose_global_max_angular_speed_rad_s,0.0023055506063731587
extra_trees,3,numeric__USM3_pose_global_x_range_m,0.002301760965513663
extra_trees,3,numeric__USM2_pose_global_economy_area_xz,0.0022819352556942307
extra_trees,3,numeric__USM0_pose_global_movement_economy,0.002277523087558053
extra_trees,3,numeric__USM3_pose_global_max_angular_speed_rad_s,0.0022722663432218114
extra_trees,3,numeric__USM2_USM3_pose_global_mean_distance_rel,0.0022681513015766265
extra_trees,3,numeric__USM2_joint_mean_acceleration_l2,0.0022430885757534547
extra_trees,3,numeric__USM3_pose_global_economy_volume,0.0022314641216626954
extra_trees,3,numeric__USM2_joint_max_speed_l2,0.002231010808320719
extra_trees,3,numeric__USM0_USM3_pose_global_one_arm_only_active_fraction,0.0022261980009105824
extra_trees,3,numeric__USM3_joint_base_revolute_q0_q2_mean_range,0.0022207155889961815
extra_trees,3,numeric__USM0_joint_tool_roll_q4_mean_range,0.002192225154932869
extra_trees,3,numeric__USM3_joint_insertion_q3_mean_abs_velocity,0.0021866409530320384
extra_trees,3,numeric__USM1_joint_distal_q5_q9_mean_range,0.002158018667008106
extra_trees,3,numeric__USM1_joint_movement_economy,0.0021491014823734576
extra_trees,3,numeric__USM2_pose_global_movement_economy,0.002136019295129938
extra_trees,3,numeric__USM0_pose_global_y_range_m,0.002115554247526793
extra_trees,3,numeric__USM2_joint_max_abs_joint_velocity,0.002107930325375531
extra_trees,3,numeric__USM0_pose_global_max_abs_angular_acceleration_rad_s2,0.0020999053614573367
extra_trees,3,numeric__active_pair_path_length_imbalance,0.002094469506222251
extra_trees,3,numeric__USM2_pose_global_y_range_m,0.002083504948539647
extra_trees,3,numeric__USM3_pose_global_economy_area_yz,0.002081088366246779
extra_trees,3,numeric__USM3_pose_global_net_displacement_l2,0.0020482304058203624
extra_trees,3,numeric__USM1_joint_max_speed_l2,0.002032650947556838
extra_trees,3,numeric__USM2_joint_net_displacement_l2,0.001995173861052725
extra_trees,3,numeric__USM2_joint_max_jerk_l2,0.0019287310312339444
extra_trees,3,numeric__USM0_joint_max_gap_seconds,0.0019060936205903027
extra_trees,3,numeric__USM0_USM2_pose_global_both_idle_fraction,0.001870567042785607
extra_trees,3,numeric__USM2_joint_distal_q5_q9_mean_range,0.0018635874128830636
extra_trees,3,numeric__USM3_joint_max_speed_l2,0.001838373827706426
extra_trees,3,numeric__USM3_joint_net_displacement_l2,0.0018356376196417617
extra_trees,3,numeric__USM0_USM2_pose_global_path_length_imbalance,0.0018325137311836297
extra_trees,3,numeric__USM1_joint_jerk_cost,0.0018174318234741788
extra_trees,3,numeric__USM1_joint_max_jerk_l2,0.0018150356743354672
extra_trees,3,numeric__USM2_joint_mean_joint_range,0.001811222759736475
extra_trees,3,numeric__USM3_joint_rms_speed_l2,0.001810362365813956
extra_trees,3,numeric__USM0_pose_global_x_range_m,0.0017874066448027508
extra_trees,3,task__task_clean_ring_rollercoaster,0.0017747760239266738
extra_trees,3,numeric__USM3_joint_max_joint_range,0.0017515540426548512
extra_trees,3,numeric__USM2_pose_global_x_range_m,0.001743203751919705
extra_trees,3,numeric__USM2_joint_movement_economy,0.001742940881734654
extra_trees,3,numeric__USM2_joint_max_joint_range,0.0017421446381534927
extra_trees,3,numeric__USM3_joint_movement_economy,0.0017404284254556991
extra_trees,3,numeric__USM0_pose_global_net_displacement_l2,0.0016875301188227284
extra_trees,3,task__task_clean_camera_target,0.001628542865988826
extra_trees,3,task__task_clean_sea_spikes,0.001627609771333847
extra_trees,3,numeric__USM3_joint_base_revolute_q0_q2_mean_abs_velocity,0.0015986800576715467
extra_trees,3,numeric__USM3_joint_base_revolute_q0_q2_path_l1,0.0015750874862477048
extra_trees,3,numeric__USM3_joint_idle_fraction_relative,0.0013767812831398795
extra_trees,3,numeric__USM0_USM2_pose_global_alignment_coverage,0.001263560400417372
extra_trees,3,numeric__active_pair_usm_b,0.001159667296039203
extra_trees,3,numeric__USM3_joint_max_acceleration_l2,0.0011008236814432258
extra_trees,3,task__task_clean_glove_cut,0.0010546767896226295
extra_trees,3,numeric__USM3_joint_pause_count,0.0006336678342093456
extra_trees,3,numeric__USM3_joint_pause_duration_seconds,0.0005686445438230121
extra_trees,3,numeric__USM0_pose_global_active,0.00014643243343496123
extra_trees,3,numeric__active_pair_usm_a,4.527795079281764e-06
extra_trees,3,numeric__USM0_joint_median_dt_seconds,0.0
extra_trees,4,numeric__USM3_pose_global_pause_duration_seconds,0.0735612493906959
extra_trees,4,numeric__duration_seconds,0.04398000767792436
extra_trees,4,numeric__USM2_joint_pause_duration_seconds,0.04282406484993013
extra_trees,4,numeric__USM3_pose_global_pause_fraction,0.04068735579919006
extra_trees,4,numeric__USM2_pose_global_pause_duration_seconds,0.03716583215871636
extra_trees,4,numeric__USM0_joint_pause_duration_seconds,0.03519727806494163
extra_trees,4,numeric__USM0_pose_global_pause_duration_seconds,0.02578249048260958
extra_trees,4,numeric__USM0_joint_base_revolute_q0_q2_mean_abs_velocity,0.021932595314490592
extra_trees,4,numeric__USM2_joint_base_revolute_q0_q2_mean_abs_velocity,0.020934946174408695
extra_trees,4,numeric__USM2_pose_global_mean_abs_angular_acceleration_rad_s2,0.02015663834269142
extra_trees,4,numeric__USM1_joint_pause_duration_seconds,0.016446360834673403
extra_trees,4,numeric__USM2_pose_global_pause_count,0.013360421233052986
extra_trees,4,numeric__USM2_joint_insertion_q3_mean_abs_velocity,0.01265782686981387
extra_trees,4,numeric__USM3_pose_global_idle_fraction_relative,0.012538812889319026
extra_trees,4,numeric__USM2_pose_global_mean_angular_speed_rad_s,0.011391060388495753
extra_trees,4,numeric__USM3_pose_global_pause_count,0.011093132030083198
extra_trees,4,numeric__USM0_joint_base_revolute_q0_q2_path_l1,0.010785526728455945
extra_trees,4,numeric__USM0_pose_global_pause_count,0.01068315561598762
extra_trees,4,numeric__USM0_USM3_pose_global_path_length_imbalance,0.010615097056354408
extra_trees,4,numeric__USM2_USM3_pose_global_path_length_imbalance,0.010613334665861071
extra_trees,4,numeric__USM0_joint_pause_count,0.010594977363206857
extra_trees,4,numeric__USM0_pose_global_max_speed_l2,0.010320713288467898
extra_trees,4,numeric__active_pair_simultaneous_active_fraction,0.010218693781755439
extra_trees,4,numeric__USM0_USM3_pose_global_simultaneous_active_fraction,0.00936417994396062
extra_trees,4,numeric__USM2_pose_global_log_dimensionless_jerk,0.009350512969091423
extra_trees,4,numeric__USM0_pose_global_rms_speed_l2,0.009127800833574867
extra_trees,4,numeric__USM2_joint_base_revolute_q0_q2_path_l1,0.009059320666561312
extra_trees,4,numeric__USM0_pose_global_log_dimensionless_jerk,0.008224582618186567
extra_trees,4,numeric__USM2_joint_pause_fraction,0.007652688888966229
extra_trees,4,numeric__USM3_pose_global_active,0.007553503739093043
extra_trees,4,numeric__USM2_joint_idle_fraction_relative,0.00754386434599238
extra_trees,4,numeric__USM0_pose_global_mean_acceleration_l2,0.007500120161049872
extra_trees,4,numeric__all_usm_joint_path_l1_total,0.0072503661778360795
extra_trees,4,numeric__USM2_pose_global_mean_acceleration_l2,0.00717885884383206
extra_trees,4,numeric__USM0_pose_global_mean_abs_angular_acceleration_rad_s2,0.007104968116637786
extra_trees,4,numeric__USM2_USM3_pose_global_speed_correlation,0.0067875284343396
extra_trees,4,task__task_clean_sea_spikes,0.006631508457997561
extra_trees,4,numeric__USM0_joint_raw_path_l2,0.0058798639232261
extra_trees,4,numeric__USM0_joint_insertion_q3_mean_range,0.005345282112699923
extra_trees,4,numeric__USM2_joint_pause_count,0.0052796051973700315
extra_trees,4,numeric__USM0_joint_rms_speed_l2,0.00515338767629172
extra_trees,4,numeric__USM1_joint_base_revolute_q0_q2_mean_abs_velocity,0.0051472137038609195
extra_trees,4,numeric__USM3_pose_global_economy_area_xy,0.005118207202608764
extra_trees,4,numeric__USM0_joint_base_revolute_q0_q2_mean_range,0.0050072084636748615
extra_trees,4,numeric__active_pair_one_arm_only_active_fraction,0.004864758697296446
extra_trees,4,numeric__active_psm_count,0.004774654522841486
extra_trees,4,numeric__USM0_joint_mean_acceleration_l2,0.004704810604611088
extra_trees,4,numeric__USM0_joint_insertion_q3_path_l1,0.004663535146693242
extra_trees,4,numeric__USM1_joint_movement_economy,0.004511982010170519
extra_trees,4,numeric__USM0_USM3_pose_global_both_idle_fraction,0.004494856948963462
extra_trees,4,numeric__USM0_pose_global_max_abs_angular_acceleration_rad_s2,0.004462254915454266
extra_trees,4,numeric__USM0_joint_insertion_q3_mean_abs_velocity,0.004419946489641649
extra_trees,4,numeric__USM3_pose_global_z_range_m,0.004402764833501012
extra_trees,4,numeric__active_pair_path_length_imbalance,0.004383414232048078
extra_trees,4,numeric__USM0_joint_jerk_cost,0.004247710747520853
extra_trees,4,numeric__USM2_USM3_pose_global_std_distance_rel,0.004094191713748195
extra_trees,4,numeric__USM2_pose_global_dimensionless_jerk,0.003943790869157595
extra_trees,4,numeric__USM0_USM2_pose_global_std_distance_rel,0.003897288635104551
extra_trees,4,numeric__USM0_pose_global_economy_area_yz,0.003883149844648836
extra_trees,4,numeric__USM2_USM3_pose_global_simultaneous_active_fraction,0.0038825117823324284
extra_trees,4,numeric__USM1_joint_net_displacement_l2,0.0038171100801795248
extra_trees,4,numeric__USM0_pose_global_max_angular_speed_rad_s,0.003734744336887097
extra_trees,4,numeric__USM0_USM2_pose_global_simultaneous_active_fraction,0.0037136415215957247
extra_trees,4,numeric__USM2_pose_global_max_abs_angular_acceleration_rad_s2,0.0036361636569477843
extra_trees,4,numeric__USM0_pose_global_raw_path_l2,0.0036253449260914648
extra_trees,4,numeric__USM0_pose_global_movement_economy,0.0036206981683663732
extra_trees,4,numeric__USM1_joint_insertion_q3_mean_range,0.0035667220512372016
extra_trees,4,numeric__USM0_USM2_pose_global_one_arm_only_active_fraction,0.003515697271800198
extra_trees,4,task__task_clean_suture,0.0034076042067868284
extra_trees,4,numeric__USM2_joint_insertion_q3_mean_range,0.0034007655327782963
extra_trees,4,numeric__USM1_joint_insertion_q3_mean_abs_velocity,0.0031732381812380264
extra_trees,4,numeric__USM2_USM3_pose_global_mean_abs_relative_speed,0.0030041580304727023
extra_trees,4,numeric__USM2_joint_tool_roll_q4_mean_abs_velocity,0.002998465057298308
extra_trees,4,numeric__USM0_joint_net_displacement_l2,0.0029770609051992785
extra_trees,4,numeric__USM0_joint_max_acceleration_l2,0.0029076181700021333
extra_trees,4,numeric__USM3_pose_global_log_dimensionless_jerk,0.002858642472095741
extra_trees,4,numeric__USM2_joint_base_revolute_q0_q2_mean_range,0.0028301982859997967
extra_trees,4,numeric__USM2_pose_global_max_angular_speed_rad_s,0.0028136750692941905
extra_trees,4,numeric__USM3_pose_global_idle_threshold_relative,0.0027984633061631675
extra_trees,4,numeric__USM3_pose_global_max_speed_l2,0.002788194620570089
extra_trees,4,numeric__USM1_joint_max_acceleration_l2,0.0027591358940489397
extra_trees,4,numeric__USM0_joint_idle_fraction_relative,0.0027403984242065902
extra_trees,4,numeric__USM3_pose_global_rms_speed_l2,0.002706430057459026
extra_trees,4,numeric__USM2_pose_global_pause_fraction,0.0027002433029064184
extra_trees,4,numeric__USM1_joint_max_abs_joint_velocity,0.002550345982491642
extra_trees,4,numeric__USM0_pose_global_rotation_path_radians,0.002481753569187728
extra_trees,4,numeric__USM3_pose_global_mean_acceleration_l2,0.002445999226720001
extra_trees,4,numeric__USM2_joint_mean_acceleration_l2,0.002435853461868146
extra_trees,4,numeric__USM0_joint_max_speed_l2,0.0024194683218880016
extra_trees,4,numeric__USM2_joint_max_speed_l2,0.0023840521793434383
extra_trees,4,numeric__USM0_pose_global_net_displacement_l2,0.002376169210256849
extra_trees,4,numeric__USM0_joint_mean_speed_l2,0.002353891867895572
extra_trees,4,numeric__USM0_pose_global_mean_angular_speed_rad_s,0.0023339989196062205
extra_trees,4,numeric__all_psm_pose_global_path_total_m,0.002323712462782522
extra_trees,4,numeric__USM0_pose_global_economy_area_xy,0.0023218483646035766
extra_trees,4,numeric__USM1_joint_base_revolute_q0_q2_mean_range,0.0022991371019412976
extra_trees,4,numeric__USM2_USM3_pose_global_distance_range_rel,0.0022522281388541506
extra_trees,4,numeric__USM0_pose_global_idle_fraction_relative,0.0022328223022630707
extra_trees,4,numeric__USM0_joint_idle_threshold_relative,0.002187645438342801
extra_trees,4,numeric__USM0_joint_mean_joint_range,0.0021170835209989407
extra_trees,4,numeric__USM0_joint_distal_q5_q9_mean_range,0.0021159852972777236
extra_trees,4,numeric__USM0_USM3_pose_global_speed_correlation,0.0021132321943052013
extra_trees,4,numeric__USM0_pose_global_pause_fraction,0.0021096588321571907
extra_trees,4,numeric__active_pair_mean_abs_relative_speed,0.0020607281034979606
extra_trees,4,numeric__USM2_joint_mean_abs_joint_velocity,0.0020576630461782677
extra_trees,4,numeric__USM2_USM3_pose_global_mean_distance_rel,0.0020441526187970913
extra_trees,4,numeric__USM0_pose_global_economy_volume,0.002030334603360726
extra_trees,4,numeric__USM2_joint_raw_path_l2,0.0019926605545472777
extra_trees,4,numeric__USM3_pose_global_raw_path_l2,0.0019669842378579323
extra_trees,4,numeric__USM2_USM3_pose_global_both_idle_fraction,0.0019655059511294523
extra_trees,4,numeric__USM2_pose_global_economy_area_yz,0.0019653203859784155
extra_trees,4,numeric__USM3_pose_global_mean_speed_l2,0.0019651605963726232
extra_trees,4,numeric__USM1_joint_max_speed_l2,0.0019280062810699248
extra_trees,4,numeric__USM3_pose_global_economy_volume,0.0019255432020471332
extra_trees,4,numeric__USM0_pose_global_economy_area_xz,0.0019124398951867025
extra_trees,4,numeric__USM0_USM3_pose_global_std_distance_rel,0.001882094093596709
extra_trees,4,numeric__USM0_pose_global_x_range_m,0.0018437505252250602
extra_trees,4,numeric__USM2_USM3_pose_global_one_arm_only_active_fraction,0.0018339694196831628
extra_trees,4,numeric__USM2_pose_global_z_range_m,0.0018300327610513657
extra_trees,4,numeric__USM2_pose_global_mean_speed_l2,0.0018006312296357063
extra_trees,4,numeric__USM0_USM2_pose_global_path_length_imbalance,0.0017985537424325087
extra_trees,4,numeric__USM3_pose_global_max_jerk_l2,0.0017877917876318035
extra_trees,4,numeric__USM2_joint_tool_roll_q4_path_l1,0.0017504839791519706
extra_trees,4,numeric__USM2_joint_jerk_cost,0.0017163872609537694
extra_trees,4,task__task_clean_ring_rollercoaster,0.0017162865474536979
extra_trees,4,numeric__USM0_USM3_pose_global_mean_distance_rel,0.0017079009790629464
extra_trees,4,numeric__USM2_pose_global_economy_area_xy,0.0017076098785997543
extra_trees,4,numeric__USM0_joint_tool_roll_q4_path_l1,0.0017065744905670835
extra_trees,4,numeric__USM1_joint_tool_roll_q4_path_l1,0.0016821821975470798
extra_trees,4,numeric__USM3_pose_global_economy_area_xz,0.001681883706658918
extra_trees,4,numeric__USM2_pose_global_idle_fraction_relative,0.001679367208073403
extra_trees,4,numeric__USM0_joint_max_gap_seconds,0.0016400406449685646
extra_trees,4,numeric__USM1_joint_idle_fraction_relative,0.001617071026799338
extra_trees,4,numeric__USM2_pose_global_economy_volume,0.0016132773771931768
extra_trees,4,numeric__USM3_pose_global_jerk_cost,0.001609514020929752
extra_trees,4,numeric__USM2_joint_max_joint_range,0.0015979427038865512
extra_trees,4,numeric__USM2_pose_global_raw_path_l2,0.0015772980713605112
extra_trees,4,numeric__USM1_joint_max_jerk_l2,0.001575276291990883
extra_trees,4,numeric__USM2_joint_movement_economy,0.0015665264805887044
extra_trees,4,numeric__USM2_joint_idle_threshold_relative,0.0015566432431243242
extra_trees,4,numeric__USM0_joint_max_joint_range,0.0015372299533416012
extra_trees,4,numeric__USM2_pose_global_x_range_m,0.0015304223662144303
extra_trees,4,numeric__USM0_USM2_pose_global_mean_abs_relative_speed,0.0015131413880179934
extra_trees,4,numeric__USM3_pose_global_max_acceleration_l2,0.0015075469875522446
extra_trees,4,numeric__USM2_joint_mean_joint_range,0.0015045773072035272
extra_trees,4,numeric__USM0_joint_tool_roll_q4_mean_range,0.0014881262848209526
extra_trees,4,numeric__USM0_USM3_pose_global_distance_range_rel,0.0014817836748482714
extra_trees,4,numeric__USM1_joint_base_revolute_q0_q2_path_l1,0.001467792508356678
extra_trees,4,numeric__USM1_joint_pause_count,0.0014281739693108777
extra_trees,4,numeric__USM1_joint_max_joint_range,0.0014278032313084534
extra_trees,4,numeric__USM2_pose_global_rotation_path_radians,0.0014264982067384313
extra_trees,4,numeric__active_pair_path_length_b_rel,0.0014188053248544014
extra_trees,4,numeric__USM0_pose_global_y_range_m,0.0014155569282162186
extra_trees,4,numeric__USM0_USM2_pose_global_speed_correlation,0.0014032091357420342
extra_trees,4,numeric__USM2_joint_mean_speed_l2,0.0013844831858688138
extra_trees,4,numeric__USM3_joint_raw_path_l2,0.0013826082626808823
extra_trees,4,numeric__USM0_joint_movement_economy,0.001377569429648457
extra_trees,4,numeric__USM2_pose_global_economy_area_xz,0.001373973617971216
extra_trees,4,numeric__USM3_pose_global_x_range_m,0.0013710423333099311
extra_trees,4,numeric__USM3_pose_global_economy_area_yz,0.0013613472844676774
extra_trees,4,numeric__USM3_joint_tool_roll_q4_mean_abs_velocity,0.001357518148681437
extra_trees,4,numeric__USM0_pose_global_idle_threshold_relative,0.0013563998463707318
extra_trees,4,numeric__USM0_USM3_pose_global_one_arm_only_active_fraction,0.00131255816826209
extra_trees,4,numeric__USM3_pose_global_net_displacement_l2,0.0013107193971101231
extra_trees,4,numeric__USM2_pose_global_movement_economy,0.0013100813365350685
extra_trees,4,numeric__USM1_joint_pause_fraction,0.001285523755914216
extra_trees,4,numeric__USM1_joint_tool_roll_q4_mean_abs_velocity,0.0012805957886210487
extra_trees,4,numeric__USM0_joint_max_jerk_l2,0.0012665135336440603
extra_trees,4,numeric__USM2_joint_insertion_q3_path_l1,0.0012595622654383335
extra_trees,4,numeric__USM0_pose_global_mean_speed_l2,0.0012508574744076485
extra_trees,4,numeric__USM3_joint_base_revolute_q0_q2_mean_range,0.0012091287880981153
extra_trees,4,numeric__USM2_joint_max_acceleration_l2,0.00119696696001318
extra_trees,4,numeric__USM3_pose_global_y_range_m,0.0011938196799090577
extra_trees,4,numeric__USM3_pose_global_dimensionless_jerk,0.0011900976424028648
extra_trees,4,numeric__USM1_joint_raw_path_l2,0.0011788934270677224
extra_trees,4,numeric__USM2_joint_distal_q5_q9_mean_range,0.0011699897727058006
extra_trees,4,numeric__USM2_joint_net_displacement_l2,0.0011666382339885642
extra_trees,4,numeric__USM3_joint_mean_joint_range,0.0011462423256511892
extra_trees,4,numeric__USM0_USM3_pose_global_mean_abs_relative_speed,0.0011344751444503855
extra_trees,4,numeric__USM3_joint_distal_q5_q9_mean_range,0.0011333241669894448
extra_trees,4,numeric__USM2_joint_max_abs_joint_velocity,0.0011009098251478903
extra_trees,4,numeric__USM3_joint_movement_economy,0.0010882044714762159
extra_trees,4,numeric__USM0_pose_global_dimensionless_jerk,0.001074211704124117
extra_trees,4,numeric__USM0_USM2_pose_global_alignment_coverage,0.0010602524338872215
extra_trees,4,numeric__USM0_joint_tool_roll_q4_mean_abs_velocity,0.0010444918582052346
extra_trees,4,numeric__USM1_joint_mean_speed_l2,0.0010274759230721523
extra_trees,4,numeric__USM3_pose_global_movement_economy,0.0010232003787127549
extra_trees,4,numeric__USM2_joint_rms_speed_l2,0.000998337300207474
extra_trees,4,numeric__USM1_joint_insertion_q3_path_l1,0.0009886883451363801
extra_trees,4,numeric__USM3_joint_tool_roll_q4_path_l1,0.000987483673141726
extra_trees,4,numeric__USM3_joint_net_displacement_l2,0.0009434248074151253
extra_trees,4,numeric__USM1_joint_mean_joint_range,0.0009204561030892362
extra_trees,4,numeric__USM0_pose_global_z_range_m,0.0009200465739163152
extra_trees,4,numeric__USM2_pose_global_idle_threshold_relative,0.0008863594676049225
extra_trees,4,numeric__USM3_joint_base_revolute_q0_q2_path_l1,0.0008507148198832145
extra_trees,4,numeric__USM3_pose_global_max_angular_speed_rad_s,0.0008131771026290911
extra_trees,4,numeric__USM0_USM2_pose_global_both_idle_fraction,0.0008119512544263519
extra_trees,4,numeric__active_pair_speed_correlation,0.0007852638912990092
extra_trees,4,numeric__USM3_joint_max_joint_range,0.0007830697181178552
extra_trees,4,task__task_clean_camera_target,0.0007752340268001329
extra_trees,4,numeric__USM1_joint_mean_acceleration_l2,0.000745212795185191
extra_trees,4,numeric__USM2_joint_max_jerk_l2,0.0007357517546825813
extra_trees,4,numeric__USM3_pose_global_workspace_box_volume_m3,0.0007318459104549459
extra_trees,4,numeric__USM3_joint_insertion_q3_mean_range,0.0006908831314184491
extra_trees,4,numeric__USM2_pose_global_y_range_m,0.0006572712399403866
extra_trees,4,numeric__USM3_joint_idle_fraction_relative,0.0006381453460616226
extra_trees,4,numeric__USM3_joint_jerk_cost,0.0006353230463575929
extra_trees,4,numeric__USM1_joint_jerk_cost,0.0006185190718197473
extra_trees,4,numeric__USM1_joint_distal_q5_q9_mean_range,0.0006016332495259104
extra_trees,4,numeric__USM3_joint_insertion_q3_mean_abs_velocity,0.0005998002997344958
extra_trees,4,numeric__USM3_pose_global_mean_abs_angular_acceleration_rad_s2,0.0005861371454768689
extra_trees,4,numeric__USM3_joint_insertion_q3_path_l1,0.0005658500017896763
extra_trees,4,numeric__USM3_joint_max_speed_l2,0.0005414529904594107
extra_trees,4,numeric__USM3_pose_global_mean_angular_speed_rad_s,0.0005221869866788838
extra_trees,4,numeric__USM3_joint_mean_speed_l2,0.000518598208583482
extra_trees,4,numeric__USM3_joint_base_revolute_q0_q2_mean_abs_velocity,0.0004808872693551693
extra_trees,4,numeric__USM3_pose_global_rotation_path_radians,0.00047209473786881157
extra_trees,4,task__task_clean_glove_cut,0.0003191747004296725
extra_trees,4,numeric__USM3_joint_max_acceleration_l2,0.00022795144592310354
extra_trees,4,numeric__active_pair_usm_b,4.007521491656094e-05
extra_trees,4,numeric__USM0_joint_median_dt_seconds,0.0
extra_trees,4,numeric__USM3_joint_pause_duration_seconds,0.0
extra_trees,4,numeric__USM3_joint_pause_count,0.0
extra_trees,4,numeric__USM0_pose_global_active,0.0
extra_trees,4,numeric__active_pair_usm_a,0.0
extra_trees,5,numeric__USM2_pose_global_mean_abs_angular_acceleration_rad_s2,0.043347772981790336
extra_trees,5,numeric__USM3_pose_global_pause_fraction,0.04259732956934212
extra_trees,5,numeric__USM3_pose_global_pause_duration_seconds,0.04010412484777148
extra_trees,5,numeric__USM2_joint_pause_duration_seconds,0.03708931103484778
extra_trees,5,numeric__duration_seconds,0.03679555082045586
extra_trees,5,numeric__USM0_joint_pause_duration_seconds,0.03391423999808587
extra_trees,5,numeric__USM3_pose_global_idle_fraction_relative,0.028074863230870287
extra_trees,5,numeric__USM2_pose_global_pause_duration_seconds,0.026140223446807265
extra_trees,5,numeric__USM2_pose_global_mean_angular_speed_rad_s,0.02335965586624233
extra_trees,5,numeric__USM1_joint_pause_duration_seconds,0.023094204823562992
extra_trees,5,numeric__USM0_pose_global_pause_duration_seconds,0.017522361315959873
extra_trees,5,numeric__USM0_pose_global_mean_abs_angular_acceleration_rad_s2,0.015173765653038443
extra_trees,5,numeric__USM0_pose_global_log_dimensionless_jerk,0.01508721155687914
extra_trees,5,numeric__USM0_joint_base_revolute_q0_q2_mean_abs_velocity,0.015047569548797895
extra_trees,5,numeric__USM2_pose_global_log_dimensionless_jerk,0.01443333778884763
extra_trees,5,numeric__USM0_USM3_pose_global_simultaneous_active_fraction,0.013988560669102581
extra_trees,5,numeric__USM0_pose_global_max_speed_l2,0.013162523032976789
extra_trees,5,numeric__active_pair_simultaneous_active_fraction,0.011846281249829255
extra_trees,5,numeric__USM0_pose_global_pause_count,0.011287669637984301
extra_trees,5,numeric__USM0_joint_raw_path_l2,0.010620112129496056
extra_trees,5,numeric__USM0_joint_pause_count,0.00999350483217121
extra_trees,5,numeric__USM0_pose_global_mean_angular_speed_rad_s,0.009797006701592127
extra_trees,5,numeric__USM2_pose_global_pause_count,0.009784067848837216
extra_trees,5,numeric__all_usm_joint_path_l1_total,0.00908317802660333
extra_trees,5,numeric__USM2_joint_base_revolute_q0_q2_mean_abs_velocity,0.009076149426275647
extra_trees,5,numeric__USM0_joint_base_revolute_q0_q2_mean_range,0.00831424232828389
extra_trees,5,numeric__USM2_pose_global_dimensionless_jerk,0.008237542434903511
extra_trees,5,numeric__USM2_joint_insertion_q3_mean_abs_velocity,0.007896664807068228
extra_trees,5,numeric__USM0_pose_global_max_jerk_l2,0.007569508289713441
extra_trees,5,numeric__USM0_joint_insertion_q3_mean_abs_velocity,0.00736746490007238
extra_trees,5,numeric__USM0_USM3_pose_global_both_idle_fraction,0.007311682753030319
extra_trees,5,numeric__USM2_joint_pause_count,0.007308990773579903
extra_trees,5,numeric__USM2_joint_tool_roll_q4_mean_abs_velocity,0.007116978247756123
extra_trees,5,numeric__USM2_pose_global_max_angular_speed_rad_s,0.006051357727471381
extra_trees,5,numeric__USM0_USM3_pose_global_path_length_imbalance,0.005996618081066181
extra_trees,5,numeric__USM3_pose_global_pause_count,0.0058510289041604525
extra_trees,5,numeric__USM0_joint_insertion_q3_path_l1,0.005754803093946167
extra_trees,5,task__task_clean_suture,0.005476264252465677
extra_trees,5,numeric__USM3_pose_global_movement_economy,0.005422014038973976
extra_trees,5,numeric__USM0_joint_tool_roll_q4_mean_abs_velocity,0.005392357744138023
extra_trees,5,numeric__USM2_USM3_pose_global_path_length_imbalance,0.005305466262246131
extra_trees,5,numeric__USM2_pose_global_pause_fraction,0.0052136467857111434
extra_trees,5,numeric__USM0_USM2_pose_global_simultaneous_active_fraction,0.0052131690214896635
extra_trees,5,numeric__USM0_joint_jerk_cost,0.0050213980833891565
extra_trees,5,numeric__USM2_USM3_pose_global_both_idle_fraction,0.004982743355699886
extra_trees,5,numeric__USM1_joint_insertion_q3_mean_abs_velocity,0.004982488245885327
extra_trees,5,numeric__USM0_joint_base_revolute_q0_q2_path_l1,0.004885875571467161
extra_trees,5,numeric__USM2_joint_pause_fraction,0.00464119635492741
extra_trees,5,numeric__USM0_pose_global_raw_path_l2,0.004503333709687715
extra_trees,5,numeric__USM0_joint_insertion_q3_mean_range,0.004399888083627928
extra_trees,5,numeric__USM2_pose_global_max_abs_angular_acceleration_rad_s2,0.00432148319445198
extra_trees,5,numeric__USM0_pose_global_rotation_path_radians,0.004317921235554169
extra_trees,5,numeric__USM2_joint_idle_fraction_relative,0.004307785263083034
extra_trees,5,numeric__USM2_joint_tool_roll_q4_path_l1,0.0042947776550441566
extra_trees,5,numeric__USM0_pose_global_rms_speed_l2,0.0042907072349512455
extra_trees,5,numeric__USM0_joint_idle_fraction_relative,0.004277529997537054
extra_trees,5,numeric__USM0_joint_tool_roll_q4_path_l1,0.0042144762011539
extra_trees,5,numeric__USM2_USM3_pose_global_speed_correlation,0.0042090792820350074
extra_trees,5,numeric__USM2_USM3_pose_global_simultaneous_active_fraction,0.004004867211871483
extra_trees,5,numeric__USM0_joint_mean_acceleration_l2,0.0038884255922666533
extra_trees,5,numeric__USM1_joint_base_revolute_q0_q2_mean_abs_velocity,0.0038752861412379874
extra_trees,5,numeric__USM1_joint_net_displacement_l2,0.0038579569879772704
extra_trees,5,numeric__USM2_USM3_pose_global_distance_range_rel,0.0036975131681894866
extra_trees,5,numeric__USM2_pose_global_idle_fraction_relative,0.003504613811825469
extra_trees,5,numeric__USM3_pose_global_log_dimensionless_jerk,0.003461405389389178
extra_trees,5,numeric__USM0_pose_global_dimensionless_jerk,0.003424971890380726
extra_trees,5,numeric__USM0_pose_global_max_abs_angular_acceleration_rad_s2,0.0034030549289514075
extra_trees,5,numeric__USM0_joint_distal_q5_q9_mean_range,0.0033633964161349592
extra_trees,5,numeric__USM0_pose_global_idle_fraction_relative,0.003347965392822998
extra_trees,5,numeric__USM1_joint_insertion_q3_mean_range,0.0033112357998642487
extra_trees,5,numeric__USM2_joint_base_revolute_q0_q2_mean_range,0.003200107065314087
extra_trees,5,numeric__USM2_pose_global_y_range_m,0.0031924729892923013
extra_trees,5,numeric__active_pair_one_arm_only_active_fraction,0.003148723739668855
extra_trees,5,numeric__USM2_joint_raw_path_l2,0.0030899629431155847
extra_trees,5,numeric__USM0_joint_tool_roll_q4_mean_range,0.0030881833415596013
extra_trees,5,numeric__USM2_pose_global_raw_path_l2,0.0030085171289051162
extra_trees,5,numeric__USM3_pose_global_z_range_m,0.0029673970571759455
extra_trees,5,numeric__USM2_joint_base_revolute_q0_q2_path_l1,0.002951788402837689
extra_trees,5,numeric__USM0_USM3_pose_global_one_arm_only_active_fraction,0.0028633372936535174
extra_trees,5,numeric__USM2_joint_idle_threshold_relative,0.002863252920065503
extra_trees,5,numeric__USM0_joint_rms_speed_l2,0.0027621896813097807
extra_trees,5,numeric__USM3_pose_global_y_range_m,0.002729170234443009
extra_trees,5,numeric__USM3_pose_global_rms_speed_l2,0.0027257438731838617
extra_trees,5,numeric__USM1_joint_movement_economy,0.002687810804291254
extra_trees,5,numeric__USM0_pose_global_pause_fraction,0.00263164338978493
extra_trees,5,numeric__USM0_pose_global_path_l2,0.0026112291731866894
extra_trees,5,numeric__USM2_joint_max_joint_range,0.002606005173507634
extra_trees,5,numeric__USM0_joint_net_displacement_l2,0.002580793070245426
extra_trees,5,numeric__USM2_pose_global_economy_area_xy,0.0025774081809368547
extra_trees,5,numeric__USM0_USM3_pose_global_speed_correlation,0.002550321303680548
extra_trees,5,numeric__USM0_joint_idle_threshold_relative,0.00252127796122881
extra_trees,5,numeric__USM2_pose_global_rotation_path_radians,0.0024975069867831236
extra_trees,5,numeric__USM0_pose_global_y_range_m,0.0024922321446608654
extra_trees,5,numeric__USM0_pose_global_economy_area_yz,0.002491259543432253
extra_trees,5,numeric__USM3_joint_distal_q5_q9_mean_range,0.0024793125714027255
extra_trees,5,numeric__USM3_pose_global_mean_speed_l2,0.002447251684203662
extra_trees,5,numeric__active_pair_path_length_imbalance,0.0024440556086508373
extra_trees,5,numeric__USM1_joint_base_revolute_q0_q2_path_l1,0.0024367123834841535
extra_trees,5,numeric__USM2_pose_global_x_range_m,0.0024217341686353917
extra_trees,5,numeric__USM3_pose_global_idle_threshold_relative,0.00240872346882785
extra_trees,5,task__task_clean_sea_spikes,0.002391786746470788
extra_trees,5,numeric__USM1_joint_max_joint_range,0.0023797501033746317
extra_trees,5,numeric__USM0_joint_max_jerk_l2,0.002375063482092157
extra_trees,5,numeric__USM0_USM3_pose_global_mean_distance_rel,0.002366431625531724
extra_trees,5,numeric__USM0_USM2_pose_global_speed_correlation,0.0023344719123603187
extra_trees,5,numeric__USM2_pose_global_economy_area_yz,0.0023319979842776747
extra_trees,5,numeric__USM3_pose_global_raw_path_l2,0.0023310783167279454
extra_trees,5,task__task_clean_ring_rollercoaster,0.0023201728278223906
extra_trees,5,numeric__USM2_USM3_pose_global_mean_distance_rel,0.002273041775994124
extra_trees,5,numeric__USM1_joint_idle_fraction_relative,0.00225594749928954
extra_trees,5,numeric__USM3_joint_tool_roll_q4_mean_abs_velocity,0.0022442215123020743
extra_trees,5,numeric__USM1_joint_mean_joint_range,0.0021884886224797324
extra_trees,5,numeric__USM3_pose_global_economy_volume,0.0021555270269908162
extra_trees,5,numeric__USM1_joint_pause_fraction,0.002149429141239717
extra_trees,5,numeric__USM1_joint_insertion_q3_path_l1,0.0021434579663050105
extra_trees,5,numeric__USM0_joint_mean_speed_l2,0.002122207505113886
extra_trees,5,numeric__USM3_pose_global_economy_area_yz,0.0021078756615565014
extra_trees,5,numeric__USM0_joint_max_acceleration_l2,0.0020575794504951285
extra_trees,5,numeric__USM2_pose_global_economy_area_xz,0.0020377432602430127
extra_trees,5,numeric__USM3_pose_global_economy_area_xy,0.0020267499778402294
extra_trees,5,numeric__all_psm_pose_global_path_total_m,0.002003602809028434
extra_trees,5,numeric__USM0_pose_global_max_angular_speed_rad_s,0.0020006015981504695
extra_trees,5,numeric__USM2_pose_global_mean_speed_l2,0.0019857618140261828
extra_trees,5,numeric__USM2_joint_mean_acceleration_l2,0.0019837284435249916
extra_trees,5,numeric__USM0_pose_global_net_displacement_l2,0.001978011778855638
extra_trees,5,numeric__USM0_USM3_pose_global_mean_abs_relative_speed,0.001977952760824876
extra_trees,5,numeric__USM2_pose_global_economy_volume,0.001971416967040039
extra_trees,5,numeric__USM2_joint_rms_speed_l2,0.0019448408353161804
extra_trees,5,numeric__active_pair_path_length_b_rel,0.0019433629952435411
extra_trees,5,numeric__USM0_pose_global_movement_economy,0.0019409965130759211
extra_trees,5,numeric__USM0_joint_mean_joint_range,0.0019405142775694485
extra_trees,5,numeric__USM3_pose_global_max_acceleration_l2,0.0019365646275732644
extra_trees,5,numeric__USM2_USM3_pose_global_std_distance_rel,0.001930173779967811
extra_trees,5,numeric__USM0_joint_max_speed_l2,0.0019191429496649083
extra_trees,5,numeric__USM3_joint_jerk_cost,0.00190049677357825
extra_trees,5,numeric__USM2_joint_insertion_q3_mean_range,0.0018908236627290305
extra_trees,5,numeric__USM2_pose_global_path_l2,0.0018536775967863866
extra_trees,5,numeric__USM0_pose_global_mean_speed_l2,0.0018498827159288014
extra_trees,5,numeric__USM2_joint_mean_abs_joint_velocity,0.0017960574197217688
extra_trees,5,numeric__USM2_joint_mean_joint_range,0.001757679278596264
extra_trees,5,numeric__USM2_USM3_pose_global_one_arm_only_active_fraction,0.0017318681278952147
extra_trees,5,numeric__active_pair_speed_correlation,0.0017231220609978132
extra_trees,5,numeric__USM3_joint_raw_path_l2,0.0017200787412068954
extra_trees,5,task__task_clean_camera_target,0.0017170731768938728
extra_trees,5,numeric__USM2_pose_global_idle_threshold_relative,0.0016612744022575364
extra_trees,5,numeric__USM0_pose_global_x_range_m,0.0016541384944911306
extra_trees,5,numeric__USM3_pose_global_x_range_m,0.0016253848801499134
extra_trees,5,numeric__USM2_joint_movement_economy,0.0016248464717496147
extra_trees,5,numeric__USM3_pose_global_economy_area_xz,0.0016148658111402126
extra_trees,5,numeric__USM3_joint_max_joint_range,0.001610273669797041
extra_trees,5,numeric__USM0_USM3_pose_global_distance_range_rel,0.0015719735224505084
extra_trees,5,numeric__USM1_joint_base_revolute_q0_q2_mean_range,0.0015591492893964186
extra_trees,5,numeric__USM2_joint_mean_speed_l2,0.0015443303503555328
extra_trees,5,numeric__USM3_pose_global_dimensionless_jerk,0.0015443066223108774
extra_trees,5,numeric__USM0_joint_movement_economy,0.0015397634193822741
extra_trees,5,numeric__USM2_joint_insertion_q3_path_l1,0.0015139866295268785
extra_trees,5,numeric__USM2_joint_max_abs_joint_velocity,0.0015067712644848143
extra_trees,5,numeric__USM0_USM3_pose_global_std_distance_rel,0.0015043793448372112
extra_trees,5,numeric__USM3_joint_mean_joint_range,0.0014857758236812989
extra_trees,5,numeric__USM2_pose_global_z_range_m,0.0014514206245148818
extra_trees,5,numeric__USM2_joint_max_acceleration_l2,0.0014508564752924947
extra_trees,5,numeric__USM0_pose_global_idle_threshold_relative,0.0014322666856707781
extra_trees,5,numeric__USM3_joint_idle_fraction_relative,0.0014277916897326452
extra_trees,5,numeric__USM0_USM2_pose_global_one_arm_only_active_fraction,0.0014239311876333535
extra_trees,5,numeric__USM1_joint_max_acceleration_l2,0.001416163973554501
extra_trees,5,numeric__USM2_joint_max_speed_l2,0.0014116776598896853
extra_trees,5,numeric__USM0_pose_global_economy_volume,0.0014110002240938055
extra_trees,5,numeric__USM0_USM2_pose_global_both_idle_fraction,0.0013943796910840496
extra_trees,5,numeric__USM3_pose_global_max_jerk_l2,0.0013790940347360831
extra_trees,5,numeric__USM0_USM2_pose_global_path_length_imbalance,0.0013636359444995393
extra_trees,5,numeric__USM3_pose_global_active,0.0013557814111390658
extra_trees,5,numeric__USM1_joint_pause_count,0.0013240919740963612
extra_trees,5,numeric__active_psm_count,0.0013011066308394811
extra_trees,5,numeric__USM2_joint_jerk_cost,0.0012922877747520494
extra_trees,5,numeric__USM1_joint_raw_path_l2,0.0012647956474339571
extra_trees,5,numeric__USM1_joint_max_abs_joint_velocity,0.0012214349124305265
extra_trees,5,numeric__USM1_joint_max_jerk_l2,0.001199707717525734
extra_trees,5,numeric__USM0_pose_global_economy_area_xz,0.0011833359521855528
extra_trees,5,numeric__USM1_joint_rms_speed_l2,0.0011760665036762371
extra_trees,5,numeric__USM2_joint_max_jerk_l2,0.0011728313941510948
extra_trees,5,numeric__USM1_joint_max_speed_l2,0.001153075018422326
extra_trees,5,numeric__USM1_joint_tool_roll_q4_path_l1,0.0011518162067382465
extra_trees,5,numeric__USM0_joint_max_joint_range,0.001111405413016504
extra_trees,5,numeric__USM3_pose_global_workspace_box_volume_m3,0.001095805939233305
extra_trees,5,numeric__USM1_joint_distal_q5_q9_path_l1,0.0010733288707751982
extra_trees,5,numeric__USM3_pose_global_max_speed_l2,0.0010615740062612131
extra_trees,5,numeric__USM3_joint_tool_roll_q4_path_l1,0.0010595273569032927
extra_trees,5,numeric__USM3_joint_mean_speed_l2,0.001046946648249858
extra_trees,5,numeric__USM3_joint_insertion_q3_path_l1,0.0010376341331991407
extra_trees,5,numeric__USM2_joint_net_displacement_l2,0.001021760291128353
extra_trees,5,numeric__USM1_joint_distal_q5_q9_mean_range,0.0010187203508711317
extra_trees,5,numeric__USM3_pose_global_net_displacement_l2,0.0009995596600902324
extra_trees,5,numeric__USM1_joint_mean_acceleration_l2,0.0009541480729007132
extra_trees,5,numeric__USM2_joint_distal_q5_q9_mean_range,0.0009471810452869447
extra_trees,5,numeric__USM3_joint_base_revolute_q0_q2_mean_abs_velocity,0.0009229252966015075
extra_trees,5,numeric__USM3_pose_global_mean_angular_speed_rad_s,0.0009079395095085716
extra_trees,5,numeric__USM0_pose_global_economy_area_xy,0.00082321768241321
extra_trees,5,numeric__USM3_joint_base_revolute_q0_q2_mean_range,0.0008175556655290331
extra_trees,5,numeric__USM3_pose_global_max_abs_angular_acceleration_rad_s2,0.0008013959399932718
extra_trees,5,numeric__USM3_joint_base_revolute_q0_q2_path_l1,0.0007326559340502406
extra_trees,5,numeric__USM3_joint_max_speed_l2,0.0007033886433805765
extra_trees,5,numeric__USM3_pose_global_jerk_cost,0.0006983754093471333
extra_trees,5,numeric__USM2_pose_global_movement_economy,0.0006642795088686098
extra_trees,5,task__task_clean_glove_cut,0.0006345273730677724
extra_trees,5,numeric__USM1_joint_mean_speed_l2,0.0006300025323659635
extra_trees,5,numeric__USM1_joint_tool_roll_q4_mean_abs_velocity,0.0006207699070819261
extra_trees,5,numeric__USM0_joint_max_gap_seconds,0.0006071155622278588
extra_trees,5,numeric__USM3_joint_insertion_q3_mean_range,0.0006052054230756172
extra_trees,5,numeric__USM3_pose_global_mean_abs_angular_acceleration_rad_s2,0.0005881984595814809
extra_trees,5,numeric__USM3_pose_global_rotation_path_radians,0.0005154401999104209
extra_trees,5,numeric__USM3_joint_max_acceleration_l2,0.0005112547912783142
extra_trees,5,numeric__USM3_pose_global_max_angular_speed_rad_s,0.0004802956544130408
extra_trees,5,numeric__USM1_joint_jerk_cost,0.0004115913208013626
extra_trees,5,numeric__USM3_joint_net_displacement_l2,0.0003955863571909663
extra_trees,5,numeric__USM3_joint_insertion_q3_mean_abs_velocity,0.00038931086610531125
extra_trees,5,numeric__USM3_joint_movement_economy,0.0003702721360169619
extra_trees,5,numeric__USM0_USM2_pose_global_alignment_coverage,0.000212077156002677
extra_trees,5,numeric__active_pair_usm_b,0.00013092647934596867
extra_trees,5,numeric__USM0_joint_median_dt_seconds,0.0
extra_trees,5,numeric__USM3_joint_pause_count,0.0
extra_trees,5,numeric__USM3_joint_pause_duration_seconds,0.0
extra_trees,5,numeric__USM0_pose_global_active,0.0
extra_trees,5,numeric__active_pair_usm_a,0.0
