model,cv_fold,feature,importance
random_forest,1,numeric__USM2_joint_pause_duration_seconds,0.05595812444276489
random_forest,1,numeric__USM0_joint_base_revolute_q0_q2_mean_abs_velocity,0.03630663391101763
random_forest,1,numeric__USM2_joint_base_revolute_q0_q2_mean_abs_velocity,0.0352218763845525
random_forest,1,numeric__USM0_joint_pause_duration_seconds,0.03312758634841726
random_forest,1,numeric__USM2_pose_rel_pause_duration_seconds,0.02959210562333231
random_forest,1,numeric__USM1_pose_rel_log_dimensionless_jerk,0.026603868495264138
random_forest,1,numeric__USM3_joint_distal_q5_q9_mean_range,0.023211539421472804
random_forest,1,numeric__USM2_pose_rel_dimensionless_jerk,0.02187996852995889
random_forest,1,numeric__USM1_pose_rel_dimensionless_jerk,0.02148457522905797
random_forest,1,numeric__duration_seconds,0.021161519425697158
random_forest,1,numeric__USM3_joint_raw_path_l2,0.018551012206763112
random_forest,1,numeric__USM2_pose_rel_log_dimensionless_jerk,0.01738554910789033
random_forest,1,numeric__USM2_joint_idle_fraction_relative,0.013756426407748634
random_forest,1,numeric__USM1_USM2_pose_rel_mean_abs_relative_speed,0.0137547441021651
random_forest,1,numeric__USM0_joint_idle_fraction_relative,0.011686813302962418
random_forest,1,numeric__USM3_joint_max_joint_range,0.01093015535181625
random_forest,1,numeric__USM3_pose_rel_pause_fraction,0.010689350039585627
random_forest,1,numeric__USM1_pose_rel_max_speed_l2,0.01017594970678818
random_forest,1,numeric__USM2_joint_pause_count,0.009983285065991951
random_forest,1,numeric__USM1_pose_rel_rms_speed_l2,0.00912301347630065
random_forest,1,numeric__USM2_joint_pause_fraction,0.009014865486080973
random_forest,1,numeric__USM2_pose_rel_rms_speed_l2,0.007752350924947825
random_forest,1,numeric__USM1_pose_rel_max_acceleration_l2,0.007577610446510552
random_forest,1,numeric__USM3_pose_rel_idle_fraction_relative,0.007130033584030317
random_forest,1,numeric__USM2_pose_rel_mean_angular_speed_rad_s,0.007034342242602058
random_forest,1,numeric__USM1_USM2_pose_rel_one_arm_only_active_fraction,0.00672436723356673
random_forest,1,numeric__USM2_pose_rel_mean_abs_angular_acceleration_rad_s2,0.006706100826766531
random_forest,1,numeric__USM3_joint_mean_joint_range,0.0066837372051044485
random_forest,1,numeric__all_usm_joint_path_l1_total,0.006573765302411734
random_forest,1,numeric__USM0_joint_tool_roll_q4_mean_abs_velocity,0.0065424213154987
random_forest,1,numeric__USM3_pose_rel_log_dimensionless_jerk,0.006370753834520084
random_forest,1,numeric__USM1_USM3_pose_rel_speed_correlation,0.006251728579253481
random_forest,1,numeric__USM3_pose_rel_dimensionless_jerk,0.006088753219101498
random_forest,1,numeric__USM2_joint_tool_roll_q4_mean_abs_velocity,0.005837931263006652
random_forest,1,numeric__USM3_joint_rms_speed_l2,0.005828641759052207
random_forest,1,numeric__USM2_joint_base_revolute_q0_q2_path_l1,0.005742099872972208
random_forest,1,numeric__active_pair_simultaneous_active_fraction,0.005699746244246432
random_forest,1,numeric__USM2_USM3_pose_rel_path_length_imbalance,0.005674770494484218
random_forest,1,numeric__USM0_joint_base_revolute_q0_q2_path_l1,0.005599804684682536
random_forest,1,numeric__USM2_joint_insertion_q3_mean_abs_velocity,0.0055965946815201215
random_forest,1,numeric__USM3_joint_mean_speed_l2,0.005541295740421405
random_forest,1,numeric__USM3_joint_max_speed_l2,0.005468294960065711
random_forest,1,numeric__USM2_pose_rel_idle_threshold_relative,0.005439370443626541
random_forest,1,numeric__USM2_pose_rel_mean_acceleration_l2,0.0053634075528516435
random_forest,1,numeric__USM0_joint_base_revolute_q0_q2_mean_range,0.005294921979535766
random_forest,1,numeric__USM3_pose_rel_pause_count,0.005265601544382945
random_forest,1,numeric__USM0_joint_insertion_q3_mean_range,0.0050355340682951485
random_forest,1,numeric__USM2_USM3_pose_rel_simultaneous_active_fraction,0.00491239328898189
random_forest,1,numeric__USM1_USM2_pose_rel_both_idle_fraction,0.004897856833751891
random_forest,1,numeric__USM1_joint_net_displacement_l2,0.00475702933475153
random_forest,1,numeric__USM1_USM2_pose_rel_mean_distance_rel,0.004600579272239995
random_forest,1,numeric__USM2_pose_rel_raw_path_l2,0.004599352604867171
random_forest,1,numeric__USM1_pose_rel_economy_area_xz,0.004430157703273261
random_forest,1,numeric__USM1_USM2_pose_rel_min_distance_rel,0.00438799875694383
random_forest,1,numeric__USM1_pose_rel_z_range,0.004322727743105187
random_forest,1,numeric__USM2_USM3_pose_rel_one_arm_only_active_fraction,0.004299990756192974
random_forest,1,numeric__USM1_USM2_pose_rel_std_distance_rel,0.004297845533720334
random_forest,1,numeric__USM1_USM2_pose_rel_distance_range_rel,0.004248326834652491
random_forest,1,numeric__USM0_joint_insertion_q3_mean_abs_velocity,0.004201966690681092
random_forest,1,numeric__USM1_joint_pause_fraction,0.004185872910131975
random_forest,1,numeric__USM2_pose_rel_max_jerk_l2,0.004129170324134623
random_forest,1,numeric__USM1_pose_rel_max_jerk_l2,0.004126024463537234
random_forest,1,numeric__USM1_pose_rel_y_range,0.00410352862284984
random_forest,1,numeric__USM1_pose_rel_pause_duration_seconds,0.004099868683972797
random_forest,1,numeric__active_pair_path_length_a_rel,0.004088872820761423
random_forest,1,numeric__USM2_pose_rel_idle_fraction_relative,0.004082686200989461
random_forest,1,numeric__USM1_USM3_pose_rel_simultaneous_active_fraction,0.003944542135620412
random_forest,1,numeric__USM2_pose_rel_max_speed_l2,0.003923661213935324
random_forest,1,numeric__USM3_joint_base_revolute_q0_q2_path_l1,0.003921943526099738
random_forest,1,numeric__USM2_pose_rel_max_acceleration_l2,0.0038877666526259645
random_forest,1,numeric__USM1_USM2_pose_rel_max_distance_rel,0.003861821652829788
random_forest,1,numeric__USM2_pose_rel_economy_volume,0.003860580445223273
random_forest,1,numeric__active_pair_one_arm_only_active_fraction,0.0038369950393080483
random_forest,1,numeric__USM2_pose_rel_pause_count,0.003797755002980553
random_forest,1,numeric__USM3_joint_net_displacement_l2,0.0037937343919486233
random_forest,1,numeric__USM2_pose_rel_mean_speed_l2,0.0037839310381413277
random_forest,1,numeric__USM0_joint_max_speed_l2,0.003641144703165325
random_forest,1,numeric__active_pair_path_length_imbalance,0.0036286815419868477
random_forest,1,numeric__USM2_joint_insertion_q3_mean_range,0.0035278361354424445
random_forest,1,numeric__USM3_pose_rel_max_acceleration_l2,0.0035039825340663563
random_forest,1,numeric__USM2_USM3_pose_rel_distance_range_rel,0.00350310550343873
random_forest,1,numeric__USM2_pose_rel_pause_fraction,0.0033807909532731074
random_forest,1,numeric__USM3_pose_rel_mean_speed_l2,0.0033616765937863804
random_forest,1,numeric__USM0_joint_jerk_cost,0.00335926565077883
random_forest,1,numeric__USM0_joint_movement_economy,0.003347442239941796
random_forest,1,numeric__active_pair_mean_distance_rel,0.003308255221740003
random_forest,1,numeric__USM2_pose_rel_economy_area_xy,0.003262110193433475
random_forest,1,numeric__active_pair_speed_correlation,0.003188128436231813
random_forest,1,numeric__USM1_USM3_pose_rel_std_distance_rel,0.0030988563838767135
random_forest,1,numeric__USM3_joint_tool_roll_q4_mean_abs_velocity,0.003081158910720779
random_forest,1,numeric__USM3_pose_rel_z_range,0.0030032693657885455
random_forest,1,numeric__USM2_pose_rel_economy_area_yz,0.0029600471729144657
random_forest,1,numeric__USM1_joint_pause_duration_seconds,0.002957936426171955
random_forest,1,numeric__USM0_joint_pause_count,0.0029494943132684338
random_forest,1,numeric__USM3_pose_rel_max_speed_l2,0.00294913775352815
random_forest,1,numeric__USM3_pose_rel_rms_speed_l2,0.0029144994432592844
random_forest,1,numeric__USM2_pose_rel_economy_area_xz,0.002880129721288667
random_forest,1,numeric__USM2_pose_rel_y_range,0.002877118627486586
random_forest,1,numeric__USM1_USM3_pose_rel_min_distance_rel,0.002861393943224188
random_forest,1,numeric__USM2_pose_rel_net_displacement_l2,0.0028214543946562176
random_forest,1,numeric__USM0_joint_net_displacement_l2,0.0028021802149476795
random_forest,1,numeric__USM3_pose_rel_economy_area_xy,0.002790374142019481
random_forest,1,numeric__USM3_pose_rel_economy_area_xz,0.0027875944464416497
random_forest,1,numeric__USM2_pose_rel_movement_economy,0.0027702416275133686
random_forest,1,numeric__USM2_USM3_pose_rel_both_idle_fraction,0.002717225618525243
random_forest,1,numeric__USM0_joint_insertion_q3_path_l1,0.0027113069606697327
random_forest,1,numeric__USM0_joint_max_acceleration_l2,0.0027071518554628578
random_forest,1,numeric__USM1_USM2_pose_rel_simultaneous_active_fraction,0.0026997967976681216
random_forest,1,numeric__USM2_joint_base_revolute_q0_q2_mean_range,0.002676983844818043
random_forest,1,numeric__USM3_pose_rel_economy_volume,0.002661253802684971
random_forest,1,numeric__USM3_joint_base_revolute_q0_q2_mean_range,0.0026513143767280573
random_forest,1,numeric__USM2_joint_insertion_q3_path_l1,0.0026324550868868433
random_forest,1,numeric__USM0_joint_max_jerk_l2,0.002600217808730179
random_forest,1,numeric__USM1_joint_idle_fraction_relative,0.0025484569874237987
random_forest,1,numeric__USM1_pose_rel_net_displacement_l2,0.002547416516174453
random_forest,1,numeric__USM2_pose_rel_jerk_cost,0.0025026891451099998
random_forest,1,numeric__USM3_pose_rel_pause_duration_seconds,0.002499326514833185
random_forest,1,numeric__USM2_joint_movement_economy,0.0024326917969854176
random_forest,1,numeric__USM1_joint_insertion_q3_mean_range,0.002392262557953214
random_forest,1,numeric__USM1_joint_distal_q5_q9_mean_range,0.0023656082162306197
random_forest,1,numeric__USM3_pose_rel_jerk_cost,0.002343777633223106
random_forest,1,numeric__USM2_pose_rel_max_abs_angular_acceleration_rad_s2,0.0023380530084387025
random_forest,1,numeric__USM1_USM3_pose_rel_path_length_imbalance,0.0023343831995438482
random_forest,1,numeric__USM3_joint_movement_economy,0.002304113336669482
random_forest,1,numeric__USM3_pose_rel_movement_economy,0.0022712497512848064
random_forest,1,numeric__USM1_USM3_pose_rel_max_distance_rel,0.002265013872050522
random_forest,1,numeric__USM1_pose_rel_pause_count,0.0022309631133172764
random_forest,1,numeric__USM2_pose_rel_x_range,0.0021911098609073087
random_forest,1,numeric__USM3_joint_max_acceleration_l2,0.0021911066478503788
random_forest,1,numeric__USM3_pose_rel_net_displacement_l2,0.002187389945308767
random_forest,1,numeric__USM1_USM3_pose_rel_one_arm_only_active_fraction,0.002177573082666996
random_forest,1,numeric__USM1_joint_base_revolute_q0_q2_mean_abs_velocity,0.002162321456700989
random_forest,1,numeric__active_pair_both_idle_fraction,0.0021299937438710127
random_forest,1,numeric__USM2_joint_mean_joint_range,0.0021065484990530126
random_forest,1,numeric__USM1_USM3_pose_rel_mean_distance_rel,0.0020717436028604513
random_forest,1,numeric__USM1_joint_movement_economy,0.002069975647353422
random_forest,1,numeric__USM3_pose_rel_max_jerk_l2,0.0020508166089670855
random_forest,1,numeric__USM2_joint_net_displacement_l2,0.0020342773903932574
random_forest,1,numeric__USM1_USM3_pose_rel_distance_range_rel,0.0020223130132155298
random_forest,1,numeric__USM1_pose_rel_economy_volume,0.0020152449655263267
random_forest,1,numeric__USM1_pose_rel_jerk_cost,0.0019844717732303164
random_forest,1,numeric__USM3_pose_rel_mean_abs_angular_acceleration_rad_s2,0.0019508328551187076
random_forest,1,numeric__USM2_pose_rel_z_range,0.0019261491338386722
random_forest,1,numeric__USM0_joint_rms_speed_l2,0.0018734960215204318
random_forest,1,numeric__USM2_USM3_pose_rel_speed_correlation,0.0018622657949659332
random_forest,1,numeric__USM1_USM2_pose_rel_speed_correlation,0.0018586703644500175
random_forest,1,numeric__USM1_pose_rel_workspace_box_volume,0.0018541831601344553
random_forest,1,numeric__USM0_joint_mean_acceleration_l2,0.0018537740148458909
random_forest,1,numeric__USM0_joint_mean_speed_l2,0.0018501091233337492
random_forest,1,numeric__USM3_pose_rel_workspace_box_volume,0.001838176923098658
random_forest,1,numeric__USM2_joint_tool_roll_q4_path_l1,0.0018276763304151946
random_forest,1,numeric__USM3_pose_rel_x_range,0.0018125469599042387
random_forest,1,numeric__all_psm_pose_rel_path_total,0.0018125463894005287
random_forest,1,numeric__USM1_joint_pause_count,0.0017936175765968663
random_forest,1,numeric__USM2_joint_max_joint_range,0.0017867181100430355
random_forest,1,numeric__USM0_joint_raw_path_l2,0.0017805126608720781
random_forest,1,numeric__USM2_joint_mean_acceleration_l2,0.0017686192711394986
random_forest,1,numeric__USM2_joint_max_abs_joint_velocity,0.0017608357026642157
random_forest,1,numeric__USM2_joint_max_speed_l2,0.00175082002383207
random_forest,1,numeric__USM3_pose_rel_max_abs_angular_acceleration_rad_s2,0.0017502436481972024
random_forest,1,numeric__USM2_USM3_pose_rel_std_distance_rel,0.0017170283303279907
random_forest,1,numeric__USM1_pose_rel_economy_area_xy,0.0016840145912314565
random_forest,1,numeric__USM2_joint_max_acceleration_l2,0.0016699368380433714
random_forest,1,numeric__USM2_joint_idle_threshold_relative,0.001648146795706783
random_forest,1,numeric__USM2_pose_rel_max_angular_speed_rad_s,0.0016397811758237717
random_forest,1,numeric__USM1_joint_max_jerk_l2,0.0015637515424531696
random_forest,1,numeric__USM0_joint_tool_roll_q4_path_l1,0.0015244877318635927
random_forest,1,numeric__USM3_joint_idle_fraction_relative,0.0015240200839030495
random_forest,1,numeric__USM2_joint_max_jerk_l2,0.0015211242599098317
random_forest,1,numeric__USM1_joint_max_acceleration_l2,0.0014913705167057213
random_forest,1,numeric__USM2_joint_jerk_cost,0.0014794958354278523
random_forest,1,numeric__USM2_pose_rel_rotation_path_radians,0.001472922942495976
random_forest,1,numeric__USM0_joint_idle_threshold_relative,0.0014709929721696876
random_forest,1,numeric__USM2_USM3_pose_rel_mean_distance_rel,0.0014699111550764037
random_forest,1,numeric__USM1_joint_mean_joint_range,0.0014592818053745685
random_forest,1,numeric__USM2_joint_rms_speed_l2,0.001392905133798757
random_forest,1,numeric__USM1_pose_rel_economy_area_yz,0.0013874003209738404
random_forest,1,numeric__USM1_pose_rel_idle_fraction_relative,0.0013869790515464594
random_forest,1,numeric__USM0_joint_max_gap_seconds,0.0013797400905400067
random_forest,1,numeric__USM1_pose_rel_x_range,0.0013185038122222343
random_forest,1,numeric__USM1_USM3_pose_rel_both_idle_fraction,0.001308068512034505
random_forest,1,numeric__USM1_joint_base_revolute_q0_q2_mean_range,0.0012871230999594193
random_forest,1,numeric__USM0_joint_distal_q5_q9_mean_range,0.0011983259038353298
random_forest,1,numeric__USM1_joint_max_abs_joint_velocity,0.0011719680326393827
random_forest,1,numeric__USM2_joint_distal_q5_q9_mean_range,0.001145333803929211
random_forest,1,numeric__USM3_pose_rel_max_angular_speed_rad_s,0.0010988304918523098
random_forest,1,numeric__USM1_pose_rel_pause_fraction,0.0010756021941636094
random_forest,1,numeric__USM1_USM2_pose_rel_path_length_imbalance,0.0010742649894376615
random_forest,1,numeric__USM2_joint_mean_abs_joint_velocity,0.001062678514011071
random_forest,1,numeric__USM3_joint_insertion_q3_mean_abs_velocity,0.0010555507397784617
random_forest,1,numeric__USM3_joint_insertion_q3_path_l1,0.0010506937002015217
random_forest,1,numeric__USM0_joint_tool_roll_q4_mean_range,0.0010455404874202586
random_forest,1,numeric__USM1_pose_rel_idle_threshold_relative,0.0010389635929360743
random_forest,1,numeric__USM1_joint_jerk_cost,0.001020356628053514
random_forest,1,numeric__USM1_joint_insertion_q3_mean_abs_velocity,0.001001500313158689
random_forest,1,numeric__USM3_pose_rel_y_range,0.000993334824073348
random_forest,1,numeric__USM2_pose_rel_workspace_box_volume,0.000985306448317066
random_forest,1,numeric__USM1_pose_rel_max_abs_angular_acceleration_rad_s2,0.0009659518035231704
random_forest,1,numeric__USM2_joint_raw_path_l2,0.0009511667705450031
random_forest,1,numeric__USM1_pose_rel_max_angular_speed_rad_s,0.0009477527108881789
random_forest,1,numeric__USM0_joint_max_joint_range,0.0009466073270989363
random_forest,1,numeric__USM1_joint_max_joint_range,0.0009335189892085979
random_forest,1,numeric__USM0_joint_mean_joint_range,0.0008882634662760991
random_forest,1,numeric__USM1_pose_rel_mean_acceleration_l2,0.0008875304210585914
random_forest,1,numeric__USM1_pose_rel_mean_abs_angular_acceleration_rad_s2,0.0008728903523520139
random_forest,1,numeric__USM1_joint_raw_path_l2,0.0008694646890970055
random_forest,1,numeric__USM1_pose_rel_rotation_path_radians,0.0008443823712085502
random_forest,1,numeric__USM1_joint_mean_acceleration_l2,0.000840890320713345
random_forest,1,numeric__USM1_pose_rel_movement_economy,0.000833109354799246
random_forest,1,numeric__USM1_joint_insertion_q3_path_l1,0.0008025916390627175
random_forest,1,numeric__USM3_pose_rel_raw_path_l2,0.0007505949947863408
random_forest,1,numeric__USM3_pose_rel_mean_angular_speed_rad_s,0.0007500315183204641
random_forest,1,numeric__USM1_pose_rel_mean_speed_l2,0.0007355839113386205
random_forest,1,numeric__USM1_joint_max_speed_l2,0.0006977820625498713
random_forest,1,numeric__USM1_joint_base_revolute_q0_q2_path_l1,0.0006906905050774761
random_forest,1,numeric__USM3_pose_rel_economy_area_yz,0.000687757081428245
random_forest,1,numeric__USM3_pose_rel_rotation_path_radians,0.0006653014203521765
random_forest,1,numeric__USM1_joint_tool_roll_q4_path_l1,0.0005884045614141088
random_forest,1,numeric__USM2_joint_mean_speed_l2,0.0005871259658580953
random_forest,1,numeric__USM3_joint_base_revolute_q0_q2_mean_abs_velocity,0.000550538281554964
random_forest,1,numeric__USM3_joint_insertion_q3_mean_range,0.0005282120404962156
random_forest,1,numeric__USM1_USM2_pose_rel_alignment_coverage,0.0005045228767879013
random_forest,1,numeric__USM1_joint_idle_threshold_relative,0.00048322484308276325
random_forest,1,task__task_clean_suture,0.00046318704306115544
random_forest,1,numeric__USM1_pose_rel_raw_path_l2,0.00043878888036590194
random_forest,1,numeric__USM1_pose_rel_mean_angular_speed_rad_s,0.0004107781321826221
random_forest,1,numeric__USM1_joint_tool_roll_q4_mean_abs_velocity,0.00033990915529007713
random_forest,1,numeric__USM1_joint_mean_speed_l2,0.00024819977721389356
random_forest,1,numeric__USM3_pose_rel_idle_threshold_relative,0.00017825495251619236
random_forest,1,numeric__USM3_joint_pause_count,0.00011350566721283307
random_forest,1,task__task_clean_sea_spikes,0.00010057362266621415
random_forest,1,task__task_clean_ring_rollercoaster,8.741392243369372e-05
random_forest,1,numeric__USM3_joint_pause_duration_seconds,5.3709915238897274e-05
random_forest,1,task__task_clean_camera_target,3.508520616804651e-05
random_forest,1,numeric__active_pair_usm_b,2.3879269154155448e-05
random_forest,1,task__task_clean_glove_cut,1.414017981401529e-05
random_forest,1,numeric__active_pair_usm_a,7.825490989306983e-06
random_forest,1,numeric__USM0_joint_median_dt_seconds,0.0
random_forest,1,numeric__active_psm_count,0.0
random_forest,1,numeric__USM1_pose_rel_active,0.0
random_forest,2,numeric__USM3_joint_distal_q5_q9_mean_range,0.031122828654833384
random_forest,2,numeric__USM2_pose_rel_mean_angular_speed_rad_s,0.027636071541721676
random_forest,2,numeric__USM2_joint_insertion_q3_mean_abs_velocity,0.026476600878444053
random_forest,2,numeric__USM2_pose_rel_dimensionless_jerk,0.02410053028846216
random_forest,2,numeric__USM2_joint_base_revolute_q0_q2_mean_abs_velocity,0.02091368119856252
random_forest,2,numeric__USM2_joint_pause_duration_seconds,0.020131996285473113
random_forest,2,numeric__USM3_joint_raw_path_l2,0.020087833028451775
random_forest,2,numeric__USM1_USM2_pose_rel_both_idle_fraction,0.018549332041905252
random_forest,2,numeric__duration_seconds,0.01819428015380264
random_forest,2,numeric__USM1_USM2_pose_rel_one_arm_only_active_fraction,0.018089205312302938
random_forest,2,numeric__USM2_pose_rel_log_dimensionless_jerk,0.01566474118988903
random_forest,2,numeric__USM2_pose_rel_pause_duration_seconds,0.015585928830954932
random_forest,2,numeric__USM2_pose_rel_mean_speed_l2,0.015574406367011188
random_forest,2,numeric__USM0_joint_pause_duration_seconds,0.015167585782913585
random_forest,2,numeric__USM1_pose_rel_log_dimensionless_jerk,0.014481395046542311
random_forest,2,numeric__USM3_joint_mean_joint_range,0.012807930005236392
random_forest,2,numeric__USM2_joint_tool_roll_q4_mean_abs_velocity,0.012538753572324599
random_forest,2,numeric__USM3_pose_rel_dimensionless_jerk,0.012532103894048074
random_forest,2,numeric__USM3_joint_tool_roll_q4_path_l1,0.011633861228730698
random_forest,2,numeric__USM1_USM2_pose_rel_mean_abs_relative_speed,0.011604955264513762
random_forest,2,numeric__USM2_pose_rel_mean_abs_angular_acceleration_rad_s2,0.010842347441133634
random_forest,2,numeric__USM1_pose_rel_dimensionless_jerk,0.010144179282309389
random_forest,2,numeric__USM3_joint_max_speed_l2,0.009652394497857502
random_forest,2,numeric__USM1_pose_rel_max_speed_l2,0.009425742220947907
random_forest,2,numeric__USM1_pose_rel_pause_duration_seconds,0.009381133869349653
random_forest,2,numeric__USM3_pose_rel_log_dimensionless_jerk,0.009150114629192473
random_forest,2,numeric__USM0_joint_base_revolute_q0_q2_mean_abs_velocity,0.008583317302697877
random_forest,2,numeric__USM3_joint_max_joint_range,0.008451423570458892
random_forest,2,numeric__USM2_joint_pause_count,0.008411241956363847
random_forest,2,numeric__USM2_pose_rel_raw_path_l2,0.00835604103654121
random_forest,2,numeric__USM2_joint_idle_fraction_relative,0.00827659755346874
random_forest,2,numeric__USM2_pose_rel_idle_fraction_relative,0.00801553673747371
random_forest,2,numeric__USM2_pose_rel_rms_speed_l2,0.007162596585990523
random_forest,2,numeric__USM1_pose_rel_max_acceleration_l2,0.007084266297640968
random_forest,2,numeric__USM1_pose_rel_rms_speed_l2,0.007046854123531384
random_forest,2,numeric__USM0_joint_idle_fraction_relative,0.006629978678051824
random_forest,2,numeric__USM2_pose_rel_workspace_box_volume,0.00657896783409604
random_forest,2,numeric__USM2_pose_rel_mean_acceleration_l2,0.006411015241467931
random_forest,2,numeric__USM0_joint_tool_roll_q4_mean_abs_velocity,0.006246884930780654
random_forest,2,numeric__active_pair_path_length_a_rel,0.006188032700910086
random_forest,2,numeric__USM1_USM3_pose_rel_std_distance_rel,0.00608151580648439
random_forest,2,numeric__all_usm_joint_path_l1_total,0.005982633315021173
random_forest,2,numeric__USM1_joint_pause_duration_seconds,0.00591564163471075
random_forest,2,numeric__USM1_pose_rel_max_jerk_l2,0.0057032199948346875
random_forest,2,numeric__USM1_USM3_pose_rel_max_distance_rel,0.005557746899423798
random_forest,2,numeric__USM2_joint_base_revolute_q0_q2_path_l1,0.005468041365349736
random_forest,2,numeric__active_pair_min_distance_rel,0.005463180715311137
random_forest,2,numeric__USM2_pose_rel_idle_threshold_relative,0.005450644908908901
random_forest,2,numeric__USM3_joint_mean_speed_l2,0.005357950197298132
random_forest,2,numeric__USM1_pose_rel_pause_count,0.00534634300177859
random_forest,2,numeric__USM0_joint_base_revolute_q0_q2_path_l1,0.00517531485168276
random_forest,2,numeric__USM3_pose_rel_idle_fraction_relative,0.005137845969850727
random_forest,2,numeric__USM2_joint_mean_abs_joint_velocity,0.005031719886540242
random_forest,2,numeric__USM2_USM3_pose_rel_path_length_imbalance,0.004996132192368449
random_forest,2,numeric__USM3_pose_rel_z_range,0.004977595223926733
random_forest,2,numeric__active_pair_one_arm_only_active_fraction,0.004906460892950096
random_forest,2,numeric__active_pair_mean_distance_rel,0.004794931113114303
random_forest,2,numeric__USM0_joint_raw_path_l2,0.004687628078768388
random_forest,2,numeric__USM0_joint_insertion_q3_path_l1,0.004677818895362161
random_forest,2,numeric__active_pair_simultaneous_active_fraction,0.004641219217718881
random_forest,2,numeric__USM2_USM3_pose_rel_min_distance_rel,0.004631817935898293
random_forest,2,numeric__USM3_pose_rel_pause_count,0.0046121042923954365
random_forest,2,numeric__USM1_pose_rel_idle_threshold_relative,0.004589786993417819
random_forest,2,numeric__USM0_joint_jerk_cost,0.0045872633007770945
random_forest,2,numeric__USM3_pose_rel_mean_speed_l2,0.004526845666915192
random_forest,2,numeric__USM0_joint_insertion_q3_mean_abs_velocity,0.004397335661457562
random_forest,2,numeric__USM1_USM3_pose_rel_path_length_imbalance,0.004213010904661789
random_forest,2,numeric__USM2_joint_pause_fraction,0.004148686943908986
random_forest,2,numeric__USM3_pose_rel_pause_fraction,0.004119328293248688
random_forest,2,numeric__USM1_USM2_pose_rel_speed_correlation,0.004094089187779288
random_forest,2,numeric__USM1_USM2_pose_rel_mean_distance_rel,0.004055470992924024
random_forest,2,numeric__USM2_joint_insertion_q3_mean_range,0.003908988179912004
random_forest,2,numeric__USM1_USM3_pose_rel_distance_range_rel,0.0038660169640926277
random_forest,2,numeric__USM2_pose_rel_y_range,0.003824653186545102
random_forest,2,numeric__USM3_pose_rel_y_range,0.0037645427038410836
random_forest,2,numeric__USM2_pose_rel_jerk_cost,0.0037149721102240586
random_forest,2,numeric__USM2_USM3_pose_rel_mean_distance_rel,0.0037115818498740134
random_forest,2,numeric__USM3_joint_max_acceleration_l2,0.003680864716491718
random_forest,2,numeric__USM2_joint_movement_economy,0.0035578387779198768
random_forest,2,numeric__USM3_pose_rel_economy_area_xy,0.0034823406255248676
random_forest,2,numeric__USM0_joint_base_revolute_q0_q2_mean_range,0.0034665168450885063
random_forest,2,numeric__USM1_joint_distal_q5_q9_mean_range,0.0033588637667920722
random_forest,2,numeric__USM2_joint_jerk_cost,0.00334607525391921
random_forest,2,numeric__USM3_pose_rel_workspace_box_volume,0.0033196172535785162
random_forest,2,numeric__USM2_joint_insertion_q3_path_l1,0.003293921849220613
random_forest,2,numeric__USM0_joint_max_speed_l2,0.0032414624619943556
random_forest,2,numeric__USM3_pose_rel_rms_speed_l2,0.0032351358081265345
random_forest,2,numeric__USM2_joint_max_jerk_l2,0.0031667654955716425
random_forest,2,numeric__USM1_USM3_pose_rel_speed_correlation,0.003158240336919683
random_forest,2,numeric__USM0_joint_insertion_q3_mean_range,0.0031542774407359165
random_forest,2,numeric__USM3_joint_rms_speed_l2,0.003119733837504898
random_forest,2,numeric__USM1_pose_rel_max_abs_angular_acceleration_rad_s2,0.003061961905470791
random_forest,2,numeric__USM3_joint_base_revolute_q0_q2_mean_range,0.002963842534168999
random_forest,2,numeric__USM1_USM3_pose_rel_min_distance_rel,0.002904812276917439
random_forest,2,numeric__USM1_joint_max_abs_joint_velocity,0.0028707735596521194
random_forest,2,numeric__USM1_joint_max_speed_l2,0.0028535003846563395
random_forest,2,numeric__USM2_pose_rel_z_range,0.0028504827781758403
random_forest,2,numeric__USM2_pose_rel_x_range,0.0028434271845856497
random_forest,2,numeric__USM0_joint_rms_speed_l2,0.002842269156022112
random_forest,2,numeric__USM1_joint_movement_economy,0.0028306230450385857
random_forest,2,numeric__USM1_joint_base_revolute_q0_q2_mean_abs_velocity,0.0028284715588999263
random_forest,2,numeric__USM1_pose_rel_y_range,0.002805749374693908
random_forest,2,numeric__USM1_pose_rel_max_angular_speed_rad_s,0.002713691850982921
random_forest,2,numeric__USM2_pose_rel_economy_volume,0.002671430773330131
random_forest,2,numeric__active_pair_both_idle_fraction,0.0026682215521459034
random_forest,2,numeric__USM2_joint_mean_speed_l2,0.0026342143589043244
random_forest,2,numeric__USM2_pose_rel_rotation_path_radians,0.0026282933029016186
random_forest,2,numeric__USM1_joint_pause_count,0.0026094445200051694
random_forest,2,numeric__USM2_pose_rel_pause_count,0.002601500954851714
random_forest,2,numeric__USM1_pose_rel_pause_fraction,0.0025847079136643186
random_forest,2,numeric__USM2_joint_max_speed_l2,0.0025660908906116496
random_forest,2,numeric__active_pair_path_length_imbalance,0.0025402073327945463
random_forest,2,numeric__USM2_joint_tool_roll_q4_path_l1,0.002530839605904622
random_forest,2,numeric__USM1_USM3_pose_rel_both_idle_fraction,0.002488829477489267
random_forest,2,numeric__USM2_joint_max_acceleration_l2,0.002485439096699147
random_forest,2,numeric__USM1_USM3_pose_rel_one_arm_only_active_fraction,0.0024824456048567903
random_forest,2,numeric__USM1_USM2_pose_rel_simultaneous_active_fraction,0.002482298772585801
random_forest,2,numeric__USM2_pose_rel_economy_area_xz,0.0024662292281979166
random_forest,2,numeric__USM1_USM3_pose_rel_mean_distance_rel,0.002460949143862355
random_forest,2,numeric__USM1_joint_jerk_cost,0.002445431034518947
random_forest,2,numeric__USM2_USM3_pose_rel_both_idle_fraction,0.002421430325378706
random_forest,2,numeric__USM2_USM3_pose_rel_one_arm_only_active_fraction,0.0023912041531331954
random_forest,2,numeric__USM1_USM3_pose_rel_simultaneous_active_fraction,0.0023886556352417437
random_forest,2,numeric__USM0_joint_mean_speed_l2,0.0023818109756465226
random_forest,2,numeric__USM2_pose_rel_max_angular_speed_rad_s,0.002339655823633726
random_forest,2,numeric__USM2_joint_rms_speed_l2,0.0022983996946572905
random_forest,2,numeric__USM1_pose_rel_idle_fraction_relative,0.0022646148222102234
random_forest,2,numeric__USM1_joint_insertion_q3_mean_range,0.0022482203600260402
random_forest,2,numeric__USM3_pose_rel_rotation_path_radians,0.0022309900776579707
random_forest,2,numeric__USM1_pose_rel_economy_area_xy,0.002227116135016768
random_forest,2,numeric__USM2_USM3_pose_rel_simultaneous_active_fraction,0.002222431917958193
random_forest,2,numeric__USM3_pose_rel_max_abs_angular_acceleration_rad_s2,0.0021930477764746247
random_forest,2,numeric__USM2_joint_raw_path_l2,0.0021848742335133743
random_forest,2,numeric__USM2_pose_rel_max_jerk_l2,0.0021769413818086545
random_forest,2,numeric__USM1_USM2_pose_rel_std_distance_rel,0.0021333782925400057
random_forest,2,numeric__USM3_pose_rel_max_acceleration_l2,0.0021275561980972917
random_forest,2,numeric__USM2_joint_distal_q5_q9_mean_range,0.0020727151378772983
random_forest,2,numeric__USM3_pose_rel_jerk_cost,0.002069039487143059
random_forest,2,numeric__USM3_pose_rel_max_speed_l2,0.00205792904406442
random_forest,2,numeric__USM2_pose_rel_economy_area_yz,0.002044584484438306
random_forest,2,numeric__USM2_joint_base_revolute_q0_q2_mean_range,0.002032953818164078
random_forest,2,numeric__USM2_joint_idle_threshold_relative,0.0019882559073213413
random_forest,2,numeric__USM1_joint_net_displacement_l2,0.0019670620593130275
random_forest,2,numeric__USM3_pose_rel_net_displacement_l2,0.0019577044724009766
random_forest,2,numeric__USM1_pose_rel_rotation_path_radians,0.0019273078630029049
random_forest,2,numeric__USM3_pose_rel_pause_duration_seconds,0.001918050946013681
random_forest,2,numeric__USM1_pose_rel_economy_volume,0.0019159904539319149
random_forest,2,numeric__USM0_joint_movement_economy,0.0018951759579257793
random_forest,2,numeric__USM0_joint_net_displacement_l2,0.001863760995579296
random_forest,2,numeric__USM2_joint_net_displacement_l2,0.0018451288031135446
random_forest,2,numeric__USM3_pose_rel_economy_volume,0.0018440694065576888
random_forest,2,numeric__USM0_joint_max_jerk_l2,0.0018429083812724887
random_forest,2,numeric__USM3_joint_idle_fraction_relative,0.001820473111093153
random_forest,2,numeric__USM2_USM3_pose_rel_speed_correlation,0.0018204623604273407
random_forest,2,numeric__USM3_joint_net_displacement_l2,0.0018110972499987658
random_forest,2,numeric__USM2_pose_rel_economy_area_xy,0.0018068187506386627
random_forest,2,numeric__USM3_joint_tool_roll_q4_mean_abs_velocity,0.0017981805577568387
random_forest,2,numeric__USM1_joint_raw_path_l2,0.0017927672098242472
random_forest,2,numeric__USM1_joint_pause_fraction,0.0017863648134184176
random_forest,2,numeric__all_psm_pose_rel_path_total,0.001772709042524347
random_forest,2,numeric__USM1_pose_rel_net_displacement_l2,0.0017664180743299951
random_forest,2,numeric__USM1_pose_rel_z_range,0.0017650102131035058
random_forest,2,numeric__USM1_joint_idle_fraction_relative,0.0017570815615041246
random_forest,2,numeric__USM1_joint_max_joint_range,0.0017544209240455792
random_forest,2,numeric__USM0_joint_idle_threshold_relative,0.0017450815115324153
random_forest,2,numeric__USM0_joint_mean_joint_range,0.0017273273227858983
random_forest,2,numeric__USM1_joint_base_revolute_q0_q2_mean_range,0.00169656579457805
random_forest,2,numeric__USM1_joint_max_acceleration_l2,0.001671749929126391
random_forest,2,numeric__USM2_pose_rel_max_abs_angular_acceleration_rad_s2,0.0016714131456821014
random_forest,2,numeric__USM2_joint_mean_acceleration_l2,0.0016663890633817253
random_forest,2,numeric__USM0_joint_tool_roll_q4_mean_range,0.0016615989506411424
random_forest,2,numeric__USM1_USM2_pose_rel_distance_range_rel,0.0016532749974438334
random_forest,2,numeric__USM1_pose_rel_mean_acceleration_l2,0.0016482437340003704
random_forest,2,numeric__USM2_joint_max_joint_range,0.0016302805139998837
random_forest,2,numeric__USM2_pose_rel_max_acceleration_l2,0.0016029538992009395
random_forest,2,numeric__USM3_pose_rel_mean_abs_angular_acceleration_rad_s2,0.0015902875630509903
random_forest,2,numeric__USM0_joint_max_acceleration_l2,0.0015862467349415407
random_forest,2,numeric__USM3_joint_insertion_q3_path_l1,0.0015296911247175702
random_forest,2,numeric__USM0_joint_pause_count,0.0015073876094710567
random_forest,2,numeric__USM0_joint_distal_q5_q9_mean_range,0.0015059930859992068
random_forest,2,numeric__USM3_joint_base_revolute_q0_q2_path_l1,0.001503379329008088
random_forest,2,numeric__USM1_pose_rel_x_range,0.0014947137632079848
random_forest,2,numeric__USM1_pose_rel_economy_area_xz,0.0014880703163223925
random_forest,2,numeric__USM2_joint_mean_joint_range,0.0014749358634823422
random_forest,2,numeric__USM1_USM2_pose_rel_min_distance_rel,0.0014530587778951796
random_forest,2,numeric__USM3_pose_rel_max_angular_speed_rad_s,0.0014511082551590781
random_forest,2,numeric__USM1_joint_max_jerk_l2,0.0014497254244491482
random_forest,2,numeric__USM2_pose_rel_net_displacement_l2,0.001448923776231026
random_forest,2,numeric__USM2_USM3_pose_rel_distance_range_rel,0.0014471415167476413
random_forest,2,numeric__USM1_pose_rel_economy_area_yz,0.001445157604219314
random_forest,2,numeric__USM3_joint_movement_economy,0.0014441869862735456
random_forest,2,numeric__USM0_joint_mean_acceleration_l2,0.0014189213955529598
random_forest,2,numeric__USM3_pose_rel_economy_area_xz,0.0014089393559505536
random_forest,2,numeric__USM1_pose_rel_workspace_box_volume,0.001401633948524403
random_forest,2,numeric__USM1_pose_rel_movement_economy,0.0013708581565431862
random_forest,2,numeric__USM1_joint_mean_joint_range,0.0013569826259881312
random_forest,2,numeric__USM1_joint_base_revolute_q0_q2_path_l1,0.0013523152715184002
random_forest,2,numeric__USM1_pose_rel_mean_speed_l2,0.0013360086084809029
random_forest,2,numeric__USM0_joint_max_joint_range,0.001300622200206787
random_forest,2,numeric__USM3_pose_rel_idle_threshold_relative,0.0012857728307971838
random_forest,2,numeric__USM1_pose_rel_raw_path_l2,0.0012854407269195331
random_forest,2,numeric__USM1_joint_idle_threshold_relative,0.0012801258605358685
random_forest,2,numeric__USM1_joint_insertion_q3_path_l1,0.0012741292746974284
random_forest,2,numeric__USM3_pose_rel_mean_angular_speed_rad_s,0.0012724813675820607
random_forest,2,numeric__USM1_pose_rel_mean_angular_speed_rad_s,0.001250597347846258
random_forest,2,numeric__USM3_pose_rel_raw_path_l2,0.0012498105732105175
random_forest,2,numeric__USM3_pose_rel_x_range,0.001232972425035983
random_forest,2,numeric__USM2_pose_rel_movement_economy,0.0012319502568873806
random_forest,2,numeric__active_pair_speed_correlation,0.0012059062030921205
random_forest,2,numeric__USM1_pose_rel_jerk_cost,0.0012045369271984875
random_forest,2,numeric__USM2_joint_max_abs_joint_velocity,0.0011851656789487951
random_forest,2,numeric__USM3_pose_rel_movement_economy,0.0011733967089547083
random_forest,2,numeric__USM3_pose_rel_economy_area_yz,0.0011676259472212054
random_forest,2,numeric__USM1_joint_insertion_q3_mean_abs_velocity,0.0011431820301295032
random_forest,2,numeric__USM0_joint_tool_roll_q4_path_l1,0.001140399011697198
random_forest,2,numeric__USM1_joint_mean_acceleration_l2,0.0011326360812398755
random_forest,2,numeric__USM1_USM2_pose_rel_path_length_imbalance,0.0011220915180815672
random_forest,2,numeric__USM1_USM2_pose_rel_max_distance_rel,0.0011147216591550486
random_forest,2,numeric__USM1_joint_mean_speed_l2,0.0010847592150683282
random_forest,2,numeric__USM1_joint_tool_roll_q4_path_l1,0.0010482088844389502
random_forest,2,numeric__USM2_pose_rel_max_speed_l2,0.0010431449312395258
random_forest,2,numeric__USM1_pose_rel_mean_abs_angular_acceleration_rad_s2,0.0010155848398819898
random_forest,2,numeric__USM1_joint_tool_roll_q4_mean_abs_velocity,0.0010130732241999086
random_forest,2,numeric__USM3_joint_insertion_q3_mean_range,0.0009972538351585459
random_forest,2,numeric__USM2_USM3_pose_rel_std_distance_rel,0.0008727979275391106
random_forest,2,numeric__USM0_joint_max_gap_seconds,0.0006121219533920873
random_forest,2,numeric__USM3_joint_base_revolute_q0_q2_mean_abs_velocity,0.0004845714828733491
random_forest,2,task__task_clean_sea_spikes,0.0004107693979567791
random_forest,2,numeric__USM1_USM2_pose_rel_alignment_coverage,0.000380443262355076
random_forest,2,task__task_clean_camera_target,0.0002988944695658218
random_forest,2,task__task_clean_suture,0.0001428852403569492
random_forest,2,numeric__USM3_joint_insertion_q3_mean_abs_velocity,9.688539034810336e-05
random_forest,2,task__task_clean_ring_rollercoaster,5.50522359378742e-05
random_forest,2,task__task_clean_glove_cut,3.317842266276072e-05
random_forest,2,numeric__USM3_joint_pause_count,2.058742874277692e-05
random_forest,2,numeric__USM3_joint_pause_duration_seconds,2.0308355315354165e-05
random_forest,2,numeric__USM0_joint_median_dt_seconds,0.0
random_forest,2,numeric__USM1_pose_rel_active,0.0
random_forest,2,numeric__active_pair_usm_a,0.0
random_forest,2,numeric__active_pair_usm_b,0.0
random_forest,3,numeric__USM2_joint_pause_duration_seconds,0.03258451185615884
random_forest,3,numeric__USM2_pose_rel_pause_duration_seconds,0.024275805292178435
random_forest,3,numeric__USM2_pose_rel_mean_angular_speed_rad_s,0.0241808963675741
random_forest,3,numeric__USM2_pose_rel_dimensionless_jerk,0.023801855866694133
random_forest,3,numeric__USM0_joint_pause_duration_seconds,0.021412337012309438
random_forest,3,numeric__USM3_joint_distal_q5_q9_mean_range,0.02040754307137632
random_forest,3,numeric__USM2_joint_base_revolute_q0_q2_mean_abs_velocity,0.01925633516083144
random_forest,3,numeric__USM2_pose_rel_log_dimensionless_jerk,0.019234396369043547
random_forest,3,numeric__duration_seconds,0.018495524417207386
random_forest,3,numeric__USM1_USM2_pose_rel_mean_abs_relative_speed,0.01737039727023354
random_forest,3,numeric__USM1_pose_rel_dimensionless_jerk,0.01676242392555647
random_forest,3,numeric__USM2_pose_rel_mean_speed_l2,0.016590315778497088
random_forest,3,numeric__USM0_joint_base_revolute_q0_q2_mean_abs_velocity,0.016098530997923934
random_forest,3,numeric__USM2_joint_tool_roll_q4_mean_abs_velocity,0.015568590404179601
random_forest,3,numeric__USM3_joint_raw_path_l2,0.013015822591054585
random_forest,3,numeric__USM1_pose_rel_log_dimensionless_jerk,0.012531383516918366
random_forest,3,numeric__USM2_joint_insertion_q3_mean_abs_velocity,0.011913062999529237
random_forest,3,numeric__USM1_USM2_pose_rel_both_idle_fraction,0.011008622112541036
random_forest,3,numeric__USM2_joint_idle_fraction_relative,0.01070226100716995
random_forest,3,numeric__USM1_USM2_pose_rel_one_arm_only_active_fraction,0.010550395419660642
random_forest,3,numeric__USM2_pose_rel_mean_abs_angular_acceleration_rad_s2,0.010397609990170417
random_forest,3,numeric__USM1_pose_rel_pause_duration_seconds,0.009976556705466384
random_forest,3,numeric__USM3_pose_rel_log_dimensionless_jerk,0.009939310620077104
random_forest,3,numeric__USM1_pose_rel_rms_speed_l2,0.008869513523542184
random_forest,3,numeric__USM3_pose_rel_dimensionless_jerk,0.00870918084000312
random_forest,3,numeric__USM2_pose_rel_idle_threshold_relative,0.008698902061959257
random_forest,3,numeric__USM2_pose_rel_mean_acceleration_l2,0.00856082847422237
random_forest,3,numeric__USM2_pose_rel_rms_speed_l2,0.008190650440824948
random_forest,3,numeric__USM0_joint_pause_count,0.007745535087004363
random_forest,3,numeric__USM1_pose_rel_max_speed_l2,0.007324631156135823
random_forest,3,numeric__USM3_pose_rel_pause_count,0.007175678866195958
random_forest,3,numeric__USM2_joint_pause_fraction,0.006829598245501439
random_forest,3,numeric__USM3_joint_mean_joint_range,0.006551448280402978
random_forest,3,numeric__USM1_joint_pause_duration_seconds,0.006388241886707302
random_forest,3,numeric__USM0_joint_idle_fraction_relative,0.006263199372083015
random_forest,3,numeric__USM3_joint_tool_roll_q4_path_l1,0.006262486173585678
random_forest,3,numeric__all_usm_joint_path_l1_total,0.0062284153731632964
random_forest,3,numeric__USM1_USM3_pose_rel_speed_correlation,0.006126545490437271
random_forest,3,numeric__USM0_joint_insertion_q3_mean_abs_velocity,0.0058766883452468915
random_forest,3,numeric__USM3_pose_rel_mean_speed_l2,0.005857350905772813
random_forest,3,numeric__USM3_pose_rel_z_range,0.00578650683839634
random_forest,3,numeric__USM1_pose_rel_max_acceleration_l2,0.005774828569028475
random_forest,3,numeric__USM0_joint_base_revolute_q0_q2_path_l1,0.005772630677414354
random_forest,3,numeric__active_pair_path_length_a_rel,0.005687945640649181
random_forest,3,numeric__USM2_pose_rel_pause_fraction,0.005592391350006524
random_forest,3,numeric__USM2_joint_mean_abs_joint_velocity,0.005400070453242742
random_forest,3,numeric__USM3_joint_max_speed_l2,0.005375755778723185
random_forest,3,numeric__USM0_joint_insertion_q3_path_l1,0.0052990840049565585
random_forest,3,numeric__active_pair_mean_distance_rel,0.005263663384198113
random_forest,3,numeric__USM1_pose_rel_idle_threshold_relative,0.005213512498164031
random_forest,3,numeric__USM1_USM3_pose_rel_distance_range_rel,0.005083809959865187
random_forest,3,numeric__USM0_joint_insertion_q3_mean_range,0.0049707816936423845
random_forest,3,numeric__USM0_joint_raw_path_l2,0.004900853797485176
random_forest,3,numeric__USM2_joint_pause_count,0.004818502660203781
random_forest,3,numeric__USM1_USM3_pose_rel_max_distance_rel,0.0048039257451242745
random_forest,3,numeric__USM2_pose_rel_pause_count,0.004775423147165745
random_forest,3,numeric__USM2_pose_rel_idle_fraction_relative,0.004556601293455238
random_forest,3,numeric__USM0_joint_tool_roll_q4_mean_abs_velocity,0.004494158501726908
random_forest,3,numeric__USM2_joint_insertion_q3_path_l1,0.00413615901293949
random_forest,3,numeric__USM2_pose_rel_raw_path_l2,0.00410400353010459
random_forest,3,numeric__USM2_joint_raw_path_l2,0.004070677109228597
random_forest,3,numeric__USM2_pose_rel_max_speed_l2,0.004011187462663737
random_forest,3,numeric__USM2_joint_base_revolute_q0_q2_path_l1,0.0038664576379827684
random_forest,3,numeric__USM1_pose_rel_pause_count,0.0037028758747699683
random_forest,3,numeric__USM2_USM3_pose_rel_both_idle_fraction,0.0036879692000855195
random_forest,3,numeric__USM3_pose_rel_pause_fraction,0.003667901606404133
random_forest,3,numeric__USM3_pose_rel_pause_duration_seconds,0.003607818472875566
random_forest,3,numeric__USM2_joint_movement_economy,0.003536813844654522
random_forest,3,numeric__USM0_joint_tool_roll_q4_path_l1,0.003509068650848692
random_forest,3,numeric__USM2_pose_rel_economy_area_xz,0.0033828557913894324
random_forest,3,numeric__USM0_joint_jerk_cost,0.0033538496909437283
random_forest,3,numeric__USM0_joint_rms_speed_l2,0.003333950996947177
random_forest,3,numeric__USM1_USM3_pose_rel_path_length_imbalance,0.003308567646434069
random_forest,3,numeric__USM1_USM2_pose_rel_std_distance_rel,0.0032991752797308085
random_forest,3,numeric__USM2_USM3_pose_rel_speed_correlation,0.0032816145801764208
random_forest,3,numeric__USM3_pose_rel_rms_speed_l2,0.0032794105020486288
random_forest,3,numeric__USM1_USM3_pose_rel_mean_distance_rel,0.003269384376186483
random_forest,3,numeric__USM1_joint_net_displacement_l2,0.0032556795992876738
random_forest,3,numeric__USM3_joint_base_revolute_q0_q2_path_l1,0.0032360297032422197
random_forest,3,numeric__USM3_joint_base_revolute_q0_q2_mean_range,0.003215472997901222
random_forest,3,numeric__USM2_USM3_pose_rel_path_length_imbalance,0.003205594241492865
random_forest,3,numeric__USM1_joint_base_revolute_q0_q2_mean_range,0.0031904061312971713
random_forest,3,numeric__USM2_joint_insertion_q3_mean_range,0.0031622960037944966
random_forest,3,numeric__active_pair_one_arm_only_active_fraction,0.0031582199558199946
random_forest,3,numeric__USM0_joint_base_revolute_q0_q2_mean_range,0.003077889703995619
random_forest,3,numeric__USM1_pose_rel_mean_speed_l2,0.0030654188817690266
random_forest,3,numeric__USM2_pose_rel_z_range,0.00303852727424959
random_forest,3,numeric__USM2_joint_idle_threshold_relative,0.003019597327297306
random_forest,3,numeric__USM2_joint_mean_joint_range,0.0030148611551411466
random_forest,3,numeric__USM1_pose_rel_economy_area_xz,0.003005682555034731
random_forest,3,numeric__active_pair_both_idle_fraction,0.0030038865607221166
random_forest,3,numeric__USM2_joint_mean_speed_l2,0.0029551228776240105
random_forest,3,numeric__USM2_pose_rel_economy_area_yz,0.0029492052437167854
random_forest,3,numeric__USM1_joint_idle_fraction_relative,0.0029435867243684686
random_forest,3,numeric__USM1_pose_rel_economy_area_xy,0.002920834000957515
random_forest,3,numeric__USM3_joint_rms_speed_l2,0.002916100401202297
random_forest,3,numeric__USM1_pose_rel_max_abs_angular_acceleration_rad_s2,0.002908837488088834
random_forest,3,numeric__USM1_pose_rel_idle_fraction_relative,0.002906336356040061
random_forest,3,numeric__USM1_USM3_pose_rel_min_distance_rel,0.002824027154006243
random_forest,3,numeric__USM0_joint_movement_economy,0.0028231250565857436
random_forest,3,numeric__USM2_pose_rel_workspace_box_volume,0.0027977183582938835
random_forest,3,numeric__USM3_joint_max_joint_range,0.002786147525699059
random_forest,3,numeric__USM1_joint_distal_q5_q9_mean_range,0.0027805039341729583
random_forest,3,numeric__active_pair_speed_correlation,0.002766129415261369
random_forest,3,numeric__USM1_USM2_pose_rel_mean_distance_rel,0.002757009012994617
random_forest,3,numeric__USM3_pose_rel_idle_fraction_relative,0.002710261053991965
random_forest,3,numeric__USM1_joint_raw_path_l2,0.0026981384966046165
random_forest,3,numeric__USM3_joint_mean_speed_l2,0.0026649615250032947
random_forest,3,numeric__USM2_USM3_pose_rel_simultaneous_active_fraction,0.0026647320646419983
random_forest,3,numeric__USM1_joint_pause_fraction,0.0026626090947101423
random_forest,3,numeric__USM1_joint_max_abs_joint_velocity,0.0026485014662990056
random_forest,3,numeric__USM1_joint_max_jerk_l2,0.002641260111238118
random_forest,3,numeric__USM2_joint_distal_q5_q9_mean_range,0.002633307574431344
random_forest,3,numeric__USM1_USM2_pose_rel_speed_correlation,0.0026271013150944954
random_forest,3,numeric__active_pair_simultaneous_active_fraction,0.0026235638720757417
random_forest,3,numeric__USM1_joint_insertion_q3_mean_range,0.0026089950675783585
random_forest,3,numeric__USM1_USM2_pose_rel_min_distance_rel,0.002604468064061474
random_forest,3,numeric__USM1_joint_insertion_q3_mean_abs_velocity,0.002584093490551714
random_forest,3,numeric__USM1_pose_rel_max_angular_speed_rad_s,0.0025765219154124715
random_forest,3,numeric__USM2_pose_rel_max_acceleration_l2,0.0025760394172715793
random_forest,3,numeric__USM1_pose_rel_workspace_box_volume,0.0025560988945923565
random_forest,3,numeric__USM2_pose_rel_max_abs_angular_acceleration_rad_s2,0.0025279739893896503
random_forest,3,numeric__USM2_pose_rel_y_range,0.0025161419184292523
random_forest,3,numeric__USM3_pose_rel_max_acceleration_l2,0.0025103772175814314
random_forest,3,numeric__USM3_pose_rel_economy_area_xy,0.002503954969624443
random_forest,3,numeric__USM2_USM3_pose_rel_distance_range_rel,0.0024873860561993055
random_forest,3,numeric__USM2_joint_mean_acceleration_l2,0.0024822567776513417
random_forest,3,numeric__USM1_joint_pause_count,0.0024793770339749327
random_forest,3,numeric__USM2_pose_rel_max_jerk_l2,0.002468703023259973
random_forest,3,numeric__USM1_pose_rel_economy_volume,0.002463519268169468
random_forest,3,numeric__USM1_pose_rel_y_range,0.0024618243157462382
random_forest,3,numeric__USM1_joint_base_revolute_q0_q2_mean_abs_velocity,0.002460869730071334
random_forest,3,numeric__USM3_pose_rel_max_angular_speed_rad_s,0.002441718668445056
random_forest,3,numeric__USM3_joint_max_acceleration_l2,0.0024246056482988185
random_forest,3,numeric__USM3_pose_rel_max_speed_l2,0.002420605534623064
random_forest,3,numeric__USM1_joint_max_speed_l2,0.00241838280949768
random_forest,3,numeric__USM1_USM3_pose_rel_std_distance_rel,0.0023973096374628844
random_forest,3,numeric__USM1_USM3_pose_rel_simultaneous_active_fraction,0.0023968535167815204
random_forest,3,numeric__USM0_joint_max_speed_l2,0.002369315828016794
random_forest,3,numeric__USM2_pose_rel_x_range,0.0023672174473041243
random_forest,3,numeric__USM1_joint_base_revolute_q0_q2_path_l1,0.0023081214291849872
random_forest,3,numeric__USM3_pose_rel_economy_area_xz,0.00230332490642156
random_forest,3,numeric__USM3_pose_rel_rotation_path_radians,0.0023001361422134428
random_forest,3,numeric__USM0_joint_tool_roll_q4_mean_range,0.0022964423196177182
random_forest,3,numeric__USM0_joint_max_jerk_l2,0.0022905306072763423
random_forest,3,numeric__USM1_USM2_pose_rel_max_distance_rel,0.0022879755645810263
random_forest,3,numeric__USM2_USM3_pose_rel_mean_distance_rel,0.0022816946756032855
random_forest,3,numeric__USM2_joint_rms_speed_l2,0.0022719299634455822
random_forest,3,numeric__USM3_pose_rel_net_displacement_l2,0.0022539689495868166
random_forest,3,numeric__USM1_USM2_pose_rel_simultaneous_active_fraction,0.0022523631644242622
random_forest,3,numeric__USM1_joint_max_joint_range,0.0022435562211115846
random_forest,3,numeric__USM0_joint_net_displacement_l2,0.0022411998582490583
random_forest,3,numeric__USM0_joint_max_acceleration_l2,0.00224073753012559
random_forest,3,numeric__active_pair_path_length_imbalance,0.00223940263491691
random_forest,3,numeric__USM0_joint_mean_speed_l2,0.002222619686646514
random_forest,3,numeric__USM0_joint_max_joint_range,0.002218550231845785
random_forest,3,numeric__USM2_pose_rel_jerk_cost,0.0022056328476213853
random_forest,3,numeric__USM2_pose_rel_max_angular_speed_rad_s,0.0021962034808101446
random_forest,3,numeric__USM3_pose_rel_idle_threshold_relative,0.002193672566920242
random_forest,3,numeric__USM1_joint_max_acceleration_l2,0.002181315271467047
random_forest,3,numeric__USM1_pose_rel_jerk_cost,0.00214420904946882
random_forest,3,numeric__USM2_pose_rel_net_displacement_l2,0.0021374330970075754
random_forest,3,numeric__USM2_joint_max_jerk_l2,0.002105225075513684
random_forest,3,numeric__USM2_USM3_pose_rel_one_arm_only_active_fraction,0.0020999629524020764
random_forest,3,numeric__USM1_joint_jerk_cost,0.002076487752516281
random_forest,3,numeric__USM1_joint_mean_joint_range,0.0020651869633937755
random_forest,3,numeric__USM2_joint_max_speed_l2,0.002056137624926172
random_forest,3,numeric__USM1_USM2_pose_rel_distance_range_rel,0.0020454705904951022
random_forest,3,numeric__USM1_pose_rel_rotation_path_radians,0.0020453622984083933
random_forest,3,numeric__USM2_USM3_pose_rel_std_distance_rel,0.0020396105784386996
random_forest,3,numeric__USM0_joint_mean_acceleration_l2,0.002035835984937018
random_forest,3,numeric__USM2_joint_max_abs_joint_velocity,0.0020337863610210755
random_forest,3,numeric__USM3_pose_rel_workspace_box_volume,0.0020335618385937822
random_forest,3,numeric__USM2_pose_rel_economy_area_xy,0.002027020007445858
random_forest,3,numeric__USM1_pose_rel_x_range,0.002022951227393005
random_forest,3,numeric__USM3_joint_movement_economy,0.002016950371251183
random_forest,3,numeric__USM2_pose_rel_movement_economy,0.0020077055610743097
random_forest,3,numeric__USM1_pose_rel_mean_acceleration_l2,0.001988484975527375
random_forest,3,numeric__USM3_pose_rel_economy_volume,0.001982387866398838
random_forest,3,numeric__USM1_USM3_pose_rel_one_arm_only_active_fraction,0.001975269600478283
random_forest,3,numeric__USM2_pose_rel_rotation_path_radians,0.0019698366133019535
random_forest,3,numeric__USM3_joint_tool_roll_q4_mean_abs_velocity,0.0019694356194546944
random_forest,3,numeric__USM0_joint_idle_threshold_relative,0.0019257566300960069
random_forest,3,numeric__USM3_joint_insertion_q3_path_l1,0.0019111527729254048
random_forest,3,numeric__USM1_pose_rel_pause_fraction,0.0019085079465139274
random_forest,3,numeric__USM3_pose_rel_mean_abs_angular_acceleration_rad_s2,0.0019061488500893662
random_forest,3,task__task_clean_suture,0.0019015419604997603
random_forest,3,numeric__USM1_pose_rel_movement_economy,0.0018713206303587963
random_forest,3,numeric__USM1_pose_rel_net_displacement_l2,0.0018521373599845845
random_forest,3,numeric__USM3_pose_rel_x_range,0.0018429162112592976
random_forest,3,numeric__USM3_pose_rel_y_range,0.0018183247021909949
random_forest,3,numeric__USM3_pose_rel_mean_angular_speed_rad_s,0.001783893409032739
random_forest,3,numeric__USM2_joint_jerk_cost,0.001778120174520825
random_forest,3,numeric__USM3_pose_rel_max_abs_angular_acceleration_rad_s2,0.001769726997352899
random_forest,3,numeric__USM3_pose_rel_movement_economy,0.0017492551811666495
random_forest,3,numeric__USM2_joint_base_revolute_q0_q2_mean_range,0.0017488690722943473
random_forest,3,numeric__USM3_pose_rel_raw_path_l2,0.0017382007224240215
random_forest,3,numeric__USM1_joint_insertion_q3_path_l1,0.0017361705223174699
random_forest,3,numeric__USM2_joint_max_joint_range,0.0017290580479172775
random_forest,3,numeric__USM2_joint_net_displacement_l2,0.0017078109374658666
random_forest,3,numeric__USM3_pose_rel_jerk_cost,0.0016838633413690687
random_forest,3,numeric__USM1_joint_movement_economy,0.001671938446513431
random_forest,3,numeric__USM2_pose_rel_economy_volume,0.001663620353362611
random_forest,3,numeric__USM1_pose_rel_z_range,0.0016525004100634004
random_forest,3,numeric__USM1_USM3_pose_rel_both_idle_fraction,0.00165081710845153
random_forest,3,numeric__USM3_joint_net_displacement_l2,0.0016480946391077337
random_forest,3,numeric__USM3_pose_rel_economy_area_yz,0.0016448746005458983
random_forest,3,numeric__USM1_joint_tool_roll_q4_path_l1,0.0016340805833204685
random_forest,3,numeric__all_psm_pose_rel_path_total,0.001631148755321627
random_forest,3,numeric__USM1_pose_rel_mean_abs_angular_acceleration_rad_s2,0.0015095823915603377
random_forest,3,numeric__USM0_joint_mean_joint_range,0.0014760303180698137
random_forest,3,numeric__USM1_joint_tool_roll_q4_mean_abs_velocity,0.0014424451906841981
random_forest,3,numeric__USM1_joint_mean_speed_l2,0.0013961861041038876
random_forest,3,numeric__USM3_joint_idle_fraction_relative,0.001376165926338808
random_forest,3,numeric__USM2_joint_tool_roll_q4_path_l1,0.0013226863733808618
random_forest,3,numeric__USM1_pose_rel_raw_path_l2,0.001276242477676283
random_forest,3,numeric__USM1_pose_rel_mean_angular_speed_rad_s,0.001253096911824945
random_forest,3,numeric__USM1_pose_rel_economy_area_yz,0.0012247439237610257
random_forest,3,numeric__USM0_joint_distal_q5_q9_mean_range,0.001184626425722366
random_forest,3,numeric__USM2_joint_max_acceleration_l2,0.0011247678830208234
random_forest,3,numeric__USM1_USM2_pose_rel_path_length_imbalance,0.00109457306385176
random_forest,3,numeric__USM1_joint_mean_acceleration_l2,0.0009114730125533903
random_forest,3,numeric__USM3_joint_insertion_q3_mean_abs_velocity,0.0007903055338574961
random_forest,3,numeric__USM0_joint_max_gap_seconds,0.0006392922333952173
random_forest,3,numeric__USM3_joint_insertion_q3_mean_range,0.0006146502154712265
random_forest,3,numeric__USM1_USM2_pose_rel_alignment_coverage,0.0004883979888819081
random_forest,3,numeric__USM3_joint_base_revolute_q0_q2_mean_abs_velocity,0.0003989390159098404
random_forest,3,task__task_clean_sea_spikes,0.00025143082619688475
random_forest,3,task__task_clean_camera_target,0.0002323437140199063
random_forest,3,task__task_clean_ring_rollercoaster,0.00020596947209214846
random_forest,3,numeric__active_pair_usm_a,0.00011015064442821921
random_forest,3,task__task_clean_glove_cut,7.22241658299515e-05
random_forest,3,numeric__USM3_joint_pause_duration_seconds,2.5105696539714e-05
random_forest,3,numeric__active_pair_usm_b,2.0907553001788636e-05
random_forest,3,numeric__USM3_joint_pause_count,1.3259520697661694e-05
random_forest,3,numeric__USM0_joint_median_dt_seconds,0.0
random_forest,3,numeric__USM1_pose_rel_active,0.0
random_forest,4,numeric__USM2_joint_pause_duration_seconds,0.08116455708139897
random_forest,4,numeric__USM3_joint_distal_q5_q9_mean_range,0.06800987077038018
random_forest,4,numeric__USM2_pose_rel_pause_duration_seconds,0.043070357035936015
random_forest,4,numeric__duration_seconds,0.035828451575270315
random_forest,4,numeric__USM2_pose_rel_mean_angular_speed_rad_s,0.026337464010283522
random_forest,4,numeric__USM3_joint_raw_path_l2,0.025969779449818976
random_forest,4,numeric__USM2_joint_base_revolute_q0_q2_mean_abs_velocity,0.024850540394930964
random_forest,4,numeric__USM1_USM2_pose_rel_mean_abs_relative_speed,0.01933164002067511
random_forest,4,numeric__USM1_pose_rel_log_dimensionless_jerk,0.017387589560625104
random_forest,4,numeric__USM1_pose_rel_dimensionless_jerk,0.01726606804710516
random_forest,4,numeric__USM2_pose_rel_mean_abs_angular_acceleration_rad_s2,0.01576386416425901
random_forest,4,numeric__active_pair_simultaneous_active_fraction,0.015549646339221653
random_forest,4,numeric__USM2_pose_rel_mean_speed_l2,0.013875512055614962
random_forest,4,numeric__USM0_joint_pause_duration_seconds,0.012708863243286208
random_forest,4,numeric__all_usm_joint_path_l1_total,0.01237015019223655
random_forest,4,numeric__USM1_USM2_pose_rel_both_idle_fraction,0.012146846742890722
random_forest,4,numeric__USM0_joint_base_revolute_q0_q2_mean_abs_velocity,0.011690712977860418
random_forest,4,numeric__USM1_pose_rel_max_speed_l2,0.010783851488772712
random_forest,4,numeric__USM2_joint_idle_fraction_relative,0.010105560486532906
random_forest,4,numeric__USM1_pose_rel_pause_duration_seconds,0.009749970449493576
random_forest,4,numeric__USM2_joint_pause_fraction,0.00965583024080443
random_forest,4,numeric__USM2_USM3_pose_rel_min_distance_rel,0.00963327893949272
random_forest,4,numeric__USM2_joint_insertion_q3_mean_abs_velocity,0.009569297168376923
random_forest,4,numeric__USM2_pose_rel_log_dimensionless_jerk,0.008765923059117118
random_forest,4,numeric__USM2_pose_rel_dimensionless_jerk,0.008470552263410433
random_forest,4,numeric__USM2_pose_rel_raw_path_l2,0.007559791894288678
random_forest,4,numeric__active_pair_path_length_a_rel,0.007302392420618326
random_forest,4,numeric__USM3_joint_base_revolute_q0_q2_mean_range,0.007301562841799133
random_forest,4,numeric__USM2_USM3_pose_rel_path_length_imbalance,0.007262879681648355
random_forest,4,numeric__USM1_joint_jerk_cost,0.007141085505594937
random_forest,4,numeric__USM3_joint_jerk_cost,0.006966509077363702
random_forest,4,numeric__USM0_joint_base_revolute_q0_q2_path_l1,0.006547990437185398
random_forest,4,numeric__USM3_pose_rel_pause_count,0.006140060233446739
random_forest,4,numeric__USM1_USM2_pose_rel_one_arm_only_active_fraction,0.006102294207392577
random_forest,4,numeric__USM1_USM3_pose_rel_speed_correlation,0.006093302492846934
random_forest,4,numeric__USM2_USM3_pose_rel_mean_distance_rel,0.0060855725401506855
random_forest,4,numeric__active_pair_min_distance_rel,0.006023752697592779
random_forest,4,numeric__USM1_pose_rel_max_acceleration_l2,0.005942207032265691
random_forest,4,numeric__USM3_pose_rel_pause_fraction,0.005716070726698421
random_forest,4,numeric__active_pair_path_length_imbalance,0.005602622305249197
random_forest,4,numeric__USM1_USM3_pose_rel_max_distance_rel,0.005592627344421371
random_forest,4,numeric__USM3_joint_max_speed_l2,0.005532784109824707
random_forest,4,numeric__active_pair_mean_distance_rel,0.005335609215870854
random_forest,4,numeric__USM0_joint_raw_path_l2,0.00532133076093207
random_forest,4,numeric__USM1_joint_net_displacement_l2,0.005206826060118334
random_forest,4,numeric__USM1_pose_rel_rms_speed_l2,0.005107322142673312
random_forest,4,numeric__USM0_joint_insertion_q3_mean_range,0.004997962516982349
random_forest,4,numeric__USM0_joint_insertion_q3_path_l1,0.0048759594802137715
random_forest,4,numeric__USM1_USM3_pose_rel_path_length_imbalance,0.004708798436289057
random_forest,4,numeric__USM3_pose_rel_log_dimensionless_jerk,0.004632596675965566
random_forest,4,numeric__USM2_joint_tool_roll_q4_mean_abs_velocity,0.004599383711504456
random_forest,4,numeric__USM1_pose_rel_max_angular_speed_rad_s,0.004566592655989147
random_forest,4,numeric__USM2_pose_rel_rms_speed_l2,0.004511973697393798
random_forest,4,numeric__USM3_joint_base_revolute_q0_q2_path_l1,0.004418127348377645
random_forest,4,numeric__USM2_joint_base_revolute_q0_q2_path_l1,0.004246270881586535
random_forest,4,numeric__USM1_USM3_pose_rel_simultaneous_active_fraction,0.003940847203420218
random_forest,4,numeric__USM2_joint_insertion_q3_mean_range,0.0038804237323458606
random_forest,4,numeric__USM3_joint_mean_joint_range,0.0038709472331587055
random_forest,4,numeric__USM1_USM3_pose_rel_both_idle_fraction,0.0038076037090449227
random_forest,4,numeric__USM1_pose_rel_max_abs_angular_acceleration_rad_s2,0.0037853186798376347
random_forest,4,numeric__USM2_pose_rel_workspace_box_volume,0.0037436055314991152
random_forest,4,numeric__USM1_joint_max_speed_l2,0.0035399761070810036
random_forest,4,numeric__USM1_pose_rel_max_jerk_l2,0.003512170231885707
random_forest,4,numeric__USM1_joint_pause_duration_seconds,0.0034595178204025567
random_forest,4,numeric__USM1_USM3_pose_rel_min_distance_rel,0.003457594539099798
random_forest,4,numeric__USM1_pose_rel_idle_threshold_relative,0.0033517525036762356
random_forest,4,numeric__USM0_joint_max_speed_l2,0.003338005823420541
random_forest,4,numeric__USM1_joint_distal_q5_q9_mean_range,0.00329398924890957
random_forest,4,numeric__USM3_pose_rel_mean_speed_l2,0.0032901692086176053
random_forest,4,numeric__USM1_USM3_pose_rel_mean_distance_rel,0.0031877818321231267
random_forest,4,numeric__USM0_joint_pause_count,0.003146508416889146
random_forest,4,numeric__USM2_pose_rel_economy_volume,0.003111235410046315
random_forest,4,numeric__USM1_joint_max_abs_joint_velocity,0.003104278407417636
random_forest,4,numeric__USM2_pose_rel_economy_area_xy,0.0030565111439971883
random_forest,4,numeric__USM2_pose_rel_idle_fraction_relative,0.003011530723204322
random_forest,4,numeric__USM2_pose_rel_economy_area_xz,0.002992567163599029
random_forest,4,numeric__USM0_joint_jerk_cost,0.002968354797330543
random_forest,4,numeric__USM3_pose_rel_dimensionless_jerk,0.0029574018157202497
random_forest,4,numeric__USM1_USM3_pose_rel_one_arm_only_active_fraction,0.002927473165184092
random_forest,4,numeric__USM0_joint_idle_fraction_relative,0.002913883670035547
random_forest,4,numeric__USM3_joint_max_joint_range,0.0028708438990336102
random_forest,4,numeric__USM3_joint_tool_roll_q4_mean_abs_velocity,0.0028285488677363283
random_forest,4,numeric__USM1_pose_rel_economy_area_xz,0.0027971929568528695
random_forest,4,numeric__USM1_USM2_pose_rel_distance_range_rel,0.002725343494533405
random_forest,4,numeric__USM2_pose_rel_mean_acceleration_l2,0.002717208321370997
random_forest,4,numeric__USM1_USM2_pose_rel_mean_distance_rel,0.002697759667192103
random_forest,4,numeric__USM2_USM3_pose_rel_simultaneous_active_fraction,0.0026719712903509212
random_forest,4,numeric__USM2_pose_rel_economy_area_yz,0.0026634567271993374
random_forest,4,numeric__USM0_joint_tool_roll_q4_mean_abs_velocity,0.002631822095379638
random_forest,4,numeric__USM0_joint_rms_speed_l2,0.0025675183083495967
random_forest,4,numeric__USM3_pose_rel_economy_area_xz,0.002556519459331897
random_forest,4,numeric__USM0_joint_movement_economy,0.0025336609325477895
random_forest,4,numeric__USM3_pose_rel_max_speed_l2,0.0025281735141962167
random_forest,4,numeric__USM3_pose_rel_idle_fraction_relative,0.0025175435126587827
random_forest,4,numeric__USM3_pose_rel_rms_speed_l2,0.002489702381908678
random_forest,4,numeric__USM0_joint_insertion_q3_mean_abs_velocity,0.0024574797053244462
random_forest,4,numeric__USM2_joint_movement_economy,0.002422205234895904
random_forest,4,numeric__USM1_pose_rel_z_range,0.0023752923404702733
random_forest,4,numeric__active_pair_speed_correlation,0.002362143366761855
random_forest,4,numeric__USM1_USM2_pose_rel_std_distance_rel,0.0023540824193018337
random_forest,4,numeric__USM0_joint_mean_acceleration_l2,0.002311662815400327
random_forest,4,numeric__USM1_pose_rel_pause_count,0.002290876971803255
random_forest,4,numeric__USM0_joint_base_revolute_q0_q2_mean_range,0.0022770298137213393
random_forest,4,numeric__USM1_USM3_pose_rel_std_distance_rel,0.0022575515889126513
random_forest,4,numeric__USM2_pose_rel_x_range,0.0022518801466177908
random_forest,4,numeric__USM1_pose_rel_economy_volume,0.0022459653834420758
random_forest,4,numeric__USM3_pose_rel_z_range,0.002231741164475867
random_forest,4,numeric__USM2_pose_rel_max_jerk_l2,0.0022257772043498196
random_forest,4,numeric__USM1_USM2_pose_rel_simultaneous_active_fraction,0.002203089780833361
random_forest,4,numeric__USM3_pose_rel_max_acceleration_l2,0.0021908441502862842
random_forest,4,numeric__USM1_joint_insertion_q3_mean_range,0.0021733634407999484
random_forest,4,numeric__active_pair_one_arm_only_active_fraction,0.002169922540051064
random_forest,4,numeric__USM2_pose_rel_y_range,0.0021154438302560994
random_forest,4,numeric__USM0_joint_max_jerk_l2,0.0020507103776361397
random_forest,4,numeric__USM2_pose_rel_pause_fraction,0.0020493680990682542
random_forest,4,numeric__USM2_joint_insertion_q3_path_l1,0.0019999444283039314
random_forest,4,numeric__USM3_joint_idle_fraction_relative,0.0019937995277039115
random_forest,4,numeric__USM2_USM3_pose_rel_one_arm_only_active_fraction,0.0019887167450650246
random_forest,4,numeric__USM1_joint_max_jerk_l2,0.0019745449750118763
random_forest,4,numeric__USM2_joint_pause_count,0.001947015141841905
random_forest,4,numeric__USM2_pose_rel_z_range,0.0019332509006066544
random_forest,4,numeric__USM2_pose_rel_idle_threshold_relative,0.0019166320058953096
random_forest,4,numeric__USM1_USM3_pose_rel_distance_range_rel,0.0019144667681737562
random_forest,4,numeric__USM3_pose_rel_movement_economy,0.0019078501454235445
random_forest,4,numeric__USM1_pose_rel_y_range,0.0018726828224286248
random_forest,4,numeric__USM2_joint_mean_abs_joint_velocity,0.0018398144232734787
random_forest,4,numeric__USM3_joint_mean_speed_l2,0.0018103144686919936
random_forest,4,numeric__USM0_joint_max_acceleration_l2,0.0017899317334180646
random_forest,4,numeric__USM2_pose_rel_net_displacement_l2,0.001760793188241671
random_forest,4,numeric__USM1_pose_rel_net_displacement_l2,0.0017536446693092638
random_forest,4,numeric__USM3_pose_rel_x_range,0.0017460713278877134
random_forest,4,numeric__USM1_joint_max_acceleration_l2,0.001738926874481952
random_forest,4,numeric__USM3_pose_rel_economy_area_xy,0.0017361838081720068
random_forest,4,numeric__USM1_pose_rel_jerk_cost,0.0016830298602959607
random_forest,4,numeric__USM3_pose_rel_jerk_cost,0.0016540718615036011
random_forest,4,numeric__USM3_joint_net_displacement_l2,0.0016158184360060624
random_forest,4,numeric__USM2_joint_distal_q5_q9_mean_range,0.001584199391218823
random_forest,4,numeric__USM2_pose_rel_pause_count,0.0015742565536817743
random_forest,4,numeric__USM2_pose_rel_rotation_path_radians,0.0015119094603440832
random_forest,4,numeric__USM1_USM2_pose_rel_min_distance_rel,0.0015088722936819074
random_forest,4,numeric__USM3_pose_rel_economy_volume,0.0014755974180378547
random_forest,4,numeric__USM2_pose_rel_max_angular_speed_rad_s,0.0014745308396318943
random_forest,4,numeric__USM1_pose_rel_pause_fraction,0.0014619428076271329
random_forest,4,numeric__USM0_joint_mean_speed_l2,0.001416366513930009
random_forest,4,numeric__USM3_joint_movement_economy,0.0014056257913453497
random_forest,4,numeric__USM2_pose_rel_max_acceleration_l2,0.0013927007217154352
random_forest,4,numeric__USM1_USM2_pose_rel_speed_correlation,0.0013846184032513752
random_forest,4,numeric__USM0_joint_idle_threshold_relative,0.0013749618509670003
random_forest,4,numeric__USM1_USM2_pose_rel_max_distance_rel,0.0013721686246242887
random_forest,4,numeric__active_pair_both_idle_fraction,0.0013663885899423674
random_forest,4,numeric__USM0_joint_tool_roll_q4_path_l1,0.0013548526937497889
random_forest,4,numeric__USM2_pose_rel_max_speed_l2,0.0013425746065170992
random_forest,4,numeric__USM3_pose_rel_pause_duration_seconds,0.0013337762111629732
random_forest,4,numeric__USM2_USM3_pose_rel_std_distance_rel,0.0013315037981537852
random_forest,4,numeric__USM2_joint_max_joint_range,0.001320266052440038
random_forest,4,numeric__USM0_joint_tool_roll_q4_mean_range,0.0013183039499401643
random_forest,4,numeric__USM1_joint_base_revolute_q0_q2_mean_range,0.001316337784275844
random_forest,4,numeric__USM2_USM3_pose_rel_speed_correlation,0.0013001962078992998
random_forest,4,numeric__USM2_USM3_pose_rel_both_idle_fraction,0.0013001041888326833
random_forest,4,numeric__USM2_USM3_pose_rel_distance_range_rel,0.0012974225715967204
random_forest,4,numeric__USM1_joint_pause_fraction,0.0012924900820278384
random_forest,4,numeric__USM0_joint_mean_joint_range,0.0012840894728138122
random_forest,4,numeric__USM1_joint_movement_economy,0.001276008078354777
random_forest,4,numeric__USM2_pose_rel_movement_economy,0.0012667791548733915
random_forest,4,numeric__USM1_pose_rel_economy_area_xy,0.0012650244923602613
random_forest,4,numeric__USM2_joint_base_revolute_q0_q2_mean_range,0.0012373266788330603
random_forest,4,numeric__USM0_joint_net_displacement_l2,0.0012334562410773102
random_forest,4,numeric__USM2_joint_net_displacement_l2,0.0012088471094374644
random_forest,4,numeric__USM3_pose_rel_raw_path_l2,0.001206068143396355
random_forest,4,numeric__USM3_pose_rel_net_displacement_l2,0.0011920257386711138
random_forest,4,numeric__USM1_pose_rel_workspace_box_volume,0.001188611445693852
random_forest,4,numeric__USM3_joint_insertion_q3_path_l1,0.001185886753294301
random_forest,4,numeric__USM1_joint_insertion_q3_mean_abs_velocity,0.0011555226470909724
random_forest,4,numeric__USM2_joint_mean_joint_range,0.0011473572841843942
random_forest,4,numeric__USM1_pose_rel_x_range,0.0011459500852909691
random_forest,4,numeric__USM0_joint_distal_q5_q9_mean_range,0.0011323330675391838
random_forest,4,numeric__USM2_joint_max_abs_joint_velocity,0.0011304050506968008
random_forest,4,numeric__USM3_joint_max_acceleration_l2,0.001126610300133132
random_forest,4,numeric__USM2_joint_max_jerk_l2,0.001125967785135417
random_forest,4,numeric__USM2_joint_max_acceleration_l2,0.0011136040423829902
random_forest,4,numeric__USM1_joint_max_joint_range,0.001097057135846622
random_forest,4,numeric__USM0_joint_max_joint_range,0.0010800040319975455
random_forest,4,numeric__USM3_joint_tool_roll_q4_path_l1,0.0010590116168925372
random_forest,4,numeric__USM3_pose_rel_max_angular_speed_rad_s,0.0010434622549900805
random_forest,4,numeric__USM1_joint_idle_fraction_relative,0.001023875617564776
random_forest,4,numeric__USM2_joint_jerk_cost,0.0010200093779926987
random_forest,4,numeric__USM2_pose_rel_jerk_cost,0.0010165519671809667
random_forest,4,numeric__USM2_joint_tool_roll_q4_path_l1,0.0010147499987957758
random_forest,4,numeric__USM1_USM2_pose_rel_path_length_imbalance,0.0009681105248479478
random_forest,4,numeric__USM2_pose_rel_max_abs_angular_acceleration_rad_s2,0.0009472834406768113
random_forest,4,numeric__USM2_joint_mean_speed_l2,0.0008917602239411499
random_forest,4,numeric__USM1_pose_rel_idle_fraction_relative,0.0008874009722857545
random_forest,4,numeric__USM2_joint_max_speed_l2,0.0008854654934884293
random_forest,4,numeric__USM0_joint_max_gap_seconds,0.0008803701335671837
random_forest,4,numeric__USM2_joint_raw_path_l2,0.0008726960497470942
random_forest,4,numeric__USM3_pose_rel_max_abs_angular_acceleration_rad_s2,0.0008509034592062203
random_forest,4,numeric__USM2_joint_rms_speed_l2,0.0008157059735400966
random_forest,4,numeric__USM1_joint_base_revolute_q0_q2_mean_abs_velocity,0.0008136134302009716
random_forest,4,numeric__USM3_pose_rel_workspace_box_volume,0.0008036590911078069
random_forest,4,numeric__USM1_joint_pause_count,0.0007919025567305873
random_forest,4,numeric__USM2_joint_idle_threshold_relative,0.0007647432207863921
random_forest,4,numeric__USM2_joint_mean_acceleration_l2,0.0007491306701363038
random_forest,4,numeric__all_psm_pose_rel_path_total,0.0007482726387264407
random_forest,4,numeric__USM1_pose_rel_mean_acceleration_l2,0.0007055612800016708
random_forest,4,numeric__USM1_joint_mean_joint_range,0.0006867217510828602
random_forest,4,numeric__USM3_pose_rel_mean_angular_speed_rad_s,0.0006491357390041812
random_forest,4,numeric__USM1_joint_tool_roll_q4_path_l1,0.0006451513116157551
random_forest,4,numeric__USM1_joint_raw_path_l2,0.000642081084981942
random_forest,4,numeric__USM1_joint_tool_roll_q4_mean_abs_velocity,0.0006323115787302407
random_forest,4,numeric__USM1_pose_rel_mean_abs_angular_acceleration_rad_s2,0.0006041998969852477
random_forest,4,numeric__USM1_pose_rel_economy_area_yz,0.0005770485704056605
random_forest,4,numeric__USM3_pose_rel_rotation_path_radians,0.0005526400134778896
random_forest,4,numeric__USM3_joint_insertion_q3_mean_abs_velocity,0.0005409642408671682
random_forest,4,numeric__USM1_joint_mean_acceleration_l2,0.0005267673002164972
random_forest,4,numeric__USM1_USM2_pose_rel_alignment_coverage,0.0005231330869869299
random_forest,4,numeric__USM1_pose_rel_movement_economy,0.0005119588042099843
random_forest,4,numeric__USM1_joint_base_revolute_q0_q2_path_l1,0.000508773176941918
random_forest,4,numeric__USM1_pose_rel_rotation_path_radians,0.0004979880892149992
random_forest,4,numeric__USM3_pose_rel_y_range,0.0004906386246490542
random_forest,4,numeric__USM1_pose_rel_mean_speed_l2,0.00045977232802029853
random_forest,4,numeric__USM1_pose_rel_raw_path_l2,0.00044956556740182525
random_forest,4,numeric__USM3_pose_rel_economy_area_yz,0.0004216573305298212
random_forest,4,numeric__USM1_pose_rel_mean_angular_speed_rad_s,0.00041380094642482856
random_forest,4,numeric__USM1_joint_insertion_q3_path_l1,0.0003896068212188361
random_forest,4,numeric__USM3_pose_rel_mean_abs_angular_acceleration_rad_s2,0.0003782148033374431
random_forest,4,task__task_clean_suture,0.000305155726074033
random_forest,4,numeric__USM3_joint_insertion_q3_mean_range,0.0002860274359596412
random_forest,4,numeric__USM3_joint_base_revolute_q0_q2_mean_abs_velocity,0.00021363149278542977
random_forest,4,numeric__USM3_pose_rel_idle_threshold_relative,0.0001568918982902213
random_forest,4,numeric__USM1_joint_mean_speed_l2,0.0001551339148129768
random_forest,4,task__task_clean_ring_rollercoaster,5.409128978858635e-05
random_forest,4,numeric__USM3_joint_pause_count,2.1652462690125846e-05
random_forest,4,task__task_clean_sea_spikes,1.057652375620677e-06
random_forest,4,numeric__USM0_joint_median_dt_seconds,0.0
random_forest,4,numeric__USM3_joint_pause_duration_seconds,0.0
random_forest,4,numeric__USM1_pose_rel_active,0.0
random_forest,4,numeric__active_pair_usm_a,0.0
random_forest,4,numeric__active_pair_usm_b,0.0
random_forest,4,task__task_clean_camera_target,0.0
random_forest,4,task__task_clean_glove_cut,0.0
random_forest,5,numeric__USM2_pose_rel_mean_angular_speed_rad_s,0.034299159722454446
random_forest,5,numeric__duration_seconds,0.026241736932876566
random_forest,5,numeric__USM2_pose_rel_dimensionless_jerk,0.02446697735044543
random_forest,5,numeric__USM2_pose_rel_log_dimensionless_jerk,0.021465937425292125
random_forest,5,numeric__USM2_joint_pause_duration_seconds,0.01778158716758209
random_forest,5,numeric__USM3_joint_jerk_cost,0.01617534266195403
random_forest,5,numeric__USM1_pose_rel_pause_duration_seconds,0.016120543813698235
random_forest,5,numeric__USM0_joint_pause_duration_seconds,0.015947402806489246
random_forest,5,numeric__USM1_pose_rel_dimensionless_jerk,0.015764459978466476
random_forest,5,numeric__USM2_pose_rel_pause_duration_seconds,0.015541979110633939
random_forest,5,numeric__USM3_pose_rel_dimensionless_jerk,0.015065559455436332
random_forest,5,numeric__USM1_pose_rel_log_dimensionless_jerk,0.01506149308925423
random_forest,5,numeric__USM2_joint_tool_roll_q4_mean_abs_velocity,0.014611522628250497
random_forest,5,numeric__USM3_pose_rel_log_dimensionless_jerk,0.01446011025228833
random_forest,5,numeric__USM1_USM2_pose_rel_mean_abs_relative_speed,0.013462353797479858
random_forest,5,numeric__USM2_pose_rel_mean_abs_angular_acceleration_rad_s2,0.013108482859870717
random_forest,5,numeric__USM2_joint_pause_count,0.011704573091468948
random_forest,5,numeric__USM3_joint_raw_path_l2,0.01129047252521157
random_forest,5,numeric__USM1_USM2_pose_rel_both_idle_fraction,0.010973810840966458
random_forest,5,numeric__USM2_joint_base_revolute_q0_q2_mean_abs_velocity,0.009227179225582315
random_forest,5,numeric__USM2_pose_rel_mean_speed_l2,0.008990359300631242
random_forest,5,numeric__USM2_pose_rel_pause_fraction,0.008851531780488081
random_forest,5,numeric__USM3_joint_distal_q5_q9_mean_range,0.008468788976342892
random_forest,5,numeric__USM2_pose_rel_idle_fraction_relative,0.008447832035054927
random_forest,5,numeric__all_usm_joint_path_l1_total,0.008275849642410718
random_forest,5,numeric__USM3_pose_rel_pause_count,0.008087480808274478
random_forest,5,numeric__USM1_USM2_pose_rel_one_arm_only_active_fraction,0.007939854839293485
random_forest,5,numeric__USM0_joint_pause_count,0.007929085800453413
random_forest,5,numeric__USM0_joint_raw_path_l2,0.007916837080370734
random_forest,5,numeric__USM2_joint_insertion_q3_mean_abs_velocity,0.007366364955775702
random_forest,5,numeric__USM0_joint_base_revolute_q0_q2_mean_abs_velocity,0.0073512814219171075
random_forest,5,numeric__USM1_USM3_pose_rel_speed_correlation,0.007149019217547667
random_forest,5,numeric__USM2_pose_rel_rms_speed_l2,0.007095592687677276
random_forest,5,numeric__active_pair_both_idle_fraction,0.007003398212697484
random_forest,5,numeric__USM2_USM3_pose_rel_both_idle_fraction,0.0068715035363728
random_forest,5,numeric__USM1_pose_rel_max_speed_l2,0.006650098466295165
random_forest,5,numeric__USM0_joint_insertion_q3_path_l1,0.006370984076392482
random_forest,5,numeric__USM2_joint_idle_fraction_relative,0.006351811487278033
random_forest,5,numeric__USM2_pose_rel_idle_threshold_relative,0.006332724906663724
random_forest,5,numeric__USM1_pose_rel_rms_speed_l2,0.00630884897398129
random_forest,5,numeric__USM1_joint_pause_duration_seconds,0.006288468341789245
random_forest,5,numeric__USM0_joint_tool_roll_q4_path_l1,0.006151867249929309
random_forest,5,numeric__USM2_joint_pause_fraction,0.006145853361427789
random_forest,5,numeric__USM1_pose_rel_max_acceleration_l2,0.0060822726624542856
random_forest,5,numeric__USM2_pose_rel_max_speed_l2,0.005792420285437084
random_forest,5,numeric__USM0_joint_idle_fraction_relative,0.0057203093535709015
random_forest,5,numeric__USM1_USM3_pose_rel_max_distance_rel,0.005566344520437401
random_forest,5,numeric__USM2_pose_rel_pause_count,0.005549730011143533
random_forest,5,numeric__USM1_pose_rel_idle_threshold_relative,0.005527866636612194
random_forest,5,numeric__active_pair_min_distance_rel,0.005428795551307552
random_forest,5,numeric__active_pair_mean_distance_rel,0.005418427920662368
random_forest,5,numeric__USM1_USM3_pose_rel_distance_range_rel,0.005321585540883568
random_forest,5,numeric__active_pair_path_length_a_rel,0.005053429317896711
random_forest,5,numeric__USM0_joint_base_revolute_q0_q2_path_l1,0.004970304440199621
random_forest,5,numeric__USM0_joint_jerk_cost,0.004919170253796218
random_forest,5,numeric__USM2_USM3_pose_rel_simultaneous_active_fraction,0.00491211961456997
random_forest,5,numeric__USM2_pose_rel_max_acceleration_l2,0.004799292601745659
random_forest,5,numeric__USM2_pose_rel_raw_path_l2,0.004756759807797921
random_forest,5,numeric__USM1_joint_net_displacement_l2,0.00472564132733553
random_forest,5,numeric__USM3_pose_rel_rms_speed_l2,0.0047253411004490814
random_forest,5,numeric__USM2_pose_rel_rotation_path_radians,0.004689765299612019
random_forest,5,numeric__USM2_joint_movement_economy,0.004656455341484084
random_forest,5,numeric__USM2_pose_rel_workspace_box_volume,0.0046056130916287555
random_forest,5,numeric__USM1_USM3_pose_rel_std_distance_rel,0.0045537271551627225
random_forest,5,numeric__USM0_joint_base_revolute_q0_q2_mean_range,0.0045361198483399355
random_forest,5,numeric__USM2_pose_rel_mean_acceleration_l2,0.004530020537304977
random_forest,5,numeric__active_pair_one_arm_only_active_fraction,0.0045077454960012735
random_forest,5,numeric__USM3_joint_mean_joint_range,0.0044756876852532716
random_forest,5,numeric__USM0_joint_tool_roll_q4_mean_abs_velocity,0.004163468581670705
random_forest,5,numeric__USM2_joint_mean_acceleration_l2,0.004063593551708095
random_forest,5,numeric__USM1_USM2_pose_rel_mean_distance_rel,0.003994203436307573
random_forest,5,numeric__USM1_USM3_pose_rel_path_length_imbalance,0.003933135250279399
random_forest,5,numeric__USM1_joint_pause_fraction,0.003922801911243657
random_forest,5,numeric__USM1_USM2_pose_rel_distance_range_rel,0.0038932096125511508
random_forest,5,numeric__USM2_joint_base_revolute_q0_q2_path_l1,0.0038651321865420256
random_forest,5,numeric__USM3_joint_base_revolute_q0_q2_path_l1,0.0038389056866954614
random_forest,5,numeric__USM1_pose_rel_y_range,0.0037031482567443496
random_forest,5,numeric__USM1_pose_rel_economy_area_xy,0.0036944330419959245
random_forest,5,numeric__USM3_pose_rel_mean_speed_l2,0.0036854614256767605
random_forest,5,numeric__USM3_joint_tool_roll_q4_path_l1,0.003657537008505359
random_forest,5,numeric__USM3_pose_rel_mean_abs_angular_acceleration_rad_s2,0.003655149948246628
random_forest,5,numeric__USM3_joint_base_revolute_q0_q2_mean_range,0.0036334469021314527
random_forest,5,numeric__USM2_USM3_pose_rel_mean_distance_rel,0.0035278108904846935
random_forest,5,numeric__USM0_joint_insertion_q3_mean_abs_velocity,0.0035250827449579436
random_forest,5,numeric__USM1_joint_distal_q5_q9_path_l1,0.0035171980827942493
random_forest,5,numeric__USM2_joint_mean_speed_l2,0.0034661800994944094
random_forest,5,numeric__USM1_USM2_pose_rel_std_distance_rel,0.0034474930442261816
random_forest,5,numeric__USM2_joint_idle_threshold_relative,0.0034139580525177175
random_forest,5,numeric__USM2_pose_rel_x_range,0.0033959463647542727
random_forest,5,numeric__USM2_pose_rel_y_range,0.0032948510760062795
random_forest,5,numeric__USM3_pose_rel_idle_fraction_relative,0.0032807896085513813
random_forest,5,numeric__USM1_USM3_pose_rel_simultaneous_active_fraction,0.0032535345625955285
random_forest,5,numeric__USM1_joint_base_revolute_q0_q2_mean_abs_velocity,0.0032461986269797754
random_forest,5,numeric__USM3_pose_rel_pause_fraction,0.003215285534027531
random_forest,5,numeric__USM1_USM3_pose_rel_one_arm_only_active_fraction,0.0032070204870510697
random_forest,5,numeric__USM1_USM2_pose_rel_simultaneous_active_fraction,0.003193426844162994
random_forest,5,numeric__USM2_pose_rel_economy_volume,0.003185451301370365
random_forest,5,numeric__USM2_joint_tool_roll_q4_path_l1,0.003130520652428372
random_forest,5,numeric__USM1_joint_distal_q5_q9_mean_range,0.0031182635611481167
random_forest,5,numeric__USM0_joint_movement_economy,0.0030958873792562114
random_forest,5,numeric__active_pair_path_length_imbalance,0.003061854689517883
random_forest,5,numeric__USM2_pose_rel_economy_area_xz,0.0030376234015745823
random_forest,5,numeric__USM2_pose_rel_net_displacement_l2,0.0029607618447269903
random_forest,5,numeric__USM1_joint_insertion_q3_mean_abs_velocity,0.0029522511704499687
random_forest,5,numeric__USM2_joint_distal_q5_q9_mean_range,0.0029459824350233175
random_forest,5,numeric__USM2_USM3_pose_rel_speed_correlation,0.002938120737990681
random_forest,5,numeric__active_pair_simultaneous_active_fraction,0.0029360119530681674
random_forest,5,numeric__USM2_joint_rms_speed_l2,0.0029105691622010326
random_forest,5,numeric__USM3_pose_rel_max_angular_speed_rad_s,0.0029079594148940747
random_forest,5,numeric__USM1_USM3_pose_rel_mean_distance_rel,0.0028927477253342785
random_forest,5,numeric__USM0_joint_mean_acceleration_l2,0.002874533002269644
random_forest,5,numeric__USM2_USM3_pose_rel_min_distance_rel,0.0028575857471230975
random_forest,5,numeric__USM2_pose_rel_max_jerk_l2,0.002852947331980377
random_forest,5,numeric__USM3_pose_rel_z_range,0.002829446268565789
random_forest,5,numeric__USM2_joint_raw_path_l2,0.0028075233682185404
random_forest,5,numeric__USM2_joint_max_jerk_l2,0.0027807411750070056
random_forest,5,numeric__USM0_joint_max_jerk_l2,0.002780381396220849
random_forest,5,numeric__USM1_USM3_pose_rel_both_idle_fraction,0.0027711057134309873
random_forest,5,numeric__USM2_pose_rel_jerk_cost,0.0027582652524570884
random_forest,5,numeric__USM3_pose_rel_max_abs_angular_acceleration_rad_s2,0.0027576746127540817
random_forest,5,numeric__USM2_pose_rel_max_angular_speed_rad_s,0.0027509076131752813
random_forest,5,numeric__USM3_joint_max_speed_l2,0.0026520274260677613
random_forest,5,numeric__USM3_joint_tool_roll_q4_mean_abs_velocity,0.002652008099889021
random_forest,5,numeric__USM3_pose_rel_max_acceleration_l2,0.0026395973526913414
random_forest,5,numeric__USM0_joint_insertion_q3_mean_range,0.002626109244716961
random_forest,5,numeric__USM1_USM2_pose_rel_max_distance_rel,0.002607735084318994
random_forest,5,numeric__USM2_joint_jerk_cost,0.0025645811086663067
random_forest,5,numeric__USM3_pose_rel_movement_economy,0.002561368429287706
random_forest,5,numeric__USM1_joint_idle_fraction_relative,0.0025395401454193526
random_forest,5,numeric__USM1_joint_raw_path_l2,0.0025334447011619737
random_forest,5,numeric__USM1_pose_rel_pause_fraction,0.002515701257572616
random_forest,5,numeric__USM2_pose_rel_economy_area_yz,0.0024958390362698193
random_forest,5,numeric__USM3_pose_rel_jerk_cost,0.002483939618646407
random_forest,5,numeric__USM3_joint_mean_speed_l2,0.002468507081082088
random_forest,5,numeric__USM1_pose_rel_movement_economy,0.002443401345605335
random_forest,5,numeric__USM2_joint_max_joint_range,0.0024167448917449524
random_forest,5,numeric__USM0_joint_tool_roll_q4_mean_range,0.0024110036642351522
random_forest,5,numeric__USM3_joint_idle_fraction_relative,0.002404650999576911
random_forest,5,numeric__USM2_joint_mean_abs_joint_velocity,0.0023846608385796105
random_forest,5,numeric__USM2_pose_rel_z_range,0.0023791966694411294
random_forest,5,numeric__all_psm_pose_rel_path_total,0.002365835266219222
random_forest,5,numeric__USM2_joint_base_revolute_q0_q2_mean_range,0.0023559780152426378
random_forest,5,numeric__active_pair_speed_correlation,0.0023453146765133764
random_forest,5,numeric__USM3_pose_rel_raw_path_l2,0.002339317724964255
random_forest,5,numeric__USM2_USM3_pose_rel_distance_range_rel,0.002302598321368662
random_forest,5,numeric__USM1_pose_rel_max_angular_speed_rad_s,0.0022960529028716024
random_forest,5,numeric__USM1_joint_base_revolute_q0_q2_path_l1,0.0022910023980568057
random_forest,5,numeric__USM2_joint_mean_joint_range,0.002273886741615507
random_forest,5,numeric__USM1_joint_base_revolute_q0_q2_mean_range,0.0022626301676693743
random_forest,5,numeric__USM0_joint_rms_speed_l2,0.002258582854300604
random_forest,5,numeric__USM3_pose_rel_net_displacement_l2,0.0022492817740019694
random_forest,5,numeric__USM3_pose_rel_mean_angular_speed_rad_s,0.0022069636945214514
random_forest,5,numeric__USM1_pose_rel_z_range,0.0022063914078458537
random_forest,5,numeric__USM3_pose_rel_economy_area_xz,0.0021920971791819627
random_forest,5,numeric__USM3_pose_rel_max_speed_l2,0.002190391981814793
random_forest,5,numeric__USM2_USM3_pose_rel_path_length_imbalance,0.0021879726366316327
random_forest,5,numeric__USM0_joint_max_speed_l2,0.002179677568304874
random_forest,5,numeric__USM1_USM2_pose_rel_min_distance_rel,0.0021782210156215814
random_forest,5,numeric__USM1_USM2_pose_rel_path_length_imbalance,0.0021746581932398277
random_forest,5,numeric__USM1_USM2_pose_rel_speed_correlation,0.0021536276404711028
random_forest,5,numeric__USM1_pose_rel_mean_speed_l2,0.0021069556447786677
random_forest,5,numeric__USM2_USM3_pose_rel_one_arm_only_active_fraction,0.0020690962216743268
random_forest,5,numeric__USM1_pose_rel_jerk_cost,0.0020521151674265073
random_forest,5,numeric__USM1_pose_rel_idle_fraction_relative,0.0020466745414032734
random_forest,5,numeric__USM2_pose_rel_movement_economy,0.002039227996111395
random_forest,5,numeric__USM1_joint_pause_count,0.0020392067838396373
random_forest,5,numeric__USM2_joint_max_speed_l2,0.0020354310279378043
random_forest,5,numeric__USM2_pose_rel_economy_area_xy,0.0020337456625127673
random_forest,5,numeric__USM2_joint_net_displacement_l2,0.002015609870308764
random_forest,5,numeric__USM3_joint_net_displacement_l2,0.0019974671596780995
random_forest,5,numeric__USM0_joint_distal_q5_q9_mean_range,0.001994990933068803
random_forest,5,numeric__USM3_pose_rel_idle_threshold_relative,0.0019892857931809852
random_forest,5,numeric__USM2_joint_insertion_q3_path_l1,0.0019806779817811925
random_forest,5,numeric__USM1_joint_max_acceleration_l2,0.001955355289427487
random_forest,5,numeric__USM3_pose_rel_x_range,0.0019455027000282851
random_forest,5,numeric__USM3_pose_rel_workspace_box_volume,0.0019299278978164298
random_forest,5,numeric__USM3_joint_max_joint_range,0.0019160713091703665
random_forest,5,numeric__USM2_joint_insertion_q3_mean_range,0.0018719380353603692
random_forest,5,numeric__USM3_pose_rel_pause_duration_seconds,0.0018631113848212334
random_forest,5,numeric__USM1_USM3_pose_rel_min_distance_rel,0.0018458914307840403
random_forest,5,numeric__USM3_joint_max_acceleration_l2,0.0018377913848348418
random_forest,5,numeric__USM1_pose_rel_pause_count,0.0018348948647026904
random_forest,5,numeric__USM3_pose_rel_economy_area_xy,0.0018324556054314987
random_forest,5,numeric__USM1_joint_insertion_q3_mean_range,0.001796504132777867
random_forest,5,numeric__USM1_joint_max_speed_l2,0.0017553862459936057
random_forest,5,numeric__USM1_pose_rel_economy_volume,0.001744707625469031
random_forest,5,numeric__USM1_pose_rel_workspace_box_volume,0.001742233612480252
random_forest,5,numeric__USM1_pose_rel_net_displacement_l2,0.0017346177529539227
random_forest,5,numeric__USM1_joint_max_jerk_l2,0.0017268680025447518
random_forest,5,numeric__USM0_joint_mean_joint_range,0.001705345238651872
random_forest,5,numeric__USM0_joint_net_displacement_l2,0.001679513922177375
random_forest,5,numeric__USM1_pose_rel_max_abs_angular_acceleration_rad_s2,0.0016531786748655523
random_forest,5,numeric__USM1_joint_max_joint_range,0.0016436040620682584
random_forest,5,numeric__USM1_pose_rel_economy_area_yz,0.0016352771946470976
random_forest,5,numeric__USM1_joint_max_abs_joint_velocity,0.0016105073715801507
random_forest,5,numeric__USM0_joint_max_acceleration_l2,0.0015911628056669775
random_forest,5,numeric__USM2_USM3_pose_rel_std_distance_rel,0.0015876600413331054
random_forest,5,numeric__USM1_pose_rel_raw_path_l2,0.001585350375559586
random_forest,5,numeric__USM1_pose_rel_mean_acceleration_l2,0.0015583746379264436
random_forest,5,numeric__USM2_joint_max_abs_joint_velocity,0.001557910593981463
random_forest,5,numeric__USM1_pose_rel_rotation_path_radians,0.0015559856790339469
random_forest,5,numeric__USM3_pose_rel_economy_volume,0.0015525725588632436
random_forest,5,numeric__USM0_joint_mean_speed_l2,0.0015523433144945305
random_forest,5,numeric__USM2_joint_max_acceleration_l2,0.0015398623444725038
random_forest,5,numeric__USM1_joint_movement_economy,0.0015239551293557499
random_forest,5,numeric__USM3_pose_rel_y_range,0.0014947497541656807
random_forest,5,numeric__USM3_joint_insertion_q3_path_l1,0.001486149869408255
random_forest,5,numeric__USM0_joint_max_joint_range,0.0014397919573193912
random_forest,5,numeric__USM1_joint_mean_joint_range,0.0013758754667524784
random_forest,5,numeric__USM1_pose_rel_mean_angular_speed_rad_s,0.0012876638142177864
random_forest,5,numeric__USM2_pose_rel_max_abs_angular_acceleration_rad_s2,0.0012074870031385972
random_forest,5,numeric__USM3_joint_movement_economy,0.0011777040142965953
random_forest,5,numeric__USM3_pose_rel_economy_area_yz,0.0011740784633562653
random_forest,5,numeric__USM1_pose_rel_mean_abs_angular_acceleration_rad_s2,0.0011420313901452307
random_forest,5,numeric__USM1_joint_tool_roll_q4_path_l1,0.0011396086160852276
random_forest,5,numeric__USM1_joint_mean_acceleration_l2,0.0011098302566670702
random_forest,5,numeric__USM1_joint_jerk_cost,0.0010798282725970171
random_forest,5,numeric__USM1_joint_mean_speed_l2,0.0010614642047539842
random_forest,5,numeric__USM0_joint_max_gap_seconds,0.0010311937056625487
random_forest,5,numeric__USM1_pose_rel_economy_area_xz,0.0009895701679191482
random_forest,5,numeric__USM1_joint_insertion_q3_path_l1,0.0009620958878827169
random_forest,5,numeric__USM1_pose_rel_x_range,0.0009392421186995587
random_forest,5,numeric__USM3_pose_rel_rotation_path_radians,0.0009281266334894752
random_forest,5,numeric__USM1_joint_rms_speed_l2,0.0006894192621188419
random_forest,5,numeric__USM0_joint_idle_threshold_relative,0.0006588699146500379
random_forest,5,numeric__USM1_joint_tool_roll_q4_mean_abs_velocity,0.0006407217066621625
random_forest,5,numeric__USM3_joint_base_revolute_q0_q2_mean_abs_velocity,0.0005864729104699465
random_forest,5,numeric__USM1_USM2_pose_rel_alignment_coverage,0.0005670298756058866
random_forest,5,numeric__USM3_joint_insertion_q3_mean_range,0.000468511457821538
random_forest,5,task__task_clean_sea_spikes,0.00023672445894015997
random_forest,5,numeric__USM3_joint_insertion_q3_mean_abs_velocity,0.00020756682383949961
random_forest,5,task__task_clean_suture,0.0001838072214080713
random_forest,5,task__task_clean_glove_cut,5.966460167954177e-05
random_forest,5,task__task_clean_ring_rollercoaster,5.838352349792975e-05
random_forest,5,numeric__USM3_joint_pause_duration_seconds,3.486446339937915e-05
random_forest,5,numeric__USM0_joint_median_dt_seconds,0.0
random_forest,5,numeric__USM3_joint_pause_count,0.0
random_forest,5,numeric__USM1_pose_rel_active,0.0
random_forest,5,numeric__active_pair_usm_b,0.0
random_forest,5,numeric__active_pair_usm_a,0.0
random_forest,5,task__task_clean_camera_target,0.0
extra_trees,1,numeric__USM2_pose_rel_pause_duration_seconds,0.03525728057246555
extra_trees,1,numeric__USM2_joint_pause_duration_seconds,0.03380127742372283
extra_trees,1,numeric__USM1_pose_rel_log_dimensionless_jerk,0.02807947524887702
extra_trees,1,numeric__USM0_joint_pause_duration_seconds,0.026271923375236865
extra_trees,1,numeric__USM0_joint_base_revolute_q0_q2_mean_abs_velocity,0.025289559485411808
extra_trees,1,numeric__USM2_joint_base_revolute_q0_q2_mean_abs_velocity,0.02367750437472847
extra_trees,1,numeric__duration_seconds,0.023608720639870212
extra_trees,1,numeric__USM2_pose_rel_log_dimensionless_jerk,0.020850448128032783
extra_trees,1,numeric__USM1_USM2_pose_rel_mean_abs_relative_speed,0.02046854403309128
extra_trees,1,task__task_clean_suture,0.018660469592118457
extra_trees,1,numeric__USM1_pose_rel_pause_duration_seconds,0.01445664215367934
extra_trees,1,numeric__USM3_pose_rel_log_dimensionless_jerk,0.013353067853267142
extra_trees,1,numeric__USM1_USM2_pose_rel_max_distance_rel,0.0128817697251633
extra_trees,1,numeric__USM2_pose_rel_mean_speed_l2,0.012575835046926019
extra_trees,1,numeric__USM2_pose_rel_idle_threshold_relative,0.012016355677427688
extra_trees,1,numeric__USM1_USM2_pose_rel_mean_distance_rel,0.01181748657467401
extra_trees,1,numeric__USM0_joint_idle_fraction_relative,0.011268585556808904
extra_trees,1,numeric__USM2_joint_pause_count,0.010621944576085781
extra_trees,1,numeric__USM0_joint_pause_count,0.010481036231691847
extra_trees,1,numeric__USM1_pose_rel_rms_speed_l2,0.010171800447666463
extra_trees,1,numeric__USM1_joint_pause_duration_seconds,0.009430849110948129
extra_trees,1,numeric__USM2_pose_rel_mean_acceleration_l2,0.008528243747597641
extra_trees,1,numeric__USM0_joint_insertion_q3_mean_abs_velocity,0.008368438202206974
extra_trees,1,numeric__USM2_joint_idle_fraction_relative,0.008301391503420297
extra_trees,1,numeric__USM2_pose_rel_rms_speed_l2,0.008157233729314605
extra_trees,1,numeric__USM0_joint_tool_roll_q4_mean_abs_velocity,0.007270980251099933
extra_trees,1,numeric__USM3_pose_rel_pause_fraction,0.006922862901026997
extra_trees,1,numeric__USM2_pose_rel_dimensionless_jerk,0.006705419942368115
extra_trees,1,numeric__USM3_pose_rel_dimensionless_jerk,0.0066250010747878904
extra_trees,1,numeric__USM1_pose_rel_max_speed_l2,0.006613928633955541
extra_trees,1,numeric__USM2_joint_pause_fraction,0.006433246027391898
extra_trees,1,numeric__USM3_pose_rel_idle_fraction_relative,0.006178878881020187
extra_trees,1,numeric__USM2_joint_tool_roll_q4_mean_abs_velocity,0.006167856592468661
extra_trees,1,numeric__USM0_joint_base_revolute_q0_q2_path_l1,0.006148728622254248
extra_trees,1,numeric__USM0_joint_insertion_q3_path_l1,0.006140135812842753
extra_trees,1,numeric__USM2_joint_insertion_q3_mean_abs_velocity,0.005919284590302973
extra_trees,1,numeric__USM1_USM3_pose_rel_path_length_imbalance,0.005798616521463118
extra_trees,1,numeric__USM1_USM3_pose_rel_one_arm_only_active_fraction,0.005693666188907358
extra_trees,1,numeric__USM2_USM3_pose_rel_path_length_imbalance,0.005435275256979923
extra_trees,1,numeric__USM0_joint_insertion_q3_mean_range,0.00535996532047285
extra_trees,1,numeric__USM1_USM3_pose_rel_max_distance_rel,0.0053362629915989675
extra_trees,1,numeric__USM2_pose_rel_pause_count,0.005298892977615433
extra_trees,1,numeric__USM3_pose_rel_z_range,0.00528242311725242
extra_trees,1,numeric__USM1_pose_rel_idle_threshold_relative,0.005276023188408573
extra_trees,1,numeric__USM2_pose_rel_mean_angular_speed_rad_s,0.005264277541997281
extra_trees,1,numeric__USM1_USM3_pose_rel_std_distance_rel,0.005249460019378798
extra_trees,1,numeric__active_pair_mean_distance_rel,0.005140370339367478
extra_trees,1,numeric__USM1_USM3_pose_rel_distance_range_rel,0.005051135573227262
extra_trees,1,numeric__active_pair_one_arm_only_active_fraction,0.004999091226159833
extra_trees,1,numeric__USM2_USM3_pose_rel_mean_distance_rel,0.004996897142719738
extra_trees,1,numeric__USM2_joint_base_revolute_q0_q2_path_l1,0.004991247582737343
extra_trees,1,numeric__USM0_joint_raw_path_l2,0.004971757562882073
extra_trees,1,numeric__USM1_USM2_pose_rel_one_arm_only_active_fraction,0.004970120708899866
extra_trees,1,numeric__USM3_pose_rel_economy_area_xz,0.0048965840159819855
extra_trees,1,numeric__active_pair_path_length_imbalance,0.004724856497699348
extra_trees,1,numeric__USM0_joint_base_revolute_q0_q2_mean_range,0.004675830390720592
extra_trees,1,numeric__USM1_pose_rel_dimensionless_jerk,0.004668967067599483
extra_trees,1,numeric__USM2_pose_rel_max_speed_l2,0.004474234820041384
extra_trees,1,numeric__all_usm_joint_path_l1_total,0.0044533215578691655
extra_trees,1,numeric__USM1_USM2_pose_rel_min_distance_rel,0.004344830890464846
extra_trees,1,numeric__USM3_pose_rel_mean_speed_l2,0.004309148907980416
extra_trees,1,numeric__USM1_pose_rel_y_range,0.004269330493889977
extra_trees,1,numeric__USM2_USM3_pose_rel_simultaneous_active_fraction,0.00424245183491943
extra_trees,1,numeric__USM1_pose_rel_max_acceleration_l2,0.004234499184060962
extra_trees,1,numeric__USM0_joint_jerk_cost,0.0041869908389412505
extra_trees,1,numeric__USM1_USM3_pose_rel_both_idle_fraction,0.004186505270102436
extra_trees,1,numeric__USM1_USM2_pose_rel_both_idle_fraction,0.004142759425897152
extra_trees,1,numeric__USM2_pose_rel_mean_abs_angular_acceleration_rad_s2,0.00413713071221997
extra_trees,1,numeric__USM2_pose_rel_raw_path_l2,0.00411534638650396
extra_trees,1,numeric__USM1_USM3_pose_rel_min_distance_rel,0.004009276078483427
extra_trees,1,numeric__USM0_joint_rms_speed_l2,0.003832477051172691
extra_trees,1,numeric__USM2_pose_rel_max_jerk_l2,0.003752838925306406
extra_trees,1,numeric__USM2_pose_rel_z_range,0.0037201297693161255
extra_trees,1,numeric__USM3_joint_tool_roll_q4_mean_abs_velocity,0.0037183249215044403
extra_trees,1,numeric__active_pair_speed_correlation,0.0037168675119011087
extra_trees,1,numeric__USM2_joint_insertion_q3_mean_range,0.003641354009724823
extra_trees,1,numeric__USM1_USM3_pose_rel_simultaneous_active_fraction,0.0036200612269468553
extra_trees,1,numeric__USM1_USM3_pose_rel_mean_distance_rel,0.003610074192414044
extra_trees,1,numeric__active_pair_path_length_a_rel,0.003554472275123314
extra_trees,1,numeric__USM2_pose_rel_max_acceleration_l2,0.003498573552338183
extra_trees,1,numeric__USM2_pose_rel_idle_fraction_relative,0.0034927972887704227
extra_trees,1,numeric__USM1_joint_net_displacement_l2,0.0034186094324501035
extra_trees,1,numeric__USM1_joint_base_revolute_q0_q2_mean_range,0.003414100609120569
extra_trees,1,numeric__USM2_USM3_pose_rel_both_idle_fraction,0.0033822636710712896
extra_trees,1,numeric__USM2_pose_rel_pause_fraction,0.0033601607976927145
extra_trees,1,numeric__USM1_pose_rel_mean_speed_l2,0.0033471132206705145
extra_trees,1,numeric__USM1_pose_rel_economy_area_xz,0.003342715047115015
extra_trees,1,numeric__USM1_pose_rel_jerk_cost,0.0032463470607428197
extra_trees,1,numeric__USM1_pose_rel_z_range,0.0032382681762936167
extra_trees,1,numeric__USM1_pose_rel_mean_acceleration_l2,0.003150529354125973
extra_trees,1,numeric__USM3_pose_rel_rms_speed_l2,0.003106665140944483
extra_trees,1,numeric__USM3_pose_rel_max_jerk_l2,0.003096720650982696
extra_trees,1,numeric__USM1_USM3_pose_rel_speed_correlation,0.00308060818831404
extra_trees,1,numeric__USM2_pose_rel_economy_area_xy,0.0030321386767396116
extra_trees,1,numeric__USM2_pose_rel_economy_area_xz,0.0030282943990106656
extra_trees,1,numeric__USM2_USM3_pose_rel_distance_range_rel,0.0030268319143966728
extra_trees,1,numeric__USM2_joint_raw_path_l2,0.0030116204240591576
extra_trees,1,numeric__USM3_pose_rel_economy_area_xy,0.003003806351941619
extra_trees,1,numeric__USM2_pose_rel_economy_area_yz,0.002972374422950552
extra_trees,1,numeric__USM1_pose_rel_pause_count,0.0029568703495528844
extra_trees,1,numeric__USM2_pose_rel_rotation_path_radians,0.0029564725192045907
extra_trees,1,numeric__USM3_joint_distal_q5_q9_mean_range,0.002934948769176786
extra_trees,1,numeric__USM2_joint_insertion_q3_path_l1,0.0029212092571064448
extra_trees,1,numeric__USM1_USM2_pose_rel_std_distance_rel,0.0029070599238522057
extra_trees,1,numeric__USM0_joint_tool_roll_q4_path_l1,0.0029036546050699432
extra_trees,1,numeric__USM2_joint_max_joint_range,0.002888510856107249
extra_trees,1,numeric__USM1_joint_movement_economy,0.0028090578163760807
extra_trees,1,numeric__USM1_pose_rel_economy_volume,0.002805222051163964
extra_trees,1,numeric__USM2_pose_rel_economy_volume,0.0028033127776912353
extra_trees,1,numeric__USM2_pose_rel_x_range,0.0027891181515894963
extra_trees,1,numeric__USM1_joint_insertion_q3_mean_range,0.002774120529144038
extra_trees,1,numeric__USM1_USM2_pose_rel_simultaneous_active_fraction,0.0027564441402798193
extra_trees,1,numeric__USM2_pose_rel_max_abs_angular_acceleration_rad_s2,0.0027358410195868488
extra_trees,1,numeric__USM3_pose_rel_max_acceleration_l2,0.002721748379140859
extra_trees,1,numeric__USM2_USM3_pose_rel_speed_correlation,0.002698181518860474
extra_trees,1,numeric__USM3_pose_rel_pause_duration_seconds,0.0026538018020360026
extra_trees,1,numeric__USM2_joint_net_displacement_l2,0.0026490066514334248
extra_trees,1,numeric__USM0_joint_max_jerk_l2,0.002633184469194038
extra_trees,1,numeric__USM3_pose_rel_pause_count,0.002629845064940973
extra_trees,1,numeric__USM1_pose_rel_max_jerk_l2,0.002596728517415983
extra_trees,1,numeric__USM3_pose_rel_max_speed_l2,0.00259442896925762
extra_trees,1,task__task_clean_sea_spikes,0.002584113616305449
extra_trees,1,numeric__USM2_pose_rel_net_displacement_l2,0.0025632240353857297
extra_trees,1,numeric__USM0_joint_max_speed_l2,0.002528812026840755
extra_trees,1,numeric__active_pair_both_idle_fraction,0.0025189971121643423
extra_trees,1,numeric__USM3_pose_rel_max_abs_angular_acceleration_rad_s2,0.002518720278422711
extra_trees,1,numeric__USM3_pose_rel_mean_abs_angular_acceleration_rad_s2,0.0025117776110396045
extra_trees,1,numeric__USM1_joint_idle_fraction_relative,0.0025075776320897716
extra_trees,1,numeric__USM2_joint_jerk_cost,0.0025038286164275653
extra_trees,1,numeric__USM1_pose_rel_workspace_box_volume,0.0024689232086657163
extra_trees,1,numeric__USM0_joint_mean_acceleration_l2,0.0024676160428714236
extra_trees,1,numeric__USM2_pose_rel_y_range,0.0024583107787370575
extra_trees,1,numeric__USM0_joint_max_acceleration_l2,0.0024515923522251274
extra_trees,1,numeric__USM2_USM3_pose_rel_one_arm_only_active_fraction,0.0024500336976027246
extra_trees,1,numeric__USM0_joint_distal_q5_q9_mean_range,0.002429059003101934
extra_trees,1,numeric__USM2_pose_rel_max_angular_speed_rad_s,0.002397048375321749
extra_trees,1,numeric__USM2_joint_rms_speed_l2,0.002369481240648533
extra_trees,1,numeric__USM3_pose_rel_net_displacement_l2,0.0023641911247197743
extra_trees,1,numeric__active_pair_simultaneous_active_fraction,0.0023416175365535983
extra_trees,1,numeric__USM1_joint_insertion_q3_mean_abs_velocity,0.0023078918039652744
extra_trees,1,numeric__USM2_USM3_pose_rel_std_distance_rel,0.0023044851350766922
extra_trees,1,numeric__USM3_pose_rel_economy_volume,0.002292673230882536
extra_trees,1,numeric__USM1_pose_rel_economy_area_xy,0.00228136713169527
extra_trees,1,numeric__USM2_joint_tool_roll_q4_path_l1,0.0022761531046667947
extra_trees,1,numeric__USM3_pose_rel_jerk_cost,0.002270312650819135
extra_trees,1,numeric__USM1_joint_base_revolute_q0_q2_mean_abs_velocity,0.0022600309602133026
extra_trees,1,numeric__USM2_joint_max_abs_joint_velocity,0.002235537256477973
extra_trees,1,numeric__USM3_pose_rel_movement_economy,0.0022228318650358214
extra_trees,1,numeric__USM0_joint_net_displacement_l2,0.0021927233750782134
extra_trees,1,numeric__USM1_joint_pause_count,0.002167270465632834
extra_trees,1,numeric__USM2_joint_max_acceleration_l2,0.0021561207599710827
extra_trees,1,numeric__USM2_pose_rel_movement_economy,0.002136241603525309
extra_trees,1,numeric__USM2_joint_idle_threshold_relative,0.0021208509140369686
extra_trees,1,numeric__USM2_joint_movement_economy,0.002110695790812583
extra_trees,1,numeric__USM3_pose_rel_economy_area_yz,0.00209989644766858
extra_trees,1,numeric__USM2_joint_base_revolute_q0_q2_mean_range,0.0020305454415738638
extra_trees,1,numeric__USM1_joint_insertion_q3_path_l1,0.0020229202422374364
extra_trees,1,numeric__USM0_joint_mean_speed_l2,0.002020895287045549
extra_trees,1,numeric__USM3_joint_raw_path_l2,0.002006299926843417
extra_trees,1,numeric__USM1_pose_rel_economy_area_yz,0.001974491978169324
extra_trees,1,numeric__USM1_USM2_pose_rel_distance_range_rel,0.0019558415377239242
extra_trees,1,numeric__USM3_joint_mean_speed_l2,0.0019474881038252794
extra_trees,1,numeric__USM3_joint_rms_speed_l2,0.001943973712139871
extra_trees,1,numeric__USM1_joint_pause_fraction,0.0019049851961306606
extra_trees,1,numeric__USM2_pose_rel_workspace_box_volume,0.0018977439053414317
extra_trees,1,numeric__USM2_joint_distal_q5_q9_mean_range,0.0018823896055164928
extra_trees,1,numeric__USM3_pose_rel_y_range,0.001874279408862924
extra_trees,1,numeric__USM1_USM2_pose_rel_path_length_imbalance,0.0018418780242078342
extra_trees,1,numeric__USM3_joint_net_displacement_l2,0.0018325305119882525
extra_trees,1,numeric__USM2_joint_max_jerk_l2,0.0018226716936355272
extra_trees,1,numeric__USM2_pose_rel_jerk_cost,0.0017887412755397964
extra_trees,1,numeric__USM1_pose_rel_x_range,0.001784020978067273
extra_trees,1,numeric__USM0_joint_movement_economy,0.0017478313687733559
extra_trees,1,numeric__USM3_joint_mean_joint_range,0.0017467256143154444
extra_trees,1,numeric__USM0_joint_idle_threshold_relative,0.001673647905239282
extra_trees,1,numeric__USM1_pose_rel_movement_economy,0.0016695018634071417
extra_trees,1,numeric__USM1_USM2_pose_rel_speed_correlation,0.0016552309557813414
extra_trees,1,numeric__USM2_joint_mean_joint_range,0.0016439877628281639
extra_trees,1,numeric__USM1_pose_rel_raw_path_l2,0.001636703370410929
extra_trees,1,numeric__USM3_pose_rel_raw_path_l2,0.0016268939997970756
extra_trees,1,numeric__USM2_joint_mean_abs_joint_velocity,0.0015967746181289736
extra_trees,1,numeric__USM3_joint_insertion_q3_mean_abs_velocity,0.0015840343974731176
extra_trees,1,numeric__USM1_joint_max_speed_l2,0.0015584792035533213
extra_trees,1,numeric__USM3_joint_movement_economy,0.0015480275869685545
extra_trees,1,numeric__USM1_joint_max_acceleration_l2,0.0015400982449119349
extra_trees,1,numeric__USM1_pose_rel_idle_fraction_relative,0.0015347671225920552
extra_trees,1,numeric__USM1_joint_max_jerk_l2,0.001530040331419587
extra_trees,1,numeric__USM3_pose_rel_workspace_box_volume,0.0014835176988682126
extra_trees,1,numeric__USM1_joint_base_revolute_q0_q2_path_l1,0.0014702584624997177
extra_trees,1,numeric__all_psm_pose_rel_path_total,0.0014691987256081225
extra_trees,1,numeric__USM2_joint_mean_speed_l2,0.0014614036086586098
extra_trees,1,numeric__USM0_joint_mean_joint_range,0.0014271359337581615
extra_trees,1,numeric__USM3_joint_idle_fraction_relative,0.001421835562708611
extra_trees,1,numeric__active_pair_usm_a,0.0014165505231387974
extra_trees,1,numeric__USM1_joint_max_abs_joint_velocity,0.0014076637515878542
extra_trees,1,numeric__USM2_joint_max_speed_l2,0.0013931518924864474
extra_trees,1,numeric__USM1_pose_rel_max_angular_speed_rad_s,0.0013628321998594532
extra_trees,1,numeric__USM1_joint_tool_roll_q4_path_l1,0.0013618768807498833
extra_trees,1,numeric__USM2_joint_mean_acceleration_l2,0.0013462459393824182
extra_trees,1,numeric__USM1_pose_rel_net_displacement_l2,0.0013168125485137534
extra_trees,1,numeric__USM3_joint_insertion_q3_path_l1,0.0013001998931132747
extra_trees,1,numeric__USM3_joint_max_joint_range,0.0012932703549318053
extra_trees,1,numeric__USM3_pose_rel_max_angular_speed_rad_s,0.0012749943333614248
extra_trees,1,numeric__USM1_pose_rel_max_abs_angular_acceleration_rad_s2,0.0012671658452668097
extra_trees,1,numeric__USM0_joint_tool_roll_q4_mean_range,0.0012507426769396745
extra_trees,1,numeric__USM1_joint_raw_path_l2,0.001237980149684239
extra_trees,1,numeric__USM0_joint_max_gap_seconds,0.0012150014416913086
extra_trees,1,numeric__USM1_joint_max_joint_range,0.001160835595770974
extra_trees,1,numeric__USM1_pose_rel_pause_fraction,0.001158988678619948
extra_trees,1,numeric__USM3_joint_max_speed_l2,0.0011575530972427438
extra_trees,1,numeric__USM3_pose_rel_mean_angular_speed_rad_s,0.0011477910806993732
extra_trees,1,numeric__USM1_pose_rel_rotation_path_radians,0.0010936435911688702
extra_trees,1,numeric__USM0_joint_max_joint_range,0.0010928929248968677
extra_trees,1,numeric__USM3_joint_base_revolute_q0_q2_mean_abs_velocity,0.0010834592910982609
extra_trees,1,numeric__USM1_USM2_pose_rel_alignment_coverage,0.001079516987899095
extra_trees,1,numeric__USM3_joint_max_acceleration_l2,0.0010279384369374191
extra_trees,1,numeric__USM3_pose_rel_x_range,0.0010258971259063544
extra_trees,1,numeric__USM1_joint_mean_joint_range,0.001011461097929732
extra_trees,1,numeric__USM3_pose_rel_idle_threshold_relative,0.0009845577423636769
extra_trees,1,numeric__USM3_joint_base_revolute_q0_q2_mean_range,0.0009340136074247957
extra_trees,1,task__task_clean_glove_cut,0.0009222426393870303
extra_trees,1,task__task_clean_ring_rollercoaster,0.000921639921994789
extra_trees,1,numeric__USM3_joint_base_revolute_q0_q2_path_l1,0.0009187015787314163
extra_trees,1,numeric__USM3_joint_insertion_q3_mean_range,0.0009095802887687757
extra_trees,1,numeric__USM1_joint_distal_q5_q9_mean_range,0.0008605683051521176
extra_trees,1,numeric__USM1_joint_tool_roll_q4_mean_abs_velocity,0.000849109399791413
extra_trees,1,numeric__USM3_pose_rel_rotation_path_radians,0.0007981310244298321
extra_trees,1,numeric__USM1_joint_mean_acceleration_l2,0.0007835902102944606
extra_trees,1,numeric__USM1_pose_rel_mean_abs_angular_acceleration_rad_s2,0.0007723134909372759
extra_trees,1,numeric__USM1_joint_idle_threshold_relative,0.0006514807190554816
extra_trees,1,numeric__USM1_joint_jerk_cost,0.0006213502772173857
extra_trees,1,numeric__USM1_pose_rel_mean_angular_speed_rad_s,0.0006106317314278782
extra_trees,1,numeric__USM1_joint_mean_speed_l2,0.0005447418784623381
extra_trees,1,numeric__active_pair_usm_b,0.00034275532562670164
extra_trees,1,task__task_clean_camera_target,0.0002039449332037878
extra_trees,1,numeric__USM3_joint_pause_duration_seconds,0.0001119261131796631
extra_trees,1,numeric__USM3_joint_pause_count,0.00010079614772372246
extra_trees,1,numeric__USM0_joint_median_dt_seconds,0.0
extra_trees,1,numeric__active_psm_count,0.0
extra_trees,1,numeric__USM1_pose_rel_active,0.0
extra_trees,2,numeric__USM2_pose_rel_pause_duration_seconds,0.04316014685607288
extra_trees,2,numeric__USM2_pose_rel_mean_angular_speed_rad_s,0.03183242795323104
extra_trees,2,numeric__USM2_joint_base_revolute_q0_q2_mean_abs_velocity,0.031095490534150633
extra_trees,2,numeric__USM2_joint_pause_duration_seconds,0.030493565914943992
extra_trees,2,numeric__duration_seconds,0.030246904135780208
extra_trees,2,numeric__USM2_pose_rel_mean_speed_l2,0.026632691190040723
extra_trees,2,numeric__USM2_joint_insertion_q3_mean_abs_velocity,0.026407716428670684
extra_trees,2,numeric__USM2_pose_rel_log_dimensionless_jerk,0.025525324839638926
extra_trees,2,numeric__USM1_USM2_pose_rel_both_idle_fraction,0.024564414581271888
extra_trees,2,numeric__USM1_USM2_pose_rel_mean_abs_relative_speed,0.022991613274879828
extra_trees,2,numeric__USM0_joint_pause_duration_seconds,0.022027877156907683
extra_trees,2,numeric__USM1_USM2_pose_rel_one_arm_only_active_fraction,0.01515685914297066
extra_trees,2,numeric__USM0_joint_base_revolute_q0_q2_mean_abs_velocity,0.015039823171076615
extra_trees,2,numeric__USM1_pose_rel_log_dimensionless_jerk,0.014599928332246664
extra_trees,2,numeric__USM1_pose_rel_max_speed_l2,0.013933107807121977
extra_trees,2,numeric__USM2_pose_rel_workspace_box_volume,0.01112397562265029
extra_trees,2,numeric__USM2_pose_rel_mean_acceleration_l2,0.010806991871716458
extra_trees,2,numeric__USM1_pose_rel_max_jerk_l2,0.00952113317488707
extra_trees,2,numeric__USM2_pose_rel_mean_abs_angular_acceleration_rad_s2,0.009132075366105693
extra_trees,2,numeric__USM1_pose_rel_pause_duration_seconds,0.008947431393207316
extra_trees,2,numeric__USM1_pose_rel_max_acceleration_l2,0.008785857649993
extra_trees,2,task__task_clean_suture,0.008552105699471853
extra_trees,2,numeric__USM0_joint_jerk_cost,0.008239893576060071
extra_trees,2,numeric__USM2_joint_tool_roll_q4_mean_abs_velocity,0.007541905175810703
extra_trees,2,numeric__USM2_pose_rel_dimensionless_jerk,0.007476114893024386
extra_trees,2,numeric__USM2_joint_idle_fraction_relative,0.007394081893615113
extra_trees,2,numeric__USM2_pose_rel_idle_threshold_relative,0.007316325718742395
extra_trees,2,numeric__USM0_joint_raw_path_l2,0.007243988652829166
extra_trees,2,numeric__USM1_pose_rel_rms_speed_l2,0.007186749125412791
extra_trees,2,numeric__USM2_pose_rel_raw_path_l2,0.007065106981266704
extra_trees,2,numeric__USM3_pose_rel_log_dimensionless_jerk,0.006965139682929116
extra_trees,2,numeric__USM2_USM3_pose_rel_path_length_imbalance,0.006920070659136159
extra_trees,2,numeric__USM2_joint_pause_fraction,0.006625596946842515
extra_trees,2,numeric__active_pair_mean_distance_rel,0.006548587783741997
extra_trees,2,numeric__USM2_joint_base_revolute_q0_q2_path_l1,0.006545213717115144
extra_trees,2,numeric__USM3_pose_rel_pause_fraction,0.006530359128110582
extra_trees,2,numeric__USM1_pose_rel_dimensionless_jerk,0.006454358872304067
extra_trees,2,numeric__USM2_pose_rel_rms_speed_l2,0.006391829302645371
extra_trees,2,numeric__USM2_joint_pause_count,0.006229710635533149
extra_trees,2,numeric__USM1_USM3_pose_rel_std_distance_rel,0.006040949311171179
extra_trees,2,numeric__USM0_joint_base_revolute_q0_q2_path_l1,0.005988711766009435
extra_trees,2,numeric__USM1_USM3_pose_rel_max_distance_rel,0.005957346246160657
extra_trees,2,numeric__active_pair_path_length_a_rel,0.005933655776132882
extra_trees,2,numeric__all_usm_joint_path_l1_total,0.00593320870335669
extra_trees,2,numeric__USM1_USM3_pose_rel_path_length_imbalance,0.00584835737061806
extra_trees,2,numeric__USM1_USM3_pose_rel_distance_range_rel,0.0058168870170216234
extra_trees,2,numeric__USM0_joint_insertion_q3_mean_abs_velocity,0.005767431995687657
extra_trees,2,numeric__USM0_joint_idle_fraction_relative,0.005572473404590342
extra_trees,2,numeric__USM1_USM2_pose_rel_mean_distance_rel,0.00554826136331861
extra_trees,2,numeric__active_pair_min_distance_rel,0.005468641116837775
extra_trees,2,numeric__active_pair_path_length_imbalance,0.005253905338504475
extra_trees,2,numeric__USM3_pose_rel_idle_fraction_relative,0.005223178364699519
extra_trees,2,numeric__USM1_joint_pause_duration_seconds,0.0052144325769518
extra_trees,2,numeric__USM2_pose_rel_idle_fraction_relative,0.005122015710781337
extra_trees,2,numeric__USM3_pose_rel_z_range,0.004833658261174701
extra_trees,2,numeric__USM1_pose_rel_idle_threshold_relative,0.004787674426074648
extra_trees,2,numeric__USM2_USM3_pose_rel_mean_distance_rel,0.004694273430302433
extra_trees,2,task__task_clean_sea_spikes,0.004594919001505967
extra_trees,2,numeric__USM0_joint_tool_roll_q4_mean_abs_velocity,0.004577842336750895
extra_trees,2,numeric__USM0_joint_insertion_q3_mean_range,0.004327299227120695
extra_trees,2,numeric__USM0_joint_insertion_q3_path_l1,0.004278560665553511
extra_trees,2,numeric__USM2_USM3_pose_rel_min_distance_rel,0.004250374651523353
extra_trees,2,numeric__USM2_pose_rel_y_range,0.003924968245025478
extra_trees,2,numeric__USM0_joint_rms_speed_l2,0.00355564584025684
extra_trees,2,numeric__USM1_pose_rel_y_range,0.00350285134932076
extra_trees,2,numeric__USM3_joint_distal_q5_q9_mean_range,0.003496654008221108
extra_trees,2,numeric__USM3_pose_rel_pause_duration_seconds,0.003474130520299415
extra_trees,2,numeric__USM3_pose_rel_dimensionless_jerk,0.0034360615962117347
extra_trees,2,numeric__USM2_pose_rel_x_range,0.0033167119538794923
extra_trees,2,numeric__USM1_pose_rel_movement_economy,0.0032505416086025174
extra_trees,2,numeric__USM1_USM3_pose_rel_one_arm_only_active_fraction,0.003226484393966897
extra_trees,2,numeric__USM1_pose_rel_pause_count,0.003200651379966224
extra_trees,2,numeric__USM1_pose_rel_economy_area_xy,0.003097605910255579
extra_trees,2,numeric__USM1_USM3_pose_rel_min_distance_rel,0.0030733433063549124
extra_trees,2,numeric__USM2_joint_mean_abs_joint_velocity,0.0030664531468685766
extra_trees,2,numeric__USM1_USM3_pose_rel_both_idle_fraction,0.0030418535066243967
extra_trees,2,numeric__USM2_pose_rel_z_range,0.003009899022415095
extra_trees,2,numeric__USM1_USM2_pose_rel_std_distance_rel,0.0030089697858089754
extra_trees,2,numeric__USM1_USM3_pose_rel_mean_distance_rel,0.003006302633701232
extra_trees,2,numeric__USM0_joint_pause_count,0.0029705342035739836
extra_trees,2,numeric__USM2_joint_insertion_q3_mean_range,0.0029400725242928563
extra_trees,2,numeric__USM2_pose_rel_pause_count,0.0028963972212579857
extra_trees,2,numeric__USM0_joint_base_revolute_q0_q2_mean_range,0.0028127810689396178
extra_trees,2,numeric__USM1_joint_movement_economy,0.0027550972113106783
extra_trees,2,numeric__USM1_USM2_pose_rel_max_distance_rel,0.0027127406467260793
extra_trees,2,numeric__USM2_joint_insertion_q3_path_l1,0.002702139110686019
extra_trees,2,numeric__USM1_pose_rel_jerk_cost,0.0027010548977970607
extra_trees,2,numeric__USM1_pose_rel_mean_acceleration_l2,0.002681912117900532
extra_trees,2,numeric__USM2_joint_movement_economy,0.0026798106180032605
extra_trees,2,numeric__USM1_joint_net_displacement_l2,0.0025596989119405756
extra_trees,2,numeric__active_pair_one_arm_only_active_fraction,0.002515834511602006
extra_trees,2,numeric__USM3_pose_rel_pause_count,0.0025006808683377723
extra_trees,2,numeric__USM1_USM3_pose_rel_speed_correlation,0.0024540979693715354
extra_trees,2,numeric__USM1_pose_rel_pause_fraction,0.0024177810791557613
extra_trees,2,numeric__USM2_pose_rel_max_speed_l2,0.002413143714272357
extra_trees,2,numeric__USM0_joint_mean_acceleration_l2,0.0023911786259631137
extra_trees,2,numeric__USM2_USM3_pose_rel_one_arm_only_active_fraction,0.002368094165366633
extra_trees,2,numeric__USM1_pose_rel_max_abs_angular_acceleration_rad_s2,0.0023594358587948456
extra_trees,2,numeric__USM1_USM2_pose_rel_distance_range_rel,0.0023556504369759276
extra_trees,2,numeric__USM1_joint_max_speed_l2,0.0023208425291654827
extra_trees,2,numeric__USM1_pose_rel_max_angular_speed_rad_s,0.0023128675384003886
extra_trees,2,numeric__USM1_USM2_pose_rel_min_distance_rel,0.0023076635646502074
extra_trees,2,numeric__USM2_joint_net_displacement_l2,0.002277636682068385
extra_trees,2,numeric__USM1_pose_rel_idle_fraction_relative,0.0022741851005794633
extra_trees,2,numeric__USM0_joint_distal_q5_q9_mean_range,0.00225282438261543
extra_trees,2,numeric__USM1_USM3_pose_rel_simultaneous_active_fraction,0.0022239787389449956
extra_trees,2,numeric__USM2_joint_base_revolute_q0_q2_mean_range,0.0022078599907249916
extra_trees,2,numeric__USM3_joint_tool_roll_q4_mean_abs_velocity,0.0022067784373752167
extra_trees,2,numeric__USM1_joint_base_revolute_q0_q2_mean_range,0.0021785567171420544
extra_trees,2,numeric__USM1_joint_pause_count,0.0021703908189834053
extra_trees,2,numeric__USM2_joint_raw_path_l2,0.0021622845711011
extra_trees,2,numeric__USM2_pose_rel_jerk_cost,0.0021567610322917293
extra_trees,2,numeric__USM2_pose_rel_net_displacement_l2,0.0021534963512442576
extra_trees,2,numeric__USM1_USM2_pose_rel_speed_correlation,0.002147762584350454
extra_trees,2,numeric__USM2_USM3_pose_rel_simultaneous_active_fraction,0.0021396045355567155
extra_trees,2,numeric__USM2_joint_rms_speed_l2,0.002135889263429914
extra_trees,2,numeric__USM2_joint_mean_acceleration_l2,0.002129420675024411
extra_trees,2,numeric__USM1_pose_rel_economy_volume,0.0021061753427123546
extra_trees,2,numeric__USM3_pose_rel_max_acceleration_l2,0.0021031925485815893
extra_trees,2,numeric__USM3_pose_rel_y_range,0.002096196771092829
extra_trees,2,numeric__USM2_pose_rel_rotation_path_radians,0.0020885246231238637
extra_trees,2,numeric__USM2_pose_rel_economy_area_xz,0.0020643305629484666
extra_trees,2,numeric__active_pair_speed_correlation,0.002056809489792814
extra_trees,2,numeric__USM2_pose_rel_max_angular_speed_rad_s,0.002056210323604325
extra_trees,2,numeric__USM0_joint_max_jerk_l2,0.0020410551065294857
extra_trees,2,numeric__USM2_joint_mean_speed_l2,0.002032620773480407
extra_trees,2,numeric__USM1_joint_insertion_q3_mean_range,0.002030817213721049
extra_trees,2,numeric__USM3_joint_mean_joint_range,0.0020227481901251
extra_trees,2,numeric__USM2_pose_rel_economy_area_xy,0.002021924954707129
extra_trees,2,numeric__USM0_joint_idle_threshold_relative,0.0020181618715471097
extra_trees,2,numeric__USM2_pose_rel_economy_volume,0.002017519133353265
extra_trees,2,numeric__USM1_pose_rel_mean_speed_l2,0.002012014586071682
extra_trees,2,numeric__USM0_joint_movement_economy,0.0020047432021999085
extra_trees,2,numeric__USM1_pose_rel_x_range,0.0019901391015577333
extra_trees,2,numeric__USM0_joint_net_displacement_l2,0.0019844986861434254
extra_trees,2,numeric__USM2_pose_rel_max_abs_angular_acceleration_rad_s2,0.0019517465196203056
extra_trees,2,numeric__USM1_USM2_pose_rel_simultaneous_active_fraction,0.001950561809275006
extra_trees,2,numeric__USM1_joint_max_acceleration_l2,0.0019476776331277413
extra_trees,2,numeric__USM3_pose_rel_economy_area_xy,0.0019454448209249883
extra_trees,2,numeric__USM3_joint_mean_speed_l2,0.0019427660489289283
extra_trees,2,numeric__USM3_pose_rel_rms_speed_l2,0.0019003680464054864
extra_trees,2,numeric__USM1_joint_max_jerk_l2,0.0018910953494583104
extra_trees,2,numeric__USM1_pose_rel_net_displacement_l2,0.0018871178272673733
extra_trees,2,numeric__USM2_USM3_pose_rel_both_idle_fraction,0.0018826071308862614
extra_trees,2,numeric__active_pair_simultaneous_active_fraction,0.0018611750758725045
extra_trees,2,numeric__USM2_pose_rel_max_jerk_l2,0.0018520845345463483
extra_trees,2,numeric__active_pair_both_idle_fraction,0.0018500358150928316
extra_trees,2,numeric__USM2_joint_mean_joint_range,0.0018296802451414455
extra_trees,2,numeric__USM0_joint_max_speed_l2,0.00182887680340936
extra_trees,2,numeric__USM2_joint_max_acceleration_l2,0.0018245006436556023
extra_trees,2,numeric__USM3_pose_rel_economy_area_xz,0.0018142230932614869
extra_trees,2,numeric__USM3_pose_rel_mean_speed_l2,0.0018101304015698484
extra_trees,2,numeric__USM2_joint_max_abs_joint_velocity,0.0017989543795234257
extra_trees,2,numeric__USM1_pose_rel_economy_area_xz,0.0017835850123586706
extra_trees,2,numeric__USM1_joint_insertion_q3_mean_abs_velocity,0.0017621063920902939
extra_trees,2,numeric__USM3_joint_max_joint_range,0.001731376180482892
extra_trees,2,numeric__USM2_pose_rel_economy_area_yz,0.00172883240558721
extra_trees,2,numeric__USM0_joint_tool_roll_q4_path_l1,0.0017137454026899448
extra_trees,2,numeric__USM1_joint_pause_fraction,0.0017100070598745753
extra_trees,2,numeric__USM2_pose_rel_movement_economy,0.0016927072876530263
extra_trees,2,numeric__USM2_pose_rel_max_acceleration_l2,0.0016926525005578348
extra_trees,2,numeric__USM3_joint_insertion_q3_path_l1,0.0016814838164624232
extra_trees,2,numeric__USM2_joint_max_jerk_l2,0.001679282061658261
extra_trees,2,numeric__USM2_joint_idle_threshold_relative,0.0016741000155313303
extra_trees,2,numeric__active_pair_usm_a,0.0016573422279299592
extra_trees,2,numeric__USM2_joint_tool_roll_q4_path_l1,0.0016477198092090019
extra_trees,2,numeric__USM3_joint_tool_roll_q4_path_l1,0.0016362950387351321
extra_trees,2,numeric__USM2_USM3_pose_rel_distance_range_rel,0.001620700907767124
extra_trees,2,numeric__USM3_pose_rel_max_abs_angular_acceleration_rad_s2,0.001617721798307792
extra_trees,2,numeric__USM2_joint_max_speed_l2,0.0016077078692427092
extra_trees,2,numeric__USM1_pose_rel_workspace_box_volume,0.001591885774540152
extra_trees,2,numeric__USM2_joint_jerk_cost,0.0015917944616113
extra_trees,2,numeric__USM0_joint_max_acceleration_l2,0.001550209983391217
extra_trees,2,numeric__USM3_pose_rel_max_angular_speed_rad_s,0.001529499653790139
extra_trees,2,numeric__USM1_joint_distal_q5_q9_mean_range,0.0015273842085212447
extra_trees,2,numeric__USM2_USM3_pose_rel_std_distance_rel,0.0015199578766392388
extra_trees,2,numeric__USM3_pose_rel_mean_angular_speed_rad_s,0.0015057583836721917
extra_trees,2,numeric__USM1_joint_max_abs_joint_velocity,0.0014943128135605993
extra_trees,2,numeric__USM1_pose_rel_z_range,0.0014880548946188655
extra_trees,2,numeric__USM2_joint_distal_q5_q9_mean_range,0.0014865784265102558
extra_trees,2,numeric__USM1_USM2_pose_rel_path_length_imbalance,0.001455500508163423
extra_trees,2,numeric__USM0_joint_mean_speed_l2,0.0014501266980569423
extra_trees,2,numeric__USM3_pose_rel_mean_abs_angular_acceleration_rad_s2,0.0014420292247945424
extra_trees,2,numeric__USM1_pose_rel_economy_area_yz,0.0014293180274103075
extra_trees,2,numeric__USM2_USM3_pose_rel_speed_correlation,0.0014133176568154283
extra_trees,2,numeric__USM3_pose_rel_max_speed_l2,0.0014092676545860126
extra_trees,2,numeric__USM0_joint_mean_joint_range,0.0013794143680983595
extra_trees,2,numeric__USM1_joint_jerk_cost,0.0013525853837958054
extra_trees,2,numeric__USM0_joint_max_gap_seconds,0.0013456780809832656
extra_trees,2,numeric__USM3_joint_idle_fraction_relative,0.00132652643719855
extra_trees,2,numeric__USM3_joint_raw_path_l2,0.001323660827142868
extra_trees,2,numeric__USM1_joint_base_revolute_q0_q2_mean_abs_velocity,0.0012966751496927193
extra_trees,2,numeric__USM3_pose_rel_economy_area_yz,0.0012837284441538192
extra_trees,2,numeric__USM1_joint_idle_fraction_relative,0.0012834754554311633
extra_trees,2,numeric__USM3_pose_rel_economy_volume,0.0012731941340118037
extra_trees,2,numeric__USM1_joint_insertion_q3_path_l1,0.0012718955559683433
extra_trees,2,numeric__USM1_joint_max_joint_range,0.0012672576687227028
extra_trees,2,task__task_clean_ring_rollercoaster,0.0012672244301748356
extra_trees,2,numeric__USM3_joint_rms_speed_l2,0.0012632049727409865
extra_trees,2,numeric__USM3_pose_rel_raw_path_l2,0.0012560063757078685
extra_trees,2,numeric__USM3_pose_rel_workspace_box_volume,0.0012557371784974248
extra_trees,2,numeric__USM2_joint_max_joint_range,0.0012288146074396812
extra_trees,2,numeric__USM1_joint_tool_roll_q4_path_l1,0.001201207211865733
extra_trees,2,numeric__USM0_joint_max_joint_range,0.001189445306231834
extra_trees,2,numeric__USM3_pose_rel_net_displacement_l2,0.001164778841739343
extra_trees,2,numeric__USM1_USM2_pose_rel_alignment_coverage,0.0011331468782581741
extra_trees,2,task__task_clean_glove_cut,0.0011115217893923257
extra_trees,2,numeric__all_psm_pose_rel_path_total,0.0011095396358571919
extra_trees,2,numeric__USM1_joint_base_revolute_q0_q2_path_l1,0.0010847897135767251
extra_trees,2,numeric__USM0_joint_tool_roll_q4_mean_range,0.0010753669403299015
extra_trees,2,numeric__USM1_pose_rel_rotation_path_radians,0.0010628273562570969
extra_trees,2,numeric__USM3_joint_base_revolute_q0_q2_mean_range,0.0010539707415829732
extra_trees,2,numeric__USM3_joint_max_speed_l2,0.001030573492841595
extra_trees,2,numeric__USM3_joint_base_revolute_q0_q2_mean_abs_velocity,0.0009371491858264114
extra_trees,2,numeric__USM3_joint_movement_economy,0.0009143319270219675
extra_trees,2,numeric__USM1_pose_rel_mean_angular_speed_rad_s,0.0008841349757744329
extra_trees,2,numeric__USM1_pose_rel_raw_path_l2,0.0008820210799680886
extra_trees,2,numeric__USM3_joint_insertion_q3_mean_range,0.000851837716866172
extra_trees,2,numeric__USM1_joint_raw_path_l2,0.0008395492206710794
extra_trees,2,numeric__USM3_pose_rel_movement_economy,0.0008348821710751094
extra_trees,2,numeric__USM1_pose_rel_mean_abs_angular_acceleration_rad_s2,0.0008315329422583584
extra_trees,2,numeric__USM3_pose_rel_jerk_cost,0.0007973844547633131
extra_trees,2,numeric__USM1_joint_mean_acceleration_l2,0.0007845817711013656
extra_trees,2,numeric__USM3_pose_rel_idle_threshold_relative,0.0007467305430297977
extra_trees,2,numeric__USM3_joint_insertion_q3_mean_abs_velocity,0.00073786724378499
extra_trees,2,numeric__USM3_joint_net_displacement_l2,0.000735664580009927
extra_trees,2,numeric__USM3_joint_base_revolute_q0_q2_path_l1,0.0007051306310262818
extra_trees,2,numeric__USM3_joint_max_acceleration_l2,0.0006954228348551379
extra_trees,2,numeric__USM3_pose_rel_rotation_path_radians,0.0006885775490784196
extra_trees,2,numeric__USM3_pose_rel_x_range,0.0006811831400907384
extra_trees,2,numeric__USM1_joint_idle_threshold_relative,0.0006691679602353608
extra_trees,2,numeric__USM1_joint_tool_roll_q4_mean_abs_velocity,0.000655626451057449
extra_trees,2,numeric__USM1_joint_mean_joint_range,0.0004535398026802873
extra_trees,2,numeric__USM1_joint_mean_speed_l2,0.0004485589575699524
extra_trees,2,task__task_clean_camera_target,0.0003231302476342844
extra_trees,2,numeric__USM3_joint_pause_duration_seconds,3.33221006065003e-05
extra_trees,2,numeric__USM3_joint_pause_count,1.4714455541388679e-05
extra_trees,2,numeric__USM0_joint_median_dt_seconds,0.0
extra_trees,2,numeric__USM1_pose_rel_active,0.0
extra_trees,2,numeric__active_pair_usm_b,0.0
extra_trees,3,numeric__USM2_pose_rel_pause_duration_seconds,0.04237975353737115
extra_trees,3,numeric__USM2_pose_rel_mean_angular_speed_rad_s,0.040844718412368405
extra_trees,3,numeric__USM2_joint_pause_duration_seconds,0.03188799977150136
extra_trees,3,numeric__USM1_USM2_pose_rel_mean_abs_relative_speed,0.02751978971168644
extra_trees,3,numeric__USM2_joint_base_revolute_q0_q2_mean_abs_velocity,0.02701491904490254
extra_trees,3,numeric__duration_seconds,0.026295495507797445
extra_trees,3,numeric__USM0_joint_pause_duration_seconds,0.0217982201655712
extra_trees,3,numeric__USM2_pose_rel_mean_speed_l2,0.02057263573610258
extra_trees,3,numeric__USM2_pose_rel_log_dimensionless_jerk,0.0194858959706493
extra_trees,3,numeric__USM1_pose_rel_log_dimensionless_jerk,0.01880124403206307
extra_trees,3,numeric__USM2_joint_tool_roll_q4_mean_abs_velocity,0.01832889719021737
extra_trees,3,numeric__USM2_pose_rel_mean_abs_angular_acceleration_rad_s2,0.016568397046216415
extra_trees,3,numeric__USM1_pose_rel_pause_duration_seconds,0.016226462861880918
extra_trees,3,numeric__USM2_joint_insertion_q3_mean_abs_velocity,0.01423233345838135
extra_trees,3,numeric__USM0_joint_base_revolute_q0_q2_mean_abs_velocity,0.013652415595860022
extra_trees,3,numeric__USM2_pose_rel_idle_threshold_relative,0.013361882358458924
extra_trees,3,task__task_clean_suture,0.011654155143201223
extra_trees,3,numeric__USM2_pose_rel_mean_acceleration_l2,0.011513271003924828
extra_trees,3,numeric__USM3_pose_rel_log_dimensionless_jerk,0.011316513713854491
extra_trees,3,numeric__USM1_pose_rel_dimensionless_jerk,0.010689497356219633
extra_trees,3,numeric__USM1_pose_rel_idle_threshold_relative,0.00998832896797087
extra_trees,3,numeric__USM1_USM2_pose_rel_both_idle_fraction,0.009650567782869731
extra_trees,3,numeric__USM1_USM2_pose_rel_one_arm_only_active_fraction,0.009004484202955108
extra_trees,3,numeric__USM1_pose_rel_max_speed_l2,0.008874044013193496
extra_trees,3,numeric__USM0_joint_pause_count,0.00834223004571536
extra_trees,3,numeric__USM2_joint_pause_count,0.008147030176766816
extra_trees,3,numeric__USM2_joint_idle_fraction_relative,0.008040661297667047
extra_trees,3,numeric__USM1_pose_rel_rms_speed_l2,0.007956681415491499
extra_trees,3,numeric__USM1_joint_pause_duration_seconds,0.007944907391318515
extra_trees,3,numeric__USM0_joint_idle_fraction_relative,0.007792107929591189
extra_trees,3,numeric__active_pair_mean_distance_rel,0.007330707370072268
extra_trees,3,numeric__USM2_joint_pause_fraction,0.007136501303932616
extra_trees,3,numeric__USM2_pose_rel_rms_speed_l2,0.007133933518320037
extra_trees,3,numeric__USM0_joint_insertion_q3_mean_range,0.007133379565674825
extra_trees,3,numeric__USM1_USM3_pose_rel_distance_range_rel,0.006594849941493307
extra_trees,3,numeric__USM1_USM3_pose_rel_path_length_imbalance,0.006424094162973127
extra_trees,3,numeric__all_usm_joint_path_l1_total,0.00609548700149453
extra_trees,3,numeric__USM0_joint_raw_path_l2,0.006051114415367924
extra_trees,3,numeric__USM3_pose_rel_dimensionless_jerk,0.006002628122088359
extra_trees,3,numeric__USM0_joint_insertion_q3_path_l1,0.005875317622264643
extra_trees,3,numeric__USM2_pose_rel_dimensionless_jerk,0.005801486244911964
extra_trees,3,numeric__USM3_pose_rel_pause_count,0.005572963389534483
extra_trees,3,numeric__USM0_joint_tool_roll_q4_mean_abs_velocity,0.005429652772494133
extra_trees,3,numeric__USM2_pose_rel_pause_count,0.005308905851000709
extra_trees,3,numeric__USM0_joint_insertion_q3_mean_abs_velocity,0.005253871265852174
extra_trees,3,numeric__USM0_joint_base_revolute_q0_q2_path_l1,0.005057964209154126
extra_trees,3,numeric__USM3_pose_rel_z_range,0.005010743248434221
extra_trees,3,numeric__USM0_joint_jerk_cost,0.004947049134227936
extra_trees,3,numeric__USM1_USM2_pose_rel_max_distance_rel,0.004916237249541858
extra_trees,3,numeric__USM2_pose_rel_idle_fraction_relative,0.004789187386831701
extra_trees,3,numeric__USM1_USM3_pose_rel_std_distance_rel,0.004747685509990334
extra_trees,3,numeric__USM2_pose_rel_pause_fraction,0.004701975643627468
extra_trees,3,numeric__USM1_USM2_pose_rel_mean_distance_rel,0.004678729261548291
extra_trees,3,numeric__USM3_pose_rel_mean_speed_l2,0.004665268537119504
extra_trees,3,numeric__USM2_joint_base_revolute_q0_q2_path_l1,0.0044190749655894064
extra_trees,3,numeric__USM2_USM3_pose_rel_mean_distance_rel,0.00440044306668459
extra_trees,3,numeric__USM1_USM3_pose_rel_max_distance_rel,0.004299748933717948
extra_trees,3,numeric__USM3_pose_rel_pause_duration_seconds,0.003999339203596926
extra_trees,3,numeric__active_pair_path_length_a_rel,0.003988783735853883
extra_trees,3,numeric__USM3_pose_rel_pause_fraction,0.003981410861269951
extra_trees,3,numeric__USM1_pose_rel_max_acceleration_l2,0.003965178938040291
extra_trees,3,numeric__USM1_USM2_pose_rel_std_distance_rel,0.003885604149800834
extra_trees,3,numeric__USM3_pose_rel_idle_fraction_relative,0.0038385218780210336
extra_trees,3,numeric__USM2_pose_rel_net_displacement_l2,0.0038238997421624287
extra_trees,3,numeric__active_pair_usm_a,0.003780708855034885
extra_trees,3,numeric__USM2_pose_rel_z_range,0.0035833442475383375
extra_trees,3,numeric__USM1_joint_net_displacement_l2,0.0035659387604679814
extra_trees,3,numeric__USM2_joint_insertion_q3_mean_range,0.003519619670240119
extra_trees,3,numeric__USM1_pose_rel_y_range,0.0035070411891096193
extra_trees,3,numeric__USM2_USM3_pose_rel_one_arm_only_active_fraction,0.0033715396800883595
extra_trees,3,numeric__USM2_joint_mean_abs_joint_velocity,0.0033430777613835463
extra_trees,3,numeric__USM1_USM3_pose_rel_min_distance_rel,0.003328641699944276
extra_trees,3,numeric__USM1_USM3_pose_rel_one_arm_only_active_fraction,0.0033123712473172606
extra_trees,3,numeric__USM0_joint_tool_roll_q4_path_l1,0.0032505089093113303
extra_trees,3,numeric__USM2_pose_rel_workspace_box_volume,0.0031865360939332733
extra_trees,3,numeric__USM0_joint_net_displacement_l2,0.0031486348672080944
extra_trees,3,numeric__USM2_pose_rel_x_range,0.003121578679131882
extra_trees,3,numeric__USM1_pose_rel_mean_speed_l2,0.0030977127198188095
extra_trees,3,numeric__USM2_pose_rel_max_speed_l2,0.003090175935938552
extra_trees,3,numeric__USM1_USM3_pose_rel_speed_correlation,0.003050284806270658
extra_trees,3,numeric__USM1_pose_rel_mean_acceleration_l2,0.00304772461479904
extra_trees,3,numeric__USM3_pose_rel_mean_abs_angular_acceleration_rad_s2,0.0029950333153607542
extra_trees,3,numeric__USM2_pose_rel_raw_path_l2,0.0029439718467287254
extra_trees,3,numeric__USM1_USM2_pose_rel_min_distance_rel,0.0029338827692112534
extra_trees,3,numeric__USM2_USM3_pose_rel_path_length_imbalance,0.0029220583109581108
extra_trees,3,numeric__USM2_joint_insertion_q3_path_l1,0.0028824043688883833
extra_trees,3,numeric__USM1_pose_rel_jerk_cost,0.002830797838988158
extra_trees,3,numeric__active_pair_path_length_imbalance,0.0028202920745513324
extra_trees,3,numeric__USM1_joint_insertion_q3_mean_range,0.002789302018674636
extra_trees,3,numeric__USM1_pose_rel_economy_area_xy,0.0027886090941087226
extra_trees,3,numeric__USM2_USM3_pose_rel_std_distance_rel,0.002720020895133281
extra_trees,3,numeric__USM1_pose_rel_economy_volume,0.00265342315695522
extra_trees,3,numeric__USM1_joint_base_revolute_q0_q2_mean_range,0.0026089094046656226
extra_trees,3,numeric__USM2_joint_raw_path_l2,0.002587428663055203
extra_trees,3,numeric__USM2_pose_rel_jerk_cost,0.0025678653029002044
extra_trees,3,numeric__USM0_joint_movement_economy,0.0025546026895958895
extra_trees,3,numeric__USM0_joint_mean_acceleration_l2,0.0025543892964656895
extra_trees,3,numeric__USM2_USM3_pose_rel_both_idle_fraction,0.00249793744253095
extra_trees,3,numeric__USM1_USM2_pose_rel_distance_range_rel,0.0024416633187737294
extra_trees,3,numeric__USM1_joint_pause_count,0.0024257310339093857
extra_trees,3,numeric__USM2_joint_mean_speed_l2,0.0024151179227584123
extra_trees,3,numeric__USM0_joint_base_revolute_q0_q2_mean_range,0.0023969390236217554
extra_trees,3,numeric__USM1_USM3_pose_rel_mean_distance_rel,0.0023953735342938966
extra_trees,3,numeric__USM1_USM3_pose_rel_simultaneous_active_fraction,0.002367466581343381
extra_trees,3,numeric__USM2_USM3_pose_rel_simultaneous_active_fraction,0.0023434933144088435
extra_trees,3,numeric__active_pair_speed_correlation,0.0023346094816984494
extra_trees,3,numeric__USM1_USM2_pose_rel_path_length_imbalance,0.002322766614504081
extra_trees,3,numeric__USM2_joint_max_jerk_l2,0.0023164956011701653
extra_trees,3,numeric__USM1_joint_insertion_q3_mean_abs_velocity,0.0023066660878177142
extra_trees,3,numeric__USM1_pose_rel_workspace_box_volume,0.002261189873211329
extra_trees,3,numeric__USM2_pose_rel_max_jerk_l2,0.002251683340826422
extra_trees,3,numeric__USM3_pose_rel_economy_area_xy,0.002227713204356314
extra_trees,3,numeric__active_pair_both_idle_fraction,0.0022269375223005127
extra_trees,3,numeric__USM1_joint_idle_fraction_relative,0.0022164383787792274
extra_trees,3,numeric__USM3_pose_rel_economy_area_xz,0.002214909748058733
extra_trees,3,numeric__USM2_USM3_pose_rel_speed_correlation,0.002209484936913969
extra_trees,3,numeric__USM3_joint_tool_roll_q4_mean_abs_velocity,0.002183153558358549
extra_trees,3,numeric__USM3_joint_distal_q5_q9_mean_range,0.0021687265811720035
extra_trees,3,numeric__USM1_USM3_pose_rel_both_idle_fraction,0.002167835417390475
extra_trees,3,numeric__active_pair_simultaneous_active_fraction,0.002166818002876007
extra_trees,3,numeric__USM0_joint_mean_speed_l2,0.002166490998267434
extra_trees,3,numeric__USM2_pose_rel_max_abs_angular_acceleration_rad_s2,0.0021629226121964414
extra_trees,3,numeric__USM1_joint_base_revolute_q0_q2_mean_abs_velocity,0.002158941034610054
extra_trees,3,numeric__USM2_pose_rel_y_range,0.0021585514253636973
extra_trees,3,numeric__active_pair_one_arm_only_active_fraction,0.002102354410152942
extra_trees,3,numeric__USM3_joint_insertion_q3_mean_abs_velocity,0.002098395102012729
extra_trees,3,numeric__USM1_pose_rel_max_abs_angular_acceleration_rad_s2,0.0020866138407061503
extra_trees,3,numeric__USM1_pose_rel_economy_area_xz,0.0020863888849761694
extra_trees,3,numeric__USM1_joint_movement_economy,0.0020798035808796867
extra_trees,3,numeric__USM3_pose_rel_workspace_box_volume,0.0020661688652231147
extra_trees,3,numeric__USM2_joint_idle_threshold_relative,0.0020638403343282525
extra_trees,3,numeric__USM1_pose_rel_pause_count,0.0020633889265331555
extra_trees,3,numeric__USM0_joint_idle_threshold_relative,0.002053637359969866
extra_trees,3,numeric__USM1_joint_pause_fraction,0.0020435826356690386
extra_trees,3,numeric__USM2_joint_tool_roll_q4_path_l1,0.00203834767334351
extra_trees,3,numeric__USM0_joint_max_speed_l2,0.002034875235507206
extra_trees,3,numeric__USM2_joint_movement_economy,0.0020248439999246753
extra_trees,3,numeric__USM2_USM3_pose_rel_distance_range_rel,0.002004644349396671
extra_trees,3,numeric__USM3_pose_rel_rms_speed_l2,0.0019994025769450516
extra_trees,3,numeric__USM1_joint_max_jerk_l2,0.0019953723373254202
extra_trees,3,numeric__USM1_joint_base_revolute_q0_q2_path_l1,0.00197000354743147
extra_trees,3,numeric__USM2_pose_rel_economy_area_xz,0.0019691141310113416
extra_trees,3,numeric__USM0_joint_rms_speed_l2,0.0019629859852243114
extra_trees,3,numeric__USM1_USM2_pose_rel_speed_correlation,0.001955861727152363
extra_trees,3,numeric__USM0_joint_distal_q5_q9_mean_range,0.0019236036870955422
extra_trees,3,numeric__USM1_pose_rel_idle_fraction_relative,0.0019224503205656006
extra_trees,3,numeric__USM1_pose_rel_max_angular_speed_rad_s,0.00189001442272389
extra_trees,3,numeric__USM0_joint_max_acceleration_l2,0.001882717338488388
extra_trees,3,numeric__USM1_pose_rel_z_range,0.0018636841498455826
extra_trees,3,numeric__USM1_USM2_pose_rel_simultaneous_active_fraction,0.001863462160381072
extra_trees,3,numeric__USM3_pose_rel_idle_threshold_relative,0.001856890763582708
extra_trees,3,numeric__USM2_pose_rel_economy_area_yz,0.001835040023653224
extra_trees,3,numeric__USM2_joint_jerk_cost,0.0017732943726015355
extra_trees,3,numeric__USM2_joint_max_abs_joint_velocity,0.0017718984301224967
extra_trees,3,numeric__USM0_joint_max_jerk_l2,0.001748967377471171
extra_trees,3,numeric__USM1_pose_rel_rotation_path_radians,0.0016993091799035282
extra_trees,3,numeric__USM2_joint_rms_speed_l2,0.0016947077395853406
extra_trees,3,numeric__all_psm_pose_rel_path_total,0.0016890358949854982
extra_trees,3,numeric__USM3_joint_raw_path_l2,0.0016642034977646571
extra_trees,3,numeric__USM3_joint_mean_speed_l2,0.0016605523183363814
extra_trees,3,task__task_clean_ring_rollercoaster,0.0016324154834961662
extra_trees,3,numeric__USM1_pose_rel_x_range,0.0016288179715417408
extra_trees,3,numeric__USM1_pose_rel_net_displacement_l2,0.0016172758383712527
extra_trees,3,numeric__USM3_pose_rel_max_angular_speed_rad_s,0.0016123006909369902
extra_trees,3,numeric__USM2_pose_rel_rotation_path_radians,0.0016115856529017756
extra_trees,3,numeric__USM0_joint_mean_joint_range,0.0016092234662830286
extra_trees,3,numeric__USM2_pose_rel_max_acceleration_l2,0.001605054123227332
extra_trees,3,numeric__USM3_pose_rel_economy_volume,0.0015922598702844837
extra_trees,3,numeric__USM0_joint_max_gap_seconds,0.0015842046151628346
extra_trees,3,numeric__USM2_pose_rel_economy_volume,0.0015801906963951618
extra_trees,3,numeric__USM3_pose_rel_net_displacement_l2,0.0015759724601756247
extra_trees,3,numeric__USM2_joint_mean_joint_range,0.0015739508032380002
extra_trees,3,numeric__USM2_joint_mean_acceleration_l2,0.0015735188604554945
extra_trees,3,numeric__USM2_joint_max_joint_range,0.001549510406744921
extra_trees,3,numeric__USM3_joint_insertion_q3_mean_range,0.0015320443532854358
extra_trees,3,numeric__USM2_joint_net_displacement_l2,0.0015192782414612364
extra_trees,3,numeric__USM3_pose_rel_economy_area_yz,0.0014923938626734857
extra_trees,3,numeric__USM3_joint_tool_roll_q4_path_l1,0.0014911464066407396
extra_trees,3,numeric__USM3_joint_mean_joint_range,0.001489218898278185
extra_trees,3,numeric__USM1_joint_distal_q5_q9_mean_range,0.0014830285825661975
extra_trees,3,numeric__USM3_joint_insertion_q3_path_l1,0.0014717277825233154
extra_trees,3,numeric__USM2_joint_distal_q5_q9_mean_range,0.001442012941325811
extra_trees,3,numeric__USM2_pose_rel_max_angular_speed_rad_s,0.0014382548177950232
extra_trees,3,numeric__USM3_pose_rel_movement_economy,0.0014373649261435102
extra_trees,3,numeric__USM3_pose_rel_max_abs_angular_acceleration_rad_s2,0.0014205379039490375
extra_trees,3,numeric__USM1_pose_rel_movement_economy,0.0014201541735760687
extra_trees,3,numeric__USM0_joint_tool_roll_q4_mean_range,0.001413253768871073
extra_trees,3,numeric__USM2_joint_max_acceleration_l2,0.0014019871393143098
extra_trees,3,numeric__USM1_joint_tool_roll_q4_path_l1,0.0013731043607161648
extra_trees,3,numeric__USM2_joint_base_revolute_q0_q2_mean_range,0.0013726355974927054
extra_trees,3,numeric__USM1_joint_insertion_q3_path_l1,0.0013677917442449436
extra_trees,3,numeric__USM3_joint_base_revolute_q0_q2_mean_abs_velocity,0.0013543734333964972
extra_trees,3,numeric__USM1_USM2_pose_rel_alignment_coverage,0.0013464176717400136
extra_trees,3,numeric__USM2_pose_rel_economy_area_xy,0.0013434280437270524
extra_trees,3,numeric__USM1_joint_max_acceleration_l2,0.001334634174244499
extra_trees,3,numeric__USM1_pose_rel_pause_fraction,0.001323322009603068
extra_trees,3,numeric__USM2_joint_max_speed_l2,0.0013119549600925013
extra_trees,3,numeric__USM0_joint_max_joint_range,0.0013052161545393194
extra_trees,3,numeric__USM1_pose_rel_mean_angular_speed_rad_s,0.00128075502989932
extra_trees,3,numeric__USM1_joint_max_joint_range,0.001255313284888231
extra_trees,3,task__task_clean_sea_spikes,0.0012529010280213702
extra_trees,3,numeric__USM3_pose_rel_y_range,0.0012505174659337398
extra_trees,3,numeric__USM1_pose_rel_economy_area_yz,0.0012403089333065476
extra_trees,3,numeric__USM1_joint_max_abs_joint_velocity,0.0012267845059521108
extra_trees,3,numeric__USM1_joint_max_speed_l2,0.001201046066269203
extra_trees,3,numeric__USM2_pose_rel_movement_economy,0.001160149179892523
extra_trees,3,numeric__USM3_pose_rel_max_acceleration_l2,0.0011482172404598905
extra_trees,3,numeric__USM3_pose_rel_raw_path_l2,0.0011259956206346752
extra_trees,3,numeric__USM3_joint_base_revolute_q0_q2_mean_range,0.0010938704842141792
extra_trees,3,numeric__USM3_joint_movement_economy,0.0010891308338304255
extra_trees,3,numeric__USM3_pose_rel_max_speed_l2,0.0010764983329441555
extra_trees,3,numeric__USM3_joint_max_joint_range,0.0010616374464476287
extra_trees,3,numeric__USM1_pose_rel_mean_abs_angular_acceleration_rad_s2,0.0010438706277488099
extra_trees,3,numeric__USM3_joint_rms_speed_l2,0.001043232200103892
extra_trees,3,numeric__USM3_pose_rel_mean_angular_speed_rad_s,0.0010303948607621083
extra_trees,3,task__task_clean_glove_cut,0.0010193276246494225
extra_trees,3,numeric__USM3_joint_base_revolute_q0_q2_path_l1,0.0010041681054320838
extra_trees,3,numeric__USM3_pose_rel_x_range,0.0009879569646273811
extra_trees,3,numeric__USM1_pose_rel_raw_path_l2,0.0009664589503203613
extra_trees,3,numeric__USM1_joint_mean_acceleration_l2,0.0009542850757098062
extra_trees,3,numeric__USM3_pose_rel_jerk_cost,0.0009419183705393961
extra_trees,3,numeric__USM3_joint_idle_fraction_relative,0.0008834323301130994
extra_trees,3,numeric__USM3_joint_net_displacement_l2,0.0008693275870360612
extra_trees,3,numeric__USM3_joint_max_speed_l2,0.0008633511584066712
extra_trees,3,numeric__USM3_pose_rel_rotation_path_radians,0.0008385792098921177
extra_trees,3,numeric__USM1_joint_mean_joint_range,0.0008376950424212404
extra_trees,3,numeric__USM1_joint_jerk_cost,0.0008241641137391205
extra_trees,3,numeric__USM1_joint_raw_path_l2,0.0007856418462782423
extra_trees,3,task__task_clean_camera_target,0.0007432444741914254
extra_trees,3,numeric__USM1_joint_tool_roll_q4_mean_abs_velocity,0.0007153616054344662
extra_trees,3,numeric__USM1_joint_mean_speed_l2,0.0006909709297254858
extra_trees,3,numeric__active_pair_usm_b,0.0006511907737892862
extra_trees,3,numeric__USM3_joint_max_acceleration_l2,0.0006225468402101309
extra_trees,3,numeric__USM3_joint_pause_duration_seconds,0.0003031316562533259
extra_trees,3,numeric__USM3_joint_pause_count,0.00010752178836167088
extra_trees,3,numeric__USM1_pose_rel_active,2.6315923580575802e-05
extra_trees,3,numeric__USM0_joint_median_dt_seconds,0.0
extra_trees,4,numeric__USM2_pose_rel_pause_duration_seconds,0.03996682963999418
extra_trees,4,numeric__USM2_joint_pause_duration_seconds,0.03593545789677522
extra_trees,4,numeric__USM1_USM2_pose_rel_mean_abs_relative_speed,0.031487445895589175
extra_trees,4,numeric__USM2_pose_rel_mean_angular_speed_rad_s,0.029774012773968603
extra_trees,4,numeric__duration_seconds,0.02950216615467025
extra_trees,4,numeric__USM1_pose_rel_pause_duration_seconds,0.028017191798688747
extra_trees,4,numeric__USM2_pose_rel_log_dimensionless_jerk,0.02513962274335489
extra_trees,4,numeric__USM2_pose_rel_mean_speed_l2,0.023774918852672886
extra_trees,4,numeric__USM0_joint_pause_duration_seconds,0.02096796458514344
extra_trees,4,numeric__USM1_pose_rel_log_dimensionless_jerk,0.020157101397122786
extra_trees,4,numeric__USM2_joint_base_revolute_q0_q2_mean_abs_velocity,0.019009067823958746
extra_trees,4,numeric__USM3_pose_rel_log_dimensionless_jerk,0.017939990824144193
extra_trees,4,numeric__USM0_joint_base_revolute_q0_q2_mean_abs_velocity,0.01744149518186818
extra_trees,4,numeric__USM1_joint_pause_duration_seconds,0.015057669341214146
extra_trees,4,numeric__USM2_pose_rel_mean_abs_angular_acceleration_rad_s2,0.014281339770470308
extra_trees,4,numeric__USM1_USM2_pose_rel_both_idle_fraction,0.013244153907575523
extra_trees,4,numeric__USM2_pose_rel_idle_threshold_relative,0.011960640621335773
extra_trees,4,numeric__USM2_pose_rel_mean_acceleration_l2,0.011718575389942735
extra_trees,4,task__task_clean_suture,0.01135636198484078
extra_trees,4,numeric__USM2_pose_rel_dimensionless_jerk,0.0089277897480439
extra_trees,4,numeric__USM2_joint_insertion_q3_mean_abs_velocity,0.008897850908547248
extra_trees,4,numeric__USM2_joint_idle_fraction_relative,0.008536506562299387
extra_trees,4,numeric__active_pair_min_distance_rel,0.008474048732636045
extra_trees,4,numeric__USM2_pose_rel_rms_speed_l2,0.008372768558549275
extra_trees,4,numeric__USM1_USM2_pose_rel_one_arm_only_active_fraction,0.008283306786600966
extra_trees,4,numeric__active_pair_mean_distance_rel,0.008275334386236375
extra_trees,4,numeric__USM1_pose_rel_rms_speed_l2,0.00825087236648133
extra_trees,4,numeric__USM0_joint_pause_count,0.008100174627311192
extra_trees,4,numeric__USM0_joint_base_revolute_q0_q2_path_l1,0.007885226732217959
extra_trees,4,numeric__USM2_joint_tool_roll_q4_mean_abs_velocity,0.007862850166830618
extra_trees,4,numeric__USM1_USM3_pose_rel_path_length_imbalance,0.007808263324370516
extra_trees,4,numeric__USM2_USM3_pose_rel_mean_distance_rel,0.007480116599077768
extra_trees,4,numeric__USM1_USM3_pose_rel_max_distance_rel,0.007416483345440062
extra_trees,4,numeric__USM3_pose_rel_z_range,0.007182075330312983
extra_trees,4,numeric__USM2_USM3_pose_rel_min_distance_rel,0.007041535336220352
extra_trees,4,numeric__USM2_joint_pause_count,0.0069871083772668876
extra_trees,4,numeric__USM1_pose_rel_dimensionless_jerk,0.006930843044037728
extra_trees,4,numeric__USM2_joint_pause_fraction,0.006829758492051423
extra_trees,4,numeric__USM0_joint_idle_fraction_relative,0.006687362066074832
extra_trees,4,numeric__USM1_pose_rel_max_speed_l2,0.006635766284437594
extra_trees,4,numeric__USM0_joint_insertion_q3_mean_range,0.005975895610148496
extra_trees,4,numeric__USM3_pose_rel_dimensionless_jerk,0.005945642355080975
extra_trees,4,numeric__USM2_USM3_pose_rel_path_length_imbalance,0.005888864783577763
extra_trees,4,numeric__USM1_USM3_pose_rel_distance_range_rel,0.005770845933931764
extra_trees,4,numeric__USM0_joint_raw_path_l2,0.0055120427665757985
extra_trees,4,numeric__USM1_pose_rel_idle_threshold_relative,0.005440190888560091
extra_trees,4,numeric__active_pair_path_length_imbalance,0.005371633103069205
extra_trees,4,numeric__all_usm_joint_path_l1_total,0.005349607680193336
extra_trees,4,numeric__USM2_pose_rel_raw_path_l2,0.005114908991527094
extra_trees,4,numeric__USM2_joint_insertion_q3_mean_range,0.005082550010072219
extra_trees,4,numeric__USM0_joint_insertion_q3_mean_abs_velocity,0.005054069887352483
extra_trees,4,numeric__USM3_pose_rel_mean_speed_l2,0.004902397986411916
extra_trees,4,numeric__USM2_pose_rel_idle_fraction_relative,0.00467966816425984
extra_trees,4,numeric__USM0_joint_insertion_q3_path_l1,0.004452845365126498
extra_trees,4,numeric__USM2_joint_base_revolute_q0_q2_path_l1,0.0044314069336032725
extra_trees,4,numeric__USM1_pose_rel_max_acceleration_l2,0.0044005889576771715
extra_trees,4,numeric__USM3_pose_rel_pause_count,0.004348032135283183
extra_trees,4,numeric__USM2_pose_rel_pause_count,0.00425932535646076
extra_trees,4,numeric__USM0_joint_tool_roll_q4_mean_abs_velocity,0.004249166888185262
extra_trees,4,numeric__USM1_pose_rel_max_abs_angular_acceleration_rad_s2,0.004211547437278381
extra_trees,4,numeric__USM2_pose_rel_pause_fraction,0.004106188183264797
extra_trees,4,numeric__USM1_USM3_pose_rel_min_distance_rel,0.003918575628968501
extra_trees,4,numeric__USM0_joint_jerk_cost,0.003899512676505877
extra_trees,4,numeric__USM1_USM3_pose_rel_one_arm_only_active_fraction,0.0038988672557452404
extra_trees,4,numeric__USM2_pose_rel_workspace_box_volume,0.003792674842474106
extra_trees,4,numeric__USM3_pose_rel_pause_fraction,0.0037122650322037897
extra_trees,4,numeric__USM1_pose_rel_max_angular_speed_rad_s,0.0036364930484748424
extra_trees,4,numeric__USM3_pose_rel_rms_speed_l2,0.003582636804115498
extra_trees,4,numeric__active_pair_one_arm_only_active_fraction,0.003405570309097226
extra_trees,4,numeric__USM3_pose_rel_idle_fraction_relative,0.003363331954949553
extra_trees,4,numeric__USM1_USM2_pose_rel_mean_distance_rel,0.0033552928854121964
extra_trees,4,numeric__active_pair_path_length_a_rel,0.003353139458996551
extra_trees,4,numeric__USM1_USM3_pose_rel_both_idle_fraction,0.0031468852648309682
extra_trees,4,numeric__USM1_pose_rel_mean_acceleration_l2,0.003145675297599073
extra_trees,4,numeric__USM3_pose_rel_pause_duration_seconds,0.0031316641670760016
extra_trees,4,numeric__all_psm_pose_rel_path_total,0.0031276728677026096
extra_trees,4,numeric__USM2_USM3_pose_rel_both_idle_fraction,0.003111899581833008
extra_trees,4,numeric__USM3_joint_tool_roll_q4_mean_abs_velocity,0.003051361042731762
extra_trees,4,numeric__USM0_joint_rms_speed_l2,0.0030117555717174573
extra_trees,4,numeric__USM2_USM3_pose_rel_simultaneous_active_fraction,0.0030107458636811474
extra_trees,4,numeric__USM1_joint_movement_economy,0.0030102651371651827
extra_trees,4,numeric__USM1_pose_rel_max_jerk_l2,0.0029950290451586066
extra_trees,4,numeric__USM2_joint_mean_acceleration_l2,0.0029882238193344826
extra_trees,4,numeric__USM2_joint_mean_abs_joint_velocity,0.00296300888310154
extra_trees,4,numeric__USM1_USM3_pose_rel_speed_correlation,0.002938279114876099
extra_trees,4,numeric__USM1_pose_rel_y_range,0.0028485717179233534
extra_trees,4,numeric__USM1_USM3_pose_rel_std_distance_rel,0.0027876101699445314
extra_trees,4,numeric__USM0_joint_mean_acceleration_l2,0.0027309879272512704
extra_trees,4,task__task_clean_sea_spikes,0.002662286990996118
extra_trees,4,numeric__active_pair_simultaneous_active_fraction,0.0026556833154266282
extra_trees,4,numeric__USM1_pose_rel_pause_count,0.0026536168812737954
extra_trees,4,numeric__USM1_joint_net_displacement_l2,0.002651127797914693
extra_trees,4,numeric__USM2_pose_rel_x_range,0.0026304259455389553
extra_trees,4,numeric__USM1_USM3_pose_rel_mean_distance_rel,0.0026154499958381634
extra_trees,4,numeric__USM2_joint_mean_speed_l2,0.00255516818949855
extra_trees,4,numeric__active_pair_speed_correlation,0.0025410843238655
extra_trees,4,numeric__USM0_joint_base_revolute_q0_q2_mean_range,0.002523859894173241
extra_trees,4,numeric__USM1_USM2_pose_rel_max_distance_rel,0.0025121827059750527
extra_trees,4,numeric__USM2_pose_rel_rotation_path_radians,0.002483965665117329
extra_trees,4,numeric__USM1_USM2_pose_rel_std_distance_rel,0.002441736248984891
extra_trees,4,numeric__USM2_pose_rel_y_range,0.0024263484430120776
extra_trees,4,numeric__USM2_joint_raw_path_l2,0.002369136433394539
extra_trees,4,numeric__USM1_pose_rel_movement_economy,0.0023639770447394133
extra_trees,4,numeric__USM3_pose_rel_max_speed_l2,0.0023496332925172746
extra_trees,4,numeric__USM3_pose_rel_economy_area_xz,0.0022739917749063213
extra_trees,4,numeric__USM2_pose_rel_max_jerk_l2,0.002266706653695502
extra_trees,4,numeric__USM2_joint_idle_threshold_relative,0.002263508497554552
extra_trees,4,numeric__USM3_joint_distal_q5_q9_mean_range,0.0022561841631971447
extra_trees,4,numeric__USM2_joint_max_speed_l2,0.0022545340846211953
extra_trees,4,numeric__USM3_joint_raw_path_l2,0.0022473432935245213
extra_trees,4,numeric__USM3_pose_rel_idle_threshold_relative,0.002233230265950901
extra_trees,4,numeric__USM1_pose_rel_pause_fraction,0.0022290630285122515
extra_trees,4,numeric__USM2_pose_rel_economy_area_xz,0.002223850822072069
extra_trees,4,numeric__USM1_pose_rel_jerk_cost,0.0022073324660389585
extra_trees,4,numeric__USM3_pose_rel_economy_area_xy,0.002204446225050499
extra_trees,4,numeric__USM0_joint_movement_economy,0.0021996950266342874
extra_trees,4,numeric__USM1_joint_max_jerk_l2,0.002168811158435201
extra_trees,4,numeric__USM2_pose_rel_z_range,0.002154884213804249
extra_trees,4,numeric__USM1_joint_max_speed_l2,0.0021247611449508744
extra_trees,4,numeric__USM2_joint_tool_roll_q4_path_l1,0.0021075020285013556
extra_trees,4,numeric__USM1_USM2_pose_rel_speed_correlation,0.0020892681616760033
extra_trees,4,numeric__USM2_joint_insertion_q3_path_l1,0.002070915268044114
extra_trees,4,numeric__USM3_pose_rel_mean_abs_angular_acceleration_rad_s2,0.0020406927313359837
extra_trees,4,numeric__USM1_joint_base_revolute_q0_q2_mean_abs_velocity,0.00198403526784278
extra_trees,4,numeric__active_pair_both_idle_fraction,0.0019771879691149264
extra_trees,4,numeric__USM1_joint_insertion_q3_mean_range,0.0019768926962859135
extra_trees,4,numeric__USM1_USM3_pose_rel_simultaneous_active_fraction,0.001973008462893904
extra_trees,4,numeric__USM3_pose_rel_raw_path_l2,0.001968214135291368
extra_trees,4,numeric__USM3_pose_rel_max_acceleration_l2,0.001960860874198058
extra_trees,4,numeric__USM1_pose_rel_z_range,0.001954377213607735
extra_trees,4,numeric__USM1_pose_rel_idle_fraction_relative,0.0019430249378056734
extra_trees,4,numeric__USM0_joint_idle_threshold_relative,0.0019391619365244231
extra_trees,4,numeric__USM0_joint_tool_roll_q4_path_l1,0.0019171701112654857
extra_trees,4,numeric__USM1_pose_rel_mean_speed_l2,0.0018987827977600521
extra_trees,4,numeric__USM0_joint_net_displacement_l2,0.0018904172760770487
extra_trees,4,numeric__USM0_joint_max_acceleration_l2,0.0018726188475454266
extra_trees,4,numeric__USM2_joint_jerk_cost,0.0018697670411473215
extra_trees,4,numeric__USM2_joint_base_revolute_q0_q2_mean_range,0.0018678696105821366
extra_trees,4,numeric__USM2_pose_rel_max_speed_l2,0.0018621018082161317
extra_trees,4,numeric__USM1_pose_rel_economy_area_xz,0.0018569317648593929
extra_trees,4,numeric__USM2_USM3_pose_rel_speed_correlation,0.001846804115878191
extra_trees,4,numeric__USM1_pose_rel_economy_volume,0.0018283323257952105
extra_trees,4,numeric__USM1_joint_max_abs_joint_velocity,0.0018140924251705028
extra_trees,4,numeric__USM0_joint_distal_q5_q9_mean_range,0.0017969722061894468
extra_trees,4,numeric__USM1_joint_pause_fraction,0.0017602746134801816
extra_trees,4,numeric__USM1_USM2_pose_rel_min_distance_rel,0.0017547187562985513
extra_trees,4,numeric__USM2_USM3_pose_rel_one_arm_only_active_fraction,0.0017431177624986892
extra_trees,4,numeric__USM1_joint_base_revolute_q0_q2_mean_range,0.0017300061990853433
extra_trees,4,numeric__USM2_joint_max_joint_range,0.0017264155689908074
extra_trees,4,numeric__USM3_joint_tool_roll_q4_path_l1,0.001701469727400516
extra_trees,4,numeric__USM0_joint_mean_speed_l2,0.0016851221870202082
extra_trees,4,numeric__USM2_pose_rel_max_abs_angular_acceleration_rad_s2,0.0016727393186589917
extra_trees,4,numeric__USM1_joint_insertion_q3_mean_abs_velocity,0.0016614610274044252
extra_trees,4,numeric__USM3_pose_rel_y_range,0.0016238894825743445
extra_trees,4,numeric__USM1_USM2_pose_rel_path_length_imbalance,0.0016115099238682776
extra_trees,4,numeric__USM2_pose_rel_economy_area_xy,0.0016035491991298087
extra_trees,4,numeric__USM1_USM2_pose_rel_simultaneous_active_fraction,0.001597924906761209
extra_trees,4,numeric__USM2_pose_rel_max_acceleration_l2,0.0015934789324762973
extra_trees,4,numeric__USM1_pose_rel_x_range,0.0015741031726039874
extra_trees,4,numeric__USM3_pose_rel_workspace_box_volume,0.0015613309270868605
extra_trees,4,numeric__USM2_joint_max_acceleration_l2,0.0015475970388243317
extra_trees,4,numeric__USM2_joint_movement_economy,0.0015436990060172541
extra_trees,4,numeric__USM1_joint_max_acceleration_l2,0.0015240116013186685
extra_trees,4,numeric__USM1_joint_pause_count,0.0015118678435877715
extra_trees,4,numeric__USM2_pose_rel_economy_area_yz,0.001502606991250585
extra_trees,4,numeric__USM0_joint_max_jerk_l2,0.0015013202903697784
extra_trees,4,numeric__USM3_pose_rel_economy_volume,0.001497650634316195
extra_trees,4,numeric__USM1_USM2_pose_rel_distance_range_rel,0.0014824028036448723
extra_trees,4,numeric__USM3_pose_rel_movement_economy,0.0014771538683273386
extra_trees,4,numeric__USM1_pose_rel_net_displacement_l2,0.0014663494079754683
extra_trees,4,numeric__USM1_pose_rel_economy_area_xy,0.0014533159643278534
extra_trees,4,numeric__USM1_joint_mean_acceleration_l2,0.0014404012666786126
extra_trees,4,numeric__USM2_pose_rel_net_displacement_l2,0.0014333467995552376
extra_trees,4,numeric__USM0_joint_max_joint_range,0.001427765625263604
extra_trees,4,numeric__USM3_pose_rel_x_range,0.0014041620536526724
extra_trees,4,numeric__USM1_pose_rel_workspace_box_volume,0.0013815517550228205
extra_trees,4,numeric__USM2_joint_rms_speed_l2,0.0013777308840895851
extra_trees,4,numeric__USM2_joint_max_jerk_l2,0.0013575734543606007
extra_trees,4,numeric__USM0_joint_max_speed_l2,0.001339201422516942
extra_trees,4,numeric__USM1_joint_idle_fraction_relative,0.0013331422612795167
extra_trees,4,numeric__USM3_joint_mean_joint_range,0.001321441840063275
extra_trees,4,numeric__USM2_joint_net_displacement_l2,0.0013136790674730895
extra_trees,4,numeric__USM0_joint_tool_roll_q4_mean_range,0.0012861427770420278
extra_trees,4,numeric__USM2_pose_rel_economy_volume,0.0012858375377471979
extra_trees,4,numeric__USM1_joint_mean_joint_range,0.0012549909300582339
extra_trees,4,numeric__USM3_pose_rel_economy_area_yz,0.0012546770943490321
extra_trees,4,numeric__USM2_joint_max_abs_joint_velocity,0.0012483177907095203
extra_trees,4,numeric__USM1_joint_base_revolute_q0_q2_path_l1,0.001236305136331561
extra_trees,4,task__task_clean_ring_rollercoaster,0.001213978660402454
extra_trees,4,numeric__USM2_joint_distal_q5_q9_mean_range,0.0012105805809837747
extra_trees,4,numeric__USM3_joint_jerk_cost,0.0011946679518670944
extra_trees,4,numeric__USM3_pose_rel_max_abs_angular_acceleration_rad_s2,0.0011805964047973839
extra_trees,4,numeric__USM2_USM3_pose_rel_distance_range_rel,0.001177772169498413
extra_trees,4,numeric__USM2_pose_rel_movement_economy,0.0011275686509841685
extra_trees,4,numeric__USM1_pose_rel_economy_area_yz,0.0011045106629355458
extra_trees,4,numeric__USM3_pose_rel_jerk_cost,0.0010850845606122032
extra_trees,4,numeric__USM2_joint_mean_joint_range,0.0010807455985865414
extra_trees,4,numeric__USM2_pose_rel_jerk_cost,0.001070248732642322
extra_trees,4,numeric__USM0_joint_max_gap_seconds,0.0010664721624563727
extra_trees,4,numeric__USM1_joint_mean_speed_l2,0.001060903783977286
extra_trees,4,numeric__USM1_joint_distal_q5_q9_mean_range,0.001053689865304026
extra_trees,4,numeric__USM2_pose_rel_max_angular_speed_rad_s,0.0010528890004341692
extra_trees,4,numeric__USM1_pose_rel_mean_angular_speed_rad_s,0.0010348589946091893
extra_trees,4,numeric__USM3_pose_rel_max_angular_speed_rad_s,0.0010044725269590636
extra_trees,4,numeric__USM1_joint_max_joint_range,0.0010027233582925478
extra_trees,4,numeric__USM3_joint_idle_fraction_relative,0.0009998570148788213
extra_trees,4,numeric__USM3_joint_base_revolute_q0_q2_mean_range,0.0009897562270770393
extra_trees,4,numeric__USM1_joint_insertion_q3_path_l1,0.0009737738565480416
extra_trees,4,task__task_clean_glove_cut,0.0009714894744202172
extra_trees,4,numeric__USM2_USM3_pose_rel_std_distance_rel,0.0009632752945373198
extra_trees,4,numeric__USM1_pose_rel_mean_abs_angular_acceleration_rad_s2,0.0009469831119006035
extra_trees,4,numeric__USM3_joint_base_revolute_q0_q2_path_l1,0.0009314061804084257
extra_trees,4,numeric__USM1_pose_rel_raw_path_l2,0.0009170789106637663
extra_trees,4,numeric__USM0_joint_mean_joint_range,0.0008977197096245245
extra_trees,4,numeric__USM1_joint_tool_roll_q4_mean_abs_velocity,0.0008932807621772717
extra_trees,4,numeric__USM3_pose_rel_net_displacement_l2,0.0008537869385252419
extra_trees,4,numeric__USM3_joint_max_joint_range,0.0008312673449374107
extra_trees,4,numeric__USM1_joint_jerk_cost,0.0008192303229372434
extra_trees,4,numeric__USM3_joint_mean_speed_l2,0.0007533501586119702
extra_trees,4,numeric__USM3_joint_base_revolute_q0_q2_mean_abs_velocity,0.0007528315552723831
extra_trees,4,numeric__USM1_pose_rel_rotation_path_radians,0.0007389548082334475
extra_trees,4,numeric__USM1_joint_tool_roll_q4_path_l1,0.0007321368117693017
extra_trees,4,numeric__USM3_pose_rel_mean_angular_speed_rad_s,0.0007251256744048901
extra_trees,4,numeric__USM3_pose_rel_rotation_path_radians,0.000721433200227862
extra_trees,4,numeric__USM3_joint_movement_economy,0.0006875282886900685
extra_trees,4,task__task_clean_camera_target,0.0006046604833312495
extra_trees,4,numeric__USM3_joint_insertion_q3_path_l1,0.0005836990542702986
extra_trees,4,numeric__USM3_joint_max_speed_l2,0.0005347141767855093
extra_trees,4,numeric__USM3_joint_net_displacement_l2,0.000505598305210773
extra_trees,4,numeric__USM3_joint_insertion_q3_mean_abs_velocity,0.0003858704128167624
extra_trees,4,numeric__USM3_joint_insertion_q3_mean_range,0.00037902311017814203
extra_trees,4,numeric__USM1_USM2_pose_rel_alignment_coverage,0.0003583134319157896
extra_trees,4,numeric__USM1_joint_raw_path_l2,0.0003581931725304569
extra_trees,4,numeric__active_pair_usm_a,0.00021827264540966987
extra_trees,4,numeric__USM3_joint_max_acceleration_l2,0.00021350648476267146
extra_trees,4,numeric__USM3_joint_pause_count,9.889359611724312e-05
extra_trees,4,numeric__USM3_joint_pause_duration_seconds,1.7379818281791573e-05
extra_trees,4,numeric__USM0_joint_median_dt_seconds,0.0
extra_trees,4,numeric__USM1_pose_rel_active,0.0
extra_trees,4,numeric__active_pair_usm_b,0.0
extra_trees,5,numeric__USM2_pose_rel_mean_angular_speed_rad_s,0.07397861226708964
extra_trees,5,numeric__USM2_pose_rel_pause_duration_seconds,0.04137809532440617
extra_trees,5,numeric__duration_seconds,0.03548298580196657
extra_trees,5,numeric__USM2_joint_pause_duration_seconds,0.03338748420074815
extra_trees,5,numeric__USM1_pose_rel_pause_duration_seconds,0.029231588718547953
extra_trees,5,numeric__USM0_joint_pause_duration_seconds,0.028690600365685794
extra_trees,5,numeric__USM1_pose_rel_log_dimensionless_jerk,0.0244384977063276
extra_trees,5,numeric__USM2_pose_rel_log_dimensionless_jerk,0.019427735893783656
extra_trees,5,numeric__USM2_pose_rel_mean_speed_l2,0.01620076259748191
extra_trees,5,numeric__USM3_pose_rel_log_dimensionless_jerk,0.015867944332068517
extra_trees,5,numeric__USM2_pose_rel_mean_abs_angular_acceleration_rad_s2,0.015824702759107724
extra_trees,5,numeric__USM1_USM2_pose_rel_mean_abs_relative_speed,0.013757984005707595
extra_trees,5,numeric__USM2_joint_base_revolute_q0_q2_mean_abs_velocity,0.012108293293531159
extra_trees,5,numeric__USM0_joint_base_revolute_q0_q2_mean_abs_velocity,0.012046808643631945
extra_trees,5,numeric__USM1_joint_pause_duration_seconds,0.011783528985456404
extra_trees,5,numeric__USM2_pose_rel_idle_threshold_relative,0.011351833670194924
extra_trees,5,numeric__USM2_joint_tool_roll_q4_mean_abs_velocity,0.011294785942089535
extra_trees,5,numeric__USM0_joint_pause_count,0.011139007546935427
extra_trees,5,numeric__USM1_pose_rel_dimensionless_jerk,0.010945311980799366
extra_trees,5,numeric__USM1_pose_rel_max_speed_l2,0.010212682847747349
extra_trees,5,task__task_clean_suture,0.00971189188616437
extra_trees,5,numeric__active_pair_min_distance_rel,0.009693968645344416
extra_trees,5,numeric__all_usm_joint_path_l1_total,0.009129404797635058
extra_trees,5,numeric__USM2_joint_pause_count,0.008876208285841673
extra_trees,5,numeric__USM1_pose_rel_rms_speed_l2,0.008490426656224355
extra_trees,5,numeric__active_pair_mean_distance_rel,0.00846154108671744
extra_trees,5,numeric__USM0_joint_base_revolute_q0_q2_path_l1,0.008308269799601982
extra_trees,5,numeric__USM1_USM3_pose_rel_path_length_imbalance,0.008250866840330925
extra_trees,5,numeric__USM3_pose_rel_dimensionless_jerk,0.008019357682787347
extra_trees,5,numeric__USM2_pose_rel_idle_fraction_relative,0.007994803684935135
extra_trees,5,numeric__USM2_pose_rel_pause_fraction,0.0078517946642634
extra_trees,5,numeric__USM0_joint_raw_path_l2,0.007837434734229768
extra_trees,5,numeric__USM1_USM2_pose_rel_both_idle_fraction,0.007600177088949105
extra_trees,5,numeric__USM0_joint_insertion_q3_path_l1,0.007429492763606503
extra_trees,5,numeric__USM1_pose_rel_y_range,0.006940623949701416
extra_trees,5,numeric__USM2_joint_idle_fraction_relative,0.006861408981394351
extra_trees,5,numeric__USM0_joint_idle_fraction_relative,0.006769088412219571
extra_trees,5,numeric__USM1_USM3_pose_rel_std_distance_rel,0.0063823553053355235
extra_trees,5,numeric__USM2_USM3_pose_rel_both_idle_fraction,0.006036966762588098
extra_trees,5,numeric__USM0_joint_jerk_cost,0.006022487837081054
extra_trees,5,numeric__USM1_pose_rel_max_acceleration_l2,0.006021806669537579
extra_trees,5,numeric__USM2_pose_rel_mean_acceleration_l2,0.0059608281442371895
extra_trees,5,numeric__USM2_pose_rel_dimensionless_jerk,0.005948837681523445
extra_trees,5,numeric__USM2_joint_pause_fraction,0.005689952367152844
extra_trees,5,numeric__USM1_USM3_pose_rel_distance_range_rel,0.0054723444354015955
extra_trees,5,numeric__USM2_pose_rel_x_range,0.005469924253087407
extra_trees,5,numeric__USM1_USM2_pose_rel_mean_distance_rel,0.005436276294953932
extra_trees,5,numeric__USM2_joint_insertion_q3_mean_abs_velocity,0.005177621818115536
extra_trees,5,numeric__USM1_USM2_pose_rel_std_distance_rel,0.005152963032327781
extra_trees,5,numeric__USM2_USM3_pose_rel_mean_distance_rel,0.005053810328527113
extra_trees,5,numeric__USM2_USM3_pose_rel_min_distance_rel,0.004984227321287868
extra_trees,5,numeric__USM1_pose_rel_idle_threshold_relative,0.0049146246544349795
extra_trees,5,numeric__USM2_pose_rel_rms_speed_l2,0.0047247411884234905
extra_trees,5,numeric__USM2_pose_rel_pause_count,0.004636000765343302
extra_trees,5,numeric__USM1_joint_net_displacement_l2,0.004597758816083457
extra_trees,5,numeric__active_pair_both_idle_fraction,0.004469373984896806
extra_trees,5,numeric__USM2_USM3_pose_rel_path_length_imbalance,0.004431829575313101
extra_trees,5,numeric__USM0_joint_tool_roll_q4_path_l1,0.004321918811558079
extra_trees,5,numeric__USM1_USM3_pose_rel_max_distance_rel,0.004285973878502965
extra_trees,5,numeric__USM1_USM3_pose_rel_speed_correlation,0.0042148648641684395
extra_trees,5,numeric__USM2_pose_rel_max_speed_l2,0.004161452580072244
extra_trees,5,numeric__USM1_USM2_pose_rel_one_arm_only_active_fraction,0.003907114054177797
extra_trees,5,numeric__USM0_joint_insertion_q3_mean_abs_velocity,0.003900563018282722
extra_trees,5,numeric__USM3_pose_rel_z_range,0.0038016602319895947
extra_trees,5,numeric__active_pair_path_length_imbalance,0.003771992746800806
extra_trees,5,numeric__USM3_pose_rel_mean_speed_l2,0.0036694113350768253
extra_trees,5,numeric__USM3_pose_rel_pause_count,0.0036584772282707437
extra_trees,5,numeric__USM0_joint_base_revolute_q0_q2_mean_range,0.0036564430002530416
extra_trees,5,numeric__USM2_joint_mean_acceleration_l2,0.0036491257673697255
extra_trees,5,numeric__USM2_pose_rel_workspace_box_volume,0.00361515260128896
extra_trees,5,numeric__active_pair_simultaneous_active_fraction,0.00353672285328887
extra_trees,5,numeric__active_pair_one_arm_only_active_fraction,0.0034580206919326206
extra_trees,5,numeric__USM1_USM3_pose_rel_both_idle_fraction,0.003448927510435725
extra_trees,5,numeric__USM1_USM3_pose_rel_mean_distance_rel,0.003394957911893127
extra_trees,5,numeric__USM1_USM2_pose_rel_distance_range_rel,0.0033810853619298266
extra_trees,5,numeric__USM2_pose_rel_raw_path_l2,0.0033483433191793433
extra_trees,5,numeric__USM0_joint_insertion_q3_mean_range,0.0033091967448526435
extra_trees,5,numeric__USM0_joint_rms_speed_l2,0.0032183490274394666
extra_trees,5,numeric__USM1_pose_rel_x_range,0.0032141779381541884
extra_trees,5,numeric__USM2_joint_tool_roll_q4_path_l1,0.003182727056289227
extra_trees,5,numeric__USM1_USM3_pose_rel_one_arm_only_active_fraction,0.003138269195837837
extra_trees,5,numeric__USM1_pose_rel_economy_area_xy,0.003128553915581696
extra_trees,5,numeric__USM2_pose_rel_y_range,0.0031117542677245084
extra_trees,5,numeric__USM0_joint_mean_acceleration_l2,0.003018635126750953
extra_trees,5,numeric__USM3_joint_tool_roll_q4_mean_abs_velocity,0.003017844448871992
extra_trees,5,numeric__USM3_pose_rel_economy_area_xy,0.0030115148817987623
extra_trees,5,numeric__USM3_pose_rel_idle_fraction_relative,0.002947415627786301
extra_trees,5,numeric__USM3_pose_rel_pause_fraction,0.002944013396993088
extra_trees,5,numeric__USM2_joint_mean_abs_joint_velocity,0.002936217946008253
extra_trees,5,numeric__USM0_joint_tool_roll_q4_mean_abs_velocity,0.002873595871458991
extra_trees,5,numeric__active_pair_path_length_a_rel,0.0028034052141287617
extra_trees,5,numeric__USM2_pose_rel_rotation_path_radians,0.0027856726755137373
extra_trees,5,numeric__USM2_joint_base_revolute_q0_q2_mean_range,0.002723127262836649
extra_trees,5,numeric__USM2_USM3_pose_rel_simultaneous_active_fraction,0.00265938093955571
extra_trees,5,numeric__USM2_joint_base_revolute_q0_q2_path_l1,0.0026568253634005425
extra_trees,5,numeric__USM3_pose_rel_pause_duration_seconds,0.0025872429369829305
extra_trees,5,numeric__USM2_pose_rel_max_jerk_l2,0.002587192436612324
extra_trees,5,numeric__USM1_joint_insertion_q3_mean_range,0.00255210580048766
extra_trees,5,numeric__USM2_pose_rel_max_acceleration_l2,0.002539673025007541
extra_trees,5,numeric__USM1_pose_rel_workspace_box_volume,0.0024876308743217663
extra_trees,5,numeric__USM1_pose_rel_mean_acceleration_l2,0.002397212228093835
extra_trees,5,numeric__USM3_pose_rel_mean_abs_angular_acceleration_rad_s2,0.0023920984845525115
extra_trees,5,numeric__USM1_pose_rel_mean_speed_l2,0.002359968152942317
extra_trees,5,numeric__USM1_USM3_pose_rel_min_distance_rel,0.0023133120283641904
extra_trees,5,numeric__USM0_joint_distal_q5_q9_mean_range,0.0022972973902827356
extra_trees,5,numeric__USM2_joint_raw_path_l2,0.0022822183848916176
extra_trees,5,numeric__USM2_joint_insertion_q3_mean_range,0.0022705286013221674
extra_trees,5,numeric__USM1_USM2_pose_rel_max_distance_rel,0.0022574782486051524
extra_trees,5,numeric__USM1_pose_rel_idle_fraction_relative,0.0022272864515924867
extra_trees,5,numeric__USM2_joint_distal_q5_q9_mean_range,0.0022121911044207824
extra_trees,5,numeric__USM1_USM2_pose_rel_speed_correlation,0.0021994859521907175
extra_trees,5,numeric__USM3_joint_distal_q5_q9_mean_range,0.0021648851112969904
extra_trees,5,numeric__USM3_pose_rel_rms_speed_l2,0.0021547065187721205
extra_trees,5,numeric__USM3_pose_rel_idle_threshold_relative,0.002124930553391551
extra_trees,5,numeric__USM2_pose_rel_economy_area_xy,0.0021144747992078994
extra_trees,5,numeric__USM1_pose_rel_economy_volume,0.002111576254224626
extra_trees,5,numeric__USM3_pose_rel_max_acceleration_l2,0.002107471562548041
extra_trees,5,numeric__USM1_joint_movement_economy,0.0020248670969610382
extra_trees,5,numeric__USM2_joint_max_joint_range,0.0020086332234203258
extra_trees,5,numeric__USM3_pose_rel_movement_economy,0.001982489411193196
extra_trees,5,numeric__USM2_joint_mean_joint_range,0.0019717757364693155
extra_trees,5,numeric__USM1_joint_pause_fraction,0.0019589102128053227
extra_trees,5,numeric__USM1_pose_rel_economy_area_xz,0.0019376026821325584
extra_trees,5,numeric__USM1_USM3_pose_rel_simultaneous_active_fraction,0.0018876469504529334
extra_trees,5,numeric__USM2_joint_mean_speed_l2,0.0018852399108257145
extra_trees,5,numeric__USM0_joint_mean_speed_l2,0.001872039658723691
extra_trees,5,numeric__USM2_joint_idle_threshold_relative,0.0018699325707583175
extra_trees,5,numeric__USM2_USM3_pose_rel_one_arm_only_active_fraction,0.0018433674571202141
extra_trees,5,numeric__USM1_pose_rel_movement_economy,0.0018356737652685767
extra_trees,5,numeric__USM1_USM2_pose_rel_path_length_imbalance,0.001799430741995345
extra_trees,5,numeric__USM1_joint_insertion_q3_path_l1,0.0017648094083801108
extra_trees,5,numeric__USM0_joint_max_speed_l2,0.0017239999860857898
extra_trees,5,numeric__active_pair_speed_correlation,0.0017199806272163172
extra_trees,5,numeric__USM2_USM3_pose_rel_std_distance_rel,0.0016831130861792644
extra_trees,5,numeric__USM1_USM2_pose_rel_simultaneous_active_fraction,0.0016798699258785256
extra_trees,5,numeric__USM1_joint_idle_fraction_relative,0.001678646177541204
extra_trees,5,numeric__USM0_joint_mean_joint_range,0.0016716010481713786
extra_trees,5,numeric__USM1_joint_insertion_q3_mean_abs_velocity,0.001670071814444527
extra_trees,5,numeric__USM2_pose_rel_z_range,0.0016243755379774395
extra_trees,5,numeric__USM1_joint_base_revolute_q0_q2_mean_range,0.0016218163080917792
extra_trees,5,numeric__USM3_pose_rel_net_displacement_l2,0.0016209376246035328
extra_trees,5,numeric__USM0_joint_max_jerk_l2,0.0016202123845331102
extra_trees,5,numeric__USM3_joint_mean_joint_range,0.001611012530974993
extra_trees,5,numeric__USM1_pose_rel_z_range,0.0016025603010194314
extra_trees,5,numeric__USM3_pose_rel_economy_area_xz,0.0015536541419373198
extra_trees,5,numeric__USM2_pose_rel_economy_area_xz,0.0015403717214282845
extra_trees,5,numeric__USM2_joint_max_jerk_l2,0.0015333796052824928
extra_trees,5,numeric__USM2_USM3_pose_rel_distance_range_rel,0.0015261735796146913
extra_trees,5,numeric__USM3_pose_rel_raw_path_l2,0.0015254364487834193
extra_trees,5,numeric__USM3_joint_raw_path_l2,0.001523456021875978
extra_trees,5,numeric__USM1_joint_pause_count,0.0015024083263335925
extra_trees,5,numeric__USM2_pose_rel_jerk_cost,0.00149691004458382
extra_trees,5,numeric__USM1_joint_max_abs_joint_velocity,0.001489793801429661
extra_trees,5,numeric__USM3_pose_rel_max_speed_l2,0.0014870914938534792
extra_trees,5,numeric__USM0_joint_net_displacement_l2,0.001484590650439731
extra_trees,5,numeric__USM1_USM2_pose_rel_min_distance_rel,0.0014781698219193582
extra_trees,5,numeric__USM3_pose_rel_y_range,0.0014673502715999843
extra_trees,5,numeric__USM3_pose_rel_max_abs_angular_acceleration_rad_s2,0.0014498034803941502
extra_trees,5,numeric__USM2_pose_rel_economy_area_yz,0.0014376320827700808
extra_trees,5,numeric__USM2_joint_rms_speed_l2,0.001422957200700202
extra_trees,5,numeric__USM2_USM3_pose_rel_speed_correlation,0.0014182541924202812
extra_trees,5,numeric__USM1_joint_base_revolute_q0_q2_mean_abs_velocity,0.0014061296567202182
extra_trees,5,numeric__USM0_joint_idle_threshold_relative,0.001377752210191533
extra_trees,5,numeric__USM2_joint_max_speed_l2,0.0013663268053769463
extra_trees,5,numeric__USM1_pose_rel_pause_fraction,0.0013585268554510417
extra_trees,5,numeric__USM1_pose_rel_economy_area_yz,0.0013536683608844039
extra_trees,5,numeric__USM2_pose_rel_economy_volume,0.001303214810927074
extra_trees,5,numeric__USM3_joint_mean_speed_l2,0.0013010396072412592
extra_trees,5,numeric__USM2_joint_insertion_q3_path_l1,0.0013008630299568282
extra_trees,5,task__task_clean_sea_spikes,0.001288827003325049
extra_trees,5,numeric__USM1_pose_rel_max_angular_speed_rad_s,0.0012327798755308785
extra_trees,5,numeric__USM1_joint_max_joint_range,0.0012275366982187022
extra_trees,5,numeric__USM0_joint_max_acceleration_l2,0.0012049858899394047
extra_trees,5,numeric__USM1_pose_rel_jerk_cost,0.001203705069607971
extra_trees,5,numeric__USM2_pose_rel_net_displacement_l2,0.0012006700939239166
extra_trees,5,numeric__USM1_pose_rel_net_displacement_l2,0.0011986063518867687
extra_trees,5,numeric__USM2_pose_rel_max_abs_angular_acceleration_rad_s2,0.0011958434618697183
extra_trees,5,numeric__USM2_pose_rel_max_angular_speed_rad_s,0.0011826359874927553
extra_trees,5,numeric__USM2_joint_net_displacement_l2,0.0011650594653724625
extra_trees,5,numeric__USM1_pose_rel_raw_path_l2,0.001163716657271801
extra_trees,5,numeric__USM1_joint_distal_q5_q9_path_l1,0.0011556259676057798
extra_trees,5,numeric__USM0_joint_tool_roll_q4_mean_range,0.0011485702345741262
extra_trees,5,numeric__USM1_joint_base_revolute_q0_q2_path_l1,0.0011416798761706198
extra_trees,5,task__task_clean_ring_rollercoaster,0.0011058005300912635
extra_trees,5,numeric__USM1_pose_rel_max_abs_angular_acceleration_rad_s2,0.0010954353733470302
extra_trees,5,numeric__USM2_joint_movement_economy,0.001088461499032376
extra_trees,5,numeric__USM3_pose_rel_economy_volume,0.001072537854985399
extra_trees,5,numeric__USM0_joint_movement_economy,0.0010664973040412195
extra_trees,5,numeric__USM3_pose_rel_jerk_cost,0.0010571482411925273
extra_trees,5,numeric__USM2_joint_max_acceleration_l2,0.001042087972052156
extra_trees,5,numeric__USM2_pose_rel_movement_economy,0.0010384434689865855
extra_trees,5,numeric__USM3_joint_insertion_q3_path_l1,0.0010237732442997013
extra_trees,5,numeric__USM2_joint_max_abs_joint_velocity,0.001022185606093953
extra_trees,5,numeric__USM2_joint_jerk_cost,0.0010204876703419792
extra_trees,5,numeric__USM3_joint_jerk_cost,0.000998923959114786
extra_trees,5,numeric__USM1_joint_max_speed_l2,0.0009654534517398093
extra_trees,5,numeric__USM3_joint_tool_roll_q4_path_l1,0.000962737452690402
extra_trees,5,numeric__USM1_pose_rel_pause_count,0.0009434078546030437
extra_trees,5,numeric__all_psm_pose_rel_path_total,0.000927437124535437
extra_trees,5,numeric__USM3_pose_rel_max_angular_speed_rad_s,0.0009066310898356992
extra_trees,5,numeric__USM0_joint_max_joint_range,0.0008426066455777617
extra_trees,5,numeric__USM3_joint_max_joint_range,0.0008276034385153291
extra_trees,5,numeric__USM3_joint_max_speed_l2,0.000815746789112588
extra_trees,5,numeric__USM1_joint_max_jerk_l2,0.0008064208842736895
extra_trees,5,numeric__USM3_joint_idle_fraction_relative,0.0007887324835625693
extra_trees,5,numeric__USM3_pose_rel_economy_area_yz,0.0007779565903911369
extra_trees,5,numeric__USM3_pose_rel_x_range,0.0007766928546802143
extra_trees,5,numeric__USM1_joint_mean_joint_range,0.0007645874812084584
extra_trees,5,numeric__USM1_joint_tool_roll_q4_path_l1,0.000741559691430452
extra_trees,5,task__task_clean_camera_target,0.0007285772689770435
extra_trees,5,numeric__USM1_joint_max_acceleration_l2,0.0007116404797437276
extra_trees,5,numeric__USM3_pose_rel_mean_angular_speed_rad_s,0.0007051862584181668
extra_trees,5,numeric__USM1_joint_rms_speed_l2,0.0006997082921173624
extra_trees,5,numeric__USM3_joint_base_revolute_q0_q2_mean_abs_velocity,0.0006617441715099146
extra_trees,5,numeric__USM1_joint_raw_path_l2,0.0006321169643322958
extra_trees,5,numeric__USM1_pose_rel_rotation_path_radians,0.0006114694712060889
extra_trees,5,numeric__USM3_joint_movement_economy,0.0005894432626141661
extra_trees,5,task__task_clean_glove_cut,0.0005496915326250392
extra_trees,5,numeric__USM3_joint_base_revolute_q0_q2_mean_range,0.0005107875178574509
extra_trees,5,numeric__USM1_joint_distal_q5_q9_mean_range,0.0005046837226295313
extra_trees,5,numeric__USM3_joint_insertion_q3_mean_range,0.0004930987284813713
extra_trees,5,numeric__USM0_joint_max_gap_seconds,0.00048437571875058704
extra_trees,5,numeric__USM1_joint_mean_acceleration_l2,0.00047890566669061424
extra_trees,5,numeric__USM1_joint_mean_speed_l2,0.00046903869783012476
extra_trees,5,numeric__USM3_joint_base_revolute_q0_q2_path_l1,0.0004403298811422664
extra_trees,5,numeric__USM3_pose_rel_rotation_path_radians,0.0004223730699831029
extra_trees,5,numeric__USM1_pose_rel_mean_angular_speed_rad_s,0.00041190703379270977
extra_trees,5,numeric__USM3_pose_rel_workspace_box_volume,0.0003961422031953893
extra_trees,5,numeric__USM3_joint_insertion_q3_mean_abs_velocity,0.0003575360568390271
extra_trees,5,numeric__USM3_joint_net_displacement_l2,0.00035518778335137023
extra_trees,5,numeric__USM1_joint_tool_roll_q4_mean_abs_velocity,0.00033768766243668594
extra_trees,5,numeric__USM1_joint_jerk_cost,0.00032260513637334025
extra_trees,5,numeric__USM3_joint_max_acceleration_l2,0.00031444483084603524
extra_trees,5,numeric__USM1_pose_rel_mean_abs_angular_acceleration_rad_s2,0.00018273743879442181
extra_trees,5,numeric__USM1_USM2_pose_rel_alignment_coverage,0.00011199640296988503
extra_trees,5,numeric__USM3_joint_pause_count,8.682551015393086e-05
extra_trees,5,numeric__USM0_joint_median_dt_seconds,0.0
extra_trees,5,numeric__USM3_joint_pause_duration_seconds,0.0
extra_trees,5,numeric__USM1_pose_rel_active,0.0
extra_trees,5,numeric__active_pair_usm_a,0.0
extra_trees,5,numeric__active_pair_usm_b,0.0
