file_name,role,participant_id,participant_group,task_clean,trial,experiment,model,cv_fold,y_true,y_pred,residual,absolute_error
DVST_XI_10-13_Nov_2025_12_10.36.46_expert_10_camera target_1.csv,expert,10,expert__participant_10,camera_target,1,A_kinematics_all,ridge,1,30.0,24.543230036469886,5.456769963530114,5.456769963530114
DVST_XI_10-13_Nov_2025_12_10.36.46_expert_10_glove cut_1.csv,expert,10,expert__participant_10,glove_cut,1,A_kinematics_all,ridge,1,28.0,22.219574396158254,5.780425603841746,5.780425603841746
DVST_XI_10-13_Nov_2025_12_10.36.46_expert_10_ring rollercoaster_1.csv,expert,10,expert__participant_10,ring_rollercoaster,1,A_kinematics_all,ridge,1,29.0,21.37222369442991,7.627776305570091,7.627776305570091
DVST_XI_10-13_Nov_2025_12_10.36.46_expert_10_sea spikes_1.csv,expert,10,expert__participant_10,sea_spikes,1,A_kinematics_all,ridge,1,29.0,21.780482360474696,7.219517639525304,7.219517639525304
DVST_XI_10-13_Nov_2025_12_10.36.46_expert_10_suture_1.csv,expert,10,expert__participant_10,suture,1,A_kinematics_all,ridge,1,30.0,23.47857001201538,6.521429987984622,6.521429987984622
DVST_XI_11-14_Aug_2025_13_11.33.24_expert_7_camera target_1.csv,expert,7,expert__participant_7,camera_target,1,A_kinematics_all,ridge,1,28.0,23.692180206840458,4.307819793159542,4.307819793159542
DVST_XI_11-14_Aug_2025_13_11.33.24_expert_7_suture_1.csv,expert,7,expert__participant_7,suture,1,A_kinematics_all,ridge,1,29.0,22.391559164439613,6.608440835560387,6.608440835560387
DVST_XI_11-14_Aug_2025_14_10.45.28_expert_8_camera target_1.csv,expert,8,expert__participant_8,camera_target,1,A_kinematics_all,ridge,1,28.0,22.11401152604955,5.8859884739504515,5.8859884739504515
DVST_XI_11-14_Aug_2025_14_10.45.28_expert_8_suture_1.csv,expert,8,expert__participant_8,suture,1,A_kinematics_all,ridge,1,29.0,24.051103015552638,4.948896984447362,4.948896984447362
DVST_XI_14-16_Feb_2024_14_09.13.16_trainee_5_camera target_1.csv,trainee,5,trainee__participant_5,camera_target,1,A_kinematics_all,ridge,1,7.0,15.83495158369024,-8.83495158369024,8.83495158369024
DVST_XI_14-16_Feb_2024_14_09.13.16_trainee_5_glove cut_1.csv,trainee,5,trainee__participant_5,glove_cut,1,A_kinematics_all,ridge,1,11.0,16.37443200279765,-5.374432002797651,5.374432002797651
DVST_XI_14-16_Feb_2024_14_09.13.16_trainee_5_ring rollercoaster_1.csv,trainee,5,trainee__participant_5,ring_rollercoaster,1,A_kinematics_all,ridge,1,17.0,14.144356268369208,2.855643731630792,2.855643731630792
DVST_XI_14-16_Feb_2024_14_09.13.16_trainee_5_sea spikes_1.csv,trainee,5,trainee__participant_5,sea_spikes,1,A_kinematics_all,ridge,1,16.0,16.335441248682304,-0.3354412486823044,0.3354412486823044
DVST_XI_14-16_Feb_2024_14_09.13.16_trainee_5_suture_1.csv,trainee,5,trainee__participant_5,suture,1,A_kinematics_all,ridge,1,16.0,17.518754244376396,-1.518754244376396,1.518754244376396
DVST_XI_14-16_Feb_2024_16_08.32.59_trainee_5_camera target_2.csv,trainee,5,trainee__participant_5,camera_target,2,A_kinematics_all,ridge,1,21.0,18.9163612297089,2.083638770291099,2.083638770291099
DVST_XI_14-16_Feb_2024_16_08.32.59_trainee_5_glove cut_2.csv,trainee,5,trainee__participant_5,glove_cut,2,A_kinematics_all,ridge,1,19.0,15.844037296613784,3.1559627033862157,3.1559627033862157
DVST_XI_14-16_Feb_2024_16_08.32.59_trainee_5_ring rollercoaster_2.csv,trainee,5,trainee__participant_5,ring_rollercoaster,2,A_kinematics_all,ridge,1,23.0,16.429727668608713,6.570272331391287,6.570272331391287
DVST_XI_14-16_Feb_2024_16_08.32.59_trainee_5_sea spikes_2.csv,trainee,5,trainee__participant_5,sea_spikes,2,A_kinematics_all,ridge,1,21.0,19.470387298861993,1.5296127011380065,1.5296127011380065
DVST_XI_14-16_Feb_2024_16_08.32.59_trainee_5_suture_2.csv,trainee,5,trainee__participant_5,suture,2,A_kinematics_all,ridge,1,21.0,18.589355348487288,2.410644651512712,2.410644651512712
DVST_XI_19-22_May_2025_22_09.34.36_trainee_37_camera target_2.csv,trainee,37,trainee__participant_37,camera_target,2,A_kinematics_all,ridge,1,16.0,19.945133325499576,-3.945133325499576,3.945133325499576
DVST_XI_19-22_May_2025_22_09.34.36_trainee_41_camera target_2.csv,trainee,41,trainee__participant_41,camera_target,2,A_kinematics_all,ridge,1,20.0,20.247658005740156,-0.24765800574015628,0.24765800574015628
DVST_XI_7-11_Mar_2024_08_13.12.17_trainee_8_ring rollercoaster_1.csv,trainee,8,trainee__participant_8,ring_rollercoaster,1,A_kinematics_all,ridge,1,12.0,16.994478385585424,-4.994478385585424,4.994478385585424
DVST_XI_7-11_Mar_2024_08_13.12.17_trainee_8_sea spikes_1.csv,trainee,8,trainee__participant_8,sea_spikes,1,A_kinematics_all,ridge,1,18.0,17.8477427891097,0.1522572108903013,0.1522572108903013
DVST_XI_7-11_Mar_2024_09_10.19.01_trainee_8_camera target_1.csv,trainee,8,trainee__participant_8,camera_target,1,A_kinematics_all,ridge,1,10.0,14.757569415575164,-4.757569415575164,4.757569415575164
DVST_XI_7-11_Mar_2024_09_10.19.01_trainee_8_glove cut_1.csv,trainee,8,trainee__participant_8,glove_cut,1,A_kinematics_all,ridge,1,17.0,16.971922084513675,0.028077915486324656,0.028077915486324656
DVST_XI_7-11_Mar_2024_09_13.46.11_trainee_8_suture_1.csv,trainee,8,trainee__participant_8,suture,1,A_kinematics_all,ridge,1,17.0,19.06045440033599,-2.0604544003359884,2.0604544003359884
DVST_XI_Griffin_16-19_07_2024_16_08.46.09_trainee_12_glove cut_1.csv,trainee,12,trainee__participant_12,glove_cut,1,A_kinematics_all,ridge,1,21.0,19.25104863706847,1.7489513629315283,1.7489513629315283
DVST_XI_Griffin_16-19_07_2024_16_08.46.09_trainee_12_ring rollercoaster_1.csv,trainee,12,trainee__participant_12,ring_rollercoaster,1,A_kinematics_all,ridge,1,16.0,20.301120116027505,-4.301120116027505,4.301120116027505
DVST_XI_Griffin_16-19_07_2024_16_08.46.09_trainee_12_sea spikes_1.csv,trainee,12,trainee__participant_12,sea_spikes,1,A_kinematics_all,ridge,1,12.0,19.24622510512802,-7.246225105128019,7.246225105128019
DVST_XI_Griffin_16-19_07_2024_16_08.46.09_trainee_12_suture_1.csv,trainee,12,trainee__participant_12,suture,1,A_kinematics_all,ridge,1,20.0,21.96695483563452,-1.966954835634521,1.966954835634521
DVST_XI_Griffin_16-19_07_2024_17_12.20.23_trainee_12_camera target_1.csv,trainee,12,trainee__participant_12,camera_target,1,A_kinematics_all,ridge,1,16.0,21.01746037117009,-5.017460371170088,5.017460371170088
DVST_XI_Griffin_16-19_07_2024_18_08.46.52_trainee_12_sea spikes_2.csv,trainee,12,trainee__participant_12,sea_spikes,2,A_kinematics_all,ridge,1,19.0,23.083022488936727,-4.083022488936727,4.083022488936727
DVST_XI_Griffin_16-19_07_2024_18_08.46.52_trainee_12_suture_2.csv,trainee,12,trainee__participant_12,suture,2,A_kinematics_all,ridge,1,28.0,21.75525808371372,6.24474191628628,6.24474191628628
DVST_XI_Griffin_16-19_07_2024_19_09.39.41_trainee_12_glove cut_2.csv,trainee,12,trainee__participant_12,glove_cut,2,A_kinematics_all,ridge,1,20.0,19.0924322720846,0.9075677279153993,0.9075677279153993
DVST_XI_Griffin_29_sep-1_oct_2024_29_09.07.40_trainee_19_camera target_1.csv,trainee,19,trainee__participant_19,camera_target,1,A_kinematics_all,ridge,1,17.0,16.727312443338757,0.2726875566612428,0.2726875566612428
DVST_XI_Griffin_29_sep-1_oct_2024_29_09.07.40_trainee_19_suture_1.csv,trainee,19,trainee__participant_19,suture,1,A_kinematics_all,ridge,1,16.0,15.481882717494297,0.5181172825057025,0.5181172825057025
DVST_XI_Griffin_29_sep-1_oct_2024_30_12.18.00_trainee_19_glove cut_2.csv,trainee,19,trainee__participant_19,glove_cut,2,A_kinematics_all,ridge,1,17.0,18.594603297168394,-1.594603297168394,1.594603297168394
DVST_XI_Griffin_29_sep-1_oct_2024_30_12.18.00_trainee_19_ring rollercoaster_2.csv,trainee,19,trainee__participant_19,ring_rollercoaster,2,A_kinematics_all,ridge,1,22.0,18.528832671372182,3.4711673286278177,3.4711673286278177
DVST_XI_Griffin_29_sep-1_oct_2024_30_12.18.00_trainee_19_sea spikes_2.csv,trainee,19,trainee__participant_19,sea_spikes,2,A_kinematics_all,ridge,1,21.0,20.73962141742159,0.2603785825784115,0.2603785825784115
DVST_XI_14-16_Feb_2024_14_09.13.16_trainee_1_camera target_1.csv,trainee,1,trainee__participant_1,camera_target,1,A_kinematics_all,ridge,2,17.0,17.965856715646293,-0.9658567156462929,0.9658567156462929
DVST_XI_14-16_Feb_2024_14_09.13.16_trainee_1_suture_1.csv,trainee,1,trainee__participant_1,suture,1,A_kinematics_all,ridge,2,19.0,16.357011450456387,2.642988549543613,2.642988549543613
DVST_XI_14-16_Feb_2024_14_09.13.16_trainee_3_camera target_1.csv,trainee,3,trainee__participant_3,camera_target,1,A_kinematics_all,ridge,2,15.0,17.15917653218517,-2.159176532185171,2.159176532185171
DVST_XI_14-16_Feb_2024_14_09.13.16_trainee_3_glove cut_1.csv,trainee,3,trainee__participant_3,glove_cut,1,A_kinematics_all,ridge,2,17.0,20.855678800744,-3.8556788007439984,3.8556788007439984
DVST_XI_14-16_Feb_2024_14_09.13.16_trainee_3_ring rollercoaster_1.csv,trainee,3,trainee__participant_3,ring_rollercoaster,1,A_kinematics_all,ridge,2,12.0,16.091784065209353,-4.091784065209353,4.091784065209353
DVST_XI_14-16_Feb_2024_14_09.13.16_trainee_3_sea spikes_1.csv,trainee,3,trainee__participant_3,sea_spikes,1,A_kinematics_all,ridge,2,15.0,17.40664791310645,-2.4066479131064504,2.4066479131064504
DVST_XI_14-16_Feb_2024_14_09.13.16_trainee_3_suture_1.csv,trainee,3,trainee__participant_3,suture,1,A_kinematics_all,ridge,2,19.0,18.02775634907392,0.9722436509260817,0.9722436509260817
DVST_XI_14-16_Feb_2024_16_08.32.59_trainee_1_camera target_2.csv,trainee,1,trainee__participant_1,camera_target,2,A_kinematics_all,ridge,2,19.0,17.19578073236464,1.8042192676353608,1.8042192676353608
DVST_XI_14-16_Feb_2024_16_08.32.59_trainee_1_glove cut_2.csv,trainee,1,trainee__participant_1,glove_cut,2,A_kinematics_all,ridge,2,19.0,17.23050305490662,1.7694969450933797,1.7694969450933797
DVST_XI_14-16_Feb_2024_16_08.32.59_trainee_1_sea spikes_2.csv,trainee,1,trainee__participant_1,sea_spikes,2,A_kinematics_all,ridge,2,19.0,19.89178514646999,-0.8917851464699886,0.8917851464699886
DVST_XI_14-16_Feb_2024_16_08.32.59_trainee_1_suture_2.csv,trainee,1,trainee__participant_1,suture,2,A_kinematics_all,ridge,2,17.0,17.283744511085917,-0.28374451108591714,0.28374451108591714
DVST_XI_14-16_Feb_2024_16_08.32.59_trainee_3_camera target_2.csv,trainee,3,trainee__participant_3,camera_target,2,A_kinematics_all,ridge,2,23.0,18.232706618948836,4.767293381051164,4.767293381051164
DVST_XI_14-16_Feb_2024_16_08.32.59_trainee_3_glove cut_2.csv,trainee,3,trainee__participant_3,glove_cut,2,A_kinematics_all,ridge,2,19.0,20.37575541657896,-1.3757554165789614,1.3757554165789614
DVST_XI_14-16_Feb_2024_16_08.32.59_trainee_3_ring rollercoaster_2.csv,trainee,3,trainee__participant_3,ring_rollercoaster,2,A_kinematics_all,ridge,2,21.0,19.309978228188903,1.6900217718110966,1.6900217718110966
DVST_XI_14-16_Feb_2024_16_08.32.59_trainee_3_sea spikes_2.csv,trainee,3,trainee__participant_3,sea_spikes,2,A_kinematics_all,ridge,2,17.0,20.265580541953476,-3.265580541953476,3.265580541953476
DVST_XI_14-16_Feb_2024_16_08.32.59_trainee_3_suture_2.csv,trainee,3,trainee__participant_3,suture,2,A_kinematics_all,ridge,2,22.0,22.306049738231533,-0.3060497382315326,0.3060497382315326
DVST_XI_6-8_Mar_2025_06_10.41.14_trainee_34_camera target_1.csv,trainee,34,trainee__participant_34,camera_target,1,A_kinematics_all,ridge,2,18.0,7.401640688966429,10.59835931103357,10.59835931103357
DVST_XI_6-8_Mar_2025_06_10.41.14_trainee_34_ring rollercoaster_1.csv,trainee,34,trainee__participant_34,ring_rollercoaster,1,A_kinematics_all,ridge,2,14.0,14.07338256705362,-0.07338256705362056,0.07338256705362056
DVST_XI_6-8_Mar_2025_06_10.41.14_trainee_34_sea spikes_1.csv,trainee,34,trainee__participant_34,sea_spikes,1,A_kinematics_all,ridge,2,14.0,15.004957312265924,-1.0049573122659243,1.0049573122659243
DVST_XI_6-8_Mar_2025_07_11.56.53_trainee_34_glove cut_1.csv,trainee,34,trainee__participant_34,glove_cut,1,A_kinematics_all,ridge,2,12.0,13.679068289562567,-1.6790682895625668,1.6790682895625668
DVST_XI_6-8_Mar_2025_08_08.21.32_expert_3_camera target_1.csv,expert,3,expert__participant_3,camera_target,1,A_kinematics_all,ridge,2,27.0,18.922794365290507,8.077205634709493,8.077205634709493
DVST_XI_6-8_Mar_2025_08_08.21.32_expert_3_suture_1.csv,expert,3,expert__participant_3,suture,1,A_kinematics_all,ridge,2,28.0,18.032669999062445,9.967330000937555,9.967330000937555
DVST_XI_7-11_Mar_2024_08_13.12.17_trainee_6_ring rollercoaster_1.csv,trainee,6,trainee__participant_6,ring_rollercoaster,1,A_kinematics_all,ridge,2,16.0,19.886651398637927,-3.8866513986379267,3.8866513986379267
DVST_XI_7-11_Mar_2024_08_13.12.17_trainee_6_sea spikes_1.csv,trainee,6,trainee__participant_6,sea_spikes,1,A_kinematics_all,ridge,2,16.0,14.928499869884877,1.0715001301151226,1.0715001301151226
DVST_XI_7-11_Mar_2024_09_10.19.01_trainee_6_glove cut_1.csv,trainee,6,trainee__participant_6,glove_cut,1,A_kinematics_all,ridge,2,15.0,14.207401538482474,0.7925984615175263,0.7925984615175263
DVST_XI_7-11_Mar_2024_09_13.46.11_trainee_6_suture_1.csv,trainee,6,trainee__participant_6,suture,1,A_kinematics_all,ridge,2,12.0,19.26494910460514,-7.26494910460514,7.26494910460514
DVST_XI_Griffin_16-19_07_2024_16_08.46.09_trainee_15_glove cut_1.csv,trainee,15,trainee__participant_15,glove_cut,1,A_kinematics_all,ridge,2,17.0,19.973380573232212,-2.9733805732322125,2.9733805732322125
DVST_XI_Griffin_16-19_07_2024_16_08.46.09_trainee_15_ring rollercoaster_1.csv,trainee,15,trainee__participant_15,ring_rollercoaster,1,A_kinematics_all,ridge,2,18.0,19.510622606324056,-1.5106226063240555,1.5106226063240555
DVST_XI_Griffin_16-19_07_2024_16_08.46.09_trainee_15_sea spikes_1.csv,trainee,15,trainee__participant_15,sea_spikes,1,A_kinematics_all,ridge,2,20.0,16.80251985776865,3.197480142231349,3.197480142231349
DVST_XI_Griffin_16-19_07_2024_16_08.46.09_trainee_15_suture_1.csv,trainee,15,trainee__participant_15,suture,1,A_kinematics_all,ridge,2,15.0,18.58342990043404,-3.583429900434041,3.583429900434041
DVST_XI_Griffin_16-19_07_2024_17_12.20.23_trainee_15_camera target_1.csv,trainee,15,trainee__participant_15,camera_target,1,A_kinematics_all,ridge,2,18.0,19.73174844101229,-1.7317484410122894,1.7317484410122894
DVST_XI_Griffin_16-19_07_2024_18_08.46.52_trainee_15_sea spikes_2.csv,trainee,15,trainee__participant_15,sea_spikes,2,A_kinematics_all,ridge,2,23.0,21.345204437786478,1.654795562213522,1.654795562213522
DVST_XI_Griffin_16-19_07_2024_18_08.46.52_trainee_15_suture_2.csv,trainee,15,trainee__participant_15,suture,2,A_kinematics_all,ridge,2,26.0,21.28013087271428,4.719869127285719,4.719869127285719
DVST_XI_Griffin_29_sep-1_oct_2024_29_09.07.40_trainee_17_camera target_1.csv,trainee,17,trainee__participant_17,camera_target,1,A_kinematics_all,ridge,2,23.0,17.38871652484149,5.611283475158508,5.611283475158508
DVST_XI_Griffin_29_sep-1_oct_2024_29_09.07.40_trainee_17_suture_1.csv,trainee,17,trainee__participant_17,suture,1,A_kinematics_all,ridge,2,15.0,18.938623206201605,-3.938623206201605,3.938623206201605
DVST_XI_Griffin_29_sep-1_oct_2024_30_12.18.00_trainee_17_glove cut_2.csv,trainee,17,trainee__participant_17,glove_cut,2,A_kinematics_all,ridge,2,22.0,20.36795499199536,1.6320450080046385,1.6320450080046385
DVST_XI_Griffin_29_sep-1_oct_2024_30_12.18.00_trainee_17_ring rollercoaster_2.csv,trainee,17,trainee__participant_17,ring_rollercoaster,2,A_kinematics_all,ridge,2,22.0,21.345824553193474,0.6541754468065264,0.6541754468065264
DVST_XI_Griffin_29_sep-1_oct_2024_30_12.18.00_trainee_17_sea spikes_2.csv,trainee,17,trainee__participant_17,sea_spikes,2,A_kinematics_all,ridge,2,22.0,21.730460827348136,0.26953917265186433,0.26953917265186433
DVST_XI_14-16_Feb_2024_14_09.13.16_trainee_2_camera target_1.csv,trainee,2,trainee__participant_2,camera_target,1,A_kinematics_all,ridge,3,17.0,15.61825329288942,1.3817467071105796,1.3817467071105796
DVST_XI_14-16_Feb_2024_14_09.13.16_trainee_2_glove cut_1.csv,trainee,2,trainee__participant_2,glove_cut,1,A_kinematics_all,ridge,3,13.0,19.18815493763857,-6.1881549376385685,6.1881549376385685
DVST_XI_14-16_Feb_2024_14_09.13.16_trainee_2_ring rollercoaster_1.csv,trainee,2,trainee__participant_2,ring_rollercoaster,1,A_kinematics_all,ridge,3,14.0,17.370621010237983,-3.3706210102379828,3.3706210102379828
DVST_XI_14-16_Feb_2024_14_09.13.16_trainee_2_sea spikes_1.csv,trainee,2,trainee__participant_2,sea_spikes,1,A_kinematics_all,ridge,3,15.0,18.663414174287247,-3.6634141742872472,3.6634141742872472
DVST_XI_14-16_Feb_2024_14_09.13.16_trainee_2_suture_1.csv,trainee,2,trainee__participant_2,suture,1,A_kinematics_all,ridge,3,19.0,17.067377058313017,1.932622941686983,1.932622941686983
DVST_XI_14-16_Feb_2024_14_09.13.16_trainee_4_camera target_1.csv,trainee,4,trainee__participant_4,camera_target,1,A_kinematics_all,ridge,3,16.0,16.737509092235324,-0.7375090922353245,0.7375090922353245
DVST_XI_14-16_Feb_2024_14_09.13.16_trainee_4_glove cut_1.csv,trainee,4,trainee__participant_4,glove_cut,1,A_kinematics_all,ridge,3,23.0,18.678331567440907,4.321668432559093,4.321668432559093
DVST_XI_14-16_Feb_2024_14_09.13.16_trainee_4_ring rollercoaster_1.csv,trainee,4,trainee__participant_4,ring_rollercoaster,1,A_kinematics_all,ridge,3,14.0,16.147886807329527,-2.1478868073295274,2.1478868073295274
DVST_XI_14-16_Feb_2024_14_09.13.16_trainee_4_sea spikes_1.csv,trainee,4,trainee__participant_4,sea_spikes,1,A_kinematics_all,ridge,3,18.0,18.189486168680762,-0.1894861686807623,0.1894861686807623
DVST_XI_14-16_Feb_2024_14_09.13.16_trainee_4_suture_1.csv,trainee,4,trainee__participant_4,suture,1,A_kinematics_all,ridge,3,18.0,17.25371581487368,0.7462841851263207,0.7462841851263207
DVST_XI_14-16_Feb_2024_16_08.32.59_trainee_2_camera target_2.csv,trainee,2,trainee__participant_2,camera_target,2,A_kinematics_all,ridge,3,16.0,16.03753620554636,-0.037536205546359724,0.037536205546359724
DVST_XI_14-16_Feb_2024_16_08.32.59_trainee_2_glove cut_2.csv,trainee,2,trainee__participant_2,glove_cut,2,A_kinematics_all,ridge,3,19.0,18.100132116200786,0.8998678837992138,0.8998678837992138
DVST_XI_14-16_Feb_2024_16_08.32.59_trainee_2_ring rollercoaster_2.csv,trainee,2,trainee__participant_2,ring_rollercoaster,2,A_kinematics_all,ridge,3,21.0,16.438732937964254,4.561267062035746,4.561267062035746
DVST_XI_14-16_Feb_2024_16_08.32.59_trainee_2_sea spikes_2.csv,trainee,2,trainee__participant_2,sea_spikes,2,A_kinematics_all,ridge,3,17.0,20.219838245113095,-3.2198382451130954,3.2198382451130954
DVST_XI_14-16_Feb_2024_16_08.32.59_trainee_2_suture_2.csv,trainee,2,trainee__participant_2,suture,2,A_kinematics_all,ridge,3,22.0,20.973408641585742,1.026591358414258,1.026591358414258
DVST_XI_14-16_Feb_2024_16_08.32.59_trainee_4_camera target_2.csv,trainee,4,trainee__participant_4,camera_target,2,A_kinematics_all,ridge,3,23.0,17.123866073162507,5.876133926837493,5.876133926837493
DVST_XI_19-22_May_2025_22_09.34.36_trainee_40_camera target_2.csv,trainee,40,trainee__participant_40,camera_target,2,A_kinematics_all,ridge,3,24.0,25.404342089650076,-1.4043420896500756,1.4043420896500756
DVST_XI_19-22_May_2025_22_09.34.36_trainee_42_camera target_2.csv,trainee,42,trainee__participant_42,camera_target,2,A_kinematics_all,ridge,3,19.0,-7.788529191660267,26.788529191660267,26.788529191660267
DVST_XI_6-8_Mar_2025_06_10.41.14_trainee_32_camera target_1.csv,trainee,32,trainee__participant_32,camera_target,1,A_kinematics_all,ridge,3,20.0,20.49095818745164,-0.4909581874516391,0.4909581874516391
DVST_XI_6-8_Mar_2025_06_10.41.14_trainee_32_ring rollercoaster_1.csv,trainee,32,trainee__participant_32,ring_rollercoaster,1,A_kinematics_all,ridge,3,17.0,17.053057390138477,-0.05305739013847699,0.05305739013847699
DVST_XI_6-8_Mar_2025_06_10.41.14_trainee_32_sea spikes_1.csv,trainee,32,trainee__participant_32,sea_spikes,1,A_kinematics_all,ridge,3,14.0,22.810401172066545,-8.810401172066545,8.810401172066545
DVST_XI_6-8_Mar_2025_07_11.56.53_trainee_32_glove cut_1.csv,trainee,32,trainee__participant_32,glove_cut,1,A_kinematics_all,ridge,3,13.0,20.711046132629562,-7.711046132629562,7.711046132629562
DVST_XI_7-11_Mar_2024_08_13.12.17_trainee_11_ring rollercoaster_1.csv,trainee,11,trainee__participant_11,ring_rollercoaster,1,A_kinematics_all,ridge,3,18.0,17.620101745385014,0.37989825461498583,0.37989825461498583
DVST_XI_7-11_Mar_2024_08_13.12.17_trainee_11_sea spikes_1.csv,trainee,11,trainee__participant_11,sea_spikes,1,A_kinematics_all,ridge,3,18.0,18.426451013597795,-0.426451013597795,0.426451013597795
DVST_XI_7-11_Mar_2024_08_13.12.17_trainee_7_ring rollercoaster_1.csv,trainee,7,trainee__participant_7,ring_rollercoaster,1,A_kinematics_all,ridge,3,15.0,15.827072100541512,-0.8270721005415123,0.8270721005415123
DVST_XI_7-11_Mar_2024_08_13.12.17_trainee_7_sea spikes_1.csv,trainee,7,trainee__participant_7,sea_spikes,1,A_kinematics_all,ridge,3,19.0,15.733489012259529,3.266510987740471,3.266510987740471
DVST_XI_7-11_Mar_2024_09_10.19.01_trainee_11_camera target_1.csv,trainee,11,trainee__participant_11,camera_target,1,A_kinematics_all,ridge,3,10.0,11.731599736992766,-1.7315997369927665,1.7315997369927665
DVST_XI_7-11_Mar_2024_09_10.19.01_trainee_11_glove cut_1.csv,trainee,11,trainee__participant_11,glove_cut,1,A_kinematics_all,ridge,3,18.0,16.726098776235983,1.2739012237640175,1.2739012237640175
DVST_XI_7-11_Mar_2024_09_10.19.01_trainee_7_camera target_1.csv,trainee,7,trainee__participant_7,camera_target,1,A_kinematics_all,ridge,3,17.0,16.21442032149875,0.7855796785012501,0.7855796785012501
DVST_XI_7-11_Mar_2024_09_10.19.01_trainee_7_glove cut_1.csv,trainee,7,trainee__participant_7,glove_cut,1,A_kinematics_all,ridge,3,15.0,15.06982720538113,-0.06982720538113085,0.06982720538113085
DVST_XI_7-11_Mar_2024_09_13.46.11_trainee_11_suture_1.csv,trainee,11,trainee__participant_11,suture,1,A_kinematics_all,ridge,3,18.0,19.175377690771768,-1.175377690771768,1.175377690771768
DVST_XI_7-11_Mar_2024_09_13.46.11_trainee_7_suture_1.csv,trainee,7,trainee__participant_7,suture,1,A_kinematics_all,ridge,3,17.0,18.67414106473671,-1.674141064736709,1.674141064736709
DVST_XI_Griffin_29_sep-1_oct_2024_29_09.07.40_trainee_21_camera target_1.csv,trainee,21,trainee__participant_21,camera_target,1,A_kinematics_all,ridge,3,19.0,19.62123561831242,-0.6212356183124186,0.6212356183124186
DVST_XI_Griffin_29_sep-1_oct_2024_29_09.07.40_trainee_21_suture_1.csv,trainee,21,trainee__participant_21,suture,1,A_kinematics_all,ridge,3,18.0,18.778974219100764,-0.778974219100764,0.778974219100764
DVST_XI_Griffin_29_sep-1_oct_2024_30_12.18.00_trainee_21_glove cut_2.csv,trainee,21,trainee__participant_21,glove_cut,2,A_kinematics_all,ridge,3,25.0,20.116240641331423,4.883759358668577,4.883759358668577
DVST_XI_Griffin_29_sep-1_oct_2024_30_12.18.00_trainee_21_ring rollercoaster_2.csv,trainee,21,trainee__participant_21,ring_rollercoaster,2,A_kinematics_all,ridge,3,22.0,18.971609147794346,3.0283908522056535,3.0283908522056535
DVST_XI_Griffin_29_sep-1_oct_2024_30_12.18.00_trainee_21_sea spikes_2.csv,trainee,21,trainee__participant_21,sea_spikes,2,A_kinematics_all,ridge,3,22.0,20.171234405682025,1.828765594317975,1.828765594317975
DVST_XI_Griffin_29_sep-1_oct_2024_30_12.18.00_trainee_21_suture_2.csv,trainee,21,trainee__participant_21,suture,2,A_kinematics_all,ridge,3,23.0,20.860856329249902,2.139143670750098,2.139143670750098
DVST_XI_19-22_May_2025_22_09.34.36_trainee_39_camera target_2.csv,trainee,39,trainee__participant_39,camera_target,2,A_kinematics_all,ridge,4,19.0,24.05155319682666,-5.05155319682666,5.05155319682666
DVST_XI_6-8_Mar_2025_06_10.41.14_trainee_33_camera target_1.csv,trainee,33,trainee__participant_33,camera_target,1,A_kinematics_all,ridge,4,23.0,20.768554600145425,2.231445399854575,2.231445399854575
DVST_XI_6-8_Mar_2025_06_10.41.14_trainee_33_ring rollercoaster_1.csv,trainee,33,trainee__participant_33,ring_rollercoaster,1,A_kinematics_all,ridge,4,21.0,20.531854923181353,0.46814507681864725,0.46814507681864725
DVST_XI_6-8_Mar_2025_06_10.41.14_trainee_33_sea spikes_1.csv,trainee,33,trainee__participant_33,sea_spikes,1,A_kinematics_all,ridge,4,16.0,18.715857716357636,-2.715857716357636,2.715857716357636
DVST_XI_6-8_Mar_2025_06_10.41.14_trainee_35_ring rollercoaster_1.csv,trainee,35,trainee__participant_35,ring_rollercoaster,1,A_kinematics_all,ridge,4,18.0,17.092213414012356,0.907786585987644,0.907786585987644
DVST_XI_6-8_Mar_2025_06_10.41.14_trainee_35_sea spikes_1.csv,trainee,35,trainee__participant_35,sea_spikes,1,A_kinematics_all,ridge,4,15.0,17.11062561728692,-2.110625617286921,2.110625617286921
DVST_XI_6-8_Mar_2025_06_10.41.14_trainee_36_ring rollercoaster_1.csv,trainee,36,trainee__participant_36,ring_rollercoaster,1,A_kinematics_all,ridge,4,19.0,16.599846735403613,2.400153264596387,2.400153264596387
DVST_XI_6-8_Mar_2025_06_10.41.14_trainee_36_sea spikes_1.csv,trainee,36,trainee__participant_36,sea_spikes,1,A_kinematics_all,ridge,4,16.0,16.49286204211658,-0.492862042116581,0.492862042116581
DVST_XI_6-8_Mar_2025_07_11.56.53_trainee_33_camera target_2.csv,trainee,33,trainee__participant_33,camera_target,2,A_kinematics_all,ridge,4,19.0,20.685140778536176,-1.6851407785361765,1.6851407785361765
DVST_XI_6-8_Mar_2025_07_11.56.53_trainee_33_glove cut_1.csv,trainee,33,trainee__participant_33,glove_cut,1,A_kinematics_all,ridge,4,18.0,19.10981641560998,-1.1098164156099806,1.1098164156099806
DVST_XI_6-8_Mar_2025_07_11.56.53_trainee_33_sea spikes_2.csv,trainee,33,trainee__participant_33,sea_spikes,2,A_kinematics_all,ridge,4,20.0,19.15736058212476,0.8426394178752403,0.8426394178752403
DVST_XI_6-8_Mar_2025_07_11.56.53_trainee_35_camera target_2.csv,trainee,35,trainee__participant_35,camera_target,2,A_kinematics_all,ridge,4,18.0,21.0680287071642,-3.068028707164199,3.068028707164199
DVST_XI_6-8_Mar_2025_07_11.56.53_trainee_35_glove cut_1.csv,trainee,35,trainee__participant_35,glove_cut,1,A_kinematics_all,ridge,4,16.0,19.547265278574987,-3.5472652785749865,3.5472652785749865
DVST_XI_6-8_Mar_2025_07_11.56.53_trainee_35_sea spikes_2.csv,trainee,35,trainee__participant_35,sea_spikes,2,A_kinematics_all,ridge,4,21.0,20.149134199020565,0.8508658009794345,0.8508658009794345
DVST_XI_6-8_Mar_2025_07_11.56.53_trainee_36_glove cut_1.csv,trainee,36,trainee__participant_36,glove_cut,1,A_kinematics_all,ridge,4,18.0,18.670196333218833,-0.6701963332188328,0.6701963332188328
DVST_XI_7-11_Jul_2025_10_09.40.17_expert_6_camera target_1.csv,expert,6,expert__participant_6,camera_target,1,A_kinematics_all,ridge,4,25.0,22.112369430440143,2.8876305695598568,2.8876305695598568
DVST_XI_7-11_Jul_2025_10_09.40.17_expert_6_suture_1.csv,expert,6,expert__participant_6,suture,1,A_kinematics_all,ridge,4,26.0,22.22660156231543,3.7733984376845697,3.7733984376845697
DVST_XI_7-11_Mar_2024_08_13.12.17_trainee_10_ring rollercoaster_1.csv,trainee,10,trainee__participant_10,ring_rollercoaster,1,A_kinematics_all,ridge,4,14.0,18.91407395113022,-4.91407395113022,4.91407395113022
DVST_XI_7-11_Mar_2024_08_13.12.17_trainee_10_sea spikes_1.csv,trainee,10,trainee__participant_10,sea_spikes,1,A_kinematics_all,ridge,4,22.0,16.035442236790676,5.964557763209324,5.964557763209324
DVST_XI_7-11_Mar_2024_09_10.19.01_trainee_10_camera target_1.csv,trainee,10,trainee__participant_10,camera_target,1,A_kinematics_all,ridge,4,14.0,19.23510057923842,-5.23510057923842,5.23510057923842
DVST_XI_7-11_Mar_2024_09_10.19.01_trainee_10_glove cut_1.csv,trainee,10,trainee__participant_10,glove_cut,1,A_kinematics_all,ridge,4,18.0,15.192608078607964,2.8073919213920355,2.8073919213920355
DVST_XI_7-11_Mar_2024_09_13.46.11_trainee_10_suture_1.csv,trainee,10,trainee__participant_10,suture,1,A_kinematics_all,ridge,4,19.0,19.703051194466553,-0.7030511944665534,0.7030511944665534
DVST_XI_Griffin_16-19_07_2024_16_08.46.09_trainee_16_glove cut_1.csv,trainee,16,trainee__participant_16,glove_cut,1,A_kinematics_all,ridge,4,15.0,18.316400718801603,-3.316400718801603,3.316400718801603
DVST_XI_Griffin_16-19_07_2024_16_08.46.09_trainee_16_ring rollercoaster_1.csv,trainee,16,trainee__participant_16,ring_rollercoaster,1,A_kinematics_all,ridge,4,20.0,19.055877983442837,0.9441220165571629,0.9441220165571629
DVST_XI_Griffin_16-19_07_2024_16_08.46.09_trainee_16_sea spikes_1.csv,trainee,16,trainee__participant_16,sea_spikes,1,A_kinematics_all,ridge,4,16.0,17.660074257079906,-1.6600742570799056,1.6600742570799056
DVST_XI_Griffin_16-19_07_2024_16_08.46.09_trainee_16_suture_1.csv,trainee,16,trainee__participant_16,suture,1,A_kinematics_all,ridge,4,21.0,18.240613760279135,2.7593862397208646,2.7593862397208646
DVST_XI_Griffin_16-19_07_2024_17_12.20.23_trainee_16_camera target_1.csv,trainee,16,trainee__participant_16,camera_target,1,A_kinematics_all,ridge,4,23.0,20.308695141648506,2.6913048583514936,2.6913048583514936
DVST_XI_Griffin_16-19_07_2024_17_12.20.23_trainee_16_ring rollercoaster_2.csv,trainee,16,trainee__participant_16,ring_rollercoaster,2,A_kinematics_all,ridge,4,23.0,19.915125837198566,3.084874162801434,3.084874162801434
DVST_XI_Griffin_16-19_07_2024_18_08.46.52_trainee_16_sea spikes_2.csv,trainee,16,trainee__participant_16,sea_spikes,2,A_kinematics_all,ridge,4,21.0,20.068594696809075,0.9314053031909246,0.9314053031909246
DVST_XI_Griffin_16-19_07_2024_18_08.46.52_trainee_16_suture_2.csv,trainee,16,trainee__participant_16,suture,2,A_kinematics_all,ridge,4,29.0,21.420034813771164,7.579965186228836,7.579965186228836
DVST_XI_Griffin_16-19_07_2024_19_09.39.41_trainee_16_camera target_2.csv,trainee,16,trainee__participant_16,camera_target,2,A_kinematics_all,ridge,4,23.0,21.438504398582026,1.561495601417974,1.561495601417974
DVST_XI_Griffin_16-19_07_2024_19_09.39.41_trainee_16_glove cut_2.csv,trainee,16,trainee__participant_16,glove_cut,2,A_kinematics_all,ridge,4,24.0,17.0305797262317,6.9694202737683,6.9694202737683
DVST_XI_Griffin_29_sep-1_oct_2024_29_09.07.40_trainee_18_camera target_1.csv,trainee,18,trainee__participant_18,camera_target,1,A_kinematics_all,ridge,4,19.0,21.345279256170524,-2.3452792561705245,2.3452792561705245
DVST_XI_Griffin_29_sep-1_oct_2024_29_09.07.40_trainee_18_suture_1.csv,trainee,18,trainee__participant_18,suture,1,A_kinematics_all,ridge,4,12.0,17.04582733538002,-5.045827335380022,5.045827335380022
DVST_XI_Griffin_29_sep-1_oct_2024_30_12.18.00_trainee_18_glove cut_2.csv,trainee,18,trainee__participant_18,glove_cut,2,A_kinematics_all,ridge,4,22.0,19.910519286721485,2.0894807132785154,2.0894807132785154
DVST_XI_Griffin_29_sep-1_oct_2024_30_12.18.00_trainee_18_ring rollercoaster_2.csv,trainee,18,trainee__participant_18,ring_rollercoaster,2,A_kinematics_all,ridge,4,24.0,19.795112114978217,4.204887885021783,4.204887885021783
DVST_XI_Griffin_29_sep-1_oct_2024_30_12.18.00_trainee_18_sea spikes_2.csv,trainee,18,trainee__participant_18,sea_spikes,2,A_kinematics_all,ridge,4,22.0,20.223224596250763,1.7767754037492374,1.7767754037492374
DVST_XI_Griffin_29_sep-1_oct_2024_30_12.18.00_trainee_18_suture_2.csv,trainee,18,trainee__participant_18,suture,2,A_kinematics_all,ridge,4,22.0,20.565428803338353,1.434571196661647,1.434571196661647
DVST_XI_10-13_Nov_2025_12_10.36.46_expert_9_camera target_1.csv,expert,9,expert__participant_9,camera_target,1,A_kinematics_all,ridge,5,28.0,23.380665544836223,4.619334455163777,4.619334455163777
DVST_XI_10-13_Nov_2025_12_10.36.46_expert_9_glove cut_1.csv,expert,9,expert__participant_9,glove_cut,1,A_kinematics_all,ridge,5,29.0,22.307686457539987,6.692313542460013,6.692313542460013
DVST_XI_10-13_Nov_2025_12_10.36.46_expert_9_ring rollercoaster_1.csv,expert,9,expert__participant_9,ring_rollercoaster,1,A_kinematics_all,ridge,5,29.0,21.771359269545094,7.228640730454906,7.228640730454906
DVST_XI_10-13_Nov_2025_12_10.36.46_expert_9_sea spikes_1.csv,expert,9,expert__participant_9,sea_spikes,1,A_kinematics_all,ridge,5,29.0,22.057323176387584,6.942676823612416,6.942676823612416
DVST_XI_10-13_Nov_2025_12_10.36.46_expert_9_suture_1.csv,expert,9,expert__participant_9,suture,1,A_kinematics_all,ridge,5,28.0,23.211188734239645,4.788811265760355,4.788811265760355
DVST_XI_19-22_May_2025_21_09.43.23_expert_5_camera target_1.csv,expert,5,expert__participant_5,camera_target,1,A_kinematics_all,ridge,5,30.0,22.100278768934597,7.899721231065403,7.899721231065403
DVST_XI_19-22_May_2025_21_09.43.23_expert_5_suture_1.csv,expert,5,expert__participant_5,suture,1,A_kinematics_all,ridge,5,29.0,21.932886578812784,7.067113421187216,7.067113421187216
DVST_XI_19-22_May_2025_22_09.34.36_trainee_38_camera target_2.csv,trainee,38,trainee__participant_38,camera_target,2,A_kinematics_all,ridge,5,22.0,24.629603013869758,-2.629603013869758,2.629603013869758
DVST_XI_6-8_Mar_2025_06_10.41.14_trainee_31_ring rollercoaster_1.csv,trainee,31,trainee__participant_31,ring_rollercoaster,1,A_kinematics_all,ridge,5,15.0,19.301778200898532,-4.301778200898532,4.301778200898532
DVST_XI_6-8_Mar_2025_06_10.41.14_trainee_31_sea spikes_1.csv,trainee,31,trainee__participant_31,sea_spikes,1,A_kinematics_all,ridge,5,13.0,18.609020107588446,-5.609020107588446,5.609020107588446
DVST_XI_6-8_Mar_2025_07_11.56.53_trainee_31_glove cut_1.csv,trainee,31,trainee__participant_31,glove_cut,1,A_kinematics_all,ridge,5,16.0,18.971285783497407,-2.9712857834974074,2.9712857834974074
DVST_XI_7-11_Mar_2024_08_13.12.17_trainee_9_ring rollercoaster_1.csv,trainee,9,trainee__participant_9,ring_rollercoaster,1,A_kinematics_all,ridge,5,14.0,18.404215760279634,-4.404215760279634,4.404215760279634
DVST_XI_7-11_Mar_2024_08_13.12.17_trainee_9_sea spikes_1.csv,trainee,9,trainee__participant_9,sea_spikes,1,A_kinematics_all,ridge,5,18.0,16.76411621324581,1.23588378675419,1.23588378675419
DVST_XI_7-11_Mar_2024_09_10.19.01_trainee_9_camera target_1.csv,trainee,9,trainee__participant_9,camera_target,1,A_kinematics_all,ridge,5,19.0,18.515756920654407,0.4842430793455925,0.4842430793455925
DVST_XI_7-11_Mar_2024_09_10.19.01_trainee_9_glove cut_1.csv,trainee,9,trainee__participant_9,glove_cut,1,A_kinematics_all,ridge,5,18.0,17.454914303533332,0.5450856964666677,0.5450856964666677
DVST_XI_7-11_Mar_2024_09_13.46.11_trainee_9_suture_1.csv,trainee,9,trainee__participant_9,suture,1,A_kinematics_all,ridge,5,16.0,18.437418771454613,-2.437418771454613,2.437418771454613
DVST_XI_Griffin_16-19_07_2024_16_08.46.09_trainee_14_glove cut_1.csv,trainee,14,trainee__participant_14,glove_cut,1,A_kinematics_all,ridge,5,11.0,18.90991940064817,-7.909919400648171,7.909919400648171
DVST_XI_Griffin_16-19_07_2024_16_08.46.09_trainee_14_ring rollercoaster_1.csv,trainee,14,trainee__participant_14,ring_rollercoaster,1,A_kinematics_all,ridge,5,16.0,19.902823060204952,-3.902823060204952,3.902823060204952
DVST_XI_Griffin_16-19_07_2024_16_08.46.09_trainee_14_sea spikes_1.csv,trainee,14,trainee__participant_14,sea_spikes,1,A_kinematics_all,ridge,5,12.0,15.48469518047133,-3.4846951804713306,3.4846951804713306
DVST_XI_Griffin_16-19_07_2024_16_08.46.09_trainee_14_suture_1.csv,trainee,14,trainee__participant_14,suture,1,A_kinematics_all,ridge,5,15.0,19.72806055938947,-4.728060559389469,4.728060559389469
DVST_XI_Griffin_16-19_07_2024_17_12.20.23_trainee_13_camera target_1.csv,trainee,13,trainee__participant_13,camera_target,1,A_kinematics_all,ridge,5,19.0,19.889692537590015,-0.8896925375900153,0.8896925375900153
DVST_XI_Griffin_16-19_07_2024_17_12.20.23_trainee_13_glove cut_1.csv,trainee,13,trainee__participant_13,glove_cut,1,A_kinematics_all,ridge,5,23.0,19.050559851769297,3.9494401482307033,3.9494401482307033
DVST_XI_Griffin_16-19_07_2024_17_12.20.23_trainee_13_ring rollercoaster_1.csv,trainee,13,trainee__participant_13,ring_rollercoaster,1,A_kinematics_all,ridge,5,17.0,20.10224141074749,-3.1022414107474887,3.1022414107474887
DVST_XI_Griffin_16-19_07_2024_17_12.20.23_trainee_13_ring rollercoaster_2.csv,trainee,13,trainee__participant_13,ring_rollercoaster,2,A_kinematics_all,ridge,5,22.0,21.661798050868597,0.33820194913140256,0.33820194913140256
DVST_XI_Griffin_16-19_07_2024_17_12.20.23_trainee_13_sea spikes_1.csv,trainee,13,trainee__participant_13,sea_spikes,1,A_kinematics_all,ridge,5,17.0,19.815727767864267,-2.815727767864267,2.815727767864267
DVST_XI_Griffin_16-19_07_2024_17_12.20.23_trainee_13_suture_1.csv,trainee,13,trainee__participant_13,suture,1,A_kinematics_all,ridge,5,23.0,20.582813178777222,2.417186821222778,2.417186821222778
DVST_XI_Griffin_16-19_07_2024_17_12.20.23_trainee_14_camera target_1.csv,trainee,14,trainee__participant_14,camera_target,1,A_kinematics_all,ridge,5,14.0,16.795240618271645,-2.795240618271645,2.795240618271645
DVST_XI_Griffin_16-19_07_2024_18_08.46.52_trainee_13_sea spikes_2.csv,trainee,13,trainee__participant_13,sea_spikes,2,A_kinematics_all,ridge,5,21.0,21.523608216429995,-0.5236082164299951,0.5236082164299951
DVST_XI_Griffin_16-19_07_2024_18_08.46.52_trainee_13_suture_2.csv,trainee,13,trainee__participant_13,suture,2,A_kinematics_all,ridge,5,28.0,21.433467214872252,6.566532785127748,6.566532785127748
DVST_XI_Griffin_16-19_07_2024_18_08.46.52_trainee_14_sea spikes_2.csv,trainee,14,trainee__participant_14,sea_spikes,2,A_kinematics_all,ridge,5,20.0,19.736732266275503,0.2632677337244971,0.2632677337244971
DVST_XI_Griffin_16-19_07_2024_18_08.46.52_trainee_14_suture_2.csv,trainee,14,trainee__participant_14,suture,2,A_kinematics_all,ridge,5,29.0,22.935995193428262,6.064004806571738,6.064004806571738
DVST_XI_Griffin_16-19_07_2024_19_09.39.41_trainee_13_camera target_2.csv,trainee,13,trainee__participant_13,camera_target,2,A_kinematics_all,ridge,5,17.0,21.90161515597149,-4.901615155971491,4.901615155971491
DVST_XI_Griffin_16-19_07_2024_19_09.39.41_trainee_14_glove cut_2.csv,trainee,14,trainee__participant_14,glove_cut,2,A_kinematics_all,ridge,5,18.0,19.20829828773959,-1.2082982877395914,1.2082982877395914
DVST_XI_Griffin_29_sep-1_oct_2024_29_09.07.40_trainee_20_camera target_1.csv,trainee,20,trainee__participant_20,camera_target,1,A_kinematics_all,ridge,5,15.0,16.258402691695103,-1.2584026916951032,1.2584026916951032
DVST_XI_Griffin_29_sep-1_oct_2024_29_09.07.40_trainee_20_suture_1.csv,trainee,20,trainee__participant_20,suture,1,A_kinematics_all,ridge,5,13.0,16.37648113401562,-3.37648113401562,3.37648113401562
DVST_XI_Griffin_29_sep-1_oct_2024_30_12.18.00_trainee_20_glove cut_2.csv,trainee,20,trainee__participant_20,glove_cut,2,A_kinematics_all,ridge,5,17.0,20.011964494045603,-3.0119644940456034,3.0119644940456034
DVST_XI_Griffin_29_sep-1_oct_2024_30_12.18.00_trainee_20_ring rollercoaster_2.csv,trainee,20,trainee__participant_20,ring_rollercoaster,2,A_kinematics_all,ridge,5,21.0,19.747450421081833,1.2525495789181669,1.2525495789181669
DVST_XI_Griffin_29_sep-1_oct_2024_30_12.18.00_trainee_20_sea spikes_2.csv,trainee,20,trainee__participant_20,sea_spikes,2,A_kinematics_all,ridge,5,21.0,20.461431708602202,0.538568291397798,0.538568291397798
DVST_XI_10-13_Nov_2025_12_10.36.46_expert_10_camera target_1.csv,expert,10,expert__participant_10,camera_target,1,A_kinematics_all,elastic_net,1,30.0,26.656571532821843,3.343428467178157,3.343428467178157
DVST_XI_10-13_Nov_2025_12_10.36.46_expert_10_glove cut_1.csv,expert,10,expert__participant_10,glove_cut,1,A_kinematics_all,elastic_net,1,28.0,24.028967057485556,3.9710329425144444,3.9710329425144444
DVST_XI_10-13_Nov_2025_12_10.36.46_expert_10_ring rollercoaster_1.csv,expert,10,expert__participant_10,ring_rollercoaster,1,A_kinematics_all,elastic_net,1,29.0,23.466411892890978,5.533588107109022,5.533588107109022
DVST_XI_10-13_Nov_2025_12_10.36.46_expert_10_sea spikes_1.csv,expert,10,expert__participant_10,sea_spikes,1,A_kinematics_all,elastic_net,1,29.0,23.144457315597744,5.855542684402256,5.855542684402256
DVST_XI_10-13_Nov_2025_12_10.36.46_expert_10_suture_1.csv,expert,10,expert__participant_10,suture,1,A_kinematics_all,elastic_net,1,30.0,25.746081633035008,4.253918366964992,4.253918366964992
DVST_XI_11-14_Aug_2025_13_11.33.24_expert_7_camera target_1.csv,expert,7,expert__participant_7,camera_target,1,A_kinematics_all,elastic_net,1,28.0,24.13646535915893,3.8635346408410705,3.8635346408410705
DVST_XI_11-14_Aug_2025_13_11.33.24_expert_7_suture_1.csv,expert,7,expert__participant_7,suture,1,A_kinematics_all,elastic_net,1,29.0,23.10564060669068,5.894359393309319,5.894359393309319
DVST_XI_11-14_Aug_2025_14_10.45.28_expert_8_camera target_1.csv,expert,8,expert__participant_8,camera_target,1,A_kinematics_all,elastic_net,1,28.0,22.30295514646093,5.697044853539069,5.697044853539069
DVST_XI_11-14_Aug_2025_14_10.45.28_expert_8_suture_1.csv,expert,8,expert__participant_8,suture,1,A_kinematics_all,elastic_net,1,29.0,24.81821263715336,4.1817873628466415,4.1817873628466415
DVST_XI_14-16_Feb_2024_14_09.13.16_trainee_5_camera target_1.csv,trainee,5,trainee__participant_5,camera_target,1,A_kinematics_all,elastic_net,1,7.0,15.35526831718418,-8.35526831718418,8.35526831718418
DVST_XI_14-16_Feb_2024_14_09.13.16_trainee_5_glove cut_1.csv,trainee,5,trainee__participant_5,glove_cut,1,A_kinematics_all,elastic_net,1,11.0,15.574107096483239,-4.574107096483239,4.574107096483239
DVST_XI_14-16_Feb_2024_14_09.13.16_trainee_5_ring rollercoaster_1.csv,trainee,5,trainee__participant_5,ring_rollercoaster,1,A_kinematics_all,elastic_net,1,17.0,13.49761455737252,3.50238544262748,3.50238544262748
DVST_XI_14-16_Feb_2024_14_09.13.16_trainee_5_sea spikes_1.csv,trainee,5,trainee__participant_5,sea_spikes,1,A_kinematics_all,elastic_net,1,16.0,15.67967660310471,0.3203233968952901,0.3203233968952901
DVST_XI_14-16_Feb_2024_14_09.13.16_trainee_5_suture_1.csv,trainee,5,trainee__participant_5,suture,1,A_kinematics_all,elastic_net,1,16.0,16.788163641577817,-0.7881636415778175,0.7881636415778175
DVST_XI_14-16_Feb_2024_16_08.32.59_trainee_5_camera target_2.csv,trainee,5,trainee__participant_5,camera_target,2,A_kinematics_all,elastic_net,1,21.0,19.222555480736055,1.7774445192639448,1.7774445192639448
DVST_XI_14-16_Feb_2024_16_08.32.59_trainee_5_glove cut_2.csv,trainee,5,trainee__participant_5,glove_cut,2,A_kinematics_all,elastic_net,1,19.0,15.737262976522452,3.2627370234775483,3.2627370234775483
DVST_XI_14-16_Feb_2024_16_08.32.59_trainee_5_ring rollercoaster_2.csv,trainee,5,trainee__participant_5,ring_rollercoaster,2,A_kinematics_all,elastic_net,1,23.0,15.989434266319437,7.010565733680563,7.010565733680563
DVST_XI_14-16_Feb_2024_16_08.32.59_trainee_5_sea spikes_2.csv,trainee,5,trainee__participant_5,sea_spikes,2,A_kinematics_all,elastic_net,1,21.0,19.062742452263116,1.937257547736884,1.937257547736884
DVST_XI_14-16_Feb_2024_16_08.32.59_trainee_5_suture_2.csv,trainee,5,trainee__participant_5,suture,2,A_kinematics_all,elastic_net,1,21.0,18.709717099698445,2.2902829003015555,2.2902829003015555
DVST_XI_19-22_May_2025_22_09.34.36_trainee_37_camera target_2.csv,trainee,37,trainee__participant_37,camera_target,2,A_kinematics_all,elastic_net,1,16.0,21.064848112275694,-5.064848112275694,5.064848112275694
DVST_XI_19-22_May_2025_22_09.34.36_trainee_41_camera target_2.csv,trainee,41,trainee__participant_41,camera_target,2,A_kinematics_all,elastic_net,1,20.0,20.54064225118871,-0.5406422511887108,0.5406422511887108
DVST_XI_7-11_Mar_2024_08_13.12.17_trainee_8_ring rollercoaster_1.csv,trainee,8,trainee__participant_8,ring_rollercoaster,1,A_kinematics_all,elastic_net,1,12.0,15.935313172147483,-3.9353131721474828,3.9353131721474828
DVST_XI_7-11_Mar_2024_08_13.12.17_trainee_8_sea spikes_1.csv,trainee,8,trainee__participant_8,sea_spikes,1,A_kinematics_all,elastic_net,1,18.0,17.19051203921284,0.809487960787159,0.809487960787159
DVST_XI_7-11_Mar_2024_09_10.19.01_trainee_8_camera target_1.csv,trainee,8,trainee__participant_8,camera_target,1,A_kinematics_all,elastic_net,1,10.0,14.443361191944494,-4.4433611919444935,4.4433611919444935
DVST_XI_7-11_Mar_2024_09_10.19.01_trainee_8_glove cut_1.csv,trainee,8,trainee__participant_8,glove_cut,1,A_kinematics_all,elastic_net,1,17.0,16.18831878652035,0.8116812134796483,0.8116812134796483
DVST_XI_7-11_Mar_2024_09_13.46.11_trainee_8_suture_1.csv,trainee,8,trainee__participant_8,suture,1,A_kinematics_all,elastic_net,1,17.0,19.548654306379355,-2.5486543063793548,2.5486543063793548
DVST_XI_Griffin_16-19_07_2024_16_08.46.09_trainee_12_glove cut_1.csv,trainee,12,trainee__participant_12,glove_cut,1,A_kinematics_all,elastic_net,1,21.0,18.935810519358338,2.0641894806416623,2.0641894806416623
DVST_XI_Griffin_16-19_07_2024_16_08.46.09_trainee_12_ring rollercoaster_1.csv,trainee,12,trainee__participant_12,ring_rollercoaster,1,A_kinematics_all,elastic_net,1,16.0,20.236140480657923,-4.236140480657923,4.236140480657923
DVST_XI_Griffin_16-19_07_2024_16_08.46.09_trainee_12_sea spikes_1.csv,trainee,12,trainee__participant_12,sea_spikes,1,A_kinematics_all,elastic_net,1,12.0,18.621518338352338,-6.621518338352338,6.621518338352338
DVST_XI_Griffin_16-19_07_2024_16_08.46.09_trainee_12_suture_1.csv,trainee,12,trainee__participant_12,suture,1,A_kinematics_all,elastic_net,1,20.0,23.09070841881045,-3.0907084188104506,3.0907084188104506
DVST_XI_Griffin_16-19_07_2024_17_12.20.23_trainee_12_camera target_1.csv,trainee,12,trainee__participant_12,camera_target,1,A_kinematics_all,elastic_net,1,16.0,21.788498874100995,-5.788498874100995,5.788498874100995
DVST_XI_Griffin_16-19_07_2024_18_08.46.52_trainee_12_sea spikes_2.csv,trainee,12,trainee__participant_12,sea_spikes,2,A_kinematics_all,elastic_net,1,19.0,24.492082727714166,-5.492082727714166,5.492082727714166
DVST_XI_Griffin_16-19_07_2024_18_08.46.52_trainee_12_suture_2.csv,trainee,12,trainee__participant_12,suture,2,A_kinematics_all,elastic_net,1,28.0,23.070144407773057,4.929855592226943,4.929855592226943
DVST_XI_Griffin_16-19_07_2024_19_09.39.41_trainee_12_glove cut_2.csv,trainee,12,trainee__participant_12,glove_cut,2,A_kinematics_all,elastic_net,1,20.0,18.03320036581598,1.9667996341840208,1.9667996341840208
DVST_XI_Griffin_29_sep-1_oct_2024_29_09.07.40_trainee_19_camera target_1.csv,trainee,19,trainee__participant_19,camera_target,1,A_kinematics_all,elastic_net,1,17.0,15.96307303856765,1.03692696143235,1.03692696143235
DVST_XI_Griffin_29_sep-1_oct_2024_29_09.07.40_trainee_19_suture_1.csv,trainee,19,trainee__participant_19,suture,1,A_kinematics_all,elastic_net,1,16.0,14.465007993203434,1.5349920067965659,1.5349920067965659
DVST_XI_Griffin_29_sep-1_oct_2024_30_12.18.00_trainee_19_glove cut_2.csv,trainee,19,trainee__participant_19,glove_cut,2,A_kinematics_all,elastic_net,1,17.0,18.5211049518498,-1.5211049518498,1.5211049518498
DVST_XI_Griffin_29_sep-1_oct_2024_30_12.18.00_trainee_19_ring rollercoaster_2.csv,trainee,19,trainee__participant_19,ring_rollercoaster,2,A_kinematics_all,elastic_net,1,22.0,18.092937125325054,3.9070628746749456,3.9070628746749456
DVST_XI_Griffin_29_sep-1_oct_2024_30_12.18.00_trainee_19_sea spikes_2.csv,trainee,19,trainee__participant_19,sea_spikes,2,A_kinematics_all,elastic_net,1,21.0,21.7233599702126,-0.7233599702125986,0.7233599702125986
DVST_XI_14-16_Feb_2024_14_09.13.16_trainee_1_camera target_1.csv,trainee,1,trainee__participant_1,camera_target,1,A_kinematics_all,elastic_net,2,17.0,18.573639286898796,-1.5736392868987963,1.5736392868987963
DVST_XI_14-16_Feb_2024_14_09.13.16_trainee_1_suture_1.csv,trainee,1,trainee__participant_1,suture,1,A_kinematics_all,elastic_net,2,19.0,17.686045259555325,1.3139547404446752,1.3139547404446752
DVST_XI_14-16_Feb_2024_14_09.13.16_trainee_3_camera target_1.csv,trainee,3,trainee__participant_3,camera_target,1,A_kinematics_all,elastic_net,2,15.0,18.625611811165303,-3.625611811165303,3.625611811165303
DVST_XI_14-16_Feb_2024_14_09.13.16_trainee_3_glove cut_1.csv,trainee,3,trainee__participant_3,glove_cut,1,A_kinematics_all,elastic_net,2,17.0,20.32778519462777,-3.3277851946277686,3.3277851946277686
DVST_XI_14-16_Feb_2024_14_09.13.16_trainee_3_ring rollercoaster_1.csv,trainee,3,trainee__participant_3,ring_rollercoaster,1,A_kinematics_all,elastic_net,2,12.0,17.797435289547934,-5.797435289547934,5.797435289547934
DVST_XI_14-16_Feb_2024_14_09.13.16_trainee_3_sea spikes_1.csv,trainee,3,trainee__participant_3,sea_spikes,1,A_kinematics_all,elastic_net,2,15.0,18.650041830847005,-3.6500418308470053,3.6500418308470053
DVST_XI_14-16_Feb_2024_14_09.13.16_trainee_3_suture_1.csv,trainee,3,trainee__participant_3,suture,1,A_kinematics_all,elastic_net,2,19.0,18.89020866148025,0.10979133851974865,0.10979133851974865
DVST_XI_14-16_Feb_2024_16_08.32.59_trainee_1_camera target_2.csv,trainee,1,trainee__participant_1,camera_target,2,A_kinematics_all,elastic_net,2,19.0,18.27385920212825,0.72614079787175,0.72614079787175
DVST_XI_14-16_Feb_2024_16_08.32.59_trainee_1_glove cut_2.csv,trainee,1,trainee__participant_1,glove_cut,2,A_kinematics_all,elastic_net,2,19.0,16.304342333407114,2.6956576665928864,2.6956576665928864
DVST_XI_14-16_Feb_2024_16_08.32.59_trainee_1_sea spikes_2.csv,trainee,1,trainee__participant_1,sea_spikes,2,A_kinematics_all,elastic_net,2,19.0,19.40434765343733,-0.4043476534373305,0.4043476534373305
DVST_XI_14-16_Feb_2024_16_08.32.59_trainee_1_suture_2.csv,trainee,1,trainee__participant_1,suture,2,A_kinematics_all,elastic_net,2,17.0,18.420486546422005,-1.420486546422005,1.420486546422005
DVST_XI_14-16_Feb_2024_16_08.32.59_trainee_3_camera target_2.csv,trainee,3,trainee__participant_3,camera_target,2,A_kinematics_all,elastic_net,2,23.0,18.425613850255527,4.574386149744473,4.574386149744473
DVST_XI_14-16_Feb_2024_16_08.32.59_trainee_3_glove cut_2.csv,trainee,3,trainee__participant_3,glove_cut,2,A_kinematics_all,elastic_net,2,19.0,19.243368388576393,-0.24336838857639265,0.24336838857639265
DVST_XI_14-16_Feb_2024_16_08.32.59_trainee_3_ring rollercoaster_2.csv,trainee,3,trainee__participant_3,ring_rollercoaster,2,A_kinematics_all,elastic_net,2,21.0,18.895441831427814,2.1045581685721864,2.1045581685721864
DVST_XI_14-16_Feb_2024_16_08.32.59_trainee_3_sea spikes_2.csv,trainee,3,trainee__participant_3,sea_spikes,2,A_kinematics_all,elastic_net,2,17.0,19.97652772167446,-2.9765277216744614,2.9765277216744614
DVST_XI_14-16_Feb_2024_16_08.32.59_trainee_3_suture_2.csv,trainee,3,trainee__participant_3,suture,2,A_kinematics_all,elastic_net,2,22.0,22.391510839889357,-0.39151083988935653,0.39151083988935653
DVST_XI_6-8_Mar_2025_06_10.41.14_trainee_34_camera target_1.csv,trainee,34,trainee__participant_34,camera_target,1,A_kinematics_all,elastic_net,2,18.0,12.482110093772576,5.517889906227424,5.517889906227424
DVST_XI_6-8_Mar_2025_06_10.41.14_trainee_34_ring rollercoaster_1.csv,trainee,34,trainee__participant_34,ring_rollercoaster,1,A_kinematics_all,elastic_net,2,14.0,14.407929574800374,-0.40792957480037373,0.40792957480037373
DVST_XI_6-8_Mar_2025_06_10.41.14_trainee_34_sea spikes_1.csv,trainee,34,trainee__participant_34,sea_spikes,1,A_kinematics_all,elastic_net,2,14.0,15.23453806742695,-1.23453806742695,1.23453806742695
DVST_XI_6-8_Mar_2025_07_11.56.53_trainee_34_glove cut_1.csv,trainee,34,trainee__participant_34,glove_cut,1,A_kinematics_all,elastic_net,2,12.0,13.066026798047242,-1.0660267980472415,1.0660267980472415
DVST_XI_6-8_Mar_2025_08_08.21.32_expert_3_camera target_1.csv,expert,3,expert__participant_3,camera_target,1,A_kinematics_all,elastic_net,2,27.0,18.688050849147984,8.311949150852016,8.311949150852016
DVST_XI_6-8_Mar_2025_08_08.21.32_expert_3_suture_1.csv,expert,3,expert__participant_3,suture,1,A_kinematics_all,elastic_net,2,28.0,18.134861958061997,9.865138041938003,9.865138041938003
DVST_XI_7-11_Mar_2024_08_13.12.17_trainee_6_ring rollercoaster_1.csv,trainee,6,trainee__participant_6,ring_rollercoaster,1,A_kinematics_all,elastic_net,2,16.0,19.17388787956722,-3.1738878795672214,3.1738878795672214
DVST_XI_7-11_Mar_2024_08_13.12.17_trainee_6_sea spikes_1.csv,trainee,6,trainee__participant_6,sea_spikes,1,A_kinematics_all,elastic_net,2,16.0,17.173605511047185,-1.1736055110471852,1.1736055110471852
DVST_XI_7-11_Mar_2024_09_10.19.01_trainee_6_glove cut_1.csv,trainee,6,trainee__participant_6,glove_cut,1,A_kinematics_all,elastic_net,2,15.0,14.136860759204772,0.8631392407952276,0.8631392407952276
DVST_XI_7-11_Mar_2024_09_13.46.11_trainee_6_suture_1.csv,trainee,6,trainee__participant_6,suture,1,A_kinematics_all,elastic_net,2,12.0,19.827400167951854,-7.827400167951854,7.827400167951854
DVST_XI_Griffin_16-19_07_2024_16_08.46.09_trainee_15_glove cut_1.csv,trainee,15,trainee__participant_15,glove_cut,1,A_kinematics_all,elastic_net,2,17.0,19.40134306597953,-2.4013430659795283,2.4013430659795283
DVST_XI_Griffin_16-19_07_2024_16_08.46.09_trainee_15_ring rollercoaster_1.csv,trainee,15,trainee__participant_15,ring_rollercoaster,1,A_kinematics_all,elastic_net,2,18.0,19.55199685586531,-1.5519968558653083,1.5519968558653083
DVST_XI_Griffin_16-19_07_2024_16_08.46.09_trainee_15_sea spikes_1.csv,trainee,15,trainee__participant_15,sea_spikes,1,A_kinematics_all,elastic_net,2,20.0,19.53072011379947,0.4692798862005283,0.4692798862005283
DVST_XI_Griffin_16-19_07_2024_16_08.46.09_trainee_15_suture_1.csv,trainee,15,trainee__participant_15,suture,1,A_kinematics_all,elastic_net,2,15.0,19.51750246828527,-4.517502468285269,4.517502468285269
DVST_XI_Griffin_16-19_07_2024_17_12.20.23_trainee_15_camera target_1.csv,trainee,15,trainee__participant_15,camera_target,1,A_kinematics_all,elastic_net,2,18.0,19.974117803056703,-1.9741178030567035,1.9741178030567035
DVST_XI_Griffin_16-19_07_2024_18_08.46.52_trainee_15_sea spikes_2.csv,trainee,15,trainee__participant_15,sea_spikes,2,A_kinematics_all,elastic_net,2,23.0,20.308167690110956,2.691832309889044,2.691832309889044
DVST_XI_Griffin_16-19_07_2024_18_08.46.52_trainee_15_suture_2.csv,trainee,15,trainee__participant_15,suture,2,A_kinematics_all,elastic_net,2,26.0,21.004377356871167,4.995622643128833,4.995622643128833
DVST_XI_Griffin_29_sep-1_oct_2024_29_09.07.40_trainee_17_camera target_1.csv,trainee,17,trainee__participant_17,camera_target,1,A_kinematics_all,elastic_net,2,23.0,17.544828007394965,5.455171992605035,5.455171992605035
DVST_XI_Griffin_29_sep-1_oct_2024_29_09.07.40_trainee_17_suture_1.csv,trainee,17,trainee__participant_17,suture,1,A_kinematics_all,elastic_net,2,15.0,18.465756287388935,-3.4657562873889347,3.4657562873889347
DVST_XI_Griffin_29_sep-1_oct_2024_30_12.18.00_trainee_17_glove cut_2.csv,trainee,17,trainee__participant_17,glove_cut,2,A_kinematics_all,elastic_net,2,22.0,18.81474372209243,3.1852562779075697,3.1852562779075697
DVST_XI_Griffin_29_sep-1_oct_2024_30_12.18.00_trainee_17_ring rollercoaster_2.csv,trainee,17,trainee__participant_17,ring_rollercoaster,2,A_kinematics_all,elastic_net,2,22.0,20.075008182186593,1.9249918178134067,1.9249918178134067
DVST_XI_Griffin_29_sep-1_oct_2024_30_12.18.00_trainee_17_sea spikes_2.csv,trainee,17,trainee__participant_17,sea_spikes,2,A_kinematics_all,elastic_net,2,22.0,20.936032405293833,1.0639675947061669,1.0639675947061669
DVST_XI_14-16_Feb_2024_14_09.13.16_trainee_2_camera target_1.csv,trainee,2,trainee__participant_2,camera_target,1,A_kinematics_all,elastic_net,3,17.0,15.813686944492733,1.1863130555072665,1.1863130555072665
DVST_XI_14-16_Feb_2024_14_09.13.16_trainee_2_glove cut_1.csv,trainee,2,trainee__participant_2,glove_cut,1,A_kinematics_all,elastic_net,3,13.0,18.672891354567234,-5.672891354567234,5.672891354567234
DVST_XI_14-16_Feb_2024_14_09.13.16_trainee_2_ring rollercoaster_1.csv,trainee,2,trainee__participant_2,ring_rollercoaster,1,A_kinematics_all,elastic_net,3,14.0,17.072429694978783,-3.0724296949787835,3.0724296949787835
DVST_XI_14-16_Feb_2024_14_09.13.16_trainee_2_sea spikes_1.csv,trainee,2,trainee__participant_2,sea_spikes,1,A_kinematics_all,elastic_net,3,15.0,17.74871558081592,-2.7487155808159187,2.7487155808159187
DVST_XI_14-16_Feb_2024_14_09.13.16_trainee_2_suture_1.csv,trainee,2,trainee__participant_2,suture,1,A_kinematics_all,elastic_net,3,19.0,16.17904100767803,2.8209589923219696,2.8209589923219696
DVST_XI_14-16_Feb_2024_14_09.13.16_trainee_4_camera target_1.csv,trainee,4,trainee__participant_4,camera_target,1,A_kinematics_all,elastic_net,3,16.0,17.103288182218087,-1.1032881822180869,1.1032881822180869
DVST_XI_14-16_Feb_2024_14_09.13.16_trainee_4_glove cut_1.csv,trainee,4,trainee__participant_4,glove_cut,1,A_kinematics_all,elastic_net,3,23.0,19.00424777901464,3.9957522209853593,3.9957522209853593
DVST_XI_14-16_Feb_2024_14_09.13.16_trainee_4_ring rollercoaster_1.csv,trainee,4,trainee__participant_4,ring_rollercoaster,1,A_kinematics_all,elastic_net,3,14.0,16.30070452175275,-2.300704521752749,2.300704521752749
DVST_XI_14-16_Feb_2024_14_09.13.16_trainee_4_sea spikes_1.csv,trainee,4,trainee__participant_4,sea_spikes,1,A_kinematics_all,elastic_net,3,18.0,17.643144077762578,0.3568559222374219,0.3568559222374219
DVST_XI_14-16_Feb_2024_14_09.13.16_trainee_4_suture_1.csv,trainee,4,trainee__participant_4,suture,1,A_kinematics_all,elastic_net,3,18.0,17.237115515623575,0.7628844843764249,0.7628844843764249
DVST_XI_14-16_Feb_2024_16_08.32.59_trainee_2_camera target_2.csv,trainee,2,trainee__participant_2,camera_target,2,A_kinematics_all,elastic_net,3,16.0,11.65504987342878,4.34495012657122,4.34495012657122
DVST_XI_14-16_Feb_2024_16_08.32.59_trainee_2_glove cut_2.csv,trainee,2,trainee__participant_2,glove_cut,2,A_kinematics_all,elastic_net,3,19.0,18.664268114072343,0.33573188592765746,0.33573188592765746
DVST_XI_14-16_Feb_2024_16_08.32.59_trainee_2_ring rollercoaster_2.csv,trainee,2,trainee__participant_2,ring_rollercoaster,2,A_kinematics_all,elastic_net,3,21.0,15.760922805337563,5.239077194662437,5.239077194662437
DVST_XI_14-16_Feb_2024_16_08.32.59_trainee_2_sea spikes_2.csv,trainee,2,trainee__participant_2,sea_spikes,2,A_kinematics_all,elastic_net,3,17.0,21.40021030809501,-4.400210308095009,4.400210308095009
DVST_XI_14-16_Feb_2024_16_08.32.59_trainee_2_suture_2.csv,trainee,2,trainee__participant_2,suture,2,A_kinematics_all,elastic_net,3,22.0,21.488478996941133,0.511521003058867,0.511521003058867
DVST_XI_14-16_Feb_2024_16_08.32.59_trainee_4_camera target_2.csv,trainee,4,trainee__participant_4,camera_target,2,A_kinematics_all,elastic_net,3,23.0,17.517017655605397,5.482982344394603,5.482982344394603
DVST_XI_19-22_May_2025_22_09.34.36_trainee_40_camera target_2.csv,trainee,40,trainee__participant_40,camera_target,2,A_kinematics_all,elastic_net,3,24.0,25.758172227986286,-1.758172227986286,1.758172227986286
DVST_XI_19-22_May_2025_22_09.34.36_trainee_42_camera target_2.csv,trainee,42,trainee__participant_42,camera_target,2,A_kinematics_all,elastic_net,3,19.0,-35.08891928587394,54.08891928587394,54.08891928587394
DVST_XI_6-8_Mar_2025_06_10.41.14_trainee_32_camera target_1.csv,trainee,32,trainee__participant_32,camera_target,1,A_kinematics_all,elastic_net,3,20.0,21.22876147550172,-1.2287614755017202,1.2287614755017202
DVST_XI_6-8_Mar_2025_06_10.41.14_trainee_32_ring rollercoaster_1.csv,trainee,32,trainee__participant_32,ring_rollercoaster,1,A_kinematics_all,elastic_net,3,17.0,17.989006340719747,-0.9890063407197474,0.9890063407197474
DVST_XI_6-8_Mar_2025_06_10.41.14_trainee_32_sea spikes_1.csv,trainee,32,trainee__participant_32,sea_spikes,1,A_kinematics_all,elastic_net,3,14.0,23.011131605311526,-9.011131605311526,9.011131605311526
DVST_XI_6-8_Mar_2025_07_11.56.53_trainee_32_glove cut_1.csv,trainee,32,trainee__participant_32,glove_cut,1,A_kinematics_all,elastic_net,3,13.0,20.235410735613208,-7.235410735613208,7.235410735613208
DVST_XI_7-11_Mar_2024_08_13.12.17_trainee_11_ring rollercoaster_1.csv,trainee,11,trainee__participant_11,ring_rollercoaster,1,A_kinematics_all,elastic_net,3,18.0,17.826222729017037,0.17377727098296347,0.17377727098296347
DVST_XI_7-11_Mar_2024_08_13.12.17_trainee_11_sea spikes_1.csv,trainee,11,trainee__participant_11,sea_spikes,1,A_kinematics_all,elastic_net,3,18.0,17.60125637217104,0.39874362782896,0.39874362782896
DVST_XI_7-11_Mar_2024_08_13.12.17_trainee_7_ring rollercoaster_1.csv,trainee,7,trainee__participant_7,ring_rollercoaster,1,A_kinematics_all,elastic_net,3,15.0,15.863438724969821,-0.8634387249698214,0.8634387249698214
DVST_XI_7-11_Mar_2024_08_13.12.17_trainee_7_sea spikes_1.csv,trainee,7,trainee__participant_7,sea_spikes,1,A_kinematics_all,elastic_net,3,19.0,16.149763769200035,2.8502362307999647,2.8502362307999647
DVST_XI_7-11_Mar_2024_09_10.19.01_trainee_11_camera target_1.csv,trainee,11,trainee__participant_11,camera_target,1,A_kinematics_all,elastic_net,3,10.0,10.734465202174475,-0.7344652021744746,0.7344652021744746
DVST_XI_7-11_Mar_2024_09_10.19.01_trainee_11_glove cut_1.csv,trainee,11,trainee__participant_11,glove_cut,1,A_kinematics_all,elastic_net,3,18.0,17.19355211989523,0.8064478801047699,0.8064478801047699
DVST_XI_7-11_Mar_2024_09_10.19.01_trainee_7_camera target_1.csv,trainee,7,trainee__participant_7,camera_target,1,A_kinematics_all,elastic_net,3,17.0,16.399466267961476,0.6005337320385244,0.6005337320385244
DVST_XI_7-11_Mar_2024_09_10.19.01_trainee_7_glove cut_1.csv,trainee,7,trainee__participant_7,glove_cut,1,A_kinematics_all,elastic_net,3,15.0,15.103263741805765,-0.10326374180576536,0.10326374180576536
DVST_XI_7-11_Mar_2024_09_13.46.11_trainee_11_suture_1.csv,trainee,11,trainee__participant_11,suture,1,A_kinematics_all,elastic_net,3,18.0,18.638724712264498,-0.6387247122644979,0.6387247122644979
DVST_XI_7-11_Mar_2024_09_13.46.11_trainee_7_suture_1.csv,trainee,7,trainee__participant_7,suture,1,A_kinematics_all,elastic_net,3,17.0,18.29324119437083,-1.2932411943708289,1.2932411943708289
DVST_XI_Griffin_29_sep-1_oct_2024_29_09.07.40_trainee_21_camera target_1.csv,trainee,21,trainee__participant_21,camera_target,1,A_kinematics_all,elastic_net,3,19.0,21.92062984970793,-2.920629849707929,2.920629849707929
DVST_XI_Griffin_29_sep-1_oct_2024_29_09.07.40_trainee_21_suture_1.csv,trainee,21,trainee__participant_21,suture,1,A_kinematics_all,elastic_net,3,18.0,22.872673794473084,-4.872673794473084,4.872673794473084
DVST_XI_Griffin_29_sep-1_oct_2024_30_12.18.00_trainee_21_glove cut_2.csv,trainee,21,trainee__participant_21,glove_cut,2,A_kinematics_all,elastic_net,3,25.0,19.602757236020274,5.397242763979726,5.397242763979726
DVST_XI_Griffin_29_sep-1_oct_2024_30_12.18.00_trainee_21_ring rollercoaster_2.csv,trainee,21,trainee__participant_21,ring_rollercoaster,2,A_kinematics_all,elastic_net,3,22.0,18.117374324300187,3.8826256756998134,3.8826256756998134
DVST_XI_Griffin_29_sep-1_oct_2024_30_12.18.00_trainee_21_sea spikes_2.csv,trainee,21,trainee__participant_21,sea_spikes,2,A_kinematics_all,elastic_net,3,22.0,18.66515241745343,3.334847582546569,3.334847582546569
DVST_XI_Griffin_29_sep-1_oct_2024_30_12.18.00_trainee_21_suture_2.csv,trainee,21,trainee__participant_21,suture,2,A_kinematics_all,elastic_net,3,23.0,21.478173303874122,1.5218266961258777,1.5218266961258777
DVST_XI_19-22_May_2025_22_09.34.36_trainee_39_camera target_2.csv,trainee,39,trainee__participant_39,camera_target,2,A_kinematics_all,elastic_net,4,19.0,24.18280491176189,-5.182804911761892,5.182804911761892
DVST_XI_6-8_Mar_2025_06_10.41.14_trainee_33_camera target_1.csv,trainee,33,trainee__participant_33,camera_target,1,A_kinematics_all,elastic_net,4,23.0,20.84590693088569,2.1540930691143103,2.1540930691143103
DVST_XI_6-8_Mar_2025_06_10.41.14_trainee_33_ring rollercoaster_1.csv,trainee,33,trainee__participant_33,ring_rollercoaster,1,A_kinematics_all,elastic_net,4,21.0,19.67839687121289,1.3216031287871104,1.3216031287871104
DVST_XI_6-8_Mar_2025_06_10.41.14_trainee_33_sea spikes_1.csv,trainee,33,trainee__participant_33,sea_spikes,1,A_kinematics_all,elastic_net,4,16.0,18.6924721981348,-2.6924721981348014,2.6924721981348014
DVST_XI_6-8_Mar_2025_06_10.41.14_trainee_35_ring rollercoaster_1.csv,trainee,35,trainee__participant_35,ring_rollercoaster,1,A_kinematics_all,elastic_net,4,18.0,16.90631239632082,1.0936876036791787,1.0936876036791787
DVST_XI_6-8_Mar_2025_06_10.41.14_trainee_35_sea spikes_1.csv,trainee,35,trainee__participant_35,sea_spikes,1,A_kinematics_all,elastic_net,4,15.0,16.191188757683527,-1.191188757683527,1.191188757683527
DVST_XI_6-8_Mar_2025_06_10.41.14_trainee_36_ring rollercoaster_1.csv,trainee,36,trainee__participant_36,ring_rollercoaster,1,A_kinematics_all,elastic_net,4,19.0,15.973507126080188,3.0264928739198123,3.0264928739198123
DVST_XI_6-8_Mar_2025_06_10.41.14_trainee_36_sea spikes_1.csv,trainee,36,trainee__participant_36,sea_spikes,1,A_kinematics_all,elastic_net,4,16.0,15.85336749899163,0.14663250100836933,0.14663250100836933
DVST_XI_6-8_Mar_2025_07_11.56.53_trainee_33_camera target_2.csv,trainee,33,trainee__participant_33,camera_target,2,A_kinematics_all,elastic_net,4,19.0,20.129062828604738,-1.129062828604738,1.129062828604738
DVST_XI_6-8_Mar_2025_07_11.56.53_trainee_33_glove cut_1.csv,trainee,33,trainee__participant_33,glove_cut,1,A_kinematics_all,elastic_net,4,18.0,18.905685211236747,-0.9056852112367473,0.9056852112367473
DVST_XI_6-8_Mar_2025_07_11.56.53_trainee_33_sea spikes_2.csv,trainee,33,trainee__participant_33,sea_spikes,2,A_kinematics_all,elastic_net,4,20.0,18.755200959162114,1.2447990408378864,1.2447990408378864
DVST_XI_6-8_Mar_2025_07_11.56.53_trainee_35_camera target_2.csv,trainee,35,trainee__participant_35,camera_target,2,A_kinematics_all,elastic_net,4,18.0,20.60834114271014,-2.6083411427101417,2.6083411427101417
DVST_XI_6-8_Mar_2025_07_11.56.53_trainee_35_glove cut_1.csv,trainee,35,trainee__participant_35,glove_cut,1,A_kinematics_all,elastic_net,4,16.0,19.301772017349176,-3.301772017349176,3.301772017349176
DVST_XI_6-8_Mar_2025_07_11.56.53_trainee_35_sea spikes_2.csv,trainee,35,trainee__participant_35,sea_spikes,2,A_kinematics_all,elastic_net,4,21.0,19.896996649544644,1.1030033504553565,1.1030033504553565
DVST_XI_6-8_Mar_2025_07_11.56.53_trainee_36_glove cut_1.csv,trainee,36,trainee__participant_36,glove_cut,1,A_kinematics_all,elastic_net,4,18.0,18.12069217736534,-0.12069217736533844,0.12069217736533844
DVST_XI_7-11_Jul_2025_10_09.40.17_expert_6_camera target_1.csv,expert,6,expert__participant_6,camera_target,1,A_kinematics_all,elastic_net,4,25.0,22.305585832122244,2.6944141678777562,2.6944141678777562
DVST_XI_7-11_Jul_2025_10_09.40.17_expert_6_suture_1.csv,expert,6,expert__participant_6,suture,1,A_kinematics_all,elastic_net,4,26.0,22.373144121560024,3.626855878439976,3.626855878439976
DVST_XI_7-11_Mar_2024_08_13.12.17_trainee_10_ring rollercoaster_1.csv,trainee,10,trainee__participant_10,ring_rollercoaster,1,A_kinematics_all,elastic_net,4,14.0,18.631049678097163,-4.631049678097163,4.631049678097163
DVST_XI_7-11_Mar_2024_08_13.12.17_trainee_10_sea spikes_1.csv,trainee,10,trainee__participant_10,sea_spikes,1,A_kinematics_all,elastic_net,4,22.0,16.266742747847474,5.7332572521525265,5.7332572521525265
DVST_XI_7-11_Mar_2024_09_10.19.01_trainee_10_camera target_1.csv,trainee,10,trainee__participant_10,camera_target,1,A_kinematics_all,elastic_net,4,14.0,20.433876005430818,-6.433876005430818,6.433876005430818
DVST_XI_7-11_Mar_2024_09_10.19.01_trainee_10_glove cut_1.csv,trainee,10,trainee__participant_10,glove_cut,1,A_kinematics_all,elastic_net,4,18.0,15.321190614236947,2.678809385763053,2.678809385763053
DVST_XI_7-11_Mar_2024_09_13.46.11_trainee_10_suture_1.csv,trainee,10,trainee__participant_10,suture,1,A_kinematics_all,elastic_net,4,19.0,19.629849952511293,-0.629849952511293,0.629849952511293
DVST_XI_Griffin_16-19_07_2024_16_08.46.09_trainee_16_glove cut_1.csv,trainee,16,trainee__participant_16,glove_cut,1,A_kinematics_all,elastic_net,4,15.0,18.40348491984288,-3.4034849198428816,3.4034849198428816
DVST_XI_Griffin_16-19_07_2024_16_08.46.09_trainee_16_ring rollercoaster_1.csv,trainee,16,trainee__participant_16,ring_rollercoaster,1,A_kinematics_all,elastic_net,4,20.0,18.764745445895713,1.2352545541042872,1.2352545541042872
DVST_XI_Griffin_16-19_07_2024_16_08.46.09_trainee_16_sea spikes_1.csv,trainee,16,trainee__participant_16,sea_spikes,1,A_kinematics_all,elastic_net,4,16.0,18.10359033016142,-2.1035903301614205,2.1035903301614205
DVST_XI_Griffin_16-19_07_2024_16_08.46.09_trainee_16_suture_1.csv,trainee,16,trainee__participant_16,suture,1,A_kinematics_all,elastic_net,4,21.0,18.08153014557943,2.9184698544205716,2.9184698544205716
DVST_XI_Griffin_16-19_07_2024_17_12.20.23_trainee_16_camera target_1.csv,trainee,16,trainee__participant_16,camera_target,1,A_kinematics_all,elastic_net,4,23.0,19.850074827192163,3.149925172807837,3.149925172807837
DVST_XI_Griffin_16-19_07_2024_17_12.20.23_trainee_16_ring rollercoaster_2.csv,trainee,16,trainee__participant_16,ring_rollercoaster,2,A_kinematics_all,elastic_net,4,23.0,19.630226143244375,3.369773856755625,3.369773856755625
DVST_XI_Griffin_16-19_07_2024_18_08.46.52_trainee_16_sea spikes_2.csv,trainee,16,trainee__participant_16,sea_spikes,2,A_kinematics_all,elastic_net,4,21.0,20.335920535537674,0.6640794644623256,0.6640794644623256
DVST_XI_Griffin_16-19_07_2024_18_08.46.52_trainee_16_suture_2.csv,trainee,16,trainee__participant_16,suture,2,A_kinematics_all,elastic_net,4,29.0,21.363575240381113,7.636424759618887,7.636424759618887
DVST_XI_Griffin_16-19_07_2024_19_09.39.41_trainee_16_camera target_2.csv,trainee,16,trainee__participant_16,camera_target,2,A_kinematics_all,elastic_net,4,23.0,21.318947614985106,1.681052385014894,1.681052385014894
DVST_XI_Griffin_16-19_07_2024_19_09.39.41_trainee_16_glove cut_2.csv,trainee,16,trainee__participant_16,glove_cut,2,A_kinematics_all,elastic_net,4,24.0,18.407222431863428,5.592777568136572,5.592777568136572
DVST_XI_Griffin_29_sep-1_oct_2024_29_09.07.40_trainee_18_camera target_1.csv,trainee,18,trainee__participant_18,camera_target,1,A_kinematics_all,elastic_net,4,19.0,17.082289515317626,1.9177104846823738,1.9177104846823738
DVST_XI_Griffin_29_sep-1_oct_2024_29_09.07.40_trainee_18_suture_1.csv,trainee,18,trainee__participant_18,suture,1,A_kinematics_all,elastic_net,4,12.0,18.216770208561172,-6.216770208561172,6.216770208561172
DVST_XI_Griffin_29_sep-1_oct_2024_30_12.18.00_trainee_18_glove cut_2.csv,trainee,18,trainee__participant_18,glove_cut,2,A_kinematics_all,elastic_net,4,22.0,20.162628966456197,1.8373710335438034,1.8373710335438034
DVST_XI_Griffin_29_sep-1_oct_2024_30_12.18.00_trainee_18_ring rollercoaster_2.csv,trainee,18,trainee__participant_18,ring_rollercoaster,2,A_kinematics_all,elastic_net,4,24.0,19.425997900011986,4.574002099988014,4.574002099988014
DVST_XI_Griffin_29_sep-1_oct_2024_30_12.18.00_trainee_18_sea spikes_2.csv,trainee,18,trainee__participant_18,sea_spikes,2,A_kinematics_all,elastic_net,4,22.0,20.142643931126212,1.8573560688737878,1.8573560688737878
DVST_XI_Griffin_29_sep-1_oct_2024_30_12.18.00_trainee_18_suture_2.csv,trainee,18,trainee__participant_18,suture,2,A_kinematics_all,elastic_net,4,22.0,20.573515001348177,1.4264849986518229,1.4264849986518229
DVST_XI_10-13_Nov_2025_12_10.36.46_expert_9_camera target_1.csv,expert,9,expert__participant_9,camera_target,1,A_kinematics_all,elastic_net,5,28.0,23.498168532254358,4.501831467745642,4.501831467745642
DVST_XI_10-13_Nov_2025_12_10.36.46_expert_9_glove cut_1.csv,expert,9,expert__participant_9,glove_cut,1,A_kinematics_all,elastic_net,5,29.0,22.118732916522017,6.881267083477983,6.881267083477983
DVST_XI_10-13_Nov_2025_12_10.36.46_expert_9_ring rollercoaster_1.csv,expert,9,expert__participant_9,ring_rollercoaster,1,A_kinematics_all,elastic_net,5,29.0,22.1254564637295,6.874543536270501,6.874543536270501
DVST_XI_10-13_Nov_2025_12_10.36.46_expert_9_sea spikes_1.csv,expert,9,expert__participant_9,sea_spikes,1,A_kinematics_all,elastic_net,5,29.0,22.184748254536462,6.815251745463538,6.815251745463538
DVST_XI_10-13_Nov_2025_12_10.36.46_expert_9_suture_1.csv,expert,9,expert__participant_9,suture,1,A_kinematics_all,elastic_net,5,28.0,22.89506689596121,5.104933104038789,5.104933104038789
DVST_XI_19-22_May_2025_21_09.43.23_expert_5_camera target_1.csv,expert,5,expert__participant_5,camera_target,1,A_kinematics_all,elastic_net,5,30.0,21.27198336973308,8.728016630266922,8.728016630266922
DVST_XI_19-22_May_2025_21_09.43.23_expert_5_suture_1.csv,expert,5,expert__participant_5,suture,1,A_kinematics_all,elastic_net,5,29.0,20.829100309077152,8.170899690922848,8.170899690922848
DVST_XI_19-22_May_2025_22_09.34.36_trainee_38_camera target_2.csv,trainee,38,trainee__participant_38,camera_target,2,A_kinematics_all,elastic_net,5,22.0,23.548429936427013,-1.5484299364270129,1.5484299364270129
DVST_XI_6-8_Mar_2025_06_10.41.14_trainee_31_ring rollercoaster_1.csv,trainee,31,trainee__participant_31,ring_rollercoaster,1,A_kinematics_all,elastic_net,5,15.0,19.269232392425906,-4.269232392425906,4.269232392425906
DVST_XI_6-8_Mar_2025_06_10.41.14_trainee_31_sea spikes_1.csv,trainee,31,trainee__participant_31,sea_spikes,1,A_kinematics_all,elastic_net,5,13.0,19.02161303263037,-6.02161303263037,6.02161303263037
DVST_XI_6-8_Mar_2025_07_11.56.53_trainee_31_glove cut_1.csv,trainee,31,trainee__participant_31,glove_cut,1,A_kinematics_all,elastic_net,5,16.0,18.810750032810528,-2.810750032810528,2.810750032810528
DVST_XI_7-11_Mar_2024_08_13.12.17_trainee_9_ring rollercoaster_1.csv,trainee,9,trainee__participant_9,ring_rollercoaster,1,A_kinematics_all,elastic_net,5,14.0,18.171478251021774,-4.1714782510217745,4.1714782510217745
DVST_XI_7-11_Mar_2024_08_13.12.17_trainee_9_sea spikes_1.csv,trainee,9,trainee__participant_9,sea_spikes,1,A_kinematics_all,elastic_net,5,18.0,17.052429268154665,0.9475707318453352,0.9475707318453352
DVST_XI_7-11_Mar_2024_09_10.19.01_trainee_9_camera target_1.csv,trainee,9,trainee__participant_9,camera_target,1,A_kinematics_all,elastic_net,5,19.0,18.369455300273017,0.6305446997269826,0.6305446997269826
DVST_XI_7-11_Mar_2024_09_10.19.01_trainee_9_glove cut_1.csv,trainee,9,trainee__participant_9,glove_cut,1,A_kinematics_all,elastic_net,5,18.0,17.358141035822428,0.6418589641775725,0.6418589641775725
DVST_XI_7-11_Mar_2024_09_13.46.11_trainee_9_suture_1.csv,trainee,9,trainee__participant_9,suture,1,A_kinematics_all,elastic_net,5,16.0,18.653428867010696,-2.653428867010696,2.653428867010696
DVST_XI_Griffin_16-19_07_2024_16_08.46.09_trainee_14_glove cut_1.csv,trainee,14,trainee__participant_14,glove_cut,1,A_kinematics_all,elastic_net,5,11.0,19.11956493923169,-8.11956493923169,8.11956493923169
DVST_XI_Griffin_16-19_07_2024_16_08.46.09_trainee_14_ring rollercoaster_1.csv,trainee,14,trainee__participant_14,ring_rollercoaster,1,A_kinematics_all,elastic_net,5,16.0,19.973250716743227,-3.9732507167432267,3.9732507167432267
DVST_XI_Griffin_16-19_07_2024_16_08.46.09_trainee_14_sea spikes_1.csv,trainee,14,trainee__participant_14,sea_spikes,1,A_kinematics_all,elastic_net,5,12.0,16.25816918890809,-4.2581691889080915,4.2581691889080915
DVST_XI_Griffin_16-19_07_2024_16_08.46.09_trainee_14_suture_1.csv,trainee,14,trainee__participant_14,suture,1,A_kinematics_all,elastic_net,5,15.0,19.991996846128245,-4.991996846128245,4.991996846128245
DVST_XI_Griffin_16-19_07_2024_17_12.20.23_trainee_13_camera target_1.csv,trainee,13,trainee__participant_13,camera_target,1,A_kinematics_all,elastic_net,5,19.0,20.11606875269513,-1.1160687526951314,1.1160687526951314
DVST_XI_Griffin_16-19_07_2024_17_12.20.23_trainee_13_glove cut_1.csv,trainee,13,trainee__participant_13,glove_cut,1,A_kinematics_all,elastic_net,5,23.0,18.896234308759638,4.103765691240362,4.103765691240362
DVST_XI_Griffin_16-19_07_2024_17_12.20.23_trainee_13_ring rollercoaster_1.csv,trainee,13,trainee__participant_13,ring_rollercoaster,1,A_kinematics_all,elastic_net,5,17.0,19.85484173124433,-2.8548417312443313,2.8548417312443313
DVST_XI_Griffin_16-19_07_2024_17_12.20.23_trainee_13_ring rollercoaster_2.csv,trainee,13,trainee__participant_13,ring_rollercoaster,2,A_kinematics_all,elastic_net,5,22.0,21.126605175284187,0.8733948247158132,0.8733948247158132
DVST_XI_Griffin_16-19_07_2024_17_12.20.23_trainee_13_sea spikes_1.csv,trainee,13,trainee__participant_13,sea_spikes,1,A_kinematics_all,elastic_net,5,17.0,20.132001101534073,-3.1320011015340725,3.1320011015340725
DVST_XI_Griffin_16-19_07_2024_17_12.20.23_trainee_13_suture_1.csv,trainee,13,trainee__participant_13,suture,1,A_kinematics_all,elastic_net,5,23.0,20.434281667023132,2.565718332976868,2.565718332976868
DVST_XI_Griffin_16-19_07_2024_17_12.20.23_trainee_14_camera target_1.csv,trainee,14,trainee__participant_14,camera_target,1,A_kinematics_all,elastic_net,5,14.0,17.60001424238931,-3.6000142423893102,3.6000142423893102
DVST_XI_Griffin_16-19_07_2024_18_08.46.52_trainee_13_sea spikes_2.csv,trainee,13,trainee__participant_13,sea_spikes,2,A_kinematics_all,elastic_net,5,21.0,21.590994889209234,-0.5909948892092345,0.5909948892092345
DVST_XI_Griffin_16-19_07_2024_18_08.46.52_trainee_13_suture_2.csv,trainee,13,trainee__participant_13,suture,2,A_kinematics_all,elastic_net,5,28.0,21.39518284207769,6.604817157922309,6.604817157922309
DVST_XI_Griffin_16-19_07_2024_18_08.46.52_trainee_14_sea spikes_2.csv,trainee,14,trainee__participant_14,sea_spikes,2,A_kinematics_all,elastic_net,5,20.0,20.21993451268205,-0.21993451268205177,0.21993451268205177
DVST_XI_Griffin_16-19_07_2024_18_08.46.52_trainee_14_suture_2.csv,trainee,14,trainee__participant_14,suture,2,A_kinematics_all,elastic_net,5,29.0,22.95153100491216,6.048468995087841,6.048468995087841
DVST_XI_Griffin_16-19_07_2024_19_09.39.41_trainee_13_camera target_2.csv,trainee,13,trainee__participant_13,camera_target,2,A_kinematics_all,elastic_net,5,17.0,21.716347685171325,-4.716347685171325,4.716347685171325
DVST_XI_Griffin_16-19_07_2024_19_09.39.41_trainee_14_glove cut_2.csv,trainee,14,trainee__participant_14,glove_cut,2,A_kinematics_all,elastic_net,5,18.0,19.280612698620253,-1.2806126986202528,1.2806126986202528
DVST_XI_Griffin_29_sep-1_oct_2024_29_09.07.40_trainee_20_camera target_1.csv,trainee,20,trainee__participant_20,camera_target,1,A_kinematics_all,elastic_net,5,15.0,16.00763015563865,-1.007630155638651,1.007630155638651
DVST_XI_Griffin_29_sep-1_oct_2024_29_09.07.40_trainee_20_suture_1.csv,trainee,20,trainee__participant_20,suture,1,A_kinematics_all,elastic_net,5,13.0,16.706881330582306,-3.7068813305823056,3.7068813305823056
DVST_XI_Griffin_29_sep-1_oct_2024_30_12.18.00_trainee_20_glove cut_2.csv,trainee,20,trainee__participant_20,glove_cut,2,A_kinematics_all,elastic_net,5,17.0,19.894031518182363,-2.894031518182363,2.894031518182363
DVST_XI_Griffin_29_sep-1_oct_2024_30_12.18.00_trainee_20_ring rollercoaster_2.csv,trainee,20,trainee__participant_20,ring_rollercoaster,2,A_kinematics_all,elastic_net,5,21.0,19.717353302583675,1.2826466974163253,1.2826466974163253
DVST_XI_Griffin_29_sep-1_oct_2024_30_12.18.00_trainee_20_sea spikes_2.csv,trainee,20,trainee__participant_20,sea_spikes,2,A_kinematics_all,elastic_net,5,21.0,20.66390685334775,0.33609314665224943,0.33609314665224943
DVST_XI_10-13_Nov_2025_12_10.36.46_expert_10_camera target_1.csv,expert,10,expert__participant_10,camera_target,1,B_kinematics_no_qc,ridge,1,30.0,24.371275902442818,5.628724097557182,5.628724097557182
DVST_XI_10-13_Nov_2025_12_10.36.46_expert_10_glove cut_1.csv,expert,10,expert__participant_10,glove_cut,1,B_kinematics_no_qc,ridge,1,28.0,21.74153743689171,6.258462563108289,6.258462563108289
DVST_XI_10-13_Nov_2025_12_10.36.46_expert_10_ring rollercoaster_1.csv,expert,10,expert__participant_10,ring_rollercoaster,1,B_kinematics_no_qc,ridge,1,29.0,20.766697544384098,8.233302455615902,8.233302455615902
DVST_XI_10-13_Nov_2025_12_10.36.46_expert_10_sea spikes_1.csv,expert,10,expert__participant_10,sea_spikes,1,B_kinematics_no_qc,ridge,1,29.0,21.27781190339338,7.722188096606619,7.722188096606619
DVST_XI_10-13_Nov_2025_12_10.36.46_expert_10_suture_1.csv,expert,10,expert__participant_10,suture,1,B_kinematics_no_qc,ridge,1,30.0,23.027073158984404,6.972926841015596,6.972926841015596
DVST_XI_11-14_Aug_2025_13_11.33.24_expert_7_camera target_1.csv,expert,7,expert__participant_7,camera_target,1,B_kinematics_no_qc,ridge,1,28.0,23.91666042698162,4.083339573018382,4.083339573018382
DVST_XI_11-14_Aug_2025_13_11.33.24_expert_7_suture_1.csv,expert,7,expert__participant_7,suture,1,B_kinematics_no_qc,ridge,1,29.0,22.457621107464753,6.542378892535247,6.542378892535247
DVST_XI_11-14_Aug_2025_14_10.45.28_expert_8_camera target_1.csv,expert,8,expert__participant_8,camera_target,1,B_kinematics_no_qc,ridge,1,28.0,22.118726685480574,5.881273314519426,5.881273314519426
DVST_XI_11-14_Aug_2025_14_10.45.28_expert_8_suture_1.csv,expert,8,expert__participant_8,suture,1,B_kinematics_no_qc,ridge,1,29.0,24.02685093877661,4.973149061223388,4.973149061223388
DVST_XI_14-16_Feb_2024_14_09.13.16_trainee_5_camera target_1.csv,trainee,5,trainee__participant_5,camera_target,1,B_kinematics_no_qc,ridge,1,7.0,15.991692891064202,-8.991692891064202,8.991692891064202
DVST_XI_14-16_Feb_2024_14_09.13.16_trainee_5_glove cut_1.csv,trainee,5,trainee__participant_5,glove_cut,1,B_kinematics_no_qc,ridge,1,11.0,16.45357325078321,-5.4535732507832115,5.4535732507832115
DVST_XI_14-16_Feb_2024_14_09.13.16_trainee_5_ring rollercoaster_1.csv,trainee,5,trainee__participant_5,ring_rollercoaster,1,B_kinematics_no_qc,ridge,1,17.0,14.210178711298038,2.7898212887019618,2.7898212887019618
DVST_XI_14-16_Feb_2024_14_09.13.16_trainee_5_sea spikes_1.csv,trainee,5,trainee__participant_5,sea_spikes,1,B_kinematics_no_qc,ridge,1,16.0,16.432653994389593,-0.43265399438959307,0.43265399438959307
DVST_XI_14-16_Feb_2024_14_09.13.16_trainee_5_suture_1.csv,trainee,5,trainee__participant_5,suture,1,B_kinematics_no_qc,ridge,1,16.0,17.69603466246678,-1.6960346624667793,1.6960346624667793
DVST_XI_14-16_Feb_2024_16_08.32.59_trainee_5_camera target_2.csv,trainee,5,trainee__participant_5,camera_target,2,B_kinematics_no_qc,ridge,1,21.0,19.073315828405104,1.9266841715948964,1.9266841715948964
DVST_XI_14-16_Feb_2024_16_08.32.59_trainee_5_glove cut_2.csv,trainee,5,trainee__participant_5,glove_cut,2,B_kinematics_no_qc,ridge,1,19.0,15.86674267677473,3.133257323225269,3.133257323225269
DVST_XI_14-16_Feb_2024_16_08.32.59_trainee_5_ring rollercoaster_2.csv,trainee,5,trainee__participant_5,ring_rollercoaster,2,B_kinematics_no_qc,ridge,1,23.0,16.441672780133647,6.558327219866353,6.558327219866353
DVST_XI_14-16_Feb_2024_16_08.32.59_trainee_5_sea spikes_2.csv,trainee,5,trainee__participant_5,sea_spikes,2,B_kinematics_no_qc,ridge,1,21.0,19.531874307391824,1.4681256926081758,1.4681256926081758
DVST_XI_14-16_Feb_2024_16_08.32.59_trainee_5_suture_2.csv,trainee,5,trainee__participant_5,suture,2,B_kinematics_no_qc,ridge,1,21.0,18.669399573469224,2.3306004265307756,2.3306004265307756
DVST_XI_19-22_May_2025_22_09.34.36_trainee_37_camera target_2.csv,trainee,37,trainee__participant_37,camera_target,2,B_kinematics_no_qc,ridge,1,16.0,19.526559870860712,-3.526559870860712,3.526559870860712
DVST_XI_19-22_May_2025_22_09.34.36_trainee_41_camera target_2.csv,trainee,41,trainee__participant_41,camera_target,2,B_kinematics_no_qc,ridge,1,20.0,19.985434157383654,0.014565842616345748,0.014565842616345748
DVST_XI_7-11_Mar_2024_08_13.12.17_trainee_8_ring rollercoaster_1.csv,trainee,8,trainee__participant_8,ring_rollercoaster,1,B_kinematics_no_qc,ridge,1,12.0,17.142022082815956,-5.142022082815956,5.142022082815956
DVST_XI_7-11_Mar_2024_08_13.12.17_trainee_8_sea spikes_1.csv,trainee,8,trainee__participant_8,sea_spikes,1,B_kinematics_no_qc,ridge,1,18.0,17.961393658431483,0.038606341568517166,0.038606341568517166
DVST_XI_7-11_Mar_2024_09_10.19.01_trainee_8_camera target_1.csv,trainee,8,trainee__participant_8,camera_target,1,B_kinematics_no_qc,ridge,1,10.0,14.903838024841749,-4.903838024841749,4.903838024841749
DVST_XI_7-11_Mar_2024_09_10.19.01_trainee_8_glove cut_1.csv,trainee,8,trainee__participant_8,glove_cut,1,B_kinematics_no_qc,ridge,1,17.0,17.122421553107557,-0.1224215531075572,0.1224215531075572
DVST_XI_7-11_Mar_2024_09_13.46.11_trainee_8_suture_1.csv,trainee,8,trainee__participant_8,suture,1,B_kinematics_no_qc,ridge,1,17.0,19.074052099516482,-2.074052099516482,2.074052099516482
DVST_XI_Griffin_16-19_07_2024_16_08.46.09_trainee_12_glove cut_1.csv,trainee,12,trainee__participant_12,glove_cut,1,B_kinematics_no_qc,ridge,1,21.0,19.191518765430803,1.8084812345691965,1.8084812345691965
DVST_XI_Griffin_16-19_07_2024_16_08.46.09_trainee_12_ring rollercoaster_1.csv,trainee,12,trainee__participant_12,ring_rollercoaster,1,B_kinematics_no_qc,ridge,1,16.0,20.232482388195884,-4.2324823881958835,4.2324823881958835
DVST_XI_Griffin_16-19_07_2024_16_08.46.09_trainee_12_sea spikes_1.csv,trainee,12,trainee__participant_12,sea_spikes,1,B_kinematics_no_qc,ridge,1,12.0,19.135413649464173,-7.135413649464173,7.135413649464173
DVST_XI_Griffin_16-19_07_2024_16_08.46.09_trainee_12_suture_1.csv,trainee,12,trainee__participant_12,suture,1,B_kinematics_no_qc,ridge,1,20.0,21.953924840709387,-1.9539248407093872,1.9539248407093872
DVST_XI_Griffin_16-19_07_2024_17_12.20.23_trainee_12_camera target_1.csv,trainee,12,trainee__participant_12,camera_target,1,B_kinematics_no_qc,ridge,1,16.0,20.91924397698387,-4.919243976983871,4.919243976983871
DVST_XI_Griffin_16-19_07_2024_18_08.46.52_trainee_12_sea spikes_2.csv,trainee,12,trainee__participant_12,sea_spikes,2,B_kinematics_no_qc,ridge,1,19.0,23.18419518949558,-4.184195189495579,4.184195189495579
DVST_XI_Griffin_16-19_07_2024_18_08.46.52_trainee_12_suture_2.csv,trainee,12,trainee__participant_12,suture,2,B_kinematics_no_qc,ridge,1,28.0,21.78125719079262,6.218742809207381,6.218742809207381
DVST_XI_Griffin_16-19_07_2024_19_09.39.41_trainee_12_glove cut_2.csv,trainee,12,trainee__participant_12,glove_cut,2,B_kinematics_no_qc,ridge,1,20.0,19.000026891074995,0.9999731089250048,0.9999731089250048
DVST_XI_Griffin_29_sep-1_oct_2024_29_09.07.40_trainee_19_camera target_1.csv,trainee,19,trainee__participant_19,camera_target,1,B_kinematics_no_qc,ridge,1,17.0,16.771170297290364,0.22882970270963554,0.22882970270963554
DVST_XI_Griffin_29_sep-1_oct_2024_29_09.07.40_trainee_19_suture_1.csv,trainee,19,trainee__participant_19,suture,1,B_kinematics_no_qc,ridge,1,16.0,15.642861653630085,0.3571383463699149,0.3571383463699149
DVST_XI_Griffin_29_sep-1_oct_2024_30_12.18.00_trainee_19_glove cut_2.csv,trainee,19,trainee__participant_19,glove_cut,2,B_kinematics_no_qc,ridge,1,17.0,18.566613512169205,-1.566613512169205,1.566613512169205
DVST_XI_Griffin_29_sep-1_oct_2024_30_12.18.00_trainee_19_ring rollercoaster_2.csv,trainee,19,trainee__participant_19,ring_rollercoaster,2,B_kinematics_no_qc,ridge,1,22.0,18.496965008234234,3.503034991765766,3.503034991765766
DVST_XI_Griffin_29_sep-1_oct_2024_30_12.18.00_trainee_19_sea spikes_2.csv,trainee,19,trainee__participant_19,sea_spikes,2,B_kinematics_no_qc,ridge,1,21.0,20.76971406686047,0.23028593313953039,0.23028593313953039
DVST_XI_14-16_Feb_2024_14_09.13.16_trainee_1_camera target_1.csv,trainee,1,trainee__participant_1,camera_target,1,B_kinematics_no_qc,ridge,2,17.0,18.108860885655037,-1.1088608856550373,1.1088608856550373
DVST_XI_14-16_Feb_2024_14_09.13.16_trainee_1_suture_1.csv,trainee,1,trainee__participant_1,suture,1,B_kinematics_no_qc,ridge,2,19.0,16.82618383041081,2.173816169589191,2.173816169589191
DVST_XI_14-16_Feb_2024_14_09.13.16_trainee_3_camera target_1.csv,trainee,3,trainee__participant_3,camera_target,1,B_kinematics_no_qc,ridge,2,15.0,17.11996987725292,-2.1199698772529203,2.1199698772529203
DVST_XI_14-16_Feb_2024_14_09.13.16_trainee_3_glove cut_1.csv,trainee,3,trainee__participant_3,glove_cut,1,B_kinematics_no_qc,ridge,2,17.0,21.17754920918263,-4.177549209182629,4.177549209182629
DVST_XI_14-16_Feb_2024_14_09.13.16_trainee_3_ring rollercoaster_1.csv,trainee,3,trainee__participant_3,ring_rollercoaster,1,B_kinematics_no_qc,ridge,2,12.0,16.061219214677504,-4.061219214677504,4.061219214677504
DVST_XI_14-16_Feb_2024_14_09.13.16_trainee_3_sea spikes_1.csv,trainee,3,trainee__participant_3,sea_spikes,1,B_kinematics_no_qc,ridge,2,15.0,17.46162273330855,-2.4616227333085483,2.4616227333085483
DVST_XI_14-16_Feb_2024_14_09.13.16_trainee_3_suture_1.csv,trainee,3,trainee__participant_3,suture,1,B_kinematics_no_qc,ridge,2,19.0,18.27147131763552,0.7285286823644803,0.7285286823644803
DVST_XI_14-16_Feb_2024_16_08.32.59_trainee_1_camera target_2.csv,trainee,1,trainee__participant_1,camera_target,2,B_kinematics_no_qc,ridge,2,19.0,17.05052826995326,1.9494717300467386,1.9494717300467386
DVST_XI_14-16_Feb_2024_16_08.32.59_trainee_1_glove cut_2.csv,trainee,1,trainee__participant_1,glove_cut,2,B_kinematics_no_qc,ridge,2,19.0,17.0437881057983,1.9562118942017008,1.9562118942017008
DVST_XI_14-16_Feb_2024_16_08.32.59_trainee_1_sea spikes_2.csv,trainee,1,trainee__participant_1,sea_spikes,2,B_kinematics_no_qc,ridge,2,19.0,19.899788910618014,-0.8997889106180139,0.8997889106180139
DVST_XI_14-16_Feb_2024_16_08.32.59_trainee_1_suture_2.csv,trainee,1,trainee__participant_1,suture,2,B_kinematics_no_qc,ridge,2,17.0,17.262498252219032,-0.2624982522190322,0.2624982522190322
DVST_XI_14-16_Feb_2024_16_08.32.59_trainee_3_camera target_2.csv,trainee,3,trainee__participant_3,camera_target,2,B_kinematics_no_qc,ridge,2,23.0,18.113450655861612,4.886549344138388,4.886549344138388
DVST_XI_14-16_Feb_2024_16_08.32.59_trainee_3_glove cut_2.csv,trainee,3,trainee__participant_3,glove_cut,2,B_kinematics_no_qc,ridge,2,19.0,20.60132540235025,-1.6013254023502483,1.6013254023502483
DVST_XI_14-16_Feb_2024_16_08.32.59_trainee_3_ring rollercoaster_2.csv,trainee,3,trainee__participant_3,ring_rollercoaster,2,B_kinematics_no_qc,ridge,2,21.0,19.199580772316352,1.8004192276836477,1.8004192276836477
DVST_XI_14-16_Feb_2024_16_08.32.59_trainee_3_sea spikes_2.csv,trainee,3,trainee__participant_3,sea_spikes,2,B_kinematics_no_qc,ridge,2,17.0,20.424377796614543,-3.424377796614543,3.424377796614543
DVST_XI_14-16_Feb_2024_16_08.32.59_trainee_3_suture_2.csv,trainee,3,trainee__participant_3,suture,2,B_kinematics_no_qc,ridge,2,22.0,22.304588444840267,-0.3045884448402667,0.3045884448402667
DVST_XI_6-8_Mar_2025_06_10.41.14_trainee_34_camera target_1.csv,trainee,34,trainee__participant_34,camera_target,1,B_kinematics_no_qc,ridge,2,18.0,6.712178634367321,11.287821365632679,11.287821365632679
DVST_XI_6-8_Mar_2025_06_10.41.14_trainee_34_ring rollercoaster_1.csv,trainee,34,trainee__participant_34,ring_rollercoaster,1,B_kinematics_no_qc,ridge,2,14.0,13.949727286585704,0.05027271341429618,0.05027271341429618
DVST_XI_6-8_Mar_2025_06_10.41.14_trainee_34_sea spikes_1.csv,trainee,34,trainee__participant_34,sea_spikes,1,B_kinematics_no_qc,ridge,2,14.0,15.071868937599621,-1.0718689375996213,1.0718689375996213
DVST_XI_6-8_Mar_2025_07_11.56.53_trainee_34_glove cut_1.csv,trainee,34,trainee__participant_34,glove_cut,1,B_kinematics_no_qc,ridge,2,12.0,13.528183323654691,-1.528183323654691,1.528183323654691
DVST_XI_6-8_Mar_2025_08_08.21.32_expert_3_camera target_1.csv,expert,3,expert__participant_3,camera_target,1,B_kinematics_no_qc,ridge,2,27.0,17.446443619423356,9.553556380576644,9.553556380576644
DVST_XI_6-8_Mar_2025_08_08.21.32_expert_3_suture_1.csv,expert,3,expert__participant_3,suture,1,B_kinematics_no_qc,ridge,2,28.0,16.92116997303305,11.078830026966951,11.078830026966951
DVST_XI_7-11_Mar_2024_08_13.12.17_trainee_6_ring rollercoaster_1.csv,trainee,6,trainee__participant_6,ring_rollercoaster,1,B_kinematics_no_qc,ridge,2,16.0,19.727643418291972,-3.727643418291972,3.727643418291972
DVST_XI_7-11_Mar_2024_08_13.12.17_trainee_6_sea spikes_1.csv,trainee,6,trainee__participant_6,sea_spikes,1,B_kinematics_no_qc,ridge,2,16.0,14.852680984064706,1.1473190159352935,1.1473190159352935
DVST_XI_7-11_Mar_2024_09_10.19.01_trainee_6_glove cut_1.csv,trainee,6,trainee__participant_6,glove_cut,1,B_kinematics_no_qc,ridge,2,15.0,14.436429299600043,0.563570700399957,0.563570700399957
DVST_XI_7-11_Mar_2024_09_13.46.11_trainee_6_suture_1.csv,trainee,6,trainee__participant_6,suture,1,B_kinematics_no_qc,ridge,2,12.0,18.981551286361952,-6.981551286361952,6.981551286361952
DVST_XI_Griffin_16-19_07_2024_16_08.46.09_trainee_15_glove cut_1.csv,trainee,15,trainee__participant_15,glove_cut,1,B_kinematics_no_qc,ridge,2,17.0,19.529389977540824,-2.5293899775408235,2.5293899775408235
DVST_XI_Griffin_16-19_07_2024_16_08.46.09_trainee_15_ring rollercoaster_1.csv,trainee,15,trainee__participant_15,ring_rollercoaster,1,B_kinematics_no_qc,ridge,2,18.0,19.31243344630095,-1.3124334463009504,1.3124334463009504
DVST_XI_Griffin_16-19_07_2024_16_08.46.09_trainee_15_sea spikes_1.csv,trainee,15,trainee__participant_15,sea_spikes,1,B_kinematics_no_qc,ridge,2,20.0,16.560609065622078,3.439390934377922,3.439390934377922
DVST_XI_Griffin_16-19_07_2024_16_08.46.09_trainee_15_suture_1.csv,trainee,15,trainee__participant_15,suture,1,B_kinematics_no_qc,ridge,2,15.0,18.156827488093178,-3.156827488093178,3.156827488093178
DVST_XI_Griffin_16-19_07_2024_17_12.20.23_trainee_15_camera target_1.csv,trainee,15,trainee__participant_15,camera_target,1,B_kinematics_no_qc,ridge,2,18.0,19.628358115425474,-1.628358115425474,1.628358115425474
DVST_XI_Griffin_16-19_07_2024_18_08.46.52_trainee_15_sea spikes_2.csv,trainee,15,trainee__participant_15,sea_spikes,2,B_kinematics_no_qc,ridge,2,23.0,21.41672556760725,1.5832744323927486,1.5832744323927486
DVST_XI_Griffin_16-19_07_2024_18_08.46.52_trainee_15_suture_2.csv,trainee,15,trainee__participant_15,suture,2,B_kinematics_no_qc,ridge,2,26.0,21.12422632040184,4.875773679598161,4.875773679598161
DVST_XI_Griffin_29_sep-1_oct_2024_29_09.07.40_trainee_17_camera target_1.csv,trainee,17,trainee__participant_17,camera_target,1,B_kinematics_no_qc,ridge,2,23.0,17.53783577481838,5.4621642251816205,5.4621642251816205
DVST_XI_Griffin_29_sep-1_oct_2024_29_09.07.40_trainee_17_suture_1.csv,trainee,17,trainee__participant_17,suture,1,B_kinematics_no_qc,ridge,2,15.0,19.341855769226857,-4.341855769226857,4.341855769226857
DVST_XI_Griffin_29_sep-1_oct_2024_30_12.18.00_trainee_17_glove cut_2.csv,trainee,17,trainee__participant_17,glove_cut,2,B_kinematics_no_qc,ridge,2,22.0,20.480518161148808,1.519481838851192,1.519481838851192
DVST_XI_Griffin_29_sep-1_oct_2024_30_12.18.00_trainee_17_ring rollercoaster_2.csv,trainee,17,trainee__participant_17,ring_rollercoaster,2,B_kinematics_no_qc,ridge,2,22.0,21.65028479132317,0.34971520867683026,0.34971520867683026
DVST_XI_Griffin_29_sep-1_oct_2024_30_12.18.00_trainee_17_sea spikes_2.csv,trainee,17,trainee__participant_17,sea_spikes,2,B_kinematics_no_qc,ridge,2,22.0,21.99884838333194,0.0011516166680607398,0.0011516166680607398
DVST_XI_14-16_Feb_2024_14_09.13.16_trainee_2_camera target_1.csv,trainee,2,trainee__participant_2,camera_target,1,B_kinematics_no_qc,ridge,3,17.0,15.496616783193119,1.5033832168068813,1.5033832168068813
DVST_XI_14-16_Feb_2024_14_09.13.16_trainee_2_glove cut_1.csv,trainee,2,trainee__participant_2,glove_cut,1,B_kinematics_no_qc,ridge,3,13.0,19.44101936325527,-6.441019363255268,6.441019363255268
DVST_XI_14-16_Feb_2024_14_09.13.16_trainee_2_ring rollercoaster_1.csv,trainee,2,trainee__participant_2,ring_rollercoaster,1,B_kinematics_no_qc,ridge,3,14.0,17.829638357603447,-3.8296383576034465,3.8296383576034465
DVST_XI_14-16_Feb_2024_14_09.13.16_trainee_2_sea spikes_1.csv,trainee,2,trainee__participant_2,sea_spikes,1,B_kinematics_no_qc,ridge,3,15.0,19.002456443903288,-4.002456443903288,4.002456443903288
DVST_XI_14-16_Feb_2024_14_09.13.16_trainee_2_suture_1.csv,trainee,2,trainee__participant_2,suture,1,B_kinematics_no_qc,ridge,3,19.0,17.484657479878194,1.5153425201218056,1.5153425201218056
DVST_XI_14-16_Feb_2024_14_09.13.16_trainee_4_camera target_1.csv,trainee,4,trainee__participant_4,camera_target,1,B_kinematics_no_qc,ridge,3,16.0,16.88163592679157,-0.8816359267915708,0.8816359267915708
DVST_XI_14-16_Feb_2024_14_09.13.16_trainee_4_glove cut_1.csv,trainee,4,trainee__participant_4,glove_cut,1,B_kinematics_no_qc,ridge,3,23.0,18.578429663679596,4.4215703363204035,4.4215703363204035
DVST_XI_14-16_Feb_2024_14_09.13.16_trainee_4_ring rollercoaster_1.csv,trainee,4,trainee__participant_4,ring_rollercoaster,1,B_kinematics_no_qc,ridge,3,14.0,16.124999067395578,-2.124999067395578,2.124999067395578
DVST_XI_14-16_Feb_2024_14_09.13.16_trainee_4_sea spikes_1.csv,trainee,4,trainee__participant_4,sea_spikes,1,B_kinematics_no_qc,ridge,3,18.0,18.414540714625865,-0.41454071462586484,0.41454071462586484
DVST_XI_14-16_Feb_2024_14_09.13.16_trainee_4_suture_1.csv,trainee,4,trainee__participant_4,suture,1,B_kinematics_no_qc,ridge,3,18.0,17.482881307057035,0.5171186929429652,0.5171186929429652
DVST_XI_14-16_Feb_2024_16_08.32.59_trainee_2_camera target_2.csv,trainee,2,trainee__participant_2,camera_target,2,B_kinematics_no_qc,ridge,3,16.0,15.943483875117508,0.056516124882492136,0.056516124882492136
DVST_XI_14-16_Feb_2024_16_08.32.59_trainee_2_glove cut_2.csv,trainee,2,trainee__participant_2,glove_cut,2,B_kinematics_no_qc,ridge,3,19.0,17.959196069572354,1.0408039304276464,1.0408039304276464
DVST_XI_14-16_Feb_2024_16_08.32.59_trainee_2_ring rollercoaster_2.csv,trainee,2,trainee__participant_2,ring_rollercoaster,2,B_kinematics_no_qc,ridge,3,21.0,16.205032127247836,4.794967872752164,4.794967872752164
DVST_XI_14-16_Feb_2024_16_08.32.59_trainee_2_sea spikes_2.csv,trainee,2,trainee__participant_2,sea_spikes,2,B_kinematics_no_qc,ridge,3,17.0,20.14863368471913,-3.1486336847191296,3.1486336847191296
DVST_XI_14-16_Feb_2024_16_08.32.59_trainee_2_suture_2.csv,trainee,2,trainee__participant_2,suture,2,B_kinematics_no_qc,ridge,3,22.0,20.933978142526474,1.066021857473526,1.066021857473526
DVST_XI_14-16_Feb_2024_16_08.32.59_trainee_4_camera target_2.csv,trainee,4,trainee__participant_4,camera_target,2,B_kinematics_no_qc,ridge,3,23.0,17.001708810416993,5.998291189583007,5.998291189583007
DVST_XI_19-22_May_2025_22_09.34.36_trainee_40_camera target_2.csv,trainee,40,trainee__participant_40,camera_target,2,B_kinematics_no_qc,ridge,3,24.0,25.548227091538095,-1.5482270915380951,1.5482270915380951
DVST_XI_19-22_May_2025_22_09.34.36_trainee_42_camera target_2.csv,trainee,42,trainee__participant_42,camera_target,2,B_kinematics_no_qc,ridge,3,19.0,-10.396110912153645,29.396110912153645,29.396110912153645
DVST_XI_6-8_Mar_2025_06_10.41.14_trainee_32_camera target_1.csv,trainee,32,trainee__participant_32,camera_target,1,B_kinematics_no_qc,ridge,3,20.0,20.619394241838094,-0.6193942418380942,0.6193942418380942
DVST_XI_6-8_Mar_2025_06_10.41.14_trainee_32_ring rollercoaster_1.csv,trainee,32,trainee__participant_32,ring_rollercoaster,1,B_kinematics_no_qc,ridge,3,17.0,17.01499429295615,-0.014994292956149735,0.014994292956149735
DVST_XI_6-8_Mar_2025_06_10.41.14_trainee_32_sea spikes_1.csv,trainee,32,trainee__participant_32,sea_spikes,1,B_kinematics_no_qc,ridge,3,14.0,23.484807153349475,-9.484807153349475,9.484807153349475
DVST_XI_6-8_Mar_2025_07_11.56.53_trainee_32_glove cut_1.csv,trainee,32,trainee__participant_32,glove_cut,1,B_kinematics_no_qc,ridge,3,13.0,20.837130296193884,-7.837130296193884,7.837130296193884
DVST_XI_7-11_Mar_2024_08_13.12.17_trainee_11_ring rollercoaster_1.csv,trainee,11,trainee__participant_11,ring_rollercoaster,1,B_kinematics_no_qc,ridge,3,18.0,17.667522217081075,0.33247778291892516,0.33247778291892516
DVST_XI_7-11_Mar_2024_08_13.12.17_trainee_11_sea spikes_1.csv,trainee,11,trainee__participant_11,sea_spikes,1,B_kinematics_no_qc,ridge,3,18.0,18.54747469219778,-0.5474746921977811,0.5474746921977811
DVST_XI_7-11_Mar_2024_08_13.12.17_trainee_7_ring rollercoaster_1.csv,trainee,7,trainee__participant_7,ring_rollercoaster,1,B_kinematics_no_qc,ridge,3,15.0,15.902452636195743,-0.9024526361957435,0.9024526361957435
DVST_XI_7-11_Mar_2024_08_13.12.17_trainee_7_sea spikes_1.csv,trainee,7,trainee__participant_7,sea_spikes,1,B_kinematics_no_qc,ridge,3,19.0,15.956806492962182,3.0431935070378184,3.0431935070378184
DVST_XI_7-11_Mar_2024_09_10.19.01_trainee_11_camera target_1.csv,trainee,11,trainee__participant_11,camera_target,1,B_kinematics_no_qc,ridge,3,10.0,11.807272164912717,-1.8072721649127175,1.8072721649127175
DVST_XI_7-11_Mar_2024_09_10.19.01_trainee_11_glove cut_1.csv,trainee,11,trainee__participant_11,glove_cut,1,B_kinematics_no_qc,ridge,3,18.0,16.775358454368927,1.2246415456310729,1.2246415456310729
DVST_XI_7-11_Mar_2024_09_10.19.01_trainee_7_camera target_1.csv,trainee,7,trainee__participant_7,camera_target,1,B_kinematics_no_qc,ridge,3,17.0,15.93588434895992,1.0641156510400798,1.0641156510400798
DVST_XI_7-11_Mar_2024_09_10.19.01_trainee_7_glove cut_1.csv,trainee,7,trainee__participant_7,glove_cut,1,B_kinematics_no_qc,ridge,3,15.0,14.857449132481278,0.1425508675187217,0.1425508675187217
DVST_XI_7-11_Mar_2024_09_13.46.11_trainee_11_suture_1.csv,trainee,11,trainee__participant_11,suture,1,B_kinematics_no_qc,ridge,3,18.0,19.29108645415169,-1.2910864541516887,1.2910864541516887
DVST_XI_7-11_Mar_2024_09_13.46.11_trainee_7_suture_1.csv,trainee,7,trainee__participant_7,suture,1,B_kinematics_no_qc,ridge,3,17.0,18.50232927350089,-1.5023292735008908,1.5023292735008908
DVST_XI_Griffin_29_sep-1_oct_2024_29_09.07.40_trainee_21_camera target_1.csv,trainee,21,trainee__participant_21,camera_target,1,B_kinematics_no_qc,ridge,3,19.0,19.548410439606517,-0.548410439606517,0.548410439606517
DVST_XI_Griffin_29_sep-1_oct_2024_29_09.07.40_trainee_21_suture_1.csv,trainee,21,trainee__participant_21,suture,1,B_kinematics_no_qc,ridge,3,18.0,18.272493494429668,-0.27249349442966775,0.27249349442966775
DVST_XI_Griffin_29_sep-1_oct_2024_30_12.18.00_trainee_21_glove cut_2.csv,trainee,21,trainee__participant_21,glove_cut,2,B_kinematics_no_qc,ridge,3,25.0,20.353360434769357,4.646639565230643,4.646639565230643
DVST_XI_Griffin_29_sep-1_oct_2024_30_12.18.00_trainee_21_ring rollercoaster_2.csv,trainee,21,trainee__participant_21,ring_rollercoaster,2,B_kinematics_no_qc,ridge,3,22.0,19.040933820105668,2.9590661798943323,2.9590661798943323
DVST_XI_Griffin_29_sep-1_oct_2024_30_12.18.00_trainee_21_sea spikes_2.csv,trainee,21,trainee__participant_21,sea_spikes,2,B_kinematics_no_qc,ridge,3,22.0,20.25089025196199,1.7491097480380091,1.7491097480380091
DVST_XI_Griffin_29_sep-1_oct_2024_30_12.18.00_trainee_21_suture_2.csv,trainee,21,trainee__participant_21,suture,2,B_kinematics_no_qc,ridge,3,23.0,21.41247568658961,1.5875243134103911,1.5875243134103911
DVST_XI_19-22_May_2025_22_09.34.36_trainee_39_camera target_2.csv,trainee,39,trainee__participant_39,camera_target,2,B_kinematics_no_qc,ridge,4,19.0,24.001434324336746,-5.001434324336746,5.001434324336746
DVST_XI_6-8_Mar_2025_06_10.41.14_trainee_33_camera target_1.csv,trainee,33,trainee__participant_33,camera_target,1,B_kinematics_no_qc,ridge,4,23.0,20.85447685728765,2.1455231427123493,2.1455231427123493
DVST_XI_6-8_Mar_2025_06_10.41.14_trainee_33_ring rollercoaster_1.csv,trainee,33,trainee__participant_33,ring_rollercoaster,1,B_kinematics_no_qc,ridge,4,21.0,20.551868398914863,0.4481316010851373,0.4481316010851373
DVST_XI_6-8_Mar_2025_06_10.41.14_trainee_33_sea spikes_1.csv,trainee,33,trainee__participant_33,sea_spikes,1,B_kinematics_no_qc,ridge,4,16.0,18.789341082518998,-2.789341082518998,2.789341082518998
DVST_XI_6-8_Mar_2025_06_10.41.14_trainee_35_ring rollercoaster_1.csv,trainee,35,trainee__participant_35,ring_rollercoaster,1,B_kinematics_no_qc,ridge,4,18.0,17.048804100686134,0.9511958993138663,0.9511958993138663
DVST_XI_6-8_Mar_2025_06_10.41.14_trainee_35_sea spikes_1.csv,trainee,35,trainee__participant_35,sea_spikes,1,B_kinematics_no_qc,ridge,4,15.0,17.19618461580496,-2.1961846158049596,2.1961846158049596
DVST_XI_6-8_Mar_2025_06_10.41.14_trainee_36_ring rollercoaster_1.csv,trainee,36,trainee__participant_36,ring_rollercoaster,1,B_kinematics_no_qc,ridge,4,19.0,16.557503740381744,2.442496259618256,2.442496259618256
DVST_XI_6-8_Mar_2025_06_10.41.14_trainee_36_sea spikes_1.csv,trainee,36,trainee__participant_36,sea_spikes,1,B_kinematics_no_qc,ridge,4,16.0,16.54271700123937,-0.5427170012393709,0.5427170012393709
DVST_XI_6-8_Mar_2025_07_11.56.53_trainee_33_camera target_2.csv,trainee,33,trainee__participant_33,camera_target,2,B_kinematics_no_qc,ridge,4,19.0,20.689216742083115,-1.689216742083115,1.689216742083115
DVST_XI_6-8_Mar_2025_07_11.56.53_trainee_33_glove cut_1.csv,trainee,33,trainee__participant_33,glove_cut,1,B_kinematics_no_qc,ridge,4,18.0,19.018237498952722,-1.0182374989527219,1.0182374989527219
DVST_XI_6-8_Mar_2025_07_11.56.53_trainee_33_sea spikes_2.csv,trainee,33,trainee__participant_33,sea_spikes,2,B_kinematics_no_qc,ridge,4,20.0,19.202386734160765,0.7976132658392352,0.7976132658392352
DVST_XI_6-8_Mar_2025_07_11.56.53_trainee_35_camera target_2.csv,trainee,35,trainee__participant_35,camera_target,2,B_kinematics_no_qc,ridge,4,18.0,21.123830734790868,-3.123830734790868,3.123830734790868
DVST_XI_6-8_Mar_2025_07_11.56.53_trainee_35_glove cut_1.csv,trainee,35,trainee__participant_35,glove_cut,1,B_kinematics_no_qc,ridge,4,16.0,19.61006281991871,-3.61006281991871,3.61006281991871
DVST_XI_6-8_Mar_2025_07_11.56.53_trainee_35_sea spikes_2.csv,trainee,35,trainee__participant_35,sea_spikes,2,B_kinematics_no_qc,ridge,4,21.0,20.197376358495422,0.802623641504578,0.802623641504578
DVST_XI_6-8_Mar_2025_07_11.56.53_trainee_36_glove cut_1.csv,trainee,36,trainee__participant_36,glove_cut,1,B_kinematics_no_qc,ridge,4,18.0,18.71187229379861,-0.71187229379861,0.71187229379861
DVST_XI_7-11_Jul_2025_10_09.40.17_expert_6_camera target_1.csv,expert,6,expert__participant_6,camera_target,1,B_kinematics_no_qc,ridge,4,25.0,21.952741239643334,3.047258760356666,3.047258760356666
DVST_XI_7-11_Jul_2025_10_09.40.17_expert_6_suture_1.csv,expert,6,expert__participant_6,suture,1,B_kinematics_no_qc,ridge,4,26.0,22.034762921921494,3.9652370780785056,3.9652370780785056
DVST_XI_7-11_Mar_2024_08_13.12.17_trainee_10_ring rollercoaster_1.csv,trainee,10,trainee__participant_10,ring_rollercoaster,1,B_kinematics_no_qc,ridge,4,14.0,19.08759100914837,-5.087591009148369,5.087591009148369
DVST_XI_7-11_Mar_2024_08_13.12.17_trainee_10_sea spikes_1.csv,trainee,10,trainee__participant_10,sea_spikes,1,B_kinematics_no_qc,ridge,4,22.0,16.094805019694135,5.905194980305865,5.905194980305865
DVST_XI_7-11_Mar_2024_09_10.19.01_trainee_10_camera target_1.csv,trainee,10,trainee__participant_10,camera_target,1,B_kinematics_no_qc,ridge,4,14.0,19.30809390961906,-5.3080939096190605,5.3080939096190605
DVST_XI_7-11_Mar_2024_09_10.19.01_trainee_10_glove cut_1.csv,trainee,10,trainee__participant_10,glove_cut,1,B_kinematics_no_qc,ridge,4,18.0,15.396778428435061,2.603221571564939,2.603221571564939
DVST_XI_7-11_Mar_2024_09_13.46.11_trainee_10_suture_1.csv,trainee,10,trainee__participant_10,suture,1,B_kinematics_no_qc,ridge,4,19.0,19.74568539863075,-0.7456853986307515,0.7456853986307515
DVST_XI_Griffin_16-19_07_2024_16_08.46.09_trainee_16_glove cut_1.csv,trainee,16,trainee__participant_16,glove_cut,1,B_kinematics_no_qc,ridge,4,15.0,18.18893278300394,-3.1889327830039385,3.1889327830039385
DVST_XI_Griffin_16-19_07_2024_16_08.46.09_trainee_16_ring rollercoaster_1.csv,trainee,16,trainee__participant_16,ring_rollercoaster,1,B_kinematics_no_qc,ridge,4,20.0,18.935488571146244,1.0645114288537556,1.0645114288537556
DVST_XI_Griffin_16-19_07_2024_16_08.46.09_trainee_16_sea spikes_1.csv,trainee,16,trainee__participant_16,sea_spikes,1,B_kinematics_no_qc,ridge,4,16.0,17.50096958303995,-1.50096958303995,1.50096958303995
DVST_XI_Griffin_16-19_07_2024_16_08.46.09_trainee_16_suture_1.csv,trainee,16,trainee__participant_16,suture,1,B_kinematics_no_qc,ridge,4,21.0,18.17464048486953,2.8253595151304687,2.8253595151304687
DVST_XI_Griffin_16-19_07_2024_17_12.20.23_trainee_16_camera target_1.csv,trainee,16,trainee__participant_16,camera_target,1,B_kinematics_no_qc,ridge,4,23.0,20.23281046686849,2.7671895331315106,2.7671895331315106
DVST_XI_Griffin_16-19_07_2024_17_12.20.23_trainee_16_ring rollercoaster_2.csv,trainee,16,trainee__participant_16,ring_rollercoaster,2,B_kinematics_no_qc,ridge,4,23.0,19.79566699096741,3.2043330090325917,3.2043330090325917
DVST_XI_Griffin_16-19_07_2024_18_08.46.52_trainee_16_sea spikes_2.csv,trainee,16,trainee__participant_16,sea_spikes,2,B_kinematics_no_qc,ridge,4,21.0,20.09080589723435,0.9091941027656496,0.9091941027656496
DVST_XI_Griffin_16-19_07_2024_18_08.46.52_trainee_16_suture_2.csv,trainee,16,trainee__participant_16,suture,2,B_kinematics_no_qc,ridge,4,29.0,21.396623622370907,7.603376377629093,7.603376377629093
DVST_XI_Griffin_16-19_07_2024_19_09.39.41_trainee_16_camera target_2.csv,trainee,16,trainee__participant_16,camera_target,2,B_kinematics_no_qc,ridge,4,23.0,21.550866550339677,1.449133449660323,1.449133449660323
DVST_XI_Griffin_16-19_07_2024_19_09.39.41_trainee_16_glove cut_2.csv,trainee,16,trainee__participant_16,glove_cut,2,B_kinematics_no_qc,ridge,4,24.0,17.16339916665116,6.8366008333488395,6.8366008333488395
DVST_XI_Griffin_29_sep-1_oct_2024_29_09.07.40_trainee_18_camera target_1.csv,trainee,18,trainee__participant_18,camera_target,1,B_kinematics_no_qc,ridge,4,19.0,22.010015214785643,-3.0100152147856427,3.0100152147856427
DVST_XI_Griffin_29_sep-1_oct_2024_29_09.07.40_trainee_18_suture_1.csv,trainee,18,trainee__participant_18,suture,1,B_kinematics_no_qc,ridge,4,12.0,17.313041184524725,-5.3130411845247245,5.3130411845247245
DVST_XI_Griffin_29_sep-1_oct_2024_30_12.18.00_trainee_18_glove cut_2.csv,trainee,18,trainee__participant_18,glove_cut,2,B_kinematics_no_qc,ridge,4,22.0,20.02794357282261,1.9720564271773888,1.9720564271773888
DVST_XI_Griffin_29_sep-1_oct_2024_30_12.18.00_trainee_18_ring rollercoaster_2.csv,trainee,18,trainee__participant_18,ring_rollercoaster,2,B_kinematics_no_qc,ridge,4,24.0,19.854689418556465,4.145310581443535,4.145310581443535
DVST_XI_Griffin_29_sep-1_oct_2024_30_12.18.00_trainee_18_sea spikes_2.csv,trainee,18,trainee__participant_18,sea_spikes,2,B_kinematics_no_qc,ridge,4,22.0,20.29167007782035,1.7083299221796509,1.7083299221796509
DVST_XI_Griffin_29_sep-1_oct_2024_30_12.18.00_trainee_18_suture_2.csv,trainee,18,trainee__participant_18,suture,2,B_kinematics_no_qc,ridge,4,22.0,20.663737766095267,1.3362622339047334,1.3362622339047334
DVST_XI_10-13_Nov_2025_12_10.36.46_expert_9_camera target_1.csv,expert,9,expert__participant_9,camera_target,1,B_kinematics_no_qc,ridge,5,28.0,23.037916212784317,4.962083787215683,4.962083787215683
DVST_XI_10-13_Nov_2025_12_10.36.46_expert_9_glove cut_1.csv,expert,9,expert__participant_9,glove_cut,1,B_kinematics_no_qc,ridge,5,29.0,21.916263242086018,7.083736757913982,7.083736757913982
DVST_XI_10-13_Nov_2025_12_10.36.46_expert_9_ring rollercoaster_1.csv,expert,9,expert__participant_9,ring_rollercoaster,1,B_kinematics_no_qc,ridge,5,29.0,21.29170340832337,7.708296591676628,7.708296591676628
DVST_XI_10-13_Nov_2025_12_10.36.46_expert_9_sea spikes_1.csv,expert,9,expert__participant_9,sea_spikes,1,B_kinematics_no_qc,ridge,5,29.0,21.572205348187158,7.427794651812842,7.427794651812842
DVST_XI_10-13_Nov_2025_12_10.36.46_expert_9_suture_1.csv,expert,9,expert__participant_9,suture,1,B_kinematics_no_qc,ridge,5,28.0,22.79228173983289,5.207718260167109,5.207718260167109
DVST_XI_19-22_May_2025_21_09.43.23_expert_5_camera target_1.csv,expert,5,expert__participant_5,camera_target,1,B_kinematics_no_qc,ridge,5,30.0,22.021716737747784,7.978283262252216,7.978283262252216
DVST_XI_19-22_May_2025_21_09.43.23_expert_5_suture_1.csv,expert,5,expert__participant_5,suture,1,B_kinematics_no_qc,ridge,5,29.0,21.867500335250522,7.132499664749478,7.132499664749478
DVST_XI_19-22_May_2025_22_09.34.36_trainee_38_camera target_2.csv,trainee,38,trainee__participant_38,camera_target,2,B_kinematics_no_qc,ridge,5,22.0,24.601742140805104,-2.6017421408051042,2.6017421408051042
DVST_XI_6-8_Mar_2025_06_10.41.14_trainee_31_ring rollercoaster_1.csv,trainee,31,trainee__participant_31,ring_rollercoaster,1,B_kinematics_no_qc,ridge,5,15.0,19.259187271838137,-4.259187271838137,4.259187271838137
DVST_XI_6-8_Mar_2025_06_10.41.14_trainee_31_sea spikes_1.csv,trainee,31,trainee__participant_31,sea_spikes,1,B_kinematics_no_qc,ridge,5,13.0,18.573785102770888,-5.573785102770888,5.573785102770888
DVST_XI_6-8_Mar_2025_07_11.56.53_trainee_31_glove cut_1.csv,trainee,31,trainee__participant_31,glove_cut,1,B_kinematics_no_qc,ridge,5,16.0,18.809032974214936,-2.8090329742149365,2.8090329742149365
DVST_XI_7-11_Mar_2024_08_13.12.17_trainee_9_ring rollercoaster_1.csv,trainee,9,trainee__participant_9,ring_rollercoaster,1,B_kinematics_no_qc,ridge,5,14.0,18.57894008782357,-4.578940087823572,4.578940087823572
DVST_XI_7-11_Mar_2024_08_13.12.17_trainee_9_sea spikes_1.csv,trainee,9,trainee__participant_9,sea_spikes,1,B_kinematics_no_qc,ridge,5,18.0,16.81117903040603,1.1888209695939693,1.1888209695939693
DVST_XI_7-11_Mar_2024_09_10.19.01_trainee_9_camera target_1.csv,trainee,9,trainee__participant_9,camera_target,1,B_kinematics_no_qc,ridge,5,19.0,18.746923942327935,0.25307605767206454,0.25307605767206454
DVST_XI_7-11_Mar_2024_09_10.19.01_trainee_9_glove cut_1.csv,trainee,9,trainee__participant_9,glove_cut,1,B_kinematics_no_qc,ridge,5,18.0,17.66031015035567,0.3396898496443299,0.3396898496443299
DVST_XI_7-11_Mar_2024_09_13.46.11_trainee_9_suture_1.csv,trainee,9,trainee__participant_9,suture,1,B_kinematics_no_qc,ridge,5,16.0,18.50600595389984,-2.506005953899841,2.506005953899841
DVST_XI_Griffin_16-19_07_2024_16_08.46.09_trainee_14_glove cut_1.csv,trainee,14,trainee__participant_14,glove_cut,1,B_kinematics_no_qc,ridge,5,11.0,18.639085990195937,-7.639085990195937,7.639085990195937
DVST_XI_Griffin_16-19_07_2024_16_08.46.09_trainee_14_ring rollercoaster_1.csv,trainee,14,trainee__participant_14,ring_rollercoaster,1,B_kinematics_no_qc,ridge,5,16.0,19.696858779072382,-3.6968587790723824,3.6968587790723824
DVST_XI_Griffin_16-19_07_2024_16_08.46.09_trainee_14_sea spikes_1.csv,trainee,14,trainee__participant_14,sea_spikes,1,B_kinematics_no_qc,ridge,5,12.0,15.091437770638265,-3.091437770638265,3.091437770638265
DVST_XI_Griffin_16-19_07_2024_16_08.46.09_trainee_14_suture_1.csv,trainee,14,trainee__participant_14,suture,1,B_kinematics_no_qc,ridge,5,15.0,19.561304199406766,-4.5613041994067665,4.5613041994067665
DVST_XI_Griffin_16-19_07_2024_17_12.20.23_trainee_13_camera target_1.csv,trainee,13,trainee__participant_13,camera_target,1,B_kinematics_no_qc,ridge,5,19.0,19.63542439902376,-0.6354243990237585,0.6354243990237585
DVST_XI_Griffin_16-19_07_2024_17_12.20.23_trainee_13_glove cut_1.csv,trainee,13,trainee__participant_13,glove_cut,1,B_kinematics_no_qc,ridge,5,23.0,18.777636334492836,4.222363665507164,4.222363665507164
DVST_XI_Griffin_16-19_07_2024_17_12.20.23_trainee_13_ring rollercoaster_1.csv,trainee,13,trainee__participant_13,ring_rollercoaster,1,B_kinematics_no_qc,ridge,5,17.0,19.88860062319984,-2.8886006231998387,2.8886006231998387
DVST_XI_Griffin_16-19_07_2024_17_12.20.23_trainee_13_ring rollercoaster_2.csv,trainee,13,trainee__participant_13,ring_rollercoaster,2,B_kinematics_no_qc,ridge,5,22.0,21.570136729057648,0.4298632709423522,0.4298632709423522
DVST_XI_Griffin_16-19_07_2024_17_12.20.23_trainee_13_sea spikes_1.csv,trainee,13,trainee__participant_13,sea_spikes,1,B_kinematics_no_qc,ridge,5,17.0,19.680019671961183,-2.6800196719611833,2.6800196719611833
DVST_XI_Griffin_16-19_07_2024_17_12.20.23_trainee_13_suture_1.csv,trainee,13,trainee__participant_13,suture,1,B_kinematics_no_qc,ridge,5,23.0,20.28630590562744,2.71369409437256,2.71369409437256
DVST_XI_Griffin_16-19_07_2024_17_12.20.23_trainee_14_camera target_1.csv,trainee,14,trainee__participant_14,camera_target,1,B_kinematics_no_qc,ridge,5,14.0,16.426124708552294,-2.426124708552294,2.426124708552294
DVST_XI_Griffin_16-19_07_2024_18_08.46.52_trainee_13_sea spikes_2.csv,trainee,13,trainee__participant_13,sea_spikes,2,B_kinematics_no_qc,ridge,5,21.0,21.405295774786268,-0.40529577478626777,0.40529577478626777
DVST_XI_Griffin_16-19_07_2024_18_08.46.52_trainee_13_suture_2.csv,trainee,13,trainee__participant_13,suture,2,B_kinematics_no_qc,ridge,5,28.0,21.382493654622422,6.617506345377578,6.617506345377578
DVST_XI_Griffin_16-19_07_2024_18_08.46.52_trainee_14_sea spikes_2.csv,trainee,14,trainee__participant_14,sea_spikes,2,B_kinematics_no_qc,ridge,5,20.0,19.579545153461474,0.42045484653852583,0.42045484653852583
DVST_XI_Griffin_16-19_07_2024_18_08.46.52_trainee_14_suture_2.csv,trainee,14,trainee__participant_14,suture,2,B_kinematics_no_qc,ridge,5,29.0,22.989332025358674,6.010667974641326,6.010667974641326
DVST_XI_Griffin_16-19_07_2024_19_09.39.41_trainee_13_camera target_2.csv,trainee,13,trainee__participant_13,camera_target,2,B_kinematics_no_qc,ridge,5,17.0,21.75618254625226,-4.7561825462522584,4.7561825462522584
DVST_XI_Griffin_16-19_07_2024_19_09.39.41_trainee_14_glove cut_2.csv,trainee,14,trainee__participant_14,glove_cut,2,B_kinematics_no_qc,ridge,5,18.0,19.132886162509934,-1.1328861625099336,1.1328861625099336
DVST_XI_Griffin_29_sep-1_oct_2024_29_09.07.40_trainee_20_camera target_1.csv,trainee,20,trainee__participant_20,camera_target,1,B_kinematics_no_qc,ridge,5,15.0,16.179419785365894,-1.1794197853658943,1.1794197853658943
DVST_XI_Griffin_29_sep-1_oct_2024_29_09.07.40_trainee_20_suture_1.csv,trainee,20,trainee__participant_20,suture,1,B_kinematics_no_qc,ridge,5,13.0,16.463922699178624,-3.4639226991786245,3.4639226991786245
DVST_XI_Griffin_29_sep-1_oct_2024_30_12.18.00_trainee_20_glove cut_2.csv,trainee,20,trainee__participant_20,glove_cut,2,B_kinematics_no_qc,ridge,5,17.0,19.98714088347982,-2.987140883479821,2.987140883479821
DVST_XI_Griffin_29_sep-1_oct_2024_30_12.18.00_trainee_20_ring rollercoaster_2.csv,trainee,20,trainee__participant_20,ring_rollercoaster,2,B_kinematics_no_qc,ridge,5,21.0,19.646375527570054,1.3536244724299458,1.3536244724299458
DVST_XI_Griffin_29_sep-1_oct_2024_30_12.18.00_trainee_20_sea spikes_2.csv,trainee,20,trainee__participant_20,sea_spikes,2,B_kinematics_no_qc,ridge,5,21.0,20.430299873152823,0.5697001268471773,0.5697001268471773
DVST_XI_10-13_Nov_2025_12_10.36.46_expert_10_camera target_1.csv,expert,10,expert__participant_10,camera_target,1,B_kinematics_no_qc,elastic_net,1,30.0,23.860742591125195,6.139257408874805,6.139257408874805
DVST_XI_10-13_Nov_2025_12_10.36.46_expert_10_glove cut_1.csv,expert,10,expert__participant_10,glove_cut,1,B_kinematics_no_qc,elastic_net,1,28.0,22.138235932809387,5.861764067190613,5.861764067190613
DVST_XI_10-13_Nov_2025_12_10.36.46_expert_10_ring rollercoaster_1.csv,expert,10,expert__participant_10,ring_rollercoaster,1,B_kinematics_no_qc,elastic_net,1,29.0,21.275823525216687,7.724176474783313,7.724176474783313
DVST_XI_10-13_Nov_2025_12_10.36.46_expert_10_sea spikes_1.csv,expert,10,expert__participant_10,sea_spikes,1,B_kinematics_no_qc,elastic_net,1,29.0,22.11978563363727,6.880214366362729,6.880214366362729
DVST_XI_10-13_Nov_2025_12_10.36.46_expert_10_suture_1.csv,expert,10,expert__participant_10,suture,1,B_kinematics_no_qc,elastic_net,1,30.0,23.409459052724447,6.590540947275553,6.590540947275553
DVST_XI_11-14_Aug_2025_13_11.33.24_expert_7_camera target_1.csv,expert,7,expert__participant_7,camera_target,1,B_kinematics_no_qc,elastic_net,1,28.0,22.76926592030329,5.23073407969671,5.23073407969671
DVST_XI_11-14_Aug_2025_13_11.33.24_expert_7_suture_1.csv,expert,7,expert__participant_7,suture,1,B_kinematics_no_qc,elastic_net,1,29.0,21.78100984747452,7.218990152525478,7.218990152525478
DVST_XI_11-14_Aug_2025_14_10.45.28_expert_8_camera target_1.csv,expert,8,expert__participant_8,camera_target,1,B_kinematics_no_qc,elastic_net,1,28.0,21.57062360527949,6.42937639472051,6.42937639472051
DVST_XI_11-14_Aug_2025_14_10.45.28_expert_8_suture_1.csv,expert,8,expert__participant_8,suture,1,B_kinematics_no_qc,elastic_net,1,29.0,22.979924727560622,6.020075272439378,6.020075272439378
DVST_XI_14-16_Feb_2024_14_09.13.16_trainee_5_camera target_1.csv,trainee,5,trainee__participant_5,camera_target,1,B_kinematics_no_qc,elastic_net,1,7.0,16.379856357199266,-9.379856357199266,9.379856357199266
DVST_XI_14-16_Feb_2024_14_09.13.16_trainee_5_glove cut_1.csv,trainee,5,trainee__participant_5,glove_cut,1,B_kinematics_no_qc,elastic_net,1,11.0,16.520890968300055,-5.520890968300055,5.520890968300055
DVST_XI_14-16_Feb_2024_14_09.13.16_trainee_5_ring rollercoaster_1.csv,trainee,5,trainee__participant_5,ring_rollercoaster,1,B_kinematics_no_qc,elastic_net,1,17.0,14.41199062647738,2.5880093735226204,2.5880093735226204
DVST_XI_14-16_Feb_2024_14_09.13.16_trainee_5_sea spikes_1.csv,trainee,5,trainee__participant_5,sea_spikes,1,B_kinematics_no_qc,elastic_net,1,16.0,16.867060594821506,-0.8670605948215062,0.8670605948215062
DVST_XI_14-16_Feb_2024_14_09.13.16_trainee_5_suture_1.csv,trainee,5,trainee__participant_5,suture,1,B_kinematics_no_qc,elastic_net,1,16.0,17.895737508097987,-1.8957375080979872,1.8957375080979872
DVST_XI_14-16_Feb_2024_16_08.32.59_trainee_5_camera target_2.csv,trainee,5,trainee__participant_5,camera_target,2,B_kinematics_no_qc,elastic_net,1,21.0,19.2607870472863,1.7392129527137001,1.7392129527137001
DVST_XI_14-16_Feb_2024_16_08.32.59_trainee_5_glove cut_2.csv,trainee,5,trainee__participant_5,glove_cut,2,B_kinematics_no_qc,elastic_net,1,19.0,15.858666789127103,3.1413332108728973,3.1413332108728973
DVST_XI_14-16_Feb_2024_16_08.32.59_trainee_5_ring rollercoaster_2.csv,trainee,5,trainee__participant_5,ring_rollercoaster,2,B_kinematics_no_qc,elastic_net,1,23.0,16.472439423267314,6.527560576732686,6.527560576732686
DVST_XI_14-16_Feb_2024_16_08.32.59_trainee_5_sea spikes_2.csv,trainee,5,trainee__participant_5,sea_spikes,2,B_kinematics_no_qc,elastic_net,1,21.0,19.33224230887443,1.6677576911255692,1.6677576911255692
DVST_XI_14-16_Feb_2024_16_08.32.59_trainee_5_suture_2.csv,trainee,5,trainee__participant_5,suture,2,B_kinematics_no_qc,elastic_net,1,21.0,19.208795351525055,1.7912046484749453,1.7912046484749453
DVST_XI_19-22_May_2025_22_09.34.36_trainee_37_camera target_2.csv,trainee,37,trainee__participant_37,camera_target,2,B_kinematics_no_qc,elastic_net,1,16.0,20.857356451882815,-4.857356451882815,4.857356451882815
DVST_XI_19-22_May_2025_22_09.34.36_trainee_41_camera target_2.csv,trainee,41,trainee__participant_41,camera_target,2,B_kinematics_no_qc,elastic_net,1,20.0,20.321116392458258,-0.32111639245825785,0.32111639245825785
DVST_XI_7-11_Mar_2024_08_13.12.17_trainee_8_ring rollercoaster_1.csv,trainee,8,trainee__participant_8,ring_rollercoaster,1,B_kinematics_no_qc,elastic_net,1,12.0,16.88932085294025,-4.889320852940251,4.889320852940251
DVST_XI_7-11_Mar_2024_08_13.12.17_trainee_8_sea spikes_1.csv,trainee,8,trainee__participant_8,sea_spikes,1,B_kinematics_no_qc,elastic_net,1,18.0,18.48520305756385,-0.48520305756385085,0.48520305756385085
DVST_XI_7-11_Mar_2024_09_10.19.01_trainee_8_camera target_1.csv,trainee,8,trainee__participant_8,camera_target,1,B_kinematics_no_qc,elastic_net,1,10.0,14.997373172056484,-4.997373172056484,4.997373172056484
DVST_XI_7-11_Mar_2024_09_10.19.01_trainee_8_glove cut_1.csv,trainee,8,trainee__participant_8,glove_cut,1,B_kinematics_no_qc,elastic_net,1,17.0,17.1234520216349,-0.12345202163490043,0.12345202163490043
DVST_XI_7-11_Mar_2024_09_13.46.11_trainee_8_suture_1.csv,trainee,8,trainee__participant_8,suture,1,B_kinematics_no_qc,elastic_net,1,17.0,19.742936527837887,-2.7429365278378874,2.7429365278378874
DVST_XI_Griffin_16-19_07_2024_16_08.46.09_trainee_12_glove cut_1.csv,trainee,12,trainee__participant_12,glove_cut,1,B_kinematics_no_qc,elastic_net,1,21.0,18.831458165237265,2.1685418347627348,2.1685418347627348
DVST_XI_Griffin_16-19_07_2024_16_08.46.09_trainee_12_ring rollercoaster_1.csv,trainee,12,trainee__participant_12,ring_rollercoaster,1,B_kinematics_no_qc,elastic_net,1,16.0,19.77608117894899,-3.7760811789489885,3.7760811789489885
DVST_XI_Griffin_16-19_07_2024_16_08.46.09_trainee_12_sea spikes_1.csv,trainee,12,trainee__participant_12,sea_spikes,1,B_kinematics_no_qc,elastic_net,1,12.0,19.278944075076197,-7.278944075076197,7.278944075076197
DVST_XI_Griffin_16-19_07_2024_16_08.46.09_trainee_12_suture_1.csv,trainee,12,trainee__participant_12,suture,1,B_kinematics_no_qc,elastic_net,1,20.0,21.966317105708473,-1.9663171057084732,1.9663171057084732
DVST_XI_Griffin_16-19_07_2024_17_12.20.23_trainee_12_camera target_1.csv,trainee,12,trainee__participant_12,camera_target,1,B_kinematics_no_qc,elastic_net,1,16.0,20.510825122387153,-4.510825122387153,4.510825122387153
DVST_XI_Griffin_16-19_07_2024_18_08.46.52_trainee_12_sea spikes_2.csv,trainee,12,trainee__participant_12,sea_spikes,2,B_kinematics_no_qc,elastic_net,1,19.0,22.599433527839434,-3.599433527839434,3.599433527839434
DVST_XI_Griffin_16-19_07_2024_18_08.46.52_trainee_12_suture_2.csv,trainee,12,trainee__participant_12,suture,2,B_kinematics_no_qc,elastic_net,1,28.0,21.75429929775798,6.245700702242019,6.245700702242019
DVST_XI_Griffin_16-19_07_2024_19_09.39.41_trainee_12_glove cut_2.csv,trainee,12,trainee__participant_12,glove_cut,2,B_kinematics_no_qc,elastic_net,1,20.0,18.746406669812405,1.253593330187595,1.253593330187595
DVST_XI_Griffin_29_sep-1_oct_2024_29_09.07.40_trainee_19_camera target_1.csv,trainee,19,trainee__participant_19,camera_target,1,B_kinematics_no_qc,elastic_net,1,17.0,15.833115834259015,1.166884165740985,1.166884165740985
DVST_XI_Griffin_29_sep-1_oct_2024_29_09.07.40_trainee_19_suture_1.csv,trainee,19,trainee__participant_19,suture,1,B_kinematics_no_qc,elastic_net,1,16.0,15.59335622396949,0.40664377603050994,0.40664377603050994
DVST_XI_Griffin_29_sep-1_oct_2024_30_12.18.00_trainee_19_glove cut_2.csv,trainee,19,trainee__participant_19,glove_cut,2,B_kinematics_no_qc,elastic_net,1,17.0,18.36381216066644,-1.3638121606664413,1.3638121606664413
DVST_XI_Griffin_29_sep-1_oct_2024_30_12.18.00_trainee_19_ring rollercoaster_2.csv,trainee,19,trainee__participant_19,ring_rollercoaster,2,B_kinematics_no_qc,elastic_net,1,22.0,18.038272474474923,3.9617275255250775,3.9617275255250775
DVST_XI_Griffin_29_sep-1_oct_2024_30_12.18.00_trainee_19_sea spikes_2.csv,trainee,19,trainee__participant_19,sea_spikes,2,B_kinematics_no_qc,elastic_net,1,21.0,20.85393699187154,0.1460630081284613,0.1460630081284613
DVST_XI_14-16_Feb_2024_14_09.13.16_trainee_1_camera target_1.csv,trainee,1,trainee__participant_1,camera_target,1,B_kinematics_no_qc,elastic_net,2,17.0,18.661860957487075,-1.6618609574870753,1.6618609574870753
DVST_XI_14-16_Feb_2024_14_09.13.16_trainee_1_suture_1.csv,trainee,1,trainee__participant_1,suture,1,B_kinematics_no_qc,elastic_net,2,19.0,18.00412310758023,0.9958768924197692,0.9958768924197692
DVST_XI_14-16_Feb_2024_14_09.13.16_trainee_3_camera target_1.csv,trainee,3,trainee__participant_3,camera_target,1,B_kinematics_no_qc,elastic_net,2,15.0,18.823074679063833,-3.823074679063833,3.823074679063833
DVST_XI_14-16_Feb_2024_14_09.13.16_trainee_3_glove cut_1.csv,trainee,3,trainee__participant_3,glove_cut,1,B_kinematics_no_qc,elastic_net,2,17.0,20.642179669328684,-3.6421796693286836,3.6421796693286836
DVST_XI_14-16_Feb_2024_14_09.13.16_trainee_3_ring rollercoaster_1.csv,trainee,3,trainee__participant_3,ring_rollercoaster,1,B_kinematics_no_qc,elastic_net,2,12.0,17.914067951673793,-5.914067951673793,5.914067951673793
DVST_XI_14-16_Feb_2024_14_09.13.16_trainee_3_sea spikes_1.csv,trainee,3,trainee__participant_3,sea_spikes,1,B_kinematics_no_qc,elastic_net,2,15.0,18.866955035104656,-3.866955035104656,3.866955035104656
DVST_XI_14-16_Feb_2024_14_09.13.16_trainee_3_suture_1.csv,trainee,3,trainee__participant_3,suture,1,B_kinematics_no_qc,elastic_net,2,19.0,19.13040732783939,-0.13040732783938935,0.13040732783938935
DVST_XI_14-16_Feb_2024_16_08.32.59_trainee_1_camera target_2.csv,trainee,1,trainee__participant_1,camera_target,2,B_kinematics_no_qc,elastic_net,2,19.0,18.261451912203817,0.7385480877961825,0.7385480877961825
DVST_XI_14-16_Feb_2024_16_08.32.59_trainee_1_glove cut_2.csv,trainee,1,trainee__participant_1,glove_cut,2,B_kinematics_no_qc,elastic_net,2,19.0,15.99233924360991,3.0076607563900897,3.0076607563900897
DVST_XI_14-16_Feb_2024_16_08.32.59_trainee_1_sea spikes_2.csv,trainee,1,trainee__participant_1,sea_spikes,2,B_kinematics_no_qc,elastic_net,2,19.0,19.551271841881174,-0.5512718418811744,0.5512718418811744
DVST_XI_14-16_Feb_2024_16_08.32.59_trainee_1_suture_2.csv,trainee,1,trainee__participant_1,suture,2,B_kinematics_no_qc,elastic_net,2,17.0,18.281264128962363,-1.2812641289623627,1.2812641289623627
DVST_XI_14-16_Feb_2024_16_08.32.59_trainee_3_camera target_2.csv,trainee,3,trainee__participant_3,camera_target,2,B_kinematics_no_qc,elastic_net,2,23.0,18.413647071086928,4.5863529289130724,4.5863529289130724
DVST_XI_14-16_Feb_2024_16_08.32.59_trainee_3_glove cut_2.csv,trainee,3,trainee__participant_3,glove_cut,2,B_kinematics_no_qc,elastic_net,2,19.0,19.280004427907475,-0.2800044279074747,0.2800044279074747
DVST_XI_14-16_Feb_2024_16_08.32.59_trainee_3_ring rollercoaster_2.csv,trainee,3,trainee__participant_3,ring_rollercoaster,2,B_kinematics_no_qc,elastic_net,2,21.0,18.92351258103521,2.0764874189647884,2.0764874189647884
DVST_XI_14-16_Feb_2024_16_08.32.59_trainee_3_sea spikes_2.csv,trainee,3,trainee__participant_3,sea_spikes,2,B_kinematics_no_qc,elastic_net,2,17.0,20.23918904936971,-3.2391890493697097,3.2391890493697097
DVST_XI_14-16_Feb_2024_16_08.32.59_trainee_3_suture_2.csv,trainee,3,trainee__participant_3,suture,2,B_kinematics_no_qc,elastic_net,2,22.0,22.47133477128451,-0.4713347712845106,0.4713347712845106
DVST_XI_6-8_Mar_2025_06_10.41.14_trainee_34_camera target_1.csv,trainee,34,trainee__participant_34,camera_target,1,B_kinematics_no_qc,elastic_net,2,18.0,11.944564129010875,6.055435870989125,6.055435870989125
DVST_XI_6-8_Mar_2025_06_10.41.14_trainee_34_ring rollercoaster_1.csv,trainee,34,trainee__participant_34,ring_rollercoaster,1,B_kinematics_no_qc,elastic_net,2,14.0,14.234023890169254,-0.2340238901692544,0.2340238901692544
DVST_XI_6-8_Mar_2025_06_10.41.14_trainee_34_sea spikes_1.csv,trainee,34,trainee__participant_34,sea_spikes,1,B_kinematics_no_qc,elastic_net,2,14.0,15.13659797061623,-1.1365979706162292,1.1365979706162292
DVST_XI_6-8_Mar_2025_07_11.56.53_trainee_34_glove cut_1.csv,trainee,34,trainee__participant_34,glove_cut,1,B_kinematics_no_qc,elastic_net,2,12.0,12.774945066665374,-0.7749450666653743,0.7749450666653743
DVST_XI_6-8_Mar_2025_08_08.21.32_expert_3_camera target_1.csv,expert,3,expert__participant_3,camera_target,1,B_kinematics_no_qc,elastic_net,2,27.0,19.081286573040703,7.918713426959297,7.918713426959297
DVST_XI_6-8_Mar_2025_08_08.21.32_expert_3_suture_1.csv,expert,3,expert__participant_3,suture,1,B_kinematics_no_qc,elastic_net,2,28.0,18.21144743068802,9.788552569311982,9.788552569311982
DVST_XI_7-11_Mar_2024_08_13.12.17_trainee_6_ring rollercoaster_1.csv,trainee,6,trainee__participant_6,ring_rollercoaster,1,B_kinematics_no_qc,elastic_net,2,16.0,19.121279683003603,-3.1212796830036034,3.1212796830036034
DVST_XI_7-11_Mar_2024_08_13.12.17_trainee_6_sea spikes_1.csv,trainee,6,trainee__participant_6,sea_spikes,1,B_kinematics_no_qc,elastic_net,2,16.0,17.2328929393966,-1.2328929393965993,1.2328929393965993
DVST_XI_7-11_Mar_2024_09_10.19.01_trainee_6_glove cut_1.csv,trainee,6,trainee__participant_6,glove_cut,1,B_kinematics_no_qc,elastic_net,2,15.0,14.25362474834305,0.74637525165695,0.74637525165695
DVST_XI_7-11_Mar_2024_09_13.46.11_trainee_6_suture_1.csv,trainee,6,trainee__participant_6,suture,1,B_kinematics_no_qc,elastic_net,2,12.0,19.729704226446074,-7.729704226446074,7.729704226446074
DVST_XI_Griffin_16-19_07_2024_16_08.46.09_trainee_15_glove cut_1.csv,trainee,15,trainee__participant_15,glove_cut,1,B_kinematics_no_qc,elastic_net,2,17.0,19.005695684500964,-2.0056956845009637,2.0056956845009637
DVST_XI_Griffin_16-19_07_2024_16_08.46.09_trainee_15_ring rollercoaster_1.csv,trainee,15,trainee__participant_15,ring_rollercoaster,1,B_kinematics_no_qc,elastic_net,2,18.0,19.35036252724389,-1.3503625272438917,1.3503625272438917
DVST_XI_Griffin_16-19_07_2024_16_08.46.09_trainee_15_sea spikes_1.csv,trainee,15,trainee__participant_15,sea_spikes,1,B_kinematics_no_qc,elastic_net,2,20.0,19.167012778468916,0.8329872215310843,0.8329872215310843
DVST_XI_Griffin_16-19_07_2024_16_08.46.09_trainee_15_suture_1.csv,trainee,15,trainee__participant_15,suture,1,B_kinematics_no_qc,elastic_net,2,15.0,19.261693353237206,-4.261693353237206,4.261693353237206
DVST_XI_Griffin_16-19_07_2024_17_12.20.23_trainee_15_camera target_1.csv,trainee,15,trainee__participant_15,camera_target,1,B_kinematics_no_qc,elastic_net,2,18.0,19.79561114222922,-1.7956111422292196,1.7956111422292196
DVST_XI_Griffin_16-19_07_2024_18_08.46.52_trainee_15_sea spikes_2.csv,trainee,15,trainee__participant_15,sea_spikes,2,B_kinematics_no_qc,elastic_net,2,23.0,20.456102956224377,2.5438970437756225,2.5438970437756225
DVST_XI_Griffin_16-19_07_2024_18_08.46.52_trainee_15_suture_2.csv,trainee,15,trainee__participant_15,suture,2,B_kinematics_no_qc,elastic_net,2,26.0,21.037379274516045,4.962620725483955,4.962620725483955
DVST_XI_Griffin_29_sep-1_oct_2024_29_09.07.40_trainee_17_camera target_1.csv,trainee,17,trainee__participant_17,camera_target,1,B_kinematics_no_qc,elastic_net,2,23.0,17.732218279842726,5.267781720157274,5.267781720157274
DVST_XI_Griffin_29_sep-1_oct_2024_29_09.07.40_trainee_17_suture_1.csv,trainee,17,trainee__participant_17,suture,1,B_kinematics_no_qc,elastic_net,2,15.0,19.668663936002304,-4.668663936002304,4.668663936002304
DVST_XI_Griffin_29_sep-1_oct_2024_30_12.18.00_trainee_17_glove cut_2.csv,trainee,17,trainee__participant_17,glove_cut,2,B_kinematics_no_qc,elastic_net,2,22.0,18.932739393851662,3.067260606148338,3.067260606148338
DVST_XI_Griffin_29_sep-1_oct_2024_30_12.18.00_trainee_17_ring rollercoaster_2.csv,trainee,17,trainee__participant_17,ring_rollercoaster,2,B_kinematics_no_qc,elastic_net,2,22.0,20.308896746406415,1.6911032535935853,1.6911032535935853
DVST_XI_Griffin_29_sep-1_oct_2024_30_12.18.00_trainee_17_sea spikes_2.csv,trainee,17,trainee__participant_17,sea_spikes,2,B_kinematics_no_qc,elastic_net,2,22.0,21.17365864087986,0.8263413591201392,0.8263413591201392
DVST_XI_14-16_Feb_2024_14_09.13.16_trainee_2_camera target_1.csv,trainee,2,trainee__participant_2,camera_target,1,B_kinematics_no_qc,elastic_net,3,17.0,15.820497539215351,1.179502460784649,1.179502460784649
DVST_XI_14-16_Feb_2024_14_09.13.16_trainee_2_glove cut_1.csv,trainee,2,trainee__participant_2,glove_cut,1,B_kinematics_no_qc,elastic_net,3,13.0,18.790233249019327,-5.790233249019327,5.790233249019327
DVST_XI_14-16_Feb_2024_14_09.13.16_trainee_2_ring rollercoaster_1.csv,trainee,2,trainee__participant_2,ring_rollercoaster,1,B_kinematics_no_qc,elastic_net,3,14.0,17.727658425929054,-3.7276584259290537,3.7276584259290537
DVST_XI_14-16_Feb_2024_14_09.13.16_trainee_2_sea spikes_1.csv,trainee,2,trainee__participant_2,sea_spikes,1,B_kinematics_no_qc,elastic_net,3,15.0,17.946626310907167,-2.946626310907167,2.946626310907167
DVST_XI_14-16_Feb_2024_14_09.13.16_trainee_2_suture_1.csv,trainee,2,trainee__participant_2,suture,1,B_kinematics_no_qc,elastic_net,3,19.0,16.155585007658495,2.8444149923415054,2.8444149923415054
DVST_XI_14-16_Feb_2024_14_09.13.16_trainee_4_camera target_1.csv,trainee,4,trainee__participant_4,camera_target,1,B_kinematics_no_qc,elastic_net,3,16.0,17.281218093878067,-1.281218093878067,1.281218093878067
DVST_XI_14-16_Feb_2024_14_09.13.16_trainee_4_glove cut_1.csv,trainee,4,trainee__participant_4,glove_cut,1,B_kinematics_no_qc,elastic_net,3,23.0,18.75450031420608,4.24549968579392,4.24549968579392
DVST_XI_14-16_Feb_2024_14_09.13.16_trainee_4_ring rollercoaster_1.csv,trainee,4,trainee__participant_4,ring_rollercoaster,1,B_kinematics_no_qc,elastic_net,3,14.0,16.504964430796143,-2.504964430796143,2.504964430796143
DVST_XI_14-16_Feb_2024_14_09.13.16_trainee_4_sea spikes_1.csv,trainee,4,trainee__participant_4,sea_spikes,1,B_kinematics_no_qc,elastic_net,3,18.0,17.935854806075735,0.06414519392426499,0.06414519392426499
DVST_XI_14-16_Feb_2024_14_09.13.16_trainee_4_suture_1.csv,trainee,4,trainee__participant_4,suture,1,B_kinematics_no_qc,elastic_net,3,18.0,17.458254669122297,0.5417453308777027,0.5417453308777027
DVST_XI_14-16_Feb_2024_16_08.32.59_trainee_2_camera target_2.csv,trainee,2,trainee__participant_2,camera_target,2,B_kinematics_no_qc,elastic_net,3,16.0,11.308988768491757,4.691011231508243,4.691011231508243
DVST_XI_14-16_Feb_2024_16_08.32.59_trainee_2_glove cut_2.csv,trainee,2,trainee__participant_2,glove_cut,2,B_kinematics_no_qc,elastic_net,3,19.0,18.45302890442992,0.5469710955700791,0.5469710955700791
DVST_XI_14-16_Feb_2024_16_08.32.59_trainee_2_ring rollercoaster_2.csv,trainee,2,trainee__participant_2,ring_rollercoaster,2,B_kinematics_no_qc,elastic_net,3,21.0,15.42211104754709,5.577888952452909,5.577888952452909
DVST_XI_14-16_Feb_2024_16_08.32.59_trainee_2_sea spikes_2.csv,trainee,2,trainee__participant_2,sea_spikes,2,B_kinematics_no_qc,elastic_net,3,17.0,21.40265143713305,-4.4026514371330485,4.4026514371330485
DVST_XI_14-16_Feb_2024_16_08.32.59_trainee_2_suture_2.csv,trainee,2,trainee__participant_2,suture,2,B_kinematics_no_qc,elastic_net,3,22.0,21.49819702311232,0.5018029768876815,0.5018029768876815
DVST_XI_14-16_Feb_2024_16_08.32.59_trainee_4_camera target_2.csv,trainee,4,trainee__participant_4,camera_target,2,B_kinematics_no_qc,elastic_net,3,23.0,17.38056065222962,5.619439347770381,5.619439347770381
DVST_XI_19-22_May_2025_22_09.34.36_trainee_40_camera target_2.csv,trainee,40,trainee__participant_40,camera_target,2,B_kinematics_no_qc,elastic_net,3,24.0,26.07255257658596,-2.0725525765859594,2.0725525765859594
DVST_XI_19-22_May_2025_22_09.34.36_trainee_42_camera target_2.csv,trainee,42,trainee__participant_42,camera_target,2,B_kinematics_no_qc,elastic_net,3,19.0,-44.252894728750476,63.252894728750476,63.252894728750476
DVST_XI_6-8_Mar_2025_06_10.41.14_trainee_32_camera target_1.csv,trainee,32,trainee__participant_32,camera_target,1,B_kinematics_no_qc,elastic_net,3,20.0,21.445703452231633,-1.4457034522316334,1.4457034522316334
DVST_XI_6-8_Mar_2025_06_10.41.14_trainee_32_ring rollercoaster_1.csv,trainee,32,trainee__participant_32,ring_rollercoaster,1,B_kinematics_no_qc,elastic_net,3,17.0,18.198564528361562,-1.1985645283615618,1.1985645283615618
DVST_XI_6-8_Mar_2025_06_10.41.14_trainee_32_sea spikes_1.csv,trainee,32,trainee__participant_32,sea_spikes,1,B_kinematics_no_qc,elastic_net,3,14.0,23.730328057679337,-9.730328057679337,9.730328057679337
DVST_XI_6-8_Mar_2025_07_11.56.53_trainee_32_glove cut_1.csv,trainee,32,trainee__participant_32,glove_cut,1,B_kinematics_no_qc,elastic_net,3,13.0,20.23108238180329,-7.23108238180329,7.23108238180329
DVST_XI_7-11_Mar_2024_08_13.12.17_trainee_11_ring rollercoaster_1.csv,trainee,11,trainee__participant_11,ring_rollercoaster,1,B_kinematics_no_qc,elastic_net,3,18.0,17.888552953949095,0.11144704605090539,0.11144704605090539
DVST_XI_7-11_Mar_2024_08_13.12.17_trainee_11_sea spikes_1.csv,trainee,11,trainee__participant_11,sea_spikes,1,B_kinematics_no_qc,elastic_net,3,18.0,17.836798568790762,0.16320143120923802,0.16320143120923802
DVST_XI_7-11_Mar_2024_08_13.12.17_trainee_7_ring rollercoaster_1.csv,trainee,7,trainee__participant_7,ring_rollercoaster,1,B_kinematics_no_qc,elastic_net,3,15.0,16.074637803889182,-1.074637803889182,1.074637803889182
DVST_XI_7-11_Mar_2024_08_13.12.17_trainee_7_sea spikes_1.csv,trainee,7,trainee__participant_7,sea_spikes,1,B_kinematics_no_qc,elastic_net,3,19.0,16.596945742312037,2.4030542576879625,2.4030542576879625
DVST_XI_7-11_Mar_2024_09_10.19.01_trainee_11_camera target_1.csv,trainee,11,trainee__participant_11,camera_target,1,B_kinematics_no_qc,elastic_net,3,10.0,11.00818755662101,-1.0081875566210101,1.0081875566210101
DVST_XI_7-11_Mar_2024_09_10.19.01_trainee_11_glove cut_1.csv,trainee,11,trainee__participant_11,glove_cut,1,B_kinematics_no_qc,elastic_net,3,18.0,17.012911344144765,0.987088655855235,0.987088655855235
DVST_XI_7-11_Mar_2024_09_10.19.01_trainee_7_camera target_1.csv,trainee,7,trainee__participant_7,camera_target,1,B_kinematics_no_qc,elastic_net,3,17.0,15.590649797294613,1.4093502027053866,1.4093502027053866
DVST_XI_7-11_Mar_2024_09_10.19.01_trainee_7_glove cut_1.csv,trainee,7,trainee__participant_7,glove_cut,1,B_kinematics_no_qc,elastic_net,3,15.0,14.827845386946915,0.17215461305308466,0.17215461305308466
DVST_XI_7-11_Mar_2024_09_13.46.11_trainee_11_suture_1.csv,trainee,11,trainee__participant_11,suture,1,B_kinematics_no_qc,elastic_net,3,18.0,18.708327056679895,-0.7083270566798952,0.7083270566798952
DVST_XI_7-11_Mar_2024_09_13.46.11_trainee_7_suture_1.csv,trainee,7,trainee__participant_7,suture,1,B_kinematics_no_qc,elastic_net,3,17.0,18.17219072266876,-1.1721907226687591,1.1721907226687591
DVST_XI_Griffin_29_sep-1_oct_2024_29_09.07.40_trainee_21_camera target_1.csv,trainee,21,trainee__participant_21,camera_target,1,B_kinematics_no_qc,elastic_net,3,19.0,21.85200512994544,-2.8520051299454394,2.8520051299454394
DVST_XI_Griffin_29_sep-1_oct_2024_29_09.07.40_trainee_21_suture_1.csv,trainee,21,trainee__participant_21,suture,1,B_kinematics_no_qc,elastic_net,3,18.0,22.484685520939315,-4.4846855209393155,4.4846855209393155
DVST_XI_Griffin_29_sep-1_oct_2024_30_12.18.00_trainee_21_glove cut_2.csv,trainee,21,trainee__participant_21,glove_cut,2,B_kinematics_no_qc,elastic_net,3,25.0,19.837201588866282,5.162798411133718,5.162798411133718
DVST_XI_Griffin_29_sep-1_oct_2024_30_12.18.00_trainee_21_ring rollercoaster_2.csv,trainee,21,trainee__participant_21,ring_rollercoaster,2,B_kinematics_no_qc,elastic_net,3,22.0,18.15847997219151,3.841520027808489,3.841520027808489
DVST_XI_Griffin_29_sep-1_oct_2024_30_12.18.00_trainee_21_sea spikes_2.csv,trainee,21,trainee__participant_21,sea_spikes,2,B_kinematics_no_qc,elastic_net,3,22.0,18.63690834415191,3.363091655848091,3.363091655848091
DVST_XI_Griffin_29_sep-1_oct_2024_30_12.18.00_trainee_21_suture_2.csv,trainee,21,trainee__participant_21,suture,2,B_kinematics_no_qc,elastic_net,3,23.0,21.840246567970986,1.1597534320290137,1.1597534320290137
DVST_XI_19-22_May_2025_22_09.34.36_trainee_39_camera target_2.csv,trainee,39,trainee__participant_39,camera_target,2,B_kinematics_no_qc,elastic_net,4,19.0,24.58259795980262,-5.582597959802619,5.582597959802619
DVST_XI_6-8_Mar_2025_06_10.41.14_trainee_33_camera target_1.csv,trainee,33,trainee__participant_33,camera_target,1,B_kinematics_no_qc,elastic_net,4,23.0,21.031098210203254,1.968901789796746,1.968901789796746
DVST_XI_6-8_Mar_2025_06_10.41.14_trainee_33_ring rollercoaster_1.csv,trainee,33,trainee__participant_33,ring_rollercoaster,1,B_kinematics_no_qc,elastic_net,4,21.0,19.752596016923682,1.2474039830763175,1.2474039830763175
DVST_XI_6-8_Mar_2025_06_10.41.14_trainee_33_sea spikes_1.csv,trainee,33,trainee__participant_33,sea_spikes,1,B_kinematics_no_qc,elastic_net,4,16.0,18.77607807070653,-2.7760780707065287,2.7760780707065287
DVST_XI_6-8_Mar_2025_06_10.41.14_trainee_35_ring rollercoaster_1.csv,trainee,35,trainee__participant_35,ring_rollercoaster,1,B_kinematics_no_qc,elastic_net,4,18.0,16.945544609799267,1.054455390200733,1.054455390200733
DVST_XI_6-8_Mar_2025_06_10.41.14_trainee_35_sea spikes_1.csv,trainee,35,trainee__participant_35,sea_spikes,1,B_kinematics_no_qc,elastic_net,4,15.0,16.330591435114915,-1.3305914351149148,1.3305914351149148
DVST_XI_6-8_Mar_2025_06_10.41.14_trainee_36_ring rollercoaster_1.csv,trainee,36,trainee__participant_36,ring_rollercoaster,1,B_kinematics_no_qc,elastic_net,4,19.0,15.977344975506696,3.0226550244933037,3.0226550244933037
DVST_XI_6-8_Mar_2025_06_10.41.14_trainee_36_sea spikes_1.csv,trainee,36,trainee__participant_36,sea_spikes,1,B_kinematics_no_qc,elastic_net,4,16.0,15.976549564496834,0.02345043550316639,0.02345043550316639
DVST_XI_6-8_Mar_2025_07_11.56.53_trainee_33_camera target_2.csv,trainee,33,trainee__participant_33,camera_target,2,B_kinematics_no_qc,elastic_net,4,19.0,20.196301970413042,-1.1963019704130424,1.1963019704130424
DVST_XI_6-8_Mar_2025_07_11.56.53_trainee_33_glove cut_1.csv,trainee,33,trainee__participant_33,glove_cut,1,B_kinematics_no_qc,elastic_net,4,18.0,18.81870723990652,-0.8187072399065194,0.8187072399065194
DVST_XI_6-8_Mar_2025_07_11.56.53_trainee_33_sea spikes_2.csv,trainee,33,trainee__participant_33,sea_spikes,2,B_kinematics_no_qc,elastic_net,4,20.0,18.945598507707498,1.0544014922925022,1.0544014922925022
DVST_XI_6-8_Mar_2025_07_11.56.53_trainee_35_camera target_2.csv,trainee,35,trainee__participant_35,camera_target,2,B_kinematics_no_qc,elastic_net,4,18.0,20.745563065719722,-2.745563065719722,2.745563065719722
DVST_XI_6-8_Mar_2025_07_11.56.53_trainee_35_glove cut_1.csv,trainee,35,trainee__participant_35,glove_cut,1,B_kinematics_no_qc,elastic_net,4,16.0,19.39034279252809,-3.3903427925280916,3.3903427925280916
DVST_XI_6-8_Mar_2025_07_11.56.53_trainee_35_sea spikes_2.csv,trainee,35,trainee__participant_35,sea_spikes,2,B_kinematics_no_qc,elastic_net,4,21.0,20.06669523893759,0.9333047610624092,0.9333047610624092
DVST_XI_6-8_Mar_2025_07_11.56.53_trainee_36_glove cut_1.csv,trainee,36,trainee__participant_36,glove_cut,1,B_kinematics_no_qc,elastic_net,4,18.0,18.261533517301803,-0.2615335173018032,0.2615335173018032
DVST_XI_7-11_Jul_2025_10_09.40.17_expert_6_camera target_1.csv,expert,6,expert__participant_6,camera_target,1,B_kinematics_no_qc,elastic_net,4,25.0,22.425068562028745,2.574931437971255,2.574931437971255
DVST_XI_7-11_Jul_2025_10_09.40.17_expert_6_suture_1.csv,expert,6,expert__participant_6,suture,1,B_kinematics_no_qc,elastic_net,4,26.0,22.455893148639355,3.5441068513606453,3.5441068513606453
DVST_XI_7-11_Mar_2024_08_13.12.17_trainee_10_ring rollercoaster_1.csv,trainee,10,trainee__participant_10,ring_rollercoaster,1,B_kinematics_no_qc,elastic_net,4,14.0,18.661019753210862,-4.661019753210862,4.661019753210862
DVST_XI_7-11_Mar_2024_08_13.12.17_trainee_10_sea spikes_1.csv,trainee,10,trainee__participant_10,sea_spikes,1,B_kinematics_no_qc,elastic_net,4,22.0,16.18130018045512,5.818699819544879,5.818699819544879
DVST_XI_7-11_Mar_2024_09_10.19.01_trainee_10_camera target_1.csv,trainee,10,trainee__participant_10,camera_target,1,B_kinematics_no_qc,elastic_net,4,14.0,20.20685731999772,-6.20685731999772,6.20685731999772
DVST_XI_7-11_Mar_2024_09_10.19.01_trainee_10_glove cut_1.csv,trainee,10,trainee__participant_10,glove_cut,1,B_kinematics_no_qc,elastic_net,4,18.0,15.494071560046407,2.5059284399535926,2.5059284399535926
DVST_XI_7-11_Mar_2024_09_13.46.11_trainee_10_suture_1.csv,trainee,10,trainee__participant_10,suture,1,B_kinematics_no_qc,elastic_net,4,19.0,19.4631861099606,-0.46318610996059917,0.46318610996059917
DVST_XI_Griffin_16-19_07_2024_16_08.46.09_trainee_16_glove cut_1.csv,trainee,16,trainee__participant_16,glove_cut,1,B_kinematics_no_qc,elastic_net,4,15.0,18.225669232082033,-3.2256692320820335,3.2256692320820335
DVST_XI_Griffin_16-19_07_2024_16_08.46.09_trainee_16_ring rollercoaster_1.csv,trainee,16,trainee__participant_16,ring_rollercoaster,1,B_kinematics_no_qc,elastic_net,4,20.0,18.606406534177715,1.3935934658222848,1.3935934658222848
DVST_XI_Griffin_16-19_07_2024_16_08.46.09_trainee_16_sea spikes_1.csv,trainee,16,trainee__participant_16,sea_spikes,1,B_kinematics_no_qc,elastic_net,4,16.0,17.899052307878712,-1.899052307878712,1.899052307878712
DVST_XI_Griffin_16-19_07_2024_16_08.46.09_trainee_16_suture_1.csv,trainee,16,trainee__participant_16,suture,1,B_kinematics_no_qc,elastic_net,4,21.0,17.92311318051525,3.0768868194847485,3.0768868194847485
DVST_XI_Griffin_16-19_07_2024_17_12.20.23_trainee_16_camera target_1.csv,trainee,16,trainee__participant_16,camera_target,1,B_kinematics_no_qc,elastic_net,4,23.0,19.72446852817693,3.2755314718230686,3.2755314718230686
DVST_XI_Griffin_16-19_07_2024_17_12.20.23_trainee_16_ring rollercoaster_2.csv,trainee,16,trainee__participant_16,ring_rollercoaster,2,B_kinematics_no_qc,elastic_net,4,23.0,19.413241161561615,3.586758838438385,3.586758838438385
DVST_XI_Griffin_16-19_07_2024_18_08.46.52_trainee_16_sea spikes_2.csv,trainee,16,trainee__participant_16,sea_spikes,2,B_kinematics_no_qc,elastic_net,4,21.0,20.450134029670426,0.5498659703295736,0.5498659703295736
DVST_XI_Griffin_16-19_07_2024_18_08.46.52_trainee_16_suture_2.csv,trainee,16,trainee__participant_16,suture,2,B_kinematics_no_qc,elastic_net,4,29.0,21.351192905126336,7.648807094873664,7.648807094873664
DVST_XI_Griffin_16-19_07_2024_19_09.39.41_trainee_16_camera target_2.csv,trainee,16,trainee__participant_16,camera_target,2,B_kinematics_no_qc,elastic_net,4,23.0,21.596463372791792,1.403536627208208,1.403536627208208
DVST_XI_Griffin_16-19_07_2024_19_09.39.41_trainee_16_glove cut_2.csv,trainee,16,trainee__participant_16,glove_cut,2,B_kinematics_no_qc,elastic_net,4,24.0,18.601935298214304,5.398064701785696,5.398064701785696
DVST_XI_Griffin_29_sep-1_oct_2024_29_09.07.40_trainee_18_camera target_1.csv,trainee,18,trainee__participant_18,camera_target,1,B_kinematics_no_qc,elastic_net,4,19.0,17.510047614839483,1.4899523851605174,1.4899523851605174
DVST_XI_Griffin_29_sep-1_oct_2024_29_09.07.40_trainee_18_suture_1.csv,trainee,18,trainee__participant_18,suture,1,B_kinematics_no_qc,elastic_net,4,12.0,18.859076958801463,-6.859076958801463,6.859076958801463
DVST_XI_Griffin_29_sep-1_oct_2024_30_12.18.00_trainee_18_glove cut_2.csv,trainee,18,trainee__participant_18,glove_cut,2,B_kinematics_no_qc,elastic_net,4,22.0,20.392459570240334,1.6075404297596663,1.6075404297596663
DVST_XI_Griffin_29_sep-1_oct_2024_30_12.18.00_trainee_18_ring rollercoaster_2.csv,trainee,18,trainee__participant_18,ring_rollercoaster,2,B_kinematics_no_qc,elastic_net,4,24.0,19.606426300819766,4.393573699180234,4.393573699180234
DVST_XI_Griffin_29_sep-1_oct_2024_30_12.18.00_trainee_18_sea spikes_2.csv,trainee,18,trainee__participant_18,sea_spikes,2,B_kinematics_no_qc,elastic_net,4,22.0,20.306675650043235,1.6933243499567645,1.6933243499567645
DVST_XI_Griffin_29_sep-1_oct_2024_30_12.18.00_trainee_18_suture_2.csv,trainee,18,trainee__participant_18,suture,2,B_kinematics_no_qc,elastic_net,4,22.0,20.890435760856462,1.1095642391435376,1.1095642391435376
DVST_XI_10-13_Nov_2025_12_10.36.46_expert_9_camera target_1.csv,expert,9,expert__participant_9,camera_target,1,B_kinematics_no_qc,elastic_net,5,28.0,23.16686672806013,4.833133271939872,4.833133271939872
DVST_XI_10-13_Nov_2025_12_10.36.46_expert_9_glove cut_1.csv,expert,9,expert__participant_9,glove_cut,1,B_kinematics_no_qc,elastic_net,5,29.0,21.68580124936279,7.31419875063721,7.31419875063721
DVST_XI_10-13_Nov_2025_12_10.36.46_expert_9_ring rollercoaster_1.csv,expert,9,expert__participant_9,ring_rollercoaster,1,B_kinematics_no_qc,elastic_net,5,29.0,21.683471183791795,7.316528816208205,7.316528816208205
DVST_XI_10-13_Nov_2025_12_10.36.46_expert_9_sea spikes_1.csv,expert,9,expert__participant_9,sea_spikes,1,B_kinematics_no_qc,elastic_net,5,29.0,21.73971618296264,7.260283817037362,7.260283817037362
DVST_XI_10-13_Nov_2025_12_10.36.46_expert_9_suture_1.csv,expert,9,expert__participant_9,suture,1,B_kinematics_no_qc,elastic_net,5,28.0,22.537734748925292,5.462265251074708,5.462265251074708
DVST_XI_19-22_May_2025_21_09.43.23_expert_5_camera target_1.csv,expert,5,expert__participant_5,camera_target,1,B_kinematics_no_qc,elastic_net,5,30.0,21.552784676856913,8.447215323143087,8.447215323143087
DVST_XI_19-22_May_2025_21_09.43.23_expert_5_suture_1.csv,expert,5,expert__participant_5,suture,1,B_kinematics_no_qc,elastic_net,5,29.0,21.167470526506577,7.832529473493423,7.832529473493423
DVST_XI_19-22_May_2025_22_09.34.36_trainee_38_camera target_2.csv,trainee,38,trainee__participant_38,camera_target,2,B_kinematics_no_qc,elastic_net,5,22.0,23.95290452788175,-1.9529045278817492,1.9529045278817492
DVST_XI_6-8_Mar_2025_06_10.41.14_trainee_31_ring rollercoaster_1.csv,trainee,31,trainee__participant_31,ring_rollercoaster,1,B_kinematics_no_qc,elastic_net,5,15.0,19.378463888214267,-4.378463888214267,4.378463888214267
DVST_XI_6-8_Mar_2025_06_10.41.14_trainee_31_sea spikes_1.csv,trainee,31,trainee__participant_31,sea_spikes,1,B_kinematics_no_qc,elastic_net,5,13.0,19.077056918679453,-6.077056918679453,6.077056918679453
DVST_XI_6-8_Mar_2025_07_11.56.53_trainee_31_glove cut_1.csv,trainee,31,trainee__participant_31,glove_cut,1,B_kinematics_no_qc,elastic_net,5,16.0,18.55770492011675,-2.5577049201167483,2.5577049201167483
DVST_XI_7-11_Mar_2024_08_13.12.17_trainee_9_ring rollercoaster_1.csv,trainee,9,trainee__participant_9,ring_rollercoaster,1,B_kinematics_no_qc,elastic_net,5,14.0,18.3389371019084,-4.3389371019083995,4.3389371019083995
DVST_XI_7-11_Mar_2024_08_13.12.17_trainee_9_sea spikes_1.csv,trainee,9,trainee__participant_9,sea_spikes,1,B_kinematics_no_qc,elastic_net,5,18.0,16.89685550297419,1.1031444970258093,1.1031444970258093
DVST_XI_7-11_Mar_2024_09_10.19.01_trainee_9_camera target_1.csv,trainee,9,trainee__participant_9,camera_target,1,B_kinematics_no_qc,elastic_net,5,19.0,18.514391089191797,0.4856089108082031,0.4856089108082031
DVST_XI_7-11_Mar_2024_09_10.19.01_trainee_9_glove cut_1.csv,trainee,9,trainee__participant_9,glove_cut,1,B_kinematics_no_qc,elastic_net,5,18.0,17.476764182737252,0.5232358172627478,0.5232358172627478
DVST_XI_7-11_Mar_2024_09_13.46.11_trainee_9_suture_1.csv,trainee,9,trainee__participant_9,suture,1,B_kinematics_no_qc,elastic_net,5,16.0,18.673529650729463,-2.6735296507294635,2.6735296507294635
DVST_XI_Griffin_16-19_07_2024_16_08.46.09_trainee_14_glove cut_1.csv,trainee,14,trainee__participant_14,glove_cut,1,B_kinematics_no_qc,elastic_net,5,11.0,18.836713477142286,-7.836713477142286,7.836713477142286
DVST_XI_Griffin_16-19_07_2024_16_08.46.09_trainee_14_ring rollercoaster_1.csv,trainee,14,trainee__participant_14,ring_rollercoaster,1,B_kinematics_no_qc,elastic_net,5,16.0,19.80360973384382,-3.803609733843821,3.803609733843821
DVST_XI_Griffin_16-19_07_2024_16_08.46.09_trainee_14_sea spikes_1.csv,trainee,14,trainee__participant_14,sea_spikes,1,B_kinematics_no_qc,elastic_net,5,12.0,15.828179893556785,-3.8281798935567846,3.8281798935567846
DVST_XI_Griffin_16-19_07_2024_16_08.46.09_trainee_14_suture_1.csv,trainee,14,trainee__participant_14,suture,1,B_kinematics_no_qc,elastic_net,5,15.0,19.74698084737826,-4.746980847378261,4.746980847378261
DVST_XI_Griffin_16-19_07_2024_17_12.20.23_trainee_13_camera target_1.csv,trainee,13,trainee__participant_13,camera_target,1,B_kinematics_no_qc,elastic_net,5,19.0,19.788030916535593,-0.7880309165355932,0.7880309165355932
DVST_XI_Griffin_16-19_07_2024_17_12.20.23_trainee_13_glove cut_1.csv,trainee,13,trainee__participant_13,glove_cut,1,B_kinematics_no_qc,elastic_net,5,23.0,18.59574772453148,4.404252275468519,4.404252275468519
DVST_XI_Griffin_16-19_07_2024_17_12.20.23_trainee_13_ring rollercoaster_1.csv,trainee,13,trainee__participant_13,ring_rollercoaster,1,B_kinematics_no_qc,elastic_net,5,17.0,19.603005579802197,-2.603005579802197,2.603005579802197
DVST_XI_Griffin_16-19_07_2024_17_12.20.23_trainee_13_ring rollercoaster_2.csv,trainee,13,trainee__participant_13,ring_rollercoaster,2,B_kinematics_no_qc,elastic_net,5,22.0,20.991840905959243,1.0081590940407565,1.0081590940407565
DVST_XI_Griffin_16-19_07_2024_17_12.20.23_trainee_13_sea spikes_1.csv,trainee,13,trainee__participant_13,sea_spikes,1,B_kinematics_no_qc,elastic_net,5,17.0,20.01246439123436,-3.01246439123436,3.01246439123436
DVST_XI_Griffin_16-19_07_2024_17_12.20.23_trainee_13_suture_1.csv,trainee,13,trainee__participant_13,suture,1,B_kinematics_no_qc,elastic_net,5,23.0,20.205297268348993,2.7947027316510074,2.7947027316510074
DVST_XI_Griffin_16-19_07_2024_17_12.20.23_trainee_14_camera target_1.csv,trainee,14,trainee__participant_14,camera_target,1,B_kinematics_no_qc,elastic_net,5,14.0,17.14587015872529,-3.145870158725291,3.145870158725291
DVST_XI_Griffin_16-19_07_2024_18_08.46.52_trainee_13_sea spikes_2.csv,trainee,13,trainee__participant_13,sea_spikes,2,B_kinematics_no_qc,elastic_net,5,21.0,21.56253385109312,-0.5625338510931215,0.5625338510931215
DVST_XI_Griffin_16-19_07_2024_18_08.46.52_trainee_13_suture_2.csv,trainee,13,trainee__participant_13,suture,2,B_kinematics_no_qc,elastic_net,5,28.0,21.511892474259668,6.4881075257403324,6.4881075257403324
DVST_XI_Griffin_16-19_07_2024_18_08.46.52_trainee_14_sea spikes_2.csv,trainee,14,trainee__participant_14,sea_spikes,2,B_kinematics_no_qc,elastic_net,5,20.0,20.1498501158116,-0.14985011581159924,0.14985011581159924
DVST_XI_Griffin_16-19_07_2024_18_08.46.52_trainee_14_suture_2.csv,trainee,14,trainee__participant_14,suture,2,B_kinematics_no_qc,elastic_net,5,29.0,23.069627654997042,5.930372345002958,5.930372345002958
DVST_XI_Griffin_16-19_07_2024_19_09.39.41_trainee_13_camera target_2.csv,trainee,13,trainee__participant_13,camera_target,2,B_kinematics_no_qc,elastic_net,5,17.0,21.598811363186595,-4.598811363186595,4.598811363186595
DVST_XI_Griffin_16-19_07_2024_19_09.39.41_trainee_14_glove cut_2.csv,trainee,14,trainee__participant_14,glove_cut,2,B_kinematics_no_qc,elastic_net,5,18.0,19.19487789762988,-1.1948778976298797,1.1948778976298797
DVST_XI_Griffin_29_sep-1_oct_2024_29_09.07.40_trainee_20_camera target_1.csv,trainee,20,trainee__participant_20,camera_target,1,B_kinematics_no_qc,elastic_net,5,15.0,16.090865710210384,-1.0908657102103838,1.0908657102103838
DVST_XI_Griffin_29_sep-1_oct_2024_29_09.07.40_trainee_20_suture_1.csv,trainee,20,trainee__participant_20,suture,1,B_kinematics_no_qc,elastic_net,5,13.0,16.90021489704517,-3.9002148970451707,3.9002148970451707
DVST_XI_Griffin_29_sep-1_oct_2024_30_12.18.00_trainee_20_glove cut_2.csv,trainee,20,trainee__participant_20,glove_cut,2,B_kinematics_no_qc,elastic_net,5,17.0,20.034459499124317,-3.034459499124317,3.034459499124317
DVST_XI_Griffin_29_sep-1_oct_2024_30_12.18.00_trainee_20_ring rollercoaster_2.csv,trainee,20,trainee__participant_20,ring_rollercoaster,2,B_kinematics_no_qc,elastic_net,5,21.0,19.63929337280376,1.3607066271962402,1.3607066271962402
DVST_XI_Griffin_29_sep-1_oct_2024_30_12.18.00_trainee_20_sea spikes_2.csv,trainee,20,trainee__participant_20,sea_spikes,2,B_kinematics_no_qc,elastic_net,5,21.0,20.735071019093734,0.2649289809062658,0.2649289809062658
DVST_XI_10-13_Nov_2025_12_10.36.46_expert_10_camera target_1.csv,expert,10,expert__participant_10,camera_target,1,C_kinematics_no_qc_plus_task,ridge,1,30.0,24.372407057090886,5.627592942909114,5.627592942909114
DVST_XI_10-13_Nov_2025_12_10.36.46_expert_10_glove cut_1.csv,expert,10,expert__participant_10,glove_cut,1,C_kinematics_no_qc_plus_task,ridge,1,28.0,21.731022864788912,6.268977135211088,6.268977135211088
DVST_XI_10-13_Nov_2025_12_10.36.46_expert_10_ring rollercoaster_1.csv,expert,10,expert__participant_10,ring_rollercoaster,1,C_kinematics_no_qc_plus_task,ridge,1,29.0,20.75304925800892,8.246950741991078,8.246950741991078
DVST_XI_10-13_Nov_2025_12_10.36.46_expert_10_sea spikes_1.csv,expert,10,expert__participant_10,sea_spikes,1,C_kinematics_no_qc_plus_task,ridge,1,29.0,21.267627745373964,7.732372254626036,7.732372254626036
DVST_XI_10-13_Nov_2025_12_10.36.46_expert_10_suture_1.csv,expert,10,expert__participant_10,suture,1,C_kinematics_no_qc_plus_task,ridge,1,30.0,23.043875418697485,6.9561245813025145,6.9561245813025145
DVST_XI_11-14_Aug_2025_13_11.33.24_expert_7_camera target_1.csv,expert,7,expert__participant_7,camera_target,1,C_kinematics_no_qc_plus_task,ridge,1,28.0,23.91687304024319,4.083126959756811,4.083126959756811
DVST_XI_11-14_Aug_2025_13_11.33.24_expert_7_suture_1.csv,expert,7,expert__participant_7,suture,1,C_kinematics_no_qc_plus_task,ridge,1,29.0,22.474624013450075,6.525375986549925,6.525375986549925
DVST_XI_11-14_Aug_2025_14_10.45.28_expert_8_camera target_1.csv,expert,8,expert__participant_8,camera_target,1,C_kinematics_no_qc_plus_task,ridge,1,28.0,22.118434911091413,5.881565088908587,5.881565088908587
DVST_XI_11-14_Aug_2025_14_10.45.28_expert_8_suture_1.csv,expert,8,expert__participant_8,suture,1,C_kinematics_no_qc_plus_task,ridge,1,29.0,24.03952537277226,4.96047462722774,4.96047462722774
DVST_XI_14-16_Feb_2024_14_09.13.16_trainee_5_camera target_1.csv,trainee,5,trainee__participant_5,camera_target,1,C_kinematics_no_qc_plus_task,ridge,1,7.0,15.999106615033119,-8.999106615033119,8.999106615033119
DVST_XI_14-16_Feb_2024_14_09.13.16_trainee_5_glove cut_1.csv,trainee,5,trainee__participant_5,glove_cut,1,C_kinematics_no_qc_plus_task,ridge,1,11.0,16.451319942086435,-5.451319942086435,5.451319942086435
DVST_XI_14-16_Feb_2024_14_09.13.16_trainee_5_ring rollercoaster_1.csv,trainee,5,trainee__participant_5,ring_rollercoaster,1,C_kinematics_no_qc_plus_task,ridge,1,17.0,14.20897682895981,2.791023171040189,2.791023171040189
DVST_XI_14-16_Feb_2024_14_09.13.16_trainee_5_sea spikes_1.csv,trainee,5,trainee__participant_5,sea_spikes,1,C_kinematics_no_qc_plus_task,ridge,1,16.0,16.420037577350847,-0.4200375773508469,0.4200375773508469
DVST_XI_14-16_Feb_2024_14_09.13.16_trainee_5_suture_1.csv,trainee,5,trainee__participant_5,suture,1,C_kinematics_no_qc_plus_task,ridge,1,16.0,17.721167082264014,-1.7211670822640137,1.7211670822640137
DVST_XI_14-16_Feb_2024_16_08.32.59_trainee_5_camera target_2.csv,trainee,5,trainee__participant_5,camera_target,2,C_kinematics_no_qc_plus_task,ridge,1,21.0,19.079460092828864,1.9205399071711362,1.9205399071711362
DVST_XI_14-16_Feb_2024_16_08.32.59_trainee_5_glove cut_2.csv,trainee,5,trainee__participant_5,glove_cut,2,C_kinematics_no_qc_plus_task,ridge,1,19.0,15.86703003024585,3.13296996975415,3.13296996975415
DVST_XI_14-16_Feb_2024_16_08.32.59_trainee_5_ring rollercoaster_2.csv,trainee,5,trainee__participant_5,ring_rollercoaster,2,C_kinematics_no_qc_plus_task,ridge,1,23.0,16.438334005489324,6.561665994510676,6.561665994510676
DVST_XI_14-16_Feb_2024_16_08.32.59_trainee_5_sea spikes_2.csv,trainee,5,trainee__participant_5,sea_spikes,2,C_kinematics_no_qc_plus_task,ridge,1,21.0,19.517118131089237,1.4828818689107628,1.4828818689107628
DVST_XI_14-16_Feb_2024_16_08.32.59_trainee_5_suture_2.csv,trainee,5,trainee__participant_5,suture,2,C_kinematics_no_qc_plus_task,ridge,1,21.0,18.69151222186522,2.3084877781347792,2.3084877781347792
DVST_XI_19-22_May_2025_22_09.34.36_trainee_37_camera target_2.csv,trainee,37,trainee__participant_37,camera_target,2,C_kinematics_no_qc_plus_task,ridge,1,16.0,19.531967526196258,-3.531967526196258,3.531967526196258
DVST_XI_19-22_May_2025_22_09.34.36_trainee_41_camera target_2.csv,trainee,41,trainee__participant_41,camera_target,2,C_kinematics_no_qc_plus_task,ridge,1,20.0,19.994270198702885,0.005729801297114534,0.005729801297114534
DVST_XI_7-11_Mar_2024_08_13.12.17_trainee_8_ring rollercoaster_1.csv,trainee,8,trainee__participant_8,ring_rollercoaster,1,C_kinematics_no_qc_plus_task,ridge,1,12.0,17.137200110468584,-5.137200110468584,5.137200110468584
DVST_XI_7-11_Mar_2024_08_13.12.17_trainee_8_sea spikes_1.csv,trainee,8,trainee__participant_8,sea_spikes,1,C_kinematics_no_qc_plus_task,ridge,1,18.0,17.95097428983944,0.04902571016056001,0.04902571016056001
DVST_XI_7-11_Mar_2024_09_10.19.01_trainee_8_camera target_1.csv,trainee,8,trainee__participant_8,camera_target,1,C_kinematics_no_qc_plus_task,ridge,1,10.0,14.911956015908675,-4.911956015908675,4.911956015908675
DVST_XI_7-11_Mar_2024_09_10.19.01_trainee_8_glove cut_1.csv,trainee,8,trainee__participant_8,glove_cut,1,C_kinematics_no_qc_plus_task,ridge,1,17.0,17.118904297520963,-0.1189042975209631,0.1189042975209631
DVST_XI_7-11_Mar_2024_09_13.46.11_trainee_8_suture_1.csv,trainee,8,trainee__participant_8,suture,1,C_kinematics_no_qc_plus_task,ridge,1,17.0,19.093953564113097,-2.0939535641130966,2.0939535641130966
DVST_XI_Griffin_16-19_07_2024_16_08.46.09_trainee_12_glove cut_1.csv,trainee,12,trainee__participant_12,glove_cut,1,C_kinematics_no_qc_plus_task,ridge,1,21.0,19.188808852042133,1.8111911479578673,1.8111911479578673
DVST_XI_Griffin_16-19_07_2024_16_08.46.09_trainee_12_ring rollercoaster_1.csv,trainee,12,trainee__participant_12,ring_rollercoaster,1,C_kinematics_no_qc_plus_task,ridge,1,16.0,20.224677801514098,-4.2246778015140976,4.2246778015140976
DVST_XI_Griffin_16-19_07_2024_16_08.46.09_trainee_12_sea spikes_1.csv,trainee,12,trainee__participant_12,sea_spikes,1,C_kinematics_no_qc_plus_task,ridge,1,12.0,19.12442673767522,-7.124426737675218,7.124426737675218
DVST_XI_Griffin_16-19_07_2024_16_08.46.09_trainee_12_suture_1.csv,trainee,12,trainee__participant_12,suture,1,C_kinematics_no_qc_plus_task,ridge,1,20.0,21.97607736581808,-1.9760773658180817,1.9760773658180817
DVST_XI_Griffin_16-19_07_2024_17_12.20.23_trainee_12_camera target_1.csv,trainee,12,trainee__participant_12,camera_target,1,C_kinematics_no_qc_plus_task,ridge,1,16.0,20.924117372699566,-4.924117372699566,4.924117372699566
DVST_XI_Griffin_16-19_07_2024_18_08.46.52_trainee_12_sea spikes_2.csv,trainee,12,trainee__participant_12,sea_spikes,2,C_kinematics_no_qc_plus_task,ridge,1,19.0,23.163323497985925,-4.163323497985925,4.163323497985925
DVST_XI_Griffin_16-19_07_2024_18_08.46.52_trainee_12_suture_2.csv,trainee,12,trainee__participant_12,suture,2,C_kinematics_no_qc_plus_task,ridge,1,28.0,21.802822363844456,6.197177636155544,6.197177636155544
DVST_XI_Griffin_16-19_07_2024_19_09.39.41_trainee_12_glove cut_2.csv,trainee,12,trainee__participant_12,glove_cut,2,C_kinematics_no_qc_plus_task,ridge,1,20.0,18.990182507690527,1.0098174923094732,1.0098174923094732
DVST_XI_Griffin_29_sep-1_oct_2024_29_09.07.40_trainee_19_camera target_1.csv,trainee,19,trainee__participant_19,camera_target,1,C_kinematics_no_qc_plus_task,ridge,1,17.0,16.767181843582307,0.232818156417693,0.232818156417693
DVST_XI_Griffin_29_sep-1_oct_2024_29_09.07.40_trainee_19_suture_1.csv,trainee,19,trainee__participant_19,suture,1,C_kinematics_no_qc_plus_task,ridge,1,16.0,15.653098707738007,0.3469012922619932,0.3469012922619932
DVST_XI_Griffin_29_sep-1_oct_2024_30_12.18.00_trainee_19_glove cut_2.csv,trainee,19,trainee__participant_19,glove_cut,2,C_kinematics_no_qc_plus_task,ridge,1,17.0,18.563367739799915,-1.563367739799915,1.563367739799915
DVST_XI_Griffin_29_sep-1_oct_2024_30_12.18.00_trainee_19_ring rollercoaster_2.csv,trainee,19,trainee__participant_19,ring_rollercoaster,2,C_kinematics_no_qc_plus_task,ridge,1,22.0,18.491338036668605,3.508661963331395,3.508661963331395
DVST_XI_Griffin_29_sep-1_oct_2024_30_12.18.00_trainee_19_sea spikes_2.csv,trainee,19,trainee__participant_19,sea_spikes,2,C_kinematics_no_qc_plus_task,ridge,1,21.0,20.756006340795125,0.24399365920487526,0.24399365920487526
DVST_XI_14-16_Feb_2024_14_09.13.16_trainee_1_camera target_1.csv,trainee,1,trainee__participant_1,camera_target,1,C_kinematics_no_qc_plus_task,ridge,2,17.0,18.08248508571448,-1.082485085714481,1.082485085714481
DVST_XI_14-16_Feb_2024_14_09.13.16_trainee_1_suture_1.csv,trainee,1,trainee__participant_1,suture,1,C_kinematics_no_qc_plus_task,ridge,2,19.0,17.010906069506213,1.9890939304937874,1.9890939304937874
DVST_XI_14-16_Feb_2024_14_09.13.16_trainee_3_camera target_1.csv,trainee,3,trainee__participant_3,camera_target,1,C_kinematics_no_qc_plus_task,ridge,2,15.0,17.093688657657566,-2.093688657657566,2.093688657657566
DVST_XI_14-16_Feb_2024_14_09.13.16_trainee_3_glove cut_1.csv,trainee,3,trainee__participant_3,glove_cut,1,C_kinematics_no_qc_plus_task,ridge,2,17.0,21.064974674708097,-4.064974674708097,4.064974674708097
DVST_XI_14-16_Feb_2024_14_09.13.16_trainee_3_ring rollercoaster_1.csv,trainee,3,trainee__participant_3,ring_rollercoaster,1,C_kinematics_no_qc_plus_task,ridge,2,12.0,16.040995969665502,-4.040995969665502,4.040995969665502
DVST_XI_14-16_Feb_2024_14_09.13.16_trainee_3_sea spikes_1.csv,trainee,3,trainee__participant_3,sea_spikes,1,C_kinematics_no_qc_plus_task,ridge,2,15.0,17.339694053333588,-2.339694053333588,2.339694053333588
DVST_XI_14-16_Feb_2024_14_09.13.16_trainee_3_suture_1.csv,trainee,3,trainee__participant_3,suture,1,C_kinematics_no_qc_plus_task,ridge,2,19.0,18.391949683808196,0.6080503161918038,0.6080503161918038
DVST_XI_14-16_Feb_2024_16_08.32.59_trainee_1_camera target_2.csv,trainee,1,trainee__participant_1,camera_target,2,C_kinematics_no_qc_plus_task,ridge,2,19.0,17.058212345021147,1.941787654978853,1.941787654978853
DVST_XI_14-16_Feb_2024_16_08.32.59_trainee_1_glove cut_2.csv,trainee,1,trainee__participant_1,glove_cut,2,C_kinematics_no_qc_plus_task,ridge,2,19.0,17.04429062844531,1.9557093715546898,1.9557093715546898
DVST_XI_14-16_Feb_2024_16_08.32.59_trainee_1_sea spikes_2.csv,trainee,1,trainee__participant_1,sea_spikes,2,C_kinematics_no_qc_plus_task,ridge,2,19.0,19.868878493347204,-0.8688784933472036,0.8688784933472036
DVST_XI_14-16_Feb_2024_16_08.32.59_trainee_1_suture_2.csv,trainee,1,trainee__participant_1,suture,2,C_kinematics_no_qc_plus_task,ridge,2,17.0,17.44245415597731,-0.44245415597730897,0.44245415597730897
DVST_XI_14-16_Feb_2024_16_08.32.59_trainee_3_camera target_2.csv,trainee,3,trainee__participant_3,camera_target,2,C_kinematics_no_qc_plus_task,ridge,2,23.0,18.145328443841944,4.854671556158056,4.854671556158056
DVST_XI_14-16_Feb_2024_16_08.32.59_trainee_3_glove cut_2.csv,trainee,3,trainee__participant_3,glove_cut,2,C_kinematics_no_qc_plus_task,ridge,2,19.0,20.535468524319207,-1.5354685243192066,1.5354685243192066
DVST_XI_14-16_Feb_2024_16_08.32.59_trainee_3_ring rollercoaster_2.csv,trainee,3,trainee__participant_3,ring_rollercoaster,2,C_kinematics_no_qc_plus_task,ridge,2,21.0,19.2071357880972,1.792864211902799,1.792864211902799
DVST_XI_14-16_Feb_2024_16_08.32.59_trainee_3_sea spikes_2.csv,trainee,3,trainee__participant_3,sea_spikes,2,C_kinematics_no_qc_plus_task,ridge,2,17.0,20.362830379333378,-3.362830379333378,3.362830379333378
DVST_XI_14-16_Feb_2024_16_08.32.59_trainee_3_suture_2.csv,trainee,3,trainee__participant_3,suture,2,C_kinematics_no_qc_plus_task,ridge,2,22.0,22.29405549497584,-0.29405549497584005,0.29405549497584005
DVST_XI_6-8_Mar_2025_06_10.41.14_trainee_34_camera target_1.csv,trainee,34,trainee__participant_34,camera_target,1,C_kinematics_no_qc_plus_task,ridge,2,18.0,6.682676054724855,11.317323945275145,11.317323945275145
DVST_XI_6-8_Mar_2025_06_10.41.14_trainee_34_ring rollercoaster_1.csv,trainee,34,trainee__participant_34,ring_rollercoaster,1,C_kinematics_no_qc_plus_task,ridge,2,14.0,14.010189515859238,-0.01018951585923844,0.01018951585923844
DVST_XI_6-8_Mar_2025_06_10.41.14_trainee_34_sea spikes_1.csv,trainee,34,trainee__participant_34,sea_spikes,1,C_kinematics_no_qc_plus_task,ridge,2,14.0,15.039823128181691,-1.0398231281816912,1.0398231281816912
DVST_XI_6-8_Mar_2025_07_11.56.53_trainee_34_glove cut_1.csv,trainee,34,trainee__participant_34,glove_cut,1,C_kinematics_no_qc_plus_task,ridge,2,12.0,13.622304614594244,-1.6223046145942437,1.6223046145942437
DVST_XI_6-8_Mar_2025_08_08.21.32_expert_3_camera target_1.csv,expert,3,expert__participant_3,camera_target,1,C_kinematics_no_qc_plus_task,ridge,2,27.0,17.548302352423633,9.451697647576367,9.451697647576367
DVST_XI_6-8_Mar_2025_08_08.21.32_expert_3_suture_1.csv,expert,3,expert__participant_3,suture,1,C_kinematics_no_qc_plus_task,ridge,2,28.0,17.062733402800266,10.937266597199734,10.937266597199734
DVST_XI_7-11_Mar_2024_08_13.12.17_trainee_6_ring rollercoaster_1.csv,trainee,6,trainee__participant_6,ring_rollercoaster,1,C_kinematics_no_qc_plus_task,ridge,2,16.0,19.649324460274848,-3.6493244602748476,3.6493244602748476
DVST_XI_7-11_Mar_2024_08_13.12.17_trainee_6_sea spikes_1.csv,trainee,6,trainee__participant_6,sea_spikes,1,C_kinematics_no_qc_plus_task,ridge,2,16.0,14.764705717102531,1.2352942828974687,1.2352942828974687
DVST_XI_7-11_Mar_2024_09_10.19.01_trainee_6_glove cut_1.csv,trainee,6,trainee__participant_6,glove_cut,1,C_kinematics_no_qc_plus_task,ridge,2,15.0,14.445810778759311,0.5541892212406889,0.5541892212406889
DVST_XI_7-11_Mar_2024_09_13.46.11_trainee_6_suture_1.csv,trainee,6,trainee__participant_6,suture,1,C_kinematics_no_qc_plus_task,ridge,2,12.0,19.121853886767436,-7.121853886767436,7.121853886767436
DVST_XI_Griffin_16-19_07_2024_16_08.46.09_trainee_15_glove cut_1.csv,trainee,15,trainee__participant_15,glove_cut,1,C_kinematics_no_qc_plus_task,ridge,2,17.0,19.53126528785886,-2.5312652878588615,2.5312652878588615
DVST_XI_Griffin_16-19_07_2024_16_08.46.09_trainee_15_ring rollercoaster_1.csv,trainee,15,trainee__participant_15,ring_rollercoaster,1,C_kinematics_no_qc_plus_task,ridge,2,18.0,19.31389257225309,-1.3138925722530885,1.3138925722530885
DVST_XI_Griffin_16-19_07_2024_16_08.46.09_trainee_15_sea spikes_1.csv,trainee,15,trainee__participant_15,sea_spikes,1,C_kinematics_no_qc_plus_task,ridge,2,20.0,16.447579825588196,3.552420174411804,3.552420174411804
DVST_XI_Griffin_16-19_07_2024_16_08.46.09_trainee_15_suture_1.csv,trainee,15,trainee__participant_15,suture,1,C_kinematics_no_qc_plus_task,ridge,2,15.0,18.332281411897114,-3.332281411897114,3.332281411897114
DVST_XI_Griffin_16-19_07_2024_17_12.20.23_trainee_15_camera target_1.csv,trainee,15,trainee__participant_15,camera_target,1,C_kinematics_no_qc_plus_task,ridge,2,18.0,19.596261434071458,-1.596261434071458,1.596261434071458
DVST_XI_Griffin_16-19_07_2024_18_08.46.52_trainee_15_sea spikes_2.csv,trainee,15,trainee__participant_15,sea_spikes,2,C_kinematics_no_qc_plus_task,ridge,2,23.0,21.37990741104393,1.6200925889560693,1.6200925889560693
DVST_XI_Griffin_16-19_07_2024_18_08.46.52_trainee_15_suture_2.csv,trainee,15,trainee__participant_15,suture,2,C_kinematics_no_qc_plus_task,ridge,2,26.0,21.192606256456692,4.807393743543308,4.807393743543308
DVST_XI_Griffin_29_sep-1_oct_2024_29_09.07.40_trainee_17_camera target_1.csv,trainee,17,trainee__participant_17,camera_target,1,C_kinematics_no_qc_plus_task,ridge,2,23.0,17.33691692914316,5.663083070856839,5.663083070856839
DVST_XI_Griffin_29_sep-1_oct_2024_29_09.07.40_trainee_17_suture_1.csv,trainee,17,trainee__participant_17,suture,1,C_kinematics_no_qc_plus_task,ridge,2,15.0,19.44849428095811,-4.4484942809581085,4.4484942809581085
DVST_XI_Griffin_29_sep-1_oct_2024_30_12.18.00_trainee_17_glove cut_2.csv,trainee,17,trainee__participant_17,glove_cut,2,C_kinematics_no_qc_plus_task,ridge,2,22.0,20.445964705243433,1.5540352947565665,1.5540352947565665
DVST_XI_Griffin_29_sep-1_oct_2024_30_12.18.00_trainee_17_ring rollercoaster_2.csv,trainee,17,trainee__participant_17,ring_rollercoaster,2,C_kinematics_no_qc_plus_task,ridge,2,22.0,21.648816497071085,0.3511835029289152,0.3511835029289152
DVST_XI_Griffin_29_sep-1_oct_2024_30_12.18.00_trainee_17_sea spikes_2.csv,trainee,17,trainee__participant_17,sea_spikes,2,C_kinematics_no_qc_plus_task,ridge,2,22.0,21.929443498811505,0.07055650118849499,0.07055650118849499
DVST_XI_14-16_Feb_2024_14_09.13.16_trainee_2_camera target_1.csv,trainee,2,trainee__participant_2,camera_target,1,C_kinematics_no_qc_plus_task,ridge,3,17.0,15.417315433068744,1.5826845669312561,1.5826845669312561
DVST_XI_14-16_Feb_2024_14_09.13.16_trainee_2_glove cut_1.csv,trainee,2,trainee__participant_2,glove_cut,1,C_kinematics_no_qc_plus_task,ridge,3,13.0,19.344036680904924,-6.3440366809049245,6.3440366809049245
DVST_XI_14-16_Feb_2024_14_09.13.16_trainee_2_ring rollercoaster_1.csv,trainee,2,trainee__participant_2,ring_rollercoaster,1,C_kinematics_no_qc_plus_task,ridge,3,14.0,17.803133018370357,-3.8031330183703567,3.8031330183703567
DVST_XI_14-16_Feb_2024_14_09.13.16_trainee_2_sea spikes_1.csv,trainee,2,trainee__participant_2,sea_spikes,1,C_kinematics_no_qc_plus_task,ridge,3,15.0,18.973487731288607,-3.973487731288607,3.973487731288607
DVST_XI_14-16_Feb_2024_14_09.13.16_trainee_2_suture_1.csv,trainee,2,trainee__participant_2,suture,1,C_kinematics_no_qc_plus_task,ridge,3,19.0,17.605769462474246,1.394230537525754,1.394230537525754
DVST_XI_14-16_Feb_2024_14_09.13.16_trainee_4_camera target_1.csv,trainee,4,trainee__participant_4,camera_target,1,C_kinematics_no_qc_plus_task,ridge,3,16.0,16.903294031117518,-0.9032940311175182,0.9032940311175182
DVST_XI_14-16_Feb_2024_14_09.13.16_trainee_4_glove cut_1.csv,trainee,4,trainee__participant_4,glove_cut,1,C_kinematics_no_qc_plus_task,ridge,3,23.0,18.54959262194887,4.450407378051128,4.450407378051128
DVST_XI_14-16_Feb_2024_14_09.13.16_trainee_4_ring rollercoaster_1.csv,trainee,4,trainee__participant_4,ring_rollercoaster,1,C_kinematics_no_qc_plus_task,ridge,3,14.0,16.181741061571834,-2.1817410615718345,2.1817410615718345
DVST_XI_14-16_Feb_2024_14_09.13.16_trainee_4_sea spikes_1.csv,trainee,4,trainee__participant_4,sea_spikes,1,C_kinematics_no_qc_plus_task,ridge,3,18.0,18.345053544014103,-0.34505354401410315,0.34505354401410315
DVST_XI_14-16_Feb_2024_14_09.13.16_trainee_4_suture_1.csv,trainee,4,trainee__participant_4,suture,1,C_kinematics_no_qc_plus_task,ridge,3,18.0,17.650673539460428,0.3493264605395723,0.3493264605395723
DVST_XI_14-16_Feb_2024_16_08.32.59_trainee_2_camera target_2.csv,trainee,2,trainee__participant_2,camera_target,2,C_kinematics_no_qc_plus_task,ridge,3,16.0,15.961704659871339,0.03829534012866098,0.03829534012866098
DVST_XI_14-16_Feb_2024_16_08.32.59_trainee_2_glove cut_2.csv,trainee,2,trainee__participant_2,glove_cut,2,C_kinematics_no_qc_plus_task,ridge,3,19.0,17.890363030096363,1.1096369699036366,1.1096369699036366
DVST_XI_14-16_Feb_2024_16_08.32.59_trainee_2_ring rollercoaster_2.csv,trainee,2,trainee__participant_2,ring_rollercoaster,2,C_kinematics_no_qc_plus_task,ridge,3,21.0,16.181975882115395,4.818024117884605,4.818024117884605
DVST_XI_14-16_Feb_2024_16_08.32.59_trainee_2_sea spikes_2.csv,trainee,2,trainee__participant_2,sea_spikes,2,C_kinematics_no_qc_plus_task,ridge,3,17.0,20.107471039424297,-3.107471039424297,3.107471039424297
DVST_XI_14-16_Feb_2024_16_08.32.59_trainee_2_suture_2.csv,trainee,2,trainee__participant_2,suture,2,C_kinematics_no_qc_plus_task,ridge,3,22.0,21.02250366212527,0.9774963378747294,0.9774963378747294
DVST_XI_14-16_Feb_2024_16_08.32.59_trainee_4_camera target_2.csv,trainee,4,trainee__participant_4,camera_target,2,C_kinematics_no_qc_plus_task,ridge,3,23.0,16.98040401860391,6.01959598139609,6.01959598139609
DVST_XI_19-22_May_2025_22_09.34.36_trainee_40_camera target_2.csv,trainee,40,trainee__participant_40,camera_target,2,C_kinematics_no_qc_plus_task,ridge,3,24.0,25.517705229290293,-1.5177052292902928,1.5177052292902928
DVST_XI_19-22_May_2025_22_09.34.36_trainee_42_camera target_2.csv,trainee,42,trainee__participant_42,camera_target,2,C_kinematics_no_qc_plus_task,ridge,3,19.0,-10.169178123196609,29.16917812319661,29.16917812319661
DVST_XI_6-8_Mar_2025_06_10.41.14_trainee_32_camera target_1.csv,trainee,32,trainee__participant_32,camera_target,1,C_kinematics_no_qc_plus_task,ridge,3,20.0,20.555540831093683,-0.5555408310936834,0.5555408310936834
DVST_XI_6-8_Mar_2025_06_10.41.14_trainee_32_ring rollercoaster_1.csv,trainee,32,trainee__participant_32,ring_rollercoaster,1,C_kinematics_no_qc_plus_task,ridge,3,17.0,16.942629406322467,0.05737059367753261,0.05737059367753261
DVST_XI_6-8_Mar_2025_06_10.41.14_trainee_32_sea spikes_1.csv,trainee,32,trainee__participant_32,sea_spikes,1,C_kinematics_no_qc_plus_task,ridge,3,14.0,23.465074248952952,-9.465074248952952,9.465074248952952
DVST_XI_6-8_Mar_2025_07_11.56.53_trainee_32_glove cut_1.csv,trainee,32,trainee__participant_32,glove_cut,1,C_kinematics_no_qc_plus_task,ridge,3,13.0,20.841843521181918,-7.841843521181918,7.841843521181918
DVST_XI_7-11_Mar_2024_08_13.12.17_trainee_11_ring rollercoaster_1.csv,trainee,11,trainee__participant_11,ring_rollercoaster,1,C_kinematics_no_qc_plus_task,ridge,3,18.0,17.696720079176217,0.3032799208237833,0.3032799208237833
DVST_XI_7-11_Mar_2024_08_13.12.17_trainee_11_sea spikes_1.csv,trainee,11,trainee__participant_11,sea_spikes,1,C_kinematics_no_qc_plus_task,ridge,3,18.0,18.55821142942241,-0.5582114294224105,0.5582114294224105
DVST_XI_7-11_Mar_2024_08_13.12.17_trainee_7_ring rollercoaster_1.csv,trainee,7,trainee__participant_7,ring_rollercoaster,1,C_kinematics_no_qc_plus_task,ridge,3,15.0,15.924064071973241,-0.9240640719732411,0.9240640719732411
DVST_XI_7-11_Mar_2024_08_13.12.17_trainee_7_sea spikes_1.csv,trainee,7,trainee__participant_7,sea_spikes,1,C_kinematics_no_qc_plus_task,ridge,3,19.0,15.950738871353748,3.0492611286462523,3.0492611286462523
DVST_XI_7-11_Mar_2024_09_10.19.01_trainee_11_camera target_1.csv,trainee,11,trainee__participant_11,camera_target,1,C_kinematics_no_qc_plus_task,ridge,3,10.0,11.787902106265559,-1.787902106265559,1.787902106265559
DVST_XI_7-11_Mar_2024_09_10.19.01_trainee_11_glove cut_1.csv,trainee,11,trainee__participant_11,glove_cut,1,C_kinematics_no_qc_plus_task,ridge,3,18.0,16.694781832435574,1.3052181675644263,1.3052181675644263
DVST_XI_7-11_Mar_2024_09_10.19.01_trainee_7_camera target_1.csv,trainee,7,trainee__participant_7,camera_target,1,C_kinematics_no_qc_plus_task,ridge,3,17.0,15.855854051234697,1.1441459487653027,1.1441459487653027
DVST_XI_7-11_Mar_2024_09_10.19.01_trainee_7_glove cut_1.csv,trainee,7,trainee__participant_7,glove_cut,1,C_kinematics_no_qc_plus_task,ridge,3,15.0,14.865934416973458,0.13406558302654226,0.13406558302654226
DVST_XI_7-11_Mar_2024_09_13.46.11_trainee_11_suture_1.csv,trainee,11,trainee__participant_11,suture,1,C_kinematics_no_qc_plus_task,ridge,3,18.0,19.335085480420037,-1.3350854804200374,1.3350854804200374
DVST_XI_7-11_Mar_2024_09_13.46.11_trainee_7_suture_1.csv,trainee,7,trainee__participant_7,suture,1,C_kinematics_no_qc_plus_task,ridge,3,17.0,18.615139804690287,-1.615139804690287,1.615139804690287
DVST_XI_Griffin_29_sep-1_oct_2024_29_09.07.40_trainee_21_camera target_1.csv,trainee,21,trainee__participant_21,camera_target,1,C_kinematics_no_qc_plus_task,ridge,3,19.0,19.493565101957227,-0.4935651019572269,0.4935651019572269
DVST_XI_Griffin_29_sep-1_oct_2024_29_09.07.40_trainee_21_suture_1.csv,trainee,21,trainee__participant_21,suture,1,C_kinematics_no_qc_plus_task,ridge,3,18.0,18.28820484586886,-0.2882048458688615,0.2882048458688615
DVST_XI_Griffin_29_sep-1_oct_2024_30_12.18.00_trainee_21_glove cut_2.csv,trainee,21,trainee__participant_21,glove_cut,2,C_kinematics_no_qc_plus_task,ridge,3,25.0,20.35325578116247,4.646744218837529,4.646744218837529
DVST_XI_Griffin_29_sep-1_oct_2024_30_12.18.00_trainee_21_ring rollercoaster_2.csv,trainee,21,trainee__participant_21,ring_rollercoaster,2,C_kinematics_no_qc_plus_task,ridge,3,22.0,19.047100026470126,2.952899973529874,2.952899973529874
DVST_XI_Griffin_29_sep-1_oct_2024_30_12.18.00_trainee_21_sea spikes_2.csv,trainee,21,trainee__participant_21,sea_spikes,2,C_kinematics_no_qc_plus_task,ridge,3,22.0,20.278919619572516,1.721080380427484,1.721080380427484
DVST_XI_Griffin_29_sep-1_oct_2024_30_12.18.00_trainee_21_suture_2.csv,trainee,21,trainee__participant_21,suture,2,C_kinematics_no_qc_plus_task,ridge,3,23.0,21.51215880552376,1.487841194476239,1.487841194476239
DVST_XI_19-22_May_2025_22_09.34.36_trainee_39_camera target_2.csv,trainee,39,trainee__participant_39,camera_target,2,C_kinematics_no_qc_plus_task,ridge,4,19.0,23.998601043794235,-4.998601043794235,4.998601043794235
DVST_XI_6-8_Mar_2025_06_10.41.14_trainee_33_camera target_1.csv,trainee,33,trainee__participant_33,camera_target,1,C_kinematics_no_qc_plus_task,ridge,4,23.0,20.854507948364798,2.145492051635202,2.145492051635202
DVST_XI_6-8_Mar_2025_06_10.41.14_trainee_33_ring rollercoaster_1.csv,trainee,33,trainee__participant_33,ring_rollercoaster,1,C_kinematics_no_qc_plus_task,ridge,4,21.0,20.5466537974465,0.4533462025535009,0.4533462025535009
DVST_XI_6-8_Mar_2025_06_10.41.14_trainee_33_sea spikes_1.csv,trainee,33,trainee__participant_33,sea_spikes,1,C_kinematics_no_qc_plus_task,ridge,4,16.0,18.77392033250634,-2.7739203325063393,2.7739203325063393
DVST_XI_6-8_Mar_2025_06_10.41.14_trainee_35_ring rollercoaster_1.csv,trainee,35,trainee__participant_35,ring_rollercoaster,1,C_kinematics_no_qc_plus_task,ridge,4,18.0,17.045888250954018,0.9541117490459818,0.9541117490459818
DVST_XI_6-8_Mar_2025_06_10.41.14_trainee_35_sea spikes_1.csv,trainee,35,trainee__participant_35,sea_spikes,1,C_kinematics_no_qc_plus_task,ridge,4,15.0,17.18225874569563,-2.1822587456956306,2.1822587456956306
DVST_XI_6-8_Mar_2025_06_10.41.14_trainee_36_ring rollercoaster_1.csv,trainee,36,trainee__participant_36,ring_rollercoaster,1,C_kinematics_no_qc_plus_task,ridge,4,19.0,16.558572718828547,2.4414272811714532,2.4414272811714532
DVST_XI_6-8_Mar_2025_06_10.41.14_trainee_36_sea spikes_1.csv,trainee,36,trainee__participant_36,sea_spikes,1,C_kinematics_no_qc_plus_task,ridge,4,16.0,16.532149235355934,-0.5321492353559343,0.5321492353559343
DVST_XI_6-8_Mar_2025_07_11.56.53_trainee_33_camera target_2.csv,trainee,33,trainee__participant_33,camera_target,2,C_kinematics_no_qc_plus_task,ridge,4,19.0,20.687640969608793,-1.6876409696087933,1.6876409696087933
DVST_XI_6-8_Mar_2025_07_11.56.53_trainee_33_glove cut_1.csv,trainee,33,trainee__participant_33,glove_cut,1,C_kinematics_no_qc_plus_task,ridge,4,18.0,19.01643082605559,-1.0164308260555899,1.0164308260555899
DVST_XI_6-8_Mar_2025_07_11.56.53_trainee_33_sea spikes_2.csv,trainee,33,trainee__participant_33,sea_spikes,2,C_kinematics_no_qc_plus_task,ridge,4,20.0,19.190327451383382,0.8096725486166179,0.8096725486166179
DVST_XI_6-8_Mar_2025_07_11.56.53_trainee_35_camera target_2.csv,trainee,35,trainee__participant_35,camera_target,2,C_kinematics_no_qc_plus_task,ridge,4,18.0,21.12030924770808,-3.1203092477080787,3.1203092477080787
DVST_XI_6-8_Mar_2025_07_11.56.53_trainee_35_glove cut_1.csv,trainee,35,trainee__participant_35,glove_cut,1,C_kinematics_no_qc_plus_task,ridge,4,16.0,19.6048799110934,-3.6048799110933984,3.6048799110933984
DVST_XI_6-8_Mar_2025_07_11.56.53_trainee_35_sea spikes_2.csv,trainee,35,trainee__participant_35,sea_spikes,2,C_kinematics_no_qc_plus_task,ridge,4,21.0,20.181579802610653,0.8184201973893472,0.8184201973893472
DVST_XI_6-8_Mar_2025_07_11.56.53_trainee_36_glove cut_1.csv,trainee,36,trainee__participant_36,glove_cut,1,C_kinematics_no_qc_plus_task,ridge,4,18.0,18.710385499553873,-0.7103854995538725,0.7103854995538725
DVST_XI_7-11_Jul_2025_10_09.40.17_expert_6_camera target_1.csv,expert,6,expert__participant_6,camera_target,1,C_kinematics_no_qc_plus_task,ridge,4,25.0,21.953132303482935,3.046867696517065,3.046867696517065
DVST_XI_7-11_Jul_2025_10_09.40.17_expert_6_suture_1.csv,expert,6,expert__participant_6,suture,1,C_kinematics_no_qc_plus_task,ridge,4,26.0,22.053626372069566,3.9463736279304342,3.9463736279304342
DVST_XI_7-11_Mar_2024_08_13.12.17_trainee_10_ring rollercoaster_1.csv,trainee,10,trainee__participant_10,ring_rollercoaster,1,C_kinematics_no_qc_plus_task,ridge,4,14.0,19.08089561678172,-5.080895616781721,5.080895616781721
DVST_XI_7-11_Mar_2024_08_13.12.17_trainee_10_sea spikes_1.csv,trainee,10,trainee__participant_10,sea_spikes,1,C_kinematics_no_qc_plus_task,ridge,4,22.0,16.08465098969483,5.915349010305171,5.915349010305171
DVST_XI_7-11_Mar_2024_09_10.19.01_trainee_10_camera target_1.csv,trainee,10,trainee__participant_10,camera_target,1,C_kinematics_no_qc_plus_task,ridge,4,14.0,19.303386062786196,-5.3033860627861955,5.3033860627861955
DVST_XI_7-11_Mar_2024_09_10.19.01_trainee_10_glove cut_1.csv,trainee,10,trainee__participant_10,glove_cut,1,C_kinematics_no_qc_plus_task,ridge,4,18.0,15.392765544262524,2.6072344557374763,2.6072344557374763
DVST_XI_7-11_Mar_2024_09_13.46.11_trainee_10_suture_1.csv,trainee,10,trainee__participant_10,suture,1,C_kinematics_no_qc_plus_task,ridge,4,19.0,19.764973633355893,-0.7649736333558934,0.7649736333558934
DVST_XI_Griffin_16-19_07_2024_16_08.46.09_trainee_16_glove cut_1.csv,trainee,16,trainee__participant_16,glove_cut,1,C_kinematics_no_qc_plus_task,ridge,4,15.0,18.18665421644686,-3.186654216446861,3.186654216446861
DVST_XI_Griffin_16-19_07_2024_16_08.46.09_trainee_16_ring rollercoaster_1.csv,trainee,16,trainee__participant_16,ring_rollercoaster,1,C_kinematics_no_qc_plus_task,ridge,4,20.0,18.93448308143821,1.0655169185617908,1.0655169185617908
DVST_XI_Griffin_16-19_07_2024_16_08.46.09_trainee_16_sea spikes_1.csv,trainee,16,trainee__participant_16,sea_spikes,1,C_kinematics_no_qc_plus_task,ridge,4,16.0,17.490523132427626,-1.4905231324276258,1.4905231324276258
DVST_XI_Griffin_16-19_07_2024_16_08.46.09_trainee_16_suture_1.csv,trainee,16,trainee__participant_16,suture,1,C_kinematics_no_qc_plus_task,ridge,4,21.0,18.197331384690997,2.8026686153090026,2.8026686153090026
DVST_XI_Griffin_16-19_07_2024_17_12.20.23_trainee_16_camera target_1.csv,trainee,16,trainee__participant_16,camera_target,1,C_kinematics_no_qc_plus_task,ridge,4,23.0,20.234320558452556,2.7656794415474444,2.7656794415474444
DVST_XI_Griffin_16-19_07_2024_17_12.20.23_trainee_16_ring rollercoaster_2.csv,trainee,16,trainee__participant_16,ring_rollercoaster,2,C_kinematics_no_qc_plus_task,ridge,4,23.0,19.794453438656692,3.205546561343308,3.205546561343308
DVST_XI_Griffin_16-19_07_2024_18_08.46.52_trainee_16_sea spikes_2.csv,trainee,16,trainee__participant_16,sea_spikes,2,C_kinematics_no_qc_plus_task,ridge,4,21.0,20.077118381667024,0.9228816183329762,0.9228816183329762
DVST_XI_Griffin_16-19_07_2024_18_08.46.52_trainee_16_suture_2.csv,trainee,16,trainee__participant_16,suture,2,C_kinematics_no_qc_plus_task,ridge,4,29.0,21.41952143910657,7.580478560893429,7.580478560893429
DVST_XI_Griffin_16-19_07_2024_19_09.39.41_trainee_16_camera target_2.csv,trainee,16,trainee__participant_16,camera_target,2,C_kinematics_no_qc_plus_task,ridge,4,23.0,21.5292936685034,1.4707063314966007,1.4707063314966007
DVST_XI_Griffin_16-19_07_2024_19_09.39.41_trainee_16_glove cut_2.csv,trainee,16,trainee__participant_16,glove_cut,2,C_kinematics_no_qc_plus_task,ridge,4,24.0,17.16067773392087,6.8393222660791295,6.8393222660791295
DVST_XI_Griffin_29_sep-1_oct_2024_29_09.07.40_trainee_18_camera target_1.csv,trainee,18,trainee__participant_18,camera_target,1,C_kinematics_no_qc_plus_task,ridge,4,19.0,21.992446938576613,-2.992446938576613,2.992446938576613
DVST_XI_Griffin_29_sep-1_oct_2024_29_09.07.40_trainee_18_suture_1.csv,trainee,18,trainee__participant_18,suture,1,C_kinematics_no_qc_plus_task,ridge,4,12.0,17.327535895191662,-5.327535895191662,5.327535895191662
DVST_XI_Griffin_29_sep-1_oct_2024_30_12.18.00_trainee_18_glove cut_2.csv,trainee,18,trainee__participant_18,glove_cut,2,C_kinematics_no_qc_plus_task,ridge,4,22.0,20.022774460955034,1.9772255390449658,1.9772255390449658
DVST_XI_Griffin_29_sep-1_oct_2024_30_12.18.00_trainee_18_ring rollercoaster_2.csv,trainee,18,trainee__participant_18,ring_rollercoaster,2,C_kinematics_no_qc_plus_task,ridge,4,24.0,19.85262102185069,4.147378978149309,4.147378978149309
DVST_XI_Griffin_29_sep-1_oct_2024_30_12.18.00_trainee_18_sea spikes_2.csv,trainee,18,trainee__participant_18,sea_spikes,2,C_kinematics_no_qc_plus_task,ridge,4,22.0,20.277569847603523,1.722430152396477,1.722430152396477
DVST_XI_Griffin_29_sep-1_oct_2024_30_12.18.00_trainee_18_suture_2.csv,trainee,18,trainee__participant_18,suture,2,C_kinematics_no_qc_plus_task,ridge,4,22.0,20.68656979886186,1.3134302011381394,1.3134302011381394
DVST_XI_10-13_Nov_2025_12_10.36.46_expert_9_camera target_1.csv,expert,9,expert__participant_9,camera_target,1,C_kinematics_no_qc_plus_task,ridge,5,28.0,23.034175145814086,4.9658248541859145,4.9658248541859145
DVST_XI_10-13_Nov_2025_12_10.36.46_expert_9_glove cut_1.csv,expert,9,expert__participant_9,glove_cut,1,C_kinematics_no_qc_plus_task,ridge,5,29.0,21.909208278620625,7.090791721379375,7.090791721379375
DVST_XI_10-13_Nov_2025_12_10.36.46_expert_9_ring rollercoaster_1.csv,expert,9,expert__participant_9,ring_rollercoaster,1,C_kinematics_no_qc_plus_task,ridge,5,29.0,21.295635271613946,7.704364728386054,7.704364728386054
DVST_XI_10-13_Nov_2025_12_10.36.46_expert_9_sea spikes_1.csv,expert,9,expert__participant_9,sea_spikes,1,C_kinematics_no_qc_plus_task,ridge,5,29.0,21.56177615816028,7.438223841839719,7.438223841839719
DVST_XI_10-13_Nov_2025_12_10.36.46_expert_9_suture_1.csv,expert,9,expert__participant_9,suture,1,C_kinematics_no_qc_plus_task,ridge,5,28.0,22.806419420880584,5.193580579119416,5.193580579119416
DVST_XI_19-22_May_2025_21_09.43.23_expert_5_camera target_1.csv,expert,5,expert__participant_5,camera_target,1,C_kinematics_no_qc_plus_task,ridge,5,30.0,22.023364400255424,7.976635599744576,7.976635599744576
DVST_XI_19-22_May_2025_21_09.43.23_expert_5_suture_1.csv,expert,5,expert__participant_5,suture,1,C_kinematics_no_qc_plus_task,ridge,5,29.0,21.883590381544888,7.116409618455112,7.116409618455112
DVST_XI_19-22_May_2025_22_09.34.36_trainee_38_camera target_2.csv,trainee,38,trainee__participant_38,camera_target,2,C_kinematics_no_qc_plus_task,ridge,5,22.0,24.600360338338973,-2.600360338338973,2.600360338338973
DVST_XI_6-8_Mar_2025_06_10.41.14_trainee_31_ring rollercoaster_1.csv,trainee,31,trainee__participant_31,ring_rollercoaster,1,C_kinematics_no_qc_plus_task,ridge,5,15.0,19.26165761530686,-4.261657615306859,4.261657615306859
DVST_XI_6-8_Mar_2025_06_10.41.14_trainee_31_sea spikes_1.csv,trainee,31,trainee__participant_31,sea_spikes,1,C_kinematics_no_qc_plus_task,ridge,5,13.0,18.56143144660647,-5.56143144660647,5.56143144660647
DVST_XI_6-8_Mar_2025_07_11.56.53_trainee_31_glove cut_1.csv,trainee,31,trainee__participant_31,glove_cut,1,C_kinematics_no_qc_plus_task,ridge,5,16.0,18.801236291520365,-2.8012362915203646,2.8012362915203646
DVST_XI_7-11_Mar_2024_08_13.12.17_trainee_9_ring rollercoaster_1.csv,trainee,9,trainee__participant_9,ring_rollercoaster,1,C_kinematics_no_qc_plus_task,ridge,5,14.0,18.583070814566604,-4.583070814566604,4.583070814566604
DVST_XI_7-11_Mar_2024_08_13.12.17_trainee_9_sea spikes_1.csv,trainee,9,trainee__participant_9,sea_spikes,1,C_kinematics_no_qc_plus_task,ridge,5,18.0,16.803575316862247,1.196424683137753,1.196424683137753
DVST_XI_7-11_Mar_2024_09_10.19.01_trainee_9_camera target_1.csv,trainee,9,trainee__participant_9,camera_target,1,C_kinematics_no_qc_plus_task,ridge,5,19.0,18.74684728365057,0.2531527163494296,0.2531527163494296
DVST_XI_7-11_Mar_2024_09_10.19.01_trainee_9_glove cut_1.csv,trainee,9,trainee__participant_9,glove_cut,1,C_kinematics_no_qc_plus_task,ridge,5,18.0,17.654769163178724,0.3452308368212762,0.3452308368212762
DVST_XI_7-11_Mar_2024_09_13.46.11_trainee_9_suture_1.csv,trainee,9,trainee__participant_9,suture,1,C_kinematics_no_qc_plus_task,ridge,5,16.0,18.525111871627125,-2.525111871627125,2.525111871627125
DVST_XI_Griffin_16-19_07_2024_16_08.46.09_trainee_14_glove cut_1.csv,trainee,14,trainee__participant_14,glove_cut,1,C_kinematics_no_qc_plus_task,ridge,5,11.0,18.629756723590685,-7.629756723590685,7.629756723590685
DVST_XI_Griffin_16-19_07_2024_16_08.46.09_trainee_14_ring rollercoaster_1.csv,trainee,14,trainee__participant_14,ring_rollercoaster,1,C_kinematics_no_qc_plus_task,ridge,5,16.0,19.697502610311236,-3.6975026103112363,3.6975026103112363
DVST_XI_Griffin_16-19_07_2024_16_08.46.09_trainee_14_sea spikes_1.csv,trainee,14,trainee__participant_14,sea_spikes,1,C_kinematics_no_qc_plus_task,ridge,5,12.0,15.08062394574693,-3.0806239457469307,3.0806239457469307
DVST_XI_Griffin_16-19_07_2024_16_08.46.09_trainee_14_suture_1.csv,trainee,14,trainee__participant_14,suture,1,C_kinematics_no_qc_plus_task,ridge,5,15.0,19.578204590918244,-4.578204590918244,4.578204590918244
DVST_XI_Griffin_16-19_07_2024_17_12.20.23_trainee_13_camera target_1.csv,trainee,13,trainee__participant_13,camera_target,1,C_kinematics_no_qc_plus_task,ridge,5,19.0,19.63730415981175,-0.6373041598117517,0.6373041598117517
DVST_XI_Griffin_16-19_07_2024_17_12.20.23_trainee_13_glove cut_1.csv,trainee,13,trainee__participant_13,glove_cut,1,C_kinematics_no_qc_plus_task,ridge,5,23.0,18.772946246506127,4.227053753493873,4.227053753493873
DVST_XI_Griffin_16-19_07_2024_17_12.20.23_trainee_13_ring rollercoaster_1.csv,trainee,13,trainee__participant_13,ring_rollercoaster,1,C_kinematics_no_qc_plus_task,ridge,5,17.0,19.89315094451758,-2.893150944517579,2.893150944517579
DVST_XI_Griffin_16-19_07_2024_17_12.20.23_trainee_13_ring rollercoaster_2.csv,trainee,13,trainee__participant_13,ring_rollercoaster,2,C_kinematics_no_qc_plus_task,ridge,5,22.0,21.569406818425257,0.4305931815747428,0.4305931815747428
DVST_XI_Griffin_16-19_07_2024_17_12.20.23_trainee_13_sea spikes_1.csv,trainee,13,trainee__participant_13,sea_spikes,1,C_kinematics_no_qc_plus_task,ridge,5,17.0,19.669113631038062,-2.669113631038062,2.669113631038062
DVST_XI_Griffin_16-19_07_2024_17_12.20.23_trainee_13_suture_1.csv,trainee,13,trainee__participant_13,suture,1,C_kinematics_no_qc_plus_task,ridge,5,23.0,20.304695840332315,2.6953041596676854,2.6953041596676854
DVST_XI_Griffin_16-19_07_2024_17_12.20.23_trainee_14_camera target_1.csv,trainee,14,trainee__participant_14,camera_target,1,C_kinematics_no_qc_plus_task,ridge,5,14.0,16.431529022407933,-2.4315290224079327,2.4315290224079327
DVST_XI_Griffin_16-19_07_2024_18_08.46.52_trainee_13_sea spikes_2.csv,trainee,13,trainee__participant_13,sea_spikes,2,C_kinematics_no_qc_plus_task,ridge,5,21.0,21.392960665154845,-0.3929606651548454,0.3929606651548454
DVST_XI_Griffin_16-19_07_2024_18_08.46.52_trainee_13_suture_2.csv,trainee,13,trainee__participant_13,suture,2,C_kinematics_no_qc_plus_task,ridge,5,28.0,21.399223828893007,6.600776171106993,6.600776171106993
DVST_XI_Griffin_16-19_07_2024_18_08.46.52_trainee_14_sea spikes_2.csv,trainee,14,trainee__participant_14,sea_spikes,2,C_kinematics_no_qc_plus_task,ridge,5,20.0,19.570024328206348,0.4299756717936525,0.4299756717936525
DVST_XI_Griffin_16-19_07_2024_18_08.46.52_trainee_14_suture_2.csv,trainee,14,trainee__participant_14,suture,2,C_kinematics_no_qc_plus_task,ridge,5,29.0,23.007018257379357,5.992981742620643,5.992981742620643
DVST_XI_Griffin_16-19_07_2024_19_09.39.41_trainee_13_camera target_2.csv,trainee,13,trainee__participant_13,camera_target,2,C_kinematics_no_qc_plus_task,ridge,5,17.0,21.744756906223422,-4.744756906223422,4.744756906223422
DVST_XI_Griffin_16-19_07_2024_19_09.39.41_trainee_14_glove cut_2.csv,trainee,14,trainee__participant_14,glove_cut,2,C_kinematics_no_qc_plus_task,ridge,5,18.0,19.119406058692228,-1.1194060586922276,1.1194060586922276
DVST_XI_Griffin_29_sep-1_oct_2024_29_09.07.40_trainee_20_camera target_1.csv,trainee,20,trainee__participant_20,camera_target,1,C_kinematics_no_qc_plus_task,ridge,5,15.0,16.173606266417185,-1.1736062664171847,1.1736062664171847
DVST_XI_Griffin_29_sep-1_oct_2024_29_09.07.40_trainee_20_suture_1.csv,trainee,20,trainee__participant_20,suture,1,C_kinematics_no_qc_plus_task,ridge,5,13.0,16.48000547159655,-3.4800054715965487,3.4800054715965487
DVST_XI_Griffin_29_sep-1_oct_2024_30_12.18.00_trainee_20_glove cut_2.csv,trainee,20,trainee__participant_20,glove_cut,2,C_kinematics_no_qc_plus_task,ridge,5,17.0,19.980713205284818,-2.980713205284818,2.980713205284818
DVST_XI_Griffin_29_sep-1_oct_2024_30_12.18.00_trainee_20_ring rollercoaster_2.csv,trainee,20,trainee__participant_20,ring_rollercoaster,2,C_kinematics_no_qc_plus_task,ridge,5,21.0,19.649474699392712,1.3505253006072877,1.3505253006072877
DVST_XI_Griffin_29_sep-1_oct_2024_30_12.18.00_trainee_20_sea spikes_2.csv,trainee,20,trainee__participant_20,sea_spikes,2,C_kinematics_no_qc_plus_task,ridge,5,21.0,20.41640105537466,0.58359894462534,0.58359894462534
DVST_XI_10-13_Nov_2025_12_10.36.46_expert_10_camera target_1.csv,expert,10,expert__participant_10,camera_target,1,C_kinematics_no_qc_plus_task,elastic_net,1,30.0,23.860742591125195,6.139257408874805,6.139257408874805
DVST_XI_10-13_Nov_2025_12_10.36.46_expert_10_glove cut_1.csv,expert,10,expert__participant_10,glove_cut,1,C_kinematics_no_qc_plus_task,elastic_net,1,28.0,22.138235932809387,5.861764067190613,5.861764067190613
DVST_XI_10-13_Nov_2025_12_10.36.46_expert_10_ring rollercoaster_1.csv,expert,10,expert__participant_10,ring_rollercoaster,1,C_kinematics_no_qc_plus_task,elastic_net,1,29.0,21.275823525216687,7.724176474783313,7.724176474783313
DVST_XI_10-13_Nov_2025_12_10.36.46_expert_10_sea spikes_1.csv,expert,10,expert__participant_10,sea_spikes,1,C_kinematics_no_qc_plus_task,elastic_net,1,29.0,22.11978563363727,6.880214366362729,6.880214366362729
DVST_XI_10-13_Nov_2025_12_10.36.46_expert_10_suture_1.csv,expert,10,expert__participant_10,suture,1,C_kinematics_no_qc_plus_task,elastic_net,1,30.0,23.409459052724447,6.590540947275553,6.590540947275553
DVST_XI_11-14_Aug_2025_13_11.33.24_expert_7_camera target_1.csv,expert,7,expert__participant_7,camera_target,1,C_kinematics_no_qc_plus_task,elastic_net,1,28.0,22.76926592030329,5.23073407969671,5.23073407969671
DVST_XI_11-14_Aug_2025_13_11.33.24_expert_7_suture_1.csv,expert,7,expert__participant_7,suture,1,C_kinematics_no_qc_plus_task,elastic_net,1,29.0,21.78100984747452,7.218990152525478,7.218990152525478
DVST_XI_11-14_Aug_2025_14_10.45.28_expert_8_camera target_1.csv,expert,8,expert__participant_8,camera_target,1,C_kinematics_no_qc_plus_task,elastic_net,1,28.0,21.57062360527949,6.42937639472051,6.42937639472051
DVST_XI_11-14_Aug_2025_14_10.45.28_expert_8_suture_1.csv,expert,8,expert__participant_8,suture,1,C_kinematics_no_qc_plus_task,elastic_net,1,29.0,22.979924727560622,6.020075272439378,6.020075272439378
DVST_XI_14-16_Feb_2024_14_09.13.16_trainee_5_camera target_1.csv,trainee,5,trainee__participant_5,camera_target,1,C_kinematics_no_qc_plus_task,elastic_net,1,7.0,16.379856357199266,-9.379856357199266,9.379856357199266
DVST_XI_14-16_Feb_2024_14_09.13.16_trainee_5_glove cut_1.csv,trainee,5,trainee__participant_5,glove_cut,1,C_kinematics_no_qc_plus_task,elastic_net,1,11.0,16.52089096830005,-5.520890968300051,5.520890968300051
DVST_XI_14-16_Feb_2024_14_09.13.16_trainee_5_ring rollercoaster_1.csv,trainee,5,trainee__participant_5,ring_rollercoaster,1,C_kinematics_no_qc_plus_task,elastic_net,1,17.0,14.41199062647738,2.5880093735226204,2.5880093735226204
DVST_XI_14-16_Feb_2024_14_09.13.16_trainee_5_sea spikes_1.csv,trainee,5,trainee__participant_5,sea_spikes,1,C_kinematics_no_qc_plus_task,elastic_net,1,16.0,16.867060594821506,-0.8670605948215062,0.8670605948215062
DVST_XI_14-16_Feb_2024_14_09.13.16_trainee_5_suture_1.csv,trainee,5,trainee__participant_5,suture,1,C_kinematics_no_qc_plus_task,elastic_net,1,16.0,17.895737508097987,-1.8957375080979872,1.8957375080979872
DVST_XI_14-16_Feb_2024_16_08.32.59_trainee_5_camera target_2.csv,trainee,5,trainee__participant_5,camera_target,2,C_kinematics_no_qc_plus_task,elastic_net,1,21.0,19.2607870472863,1.7392129527137001,1.7392129527137001
DVST_XI_14-16_Feb_2024_16_08.32.59_trainee_5_glove cut_2.csv,trainee,5,trainee__participant_5,glove_cut,2,C_kinematics_no_qc_plus_task,elastic_net,1,19.0,15.858666789127103,3.1413332108728973,3.1413332108728973
DVST_XI_14-16_Feb_2024_16_08.32.59_trainee_5_ring rollercoaster_2.csv,trainee,5,trainee__participant_5,ring_rollercoaster,2,C_kinematics_no_qc_plus_task,elastic_net,1,23.0,16.472439423267314,6.527560576732686,6.527560576732686
DVST_XI_14-16_Feb_2024_16_08.32.59_trainee_5_sea spikes_2.csv,trainee,5,trainee__participant_5,sea_spikes,2,C_kinematics_no_qc_plus_task,elastic_net,1,21.0,19.33224230887443,1.6677576911255692,1.6677576911255692
DVST_XI_14-16_Feb_2024_16_08.32.59_trainee_5_suture_2.csv,trainee,5,trainee__participant_5,suture,2,C_kinematics_no_qc_plus_task,elastic_net,1,21.0,19.208795351525055,1.7912046484749453,1.7912046484749453
DVST_XI_19-22_May_2025_22_09.34.36_trainee_37_camera target_2.csv,trainee,37,trainee__participant_37,camera_target,2,C_kinematics_no_qc_plus_task,elastic_net,1,16.0,20.857356451882815,-4.857356451882815,4.857356451882815
DVST_XI_19-22_May_2025_22_09.34.36_trainee_41_camera target_2.csv,trainee,41,trainee__participant_41,camera_target,2,C_kinematics_no_qc_plus_task,elastic_net,1,20.0,20.321116392458258,-0.32111639245825785,0.32111639245825785
DVST_XI_7-11_Mar_2024_08_13.12.17_trainee_8_ring rollercoaster_1.csv,trainee,8,trainee__participant_8,ring_rollercoaster,1,C_kinematics_no_qc_plus_task,elastic_net,1,12.0,16.88932085294025,-4.889320852940251,4.889320852940251
DVST_XI_7-11_Mar_2024_08_13.12.17_trainee_8_sea spikes_1.csv,trainee,8,trainee__participant_8,sea_spikes,1,C_kinematics_no_qc_plus_task,elastic_net,1,18.0,18.48520305756385,-0.48520305756385085,0.48520305756385085
DVST_XI_7-11_Mar_2024_09_10.19.01_trainee_8_camera target_1.csv,trainee,8,trainee__participant_8,camera_target,1,C_kinematics_no_qc_plus_task,elastic_net,1,10.0,14.997373172056486,-4.997373172056486,4.997373172056486
DVST_XI_7-11_Mar_2024_09_10.19.01_trainee_8_glove cut_1.csv,trainee,8,trainee__participant_8,glove_cut,1,C_kinematics_no_qc_plus_task,elastic_net,1,17.0,17.1234520216349,-0.12345202163490043,0.12345202163490043
DVST_XI_7-11_Mar_2024_09_13.46.11_trainee_8_suture_1.csv,trainee,8,trainee__participant_8,suture,1,C_kinematics_no_qc_plus_task,elastic_net,1,17.0,19.742936527837887,-2.7429365278378874,2.7429365278378874
DVST_XI_Griffin_16-19_07_2024_16_08.46.09_trainee_12_glove cut_1.csv,trainee,12,trainee__participant_12,glove_cut,1,C_kinematics_no_qc_plus_task,elastic_net,1,21.0,18.831458165237265,2.1685418347627348,2.1685418347627348
DVST_XI_Griffin_16-19_07_2024_16_08.46.09_trainee_12_ring rollercoaster_1.csv,trainee,12,trainee__participant_12,ring_rollercoaster,1,C_kinematics_no_qc_plus_task,elastic_net,1,16.0,19.77608117894899,-3.7760811789489885,3.7760811789489885
DVST_XI_Griffin_16-19_07_2024_16_08.46.09_trainee_12_sea spikes_1.csv,trainee,12,trainee__participant_12,sea_spikes,1,C_kinematics_no_qc_plus_task,elastic_net,1,12.0,19.278944075076197,-7.278944075076197,7.278944075076197
DVST_XI_Griffin_16-19_07_2024_16_08.46.09_trainee_12_suture_1.csv,trainee,12,trainee__participant_12,suture,1,C_kinematics_no_qc_plus_task,elastic_net,1,20.0,21.966317105708473,-1.9663171057084732,1.9663171057084732
DVST_XI_Griffin_16-19_07_2024_17_12.20.23_trainee_12_camera target_1.csv,trainee,12,trainee__participant_12,camera_target,1,C_kinematics_no_qc_plus_task,elastic_net,1,16.0,20.510825122387153,-4.510825122387153,4.510825122387153
DVST_XI_Griffin_16-19_07_2024_18_08.46.52_trainee_12_sea spikes_2.csv,trainee,12,trainee__participant_12,sea_spikes,2,C_kinematics_no_qc_plus_task,elastic_net,1,19.0,22.599433527839434,-3.599433527839434,3.599433527839434
DVST_XI_Griffin_16-19_07_2024_18_08.46.52_trainee_12_suture_2.csv,trainee,12,trainee__participant_12,suture,2,C_kinematics_no_qc_plus_task,elastic_net,1,28.0,21.75429929775798,6.245700702242019,6.245700702242019
DVST_XI_Griffin_16-19_07_2024_19_09.39.41_trainee_12_glove cut_2.csv,trainee,12,trainee__participant_12,glove_cut,2,C_kinematics_no_qc_plus_task,elastic_net,1,20.0,18.746406669812405,1.253593330187595,1.253593330187595
DVST_XI_Griffin_29_sep-1_oct_2024_29_09.07.40_trainee_19_camera target_1.csv,trainee,19,trainee__participant_19,camera_target,1,C_kinematics_no_qc_plus_task,elastic_net,1,17.0,15.833115834259015,1.166884165740985,1.166884165740985
DVST_XI_Griffin_29_sep-1_oct_2024_29_09.07.40_trainee_19_suture_1.csv,trainee,19,trainee__participant_19,suture,1,C_kinematics_no_qc_plus_task,elastic_net,1,16.0,15.59335622396949,0.40664377603050994,0.40664377603050994
DVST_XI_Griffin_29_sep-1_oct_2024_30_12.18.00_trainee_19_glove cut_2.csv,trainee,19,trainee__participant_19,glove_cut,2,C_kinematics_no_qc_plus_task,elastic_net,1,17.0,18.36381216066644,-1.3638121606664413,1.3638121606664413
DVST_XI_Griffin_29_sep-1_oct_2024_30_12.18.00_trainee_19_ring rollercoaster_2.csv,trainee,19,trainee__participant_19,ring_rollercoaster,2,C_kinematics_no_qc_plus_task,elastic_net,1,22.0,18.038272474474923,3.9617275255250775,3.9617275255250775
DVST_XI_Griffin_29_sep-1_oct_2024_30_12.18.00_trainee_19_sea spikes_2.csv,trainee,19,trainee__participant_19,sea_spikes,2,C_kinematics_no_qc_plus_task,elastic_net,1,21.0,20.85393699187154,0.1460630081284613,0.1460630081284613
DVST_XI_14-16_Feb_2024_14_09.13.16_trainee_1_camera target_1.csv,trainee,1,trainee__participant_1,camera_target,1,C_kinematics_no_qc_plus_task,elastic_net,2,17.0,18.661860957487075,-1.6618609574870753,1.6618609574870753
DVST_XI_14-16_Feb_2024_14_09.13.16_trainee_1_suture_1.csv,trainee,1,trainee__participant_1,suture,1,C_kinematics_no_qc_plus_task,elastic_net,2,19.0,18.00412310758023,0.9958768924197692,0.9958768924197692
DVST_XI_14-16_Feb_2024_14_09.13.16_trainee_3_camera target_1.csv,trainee,3,trainee__participant_3,camera_target,1,C_kinematics_no_qc_plus_task,elastic_net,2,15.0,18.823074679063833,-3.823074679063833,3.823074679063833
DVST_XI_14-16_Feb_2024_14_09.13.16_trainee_3_glove cut_1.csv,trainee,3,trainee__participant_3,glove_cut,1,C_kinematics_no_qc_plus_task,elastic_net,2,17.0,20.642179669328684,-3.6421796693286836,3.6421796693286836
DVST_XI_14-16_Feb_2024_14_09.13.16_trainee_3_ring rollercoaster_1.csv,trainee,3,trainee__participant_3,ring_rollercoaster,1,C_kinematics_no_qc_plus_task,elastic_net,2,12.0,17.914067951673793,-5.914067951673793,5.914067951673793
DVST_XI_14-16_Feb_2024_14_09.13.16_trainee_3_sea spikes_1.csv,trainee,3,trainee__participant_3,sea_spikes,1,C_kinematics_no_qc_plus_task,elastic_net,2,15.0,18.866955035104656,-3.866955035104656,3.866955035104656
DVST_XI_14-16_Feb_2024_14_09.13.16_trainee_3_suture_1.csv,trainee,3,trainee__participant_3,suture,1,C_kinematics_no_qc_plus_task,elastic_net,2,19.0,19.13040732783939,-0.13040732783938935,0.13040732783938935
DVST_XI_14-16_Feb_2024_16_08.32.59_trainee_1_camera target_2.csv,trainee,1,trainee__participant_1,camera_target,2,C_kinematics_no_qc_plus_task,elastic_net,2,19.0,18.261451912203817,0.7385480877961825,0.7385480877961825
DVST_XI_14-16_Feb_2024_16_08.32.59_trainee_1_glove cut_2.csv,trainee,1,trainee__participant_1,glove_cut,2,C_kinematics_no_qc_plus_task,elastic_net,2,19.0,15.992339243609909,3.0076607563900914,3.0076607563900914
DVST_XI_14-16_Feb_2024_16_08.32.59_trainee_1_sea spikes_2.csv,trainee,1,trainee__participant_1,sea_spikes,2,C_kinematics_no_qc_plus_task,elastic_net,2,19.0,19.551271841881174,-0.5512718418811744,0.5512718418811744
DVST_XI_14-16_Feb_2024_16_08.32.59_trainee_1_suture_2.csv,trainee,1,trainee__participant_1,suture,2,C_kinematics_no_qc_plus_task,elastic_net,2,17.0,18.28126412896236,-1.2812641289623592,1.2812641289623592
DVST_XI_14-16_Feb_2024_16_08.32.59_trainee_3_camera target_2.csv,trainee,3,trainee__participant_3,camera_target,2,C_kinematics_no_qc_plus_task,elastic_net,2,23.0,18.413647071086928,4.5863529289130724,4.5863529289130724
DVST_XI_14-16_Feb_2024_16_08.32.59_trainee_3_glove cut_2.csv,trainee,3,trainee__participant_3,glove_cut,2,C_kinematics_no_qc_plus_task,elastic_net,2,19.0,19.280004427907475,-0.2800044279074747,0.2800044279074747
DVST_XI_14-16_Feb_2024_16_08.32.59_trainee_3_ring rollercoaster_2.csv,trainee,3,trainee__participant_3,ring_rollercoaster,2,C_kinematics_no_qc_plus_task,elastic_net,2,21.0,18.92351258103521,2.0764874189647884,2.0764874189647884
DVST_XI_14-16_Feb_2024_16_08.32.59_trainee_3_sea spikes_2.csv,trainee,3,trainee__participant_3,sea_spikes,2,C_kinematics_no_qc_plus_task,elastic_net,2,17.0,20.23918904936971,-3.2391890493697097,3.2391890493697097
DVST_XI_14-16_Feb_2024_16_08.32.59_trainee_3_suture_2.csv,trainee,3,trainee__participant_3,suture,2,C_kinematics_no_qc_plus_task,elastic_net,2,22.0,22.47133477128451,-0.4713347712845106,0.4713347712845106
DVST_XI_6-8_Mar_2025_06_10.41.14_trainee_34_camera target_1.csv,trainee,34,trainee__participant_34,camera_target,1,C_kinematics_no_qc_plus_task,elastic_net,2,18.0,11.944564129010873,6.055435870989127,6.055435870989127
DVST_XI_6-8_Mar_2025_06_10.41.14_trainee_34_ring rollercoaster_1.csv,trainee,34,trainee__participant_34,ring_rollercoaster,1,C_kinematics_no_qc_plus_task,elastic_net,2,14.0,14.234023890169256,-0.23402389016925618,0.23402389016925618
DVST_XI_6-8_Mar_2025_06_10.41.14_trainee_34_sea spikes_1.csv,trainee,34,trainee__participant_34,sea_spikes,1,C_kinematics_no_qc_plus_task,elastic_net,2,14.0,15.13659797061623,-1.1365979706162292,1.1365979706162292
DVST_XI_6-8_Mar_2025_07_11.56.53_trainee_34_glove cut_1.csv,trainee,34,trainee__participant_34,glove_cut,1,C_kinematics_no_qc_plus_task,elastic_net,2,12.0,12.774945066665376,-0.7749450666653761,0.7749450666653761
DVST_XI_6-8_Mar_2025_08_08.21.32_expert_3_camera target_1.csv,expert,3,expert__participant_3,camera_target,1,C_kinematics_no_qc_plus_task,elastic_net,2,27.0,19.081286573040703,7.918713426959297,7.918713426959297
DVST_XI_6-8_Mar_2025_08_08.21.32_expert_3_suture_1.csv,expert,3,expert__participant_3,suture,1,C_kinematics_no_qc_plus_task,elastic_net,2,28.0,18.21144743068802,9.788552569311982,9.788552569311982
DVST_XI_7-11_Mar_2024_08_13.12.17_trainee_6_ring rollercoaster_1.csv,trainee,6,trainee__participant_6,ring_rollercoaster,1,C_kinematics_no_qc_plus_task,elastic_net,2,16.0,19.121279683003603,-3.1212796830036034,3.1212796830036034
DVST_XI_7-11_Mar_2024_08_13.12.17_trainee_6_sea spikes_1.csv,trainee,6,trainee__participant_6,sea_spikes,1,C_kinematics_no_qc_plus_task,elastic_net,2,16.0,17.2328929393966,-1.2328929393965993,1.2328929393965993
DVST_XI_7-11_Mar_2024_09_10.19.01_trainee_6_glove cut_1.csv,trainee,6,trainee__participant_6,glove_cut,1,C_kinematics_no_qc_plus_task,elastic_net,2,15.0,14.25362474834305,0.74637525165695,0.74637525165695
DVST_XI_7-11_Mar_2024_09_13.46.11_trainee_6_suture_1.csv,trainee,6,trainee__participant_6,suture,1,C_kinematics_no_qc_plus_task,elastic_net,2,12.0,19.729704226446074,-7.729704226446074,7.729704226446074
DVST_XI_Griffin_16-19_07_2024_16_08.46.09_trainee_15_glove cut_1.csv,trainee,15,trainee__participant_15,glove_cut,1,C_kinematics_no_qc_plus_task,elastic_net,2,17.0,19.005695684500964,-2.0056956845009637,2.0056956845009637
DVST_XI_Griffin_16-19_07_2024_16_08.46.09_trainee_15_ring rollercoaster_1.csv,trainee,15,trainee__participant_15,ring_rollercoaster,1,C_kinematics_no_qc_plus_task,elastic_net,2,18.0,19.35036252724389,-1.3503625272438917,1.3503625272438917
DVST_XI_Griffin_16-19_07_2024_16_08.46.09_trainee_15_sea spikes_1.csv,trainee,15,trainee__participant_15,sea_spikes,1,C_kinematics_no_qc_plus_task,elastic_net,2,20.0,19.167012778468916,0.8329872215310843,0.8329872215310843
DVST_XI_Griffin_16-19_07_2024_16_08.46.09_trainee_15_suture_1.csv,trainee,15,trainee__participant_15,suture,1,C_kinematics_no_qc_plus_task,elastic_net,2,15.0,19.261693353237206,-4.261693353237206,4.261693353237206
DVST_XI_Griffin_16-19_07_2024_17_12.20.23_trainee_15_camera target_1.csv,trainee,15,trainee__participant_15,camera_target,1,C_kinematics_no_qc_plus_task,elastic_net,2,18.0,19.79561114222922,-1.7956111422292196,1.7956111422292196
DVST_XI_Griffin_16-19_07_2024_18_08.46.52_trainee_15_sea spikes_2.csv,trainee,15,trainee__participant_15,sea_spikes,2,C_kinematics_no_qc_plus_task,elastic_net,2,23.0,20.456102956224377,2.5438970437756225,2.5438970437756225
DVST_XI_Griffin_16-19_07_2024_18_08.46.52_trainee_15_suture_2.csv,trainee,15,trainee__participant_15,suture,2,C_kinematics_no_qc_plus_task,elastic_net,2,26.0,21.037379274516045,4.962620725483955,4.962620725483955
DVST_XI_Griffin_29_sep-1_oct_2024_29_09.07.40_trainee_17_camera target_1.csv,trainee,17,trainee__participant_17,camera_target,1,C_kinematics_no_qc_plus_task,elastic_net,2,23.0,17.732218279842726,5.267781720157274,5.267781720157274
DVST_XI_Griffin_29_sep-1_oct_2024_29_09.07.40_trainee_17_suture_1.csv,trainee,17,trainee__participant_17,suture,1,C_kinematics_no_qc_plus_task,elastic_net,2,15.0,19.668663936002304,-4.668663936002304,4.668663936002304
DVST_XI_Griffin_29_sep-1_oct_2024_30_12.18.00_trainee_17_glove cut_2.csv,trainee,17,trainee__participant_17,glove_cut,2,C_kinematics_no_qc_plus_task,elastic_net,2,22.0,18.932739393851662,3.067260606148338,3.067260606148338
DVST_XI_Griffin_29_sep-1_oct_2024_30_12.18.00_trainee_17_ring rollercoaster_2.csv,trainee,17,trainee__participant_17,ring_rollercoaster,2,C_kinematics_no_qc_plus_task,elastic_net,2,22.0,20.308896746406415,1.6911032535935853,1.6911032535935853
DVST_XI_Griffin_29_sep-1_oct_2024_30_12.18.00_trainee_17_sea spikes_2.csv,trainee,17,trainee__participant_17,sea_spikes,2,C_kinematics_no_qc_plus_task,elastic_net,2,22.0,21.173658640879857,0.8263413591201427,0.8263413591201427
DVST_XI_14-16_Feb_2024_14_09.13.16_trainee_2_camera target_1.csv,trainee,2,trainee__participant_2,camera_target,1,C_kinematics_no_qc_plus_task,elastic_net,3,17.0,15.033104220283995,1.9668957797160047,1.9668957797160047
DVST_XI_14-16_Feb_2024_14_09.13.16_trainee_2_glove cut_1.csv,trainee,2,trainee__participant_2,glove_cut,1,C_kinematics_no_qc_plus_task,elastic_net,3,13.0,18.330203450719047,-5.330203450719047,5.330203450719047
DVST_XI_14-16_Feb_2024_14_09.13.16_trainee_2_ring rollercoaster_1.csv,trainee,2,trainee__participant_2,ring_rollercoaster,1,C_kinematics_no_qc_plus_task,elastic_net,3,14.0,16.99856935228622,-2.9985693522862213,2.9985693522862213
DVST_XI_14-16_Feb_2024_14_09.13.16_trainee_2_sea spikes_1.csv,trainee,2,trainee__participant_2,sea_spikes,1,C_kinematics_no_qc_plus_task,elastic_net,3,15.0,17.18328985964105,-2.18328985964105,2.18328985964105
DVST_XI_14-16_Feb_2024_14_09.13.16_trainee_2_suture_1.csv,trainee,2,trainee__participant_2,suture,1,C_kinematics_no_qc_plus_task,elastic_net,3,19.0,15.491177296957481,3.5088227030425188,3.5088227030425188
DVST_XI_14-16_Feb_2024_14_09.13.16_trainee_4_camera target_1.csv,trainee,4,trainee__participant_4,camera_target,1,C_kinematics_no_qc_plus_task,elastic_net,3,16.0,17.17395428414246,-1.1739542841424608,1.1739542841424608
DVST_XI_14-16_Feb_2024_14_09.13.16_trainee_4_glove cut_1.csv,trainee,4,trainee__participant_4,glove_cut,1,C_kinematics_no_qc_plus_task,elastic_net,3,23.0,18.870582197689462,4.129417802310538,4.129417802310538
DVST_XI_14-16_Feb_2024_14_09.13.16_trainee_4_ring rollercoaster_1.csv,trainee,4,trainee__participant_4,ring_rollercoaster,1,C_kinematics_no_qc_plus_task,elastic_net,3,14.0,16.129442803143718,-2.129442803143718,2.129442803143718
DVST_XI_14-16_Feb_2024_14_09.13.16_trainee_4_sea spikes_1.csv,trainee,4,trainee__participant_4,sea_spikes,1,C_kinematics_no_qc_plus_task,elastic_net,3,18.0,17.40676639997293,0.5932336000270695,0.5932336000270695
DVST_XI_14-16_Feb_2024_14_09.13.16_trainee_4_suture_1.csv,trainee,4,trainee__participant_4,suture,1,C_kinematics_no_qc_plus_task,elastic_net,3,18.0,18.1126651310766,-0.11266513107660003,0.11266513107660003
DVST_XI_14-16_Feb_2024_16_08.32.59_trainee_2_camera target_2.csv,trainee,2,trainee__participant_2,camera_target,2,C_kinematics_no_qc_plus_task,elastic_net,3,16.0,13.558498282130106,2.441501717869894,2.441501717869894
DVST_XI_14-16_Feb_2024_16_08.32.59_trainee_2_glove cut_2.csv,trainee,2,trainee__participant_2,glove_cut,2,C_kinematics_no_qc_plus_task,elastic_net,3,19.0,18.142764070044418,0.8572359299555821,0.8572359299555821
DVST_XI_14-16_Feb_2024_16_08.32.59_trainee_2_ring rollercoaster_2.csv,trainee,2,trainee__participant_2,ring_rollercoaster,2,C_kinematics_no_qc_plus_task,elastic_net,3,21.0,15.431748610246368,5.568251389753632,5.568251389753632
DVST_XI_14-16_Feb_2024_16_08.32.59_trainee_2_sea spikes_2.csv,trainee,2,trainee__participant_2,sea_spikes,2,C_kinematics_no_qc_plus_task,elastic_net,3,17.0,20.453441156619117,-3.4534411566191174,3.4534411566191174
DVST_XI_14-16_Feb_2024_16_08.32.59_trainee_2_suture_2.csv,trainee,2,trainee__participant_2,suture,2,C_kinematics_no_qc_plus_task,elastic_net,3,22.0,21.45439234532552,0.5456076546744804,0.5456076546744804
DVST_XI_14-16_Feb_2024_16_08.32.59_trainee_4_camera target_2.csv,trainee,4,trainee__participant_4,camera_target,2,C_kinematics_no_qc_plus_task,elastic_net,3,23.0,17.900503007663875,5.099496992336125,5.099496992336125
DVST_XI_19-22_May_2025_22_09.34.36_trainee_40_camera target_2.csv,trainee,40,trainee__participant_40,camera_target,2,C_kinematics_no_qc_plus_task,elastic_net,3,24.0,25.995425201370196,-1.995425201370196,1.995425201370196
DVST_XI_19-22_May_2025_22_09.34.36_trainee_42_camera target_2.csv,trainee,42,trainee__participant_42,camera_target,2,C_kinematics_no_qc_plus_task,elastic_net,3,19.0,-32.32922504732916,51.32922504732916,51.32922504732916
DVST_XI_6-8_Mar_2025_06_10.41.14_trainee_32_camera target_1.csv,trainee,32,trainee__participant_32,camera_target,1,C_kinematics_no_qc_plus_task,elastic_net,3,20.0,21.031482118691063,-1.0314821186910628,1.0314821186910628
DVST_XI_6-8_Mar_2025_06_10.41.14_trainee_32_ring rollercoaster_1.csv,trainee,32,trainee__participant_32,ring_rollercoaster,1,C_kinematics_no_qc_plus_task,elastic_net,3,17.0,17.8814421965327,-0.8814421965326993,0.8814421965326993
DVST_XI_6-8_Mar_2025_06_10.41.14_trainee_32_sea spikes_1.csv,trainee,32,trainee__participant_32,sea_spikes,1,C_kinematics_no_qc_plus_task,elastic_net,3,14.0,23.17142813541912,-9.17142813541912,9.17142813541912
DVST_XI_6-8_Mar_2025_07_11.56.53_trainee_32_glove cut_1.csv,trainee,32,trainee__participant_32,glove_cut,1,C_kinematics_no_qc_plus_task,elastic_net,3,13.0,20.109317250937394,-7.109317250937394,7.109317250937394
DVST_XI_7-11_Mar_2024_08_13.12.17_trainee_11_ring rollercoaster_1.csv,trainee,11,trainee__participant_11,ring_rollercoaster,1,C_kinematics_no_qc_plus_task,elastic_net,3,18.0,17.651989898389687,0.3480101016103134,0.3480101016103134
DVST_XI_7-11_Mar_2024_08_13.12.17_trainee_11_sea spikes_1.csv,trainee,11,trainee__participant_11,sea_spikes,1,C_kinematics_no_qc_plus_task,elastic_net,3,18.0,17.455940770728684,0.5440592292713156,0.5440592292713156
DVST_XI_7-11_Mar_2024_08_13.12.17_trainee_7_ring rollercoaster_1.csv,trainee,7,trainee__participant_7,ring_rollercoaster,1,C_kinematics_no_qc_plus_task,elastic_net,3,15.0,15.810095477371995,-0.8100954773719948,0.8100954773719948
DVST_XI_7-11_Mar_2024_08_13.12.17_trainee_7_sea spikes_1.csv,trainee,7,trainee__participant_7,sea_spikes,1,C_kinematics_no_qc_plus_task,elastic_net,3,19.0,16.407998689798188,2.5920013102018125,2.5920013102018125
DVST_XI_7-11_Mar_2024_09_10.19.01_trainee_11_camera target_1.csv,trainee,11,trainee__participant_11,camera_target,1,C_kinematics_no_qc_plus_task,elastic_net,3,10.0,11.396583397724767,-1.3965833977247666,1.3965833977247666
DVST_XI_7-11_Mar_2024_09_10.19.01_trainee_11_glove cut_1.csv,trainee,11,trainee__participant_11,glove_cut,1,C_kinematics_no_qc_plus_task,elastic_net,3,18.0,16.585640218837636,1.4143597811623643,1.4143597811623643
DVST_XI_7-11_Mar_2024_09_10.19.01_trainee_7_camera target_1.csv,trainee,7,trainee__participant_7,camera_target,1,C_kinematics_no_qc_plus_task,elastic_net,3,17.0,15.692186109090283,1.307813890909717,1.307813890909717
DVST_XI_7-11_Mar_2024_09_10.19.01_trainee_7_glove cut_1.csv,trainee,7,trainee__participant_7,glove_cut,1,C_kinematics_no_qc_plus_task,elastic_net,3,15.0,15.689649679642635,-0.6896496796426348,0.6896496796426348
DVST_XI_7-11_Mar_2024_09_13.46.11_trainee_11_suture_1.csv,trainee,11,trainee__participant_11,suture,1,C_kinematics_no_qc_plus_task,elastic_net,3,18.0,19.42623533884877,-1.4262353388487696,1.4262353388487696
DVST_XI_7-11_Mar_2024_09_13.46.11_trainee_7_suture_1.csv,trainee,7,trainee__participant_7,suture,1,C_kinematics_no_qc_plus_task,elastic_net,3,17.0,18.711173585754032,-1.7111735857540324,1.7111735857540324
DVST_XI_Griffin_29_sep-1_oct_2024_29_09.07.40_trainee_21_camera target_1.csv,trainee,21,trainee__participant_21,camera_target,1,C_kinematics_no_qc_plus_task,elastic_net,3,19.0,21.841958725034345,-2.8419587250343454,2.8419587250343454
DVST_XI_Griffin_29_sep-1_oct_2024_29_09.07.40_trainee_21_suture_1.csv,trainee,21,trainee__participant_21,suture,1,C_kinematics_no_qc_plus_task,elastic_net,3,18.0,20.740091820594266,-2.740091820594266,2.740091820594266
DVST_XI_Griffin_29_sep-1_oct_2024_30_12.18.00_trainee_21_glove cut_2.csv,trainee,21,trainee__participant_21,glove_cut,2,C_kinematics_no_qc_plus_task,elastic_net,3,25.0,19.73390121045535,5.26609878954465,5.26609878954465
DVST_XI_Griffin_29_sep-1_oct_2024_30_12.18.00_trainee_21_ring rollercoaster_2.csv,trainee,21,trainee__participant_21,ring_rollercoaster,2,C_kinematics_no_qc_plus_task,elastic_net,3,22.0,18.32304671552831,3.67695328447169,3.67695328447169
DVST_XI_Griffin_29_sep-1_oct_2024_30_12.18.00_trainee_21_sea spikes_2.csv,trainee,21,trainee__participant_21,sea_spikes,2,C_kinematics_no_qc_plus_task,elastic_net,3,22.0,18.99115934809474,3.0088406519052597,3.0088406519052597
DVST_XI_Griffin_29_sep-1_oct_2024_30_12.18.00_trainee_21_suture_2.csv,trainee,21,trainee__participant_21,suture,2,C_kinematics_no_qc_plus_task,elastic_net,3,23.0,21.82821362424438,1.1717863757556195,1.1717863757556195
DVST_XI_19-22_May_2025_22_09.34.36_trainee_39_camera target_2.csv,trainee,39,trainee__participant_39,camera_target,2,C_kinematics_no_qc_plus_task,elastic_net,4,19.0,24.58259795980262,-5.582597959802619,5.582597959802619
DVST_XI_6-8_Mar_2025_06_10.41.14_trainee_33_camera target_1.csv,trainee,33,trainee__participant_33,camera_target,1,C_kinematics_no_qc_plus_task,elastic_net,4,23.0,21.031098210203254,1.968901789796746,1.968901789796746
DVST_XI_6-8_Mar_2025_06_10.41.14_trainee_33_ring rollercoaster_1.csv,trainee,33,trainee__participant_33,ring_rollercoaster,1,C_kinematics_no_qc_plus_task,elastic_net,4,21.0,19.752596016923682,1.2474039830763175,1.2474039830763175
DVST_XI_6-8_Mar_2025_06_10.41.14_trainee_33_sea spikes_1.csv,trainee,33,trainee__participant_33,sea_spikes,1,C_kinematics_no_qc_plus_task,elastic_net,4,16.0,18.77607807070653,-2.7760780707065287,2.7760780707065287
DVST_XI_6-8_Mar_2025_06_10.41.14_trainee_35_ring rollercoaster_1.csv,trainee,35,trainee__participant_35,ring_rollercoaster,1,C_kinematics_no_qc_plus_task,elastic_net,4,18.0,16.945544609799267,1.054455390200733,1.054455390200733
DVST_XI_6-8_Mar_2025_06_10.41.14_trainee_35_sea spikes_1.csv,trainee,35,trainee__participant_35,sea_spikes,1,C_kinematics_no_qc_plus_task,elastic_net,4,15.0,16.33059143511491,-1.3305914351149113,1.3305914351149113
DVST_XI_6-8_Mar_2025_06_10.41.14_trainee_36_ring rollercoaster_1.csv,trainee,36,trainee__participant_36,ring_rollercoaster,1,C_kinematics_no_qc_plus_task,elastic_net,4,19.0,15.977344975506696,3.0226550244933037,3.0226550244933037
DVST_XI_6-8_Mar_2025_06_10.41.14_trainee_36_sea spikes_1.csv,trainee,36,trainee__participant_36,sea_spikes,1,C_kinematics_no_qc_plus_task,elastic_net,4,16.0,15.976549564496832,0.023450435503168165,0.023450435503168165
DVST_XI_6-8_Mar_2025_07_11.56.53_trainee_33_camera target_2.csv,trainee,33,trainee__participant_33,camera_target,2,C_kinematics_no_qc_plus_task,elastic_net,4,19.0,20.196301970413042,-1.1963019704130424,1.1963019704130424
DVST_XI_6-8_Mar_2025_07_11.56.53_trainee_33_glove cut_1.csv,trainee,33,trainee__participant_33,glove_cut,1,C_kinematics_no_qc_plus_task,elastic_net,4,18.0,18.81870723990652,-0.8187072399065194,0.8187072399065194
DVST_XI_6-8_Mar_2025_07_11.56.53_trainee_33_sea spikes_2.csv,trainee,33,trainee__participant_33,sea_spikes,2,C_kinematics_no_qc_plus_task,elastic_net,4,20.0,18.945598507707498,1.0544014922925022,1.0544014922925022
DVST_XI_6-8_Mar_2025_07_11.56.53_trainee_35_camera target_2.csv,trainee,35,trainee__participant_35,camera_target,2,C_kinematics_no_qc_plus_task,elastic_net,4,18.0,20.745563065719722,-2.745563065719722,2.745563065719722
DVST_XI_6-8_Mar_2025_07_11.56.53_trainee_35_glove cut_1.csv,trainee,35,trainee__participant_35,glove_cut,1,C_kinematics_no_qc_plus_task,elastic_net,4,16.0,19.39034279252809,-3.3903427925280916,3.3903427925280916
DVST_XI_6-8_Mar_2025_07_11.56.53_trainee_35_sea spikes_2.csv,trainee,35,trainee__participant_35,sea_spikes,2,C_kinematics_no_qc_plus_task,elastic_net,4,21.0,20.06669523893759,0.9333047610624092,0.9333047610624092
DVST_XI_6-8_Mar_2025_07_11.56.53_trainee_36_glove cut_1.csv,trainee,36,trainee__participant_36,glove_cut,1,C_kinematics_no_qc_plus_task,elastic_net,4,18.0,18.261533517301803,-0.2615335173018032,0.2615335173018032
DVST_XI_7-11_Jul_2025_10_09.40.17_expert_6_camera target_1.csv,expert,6,expert__participant_6,camera_target,1,C_kinematics_no_qc_plus_task,elastic_net,4,25.0,22.425068562028745,2.574931437971255,2.574931437971255
DVST_XI_7-11_Jul_2025_10_09.40.17_expert_6_suture_1.csv,expert,6,expert__participant_6,suture,1,C_kinematics_no_qc_plus_task,elastic_net,4,26.0,22.455893148639355,3.5441068513606453,3.5441068513606453
DVST_XI_7-11_Mar_2024_08_13.12.17_trainee_10_ring rollercoaster_1.csv,trainee,10,trainee__participant_10,ring_rollercoaster,1,C_kinematics_no_qc_plus_task,elastic_net,4,14.0,18.661019753210862,-4.661019753210862,4.661019753210862
DVST_XI_7-11_Mar_2024_08_13.12.17_trainee_10_sea spikes_1.csv,trainee,10,trainee__participant_10,sea_spikes,1,C_kinematics_no_qc_plus_task,elastic_net,4,22.0,16.18130018045512,5.818699819544879,5.818699819544879
DVST_XI_7-11_Mar_2024_09_10.19.01_trainee_10_camera target_1.csv,trainee,10,trainee__participant_10,camera_target,1,C_kinematics_no_qc_plus_task,elastic_net,4,14.0,20.20685731999772,-6.20685731999772,6.20685731999772
DVST_XI_7-11_Mar_2024_09_10.19.01_trainee_10_glove cut_1.csv,trainee,10,trainee__participant_10,glove_cut,1,C_kinematics_no_qc_plus_task,elastic_net,4,18.0,15.494071560046407,2.5059284399535926,2.5059284399535926
DVST_XI_7-11_Mar_2024_09_13.46.11_trainee_10_suture_1.csv,trainee,10,trainee__participant_10,suture,1,C_kinematics_no_qc_plus_task,elastic_net,4,19.0,19.4631861099606,-0.46318610996059917,0.46318610996059917
DVST_XI_Griffin_16-19_07_2024_16_08.46.09_trainee_16_glove cut_1.csv,trainee,16,trainee__participant_16,glove_cut,1,C_kinematics_no_qc_plus_task,elastic_net,4,15.0,18.225669232082033,-3.2256692320820335,3.2256692320820335
DVST_XI_Griffin_16-19_07_2024_16_08.46.09_trainee_16_ring rollercoaster_1.csv,trainee,16,trainee__participant_16,ring_rollercoaster,1,C_kinematics_no_qc_plus_task,elastic_net,4,20.0,18.606406534177715,1.3935934658222848,1.3935934658222848
DVST_XI_Griffin_16-19_07_2024_16_08.46.09_trainee_16_sea spikes_1.csv,trainee,16,trainee__participant_16,sea_spikes,1,C_kinematics_no_qc_plus_task,elastic_net,4,16.0,17.899052307878712,-1.899052307878712,1.899052307878712
DVST_XI_Griffin_16-19_07_2024_16_08.46.09_trainee_16_suture_1.csv,trainee,16,trainee__participant_16,suture,1,C_kinematics_no_qc_plus_task,elastic_net,4,21.0,17.92311318051525,3.0768868194847485,3.0768868194847485
DVST_XI_Griffin_16-19_07_2024_17_12.20.23_trainee_16_camera target_1.csv,trainee,16,trainee__participant_16,camera_target,1,C_kinematics_no_qc_plus_task,elastic_net,4,23.0,19.72446852817693,3.2755314718230686,3.2755314718230686
DVST_XI_Griffin_16-19_07_2024_17_12.20.23_trainee_16_ring rollercoaster_2.csv,trainee,16,trainee__participant_16,ring_rollercoaster,2,C_kinematics_no_qc_plus_task,elastic_net,4,23.0,19.413241161561615,3.586758838438385,3.586758838438385
DVST_XI_Griffin_16-19_07_2024_18_08.46.52_trainee_16_sea spikes_2.csv,trainee,16,trainee__participant_16,sea_spikes,2,C_kinematics_no_qc_plus_task,elastic_net,4,21.0,20.450134029670426,0.5498659703295736,0.5498659703295736
DVST_XI_Griffin_16-19_07_2024_18_08.46.52_trainee_16_suture_2.csv,trainee,16,trainee__participant_16,suture,2,C_kinematics_no_qc_plus_task,elastic_net,4,29.0,21.351192905126336,7.648807094873664,7.648807094873664
DVST_XI_Griffin_16-19_07_2024_19_09.39.41_trainee_16_camera target_2.csv,trainee,16,trainee__participant_16,camera_target,2,C_kinematics_no_qc_plus_task,elastic_net,4,23.0,21.596463372791796,1.4035366272082044,1.4035366272082044
DVST_XI_Griffin_16-19_07_2024_19_09.39.41_trainee_16_glove cut_2.csv,trainee,16,trainee__participant_16,glove_cut,2,C_kinematics_no_qc_plus_task,elastic_net,4,24.0,18.601935298214304,5.398064701785696,5.398064701785696
DVST_XI_Griffin_29_sep-1_oct_2024_29_09.07.40_trainee_18_camera target_1.csv,trainee,18,trainee__participant_18,camera_target,1,C_kinematics_no_qc_plus_task,elastic_net,4,19.0,17.510047614839483,1.4899523851605174,1.4899523851605174
DVST_XI_Griffin_29_sep-1_oct_2024_29_09.07.40_trainee_18_suture_1.csv,trainee,18,trainee__participant_18,suture,1,C_kinematics_no_qc_plus_task,elastic_net,4,12.0,18.859076958801463,-6.859076958801463,6.859076958801463
DVST_XI_Griffin_29_sep-1_oct_2024_30_12.18.00_trainee_18_glove cut_2.csv,trainee,18,trainee__participant_18,glove_cut,2,C_kinematics_no_qc_plus_task,elastic_net,4,22.0,20.392459570240334,1.6075404297596663,1.6075404297596663
DVST_XI_Griffin_29_sep-1_oct_2024_30_12.18.00_trainee_18_ring rollercoaster_2.csv,trainee,18,trainee__participant_18,ring_rollercoaster,2,C_kinematics_no_qc_plus_task,elastic_net,4,24.0,19.606426300819766,4.393573699180234,4.393573699180234
DVST_XI_Griffin_29_sep-1_oct_2024_30_12.18.00_trainee_18_sea spikes_2.csv,trainee,18,trainee__participant_18,sea_spikes,2,C_kinematics_no_qc_plus_task,elastic_net,4,22.0,20.306675650043235,1.6933243499567645,1.6933243499567645
DVST_XI_Griffin_29_sep-1_oct_2024_30_12.18.00_trainee_18_suture_2.csv,trainee,18,trainee__participant_18,suture,2,C_kinematics_no_qc_plus_task,elastic_net,4,22.0,20.890435760856462,1.1095642391435376,1.1095642391435376
DVST_XI_10-13_Nov_2025_12_10.36.46_expert_9_camera target_1.csv,expert,9,expert__participant_9,camera_target,1,C_kinematics_no_qc_plus_task,elastic_net,5,28.0,23.16686672806013,4.833133271939872,4.833133271939872
DVST_XI_10-13_Nov_2025_12_10.36.46_expert_9_glove cut_1.csv,expert,9,expert__participant_9,glove_cut,1,C_kinematics_no_qc_plus_task,elastic_net,5,29.0,21.68580124936279,7.31419875063721,7.31419875063721
DVST_XI_10-13_Nov_2025_12_10.36.46_expert_9_ring rollercoaster_1.csv,expert,9,expert__participant_9,ring_rollercoaster,1,C_kinematics_no_qc_plus_task,elastic_net,5,29.0,21.683471183791795,7.316528816208205,7.316528816208205
DVST_XI_10-13_Nov_2025_12_10.36.46_expert_9_sea spikes_1.csv,expert,9,expert__participant_9,sea_spikes,1,C_kinematics_no_qc_plus_task,elastic_net,5,29.0,21.73971618296264,7.260283817037362,7.260283817037362
DVST_XI_10-13_Nov_2025_12_10.36.46_expert_9_suture_1.csv,expert,9,expert__participant_9,suture,1,C_kinematics_no_qc_plus_task,elastic_net,5,28.0,22.537734748925292,5.462265251074708,5.462265251074708
DVST_XI_19-22_May_2025_21_09.43.23_expert_5_camera target_1.csv,expert,5,expert__participant_5,camera_target,1,C_kinematics_no_qc_plus_task,elastic_net,5,30.0,21.552784676856913,8.447215323143087,8.447215323143087
DVST_XI_19-22_May_2025_21_09.43.23_expert_5_suture_1.csv,expert,5,expert__participant_5,suture,1,C_kinematics_no_qc_plus_task,elastic_net,5,29.0,21.167470526506577,7.832529473493423,7.832529473493423
DVST_XI_19-22_May_2025_22_09.34.36_trainee_38_camera target_2.csv,trainee,38,trainee__participant_38,camera_target,2,C_kinematics_no_qc_plus_task,elastic_net,5,22.0,23.95290452788175,-1.9529045278817492,1.9529045278817492
DVST_XI_6-8_Mar_2025_06_10.41.14_trainee_31_ring rollercoaster_1.csv,trainee,31,trainee__participant_31,ring_rollercoaster,1,C_kinematics_no_qc_plus_task,elastic_net,5,15.0,19.378463888214267,-4.378463888214267,4.378463888214267
DVST_XI_6-8_Mar_2025_06_10.41.14_trainee_31_sea spikes_1.csv,trainee,31,trainee__participant_31,sea_spikes,1,C_kinematics_no_qc_plus_task,elastic_net,5,13.0,19.077056918679453,-6.077056918679453,6.077056918679453
DVST_XI_6-8_Mar_2025_07_11.56.53_trainee_31_glove cut_1.csv,trainee,31,trainee__participant_31,glove_cut,1,C_kinematics_no_qc_plus_task,elastic_net,5,16.0,18.55770492011675,-2.5577049201167483,2.5577049201167483
DVST_XI_7-11_Mar_2024_08_13.12.17_trainee_9_ring rollercoaster_1.csv,trainee,9,trainee__participant_9,ring_rollercoaster,1,C_kinematics_no_qc_plus_task,elastic_net,5,14.0,18.3389371019084,-4.3389371019083995,4.3389371019083995
DVST_XI_7-11_Mar_2024_08_13.12.17_trainee_9_sea spikes_1.csv,trainee,9,trainee__participant_9,sea_spikes,1,C_kinematics_no_qc_plus_task,elastic_net,5,18.0,16.89685550297419,1.1031444970258093,1.1031444970258093
DVST_XI_7-11_Mar_2024_09_10.19.01_trainee_9_camera target_1.csv,trainee,9,trainee__participant_9,camera_target,1,C_kinematics_no_qc_plus_task,elastic_net,5,19.0,18.514391089191797,0.4856089108082031,0.4856089108082031
DVST_XI_7-11_Mar_2024_09_10.19.01_trainee_9_glove cut_1.csv,trainee,9,trainee__participant_9,glove_cut,1,C_kinematics_no_qc_plus_task,elastic_net,5,18.0,17.476764182737252,0.5232358172627478,0.5232358172627478
DVST_XI_7-11_Mar_2024_09_13.46.11_trainee_9_suture_1.csv,trainee,9,trainee__participant_9,suture,1,C_kinematics_no_qc_plus_task,elastic_net,5,16.0,18.673529650729463,-2.6735296507294635,2.6735296507294635
DVST_XI_Griffin_16-19_07_2024_16_08.46.09_trainee_14_glove cut_1.csv,trainee,14,trainee__participant_14,glove_cut,1,C_kinematics_no_qc_plus_task,elastic_net,5,11.0,18.836713477142286,-7.836713477142286,7.836713477142286
DVST_XI_Griffin_16-19_07_2024_16_08.46.09_trainee_14_ring rollercoaster_1.csv,trainee,14,trainee__participant_14,ring_rollercoaster,1,C_kinematics_no_qc_plus_task,elastic_net,5,16.0,19.80360973384382,-3.803609733843821,3.803609733843821
DVST_XI_Griffin_16-19_07_2024_16_08.46.09_trainee_14_sea spikes_1.csv,trainee,14,trainee__participant_14,sea_spikes,1,C_kinematics_no_qc_plus_task,elastic_net,5,12.0,15.828179893556785,-3.8281798935567846,3.8281798935567846
DVST_XI_Griffin_16-19_07_2024_16_08.46.09_trainee_14_suture_1.csv,trainee,14,trainee__participant_14,suture,1,C_kinematics_no_qc_plus_task,elastic_net,5,15.0,19.74698084737826,-4.746980847378261,4.746980847378261
DVST_XI_Griffin_16-19_07_2024_17_12.20.23_trainee_13_camera target_1.csv,trainee,13,trainee__participant_13,camera_target,1,C_kinematics_no_qc_plus_task,elastic_net,5,19.0,19.788030916535593,-0.7880309165355932,0.7880309165355932
DVST_XI_Griffin_16-19_07_2024_17_12.20.23_trainee_13_glove cut_1.csv,trainee,13,trainee__participant_13,glove_cut,1,C_kinematics_no_qc_plus_task,elastic_net,5,23.0,18.59574772453148,4.404252275468519,4.404252275468519
DVST_XI_Griffin_16-19_07_2024_17_12.20.23_trainee_13_ring rollercoaster_1.csv,trainee,13,trainee__participant_13,ring_rollercoaster,1,C_kinematics_no_qc_plus_task,elastic_net,5,17.0,19.603005579802197,-2.603005579802197,2.603005579802197
DVST_XI_Griffin_16-19_07_2024_17_12.20.23_trainee_13_ring rollercoaster_2.csv,trainee,13,trainee__participant_13,ring_rollercoaster,2,C_kinematics_no_qc_plus_task,elastic_net,5,22.0,20.991840905959243,1.0081590940407565,1.0081590940407565
DVST_XI_Griffin_16-19_07_2024_17_12.20.23_trainee_13_sea spikes_1.csv,trainee,13,trainee__participant_13,sea_spikes,1,C_kinematics_no_qc_plus_task,elastic_net,5,17.0,20.01246439123436,-3.01246439123436,3.01246439123436
DVST_XI_Griffin_16-19_07_2024_17_12.20.23_trainee_13_suture_1.csv,trainee,13,trainee__participant_13,suture,1,C_kinematics_no_qc_plus_task,elastic_net,5,23.0,20.205297268348993,2.7947027316510074,2.7947027316510074
DVST_XI_Griffin_16-19_07_2024_17_12.20.23_trainee_14_camera target_1.csv,trainee,14,trainee__participant_14,camera_target,1,C_kinematics_no_qc_plus_task,elastic_net,5,14.0,17.14587015872529,-3.145870158725291,3.145870158725291
DVST_XI_Griffin_16-19_07_2024_18_08.46.52_trainee_13_sea spikes_2.csv,trainee,13,trainee__participant_13,sea_spikes,2,C_kinematics_no_qc_plus_task,elastic_net,5,21.0,21.56253385109312,-0.5625338510931215,0.5625338510931215
DVST_XI_Griffin_16-19_07_2024_18_08.46.52_trainee_13_suture_2.csv,trainee,13,trainee__participant_13,suture,2,C_kinematics_no_qc_plus_task,elastic_net,5,28.0,21.511892474259668,6.4881075257403324,6.4881075257403324
DVST_XI_Griffin_16-19_07_2024_18_08.46.52_trainee_14_sea spikes_2.csv,trainee,14,trainee__participant_14,sea_spikes,2,C_kinematics_no_qc_plus_task,elastic_net,5,20.0,20.1498501158116,-0.14985011581159924,0.14985011581159924
DVST_XI_Griffin_16-19_07_2024_18_08.46.52_trainee_14_suture_2.csv,trainee,14,trainee__participant_14,suture,2,C_kinematics_no_qc_plus_task,elastic_net,5,29.0,23.069627654997042,5.930372345002958,5.930372345002958
DVST_XI_Griffin_16-19_07_2024_19_09.39.41_trainee_13_camera target_2.csv,trainee,13,trainee__participant_13,camera_target,2,C_kinematics_no_qc_plus_task,elastic_net,5,17.0,21.598811363186595,-4.598811363186595,4.598811363186595
DVST_XI_Griffin_16-19_07_2024_19_09.39.41_trainee_14_glove cut_2.csv,trainee,14,trainee__participant_14,glove_cut,2,C_kinematics_no_qc_plus_task,elastic_net,5,18.0,19.19487789762988,-1.1948778976298797,1.1948778976298797
DVST_XI_Griffin_29_sep-1_oct_2024_29_09.07.40_trainee_20_camera target_1.csv,trainee,20,trainee__participant_20,camera_target,1,C_kinematics_no_qc_plus_task,elastic_net,5,15.0,16.090865710210384,-1.0908657102103838,1.0908657102103838
DVST_XI_Griffin_29_sep-1_oct_2024_29_09.07.40_trainee_20_suture_1.csv,trainee,20,trainee__participant_20,suture,1,C_kinematics_no_qc_plus_task,elastic_net,5,13.0,16.90021489704517,-3.9002148970451707,3.9002148970451707
DVST_XI_Griffin_29_sep-1_oct_2024_30_12.18.00_trainee_20_glove cut_2.csv,trainee,20,trainee__participant_20,glove_cut,2,C_kinematics_no_qc_plus_task,elastic_net,5,17.0,20.034459499124317,-3.034459499124317,3.034459499124317
DVST_XI_Griffin_29_sep-1_oct_2024_30_12.18.00_trainee_20_ring rollercoaster_2.csv,trainee,20,trainee__participant_20,ring_rollercoaster,2,C_kinematics_no_qc_plus_task,elastic_net,5,21.0,19.63929337280376,1.3607066271962402,1.3607066271962402
DVST_XI_Griffin_29_sep-1_oct_2024_30_12.18.00_trainee_20_sea spikes_2.csv,trainee,20,trainee__participant_20,sea_spikes,2,C_kinematics_no_qc_plus_task,elastic_net,5,21.0,20.735071019093734,0.2649289809062658,0.2649289809062658
