file_name,role,participant_id,participant_group,task_clean,trial,experiment,model,cv_fold,y_true,y_pred,residual,absolute_error
DVST_XI_11-14_Aug_2025_14_10.45.28_expert_8_camera target_1.csv,expert,8,expert__participant_8,camera_target,1,A_kinematics_all,ridge,1,28.0,23.954960309158103,4.045039690841897,4.045039690841897
DVST_XI_11-14_Aug_2025_14_10.45.28_expert_8_glove cut_1.csv,expert,8,expert__participant_8,glove_cut,1,A_kinematics_all,ridge,1,24.0,23.27615961108547,0.7238403889145317,0.7238403889145317
DVST_XI_11-14_Aug_2025_14_10.45.28_expert_8_ring rollercoaster_1.csv,expert,8,expert__participant_8,ring_rollercoaster,1,A_kinematics_all,ridge,1,24.0,23.864139110345317,0.13586088965468335,0.13586088965468335
DVST_XI_11-14_Aug_2025_14_10.45.28_expert_8_sea spikes_1.csv,expert,8,expert__participant_8,sea_spikes,1,A_kinematics_all,ridge,1,22.0,21.224202206064938,0.7757977939350624,0.7757977939350624
DVST_XI_11-14_Aug_2025_14_10.45.28_expert_8_suture_1.csv,expert,8,expert__participant_8,suture,1,A_kinematics_all,ridge,1,29.0,27.559941967815146,1.4400580321848544,1.4400580321848544
DVST_XI_14-16_Feb_2024_14_09.13.16_trainee_2_camera target_1.csv,trainee,2,trainee__participant_2,camera_target,1,A_kinematics_all,ridge,1,17.0,14.68285134233842,2.31714865766158,2.31714865766158
DVST_XI_14-16_Feb_2024_14_09.13.16_trainee_2_glove cut_1.csv,trainee,2,trainee__participant_2,glove_cut,1,A_kinematics_all,ridge,1,13.0,19.342952500698487,-6.3429525006984875,6.3429525006984875
DVST_XI_14-16_Feb_2024_14_09.13.16_trainee_2_ring rollercoaster_1.csv,trainee,2,trainee__participant_2,ring_rollercoaster,1,A_kinematics_all,ridge,1,14.0,15.775839620046343,-1.7758396200463427,1.7758396200463427
DVST_XI_14-16_Feb_2024_14_09.13.16_trainee_2_sea spikes_1.csv,trainee,2,trainee__participant_2,sea_spikes,1,A_kinematics_all,ridge,1,15.0,17.809532479030715,-2.8095324790307146,2.8095324790307146
DVST_XI_14-16_Feb_2024_14_09.13.16_trainee_5_camera target_1.csv,trainee,5,trainee__participant_5,camera_target,1,A_kinematics_all,ridge,1,7.0,12.962780701531674,-5.962780701531674,5.962780701531674
DVST_XI_14-16_Feb_2024_14_09.13.16_trainee_5_glove cut_1.csv,trainee,5,trainee__participant_5,glove_cut,1,A_kinematics_all,ridge,1,11.0,14.04061511114725,-3.0406151111472504,3.0406151111472504
DVST_XI_14-16_Feb_2024_14_09.13.16_trainee_5_ring rollercoaster_1.csv,trainee,5,trainee__participant_5,ring_rollercoaster,1,A_kinematics_all,ridge,1,17.0,12.0584434022863,4.941556597713699,4.941556597713699
DVST_XI_14-16_Feb_2024_14_09.13.16_trainee_5_sea spikes_1.csv,trainee,5,trainee__participant_5,sea_spikes,1,A_kinematics_all,ridge,1,16.0,15.162521612865838,0.837478387134162,0.837478387134162
DVST_XI_14-16_Feb_2024_14_09.13.16_trainee_5_suture_1.csv,trainee,5,trainee__participant_5,suture,1,A_kinematics_all,ridge,1,16.0,16.2427866964957,-0.24278669649569906,0.24278669649569906
DVST_XI_14-16_Feb_2024_16_08.32.59_trainee_2_camera target_2.csv,trainee,2,trainee__participant_2,camera_target,2,A_kinematics_all,ridge,1,16.0,18.79978911414174,-2.7997891141417384,2.7997891141417384
DVST_XI_14-16_Feb_2024_16_08.32.59_trainee_2_glove cut_2.csv,trainee,2,trainee__participant_2,glove_cut,2,A_kinematics_all,ridge,1,19.0,17.806528027588822,1.193471972411178,1.193471972411178
DVST_XI_14-16_Feb_2024_16_08.32.59_trainee_2_ring rollercoaster_2.csv,trainee,2,trainee__participant_2,ring_rollercoaster,2,A_kinematics_all,ridge,1,21.0,15.63444260391325,5.36555739608675,5.36555739608675
DVST_XI_14-16_Feb_2024_16_08.32.59_trainee_2_sea spikes_2.csv,trainee,2,trainee__participant_2,sea_spikes,2,A_kinematics_all,ridge,1,17.0,19.561773715322886,-2.561773715322886,2.561773715322886
DVST_XI_14-16_Feb_2024_16_08.32.59_trainee_2_suture_2.csv,trainee,2,trainee__participant_2,suture,2,A_kinematics_all,ridge,1,22.0,21.568486457071266,0.4315135429287338,0.4315135429287338
DVST_XI_14-16_Feb_2024_16_08.32.59_trainee_5_camera target_2.csv,trainee,5,trainee__participant_5,camera_target,2,A_kinematics_all,ridge,1,21.0,20.341801968128376,0.6581980318716241,0.6581980318716241
DVST_XI_14-16_Feb_2024_16_08.32.59_trainee_5_glove cut_2.csv,trainee,5,trainee__participant_5,glove_cut,2,A_kinematics_all,ridge,1,19.0,15.918593829990003,3.0814061700099966,3.0814061700099966
DVST_XI_14-16_Feb_2024_16_08.32.59_trainee_5_ring rollercoaster_2.csv,trainee,5,trainee__participant_5,ring_rollercoaster,2,A_kinematics_all,ridge,1,23.0,13.99453371810126,9.00546628189874,9.00546628189874
DVST_XI_14-16_Feb_2024_16_08.32.59_trainee_5_sea spikes_2.csv,trainee,5,trainee__participant_5,sea_spikes,2,A_kinematics_all,ridge,1,21.0,19.930363242394797,1.0696367576052026,1.0696367576052026
DVST_XI_14-16_Feb_2024_16_08.32.59_trainee_5_suture_2.csv,trainee,5,trainee__participant_5,suture,2,A_kinematics_all,ridge,1,21.0,18.030450686546047,2.9695493134539532,2.9695493134539532
DVST_XI_6-8_Mar_2025_06_10.41.14_trainee_31_ring rollercoaster_1.csv,trainee,31,trainee__participant_31,ring_rollercoaster,1,A_kinematics_all,ridge,1,15.0,17.65590487019497,-2.65590487019497,2.65590487019497
DVST_XI_6-8_Mar_2025_06_10.41.14_trainee_31_sea spikes_1.csv,trainee,31,trainee__participant_31,sea_spikes,1,A_kinematics_all,ridge,1,13.0,17.39848143431384,-4.39848143431384,4.39848143431384
DVST_XI_6-8_Mar_2025_06_10.41.14_trainee_36_ring rollercoaster_1.csv,trainee,36,trainee__participant_36,ring_rollercoaster,1,A_kinematics_all,ridge,1,19.0,15.095573740146403,3.9044262598535973,3.9044262598535973
DVST_XI_6-8_Mar_2025_06_10.41.14_trainee_36_sea spikes_1.csv,trainee,36,trainee__participant_36,sea_spikes,1,A_kinematics_all,ridge,1,16.0,15.127578080272887,0.8724219197271132,0.8724219197271132
DVST_XI_6-8_Mar_2025_07_11.56.53_expert_1_camera target_1.csv,expert,1,expert__participant_1,camera_target,1,A_kinematics_all,ridge,1,26.0,25.22497947351858,0.7750205264814198,0.7750205264814198
DVST_XI_6-8_Mar_2025_07_11.56.53_expert_1_glove cut_1.csv,expert,1,expert__participant_1,glove_cut,1,A_kinematics_all,ridge,1,20.0,23.46026300717456,-3.460263007174561,3.460263007174561
DVST_XI_6-8_Mar_2025_07_11.56.53_expert_1_ring rollercoaster_1.csv,expert,1,expert__participant_1,ring_rollercoaster,1,A_kinematics_all,ridge,1,21.0,23.313401930035454,-2.313401930035454,2.313401930035454
DVST_XI_6-8_Mar_2025_07_11.56.53_expert_1_sea spikes_1.csv,expert,1,expert__participant_1,sea_spikes,1,A_kinematics_all,ridge,1,23.0,23.679098151306484,-0.6790981513064835,0.6790981513064835
DVST_XI_6-8_Mar_2025_07_11.56.53_expert_1_suture_1.csv,expert,1,expert__participant_1,suture,1,A_kinematics_all,ridge,1,26.0,25.40263303121431,0.5973669687856891,0.5973669687856891
DVST_XI_6-8_Mar_2025_07_11.56.53_trainee_31_glove cut_1.csv,trainee,31,trainee__participant_31,glove_cut,1,A_kinematics_all,ridge,1,16.0,17.9432309531531,-1.9432309531531011,1.9432309531531011
DVST_XI_6-8_Mar_2025_07_11.56.53_trainee_36_glove cut_1.csv,trainee,36,trainee__participant_36,glove_cut,1,A_kinematics_all,ridge,1,18.0,19.192193720289655,-1.192193720289655,1.192193720289655
DVST_XI_7-11_Mar_2024_08_13.12.17_trainee_11_ring rollercoaster_1.csv,trainee,11,trainee__participant_11,ring_rollercoaster,1,A_kinematics_all,ridge,1,18.0,17.227836189653473,0.7721638103465267,0.7721638103465267
DVST_XI_7-11_Mar_2024_08_13.12.17_trainee_11_sea spikes_1.csv,trainee,11,trainee__participant_11,sea_spikes,1,A_kinematics_all,ridge,1,18.0,19.387652806071376,-1.387652806071376,1.387652806071376
DVST_XI_7-11_Mar_2024_09_10.19.01_trainee_11_camera target_1.csv,trainee,11,trainee__participant_11,camera_target,1,A_kinematics_all,ridge,1,10.0,11.35485681512184,-1.35485681512184,1.35485681512184
DVST_XI_7-11_Mar_2024_09_10.19.01_trainee_11_glove cut_1.csv,trainee,11,trainee__participant_11,glove_cut,1,A_kinematics_all,ridge,1,18.0,18.013905635958167,-0.013905635958167295,0.013905635958167295
DVST_XI_7-11_Mar_2024_09_13.46.11_trainee_11_suture_1.csv,trainee,11,trainee__participant_11,suture,1,A_kinematics_all,ridge,1,18.0,19.500803095349525,-1.500803095349525,1.500803095349525
DVST_XI_7-11_Mar_2024_10_08.59.30_trainee_11_ring rollercoaster_2.csv,trainee,11,trainee__participant_11,ring_rollercoaster,2,A_kinematics_all,ridge,1,16.0,17.205658781898883,-1.205658781898883,1.205658781898883
DVST_XI_7-11_Mar_2024_10_08.59.30_trainee_11_sea spikes_2.csv,trainee,11,trainee__participant_11,sea_spikes,2,A_kinematics_all,ridge,1,18.0,20.422409748029665,-2.422409748029665,2.422409748029665
DVST_XI_Griffin_29_sep-1_oct_2024_01_10.39.05_trainee_17_camera target_2.csv,trainee,17,trainee__participant_17,camera_target,2,A_kinematics_all,ridge,1,22.0,24.373929003331657,-2.373929003331657,2.373929003331657
DVST_XI_Griffin_29_sep-1_oct_2024_29_09.07.40_trainee_17_camera target_1.csv,trainee,17,trainee__participant_17,camera_target,1,A_kinematics_all,ridge,1,23.0,14.10058245830746,8.89941754169254,8.89941754169254
DVST_XI_Griffin_29_sep-1_oct_2024_29_09.07.40_trainee_17_suture_1.csv,trainee,17,trainee__participant_17,suture,1,A_kinematics_all,ridge,1,15.0,377.6661321013095,-362.6661321013095,362.6661321013095
DVST_XI_Griffin_29_sep-1_oct_2024_30_12.18.00_trainee_17_glove cut_2.csv,trainee,17,trainee__participant_17,glove_cut,2,A_kinematics_all,ridge,1,22.0,20.672135218306288,1.3278647816937124,1.3278647816937124
DVST_XI_Griffin_29_sep-1_oct_2024_30_12.18.00_trainee_17_ring rollercoaster_2.csv,trainee,17,trainee__participant_17,ring_rollercoaster,2,A_kinematics_all,ridge,1,22.0,21.1050342116001,0.8949657883999009,0.8949657883999009
DVST_XI_Griffin_29_sep-1_oct_2024_30_12.18.00_trainee_17_sea spikes_2.csv,trainee,17,trainee__participant_17,sea_spikes,2,A_kinematics_all,ridge,1,22.0,22.203257299901185,-0.20325729990118546,0.20325729990118546
DVST_XI_11-14_Aug_2025_13_11.33.24_expert_7_camera target_1.csv,expert,7,expert__participant_7,camera_target,1,A_kinematics_all,ridge,2,28.0,25.022785575855004,2.9772144241449965,2.9772144241449965
DVST_XI_11-14_Aug_2025_13_11.33.24_expert_7_glove cut_1.csv,expert,7,expert__participant_7,glove_cut,1,A_kinematics_all,ridge,2,25.0,21.684253570196397,3.3157464298036032,3.3157464298036032
DVST_XI_11-14_Aug_2025_13_11.33.24_expert_7_ring rollercoaster_1.csv,expert,7,expert__participant_7,ring_rollercoaster,1,A_kinematics_all,ridge,2,20.0,21.953410582655817,-1.9534105826558168,1.9534105826558168
DVST_XI_11-14_Aug_2025_13_11.33.24_expert_7_sea spikes_1.csv,expert,7,expert__participant_7,sea_spikes,1,A_kinematics_all,ridge,2,20.0,21.544239392279522,-1.544239392279522,1.544239392279522
DVST_XI_11-14_Aug_2025_13_11.33.24_expert_7_suture_1.csv,expert,7,expert__participant_7,suture,1,A_kinematics_all,ridge,2,29.0,23.387465734350236,5.612534265649764,5.612534265649764
DVST_XI_14-16_Feb_2024_14_09.13.16_trainee_4_camera target_1.csv,trainee,4,trainee__participant_4,camera_target,1,A_kinematics_all,ridge,2,16.0,16.85742272533757,-0.857422725337571,0.857422725337571
DVST_XI_14-16_Feb_2024_14_09.13.16_trainee_4_glove cut_1.csv,trainee,4,trainee__participant_4,glove_cut,1,A_kinematics_all,ridge,2,23.0,18.40235729510065,4.59764270489935,4.59764270489935
DVST_XI_14-16_Feb_2024_14_09.13.16_trainee_4_ring rollercoaster_1.csv,trainee,4,trainee__participant_4,ring_rollercoaster,1,A_kinematics_all,ridge,2,14.0,17.45946149305975,-3.4594614930597487,3.4594614930597487
DVST_XI_14-16_Feb_2024_14_09.13.16_trainee_4_sea spikes_1.csv,trainee,4,trainee__participant_4,sea_spikes,1,A_kinematics_all,ridge,2,18.0,18.133571680527364,-0.13357168052736412,0.13357168052736412
DVST_XI_14-16_Feb_2024_14_09.13.16_trainee_4_suture_1.csv,trainee,4,trainee__participant_4,suture,1,A_kinematics_all,ridge,2,18.0,18.837133693188008,-0.837133693188008,0.837133693188008
DVST_XI_14-16_Feb_2024_16_08.32.59_trainee_4_camera target_2.csv,trainee,4,trainee__participant_4,camera_target,2,A_kinematics_all,ridge,2,23.0,18.799860920350426,4.200139079649574,4.200139079649574
DVST_XI_14-16_Feb_2024_16_08.32.59_trainee_4_glove cut_2.csv,trainee,4,trainee__participant_4,glove_cut,2,A_kinematics_all,ridge,2,24.0,18.5868437148962,5.413156285103799,5.413156285103799
DVST_XI_14-16_Feb_2024_16_08.32.59_trainee_4_ring rollercoaster_2.csv,trainee,4,trainee__participant_4,ring_rollercoaster,2,A_kinematics_all,ridge,2,24.0,18.60927321125562,5.390726788744381,5.390726788744381
DVST_XI_14-16_Feb_2024_16_08.32.59_trainee_4_sea spikes_2.csv,trainee,4,trainee__participant_4,sea_spikes,2,A_kinematics_all,ridge,2,24.0,19.09530861919763,4.904691380802369,4.904691380802369
DVST_XI_14-16_Feb_2024_16_08.32.59_trainee_4_suture_2.csv,trainee,4,trainee__participant_4,suture,2,A_kinematics_all,ridge,2,22.0,20.57549007623088,1.4245099237691186,1.4245099237691186
DVST_XI_19-22_May_2025_22_09.34.36_trainee_38_camera target_2.csv,trainee,38,trainee__participant_38,camera_target,2,A_kinematics_all,ridge,2,22.0,25.121040909957546,-3.1210409099575465,3.1210409099575465
DVST_XI_19-22_May_2025_22_09.34.36_trainee_38_glove cut_2.csv,trainee,38,trainee__participant_38,glove_cut,2,A_kinematics_all,ridge,2,18.0,21.95210988825506,-3.952109888255059,3.952109888255059
DVST_XI_19-22_May_2025_22_09.34.36_trainee_42_camera target_2.csv,trainee,42,trainee__participant_42,camera_target,2,A_kinematics_all,ridge,2,19.0,19.827244623443917,-0.8272446234439172,0.8272446234439172
DVST_XI_19-22_May_2025_22_09.34.36_trainee_42_glove cut_2.csv,trainee,42,trainee__participant_42,glove_cut,2,A_kinematics_all,ridge,2,16.0,19.735265302202475,-3.7352653022024747,3.7352653022024747
DVST_XI_6-8_Mar_2025_06_10.41.14_trainee_34_camera target_1.csv,trainee,34,trainee__participant_34,camera_target,1,A_kinematics_all,ridge,2,18.0,20.080064667856302,-2.080064667856302,2.080064667856302
DVST_XI_6-8_Mar_2025_06_10.41.14_trainee_34_ring rollercoaster_1.csv,trainee,34,trainee__participant_34,ring_rollercoaster,1,A_kinematics_all,ridge,2,14.0,14.539153417211475,-0.5391534172114749,0.5391534172114749
DVST_XI_6-8_Mar_2025_06_10.41.14_trainee_34_sea spikes_1.csv,trainee,34,trainee__participant_34,sea_spikes,1,A_kinematics_all,ridge,2,14.0,15.060267226196164,-1.0602672261961636,1.0602672261961636
DVST_XI_6-8_Mar_2025_06_10.41.14_trainee_35_ring rollercoaster_1.csv,trainee,35,trainee__participant_35,ring_rollercoaster,1,A_kinematics_all,ridge,2,18.0,17.37626936863819,0.6237306313618092,0.6237306313618092
DVST_XI_6-8_Mar_2025_06_10.41.14_trainee_35_sea spikes_1.csv,trainee,35,trainee__participant_35,sea_spikes,1,A_kinematics_all,ridge,2,15.0,17.486081789136534,-2.4860817891365343,2.4860817891365343
DVST_XI_6-8_Mar_2025_07_11.56.53_trainee_34_glove cut_1.csv,trainee,34,trainee__participant_34,glove_cut,1,A_kinematics_all,ridge,2,12.0,13.66607278480689,-1.6660727848068895,1.6660727848068895
DVST_XI_6-8_Mar_2025_07_11.56.53_trainee_35_camera target_2.csv,trainee,35,trainee__participant_35,camera_target,2,A_kinematics_all,ridge,2,18.0,21.0984416327277,-3.098441632727699,3.098441632727699
DVST_XI_6-8_Mar_2025_07_11.56.53_trainee_35_glove cut_1.csv,trainee,35,trainee__participant_35,glove_cut,1,A_kinematics_all,ridge,2,16.0,19.53226906969455,-3.53226906969455,3.53226906969455
DVST_XI_6-8_Mar_2025_07_11.56.53_trainee_35_sea spikes_2.csv,trainee,35,trainee__participant_35,sea_spikes,2,A_kinematics_all,ridge,2,21.0,20.229081206505278,0.7709187934947224,0.7709187934947224
DVST_XI_Griffin_16-19_07_2024_16_08.46.09_trainee_14_glove cut_1.csv,trainee,14,trainee__participant_14,glove_cut,1,A_kinematics_all,ridge,2,11.0,18.862005910422518,-7.862005910422518,7.862005910422518
DVST_XI_Griffin_16-19_07_2024_16_08.46.09_trainee_14_ring rollercoaster_1.csv,trainee,14,trainee__participant_14,ring_rollercoaster,1,A_kinematics_all,ridge,2,16.0,20.516735391531306,-4.516735391531306,4.516735391531306
DVST_XI_Griffin_16-19_07_2024_16_08.46.09_trainee_14_sea spikes_1.csv,trainee,14,trainee__participant_14,sea_spikes,1,A_kinematics_all,ridge,2,12.0,14.635515509354065,-2.6355155093540645,2.6355155093540645
DVST_XI_Griffin_16-19_07_2024_16_08.46.09_trainee_14_suture_1.csv,trainee,14,trainee__participant_14,suture,1,A_kinematics_all,ridge,2,15.0,19.8997204362599,-4.899720436259901,4.899720436259901
DVST_XI_Griffin_16-19_07_2024_17_12.20.23_trainee_14_camera target_1.csv,trainee,14,trainee__participant_14,camera_target,1,A_kinematics_all,ridge,2,14.0,16.30836105178056,-2.3083610517805617,2.3083610517805617
DVST_XI_Griffin_16-19_07_2024_18_08.46.52_trainee_14_sea spikes_2.csv,trainee,14,trainee__participant_14,sea_spikes,2,A_kinematics_all,ridge,2,20.0,19.84777534037339,0.15222465962661147,0.15222465962661147
DVST_XI_Griffin_16-19_07_2024_18_08.46.52_trainee_14_suture_2.csv,trainee,14,trainee__participant_14,suture,2,A_kinematics_all,ridge,2,29.0,22.65793846791386,6.3420615320861415,6.3420615320861415
DVST_XI_Griffin_16-19_07_2024_19_09.39.41_trainee_14_glove cut_2.csv,trainee,14,trainee__participant_14,glove_cut,2,A_kinematics_all,ridge,2,18.0,18.768691950629986,-0.7686919506299859,0.7686919506299859
DVST_XI_Griffin_29_sep-1_oct_2024_01_10.39.05_trainee_19_camera target_2.csv,trainee,19,trainee__participant_19,camera_target,2,A_kinematics_all,ridge,2,18.0,19.3634253091281,-1.3634253091281003,1.3634253091281003
DVST_XI_Griffin_29_sep-1_oct_2024_01_10.39.05_trainee_21_camera target_2.csv,trainee,21,trainee__participant_21,camera_target,2,A_kinematics_all,ridge,2,23.0,21.65127755354256,1.3487224464574403,1.3487224464574403
DVST_XI_Griffin_29_sep-1_oct_2024_29_09.07.40_trainee_19_camera target_1.csv,trainee,19,trainee__participant_19,camera_target,1,A_kinematics_all,ridge,2,17.0,15.598584568984645,1.401415431015355,1.401415431015355
DVST_XI_Griffin_29_sep-1_oct_2024_29_09.07.40_trainee_19_suture_1.csv,trainee,19,trainee__participant_19,suture,1,A_kinematics_all,ridge,2,16.0,14.519538873388928,1.4804611266110719,1.4804611266110719
DVST_XI_Griffin_29_sep-1_oct_2024_29_09.07.40_trainee_21_camera target_1.csv,trainee,21,trainee__participant_21,camera_target,1,A_kinematics_all,ridge,2,19.0,18.50788408585501,0.4921159141449891,0.4921159141449891
DVST_XI_Griffin_29_sep-1_oct_2024_29_09.07.40_trainee_21_suture_1.csv,trainee,21,trainee__participant_21,suture,1,A_kinematics_all,ridge,2,18.0,17.692782137117746,0.30721786288225417,0.30721786288225417
DVST_XI_Griffin_29_sep-1_oct_2024_30_12.18.00_trainee_19_glove cut_2.csv,trainee,19,trainee__participant_19,glove_cut,2,A_kinematics_all,ridge,2,17.0,18.232817492387206,-1.2328174923872055,1.2328174923872055
DVST_XI_Griffin_29_sep-1_oct_2024_30_12.18.00_trainee_19_ring rollercoaster_2.csv,trainee,19,trainee__participant_19,ring_rollercoaster,2,A_kinematics_all,ridge,2,22.0,18.5222199810469,3.4777800189531014,3.4777800189531014
DVST_XI_Griffin_29_sep-1_oct_2024_30_12.18.00_trainee_19_sea spikes_2.csv,trainee,19,trainee__participant_19,sea_spikes,2,A_kinematics_all,ridge,2,21.0,20.329325907804048,0.6706740921959522,0.6706740921959522
DVST_XI_Griffin_29_sep-1_oct_2024_30_12.18.00_trainee_21_glove cut_2.csv,trainee,21,trainee__participant_21,glove_cut,2,A_kinematics_all,ridge,2,25.0,19.903992549479966,5.096007450520034,5.096007450520034
DVST_XI_Griffin_29_sep-1_oct_2024_30_12.18.00_trainee_21_ring rollercoaster_2.csv,trainee,21,trainee__participant_21,ring_rollercoaster,2,A_kinematics_all,ridge,2,22.0,19.718468049157735,2.2815319508422647,2.2815319508422647
DVST_XI_Griffin_29_sep-1_oct_2024_30_12.18.00_trainee_21_sea spikes_2.csv,trainee,21,trainee__participant_21,sea_spikes,2,A_kinematics_all,ridge,2,22.0,20.30381709245638,1.6961829075436192,1.6961829075436192
DVST_XI_Griffin_29_sep-1_oct_2024_30_12.18.00_trainee_21_suture_2.csv,trainee,21,trainee__participant_21,suture,2,A_kinematics_all,ridge,2,23.0,20.600584936259075,2.399415063740925,2.399415063740925
DVST_XI_10-13_Nov_2025_12_10.36.46_expert_9_camera target_1.csv,expert,9,expert__participant_9,camera_target,1,A_kinematics_all,ridge,3,28.0,24.076739074521722,3.923260925478278,3.923260925478278
DVST_XI_10-13_Nov_2025_12_10.36.46_expert_9_glove cut_1.csv,expert,9,expert__participant_9,glove_cut,1,A_kinematics_all,ridge,3,29.0,22.751308913424147,6.248691086575853,6.248691086575853
DVST_XI_10-13_Nov_2025_12_10.36.46_expert_9_ring rollercoaster_1.csv,expert,9,expert__participant_9,ring_rollercoaster,1,A_kinematics_all,ridge,3,29.0,21.984982878004782,7.015017121995218,7.015017121995218
DVST_XI_10-13_Nov_2025_12_10.36.46_expert_9_sea spikes_1.csv,expert,9,expert__participant_9,sea_spikes,1,A_kinematics_all,ridge,3,29.0,22.543694719834765,6.456305280165235,6.456305280165235
DVST_XI_10-13_Nov_2025_12_10.36.46_expert_9_suture_1.csv,expert,9,expert__participant_9,suture,1,A_kinematics_all,ridge,3,28.0,23.287394413432054,4.712605586567946,4.712605586567946
DVST_XI_14-16_Feb_2024_14_09.13.16_trainee_3_camera target_1.csv,trainee,3,trainee__participant_3,camera_target,1,A_kinematics_all,ridge,3,15.0,18.950284737508394,-3.950284737508394,3.950284737508394
DVST_XI_14-16_Feb_2024_14_09.13.16_trainee_3_glove cut_1.csv,trainee,3,trainee__participant_3,glove_cut,1,A_kinematics_all,ridge,3,17.0,19.880331738505813,-2.880331738505813,2.880331738505813
DVST_XI_14-16_Feb_2024_14_09.13.16_trainee_3_ring rollercoaster_1.csv,trainee,3,trainee__participant_3,ring_rollercoaster,1,A_kinematics_all,ridge,3,12.0,18.866692445084514,-6.866692445084514,6.866692445084514
DVST_XI_14-16_Feb_2024_14_09.13.16_trainee_3_sea spikes_1.csv,trainee,3,trainee__participant_3,sea_spikes,1,A_kinematics_all,ridge,3,15.0,18.93769634388429,-3.9376963438842907,3.9376963438842907
DVST_XI_14-16_Feb_2024_14_09.13.16_trainee_3_suture_1.csv,trainee,3,trainee__participant_3,suture,1,A_kinematics_all,ridge,3,19.0,19.440124910274815,-0.4401249102748146,0.4401249102748146
DVST_XI_14-16_Feb_2024_16_08.32.59_trainee_3_camera target_2.csv,trainee,3,trainee__participant_3,camera_target,2,A_kinematics_all,ridge,3,23.0,18.71940708002051,4.28059291997949,4.28059291997949
DVST_XI_14-16_Feb_2024_16_08.32.59_trainee_3_glove cut_2.csv,trainee,3,trainee__participant_3,glove_cut,2,A_kinematics_all,ridge,3,19.0,19.448020870928943,-0.4480208709289428,0.4480208709289428
DVST_XI_14-16_Feb_2024_16_08.32.59_trainee_3_ring rollercoaster_2.csv,trainee,3,trainee__participant_3,ring_rollercoaster,2,A_kinematics_all,ridge,3,21.0,19.571180219302644,1.4288197806973564,1.4288197806973564
DVST_XI_14-16_Feb_2024_16_08.32.59_trainee_3_sea spikes_2.csv,trainee,3,trainee__participant_3,sea_spikes,2,A_kinematics_all,ridge,3,17.0,19.41975925904313,-2.419759259043129,2.419759259043129
DVST_XI_14-16_Feb_2024_16_08.32.59_trainee_3_suture_2.csv,trainee,3,trainee__participant_3,suture,2,A_kinematics_all,ridge,3,22.0,21.357036140903276,0.6429638590967244,0.6429638590967244
DVST_XI_19-22_May_2025_22_09.34.36_trainee_37_camera target_2.csv,trainee,37,trainee__participant_37,camera_target,2,A_kinematics_all,ridge,3,16.0,19.66584355728053,-3.6658435572805317,3.6658435572805317
DVST_XI_19-22_May_2025_22_09.34.36_trainee_37_glove cut_2.csv,trainee,37,trainee__participant_37,glove_cut,2,A_kinematics_all,ridge,3,19.0,21.553832558868635,-2.553832558868635,2.553832558868635
DVST_XI_19-22_May_2025_22_09.34.36_trainee_41_camera target_2.csv,trainee,41,trainee__participant_41,camera_target,2,A_kinematics_all,ridge,3,20.0,20.441335224876205,-0.44133522487620525,0.44133522487620525
DVST_XI_19-22_May_2025_22_09.34.36_trainee_41_glove cut_2.csv,trainee,41,trainee__participant_41,glove_cut,2,A_kinematics_all,ridge,3,19.0,19.998133803398318,-0.9981338033983178,0.9981338033983178
DVST_XI_6-8_Mar_2025_06_10.41.14_trainee_32_camera target_1.csv,trainee,32,trainee__participant_32,camera_target,1,A_kinematics_all,ridge,3,20.0,20.45698010567392,-0.4569801056739209,0.4569801056739209
DVST_XI_6-8_Mar_2025_06_10.41.14_trainee_32_ring rollercoaster_1.csv,trainee,32,trainee__participant_32,ring_rollercoaster,1,A_kinematics_all,ridge,3,17.0,18.45319330424479,-1.4531933042447918,1.4531933042447918
DVST_XI_6-8_Mar_2025_06_10.41.14_trainee_32_sea spikes_1.csv,trainee,32,trainee__participant_32,sea_spikes,1,A_kinematics_all,ridge,3,14.0,21.68281251153567,-7.682812511535669,7.682812511535669
DVST_XI_6-8_Mar_2025_07_11.56.53_trainee_32_glove cut_1.csv,trainee,32,trainee__participant_32,glove_cut,1,A_kinematics_all,ridge,3,13.0,20.11865693936592,-7.11865693936592,7.11865693936592
DVST_XI_7-11_Jul_2025_10_09.40.17_expert_6_camera target_1.csv,expert,6,expert__participant_6,camera_target,1,A_kinematics_all,ridge,3,25.0,22.131226472088848,2.868773527911152,2.868773527911152
DVST_XI_7-11_Jul_2025_10_09.40.17_expert_6_glove cut_1.csv,expert,6,expert__participant_6,glove_cut,1,A_kinematics_all,ridge,3,23.0,20.801516047337252,2.198483952662748,2.198483952662748
DVST_XI_7-11_Jul_2025_10_09.40.17_expert_6_ring rollercoaster_1.csv,expert,6,expert__participant_6,ring_rollercoaster,1,A_kinematics_all,ridge,3,23.0,21.20049593560186,1.799504064398139,1.799504064398139
DVST_XI_7-11_Jul_2025_10_09.40.17_expert_6_sea spikes_1.csv,expert,6,expert__participant_6,sea_spikes,1,A_kinematics_all,ridge,3,23.0,20.998047921450144,2.0019520785498557,2.0019520785498557
DVST_XI_7-11_Jul_2025_10_09.40.17_expert_6_suture_1.csv,expert,6,expert__participant_6,suture,1,A_kinematics_all,ridge,3,26.0,21.81122958388887,4.188770416111129,4.188770416111129
DVST_XI_Griffin_16-19_07_2024_16_08.46.09_trainee_15_glove cut_1.csv,trainee,15,trainee__participant_15,glove_cut,1,A_kinematics_all,ridge,3,17.0,19.80819607537535,-2.808196075375349,2.808196075375349
DVST_XI_Griffin_16-19_07_2024_16_08.46.09_trainee_15_ring rollercoaster_1.csv,trainee,15,trainee__participant_15,ring_rollercoaster,1,A_kinematics_all,ridge,3,18.0,20.437531769816264,-2.437531769816264,2.437531769816264
DVST_XI_Griffin_16-19_07_2024_16_08.46.09_trainee_15_sea spikes_1.csv,trainee,15,trainee__participant_15,sea_spikes,1,A_kinematics_all,ridge,3,20.0,19.704897434072198,0.2951025659278024,0.2951025659278024
DVST_XI_Griffin_16-19_07_2024_16_08.46.09_trainee_15_suture_1.csv,trainee,15,trainee__participant_15,suture,1,A_kinematics_all,ridge,3,15.0,18.75653238781637,-3.756532387816371,3.756532387816371
DVST_XI_Griffin_16-19_07_2024_17_12.20.23_trainee_13_camera target_1.csv,trainee,13,trainee__participant_13,camera_target,1,A_kinematics_all,ridge,3,19.0,20.01077147323832,-1.0107714732383215,1.0107714732383215
DVST_XI_Griffin_16-19_07_2024_17_12.20.23_trainee_13_glove cut_1.csv,trainee,13,trainee__participant_13,glove_cut,1,A_kinematics_all,ridge,3,23.0,18.96907126011996,4.030928739880039,4.030928739880039
DVST_XI_Griffin_16-19_07_2024_17_12.20.23_trainee_13_ring rollercoaster_1.csv,trainee,13,trainee__participant_13,ring_rollercoaster,1,A_kinematics_all,ridge,3,17.0,20.62626324223507,-3.626263242235069,3.626263242235069
DVST_XI_Griffin_16-19_07_2024_17_12.20.23_trainee_13_sea spikes_1.csv,trainee,13,trainee__participant_13,sea_spikes,1,A_kinematics_all,ridge,3,17.0,19.92255968658867,-2.92255968658867,2.92255968658867
DVST_XI_Griffin_16-19_07_2024_17_12.20.23_trainee_13_suture_1.csv,trainee,13,trainee__participant_13,suture,1,A_kinematics_all,ridge,3,23.0,20.328612064824707,2.671387935175293,2.671387935175293
DVST_XI_Griffin_16-19_07_2024_17_12.20.23_trainee_15_camera target_1.csv,trainee,15,trainee__participant_15,camera_target,1,A_kinematics_all,ridge,3,18.0,20.89952684482682,-2.89952684482682,2.89952684482682
DVST_XI_Griffin_16-19_07_2024_18_08.46.52_trainee_13_sea spikes_2.csv,trainee,13,trainee__participant_13,sea_spikes,2,A_kinematics_all,ridge,3,21.0,21.95461950022856,-0.95461950022856,0.95461950022856
DVST_XI_Griffin_16-19_07_2024_18_08.46.52_trainee_13_suture_2.csv,trainee,13,trainee__participant_13,suture,2,A_kinematics_all,ridge,3,28.0,21.16983980049453,6.830160199505471,6.830160199505471
DVST_XI_Griffin_16-19_07_2024_18_08.46.52_trainee_15_sea spikes_2.csv,trainee,15,trainee__participant_15,sea_spikes,2,A_kinematics_all,ridge,3,23.0,20.48982344385147,2.5101765561485294,2.5101765561485294
DVST_XI_Griffin_16-19_07_2024_18_08.46.52_trainee_15_suture_2.csv,trainee,15,trainee__participant_15,suture,2,A_kinematics_all,ridge,3,26.0,21.375655923520558,4.624344076479442,4.624344076479442
DVST_XI_Griffin_16-19_07_2024_19_09.39.41_trainee_13_camera target_2.csv,trainee,13,trainee__participant_13,camera_target,2,A_kinematics_all,ridge,3,17.0,22.121345706323428,-5.121345706323428,5.121345706323428
DVST_XI_Griffin_29_sep-1_oct_2024_01_10.39.05_trainee_18_camera target_2.csv,trainee,18,trainee__participant_18,camera_target,2,A_kinematics_all,ridge,3,18.0,21.688273939170013,-3.6882739391700134,3.6882739391700134
DVST_XI_Griffin_29_sep-1_oct_2024_29_09.07.40_trainee_18_suture_1.csv,trainee,18,trainee__participant_18,suture,1,A_kinematics_all,ridge,3,12.0,15.917718214610153,-3.9177182146101526,3.9177182146101526
DVST_XI_Griffin_29_sep-1_oct_2024_30_12.18.00_trainee_18_glove cut_2.csv,trainee,18,trainee__participant_18,glove_cut,2,A_kinematics_all,ridge,3,22.0,20.380531202535636,1.6194687974643642,1.6194687974643642
DVST_XI_Griffin_29_sep-1_oct_2024_30_12.18.00_trainee_18_ring rollercoaster_2.csv,trainee,18,trainee__participant_18,ring_rollercoaster,2,A_kinematics_all,ridge,3,24.0,20.201614721280592,3.798385278719408,3.798385278719408
DVST_XI_Griffin_29_sep-1_oct_2024_30_12.18.00_trainee_18_sea spikes_2.csv,trainee,18,trainee__participant_18,sea_spikes,2,A_kinematics_all,ridge,3,22.0,20.354953272628165,1.6450467273718345,1.6450467273718345
DVST_XI_Griffin_29_sep-1_oct_2024_30_12.18.00_trainee_18_suture_2.csv,trainee,18,trainee__participant_18,suture,2,A_kinematics_all,ridge,3,22.0,20.64754228957361,1.352457710426389,1.352457710426389
DVST_XI_19-22_May_2025_21_09.43.23_expert_5_camera target_1.csv,expert,5,expert__participant_5,camera_target,1,A_kinematics_all,ridge,4,30.0,22.685258050647814,7.314741949352186,7.314741949352186
DVST_XI_19-22_May_2025_21_09.43.23_expert_5_glove cut_1.csv,expert,5,expert__participant_5,glove_cut,1,A_kinematics_all,ridge,4,24.0,20.070530960116717,3.9294690398832834,3.9294690398832834
DVST_XI_19-22_May_2025_21_09.43.23_expert_5_ring rollercoaster_1.csv,expert,5,expert__participant_5,ring_rollercoaster,1,A_kinematics_all,ridge,4,24.0,20.556321627899656,3.4436783721003437,3.4436783721003437
DVST_XI_19-22_May_2025_21_09.43.23_expert_5_sea spikes_1.csv,expert,5,expert__participant_5,sea_spikes,1,A_kinematics_all,ridge,4,24.0,21.59035477075711,2.4096452292428907,2.4096452292428907
DVST_XI_19-22_May_2025_21_09.43.23_expert_5_suture_1.csv,expert,5,expert__participant_5,suture,1,A_kinematics_all,ridge,4,29.0,22.182969625990722,6.817030374009278,6.817030374009278
DVST_XI_19-22_May_2025_22_09.34.36_trainee_40_camera target_2.csv,trainee,40,trainee__participant_40,camera_target,2,A_kinematics_all,ridge,4,24.0,23.684137933859926,0.31586206614007395,0.31586206614007395
DVST_XI_19-22_May_2025_22_09.34.36_trainee_40_glove cut_2.csv,trainee,40,trainee__participant_40,glove_cut,2,A_kinematics_all,ridge,4,24.0,21.870765926065616,2.1292340739343842,2.1292340739343842
DVST_XI_6-8_Mar_2025_06_10.41.14_trainee_33_camera target_1.csv,trainee,33,trainee__participant_33,camera_target,1,A_kinematics_all,ridge,4,23.0,20.52739351283489,2.472606487165109,2.472606487165109
DVST_XI_6-8_Mar_2025_06_10.41.14_trainee_33_ring rollercoaster_1.csv,trainee,33,trainee__participant_33,ring_rollercoaster,1,A_kinematics_all,ridge,4,21.0,20.704569050953793,0.2954309490462066,0.2954309490462066
DVST_XI_6-8_Mar_2025_06_10.41.14_trainee_33_sea spikes_1.csv,trainee,33,trainee__participant_33,sea_spikes,1,A_kinematics_all,ridge,4,16.0,19.039799312248554,-3.0397993122485545,3.0397993122485545
DVST_XI_6-8_Mar_2025_07_11.56.53_trainee_33_camera target_2.csv,trainee,33,trainee__participant_33,camera_target,2,A_kinematics_all,ridge,4,19.0,20.417904795013072,-1.4179047950130723,1.4179047950130723
DVST_XI_6-8_Mar_2025_07_11.56.53_trainee_33_glove cut_1.csv,trainee,33,trainee__participant_33,glove_cut,1,A_kinematics_all,ridge,4,18.0,19.319986906892066,-1.3199869068920655,1.3199869068920655
DVST_XI_6-8_Mar_2025_07_11.56.53_trainee_33_sea spikes_2.csv,trainee,33,trainee__participant_33,sea_spikes,2,A_kinematics_all,ridge,4,20.0,19.274962507751507,0.725037492248493,0.725037492248493
DVST_XI_6-8_Mar_2025_08_08.21.32_expert_3_camera target_1.csv,expert,3,expert__participant_3,camera_target,1,A_kinematics_all,ridge,4,27.0,18.76188507689417,8.23811492310583,8.23811492310583
DVST_XI_6-8_Mar_2025_08_08.21.32_expert_3_ring rollercoaster_1.csv,expert,3,expert__participant_3,ring_rollercoaster,1,A_kinematics_all,ridge,4,21.0,18.345829332169732,2.654170667830268,2.654170667830268
DVST_XI_6-8_Mar_2025_08_08.21.32_expert_3_sea spikes_1.csv,expert,3,expert__participant_3,sea_spikes,1,A_kinematics_all,ridge,4,23.0,17.71743032586086,5.28256967413914,5.28256967413914
DVST_XI_6-8_Mar_2025_08_08.21.32_expert_3_suture_1.csv,expert,3,expert__participant_3,suture,1,A_kinematics_all,ridge,4,28.0,18.918451011758293,9.081548988241707,9.081548988241707
DVST_XI_7-11_Mar_2024_08_13.12.17_trainee_7_ring rollercoaster_1.csv,trainee,7,trainee__participant_7,ring_rollercoaster,1,A_kinematics_all,ridge,4,15.0,17.369631965145075,-2.369631965145075,2.369631965145075
DVST_XI_7-11_Mar_2024_08_13.12.17_trainee_7_sea spikes_1.csv,trainee,7,trainee__participant_7,sea_spikes,1,A_kinematics_all,ridge,4,19.0,16.753015174719796,2.2469848252802045,2.2469848252802045
DVST_XI_7-11_Mar_2024_08_13.12.17_trainee_9_ring rollercoaster_1.csv,trainee,9,trainee__participant_9,ring_rollercoaster,1,A_kinematics_all,ridge,4,14.0,19.214436114297477,-5.214436114297477,5.214436114297477
DVST_XI_7-11_Mar_2024_08_13.12.17_trainee_9_sea spikes_1.csv,trainee,9,trainee__participant_9,sea_spikes,1,A_kinematics_all,ridge,4,18.0,17.76482178979478,0.23517821020521978,0.23517821020521978
DVST_XI_7-11_Mar_2024_09_10.19.01_trainee_7_camera target_1.csv,trainee,7,trainee__participant_7,camera_target,1,A_kinematics_all,ridge,4,17.0,19.29545479408834,-2.2954547940883394,2.2954547940883394
DVST_XI_7-11_Mar_2024_09_10.19.01_trainee_7_glove cut_1.csv,trainee,7,trainee__participant_7,glove_cut,1,A_kinematics_all,ridge,4,15.0,16.74489073344517,-1.744890733445171,1.744890733445171
DVST_XI_7-11_Mar_2024_09_10.19.01_trainee_9_camera target_1.csv,trainee,9,trainee__participant_9,camera_target,1,A_kinematics_all,ridge,4,19.0,19.117606005889293,-0.11760600588929293,0.11760600588929293
DVST_XI_7-11_Mar_2024_09_10.19.01_trainee_9_glove cut_1.csv,trainee,9,trainee__participant_9,glove_cut,1,A_kinematics_all,ridge,4,18.0,17.67815219927166,0.32184780072833874,0.32184780072833874
DVST_XI_7-11_Mar_2024_09_13.46.11_trainee_7_suture_1.csv,trainee,7,trainee__participant_7,suture,1,A_kinematics_all,ridge,4,17.0,18.73690475037069,-1.736904750370691,1.736904750370691
DVST_XI_7-11_Mar_2024_09_13.46.11_trainee_9_suture_1.csv,trainee,9,trainee__participant_9,suture,1,A_kinematics_all,ridge,4,16.0,18.650466636271954,-2.650466636271954,2.650466636271954
DVST_XI_7-11_Mar_2024_10_08.59.30_trainee_7_ring rollercoaster_2.csv,trainee,7,trainee__participant_7,ring_rollercoaster,2,A_kinematics_all,ridge,4,18.0,19.26149856885214,-1.26149856885214,1.26149856885214
DVST_XI_7-11_Mar_2024_10_08.59.30_trainee_7_sea spikes_2.csv,trainee,7,trainee__participant_7,sea_spikes,2,A_kinematics_all,ridge,4,20.0,18.635905059902544,1.3640949400974556,1.3640949400974556
DVST_XI_7-11_Mar_2024_10_08.59.30_trainee_9_ring rollercoaster_2.csv,trainee,9,trainee__participant_9,ring_rollercoaster,2,A_kinematics_all,ridge,4,20.0,19.975132453019558,0.0248675469804418,0.0248675469804418
DVST_XI_7-11_Mar_2024_10_08.59.30_trainee_9_sea spikes_2.csv,trainee,9,trainee__participant_9,sea_spikes,2,A_kinematics_all,ridge,4,22.0,19.50753374634868,2.492466253651319,2.492466253651319
DVST_XI_Griffin_16-19_07_2024_16_08.46.09_trainee_12_glove cut_1.csv,trainee,12,trainee__participant_12,glove_cut,1,A_kinematics_all,ridge,4,21.0,19.011020690404568,1.9889793095954325,1.9889793095954325
DVST_XI_Griffin_16-19_07_2024_16_08.46.09_trainee_12_ring rollercoaster_1.csv,trainee,12,trainee__participant_12,ring_rollercoaster,1,A_kinematics_all,ridge,4,16.0,20.28290574124783,-4.282905741247831,4.282905741247831
DVST_XI_Griffin_16-19_07_2024_16_08.46.09_trainee_12_sea spikes_1.csv,trainee,12,trainee__participant_12,sea_spikes,1,A_kinematics_all,ridge,4,12.0,18.824519264634123,-6.824519264634123,6.824519264634123
DVST_XI_Griffin_16-19_07_2024_16_08.46.09_trainee_16_glove cut_1.csv,trainee,16,trainee__participant_16,glove_cut,1,A_kinematics_all,ridge,4,15.0,18.41388698144154,-3.4138869814415393,3.4138869814415393
DVST_XI_Griffin_16-19_07_2024_16_08.46.09_trainee_16_ring rollercoaster_1.csv,trainee,16,trainee__participant_16,ring_rollercoaster,1,A_kinematics_all,ridge,4,20.0,19.258189024371323,0.7418109756286775,0.7418109756286775
DVST_XI_Griffin_16-19_07_2024_16_08.46.09_trainee_16_sea spikes_1.csv,trainee,16,trainee__participant_16,sea_spikes,1,A_kinematics_all,ridge,4,16.0,17.52038887310649,-1.5203888731064907,1.5203888731064907
DVST_XI_Griffin_16-19_07_2024_16_08.46.09_trainee_16_suture_1.csv,trainee,16,trainee__participant_16,suture,1,A_kinematics_all,ridge,4,21.0,17.63204618623382,3.3679538137661815,3.3679538137661815
DVST_XI_Griffin_16-19_07_2024_17_12.20.23_trainee_12_camera target_1.csv,trainee,12,trainee__participant_12,camera_target,1,A_kinematics_all,ridge,4,16.0,21.963928850399782,-5.963928850399782,5.963928850399782
DVST_XI_Griffin_16-19_07_2024_17_12.20.23_trainee_16_camera target_1.csv,trainee,16,trainee__participant_16,camera_target,1,A_kinematics_all,ridge,4,23.0,20.652157845150345,2.347842154849655,2.347842154849655
DVST_XI_Griffin_16-19_07_2024_17_12.20.23_trainee_16_ring rollercoaster_2.csv,trainee,16,trainee__participant_16,ring_rollercoaster,2,A_kinematics_all,ridge,4,23.0,20.179217561808496,2.820782438191504,2.820782438191504
DVST_XI_Griffin_16-19_07_2024_18_08.46.52_trainee_12_suture_2.csv,trainee,12,trainee__participant_12,suture,2,A_kinematics_all,ridge,4,28.0,21.070720617603662,6.929279382396338,6.929279382396338
DVST_XI_Griffin_16-19_07_2024_18_08.46.52_trainee_16_sea spikes_2.csv,trainee,16,trainee__participant_16,sea_spikes,2,A_kinematics_all,ridge,4,21.0,20.16791204910712,0.8320879508928805,0.8320879508928805
DVST_XI_Griffin_16-19_07_2024_18_08.46.52_trainee_16_suture_2.csv,trainee,16,trainee__participant_16,suture,2,A_kinematics_all,ridge,4,29.0,20.949432261060412,8.050567738939588,8.050567738939588
DVST_XI_Griffin_16-19_07_2024_19_09.39.41_trainee_12_glove cut_2.csv,trainee,12,trainee__participant_12,glove_cut,2,A_kinematics_all,ridge,4,20.0,18.80791189546277,1.1920881045372305,1.1920881045372305
DVST_XI_Griffin_16-19_07_2024_19_09.39.41_trainee_16_camera target_2.csv,trainee,16,trainee__participant_16,camera_target,2,A_kinematics_all,ridge,4,23.0,20.685443167442386,2.3145568325576136,2.3145568325576136
DVST_XI_Griffin_16-19_07_2024_19_09.39.41_trainee_16_glove cut_2.csv,trainee,16,trainee__participant_16,glove_cut,2,A_kinematics_all,ridge,4,24.0,19.06664721644609,4.933352783553911,4.933352783553911
DVST_XI_10-13_Nov_2025_12_10.36.46_expert_10_camera target_1.csv,expert,10,expert__participant_10,camera_target,1,A_kinematics_all,ridge,5,30.0,24.95009868059975,5.049901319400249,5.049901319400249
DVST_XI_10-13_Nov_2025_12_10.36.46_expert_10_glove cut_1.csv,expert,10,expert__participant_10,glove_cut,1,A_kinematics_all,ridge,5,28.0,22.93923321553672,5.060766784463279,5.060766784463279
DVST_XI_10-13_Nov_2025_12_10.36.46_expert_10_ring rollercoaster_1.csv,expert,10,expert__participant_10,ring_rollercoaster,1,A_kinematics_all,ridge,5,29.0,22.170057742913293,6.8299422570867065,6.8299422570867065
DVST_XI_10-13_Nov_2025_12_10.36.46_expert_10_sea spikes_1.csv,expert,10,expert__participant_10,sea_spikes,1,A_kinematics_all,ridge,5,29.0,22.286651701945264,6.713348298054736,6.713348298054736
DVST_XI_10-13_Nov_2025_12_10.36.46_expert_10_suture_1.csv,expert,10,expert__participant_10,suture,1,A_kinematics_all,ridge,5,30.0,24.28826555946376,5.71173444053624,5.71173444053624
DVST_XI_14-16_Feb_2024_14_09.13.16_trainee_1_camera target_1.csv,trainee,1,trainee__participant_1,camera_target,1,A_kinematics_all,ridge,5,17.0,19.085460119740013,-2.085460119740013,2.085460119740013
DVST_XI_14-16_Feb_2024_14_09.13.16_trainee_1_glove cut_1.csv,trainee,1,trainee__participant_1,glove_cut,1,A_kinematics_all,ridge,5,15.0,15.973819501834374,-0.9738195018343738,0.9738195018343738
DVST_XI_14-16_Feb_2024_14_09.13.16_trainee_1_ring rollercoaster_1.csv,trainee,1,trainee__participant_1,ring_rollercoaster,1,A_kinematics_all,ridge,5,14.0,18.293691429765122,-4.293691429765122,4.293691429765122
DVST_XI_14-16_Feb_2024_14_09.13.16_trainee_1_sea spikes_1.csv,trainee,1,trainee__participant_1,sea_spikes,1,A_kinematics_all,ridge,5,13.0,17.2532817061167,-4.253281706116699,4.253281706116699
DVST_XI_14-16_Feb_2024_14_09.13.16_trainee_1_suture_1.csv,trainee,1,trainee__participant_1,suture,1,A_kinematics_all,ridge,5,19.0,17.761227822831657,1.238772177168343,1.238772177168343
DVST_XI_14-16_Feb_2024_16_08.32.59_trainee_1_camera target_2.csv,trainee,1,trainee__participant_1,camera_target,2,A_kinematics_all,ridge,5,19.0,18.150863891374907,0.8491361086250926,0.8491361086250926
DVST_XI_14-16_Feb_2024_16_08.32.59_trainee_1_glove cut_2.csv,trainee,1,trainee__participant_1,glove_cut,2,A_kinematics_all,ridge,5,19.0,16.305462445767027,2.694537554232973,2.694537554232973
DVST_XI_14-16_Feb_2024_16_08.32.59_trainee_1_ring rollercoaster_2.csv,trainee,1,trainee__participant_1,ring_rollercoaster,2,A_kinematics_all,ridge,5,20.0,19.109294376557127,0.890705623442873,0.890705623442873
DVST_XI_14-16_Feb_2024_16_08.32.59_trainee_1_sea spikes_2.csv,trainee,1,trainee__participant_1,sea_spikes,2,A_kinematics_all,ridge,5,19.0,18.810242551504125,0.18975744849587528,0.18975744849587528
DVST_XI_14-16_Feb_2024_16_08.32.59_trainee_1_suture_2.csv,trainee,1,trainee__participant_1,suture,2,A_kinematics_all,ridge,5,17.0,18.97920965663608,-1.9792096566360797,1.9792096566360797
DVST_XI_19-22_May_2025_22_09.34.36_trainee_39_camera target_2.csv,trainee,39,trainee__participant_39,camera_target,2,A_kinematics_all,ridge,5,19.0,22.708211570368206,-3.7082115703682064,3.7082115703682064
DVST_XI_19-22_May_2025_22_09.34.36_trainee_39_glove cut_2.csv,trainee,39,trainee__participant_39,glove_cut,2,A_kinematics_all,ridge,5,22.0,21.249683605080914,0.7503163949190856,0.7503163949190856
DVST_XI_6-8_Mar_2025_07_11.56.53_expert_2_camera target_1.csv,expert,2,expert__participant_2,camera_target,1,A_kinematics_all,ridge,5,25.0,20.941832708645617,4.058167291354383,4.058167291354383
DVST_XI_6-8_Mar_2025_07_11.56.53_expert_2_glove cut_1.csv,expert,2,expert__participant_2,glove_cut,1,A_kinematics_all,ridge,5,19.0,18.988820928006774,0.011179071993225875,0.011179071993225875
DVST_XI_6-8_Mar_2025_07_11.56.53_expert_2_ring rollercoaster_1.csv,expert,2,expert__participant_2,ring_rollercoaster,1,A_kinematics_all,ridge,5,20.0,20.66816227559928,-0.6681622755992791,0.6681622755992791
DVST_XI_6-8_Mar_2025_07_11.56.53_expert_2_sea spikes_1.csv,expert,2,expert__participant_2,sea_spikes,1,A_kinematics_all,ridge,5,18.0,19.99853807773205,-1.99853807773205,1.99853807773205
DVST_XI_7-11_Mar_2024_08_13.12.17_trainee_10_ring rollercoaster_1.csv,trainee,10,trainee__participant_10,ring_rollercoaster,1,A_kinematics_all,ridge,5,14.0,19.835136011522142,-5.835136011522142,5.835136011522142
DVST_XI_7-11_Mar_2024_08_13.12.17_trainee_10_sea spikes_1.csv,trainee,10,trainee__participant_10,sea_spikes,1,A_kinematics_all,ridge,5,22.0,16.444606541471995,5.555393458528005,5.555393458528005
DVST_XI_7-11_Mar_2024_08_13.12.17_trainee_6_ring rollercoaster_1.csv,trainee,6,trainee__participant_6,ring_rollercoaster,1,A_kinematics_all,ridge,5,16.0,21.009391209555723,-5.009391209555723,5.009391209555723
DVST_XI_7-11_Mar_2024_08_13.12.17_trainee_6_sea spikes_1.csv,trainee,6,trainee__participant_6,sea_spikes,1,A_kinematics_all,ridge,5,16.0,17.451195807201522,-1.4511958072015219,1.4511958072015219
DVST_XI_7-11_Mar_2024_08_13.12.17_trainee_8_ring rollercoaster_1.csv,trainee,8,trainee__participant_8,ring_rollercoaster,1,A_kinematics_all,ridge,5,12.0,17.629654102714582,-5.629654102714582,5.629654102714582
DVST_XI_7-11_Mar_2024_08_13.12.17_trainee_8_sea spikes_1.csv,trainee,8,trainee__participant_8,sea_spikes,1,A_kinematics_all,ridge,5,18.0,18.151186409931782,-0.1511864099317819,0.1511864099317819
DVST_XI_7-11_Mar_2024_09_10.19.01_trainee_10_glove cut_1.csv,trainee,10,trainee__participant_10,glove_cut,1,A_kinematics_all,ridge,5,18.0,14.406901027389946,3.593098972610054,3.593098972610054
DVST_XI_7-11_Mar_2024_09_10.19.01_trainee_6_camera target_1.csv,trainee,6,trainee__participant_6,camera_target,1,A_kinematics_all,ridge,5,16.0,18.53820885701914,-2.5382088570191392,2.5382088570191392
DVST_XI_7-11_Mar_2024_09_10.19.01_trainee_6_glove cut_1.csv,trainee,6,trainee__participant_6,glove_cut,1,A_kinematics_all,ridge,5,15.0,13.845026920034577,1.1549730799654228,1.1549730799654228
DVST_XI_7-11_Mar_2024_09_10.19.01_trainee_8_camera target_1.csv,trainee,8,trainee__participant_8,camera_target,1,A_kinematics_all,ridge,5,10.0,13.30950131853611,-3.3095013185361104,3.3095013185361104
DVST_XI_7-11_Mar_2024_09_10.19.01_trainee_8_glove cut_1.csv,trainee,8,trainee__participant_8,glove_cut,1,A_kinematics_all,ridge,5,17.0,17.842009914304473,-0.842009914304473,0.842009914304473
DVST_XI_7-11_Mar_2024_09_13.46.11_trainee_10_suture_1.csv,trainee,10,trainee__participant_10,suture,1,A_kinematics_all,ridge,5,19.0,20.443982115775178,-1.443982115775178,1.443982115775178
DVST_XI_7-11_Mar_2024_09_13.46.11_trainee_6_suture_1.csv,trainee,6,trainee__participant_6,suture,1,A_kinematics_all,ridge,5,12.0,19.496712232420414,-7.496712232420414,7.496712232420414
DVST_XI_7-11_Mar_2024_09_13.46.11_trainee_8_suture_1.csv,trainee,8,trainee__participant_8,suture,1,A_kinematics_all,ridge,5,17.0,19.758899489424934,-2.758899489424934,2.758899489424934
DVST_XI_7-11_Mar_2024_10_08.59.30_trainee_10_ring rollercoaster_2.csv,trainee,10,trainee__participant_10,ring_rollercoaster,2,A_kinematics_all,ridge,5,18.0,19.15513363630801,-1.1551336363080082,1.1551336363080082
DVST_XI_7-11_Mar_2024_10_08.59.30_trainee_10_sea spikes_2.csv,trainee,10,trainee__participant_10,sea_spikes,2,A_kinematics_all,ridge,5,22.0,20.028102493652884,1.9718975063471156,1.9718975063471156
DVST_XI_7-11_Mar_2024_10_08.59.30_trainee_6_ring rollercoaster_2.csv,trainee,6,trainee__participant_6,ring_rollercoaster,2,A_kinematics_all,ridge,5,18.0,21.259555529010573,-3.259555529010573,3.259555529010573
DVST_XI_7-11_Mar_2024_10_08.59.30_trainee_6_sea spikes_2.csv,trainee,6,trainee__participant_6,sea_spikes,2,A_kinematics_all,ridge,5,20.0,21.78415004368521,-1.7841500436852087,1.7841500436852087
DVST_XI_7-11_Mar_2024_10_08.59.30_trainee_8_ring rollercoaster_2.csv,trainee,8,trainee__participant_8,ring_rollercoaster,2,A_kinematics_all,ridge,5,16.0,18.59863111937033,-2.5986311193703315,2.5986311193703315
DVST_XI_7-11_Mar_2024_10_08.59.30_trainee_8_sea spikes_2.csv,trainee,8,trainee__participant_8,sea_spikes,2,A_kinematics_all,ridge,5,20.0,19.098996130964174,0.9010038690358257,0.9010038690358257
DVST_XI_Griffin_29_sep-1_oct_2024_01_10.39.05_trainee_20_camera target_2.csv,trainee,20,trainee__participant_20,camera_target,2,A_kinematics_all,ridge,5,14.0,19.163034685823934,-5.163034685823934,5.163034685823934
DVST_XI_Griffin_29_sep-1_oct_2024_29_09.07.40_trainee_20_camera target_1.csv,trainee,20,trainee__participant_20,camera_target,1,A_kinematics_all,ridge,5,15.0,14.558238279902351,0.4417617200976487,0.4417617200976487
DVST_XI_Griffin_29_sep-1_oct_2024_29_09.07.40_trainee_20_suture_1.csv,trainee,20,trainee__participant_20,suture,1,A_kinematics_all,ridge,5,13.0,15.846214318607412,-2.8462143186074123,2.8462143186074123
DVST_XI_Griffin_29_sep-1_oct_2024_30_12.18.00_trainee_20_glove cut_2.csv,trainee,20,trainee__participant_20,glove_cut,2,A_kinematics_all,ridge,5,17.0,19.76923922136965,-2.7692392213696486,2.7692392213696486
DVST_XI_Griffin_29_sep-1_oct_2024_30_12.18.00_trainee_20_ring rollercoaster_2.csv,trainee,20,trainee__participant_20,ring_rollercoaster,2,A_kinematics_all,ridge,5,21.0,20.376952384764454,0.6230476152355457,0.6230476152355457
DVST_XI_Griffin_29_sep-1_oct_2024_30_12.18.00_trainee_20_sea spikes_2.csv,trainee,20,trainee__participant_20,sea_spikes,2,A_kinematics_all,ridge,5,21.0,20.500805212676187,0.4991947873238125,0.4991947873238125
DVST_XI_11-14_Aug_2025_14_10.45.28_expert_8_camera target_1.csv,expert,8,expert__participant_8,camera_target,1,A_kinematics_all,elastic_net,1,28.0,23.57484462527615,4.42515537472385,4.42515537472385
DVST_XI_11-14_Aug_2025_14_10.45.28_expert_8_glove cut_1.csv,expert,8,expert__participant_8,glove_cut,1,A_kinematics_all,elastic_net,1,24.0,22.462536045410243,1.5374639545897573,1.5374639545897573
DVST_XI_11-14_Aug_2025_14_10.45.28_expert_8_ring rollercoaster_1.csv,expert,8,expert__participant_8,ring_rollercoaster,1,A_kinematics_all,elastic_net,1,24.0,23.3899565108231,0.6100434891768991,0.6100434891768991
DVST_XI_11-14_Aug_2025_14_10.45.28_expert_8_sea spikes_1.csv,expert,8,expert__participant_8,sea_spikes,1,A_kinematics_all,elastic_net,1,22.0,21.208523196264622,0.7914768037353781,0.7914768037353781
DVST_XI_11-14_Aug_2025_14_10.45.28_expert_8_suture_1.csv,expert,8,expert__participant_8,suture,1,A_kinematics_all,elastic_net,1,29.0,26.189912848637185,2.810087151362815,2.810087151362815
DVST_XI_14-16_Feb_2024_14_09.13.16_trainee_2_camera target_1.csv,trainee,2,trainee__participant_2,camera_target,1,A_kinematics_all,elastic_net,1,17.0,15.19286098879459,1.8071390112054093,1.8071390112054093
DVST_XI_14-16_Feb_2024_14_09.13.16_trainee_2_glove cut_1.csv,trainee,2,trainee__participant_2,glove_cut,1,A_kinematics_all,elastic_net,1,13.0,19.180492343167604,-6.180492343167604,6.180492343167604
DVST_XI_14-16_Feb_2024_14_09.13.16_trainee_2_ring rollercoaster_1.csv,trainee,2,trainee__participant_2,ring_rollercoaster,1,A_kinematics_all,elastic_net,1,14.0,16.650276679254052,-2.650276679254052,2.650276679254052
DVST_XI_14-16_Feb_2024_14_09.13.16_trainee_2_sea spikes_1.csv,trainee,2,trainee__participant_2,sea_spikes,1,A_kinematics_all,elastic_net,1,15.0,18.756931682021076,-3.756931682021076,3.756931682021076
DVST_XI_14-16_Feb_2024_14_09.13.16_trainee_5_camera target_1.csv,trainee,5,trainee__participant_5,camera_target,1,A_kinematics_all,elastic_net,1,7.0,13.904191701712888,-6.904191701712888,6.904191701712888
DVST_XI_14-16_Feb_2024_14_09.13.16_trainee_5_glove cut_1.csv,trainee,5,trainee__participant_5,glove_cut,1,A_kinematics_all,elastic_net,1,11.0,15.401398351059033,-4.401398351059033,4.401398351059033
DVST_XI_14-16_Feb_2024_14_09.13.16_trainee_5_ring rollercoaster_1.csv,trainee,5,trainee__participant_5,ring_rollercoaster,1,A_kinematics_all,elastic_net,1,17.0,12.302991896961444,4.697008103038556,4.697008103038556
DVST_XI_14-16_Feb_2024_14_09.13.16_trainee_5_sea spikes_1.csv,trainee,5,trainee__participant_5,sea_spikes,1,A_kinematics_all,elastic_net,1,16.0,15.811089510902406,0.18891048909759434,0.18891048909759434
DVST_XI_14-16_Feb_2024_14_09.13.16_trainee_5_suture_1.csv,trainee,5,trainee__participant_5,suture,1,A_kinematics_all,elastic_net,1,16.0,16.788715481769106,-0.7887154817691062,0.7887154817691062
DVST_XI_14-16_Feb_2024_16_08.32.59_trainee_2_camera target_2.csv,trainee,2,trainee__participant_2,camera_target,2,A_kinematics_all,elastic_net,1,16.0,19.48937507940844,-3.4893750794084397,3.4893750794084397
DVST_XI_14-16_Feb_2024_16_08.32.59_trainee_2_glove cut_2.csv,trainee,2,trainee__participant_2,glove_cut,2,A_kinematics_all,elastic_net,1,19.0,17.571381869107164,1.4286181308928363,1.4286181308928363
DVST_XI_14-16_Feb_2024_16_08.32.59_trainee_2_ring rollercoaster_2.csv,trainee,2,trainee__participant_2,ring_rollercoaster,2,A_kinematics_all,elastic_net,1,21.0,16.721457396011786,4.278542603988214,4.278542603988214
DVST_XI_14-16_Feb_2024_16_08.32.59_trainee_2_sea spikes_2.csv,trainee,2,trainee__participant_2,sea_spikes,2,A_kinematics_all,elastic_net,1,17.0,19.32375869402047,-2.3237586940204693,2.3237586940204693
DVST_XI_14-16_Feb_2024_16_08.32.59_trainee_2_suture_2.csv,trainee,2,trainee__participant_2,suture,2,A_kinematics_all,elastic_net,1,22.0,21.230151304238355,0.7698486957616453,0.7698486957616453
DVST_XI_14-16_Feb_2024_16_08.32.59_trainee_5_camera target_2.csv,trainee,5,trainee__participant_5,camera_target,2,A_kinematics_all,elastic_net,1,21.0,20.01786623377697,0.9821337662230292,0.9821337662230292
DVST_XI_14-16_Feb_2024_16_08.32.59_trainee_5_glove cut_2.csv,trainee,5,trainee__participant_5,glove_cut,2,A_kinematics_all,elastic_net,1,19.0,15.757934924916835,3.2420650750831648,3.2420650750831648
DVST_XI_14-16_Feb_2024_16_08.32.59_trainee_5_ring rollercoaster_2.csv,trainee,5,trainee__participant_5,ring_rollercoaster,2,A_kinematics_all,elastic_net,1,23.0,14.564029821651872,8.435970178348128,8.435970178348128
DVST_XI_14-16_Feb_2024_16_08.32.59_trainee_5_sea spikes_2.csv,trainee,5,trainee__participant_5,sea_spikes,2,A_kinematics_all,elastic_net,1,21.0,20.08669257837186,0.91330742162814,0.91330742162814
DVST_XI_14-16_Feb_2024_16_08.32.59_trainee_5_suture_2.csv,trainee,5,trainee__participant_5,suture,2,A_kinematics_all,elastic_net,1,21.0,18.191735187212085,2.8082648127879146,2.8082648127879146
DVST_XI_6-8_Mar_2025_06_10.41.14_trainee_31_ring rollercoaster_1.csv,trainee,31,trainee__participant_31,ring_rollercoaster,1,A_kinematics_all,elastic_net,1,15.0,18.195461540983356,-3.1954615409833558,3.1954615409833558
DVST_XI_6-8_Mar_2025_06_10.41.14_trainee_31_sea spikes_1.csv,trainee,31,trainee__participant_31,sea_spikes,1,A_kinematics_all,elastic_net,1,13.0,17.45568148348672,-4.455681483486721,4.455681483486721
DVST_XI_6-8_Mar_2025_06_10.41.14_trainee_36_ring rollercoaster_1.csv,trainee,36,trainee__participant_36,ring_rollercoaster,1,A_kinematics_all,elastic_net,1,19.0,15.00414372899479,3.9958562710052092,3.9958562710052092
DVST_XI_6-8_Mar_2025_06_10.41.14_trainee_36_sea spikes_1.csv,trainee,36,trainee__participant_36,sea_spikes,1,A_kinematics_all,elastic_net,1,16.0,15.592347369584612,0.407652630415388,0.407652630415388
DVST_XI_6-8_Mar_2025_07_11.56.53_expert_1_camera target_1.csv,expert,1,expert__participant_1,camera_target,1,A_kinematics_all,elastic_net,1,26.0,25.863707040174614,0.13629295982538636,0.13629295982538636
DVST_XI_6-8_Mar_2025_07_11.56.53_expert_1_glove cut_1.csv,expert,1,expert__participant_1,glove_cut,1,A_kinematics_all,elastic_net,1,20.0,22.99592576643839,-2.99592576643839,2.99592576643839
DVST_XI_6-8_Mar_2025_07_11.56.53_expert_1_ring rollercoaster_1.csv,expert,1,expert__participant_1,ring_rollercoaster,1,A_kinematics_all,elastic_net,1,21.0,22.885224285129024,-1.8852242851290235,1.8852242851290235
DVST_XI_6-8_Mar_2025_07_11.56.53_expert_1_sea spikes_1.csv,expert,1,expert__participant_1,sea_spikes,1,A_kinematics_all,elastic_net,1,23.0,23.644593039648484,-0.644593039648484,0.644593039648484
DVST_XI_6-8_Mar_2025_07_11.56.53_expert_1_suture_1.csv,expert,1,expert__participant_1,suture,1,A_kinematics_all,elastic_net,1,26.0,24.715402225374255,1.2845977746257446,1.2845977746257446
DVST_XI_6-8_Mar_2025_07_11.56.53_trainee_31_glove cut_1.csv,trainee,31,trainee__participant_31,glove_cut,1,A_kinematics_all,elastic_net,1,16.0,17.93497409769475,-1.9349740976947487,1.9349740976947487
DVST_XI_6-8_Mar_2025_07_11.56.53_trainee_36_glove cut_1.csv,trainee,36,trainee__participant_36,glove_cut,1,A_kinematics_all,elastic_net,1,18.0,18.619498433903978,-0.6194984339039777,0.6194984339039777
DVST_XI_7-11_Mar_2024_08_13.12.17_trainee_11_ring rollercoaster_1.csv,trainee,11,trainee__participant_11,ring_rollercoaster,1,A_kinematics_all,elastic_net,1,18.0,16.725548421568437,1.274451578431563,1.274451578431563
DVST_XI_7-11_Mar_2024_08_13.12.17_trainee_11_sea spikes_1.csv,trainee,11,trainee__participant_11,sea_spikes,1,A_kinematics_all,elastic_net,1,18.0,19.610393891749162,-1.6103938917491618,1.6103938917491618
DVST_XI_7-11_Mar_2024_09_10.19.01_trainee_11_camera target_1.csv,trainee,11,trainee__participant_11,camera_target,1,A_kinematics_all,elastic_net,1,10.0,12.168035352436334,-2.168035352436334,2.168035352436334
DVST_XI_7-11_Mar_2024_09_10.19.01_trainee_11_glove cut_1.csv,trainee,11,trainee__participant_11,glove_cut,1,A_kinematics_all,elastic_net,1,18.0,18.013011477072393,-0.013011477072392807,0.013011477072392807
DVST_XI_7-11_Mar_2024_09_13.46.11_trainee_11_suture_1.csv,trainee,11,trainee__participant_11,suture,1,A_kinematics_all,elastic_net,1,18.0,19.630190104287685,-1.630190104287685,1.630190104287685
DVST_XI_7-11_Mar_2024_10_08.59.30_trainee_11_ring rollercoaster_2.csv,trainee,11,trainee__participant_11,ring_rollercoaster,2,A_kinematics_all,elastic_net,1,16.0,18.114711906172506,-2.1147119061725057,2.1147119061725057
DVST_XI_7-11_Mar_2024_10_08.59.30_trainee_11_sea spikes_2.csv,trainee,11,trainee__participant_11,sea_spikes,2,A_kinematics_all,elastic_net,1,18.0,20.588973717442748,-2.588973717442748,2.588973717442748
DVST_XI_Griffin_29_sep-1_oct_2024_01_10.39.05_trainee_17_camera target_2.csv,trainee,17,trainee__participant_17,camera_target,2,A_kinematics_all,elastic_net,1,22.0,23.41423587298157,-1.4142358729815712,1.4142358729815712
DVST_XI_Griffin_29_sep-1_oct_2024_29_09.07.40_trainee_17_camera target_1.csv,trainee,17,trainee__participant_17,camera_target,1,A_kinematics_all,elastic_net,1,23.0,15.916608549431093,7.083391450568907,7.083391450568907
DVST_XI_Griffin_29_sep-1_oct_2024_29_09.07.40_trainee_17_suture_1.csv,trainee,17,trainee__participant_17,suture,1,A_kinematics_all,elastic_net,1,15.0,-12.76618231340538,27.76618231340538,27.76618231340538
DVST_XI_Griffin_29_sep-1_oct_2024_30_12.18.00_trainee_17_glove cut_2.csv,trainee,17,trainee__participant_17,glove_cut,2,A_kinematics_all,elastic_net,1,22.0,20.222762855181998,1.7772371448180024,1.7772371448180024
DVST_XI_Griffin_29_sep-1_oct_2024_30_12.18.00_trainee_17_ring rollercoaster_2.csv,trainee,17,trainee__participant_17,ring_rollercoaster,2,A_kinematics_all,elastic_net,1,22.0,20.6707820348323,1.3292179651677003,1.3292179651677003
DVST_XI_Griffin_29_sep-1_oct_2024_30_12.18.00_trainee_17_sea spikes_2.csv,trainee,17,trainee__participant_17,sea_spikes,2,A_kinematics_all,elastic_net,1,22.0,22.0748600595186,-0.07486005951859909,0.07486005951859909
DVST_XI_11-14_Aug_2025_13_11.33.24_expert_7_camera target_1.csv,expert,7,expert__participant_7,camera_target,1,A_kinematics_all,elastic_net,2,28.0,21.931088346908073,6.068911653091927,6.068911653091927
DVST_XI_11-14_Aug_2025_13_11.33.24_expert_7_glove cut_1.csv,expert,7,expert__participant_7,glove_cut,1,A_kinematics_all,elastic_net,2,25.0,20.68429123844308,4.31570876155692,4.31570876155692
DVST_XI_11-14_Aug_2025_13_11.33.24_expert_7_ring rollercoaster_1.csv,expert,7,expert__participant_7,ring_rollercoaster,1,A_kinematics_all,elastic_net,2,20.0,20.962797704989917,-0.9627977049899172,0.9627977049899172
DVST_XI_11-14_Aug_2025_13_11.33.24_expert_7_sea spikes_1.csv,expert,7,expert__participant_7,sea_spikes,1,A_kinematics_all,elastic_net,2,20.0,20.42401174824482,-0.42401174824481913,0.42401174824481913
DVST_XI_11-14_Aug_2025_13_11.33.24_expert_7_suture_1.csv,expert,7,expert__participant_7,suture,1,A_kinematics_all,elastic_net,2,29.0,21.693844578559133,7.306155421440867,7.306155421440867
DVST_XI_14-16_Feb_2024_14_09.13.16_trainee_4_camera target_1.csv,trainee,4,trainee__participant_4,camera_target,1,A_kinematics_all,elastic_net,2,16.0,17.647170076763448,-1.647170076763448,1.647170076763448
DVST_XI_14-16_Feb_2024_14_09.13.16_trainee_4_glove cut_1.csv,trainee,4,trainee__participant_4,glove_cut,1,A_kinematics_all,elastic_net,2,23.0,18.16089251140394,4.83910748859606,4.83910748859606
DVST_XI_14-16_Feb_2024_14_09.13.16_trainee_4_ring rollercoaster_1.csv,trainee,4,trainee__participant_4,ring_rollercoaster,1,A_kinematics_all,elastic_net,2,14.0,17.91092883420298,-3.9109288342029807,3.9109288342029807
DVST_XI_14-16_Feb_2024_14_09.13.16_trainee_4_sea spikes_1.csv,trainee,4,trainee__participant_4,sea_spikes,1,A_kinematics_all,elastic_net,2,18.0,18.218718374547688,-0.21871837454768794,0.21871837454768794
DVST_XI_14-16_Feb_2024_14_09.13.16_trainee_4_suture_1.csv,trainee,4,trainee__participant_4,suture,1,A_kinematics_all,elastic_net,2,18.0,18.549475898491263,-0.5494758984912629,0.5494758984912629
DVST_XI_14-16_Feb_2024_16_08.32.59_trainee_4_camera target_2.csv,trainee,4,trainee__participant_4,camera_target,2,A_kinematics_all,elastic_net,2,23.0,19.079810670532915,3.9201893294670853,3.9201893294670853
DVST_XI_14-16_Feb_2024_16_08.32.59_trainee_4_glove cut_2.csv,trainee,4,trainee__participant_4,glove_cut,2,A_kinematics_all,elastic_net,2,24.0,18.584974835890876,5.4150251641091245,5.4150251641091245
DVST_XI_14-16_Feb_2024_16_08.32.59_trainee_4_ring rollercoaster_2.csv,trainee,4,trainee__participant_4,ring_rollercoaster,2,A_kinematics_all,elastic_net,2,24.0,18.97819710929612,5.021802890703881,5.021802890703881
DVST_XI_14-16_Feb_2024_16_08.32.59_trainee_4_sea spikes_2.csv,trainee,4,trainee__participant_4,sea_spikes,2,A_kinematics_all,elastic_net,2,24.0,18.6572597623236,5.342740237676399,5.342740237676399
DVST_XI_14-16_Feb_2024_16_08.32.59_trainee_4_suture_2.csv,trainee,4,trainee__participant_4,suture,2,A_kinematics_all,elastic_net,2,22.0,20.292278102136727,1.7077218978632729,1.7077218978632729
DVST_XI_19-22_May_2025_22_09.34.36_trainee_38_camera target_2.csv,trainee,38,trainee__participant_38,camera_target,2,A_kinematics_all,elastic_net,2,22.0,22.975222841578727,-0.9752228415787272,0.9752228415787272
DVST_XI_19-22_May_2025_22_09.34.36_trainee_38_glove cut_2.csv,trainee,38,trainee__participant_38,glove_cut,2,A_kinematics_all,elastic_net,2,18.0,21.429109688971522,-3.429109688971522,3.429109688971522
DVST_XI_19-22_May_2025_22_09.34.36_trainee_42_camera target_2.csv,trainee,42,trainee__participant_42,camera_target,2,A_kinematics_all,elastic_net,2,19.0,20.522126707868942,-1.5221267078689422,1.5221267078689422
DVST_XI_19-22_May_2025_22_09.34.36_trainee_42_glove cut_2.csv,trainee,42,trainee__participant_42,glove_cut,2,A_kinematics_all,elastic_net,2,16.0,20.166112697202685,-4.166112697202685,4.166112697202685
DVST_XI_6-8_Mar_2025_06_10.41.14_trainee_34_camera target_1.csv,trainee,34,trainee__participant_34,camera_target,1,A_kinematics_all,elastic_net,2,18.0,19.935419306895493,-1.9354193068954935,1.9354193068954935
DVST_XI_6-8_Mar_2025_06_10.41.14_trainee_34_ring rollercoaster_1.csv,trainee,34,trainee__participant_34,ring_rollercoaster,1,A_kinematics_all,elastic_net,2,14.0,15.656126144123398,-1.656126144123398,1.656126144123398
DVST_XI_6-8_Mar_2025_06_10.41.14_trainee_34_sea spikes_1.csv,trainee,34,trainee__participant_34,sea_spikes,1,A_kinematics_all,elastic_net,2,14.0,15.785351255052452,-1.7853512550524524,1.7853512550524524
DVST_XI_6-8_Mar_2025_06_10.41.14_trainee_35_ring rollercoaster_1.csv,trainee,35,trainee__participant_35,ring_rollercoaster,1,A_kinematics_all,elastic_net,2,18.0,17.760575070925693,0.2394249290743069,0.2394249290743069
DVST_XI_6-8_Mar_2025_06_10.41.14_trainee_35_sea spikes_1.csv,trainee,35,trainee__participant_35,sea_spikes,1,A_kinematics_all,elastic_net,2,15.0,17.84720014479268,-2.84720014479268,2.84720014479268
DVST_XI_6-8_Mar_2025_07_11.56.53_trainee_34_glove cut_1.csv,trainee,34,trainee__participant_34,glove_cut,1,A_kinematics_all,elastic_net,2,12.0,14.76748139867652,-2.7674813986765194,2.7674813986765194
DVST_XI_6-8_Mar_2025_07_11.56.53_trainee_35_camera target_2.csv,trainee,35,trainee__participant_35,camera_target,2,A_kinematics_all,elastic_net,2,18.0,20.538167071222336,-2.538167071222336,2.538167071222336
DVST_XI_6-8_Mar_2025_07_11.56.53_trainee_35_glove cut_1.csv,trainee,35,trainee__participant_35,glove_cut,1,A_kinematics_all,elastic_net,2,16.0,19.455077730910595,-3.4550777309105953,3.4550777309105953
DVST_XI_6-8_Mar_2025_07_11.56.53_trainee_35_sea spikes_2.csv,trainee,35,trainee__participant_35,sea_spikes,2,A_kinematics_all,elastic_net,2,21.0,20.392683769659836,0.6073162303401638,0.6073162303401638
DVST_XI_Griffin_16-19_07_2024_16_08.46.09_trainee_14_glove cut_1.csv,trainee,14,trainee__participant_14,glove_cut,1,A_kinematics_all,elastic_net,2,11.0,19.823300386355278,-8.823300386355278,8.823300386355278
DVST_XI_Griffin_16-19_07_2024_16_08.46.09_trainee_14_ring rollercoaster_1.csv,trainee,14,trainee__participant_14,ring_rollercoaster,1,A_kinematics_all,elastic_net,2,16.0,21.045692106579608,-5.045692106579608,5.045692106579608
DVST_XI_Griffin_16-19_07_2024_16_08.46.09_trainee_14_sea spikes_1.csv,trainee,14,trainee__participant_14,sea_spikes,1,A_kinematics_all,elastic_net,2,12.0,16.35049205428959,-4.350492054289589,4.350492054289589
DVST_XI_Griffin_16-19_07_2024_16_08.46.09_trainee_14_suture_1.csv,trainee,14,trainee__participant_14,suture,1,A_kinematics_all,elastic_net,2,15.0,20.49845632207186,-5.49845632207186,5.49845632207186
DVST_XI_Griffin_16-19_07_2024_17_12.20.23_trainee_14_camera target_1.csv,trainee,14,trainee__participant_14,camera_target,1,A_kinematics_all,elastic_net,2,14.0,17.485519807677868,-3.4855198076778677,3.4855198076778677
DVST_XI_Griffin_16-19_07_2024_18_08.46.52_trainee_14_sea spikes_2.csv,trainee,14,trainee__participant_14,sea_spikes,2,A_kinematics_all,elastic_net,2,20.0,19.69604212152625,0.30395787847374933,0.30395787847374933
DVST_XI_Griffin_16-19_07_2024_18_08.46.52_trainee_14_suture_2.csv,trainee,14,trainee__participant_14,suture,2,A_kinematics_all,elastic_net,2,29.0,21.198578705607467,7.801421294392533,7.801421294392533
DVST_XI_Griffin_16-19_07_2024_19_09.39.41_trainee_14_glove cut_2.csv,trainee,14,trainee__participant_14,glove_cut,2,A_kinematics_all,elastic_net,2,18.0,18.725459865013537,-0.7254598650135371,0.7254598650135371
DVST_XI_Griffin_29_sep-1_oct_2024_01_10.39.05_trainee_19_camera target_2.csv,trainee,19,trainee__participant_19,camera_target,2,A_kinematics_all,elastic_net,2,18.0,19.464799166702882,-1.464799166702882,1.464799166702882
DVST_XI_Griffin_29_sep-1_oct_2024_01_10.39.05_trainee_21_camera target_2.csv,trainee,21,trainee__participant_21,camera_target,2,A_kinematics_all,elastic_net,2,23.0,21.04138950936417,1.9586104906358308,1.9586104906358308
DVST_XI_Griffin_29_sep-1_oct_2024_29_09.07.40_trainee_19_camera target_1.csv,trainee,19,trainee__participant_19,camera_target,1,A_kinematics_all,elastic_net,2,17.0,16.940083794144602,0.05991620585539792,0.05991620585539792
DVST_XI_Griffin_29_sep-1_oct_2024_29_09.07.40_trainee_19_suture_1.csv,trainee,19,trainee__participant_19,suture,1,A_kinematics_all,elastic_net,2,16.0,17.41679557233176,-1.4167955723317611,1.4167955723317611
DVST_XI_Griffin_29_sep-1_oct_2024_29_09.07.40_trainee_21_camera target_1.csv,trainee,21,trainee__participant_21,camera_target,1,A_kinematics_all,elastic_net,2,19.0,19.017454460687258,-0.017454460687257978,0.017454460687257978
DVST_XI_Griffin_29_sep-1_oct_2024_29_09.07.40_trainee_21_suture_1.csv,trainee,21,trainee__participant_21,suture,1,A_kinematics_all,elastic_net,2,18.0,19.59960743904768,-1.5996074390476807,1.5996074390476807
DVST_XI_Griffin_29_sep-1_oct_2024_30_12.18.00_trainee_19_glove cut_2.csv,trainee,19,trainee__participant_19,glove_cut,2,A_kinematics_all,elastic_net,2,17.0,18.09357231751203,-1.0935723175120309,1.0935723175120309
DVST_XI_Griffin_29_sep-1_oct_2024_30_12.18.00_trainee_19_ring rollercoaster_2.csv,trainee,19,trainee__participant_19,ring_rollercoaster,2,A_kinematics_all,elastic_net,2,22.0,18.46475566311205,3.535244336887949,3.535244336887949
DVST_XI_Griffin_29_sep-1_oct_2024_30_12.18.00_trainee_19_sea spikes_2.csv,trainee,19,trainee__participant_19,sea_spikes,2,A_kinematics_all,elastic_net,2,21.0,19.781534767277268,1.2184652327227319,1.2184652327227319
DVST_XI_Griffin_29_sep-1_oct_2024_30_12.18.00_trainee_21_glove cut_2.csv,trainee,21,trainee__participant_21,glove_cut,2,A_kinematics_all,elastic_net,2,25.0,19.59667166971076,5.403328330289241,5.403328330289241
DVST_XI_Griffin_29_sep-1_oct_2024_30_12.18.00_trainee_21_ring rollercoaster_2.csv,trainee,21,trainee__participant_21,ring_rollercoaster,2,A_kinematics_all,elastic_net,2,22.0,19.821567665848892,2.1784323341511076,2.1784323341511076
DVST_XI_Griffin_29_sep-1_oct_2024_30_12.18.00_trainee_21_sea spikes_2.csv,trainee,21,trainee__participant_21,sea_spikes,2,A_kinematics_all,elastic_net,2,22.0,19.954504328894362,2.0454956711056376,2.0454956711056376
DVST_XI_Griffin_29_sep-1_oct_2024_30_12.18.00_trainee_21_suture_2.csv,trainee,21,trainee__participant_21,suture,2,A_kinematics_all,elastic_net,2,23.0,20.17508227310201,2.82491772689799,2.82491772689799
DVST_XI_10-13_Nov_2025_12_10.36.46_expert_9_camera target_1.csv,expert,9,expert__participant_9,camera_target,1,A_kinematics_all,elastic_net,3,28.0,23.08157462258213,4.918425377417869,4.918425377417869
DVST_XI_10-13_Nov_2025_12_10.36.46_expert_9_glove cut_1.csv,expert,9,expert__participant_9,glove_cut,1,A_kinematics_all,elastic_net,3,29.0,22.66759088271653,6.3324091172834684,6.3324091172834684
DVST_XI_10-13_Nov_2025_12_10.36.46_expert_9_ring rollercoaster_1.csv,expert,9,expert__participant_9,ring_rollercoaster,1,A_kinematics_all,elastic_net,3,29.0,21.489480817592096,7.510519182407904,7.510519182407904
DVST_XI_10-13_Nov_2025_12_10.36.46_expert_9_sea spikes_1.csv,expert,9,expert__participant_9,sea_spikes,1,A_kinematics_all,elastic_net,3,29.0,21.81234277243887,7.187657227561129,7.187657227561129
DVST_XI_10-13_Nov_2025_12_10.36.46_expert_9_suture_1.csv,expert,9,expert__participant_9,suture,1,A_kinematics_all,elastic_net,3,28.0,23.200745538831267,4.799254461168733,4.799254461168733
DVST_XI_14-16_Feb_2024_14_09.13.16_trainee_3_camera target_1.csv,trainee,3,trainee__participant_3,camera_target,1,A_kinematics_all,elastic_net,3,15.0,19.000292945801377,-4.000292945801377,4.000292945801377
DVST_XI_14-16_Feb_2024_14_09.13.16_trainee_3_glove cut_1.csv,trainee,3,trainee__participant_3,glove_cut,1,A_kinematics_all,elastic_net,3,17.0,20.30214267469437,-3.3021426746943696,3.3021426746943696
DVST_XI_14-16_Feb_2024_14_09.13.16_trainee_3_ring rollercoaster_1.csv,trainee,3,trainee__participant_3,ring_rollercoaster,1,A_kinematics_all,elastic_net,3,12.0,18.785706199601297,-6.785706199601297,6.785706199601297
DVST_XI_14-16_Feb_2024_14_09.13.16_trainee_3_sea spikes_1.csv,trainee,3,trainee__participant_3,sea_spikes,1,A_kinematics_all,elastic_net,3,15.0,18.761816195423954,-3.761816195423954,3.761816195423954
DVST_XI_14-16_Feb_2024_14_09.13.16_trainee_3_suture_1.csv,trainee,3,trainee__participant_3,suture,1,A_kinematics_all,elastic_net,3,19.0,19.469319883706742,-0.46931988370674205,0.46931988370674205
DVST_XI_14-16_Feb_2024_16_08.32.59_trainee_3_camera target_2.csv,trainee,3,trainee__participant_3,camera_target,2,A_kinematics_all,elastic_net,3,23.0,18.769479960345524,4.2305200396544755,4.2305200396544755
DVST_XI_14-16_Feb_2024_16_08.32.59_trainee_3_glove cut_2.csv,trainee,3,trainee__participant_3,glove_cut,2,A_kinematics_all,elastic_net,3,19.0,19.684190197050064,-0.6841901970500643,0.6841901970500643
DVST_XI_14-16_Feb_2024_16_08.32.59_trainee_3_ring rollercoaster_2.csv,trainee,3,trainee__participant_3,ring_rollercoaster,2,A_kinematics_all,elastic_net,3,21.0,19.686892773786678,1.3131072262133223,1.3131072262133223
DVST_XI_14-16_Feb_2024_16_08.32.59_trainee_3_sea spikes_2.csv,trainee,3,trainee__participant_3,sea_spikes,2,A_kinematics_all,elastic_net,3,17.0,19.63822143164536,-2.638221431645359,2.638221431645359
DVST_XI_14-16_Feb_2024_16_08.32.59_trainee_3_suture_2.csv,trainee,3,trainee__participant_3,suture,2,A_kinematics_all,elastic_net,3,22.0,21.958476242694402,0.04152375730559754,0.04152375730559754
DVST_XI_19-22_May_2025_22_09.34.36_trainee_37_camera target_2.csv,trainee,37,trainee__participant_37,camera_target,2,A_kinematics_all,elastic_net,3,16.0,19.57667869464427,-3.5766786946442686,3.5766786946442686
DVST_XI_19-22_May_2025_22_09.34.36_trainee_37_glove cut_2.csv,trainee,37,trainee__participant_37,glove_cut,2,A_kinematics_all,elastic_net,3,19.0,20.866643791531434,-1.866643791531434,1.866643791531434
DVST_XI_19-22_May_2025_22_09.34.36_trainee_41_camera target_2.csv,trainee,41,trainee__participant_41,camera_target,2,A_kinematics_all,elastic_net,3,20.0,19.70937677828244,0.29062322171755994,0.29062322171755994
DVST_XI_19-22_May_2025_22_09.34.36_trainee_41_glove cut_2.csv,trainee,41,trainee__participant_41,glove_cut,2,A_kinematics_all,elastic_net,3,19.0,20.46108941437184,-1.4610894143718411,1.4610894143718411
DVST_XI_6-8_Mar_2025_06_10.41.14_trainee_32_camera target_1.csv,trainee,32,trainee__participant_32,camera_target,1,A_kinematics_all,elastic_net,3,20.0,20.382164795306483,-0.3821647953064833,0.3821647953064833
DVST_XI_6-8_Mar_2025_06_10.41.14_trainee_32_ring rollercoaster_1.csv,trainee,32,trainee__participant_32,ring_rollercoaster,1,A_kinematics_all,elastic_net,3,17.0,18.969072016412444,-1.9690720164124436,1.9690720164124436
DVST_XI_6-8_Mar_2025_06_10.41.14_trainee_32_sea spikes_1.csv,trainee,32,trainee__participant_32,sea_spikes,1,A_kinematics_all,elastic_net,3,14.0,22.282203586253505,-8.282203586253505,8.282203586253505
DVST_XI_6-8_Mar_2025_07_11.56.53_trainee_32_glove cut_1.csv,trainee,32,trainee__participant_32,glove_cut,1,A_kinematics_all,elastic_net,3,13.0,20.072203974751165,-7.072203974751165,7.072203974751165
DVST_XI_7-11_Jul_2025_10_09.40.17_expert_6_camera target_1.csv,expert,6,expert__participant_6,camera_target,1,A_kinematics_all,elastic_net,3,25.0,21.254912818194953,3.7450871818050473,3.7450871818050473
DVST_XI_7-11_Jul_2025_10_09.40.17_expert_6_glove cut_1.csv,expert,6,expert__participant_6,glove_cut,1,A_kinematics_all,elastic_net,3,23.0,20.549954893693037,2.4500451063069626,2.4500451063069626
DVST_XI_7-11_Jul_2025_10_09.40.17_expert_6_ring rollercoaster_1.csv,expert,6,expert__participant_6,ring_rollercoaster,1,A_kinematics_all,elastic_net,3,23.0,20.855589857393184,2.144410142606816,2.144410142606816
DVST_XI_7-11_Jul_2025_10_09.40.17_expert_6_sea spikes_1.csv,expert,6,expert__participant_6,sea_spikes,1,A_kinematics_all,elastic_net,3,23.0,20.14414306305502,2.8558569369449813,2.8558569369449813
DVST_XI_7-11_Jul_2025_10_09.40.17_expert_6_suture_1.csv,expert,6,expert__participant_6,suture,1,A_kinematics_all,elastic_net,3,26.0,21.81965591796704,4.18034408203296,4.18034408203296
DVST_XI_Griffin_16-19_07_2024_16_08.46.09_trainee_15_glove cut_1.csv,trainee,15,trainee__participant_15,glove_cut,1,A_kinematics_all,elastic_net,3,17.0,19.681324787953063,-2.681324787953063,2.681324787953063
DVST_XI_Griffin_16-19_07_2024_16_08.46.09_trainee_15_ring rollercoaster_1.csv,trainee,15,trainee__participant_15,ring_rollercoaster,1,A_kinematics_all,elastic_net,3,18.0,20.6303582640702,-2.6303582640701997,2.6303582640701997
DVST_XI_Griffin_16-19_07_2024_16_08.46.09_trainee_15_sea spikes_1.csv,trainee,15,trainee__participant_15,sea_spikes,1,A_kinematics_all,elastic_net,3,20.0,19.950453072304086,0.04954692769591418,0.04954692769591418
DVST_XI_Griffin_16-19_07_2024_16_08.46.09_trainee_15_suture_1.csv,trainee,15,trainee__participant_15,suture,1,A_kinematics_all,elastic_net,3,15.0,18.876049228529634,-3.8760492285296344,3.8760492285296344
DVST_XI_Griffin_16-19_07_2024_17_12.20.23_trainee_13_camera target_1.csv,trainee,13,trainee__participant_13,camera_target,1,A_kinematics_all,elastic_net,3,19.0,19.909815807611484,-0.9098158076114835,0.9098158076114835
DVST_XI_Griffin_16-19_07_2024_17_12.20.23_trainee_13_glove cut_1.csv,trainee,13,trainee__participant_13,glove_cut,1,A_kinematics_all,elastic_net,3,23.0,19.2178247614598,3.7821752385402014,3.7821752385402014
DVST_XI_Griffin_16-19_07_2024_17_12.20.23_trainee_13_ring rollercoaster_1.csv,trainee,13,trainee__participant_13,ring_rollercoaster,1,A_kinematics_all,elastic_net,3,17.0,20.365997390458148,-3.3659973904581477,3.3659973904581477
DVST_XI_Griffin_16-19_07_2024_17_12.20.23_trainee_13_sea spikes_1.csv,trainee,13,trainee__participant_13,sea_spikes,1,A_kinematics_all,elastic_net,3,17.0,20.05082086131316,-3.0508208613131593,3.0508208613131593
DVST_XI_Griffin_16-19_07_2024_17_12.20.23_trainee_13_suture_1.csv,trainee,13,trainee__participant_13,suture,1,A_kinematics_all,elastic_net,3,23.0,20.282730575930486,2.7172694240695137,2.7172694240695137
DVST_XI_Griffin_16-19_07_2024_17_12.20.23_trainee_15_camera target_1.csv,trainee,15,trainee__participant_15,camera_target,1,A_kinematics_all,elastic_net,3,18.0,20.60537058714551,-2.6053705871455115,2.6053705871455115
DVST_XI_Griffin_16-19_07_2024_18_08.46.52_trainee_13_sea spikes_2.csv,trainee,13,trainee__participant_13,sea_spikes,2,A_kinematics_all,elastic_net,3,21.0,21.184918810447943,-0.18491881044794312,0.18491881044794312
DVST_XI_Griffin_16-19_07_2024_18_08.46.52_trainee_13_suture_2.csv,trainee,13,trainee__participant_13,suture,2,A_kinematics_all,elastic_net,3,28.0,20.663014766504045,7.336985233495955,7.336985233495955
DVST_XI_Griffin_16-19_07_2024_18_08.46.52_trainee_15_sea spikes_2.csv,trainee,15,trainee__participant_15,sea_spikes,2,A_kinematics_all,elastic_net,3,23.0,20.105025524121466,2.8949744758785343,2.8949744758785343
DVST_XI_Griffin_16-19_07_2024_18_08.46.52_trainee_15_suture_2.csv,trainee,15,trainee__participant_15,suture,2,A_kinematics_all,elastic_net,3,26.0,20.879523463906697,5.120476536093303,5.120476536093303
DVST_XI_Griffin_16-19_07_2024_19_09.39.41_trainee_13_camera target_2.csv,trainee,13,trainee__participant_13,camera_target,2,A_kinematics_all,elastic_net,3,17.0,22.43830328561791,-5.438303285617909,5.438303285617909
DVST_XI_Griffin_29_sep-1_oct_2024_01_10.39.05_trainee_18_camera target_2.csv,trainee,18,trainee__participant_18,camera_target,2,A_kinematics_all,elastic_net,3,18.0,21.32651882717365,-3.3265188271736505,3.3265188271736505
DVST_XI_Griffin_29_sep-1_oct_2024_29_09.07.40_trainee_18_suture_1.csv,trainee,18,trainee__participant_18,suture,1,A_kinematics_all,elastic_net,3,12.0,15.623625501399575,-3.623625501399575,3.623625501399575
DVST_XI_Griffin_29_sep-1_oct_2024_30_12.18.00_trainee_18_glove cut_2.csv,trainee,18,trainee__participant_18,glove_cut,2,A_kinematics_all,elastic_net,3,22.0,20.500505739430785,1.4994942605692145,1.4994942605692145
DVST_XI_Griffin_29_sep-1_oct_2024_30_12.18.00_trainee_18_ring rollercoaster_2.csv,trainee,18,trainee__participant_18,ring_rollercoaster,2,A_kinematics_all,elastic_net,3,24.0,20.146095693837054,3.8539043061629457,3.8539043061629457
DVST_XI_Griffin_29_sep-1_oct_2024_30_12.18.00_trainee_18_sea spikes_2.csv,trainee,18,trainee__participant_18,sea_spikes,2,A_kinematics_all,elastic_net,3,22.0,20.15124174279501,1.8487582572049917,1.8487582572049917
DVST_XI_Griffin_29_sep-1_oct_2024_30_12.18.00_trainee_18_suture_2.csv,trainee,18,trainee__participant_18,suture,2,A_kinematics_all,elastic_net,3,22.0,21.073814990577137,0.9261850094228627,0.9261850094228627
DVST_XI_19-22_May_2025_21_09.43.23_expert_5_camera target_1.csv,expert,5,expert__participant_5,camera_target,1,A_kinematics_all,elastic_net,4,30.0,23.59279934230158,6.4072006576984215,6.4072006576984215
DVST_XI_19-22_May_2025_21_09.43.23_expert_5_glove cut_1.csv,expert,5,expert__participant_5,glove_cut,1,A_kinematics_all,elastic_net,4,24.0,21.001525926712596,2.9984740732874045,2.9984740732874045
DVST_XI_19-22_May_2025_21_09.43.23_expert_5_ring rollercoaster_1.csv,expert,5,expert__participant_5,ring_rollercoaster,1,A_kinematics_all,elastic_net,4,24.0,21.108861938787634,2.8911380612123665,2.8911380612123665
DVST_XI_19-22_May_2025_21_09.43.23_expert_5_sea spikes_1.csv,expert,5,expert__participant_5,sea_spikes,1,A_kinematics_all,elastic_net,4,24.0,22.19596521973669,1.8040347802633114,1.8040347802633114
DVST_XI_19-22_May_2025_21_09.43.23_expert_5_suture_1.csv,expert,5,expert__participant_5,suture,1,A_kinematics_all,elastic_net,4,29.0,23.218737078177643,5.781262921822357,5.781262921822357
DVST_XI_19-22_May_2025_22_09.34.36_trainee_40_camera target_2.csv,trainee,40,trainee__participant_40,camera_target,2,A_kinematics_all,elastic_net,4,24.0,24.248335323221582,-0.24833532322158192,0.24833532322158192
DVST_XI_19-22_May_2025_22_09.34.36_trainee_40_glove cut_2.csv,trainee,40,trainee__participant_40,glove_cut,2,A_kinematics_all,elastic_net,4,24.0,22.016730603182214,1.9832693968177857,1.9832693968177857
DVST_XI_6-8_Mar_2025_06_10.41.14_trainee_33_camera target_1.csv,trainee,33,trainee__participant_33,camera_target,1,A_kinematics_all,elastic_net,4,23.0,20.450652070676846,2.5493479293231545,2.5493479293231545
DVST_XI_6-8_Mar_2025_06_10.41.14_trainee_33_ring rollercoaster_1.csv,trainee,33,trainee__participant_33,ring_rollercoaster,1,A_kinematics_all,elastic_net,4,21.0,20.5088900711989,0.4911099288011016,0.4911099288011016
DVST_XI_6-8_Mar_2025_06_10.41.14_trainee_33_sea spikes_1.csv,trainee,33,trainee__participant_33,sea_spikes,1,A_kinematics_all,elastic_net,4,16.0,18.219860764980602,-2.219860764980602,2.219860764980602
DVST_XI_6-8_Mar_2025_07_11.56.53_trainee_33_camera target_2.csv,trainee,33,trainee__participant_33,camera_target,2,A_kinematics_all,elastic_net,4,19.0,20.483614478856545,-1.4836144788565448,1.4836144788565448
DVST_XI_6-8_Mar_2025_07_11.56.53_trainee_33_glove cut_1.csv,trainee,33,trainee__participant_33,glove_cut,1,A_kinematics_all,elastic_net,4,18.0,19.900613781537075,-1.900613781537075,1.900613781537075
DVST_XI_6-8_Mar_2025_07_11.56.53_trainee_33_sea spikes_2.csv,trainee,33,trainee__participant_33,sea_spikes,2,A_kinematics_all,elastic_net,4,20.0,19.04755638958708,0.9524436104129208,0.9524436104129208
DVST_XI_6-8_Mar_2025_08_08.21.32_expert_3_camera target_1.csv,expert,3,expert__participant_3,camera_target,1,A_kinematics_all,elastic_net,4,27.0,19.48716476746965,7.51283523253035,7.51283523253035
DVST_XI_6-8_Mar_2025_08_08.21.32_expert_3_ring rollercoaster_1.csv,expert,3,expert__participant_3,ring_rollercoaster,1,A_kinematics_all,elastic_net,4,21.0,18.10159398061556,2.8984060193844385,2.8984060193844385
DVST_XI_6-8_Mar_2025_08_08.21.32_expert_3_sea spikes_1.csv,expert,3,expert__participant_3,sea_spikes,1,A_kinematics_all,elastic_net,4,23.0,18.168121136109185,4.831878863890815,4.831878863890815
DVST_XI_6-8_Mar_2025_08_08.21.32_expert_3_suture_1.csv,expert,3,expert__participant_3,suture,1,A_kinematics_all,elastic_net,4,28.0,19.159636239825208,8.840363760174792,8.840363760174792
DVST_XI_7-11_Mar_2024_08_13.12.17_trainee_7_ring rollercoaster_1.csv,trainee,7,trainee__participant_7,ring_rollercoaster,1,A_kinematics_all,elastic_net,4,15.0,17.348574968901584,-2.348574968901584,2.348574968901584
DVST_XI_7-11_Mar_2024_08_13.12.17_trainee_7_sea spikes_1.csv,trainee,7,trainee__participant_7,sea_spikes,1,A_kinematics_all,elastic_net,4,19.0,16.113824369414413,2.886175630585587,2.886175630585587
DVST_XI_7-11_Mar_2024_08_13.12.17_trainee_9_ring rollercoaster_1.csv,trainee,9,trainee__participant_9,ring_rollercoaster,1,A_kinematics_all,elastic_net,4,14.0,19.04492661013034,-5.044926610130339,5.044926610130339
DVST_XI_7-11_Mar_2024_08_13.12.17_trainee_9_sea spikes_1.csv,trainee,9,trainee__participant_9,sea_spikes,1,A_kinematics_all,elastic_net,4,18.0,17.602790756441046,0.3972092435589545,0.3972092435589545
DVST_XI_7-11_Mar_2024_09_10.19.01_trainee_7_camera target_1.csv,trainee,7,trainee__participant_7,camera_target,1,A_kinematics_all,elastic_net,4,17.0,19.346480916562165,-2.3464809165621645,2.3464809165621645
DVST_XI_7-11_Mar_2024_09_10.19.01_trainee_7_glove cut_1.csv,trainee,7,trainee__participant_7,glove_cut,1,A_kinematics_all,elastic_net,4,15.0,16.6152533204351,-1.6152533204351016,1.6152533204351016
DVST_XI_7-11_Mar_2024_09_10.19.01_trainee_9_camera target_1.csv,trainee,9,trainee__participant_9,camera_target,1,A_kinematics_all,elastic_net,4,19.0,18.863785110904033,0.13621488909596735,0.13621488909596735
DVST_XI_7-11_Mar_2024_09_10.19.01_trainee_9_glove cut_1.csv,trainee,9,trainee__participant_9,glove_cut,1,A_kinematics_all,elastic_net,4,18.0,17.80645637360122,0.19354362639878175,0.19354362639878175
DVST_XI_7-11_Mar_2024_09_13.46.11_trainee_7_suture_1.csv,trainee,7,trainee__participant_7,suture,1,A_kinematics_all,elastic_net,4,17.0,18.87427818874729,-1.8742781887472901,1.8742781887472901
DVST_XI_7-11_Mar_2024_09_13.46.11_trainee_9_suture_1.csv,trainee,9,trainee__participant_9,suture,1,A_kinematics_all,elastic_net,4,16.0,18.891200351047768,-2.891200351047768,2.891200351047768
DVST_XI_7-11_Mar_2024_10_08.59.30_trainee_7_ring rollercoaster_2.csv,trainee,7,trainee__participant_7,ring_rollercoaster,2,A_kinematics_all,elastic_net,4,18.0,18.888381824636753,-0.8883818246367525,0.8883818246367525
DVST_XI_7-11_Mar_2024_10_08.59.30_trainee_7_sea spikes_2.csv,trainee,7,trainee__participant_7,sea_spikes,2,A_kinematics_all,elastic_net,4,20.0,18.26460336431719,1.735396635682811,1.735396635682811
DVST_XI_7-11_Mar_2024_10_08.59.30_trainee_9_ring rollercoaster_2.csv,trainee,9,trainee__participant_9,ring_rollercoaster,2,A_kinematics_all,elastic_net,4,20.0,19.785199983366404,0.21480001663359616,0.21480001663359616
DVST_XI_7-11_Mar_2024_10_08.59.30_trainee_9_sea spikes_2.csv,trainee,9,trainee__participant_9,sea_spikes,2,A_kinematics_all,elastic_net,4,22.0,19.316104322404524,2.6838956775954763,2.6838956775954763
DVST_XI_Griffin_16-19_07_2024_16_08.46.09_trainee_12_glove cut_1.csv,trainee,12,trainee__participant_12,glove_cut,1,A_kinematics_all,elastic_net,4,21.0,18.888980042644267,2.111019957355733,2.111019957355733
DVST_XI_Griffin_16-19_07_2024_16_08.46.09_trainee_12_ring rollercoaster_1.csv,trainee,12,trainee__participant_12,ring_rollercoaster,1,A_kinematics_all,elastic_net,4,16.0,20.054153018458567,-4.0541530184585675,4.0541530184585675
DVST_XI_Griffin_16-19_07_2024_16_08.46.09_trainee_12_sea spikes_1.csv,trainee,12,trainee__participant_12,sea_spikes,1,A_kinematics_all,elastic_net,4,12.0,18.3731390037199,-6.373139003719899,6.373139003719899
DVST_XI_Griffin_16-19_07_2024_16_08.46.09_trainee_16_glove cut_1.csv,trainee,16,trainee__participant_16,glove_cut,1,A_kinematics_all,elastic_net,4,15.0,18.181319861134742,-3.1813198611347424,3.1813198611347424
DVST_XI_Griffin_16-19_07_2024_16_08.46.09_trainee_16_ring rollercoaster_1.csv,trainee,16,trainee__participant_16,ring_rollercoaster,1,A_kinematics_all,elastic_net,4,20.0,18.90217005316435,1.097829946835649,1.097829946835649
DVST_XI_Griffin_16-19_07_2024_16_08.46.09_trainee_16_sea spikes_1.csv,trainee,16,trainee__participant_16,sea_spikes,1,A_kinematics_all,elastic_net,4,16.0,16.915046662129654,-0.9150466621296545,0.9150466621296545
DVST_XI_Griffin_16-19_07_2024_16_08.46.09_trainee_16_suture_1.csv,trainee,16,trainee__participant_16,suture,1,A_kinematics_all,elastic_net,4,21.0,16.795066155742248,4.204933844257752,4.204933844257752
DVST_XI_Griffin_16-19_07_2024_17_12.20.23_trainee_12_camera target_1.csv,trainee,12,trainee__participant_12,camera_target,1,A_kinematics_all,elastic_net,4,16.0,22.31460759339672,-6.314607593396719,6.314607593396719
DVST_XI_Griffin_16-19_07_2024_17_12.20.23_trainee_16_camera target_1.csv,trainee,16,trainee__participant_16,camera_target,1,A_kinematics_all,elastic_net,4,23.0,20.844808750334337,2.1551912496656627,2.1551912496656627
DVST_XI_Griffin_16-19_07_2024_17_12.20.23_trainee_16_ring rollercoaster_2.csv,trainee,16,trainee__participant_16,ring_rollercoaster,2,A_kinematics_all,elastic_net,4,23.0,20.409426413029482,2.5905735869705175,2.5905735869705175
DVST_XI_Griffin_16-19_07_2024_18_08.46.52_trainee_12_suture_2.csv,trainee,12,trainee__participant_12,suture,2,A_kinematics_all,elastic_net,4,28.0,21.61249046084733,6.387509539152671,6.387509539152671
DVST_XI_Griffin_16-19_07_2024_18_08.46.52_trainee_16_sea spikes_2.csv,trainee,16,trainee__participant_16,sea_spikes,2,A_kinematics_all,elastic_net,4,21.0,19.98329587375218,1.01670412624782,1.01670412624782
DVST_XI_Griffin_16-19_07_2024_18_08.46.52_trainee_16_suture_2.csv,trainee,16,trainee__participant_16,suture,2,A_kinematics_all,elastic_net,4,29.0,21.610358305694454,7.389641694305546,7.389641694305546
DVST_XI_Griffin_16-19_07_2024_19_09.39.41_trainee_12_glove cut_2.csv,trainee,12,trainee__participant_12,glove_cut,2,A_kinematics_all,elastic_net,4,20.0,18.424525740620282,1.5754742593797175,1.5754742593797175
DVST_XI_Griffin_16-19_07_2024_19_09.39.41_trainee_16_camera target_2.csv,trainee,16,trainee__participant_16,camera_target,2,A_kinematics_all,elastic_net,4,23.0,20.496274398801646,2.5037256011983544,2.5037256011983544
DVST_XI_Griffin_16-19_07_2024_19_09.39.41_trainee_16_glove cut_2.csv,trainee,16,trainee__participant_16,glove_cut,2,A_kinematics_all,elastic_net,4,24.0,18.255173819189633,5.744826180810367,5.744826180810367
DVST_XI_10-13_Nov_2025_12_10.36.46_expert_10_camera target_1.csv,expert,10,expert__participant_10,camera_target,1,A_kinematics_all,elastic_net,5,30.0,26.719115468446137,3.2808845315538626,3.2808845315538626
DVST_XI_10-13_Nov_2025_12_10.36.46_expert_10_glove cut_1.csv,expert,10,expert__participant_10,glove_cut,1,A_kinematics_all,elastic_net,5,28.0,24.77545272189142,3.224547278108581,3.224547278108581
DVST_XI_10-13_Nov_2025_12_10.36.46_expert_10_ring rollercoaster_1.csv,expert,10,expert__participant_10,ring_rollercoaster,1,A_kinematics_all,elastic_net,5,29.0,23.774290936982887,5.2257090630171135,5.2257090630171135
DVST_XI_10-13_Nov_2025_12_10.36.46_expert_10_sea spikes_1.csv,expert,10,expert__participant_10,sea_spikes,1,A_kinematics_all,elastic_net,5,29.0,23.57251608022688,5.42748391977312,5.42748391977312
DVST_XI_10-13_Nov_2025_12_10.36.46_expert_10_suture_1.csv,expert,10,expert__participant_10,suture,1,A_kinematics_all,elastic_net,5,30.0,26.832271507250415,3.1677284927495855,3.1677284927495855
DVST_XI_14-16_Feb_2024_14_09.13.16_trainee_1_camera target_1.csv,trainee,1,trainee__participant_1,camera_target,1,A_kinematics_all,elastic_net,5,17.0,18.696142930759454,-1.6961429307594535,1.6961429307594535
DVST_XI_14-16_Feb_2024_14_09.13.16_trainee_1_glove cut_1.csv,trainee,1,trainee__participant_1,glove_cut,1,A_kinematics_all,elastic_net,5,15.0,15.557730079412327,-0.5577300794123268,0.5577300794123268
DVST_XI_14-16_Feb_2024_14_09.13.16_trainee_1_ring rollercoaster_1.csv,trainee,1,trainee__participant_1,ring_rollercoaster,1,A_kinematics_all,elastic_net,5,14.0,16.875595341801276,-2.875595341801276,2.875595341801276
DVST_XI_14-16_Feb_2024_14_09.13.16_trainee_1_sea spikes_1.csv,trainee,1,trainee__participant_1,sea_spikes,1,A_kinematics_all,elastic_net,5,13.0,16.58722191168314,-3.587221911683141,3.587221911683141
DVST_XI_14-16_Feb_2024_14_09.13.16_trainee_1_suture_1.csv,trainee,1,trainee__participant_1,suture,1,A_kinematics_all,elastic_net,5,19.0,16.80720529065564,2.1927947093443585,2.1927947093443585
DVST_XI_14-16_Feb_2024_16_08.32.59_trainee_1_camera target_2.csv,trainee,1,trainee__participant_1,camera_target,2,A_kinematics_all,elastic_net,5,19.0,18.1555293473613,0.8444706526387016,0.8444706526387016
DVST_XI_14-16_Feb_2024_16_08.32.59_trainee_1_glove cut_2.csv,trainee,1,trainee__participant_1,glove_cut,2,A_kinematics_all,elastic_net,5,19.0,16.3351387522314,2.6648612477685987,2.6648612477685987
DVST_XI_14-16_Feb_2024_16_08.32.59_trainee_1_ring rollercoaster_2.csv,trainee,1,trainee__participant_1,ring_rollercoaster,2,A_kinematics_all,elastic_net,5,20.0,19.076245148693154,0.9237548513068461,0.9237548513068461
DVST_XI_14-16_Feb_2024_16_08.32.59_trainee_1_sea spikes_2.csv,trainee,1,trainee__participant_1,sea_spikes,2,A_kinematics_all,elastic_net,5,19.0,18.692611078625013,0.3073889213749865,0.3073889213749865
DVST_XI_14-16_Feb_2024_16_08.32.59_trainee_1_suture_2.csv,trainee,1,trainee__participant_1,suture,2,A_kinematics_all,elastic_net,5,17.0,18.256618685989203,-1.2566186859892028,1.2566186859892028
DVST_XI_19-22_May_2025_22_09.34.36_trainee_39_camera target_2.csv,trainee,39,trainee__participant_39,camera_target,2,A_kinematics_all,elastic_net,5,19.0,23.609705048485655,-4.6097050484856545,4.6097050484856545
DVST_XI_19-22_May_2025_22_09.34.36_trainee_39_glove cut_2.csv,trainee,39,trainee__participant_39,glove_cut,2,A_kinematics_all,elastic_net,5,22.0,21.73997927279173,0.2600207272082713,0.2600207272082713
DVST_XI_6-8_Mar_2025_07_11.56.53_expert_2_camera target_1.csv,expert,2,expert__participant_2,camera_target,1,A_kinematics_all,elastic_net,5,25.0,20.683522397769234,4.316477602230766,4.316477602230766
DVST_XI_6-8_Mar_2025_07_11.56.53_expert_2_glove cut_1.csv,expert,2,expert__participant_2,glove_cut,1,A_kinematics_all,elastic_net,5,19.0,18.891692513763758,0.10830748623624231,0.10830748623624231
DVST_XI_6-8_Mar_2025_07_11.56.53_expert_2_ring rollercoaster_1.csv,expert,2,expert__participant_2,ring_rollercoaster,1,A_kinematics_all,elastic_net,5,20.0,20.164740737791984,-0.16474073779198406,0.16474073779198406
DVST_XI_6-8_Mar_2025_07_11.56.53_expert_2_sea spikes_1.csv,expert,2,expert__participant_2,sea_spikes,1,A_kinematics_all,elastic_net,5,18.0,19.459029717692967,-1.4590297176929674,1.4590297176929674
DVST_XI_7-11_Mar_2024_08_13.12.17_trainee_10_ring rollercoaster_1.csv,trainee,10,trainee__participant_10,ring_rollercoaster,1,A_kinematics_all,elastic_net,5,14.0,20.113900921497613,-6.113900921497613,6.113900921497613
DVST_XI_7-11_Mar_2024_08_13.12.17_trainee_10_sea spikes_1.csv,trainee,10,trainee__participant_10,sea_spikes,1,A_kinematics_all,elastic_net,5,22.0,16.206488840072257,5.793511159927743,5.793511159927743
DVST_XI_7-11_Mar_2024_08_13.12.17_trainee_6_ring rollercoaster_1.csv,trainee,6,trainee__participant_6,ring_rollercoaster,1,A_kinematics_all,elastic_net,5,16.0,20.936802228763145,-4.9368022287631455,4.9368022287631455
DVST_XI_7-11_Mar_2024_08_13.12.17_trainee_6_sea spikes_1.csv,trainee,6,trainee__participant_6,sea_spikes,1,A_kinematics_all,elastic_net,5,16.0,16.75473974722511,-0.7547397472251092,0.7547397472251092
DVST_XI_7-11_Mar_2024_08_13.12.17_trainee_8_ring rollercoaster_1.csv,trainee,8,trainee__participant_8,ring_rollercoaster,1,A_kinematics_all,elastic_net,5,12.0,17.23431548358926,-5.23431548358926,5.23431548358926
DVST_XI_7-11_Mar_2024_08_13.12.17_trainee_8_sea spikes_1.csv,trainee,8,trainee__participant_8,sea_spikes,1,A_kinematics_all,elastic_net,5,18.0,17.75520089244471,0.24479910755529133,0.24479910755529133
DVST_XI_7-11_Mar_2024_09_10.19.01_trainee_10_glove cut_1.csv,trainee,10,trainee__participant_10,glove_cut,1,A_kinematics_all,elastic_net,5,18.0,13.206428840086193,4.793571159913807,4.793571159913807
DVST_XI_7-11_Mar_2024_09_10.19.01_trainee_6_camera target_1.csv,trainee,6,trainee__participant_6,camera_target,1,A_kinematics_all,elastic_net,5,16.0,18.178790110654774,-2.1787901106547736,2.1787901106547736
DVST_XI_7-11_Mar_2024_09_10.19.01_trainee_6_glove cut_1.csv,trainee,6,trainee__participant_6,glove_cut,1,A_kinematics_all,elastic_net,5,15.0,13.02629764967255,1.97370235032745,1.97370235032745
DVST_XI_7-11_Mar_2024_09_10.19.01_trainee_8_camera target_1.csv,trainee,8,trainee__participant_8,camera_target,1,A_kinematics_all,elastic_net,5,10.0,12.31222911811038,-2.3122291181103805,2.3122291181103805
DVST_XI_7-11_Mar_2024_09_10.19.01_trainee_8_glove cut_1.csv,trainee,8,trainee__participant_8,glove_cut,1,A_kinematics_all,elastic_net,5,17.0,17.592362595879024,-0.592362595879024,0.592362595879024
DVST_XI_7-11_Mar_2024_09_13.46.11_trainee_10_suture_1.csv,trainee,10,trainee__participant_10,suture,1,A_kinematics_all,elastic_net,5,19.0,20.77176182627954,-1.7717618262795405,1.7717618262795405
DVST_XI_7-11_Mar_2024_09_13.46.11_trainee_6_suture_1.csv,trainee,6,trainee__participant_6,suture,1,A_kinematics_all,elastic_net,5,12.0,19.497130138108112,-7.497130138108112,7.497130138108112
DVST_XI_7-11_Mar_2024_09_13.46.11_trainee_8_suture_1.csv,trainee,8,trainee__participant_8,suture,1,A_kinematics_all,elastic_net,5,17.0,20.117616427633703,-3.1176164276337026,3.1176164276337026
DVST_XI_7-11_Mar_2024_10_08.59.30_trainee_10_ring rollercoaster_2.csv,trainee,10,trainee__participant_10,ring_rollercoaster,2,A_kinematics_all,elastic_net,5,18.0,18.97452590208191,-0.9745259020819113,0.9745259020819113
DVST_XI_7-11_Mar_2024_10_08.59.30_trainee_10_sea spikes_2.csv,trainee,10,trainee__participant_10,sea_spikes,2,A_kinematics_all,elastic_net,5,22.0,20.18724059515699,1.8127594048430105,1.8127594048430105
DVST_XI_7-11_Mar_2024_10_08.59.30_trainee_6_ring rollercoaster_2.csv,trainee,6,trainee__participant_6,ring_rollercoaster,2,A_kinematics_all,elastic_net,5,18.0,21.302591288395156,-3.3025912883951563,3.3025912883951563
DVST_XI_7-11_Mar_2024_10_08.59.30_trainee_6_sea spikes_2.csv,trainee,6,trainee__participant_6,sea_spikes,2,A_kinematics_all,elastic_net,5,20.0,21.651711039508477,-1.651711039508477,1.651711039508477
DVST_XI_7-11_Mar_2024_10_08.59.30_trainee_8_ring rollercoaster_2.csv,trainee,8,trainee__participant_8,ring_rollercoaster,2,A_kinematics_all,elastic_net,5,16.0,18.36200385895541,-2.3620038589554113,2.3620038589554113
DVST_XI_7-11_Mar_2024_10_08.59.30_trainee_8_sea spikes_2.csv,trainee,8,trainee__participant_8,sea_spikes,2,A_kinematics_all,elastic_net,5,20.0,18.879105598797132,1.120894401202868,1.120894401202868
DVST_XI_Griffin_29_sep-1_oct_2024_01_10.39.05_trainee_20_camera target_2.csv,trainee,20,trainee__participant_20,camera_target,2,A_kinematics_all,elastic_net,5,14.0,19.459482139238652,-5.459482139238652,5.459482139238652
DVST_XI_Griffin_29_sep-1_oct_2024_29_09.07.40_trainee_20_camera target_1.csv,trainee,20,trainee__participant_20,camera_target,1,A_kinematics_all,elastic_net,5,15.0,15.808598443016525,-0.8085984430165247,0.8085984430165247
DVST_XI_Griffin_29_sep-1_oct_2024_29_09.07.40_trainee_20_suture_1.csv,trainee,20,trainee__participant_20,suture,1,A_kinematics_all,elastic_net,5,13.0,15.95564377517725,-2.9556437751772506,2.9556437751772506
DVST_XI_Griffin_29_sep-1_oct_2024_30_12.18.00_trainee_20_glove cut_2.csv,trainee,20,trainee__participant_20,glove_cut,2,A_kinematics_all,elastic_net,5,17.0,20.274041291387746,-3.2740412913877464,3.2740412913877464
DVST_XI_Griffin_29_sep-1_oct_2024_30_12.18.00_trainee_20_ring rollercoaster_2.csv,trainee,20,trainee__participant_20,ring_rollercoaster,2,A_kinematics_all,elastic_net,5,21.0,19.844145003197724,1.155854996802276,1.155854996802276
DVST_XI_Griffin_29_sep-1_oct_2024_30_12.18.00_trainee_20_sea spikes_2.csv,trainee,20,trainee__participant_20,sea_spikes,2,A_kinematics_all,elastic_net,5,21.0,20.839546039354925,0.160453960645075,0.160453960645075
DVST_XI_11-14_Aug_2025_14_10.45.28_expert_8_camera target_1.csv,expert,8,expert__participant_8,camera_target,1,B_kinematics_no_qc,ridge,1,28.0,23.91371308140768,4.086286918592322,4.086286918592322
DVST_XI_11-14_Aug_2025_14_10.45.28_expert_8_glove cut_1.csv,expert,8,expert__participant_8,glove_cut,1,B_kinematics_no_qc,ridge,1,24.0,23.059032075507723,0.9409679244922771,0.9409679244922771
DVST_XI_11-14_Aug_2025_14_10.45.28_expert_8_ring rollercoaster_1.csv,expert,8,expert__participant_8,ring_rollercoaster,1,B_kinematics_no_qc,ridge,1,24.0,24.070635239872587,-0.07063523987258691,0.07063523987258691
DVST_XI_11-14_Aug_2025_14_10.45.28_expert_8_sea spikes_1.csv,expert,8,expert__participant_8,sea_spikes,1,B_kinematics_no_qc,ridge,1,22.0,21.180792923072325,0.8192070769276754,0.8192070769276754
DVST_XI_11-14_Aug_2025_14_10.45.28_expert_8_suture_1.csv,expert,8,expert__participant_8,suture,1,B_kinematics_no_qc,ridge,1,29.0,27.137033791652343,1.8629662083476575,1.8629662083476575
DVST_XI_14-16_Feb_2024_14_09.13.16_trainee_2_camera target_1.csv,trainee,2,trainee__participant_2,camera_target,1,B_kinematics_no_qc,ridge,1,17.0,14.550340880792143,2.4496591192078565,2.4496591192078565
DVST_XI_14-16_Feb_2024_14_09.13.16_trainee_2_glove cut_1.csv,trainee,2,trainee__participant_2,glove_cut,1,B_kinematics_no_qc,ridge,1,13.0,19.48240451934387,-6.48240451934387,6.48240451934387
DVST_XI_14-16_Feb_2024_14_09.13.16_trainee_2_ring rollercoaster_1.csv,trainee,2,trainee__participant_2,ring_rollercoaster,1,B_kinematics_no_qc,ridge,1,14.0,16.168216644678672,-2.1682166446786724,2.1682166446786724
DVST_XI_14-16_Feb_2024_14_09.13.16_trainee_2_sea spikes_1.csv,trainee,2,trainee__participant_2,sea_spikes,1,B_kinematics_no_qc,ridge,1,15.0,18.080057569546153,-3.0800575695461525,3.0800575695461525
DVST_XI_14-16_Feb_2024_14_09.13.16_trainee_5_camera target_1.csv,trainee,5,trainee__participant_5,camera_target,1,B_kinematics_no_qc,ridge,1,7.0,13.013386247972347,-6.013386247972347,6.013386247972347
DVST_XI_14-16_Feb_2024_14_09.13.16_trainee_5_glove cut_1.csv,trainee,5,trainee__participant_5,glove_cut,1,B_kinematics_no_qc,ridge,1,11.0,13.967455548124835,-2.9674555481248355,2.9674555481248355
DVST_XI_14-16_Feb_2024_14_09.13.16_trainee_5_ring rollercoaster_1.csv,trainee,5,trainee__participant_5,ring_rollercoaster,1,B_kinematics_no_qc,ridge,1,17.0,12.097664249893477,4.9023357501065234,4.9023357501065234
DVST_XI_14-16_Feb_2024_14_09.13.16_trainee_5_sea spikes_1.csv,trainee,5,trainee__participant_5,sea_spikes,1,B_kinematics_no_qc,ridge,1,16.0,15.108176650220017,0.8918233497799832,0.8918233497799832
DVST_XI_14-16_Feb_2024_14_09.13.16_trainee_5_suture_1.csv,trainee,5,trainee__participant_5,suture,1,B_kinematics_no_qc,ridge,1,16.0,16.34073715404841,-0.34073715404840854,0.34073715404840854
DVST_XI_14-16_Feb_2024_16_08.32.59_trainee_2_camera target_2.csv,trainee,2,trainee__participant_2,camera_target,2,B_kinematics_no_qc,ridge,1,16.0,18.779043207859644,-2.779043207859644,2.779043207859644
DVST_XI_14-16_Feb_2024_16_08.32.59_trainee_2_glove cut_2.csv,trainee,2,trainee__participant_2,glove_cut,2,B_kinematics_no_qc,ridge,1,19.0,17.64029124061296,1.3597087593870398,1.3597087593870398
DVST_XI_14-16_Feb_2024_16_08.32.59_trainee_2_ring rollercoaster_2.csv,trainee,2,trainee__participant_2,ring_rollercoaster,2,B_kinematics_no_qc,ridge,1,21.0,15.557589187261001,5.4424108127389985,5.4424108127389985
DVST_XI_14-16_Feb_2024_16_08.32.59_trainee_2_sea spikes_2.csv,trainee,2,trainee__participant_2,sea_spikes,2,B_kinematics_no_qc,ridge,1,17.0,19.44827072634618,-2.4482707263461805,2.4482707263461805
DVST_XI_14-16_Feb_2024_16_08.32.59_trainee_2_suture_2.csv,trainee,2,trainee__participant_2,suture,2,B_kinematics_no_qc,ridge,1,22.0,21.436853281833947,0.5631467181660526,0.5631467181660526
DVST_XI_14-16_Feb_2024_16_08.32.59_trainee_5_camera target_2.csv,trainee,5,trainee__participant_5,camera_target,2,B_kinematics_no_qc,ridge,1,21.0,20.83987663188786,0.16012336811213856,0.16012336811213856
DVST_XI_14-16_Feb_2024_16_08.32.59_trainee_5_glove cut_2.csv,trainee,5,trainee__participant_5,glove_cut,2,B_kinematics_no_qc,ridge,1,19.0,15.742292512112304,3.2577074878876964,3.2577074878876964
DVST_XI_14-16_Feb_2024_16_08.32.59_trainee_5_ring rollercoaster_2.csv,trainee,5,trainee__participant_5,ring_rollercoaster,2,B_kinematics_no_qc,ridge,1,23.0,13.794693028084563,9.205306971915437,9.205306971915437
DVST_XI_14-16_Feb_2024_16_08.32.59_trainee_5_sea spikes_2.csv,trainee,5,trainee__participant_5,sea_spikes,2,B_kinematics_no_qc,ridge,1,21.0,20.03652162606794,0.9634783739320589,0.9634783739320589
DVST_XI_14-16_Feb_2024_16_08.32.59_trainee_5_suture_2.csv,trainee,5,trainee__participant_5,suture,2,B_kinematics_no_qc,ridge,1,21.0,18.004895893875435,2.9951041061245647,2.9951041061245647
DVST_XI_6-8_Mar_2025_06_10.41.14_trainee_31_ring rollercoaster_1.csv,trainee,31,trainee__participant_31,ring_rollercoaster,1,B_kinematics_no_qc,ridge,1,15.0,17.8674179535257,-2.867417953525699,2.867417953525699
DVST_XI_6-8_Mar_2025_06_10.41.14_trainee_31_sea spikes_1.csv,trainee,31,trainee__participant_31,sea_spikes,1,B_kinematics_no_qc,ridge,1,13.0,17.641606120957334,-4.641606120957334,4.641606120957334
DVST_XI_6-8_Mar_2025_06_10.41.14_trainee_36_ring rollercoaster_1.csv,trainee,36,trainee__participant_36,ring_rollercoaster,1,B_kinematics_no_qc,ridge,1,19.0,15.170999973338684,3.8290000266613156,3.8290000266613156
DVST_XI_6-8_Mar_2025_06_10.41.14_trainee_36_sea spikes_1.csv,trainee,36,trainee__participant_36,sea_spikes,1,B_kinematics_no_qc,ridge,1,16.0,15.199137787982739,0.800862212017261,0.800862212017261
DVST_XI_6-8_Mar_2025_07_11.56.53_expert_1_camera target_1.csv,expert,1,expert__participant_1,camera_target,1,B_kinematics_no_qc,ridge,1,26.0,25.693219716447942,0.3067802835520581,0.3067802835520581
DVST_XI_6-8_Mar_2025_07_11.56.53_expert_1_glove cut_1.csv,expert,1,expert__participant_1,glove_cut,1,B_kinematics_no_qc,ridge,1,20.0,23.609519161194967,-3.6095191611949673,3.6095191611949673
DVST_XI_6-8_Mar_2025_07_11.56.53_expert_1_ring rollercoaster_1.csv,expert,1,expert__participant_1,ring_rollercoaster,1,B_kinematics_no_qc,ridge,1,21.0,23.74217410253645,-2.742174102536449,2.742174102536449
DVST_XI_6-8_Mar_2025_07_11.56.53_expert_1_sea spikes_1.csv,expert,1,expert__participant_1,sea_spikes,1,B_kinematics_no_qc,ridge,1,23.0,24.316505912943313,-1.3165059129433132,1.3165059129433132
DVST_XI_6-8_Mar_2025_07_11.56.53_expert_1_suture_1.csv,expert,1,expert__participant_1,suture,1,B_kinematics_no_qc,ridge,1,26.0,25.67540025457124,0.3245997454287597,0.3245997454287597
DVST_XI_6-8_Mar_2025_07_11.56.53_trainee_31_glove cut_1.csv,trainee,31,trainee__participant_31,glove_cut,1,B_kinematics_no_qc,ridge,1,16.0,17.952855789666724,-1.9528557896667245,1.9528557896667245
DVST_XI_6-8_Mar_2025_07_11.56.53_trainee_36_glove cut_1.csv,trainee,36,trainee__participant_36,glove_cut,1,B_kinematics_no_qc,ridge,1,18.0,19.270229370854665,-1.2702293708546648,1.2702293708546648
DVST_XI_7-11_Mar_2024_08_13.12.17_trainee_11_ring rollercoaster_1.csv,trainee,11,trainee__participant_11,ring_rollercoaster,1,B_kinematics_no_qc,ridge,1,18.0,17.31421081581862,0.685789184181381,0.685789184181381
DVST_XI_7-11_Mar_2024_08_13.12.17_trainee_11_sea spikes_1.csv,trainee,11,trainee__participant_11,sea_spikes,1,B_kinematics_no_qc,ridge,1,18.0,19.420365034939245,-1.4203650349392447,1.4203650349392447
DVST_XI_7-11_Mar_2024_09_10.19.01_trainee_11_camera target_1.csv,trainee,11,trainee__participant_11,camera_target,1,B_kinematics_no_qc,ridge,1,10.0,11.313118835269492,-1.313118835269492,1.313118835269492
DVST_XI_7-11_Mar_2024_09_10.19.01_trainee_11_glove cut_1.csv,trainee,11,trainee__participant_11,glove_cut,1,B_kinematics_no_qc,ridge,1,18.0,18.20792970817671,-0.2079297081767102,0.2079297081767102
DVST_XI_7-11_Mar_2024_09_13.46.11_trainee_11_suture_1.csv,trainee,11,trainee__participant_11,suture,1,B_kinematics_no_qc,ridge,1,18.0,19.544223765836577,-1.544223765836577,1.544223765836577
DVST_XI_7-11_Mar_2024_10_08.59.30_trainee_11_ring rollercoaster_2.csv,trainee,11,trainee__participant_11,ring_rollercoaster,2,B_kinematics_no_qc,ridge,1,16.0,17.29004005930162,-1.2900400593016208,1.2900400593016208
DVST_XI_7-11_Mar_2024_10_08.59.30_trainee_11_sea spikes_2.csv,trainee,11,trainee__participant_11,sea_spikes,2,B_kinematics_no_qc,ridge,1,18.0,20.392024160599814,-2.3920241605998136,2.3920241605998136
DVST_XI_Griffin_29_sep-1_oct_2024_01_10.39.05_trainee_17_camera target_2.csv,trainee,17,trainee__participant_17,camera_target,2,B_kinematics_no_qc,ridge,1,22.0,24.908547097709757,-2.908547097709757,2.908547097709757
DVST_XI_Griffin_29_sep-1_oct_2024_29_09.07.40_trainee_17_camera target_1.csv,trainee,17,trainee__participant_17,camera_target,1,B_kinematics_no_qc,ridge,1,23.0,13.767442527435671,9.232557472564329,9.232557472564329
DVST_XI_Griffin_29_sep-1_oct_2024_29_09.07.40_trainee_17_suture_1.csv,trainee,17,trainee__participant_17,suture,1,B_kinematics_no_qc,ridge,1,15.0,419.2768069494841,-404.2768069494841,404.2768069494841
DVST_XI_Griffin_29_sep-1_oct_2024_30_12.18.00_trainee_17_glove cut_2.csv,trainee,17,trainee__participant_17,glove_cut,2,B_kinematics_no_qc,ridge,1,22.0,20.691601211711568,1.3083987882884323,1.3083987882884323
DVST_XI_Griffin_29_sep-1_oct_2024_30_12.18.00_trainee_17_ring rollercoaster_2.csv,trainee,17,trainee__participant_17,ring_rollercoaster,2,B_kinematics_no_qc,ridge,1,22.0,21.27144415647681,0.7285558435231891,0.7285558435231891
DVST_XI_Griffin_29_sep-1_oct_2024_30_12.18.00_trainee_17_sea spikes_2.csv,trainee,17,trainee__participant_17,sea_spikes,2,B_kinematics_no_qc,ridge,1,22.0,22.379848969310146,-0.3798489693101459,0.3798489693101459
DVST_XI_11-14_Aug_2025_13_11.33.24_expert_7_camera target_1.csv,expert,7,expert__participant_7,camera_target,1,B_kinematics_no_qc,ridge,2,28.0,25.355925701167084,2.6440742988329156,2.6440742988329156
DVST_XI_11-14_Aug_2025_13_11.33.24_expert_7_glove cut_1.csv,expert,7,expert__participant_7,glove_cut,1,B_kinematics_no_qc,ridge,2,25.0,21.803677666696217,3.196322333303783,3.196322333303783
DVST_XI_11-14_Aug_2025_13_11.33.24_expert_7_ring rollercoaster_1.csv,expert,7,expert__participant_7,ring_rollercoaster,1,B_kinematics_no_qc,ridge,2,20.0,22.009435514021277,-2.009435514021277,2.009435514021277
DVST_XI_11-14_Aug_2025_13_11.33.24_expert_7_sea spikes_1.csv,expert,7,expert__participant_7,sea_spikes,1,B_kinematics_no_qc,ridge,2,20.0,21.664634588096142,-1.664634588096142,1.664634588096142
DVST_XI_11-14_Aug_2025_13_11.33.24_expert_7_suture_1.csv,expert,7,expert__participant_7,suture,1,B_kinematics_no_qc,ridge,2,29.0,23.46564183494969,5.53435816505031,5.53435816505031
DVST_XI_14-16_Feb_2024_14_09.13.16_trainee_4_camera target_1.csv,trainee,4,trainee__participant_4,camera_target,1,B_kinematics_no_qc,ridge,2,16.0,17.059054645908997,-1.0590546459089971,1.0590546459089971
DVST_XI_14-16_Feb_2024_14_09.13.16_trainee_4_glove cut_1.csv,trainee,4,trainee__participant_4,glove_cut,1,B_kinematics_no_qc,ridge,2,23.0,18.604449517918887,4.395550482081113,4.395550482081113
DVST_XI_14-16_Feb_2024_14_09.13.16_trainee_4_ring rollercoaster_1.csv,trainee,4,trainee__participant_4,ring_rollercoaster,1,B_kinematics_no_qc,ridge,2,14.0,17.761310170210347,-3.761310170210347,3.761310170210347
DVST_XI_14-16_Feb_2024_14_09.13.16_trainee_4_sea spikes_1.csv,trainee,4,trainee__participant_4,sea_spikes,1,B_kinematics_no_qc,ridge,2,18.0,18.438794069091237,-0.4387940690912373,0.4387940690912373
DVST_XI_14-16_Feb_2024_14_09.13.16_trainee_4_suture_1.csv,trainee,4,trainee__participant_4,suture,1,B_kinematics_no_qc,ridge,2,18.0,19.15962241447572,-1.1596224144757201,1.1596224144757201
DVST_XI_14-16_Feb_2024_16_08.32.59_trainee_4_camera target_2.csv,trainee,4,trainee__participant_4,camera_target,2,B_kinematics_no_qc,ridge,2,23.0,18.93638822317577,4.0636117768242315,4.0636117768242315
DVST_XI_14-16_Feb_2024_16_08.32.59_trainee_4_glove cut_2.csv,trainee,4,trainee__participant_4,glove_cut,2,B_kinematics_no_qc,ridge,2,24.0,18.688109322652704,5.3118906773472965,5.3118906773472965
DVST_XI_14-16_Feb_2024_16_08.32.59_trainee_4_ring rollercoaster_2.csv,trainee,4,trainee__participant_4,ring_rollercoaster,2,B_kinematics_no_qc,ridge,2,24.0,18.611494101397632,5.388505898602368,5.388505898602368
DVST_XI_14-16_Feb_2024_16_08.32.59_trainee_4_sea spikes_2.csv,trainee,4,trainee__participant_4,sea_spikes,2,B_kinematics_no_qc,ridge,2,24.0,19.13125471945526,4.86874528054474,4.86874528054474
DVST_XI_14-16_Feb_2024_16_08.32.59_trainee_4_suture_2.csv,trainee,4,trainee__participant_4,suture,2,B_kinematics_no_qc,ridge,2,22.0,20.758298485174482,1.2417015148255182,1.2417015148255182
DVST_XI_19-22_May_2025_22_09.34.36_trainee_38_camera target_2.csv,trainee,38,trainee__participant_38,camera_target,2,B_kinematics_no_qc,ridge,2,22.0,25.063526730106705,-3.0635267301067053,3.0635267301067053
DVST_XI_19-22_May_2025_22_09.34.36_trainee_38_glove cut_2.csv,trainee,38,trainee__participant_38,glove_cut,2,B_kinematics_no_qc,ridge,2,18.0,21.89949936199593,-3.899499361995929,3.899499361995929
DVST_XI_19-22_May_2025_22_09.34.36_trainee_42_camera target_2.csv,trainee,42,trainee__participant_42,camera_target,2,B_kinematics_no_qc,ridge,2,19.0,19.57076945517375,-0.5707694551737497,0.5707694551737497
DVST_XI_19-22_May_2025_22_09.34.36_trainee_42_glove cut_2.csv,trainee,42,trainee__participant_42,glove_cut,2,B_kinematics_no_qc,ridge,2,16.0,19.672554648148562,-3.6725546481485623,3.6725546481485623
DVST_XI_6-8_Mar_2025_06_10.41.14_trainee_34_camera target_1.csv,trainee,34,trainee__participant_34,camera_target,1,B_kinematics_no_qc,ridge,2,18.0,19.979769458905633,-1.9797694589056327,1.9797694589056327
DVST_XI_6-8_Mar_2025_06_10.41.14_trainee_34_ring rollercoaster_1.csv,trainee,34,trainee__participant_34,ring_rollercoaster,1,B_kinematics_no_qc,ridge,2,14.0,14.206467676563857,-0.20646767656385734,0.20646767656385734
DVST_XI_6-8_Mar_2025_06_10.41.14_trainee_34_sea spikes_1.csv,trainee,34,trainee__participant_34,sea_spikes,1,B_kinematics_no_qc,ridge,2,14.0,14.790510638550266,-0.7905106385502663,0.7905106385502663
DVST_XI_6-8_Mar_2025_06_10.41.14_trainee_35_ring rollercoaster_1.csv,trainee,35,trainee__participant_35,ring_rollercoaster,1,B_kinematics_no_qc,ridge,2,18.0,17.237340038931887,0.7626599610681133,0.7626599610681133
DVST_XI_6-8_Mar_2025_06_10.41.14_trainee_35_sea spikes_1.csv,trainee,35,trainee__participant_35,sea_spikes,1,B_kinematics_no_qc,ridge,2,15.0,17.519347472561925,-2.5193474725619254,2.5193474725619254
DVST_XI_6-8_Mar_2025_07_11.56.53_trainee_34_glove cut_1.csv,trainee,34,trainee__participant_34,glove_cut,1,B_kinematics_no_qc,ridge,2,12.0,13.224342208469299,-1.2243422084692988,1.2243422084692988
DVST_XI_6-8_Mar_2025_07_11.56.53_trainee_35_camera target_2.csv,trainee,35,trainee__participant_35,camera_target,2,B_kinematics_no_qc,ridge,2,18.0,21.061572986528518,-3.0615729865285175,3.0615729865285175
DVST_XI_6-8_Mar_2025_07_11.56.53_trainee_35_glove cut_1.csv,trainee,35,trainee__participant_35,glove_cut,1,B_kinematics_no_qc,ridge,2,16.0,19.501884764521353,-3.5018847645213533,3.5018847645213533
DVST_XI_6-8_Mar_2025_07_11.56.53_trainee_35_sea spikes_2.csv,trainee,35,trainee__participant_35,sea_spikes,2,B_kinematics_no_qc,ridge,2,21.0,20.203174495753306,0.7968255042466943,0.7968255042466943
DVST_XI_Griffin_16-19_07_2024_16_08.46.09_trainee_14_glove cut_1.csv,trainee,14,trainee__participant_14,glove_cut,1,B_kinematics_no_qc,ridge,2,11.0,18.57217273681584,-7.5721727368158405,7.5721727368158405
DVST_XI_Griffin_16-19_07_2024_16_08.46.09_trainee_14_ring rollercoaster_1.csv,trainee,14,trainee__participant_14,ring_rollercoaster,1,B_kinematics_no_qc,ridge,2,16.0,20.35928945308143,-4.359289453081431,4.359289453081431
DVST_XI_Griffin_16-19_07_2024_16_08.46.09_trainee_14_sea spikes_1.csv,trainee,14,trainee__participant_14,sea_spikes,1,B_kinematics_no_qc,ridge,2,12.0,14.12928589416159,-2.1292858941615904,2.1292858941615904
DVST_XI_Griffin_16-19_07_2024_16_08.46.09_trainee_14_suture_1.csv,trainee,14,trainee__participant_14,suture,1,B_kinematics_no_qc,ridge,2,15.0,19.819348775793213,-4.8193487757932125,4.8193487757932125
DVST_XI_Griffin_16-19_07_2024_17_12.20.23_trainee_14_camera target_1.csv,trainee,14,trainee__participant_14,camera_target,1,B_kinematics_no_qc,ridge,2,14.0,15.860700355094401,-1.8607003550944015,1.8607003550944015
DVST_XI_Griffin_16-19_07_2024_18_08.46.52_trainee_14_sea spikes_2.csv,trainee,14,trainee__participant_14,sea_spikes,2,B_kinematics_no_qc,ridge,2,20.0,19.750192723981645,0.2498072760183554,0.2498072760183554
DVST_XI_Griffin_16-19_07_2024_18_08.46.52_trainee_14_suture_2.csv,trainee,14,trainee__participant_14,suture,2,B_kinematics_no_qc,ridge,2,29.0,22.803130658260727,6.196869341739273,6.196869341739273
DVST_XI_Griffin_16-19_07_2024_19_09.39.41_trainee_14_glove cut_2.csv,trainee,14,trainee__participant_14,glove_cut,2,B_kinematics_no_qc,ridge,2,18.0,18.82977519012283,-0.829775190122831,0.829775190122831
DVST_XI_Griffin_29_sep-1_oct_2024_01_10.39.05_trainee_19_camera target_2.csv,trainee,19,trainee__participant_19,camera_target,2,B_kinematics_no_qc,ridge,2,18.0,19.328355996820363,-1.3283559968203633,1.3283559968203633
DVST_XI_Griffin_29_sep-1_oct_2024_01_10.39.05_trainee_21_camera target_2.csv,trainee,21,trainee__participant_21,camera_target,2,B_kinematics_no_qc,ridge,2,23.0,21.776342262316067,1.2236577376839328,1.2236577376839328
DVST_XI_Griffin_29_sep-1_oct_2024_29_09.07.40_trainee_19_camera target_1.csv,trainee,19,trainee__participant_19,camera_target,1,B_kinematics_no_qc,ridge,2,17.0,15.649086661205576,1.3509133387944239,1.3509133387944239
DVST_XI_Griffin_29_sep-1_oct_2024_29_09.07.40_trainee_19_suture_1.csv,trainee,19,trainee__participant_19,suture,1,B_kinematics_no_qc,ridge,2,16.0,14.667686351269538,1.3323136487304623,1.3323136487304623
DVST_XI_Griffin_29_sep-1_oct_2024_29_09.07.40_trainee_21_camera target_1.csv,trainee,21,trainee__participant_21,camera_target,1,B_kinematics_no_qc,ridge,2,19.0,18.5546678176776,0.44533218232239946,0.44533218232239946
DVST_XI_Griffin_29_sep-1_oct_2024_29_09.07.40_trainee_21_suture_1.csv,trainee,21,trainee__participant_21,suture,1,B_kinematics_no_qc,ridge,2,18.0,17.4547159656714,0.5452840343285992,0.5452840343285992
DVST_XI_Griffin_29_sep-1_oct_2024_30_12.18.00_trainee_19_glove cut_2.csv,trainee,19,trainee__participant_19,glove_cut,2,B_kinematics_no_qc,ridge,2,17.0,18.120328554580958,-1.1203285545809578,1.1203285545809578
DVST_XI_Griffin_29_sep-1_oct_2024_30_12.18.00_trainee_19_ring rollercoaster_2.csv,trainee,19,trainee__participant_19,ring_rollercoaster,2,B_kinematics_no_qc,ridge,2,22.0,18.427928965638642,3.5720710343613575,3.5720710343613575
DVST_XI_Griffin_29_sep-1_oct_2024_30_12.18.00_trainee_19_sea spikes_2.csv,trainee,19,trainee__participant_19,sea_spikes,2,B_kinematics_no_qc,ridge,2,21.0,20.316593169030906,0.6834068309690942,0.6834068309690942
DVST_XI_Griffin_29_sep-1_oct_2024_30_12.18.00_trainee_21_glove cut_2.csv,trainee,21,trainee__participant_21,glove_cut,2,B_kinematics_no_qc,ridge,2,25.0,19.916193518069655,5.0838064819303455,5.0838064819303455
DVST_XI_Griffin_29_sep-1_oct_2024_30_12.18.00_trainee_21_ring rollercoaster_2.csv,trainee,21,trainee__participant_21,ring_rollercoaster,2,B_kinematics_no_qc,ridge,2,22.0,19.616218225559216,2.3837817744407843,2.3837817744407843
DVST_XI_Griffin_29_sep-1_oct_2024_30_12.18.00_trainee_21_sea spikes_2.csv,trainee,21,trainee__participant_21,sea_spikes,2,B_kinematics_no_qc,ridge,2,22.0,20.2592342598064,1.7407657401935985,1.7407657401935985
DVST_XI_Griffin_29_sep-1_oct_2024_30_12.18.00_trainee_21_suture_2.csv,trainee,21,trainee__participant_21,suture,2,B_kinematics_no_qc,ridge,2,23.0,20.70111337709777,2.2988866229022307,2.2988866229022307
DVST_XI_10-13_Nov_2025_12_10.36.46_expert_9_camera target_1.csv,expert,9,expert__participant_9,camera_target,1,B_kinematics_no_qc,ridge,3,28.0,23.68172391269014,4.318276087309862,4.318276087309862
DVST_XI_10-13_Nov_2025_12_10.36.46_expert_9_glove cut_1.csv,expert,9,expert__participant_9,glove_cut,1,B_kinematics_no_qc,ridge,3,29.0,22.36529997648259,6.634700023517411,6.634700023517411
DVST_XI_10-13_Nov_2025_12_10.36.46_expert_9_ring rollercoaster_1.csv,expert,9,expert__participant_9,ring_rollercoaster,1,B_kinematics_no_qc,ridge,3,29.0,21.449415308683964,7.550584691316036,7.550584691316036
DVST_XI_10-13_Nov_2025_12_10.36.46_expert_9_sea spikes_1.csv,expert,9,expert__participant_9,sea_spikes,1,B_kinematics_no_qc,ridge,3,29.0,22.04277056506947,6.957229434930529,6.957229434930529
DVST_XI_10-13_Nov_2025_12_10.36.46_expert_9_suture_1.csv,expert,9,expert__participant_9,suture,1,B_kinematics_no_qc,ridge,3,28.0,22.8879051109019,5.112094889098099,5.112094889098099
DVST_XI_14-16_Feb_2024_14_09.13.16_trainee_3_camera target_1.csv,trainee,3,trainee__participant_3,camera_target,1,B_kinematics_no_qc,ridge,3,15.0,19.149663505405474,-4.149663505405474,4.149663505405474
DVST_XI_14-16_Feb_2024_14_09.13.16_trainee_3_glove cut_1.csv,trainee,3,trainee__participant_3,glove_cut,1,B_kinematics_no_qc,ridge,3,17.0,20.079967886953497,-3.079967886953497,3.079967886953497
DVST_XI_14-16_Feb_2024_14_09.13.16_trainee_3_ring rollercoaster_1.csv,trainee,3,trainee__participant_3,ring_rollercoaster,1,B_kinematics_no_qc,ridge,3,12.0,19.05758952313363,-7.057589523133629,7.057589523133629
DVST_XI_14-16_Feb_2024_14_09.13.16_trainee_3_sea spikes_1.csv,trainee,3,trainee__participant_3,sea_spikes,1,B_kinematics_no_qc,ridge,3,15.0,19.15494902159289,-4.154949021592891,4.154949021592891
DVST_XI_14-16_Feb_2024_14_09.13.16_trainee_3_suture_1.csv,trainee,3,trainee__participant_3,suture,1,B_kinematics_no_qc,ridge,3,19.0,19.686654312811918,-0.6866543128119176,0.6866543128119176
DVST_XI_14-16_Feb_2024_16_08.32.59_trainee_3_camera target_2.csv,trainee,3,trainee__participant_3,camera_target,2,B_kinematics_no_qc,ridge,3,23.0,18.806591120385953,4.193408879614047,4.193408879614047
DVST_XI_14-16_Feb_2024_16_08.32.59_trainee_3_glove cut_2.csv,trainee,3,trainee__participant_3,glove_cut,2,B_kinematics_no_qc,ridge,3,19.0,19.564459154535665,-0.5644591545356654,0.5644591545356654
DVST_XI_14-16_Feb_2024_16_08.32.59_trainee_3_ring rollercoaster_2.csv,trainee,3,trainee__participant_3,ring_rollercoaster,2,B_kinematics_no_qc,ridge,3,21.0,19.67814377948389,1.3218562205161106,1.3218562205161106
DVST_XI_14-16_Feb_2024_16_08.32.59_trainee_3_sea spikes_2.csv,trainee,3,trainee__participant_3,sea_spikes,2,B_kinematics_no_qc,ridge,3,17.0,19.567596424235283,-2.5675964242352833,2.5675964242352833
DVST_XI_14-16_Feb_2024_16_08.32.59_trainee_3_suture_2.csv,trainee,3,trainee__participant_3,suture,2,B_kinematics_no_qc,ridge,3,22.0,21.456147603345762,0.5438523966542377,0.5438523966542377
DVST_XI_19-22_May_2025_22_09.34.36_trainee_37_camera target_2.csv,trainee,37,trainee__participant_37,camera_target,2,B_kinematics_no_qc,ridge,3,16.0,19.33626256762203,-3.336262567622029,3.336262567622029
DVST_XI_19-22_May_2025_22_09.34.36_trainee_37_glove cut_2.csv,trainee,37,trainee__participant_37,glove_cut,2,B_kinematics_no_qc,ridge,3,19.0,21.580238703306474,-2.580238703306474,2.580238703306474
DVST_XI_19-22_May_2025_22_09.34.36_trainee_41_camera target_2.csv,trainee,41,trainee__participant_41,camera_target,2,B_kinematics_no_qc,ridge,3,20.0,20.27890739200466,-0.2789073920046583,0.2789073920046583
DVST_XI_19-22_May_2025_22_09.34.36_trainee_41_glove cut_2.csv,trainee,41,trainee__participant_41,glove_cut,2,B_kinematics_no_qc,ridge,3,19.0,19.926731573689988,-0.9267315736899882,0.9267315736899882
DVST_XI_6-8_Mar_2025_06_10.41.14_trainee_32_camera target_1.csv,trainee,32,trainee__participant_32,camera_target,1,B_kinematics_no_qc,ridge,3,20.0,20.34862985499164,-0.3486298549916391,0.3486298549916391
DVST_XI_6-8_Mar_2025_06_10.41.14_trainee_32_ring rollercoaster_1.csv,trainee,32,trainee__participant_32,ring_rollercoaster,1,B_kinematics_no_qc,ridge,3,17.0,18.35215330744421,-1.3521533074442083,1.3521533074442083
DVST_XI_6-8_Mar_2025_06_10.41.14_trainee_32_sea spikes_1.csv,trainee,32,trainee__participant_32,sea_spikes,1,B_kinematics_no_qc,ridge,3,14.0,21.856587230140605,-7.856587230140605,7.856587230140605
DVST_XI_6-8_Mar_2025_07_11.56.53_trainee_32_glove cut_1.csv,trainee,32,trainee__participant_32,glove_cut,1,B_kinematics_no_qc,ridge,3,13.0,20.11675328425144,-7.116753284251441,7.116753284251441
DVST_XI_7-11_Jul_2025_10_09.40.17_expert_6_camera target_1.csv,expert,6,expert__participant_6,camera_target,1,B_kinematics_no_qc,ridge,3,25.0,22.000998398737597,2.9990016012624032,2.9990016012624032
DVST_XI_7-11_Jul_2025_10_09.40.17_expert_6_glove cut_1.csv,expert,6,expert__participant_6,glove_cut,1,B_kinematics_no_qc,ridge,3,23.0,20.608505026644877,2.3914949733551225,2.3914949733551225
DVST_XI_7-11_Jul_2025_10_09.40.17_expert_6_ring rollercoaster_1.csv,expert,6,expert__participant_6,ring_rollercoaster,1,B_kinematics_no_qc,ridge,3,23.0,21.00598086911728,1.9940191308827195,1.9940191308827195
DVST_XI_7-11_Jul_2025_10_09.40.17_expert_6_sea spikes_1.csv,expert,6,expert__participant_6,sea_spikes,1,B_kinematics_no_qc,ridge,3,23.0,20.751231400057907,2.2487685999420925,2.2487685999420925
DVST_XI_7-11_Jul_2025_10_09.40.17_expert_6_suture_1.csv,expert,6,expert__participant_6,suture,1,B_kinematics_no_qc,ridge,3,26.0,21.6410891235615,4.3589108764385,4.3589108764385
DVST_XI_Griffin_16-19_07_2024_16_08.46.09_trainee_15_glove cut_1.csv,trainee,15,trainee__participant_15,glove_cut,1,B_kinematics_no_qc,ridge,3,17.0,19.594579472968153,-2.594579472968153,2.594579472968153
DVST_XI_Griffin_16-19_07_2024_16_08.46.09_trainee_15_ring rollercoaster_1.csv,trainee,15,trainee__participant_15,ring_rollercoaster,1,B_kinematics_no_qc,ridge,3,18.0,20.324106158822048,-2.3241061588220475,2.3241061588220475
DVST_XI_Griffin_16-19_07_2024_16_08.46.09_trainee_15_sea spikes_1.csv,trainee,15,trainee__participant_15,sea_spikes,1,B_kinematics_no_qc,ridge,3,20.0,19.585309309685126,0.41469069031487393,0.41469069031487393
DVST_XI_Griffin_16-19_07_2024_16_08.46.09_trainee_15_suture_1.csv,trainee,15,trainee__participant_15,suture,1,B_kinematics_no_qc,ridge,3,15.0,18.62436431078737,-3.624364310787371,3.624364310787371
DVST_XI_Griffin_16-19_07_2024_17_12.20.23_trainee_13_camera target_1.csv,trainee,13,trainee__participant_13,camera_target,1,B_kinematics_no_qc,ridge,3,19.0,19.797277556144945,-0.7972775561449446,0.7972775561449446
DVST_XI_Griffin_16-19_07_2024_17_12.20.23_trainee_13_glove cut_1.csv,trainee,13,trainee__participant_13,glove_cut,1,B_kinematics_no_qc,ridge,3,23.0,18.761171910838826,4.238828089161174,4.238828089161174
DVST_XI_Griffin_16-19_07_2024_17_12.20.23_trainee_13_ring rollercoaster_1.csv,trainee,13,trainee__participant_13,ring_rollercoaster,1,B_kinematics_no_qc,ridge,3,17.0,20.526568941966943,-3.526568941966943,3.526568941966943
DVST_XI_Griffin_16-19_07_2024_17_12.20.23_trainee_13_sea spikes_1.csv,trainee,13,trainee__participant_13,sea_spikes,1,B_kinematics_no_qc,ridge,3,17.0,19.86854341381104,-2.8685434138110395,2.8685434138110395
DVST_XI_Griffin_16-19_07_2024_17_12.20.23_trainee_13_suture_1.csv,trainee,13,trainee__participant_13,suture,1,B_kinematics_no_qc,ridge,3,23.0,20.131485768385886,2.868514231614114,2.868514231614114
DVST_XI_Griffin_16-19_07_2024_17_12.20.23_trainee_15_camera target_1.csv,trainee,15,trainee__participant_15,camera_target,1,B_kinematics_no_qc,ridge,3,18.0,20.777482552867497,-2.7774825528674967,2.7774825528674967
DVST_XI_Griffin_16-19_07_2024_18_08.46.52_trainee_13_sea spikes_2.csv,trainee,13,trainee__participant_13,sea_spikes,2,B_kinematics_no_qc,ridge,3,21.0,21.896154966925486,-0.8961549669254865,0.8961549669254865
DVST_XI_Griffin_16-19_07_2024_18_08.46.52_trainee_13_suture_2.csv,trainee,13,trainee__participant_13,suture,2,B_kinematics_no_qc,ridge,3,28.0,21.139550820999176,6.860449179000824,6.860449179000824
DVST_XI_Griffin_16-19_07_2024_18_08.46.52_trainee_15_sea spikes_2.csv,trainee,15,trainee__participant_15,sea_spikes,2,B_kinematics_no_qc,ridge,3,23.0,20.461140279867045,2.5388597201329546,2.5388597201329546
DVST_XI_Griffin_16-19_07_2024_18_08.46.52_trainee_15_suture_2.csv,trainee,15,trainee__participant_15,suture,2,B_kinematics_no_qc,ridge,3,26.0,21.33126618098731,4.66873381901269,4.66873381901269
DVST_XI_Griffin_16-19_07_2024_19_09.39.41_trainee_13_camera target_2.csv,trainee,13,trainee__participant_13,camera_target,2,B_kinematics_no_qc,ridge,3,17.0,22.120065885706985,-5.120065885706985,5.120065885706985
DVST_XI_Griffin_29_sep-1_oct_2024_01_10.39.05_trainee_18_camera target_2.csv,trainee,18,trainee__participant_18,camera_target,2,B_kinematics_no_qc,ridge,3,18.0,21.62344810334303,-3.62344810334303,3.62344810334303
DVST_XI_Griffin_29_sep-1_oct_2024_29_09.07.40_trainee_18_suture_1.csv,trainee,18,trainee__participant_18,suture,1,B_kinematics_no_qc,ridge,3,12.0,16.10893793616888,-4.1089379361688785,4.1089379361688785
DVST_XI_Griffin_29_sep-1_oct_2024_30_12.18.00_trainee_18_glove cut_2.csv,trainee,18,trainee__participant_18,glove_cut,2,B_kinematics_no_qc,ridge,3,22.0,20.399779961733024,1.6002200382669756,1.6002200382669756
DVST_XI_Griffin_29_sep-1_oct_2024_30_12.18.00_trainee_18_ring rollercoaster_2.csv,trainee,18,trainee__participant_18,ring_rollercoaster,2,B_kinematics_no_qc,ridge,3,24.0,20.214449360788475,3.7855506392115252,3.7855506392115252
DVST_XI_Griffin_29_sep-1_oct_2024_30_12.18.00_trainee_18_sea spikes_2.csv,trainee,18,trainee__participant_18,sea_spikes,2,B_kinematics_no_qc,ridge,3,22.0,20.367003608280687,1.6329963917193133,1.6329963917193133
DVST_XI_Griffin_29_sep-1_oct_2024_30_12.18.00_trainee_18_suture_2.csv,trainee,18,trainee__participant_18,suture,2,B_kinematics_no_qc,ridge,3,22.0,20.629081748168836,1.3709182518311636,1.3709182518311636
DVST_XI_19-22_May_2025_21_09.43.23_expert_5_camera target_1.csv,expert,5,expert__participant_5,camera_target,1,B_kinematics_no_qc,ridge,4,30.0,22.52130858213194,7.47869141786806,7.47869141786806
DVST_XI_19-22_May_2025_21_09.43.23_expert_5_glove cut_1.csv,expert,5,expert__participant_5,glove_cut,1,B_kinematics_no_qc,ridge,4,24.0,19.831440780897516,4.168559219102484,4.168559219102484
DVST_XI_19-22_May_2025_21_09.43.23_expert_5_ring rollercoaster_1.csv,expert,5,expert__participant_5,ring_rollercoaster,1,B_kinematics_no_qc,ridge,4,24.0,20.374897974187295,3.625102025812705,3.625102025812705
DVST_XI_19-22_May_2025_21_09.43.23_expert_5_sea spikes_1.csv,expert,5,expert__participant_5,sea_spikes,1,B_kinematics_no_qc,ridge,4,24.0,21.516397128570457,2.483602871429543,2.483602871429543
DVST_XI_19-22_May_2025_21_09.43.23_expert_5_suture_1.csv,expert,5,expert__participant_5,suture,1,B_kinematics_no_qc,ridge,4,29.0,22.046022490953668,6.953977509046332,6.953977509046332
DVST_XI_19-22_May_2025_22_09.34.36_trainee_40_camera target_2.csv,trainee,40,trainee__participant_40,camera_target,2,B_kinematics_no_qc,ridge,4,24.0,23.644609788522434,0.355390211477566,0.355390211477566
DVST_XI_19-22_May_2025_22_09.34.36_trainee_40_glove cut_2.csv,trainee,40,trainee__participant_40,glove_cut,2,B_kinematics_no_qc,ridge,4,24.0,21.941057114545806,2.0589428854541936,2.0589428854541936
DVST_XI_6-8_Mar_2025_06_10.41.14_trainee_33_camera target_1.csv,trainee,33,trainee__participant_33,camera_target,1,B_kinematics_no_qc,ridge,4,23.0,20.560524999057257,2.4394750009427426,2.4394750009427426
DVST_XI_6-8_Mar_2025_06_10.41.14_trainee_33_ring rollercoaster_1.csv,trainee,33,trainee__participant_33,ring_rollercoaster,1,B_kinematics_no_qc,ridge,4,21.0,20.749851785742617,0.25014821425738276,0.25014821425738276
DVST_XI_6-8_Mar_2025_06_10.41.14_trainee_33_sea spikes_1.csv,trainee,33,trainee__participant_33,sea_spikes,1,B_kinematics_no_qc,ridge,4,16.0,19.180108563801063,-3.1801085638010633,3.1801085638010633
DVST_XI_6-8_Mar_2025_07_11.56.53_trainee_33_camera target_2.csv,trainee,33,trainee__participant_33,camera_target,2,B_kinematics_no_qc,ridge,4,19.0,20.304622051091968,-1.3046220510919682,1.3046220510919682
DVST_XI_6-8_Mar_2025_07_11.56.53_trainee_33_glove cut_1.csv,trainee,33,trainee__participant_33,glove_cut,1,B_kinematics_no_qc,ridge,4,18.0,19.118863902566513,-1.1188639025665132,1.1188639025665132
DVST_XI_6-8_Mar_2025_07_11.56.53_trainee_33_sea spikes_2.csv,trainee,33,trainee__participant_33,sea_spikes,2,B_kinematics_no_qc,ridge,4,20.0,19.260569481686574,0.7394305183134264,0.7394305183134264
DVST_XI_6-8_Mar_2025_08_08.21.32_expert_3_camera target_1.csv,expert,3,expert__participant_3,camera_target,1,B_kinematics_no_qc,ridge,4,27.0,18.519158086572876,8.480841913427124,8.480841913427124
DVST_XI_6-8_Mar_2025_08_08.21.32_expert_3_ring rollercoaster_1.csv,expert,3,expert__participant_3,ring_rollercoaster,1,B_kinematics_no_qc,ridge,4,21.0,18.21680684749576,2.7831931525042393,2.7831931525042393
DVST_XI_6-8_Mar_2025_08_08.21.32_expert_3_sea spikes_1.csv,expert,3,expert__participant_3,sea_spikes,1,B_kinematics_no_qc,ridge,4,23.0,17.484979101713236,5.515020898286764,5.515020898286764
DVST_XI_6-8_Mar_2025_08_08.21.32_expert_3_suture_1.csv,expert,3,expert__participant_3,suture,1,B_kinematics_no_qc,ridge,4,28.0,18.706479612209247,9.293520387790753,9.293520387790753
DVST_XI_7-11_Mar_2024_08_13.12.17_trainee_7_ring rollercoaster_1.csv,trainee,7,trainee__participant_7,ring_rollercoaster,1,B_kinematics_no_qc,ridge,4,15.0,17.495425425608225,-2.495425425608225,2.495425425608225
DVST_XI_7-11_Mar_2024_08_13.12.17_trainee_7_sea spikes_1.csv,trainee,7,trainee__participant_7,sea_spikes,1,B_kinematics_no_qc,ridge,4,19.0,16.905285669310025,2.0947143306899747,2.0947143306899747
DVST_XI_7-11_Mar_2024_08_13.12.17_trainee_9_ring rollercoaster_1.csv,trainee,9,trainee__participant_9,ring_rollercoaster,1,B_kinematics_no_qc,ridge,4,14.0,19.431959267042384,-5.431959267042384,5.431959267042384
DVST_XI_7-11_Mar_2024_08_13.12.17_trainee_9_sea spikes_1.csv,trainee,9,trainee__participant_9,sea_spikes,1,B_kinematics_no_qc,ridge,4,18.0,17.827639879296395,0.17236012070360474,0.17236012070360474
DVST_XI_7-11_Mar_2024_09_10.19.01_trainee_7_camera target_1.csv,trainee,7,trainee__participant_7,camera_target,1,B_kinematics_no_qc,ridge,4,17.0,19.303339848280956,-2.303339848280956,2.303339848280956
DVST_XI_7-11_Mar_2024_09_10.19.01_trainee_7_glove cut_1.csv,trainee,7,trainee__participant_7,glove_cut,1,B_kinematics_no_qc,ridge,4,15.0,16.85768470219447,-1.8576847021944687,1.8576847021944687
DVST_XI_7-11_Mar_2024_09_10.19.01_trainee_9_camera target_1.csv,trainee,9,trainee__participant_9,camera_target,1,B_kinematics_no_qc,ridge,4,19.0,19.359705124911994,-0.3597051249119936,0.3597051249119936
DVST_XI_7-11_Mar_2024_09_10.19.01_trainee_9_glove cut_1.csv,trainee,9,trainee__participant_9,glove_cut,1,B_kinematics_no_qc,ridge,4,18.0,17.847121226194716,0.15287877380528414,0.15287877380528414
DVST_XI_7-11_Mar_2024_09_13.46.11_trainee_7_suture_1.csv,trainee,7,trainee__participant_7,suture,1,B_kinematics_no_qc,ridge,4,17.0,18.774428785561657,-1.774428785561657,1.774428785561657
DVST_XI_7-11_Mar_2024_09_13.46.11_trainee_9_suture_1.csv,trainee,9,trainee__participant_9,suture,1,B_kinematics_no_qc,ridge,4,16.0,18.620181609733464,-2.6201816097334643,2.6201816097334643
DVST_XI_7-11_Mar_2024_10_08.59.30_trainee_7_ring rollercoaster_2.csv,trainee,7,trainee__participant_7,ring_rollercoaster,2,B_kinematics_no_qc,ridge,4,18.0,19.290265884042157,-1.2902658840421566,1.2902658840421566
DVST_XI_7-11_Mar_2024_10_08.59.30_trainee_7_sea spikes_2.csv,trainee,7,trainee__participant_7,sea_spikes,2,B_kinematics_no_qc,ridge,4,20.0,18.719292160222565,1.2807078397774347,1.2807078397774347
DVST_XI_7-11_Mar_2024_10_08.59.30_trainee_9_ring rollercoaster_2.csv,trainee,9,trainee__participant_9,ring_rollercoaster,2,B_kinematics_no_qc,ridge,4,20.0,20.123291312841474,-0.12329131284147365,0.12329131284147365
DVST_XI_7-11_Mar_2024_10_08.59.30_trainee_9_sea spikes_2.csv,trainee,9,trainee__participant_9,sea_spikes,2,B_kinematics_no_qc,ridge,4,22.0,19.603587302019452,2.396412697980548,2.396412697980548
DVST_XI_Griffin_16-19_07_2024_16_08.46.09_trainee_12_glove cut_1.csv,trainee,12,trainee__participant_12,glove_cut,1,B_kinematics_no_qc,ridge,4,21.0,18.89440849577519,2.1055915042248117,2.1055915042248117
DVST_XI_Griffin_16-19_07_2024_16_08.46.09_trainee_12_ring rollercoaster_1.csv,trainee,12,trainee__participant_12,ring_rollercoaster,1,B_kinematics_no_qc,ridge,4,16.0,20.200854162180715,-4.200854162180715,4.200854162180715
DVST_XI_Griffin_16-19_07_2024_16_08.46.09_trainee_12_sea spikes_1.csv,trainee,12,trainee__participant_12,sea_spikes,1,B_kinematics_no_qc,ridge,4,12.0,18.646085142037,-6.646085142036998,6.646085142036998
DVST_XI_Griffin_16-19_07_2024_16_08.46.09_trainee_16_glove cut_1.csv,trainee,16,trainee__participant_16,glove_cut,1,B_kinematics_no_qc,ridge,4,15.0,18.219783418003058,-3.2197834180030576,3.2197834180030576
DVST_XI_Griffin_16-19_07_2024_16_08.46.09_trainee_16_ring rollercoaster_1.csv,trainee,16,trainee__participant_16,ring_rollercoaster,1,B_kinematics_no_qc,ridge,4,20.0,19.125255185301185,0.8747448146988148,0.8747448146988148
DVST_XI_Griffin_16-19_07_2024_16_08.46.09_trainee_16_sea spikes_1.csv,trainee,16,trainee__participant_16,sea_spikes,1,B_kinematics_no_qc,ridge,4,16.0,17.303968865213896,-1.3039688652138963,1.3039688652138963
DVST_XI_Griffin_16-19_07_2024_16_08.46.09_trainee_16_suture_1.csv,trainee,16,trainee__participant_16,suture,1,B_kinematics_no_qc,ridge,4,21.0,17.494204369665226,3.5057956303347737,3.5057956303347737
DVST_XI_Griffin_16-19_07_2024_17_12.20.23_trainee_12_camera target_1.csv,trainee,12,trainee__participant_12,camera_target,1,B_kinematics_no_qc,ridge,4,16.0,21.820182093556785,-5.8201820935567845,5.8201820935567845
DVST_XI_Griffin_16-19_07_2024_17_12.20.23_trainee_16_camera target_1.csv,trainee,16,trainee__participant_16,camera_target,1,B_kinematics_no_qc,ridge,4,23.0,20.505546380039885,2.4944536199601153,2.4944536199601153
DVST_XI_Griffin_16-19_07_2024_17_12.20.23_trainee_16_ring rollercoaster_2.csv,trainee,16,trainee__participant_16,ring_rollercoaster,2,B_kinematics_no_qc,ridge,4,23.0,20.018167341623556,2.981832658376444,2.981832658376444
DVST_XI_Griffin_16-19_07_2024_18_08.46.52_trainee_12_suture_2.csv,trainee,12,trainee__participant_12,suture,2,B_kinematics_no_qc,ridge,4,28.0,21.059173003476058,6.940826996523942,6.940826996523942
DVST_XI_Griffin_16-19_07_2024_18_08.46.52_trainee_16_sea spikes_2.csv,trainee,16,trainee__participant_16,sea_spikes,2,B_kinematics_no_qc,ridge,4,21.0,20.156722134928245,0.8432778650717552,0.8432778650717552
DVST_XI_Griffin_16-19_07_2024_18_08.46.52_trainee_16_suture_2.csv,trainee,16,trainee__participant_16,suture,2,B_kinematics_no_qc,ridge,4,29.0,20.903714698596097,8.096285301403903,8.096285301403903
DVST_XI_Griffin_16-19_07_2024_19_09.39.41_trainee_12_glove cut_2.csv,trainee,12,trainee__participant_12,glove_cut,2,B_kinematics_no_qc,ridge,4,20.0,18.7072502889297,1.2927497110703001,1.2927497110703001
DVST_XI_Griffin_16-19_07_2024_19_09.39.41_trainee_16_camera target_2.csv,trainee,16,trainee__participant_16,camera_target,2,B_kinematics_no_qc,ridge,4,23.0,20.750841032000366,2.2491589679996338,2.2491589679996338
DVST_XI_Griffin_16-19_07_2024_19_09.39.41_trainee_16_glove cut_2.csv,trainee,16,trainee__participant_16,glove_cut,2,B_kinematics_no_qc,ridge,4,24.0,19.084796183416895,4.915203816583105,4.915203816583105
DVST_XI_10-13_Nov_2025_12_10.36.46_expert_10_camera target_1.csv,expert,10,expert__participant_10,camera_target,1,B_kinematics_no_qc,ridge,5,30.0,24.743084721545436,5.256915278454564,5.256915278454564
DVST_XI_10-13_Nov_2025_12_10.36.46_expert_10_glove cut_1.csv,expert,10,expert__participant_10,glove_cut,1,B_kinematics_no_qc,ridge,5,28.0,22.477736217535462,5.522263782464538,5.522263782464538
DVST_XI_10-13_Nov_2025_12_10.36.46_expert_10_ring rollercoaster_1.csv,expert,10,expert__participant_10,ring_rollercoaster,1,B_kinematics_no_qc,ridge,5,29.0,21.58452839836414,7.415471601635861,7.415471601635861
DVST_XI_10-13_Nov_2025_12_10.36.46_expert_10_sea spikes_1.csv,expert,10,expert__participant_10,sea_spikes,1,B_kinematics_no_qc,ridge,5,29.0,21.83008211007457,7.169917889925429,7.169917889925429
DVST_XI_10-13_Nov_2025_12_10.36.46_expert_10_suture_1.csv,expert,10,expert__participant_10,suture,1,B_kinematics_no_qc,ridge,5,30.0,23.787260817661664,6.2127391823383356,6.2127391823383356
DVST_XI_14-16_Feb_2024_14_09.13.16_trainee_1_camera target_1.csv,trainee,1,trainee__participant_1,camera_target,1,B_kinematics_no_qc,ridge,5,17.0,19.264146052906906,-2.2641460529069057,2.2641460529069057
DVST_XI_14-16_Feb_2024_14_09.13.16_trainee_1_glove cut_1.csv,trainee,1,trainee__participant_1,glove_cut,1,B_kinematics_no_qc,ridge,5,15.0,16.024792261623354,-1.0247922616233538,1.0247922616233538
DVST_XI_14-16_Feb_2024_14_09.13.16_trainee_1_ring rollercoaster_1.csv,trainee,1,trainee__participant_1,ring_rollercoaster,1,B_kinematics_no_qc,ridge,5,14.0,18.444823934195195,-4.444823934195195,4.444823934195195
DVST_XI_14-16_Feb_2024_14_09.13.16_trainee_1_sea spikes_1.csv,trainee,1,trainee__participant_1,sea_spikes,1,B_kinematics_no_qc,ridge,5,13.0,17.343541924100972,-4.343541924100972,4.343541924100972
DVST_XI_14-16_Feb_2024_14_09.13.16_trainee_1_suture_1.csv,trainee,1,trainee__participant_1,suture,1,B_kinematics_no_qc,ridge,5,19.0,17.995798881778747,1.0042011182212534,1.0042011182212534
DVST_XI_14-16_Feb_2024_16_08.32.59_trainee_1_camera target_2.csv,trainee,1,trainee__participant_1,camera_target,2,B_kinematics_no_qc,ridge,5,19.0,18.19455082860518,0.8054491713948195,0.8054491713948195
DVST_XI_14-16_Feb_2024_16_08.32.59_trainee_1_glove cut_2.csv,trainee,1,trainee__participant_1,glove_cut,2,B_kinematics_no_qc,ridge,5,19.0,16.259671523497335,2.7403284765026648,2.7403284765026648
DVST_XI_14-16_Feb_2024_16_08.32.59_trainee_1_ring rollercoaster_2.csv,trainee,1,trainee__participant_1,ring_rollercoaster,2,B_kinematics_no_qc,ridge,5,20.0,19.151037898274666,0.8489621017253342,0.8489621017253342
DVST_XI_14-16_Feb_2024_16_08.32.59_trainee_1_sea spikes_2.csv,trainee,1,trainee__participant_1,sea_spikes,2,B_kinematics_no_qc,ridge,5,19.0,18.88313305026628,0.11686694973371914,0.11686694973371914
DVST_XI_14-16_Feb_2024_16_08.32.59_trainee_1_suture_2.csv,trainee,1,trainee__participant_1,suture,2,B_kinematics_no_qc,ridge,5,17.0,19.035767608785605,-2.035767608785605,2.035767608785605
DVST_XI_19-22_May_2025_22_09.34.36_trainee_39_camera target_2.csv,trainee,39,trainee__participant_39,camera_target,2,B_kinematics_no_qc,ridge,5,19.0,22.54909341713949,-3.5490934171394883,3.5490934171394883
DVST_XI_19-22_May_2025_22_09.34.36_trainee_39_glove cut_2.csv,trainee,39,trainee__participant_39,glove_cut,2,B_kinematics_no_qc,ridge,5,22.0,21.04646305976436,0.9535369402356402,0.9535369402356402
DVST_XI_6-8_Mar_2025_07_11.56.53_expert_2_camera target_1.csv,expert,2,expert__participant_2,camera_target,1,B_kinematics_no_qc,ridge,5,25.0,21.10962388108317,3.89037611891683,3.89037611891683
DVST_XI_6-8_Mar_2025_07_11.56.53_expert_2_glove cut_1.csv,expert,2,expert__participant_2,glove_cut,1,B_kinematics_no_qc,ridge,5,19.0,19.00543534691166,-0.005435346911660588,0.005435346911660588
DVST_XI_6-8_Mar_2025_07_11.56.53_expert_2_ring rollercoaster_1.csv,expert,2,expert__participant_2,ring_rollercoaster,1,B_kinematics_no_qc,ridge,5,20.0,20.725730953052373,-0.7257309530523735,0.7257309530523735
DVST_XI_6-8_Mar_2025_07_11.56.53_expert_2_sea spikes_1.csv,expert,2,expert__participant_2,sea_spikes,1,B_kinematics_no_qc,ridge,5,18.0,20.07282401311527,-2.0728240131152695,2.0728240131152695
DVST_XI_7-11_Mar_2024_08_13.12.17_trainee_10_ring rollercoaster_1.csv,trainee,10,trainee__participant_10,ring_rollercoaster,1,B_kinematics_no_qc,ridge,5,14.0,19.95750854137548,-5.9575085413754785,5.9575085413754785
DVST_XI_7-11_Mar_2024_08_13.12.17_trainee_10_sea spikes_1.csv,trainee,10,trainee__participant_10,sea_spikes,1,B_kinematics_no_qc,ridge,5,22.0,16.506731829800657,5.493268170199343,5.493268170199343
DVST_XI_7-11_Mar_2024_08_13.12.17_trainee_6_ring rollercoaster_1.csv,trainee,6,trainee__participant_6,ring_rollercoaster,1,B_kinematics_no_qc,ridge,5,16.0,21.050231829516694,-5.050231829516694,5.050231829516694
DVST_XI_7-11_Mar_2024_08_13.12.17_trainee_6_sea spikes_1.csv,trainee,6,trainee__participant_6,sea_spikes,1,B_kinematics_no_qc,ridge,5,16.0,17.574088019168855,-1.5740880191688547,1.5740880191688547
DVST_XI_7-11_Mar_2024_08_13.12.17_trainee_8_ring rollercoaster_1.csv,trainee,8,trainee__participant_8,ring_rollercoaster,1,B_kinematics_no_qc,ridge,5,12.0,17.70660783390387,-5.70660783390387,5.70660783390387
DVST_XI_7-11_Mar_2024_08_13.12.17_trainee_8_sea spikes_1.csv,trainee,8,trainee__participant_8,sea_spikes,1,B_kinematics_no_qc,ridge,5,18.0,18.238329626731975,-0.238329626731975,0.238329626731975
DVST_XI_7-11_Mar_2024_09_10.19.01_trainee_10_glove cut_1.csv,trainee,10,trainee__participant_10,glove_cut,1,B_kinematics_no_qc,ridge,5,18.0,14.573854988938262,3.426145011061738,3.426145011061738
DVST_XI_7-11_Mar_2024_09_10.19.01_trainee_6_camera target_1.csv,trainee,6,trainee__participant_6,camera_target,1,B_kinematics_no_qc,ridge,5,16.0,18.70590297414854,-2.7059029741485396,2.7059029741485396
DVST_XI_7-11_Mar_2024_09_10.19.01_trainee_6_glove cut_1.csv,trainee,6,trainee__participant_6,glove_cut,1,B_kinematics_no_qc,ridge,5,15.0,13.978013347458269,1.021986652541731,1.021986652541731
DVST_XI_7-11_Mar_2024_09_10.19.01_trainee_8_camera target_1.csv,trainee,8,trainee__participant_8,camera_target,1,B_kinematics_no_qc,ridge,5,10.0,13.39821018971165,-3.3982101897116497,3.3982101897116497
DVST_XI_7-11_Mar_2024_09_10.19.01_trainee_8_glove cut_1.csv,trainee,8,trainee__participant_8,glove_cut,1,B_kinematics_no_qc,ridge,5,17.0,17.98823921585676,-0.9882392158567583,0.9882392158567583
DVST_XI_7-11_Mar_2024_09_13.46.11_trainee_10_suture_1.csv,trainee,10,trainee__participant_10,suture,1,B_kinematics_no_qc,ridge,5,19.0,20.471466876880672,-1.4714668768806725,1.4714668768806725
DVST_XI_7-11_Mar_2024_09_13.46.11_trainee_6_suture_1.csv,trainee,6,trainee__participant_6,suture,1,B_kinematics_no_qc,ridge,5,12.0,19.481453382770276,-7.481453382770276,7.481453382770276
DVST_XI_7-11_Mar_2024_09_13.46.11_trainee_8_suture_1.csv,trainee,8,trainee__participant_8,suture,1,B_kinematics_no_qc,ridge,5,17.0,19.73672116906874,-2.7367211690687405,2.7367211690687405
DVST_XI_7-11_Mar_2024_10_08.59.30_trainee_10_ring rollercoaster_2.csv,trainee,10,trainee__participant_10,ring_rollercoaster,2,B_kinematics_no_qc,ridge,5,18.0,19.223587002393202,-1.2235870023932023,1.2235870023932023
DVST_XI_7-11_Mar_2024_10_08.59.30_trainee_10_sea spikes_2.csv,trainee,10,trainee__participant_10,sea_spikes,2,B_kinematics_no_qc,ridge,5,22.0,19.97737490506685,2.022625094933151,2.022625094933151
DVST_XI_7-11_Mar_2024_10_08.59.30_trainee_6_ring rollercoaster_2.csv,trainee,6,trainee__participant_6,ring_rollercoaster,2,B_kinematics_no_qc,ridge,5,18.0,21.29865492779398,-3.2986549277939794,3.2986549277939794
DVST_XI_7-11_Mar_2024_10_08.59.30_trainee_6_sea spikes_2.csv,trainee,6,trainee__participant_6,sea_spikes,2,B_kinematics_no_qc,ridge,5,20.0,21.889938198424115,-1.8899381984241153,1.8899381984241153
DVST_XI_7-11_Mar_2024_10_08.59.30_trainee_8_ring rollercoaster_2.csv,trainee,8,trainee__participant_8,ring_rollercoaster,2,B_kinematics_no_qc,ridge,5,16.0,18.55057588762703,-2.55057588762703,2.55057588762703
DVST_XI_7-11_Mar_2024_10_08.59.30_trainee_8_sea spikes_2.csv,trainee,8,trainee__participant_8,sea_spikes,2,B_kinematics_no_qc,ridge,5,20.0,19.12722569331251,0.8727743066874893,0.8727743066874893
DVST_XI_Griffin_29_sep-1_oct_2024_01_10.39.05_trainee_20_camera target_2.csv,trainee,20,trainee__participant_20,camera_target,2,B_kinematics_no_qc,ridge,5,14.0,19.073016495786895,-5.073016495786895,5.073016495786895
DVST_XI_Griffin_29_sep-1_oct_2024_29_09.07.40_trainee_20_camera target_1.csv,trainee,20,trainee__participant_20,camera_target,1,B_kinematics_no_qc,ridge,5,15.0,14.557232250073252,0.44276774992674817,0.44276774992674817
DVST_XI_Griffin_29_sep-1_oct_2024_29_09.07.40_trainee_20_suture_1.csv,trainee,20,trainee__participant_20,suture,1,B_kinematics_no_qc,ridge,5,13.0,16.03072597151791,-3.03072597151791,3.03072597151791
DVST_XI_Griffin_29_sep-1_oct_2024_30_12.18.00_trainee_20_glove cut_2.csv,trainee,20,trainee__participant_20,glove_cut,2,B_kinematics_no_qc,ridge,5,17.0,19.79089753112432,-2.790897531124319,2.790897531124319
DVST_XI_Griffin_29_sep-1_oct_2024_30_12.18.00_trainee_20_ring rollercoaster_2.csv,trainee,20,trainee__participant_20,ring_rollercoaster,2,B_kinematics_no_qc,ridge,5,21.0,20.403870781005583,0.5961292189944167,0.5961292189944167
DVST_XI_Griffin_29_sep-1_oct_2024_30_12.18.00_trainee_20_sea spikes_2.csv,trainee,20,trainee__participant_20,sea_spikes,2,B_kinematics_no_qc,ridge,5,21.0,20.53558318568348,0.4644168143165217,0.4644168143165217
DVST_XI_11-14_Aug_2025_14_10.45.28_expert_8_camera target_1.csv,expert,8,expert__participant_8,camera_target,1,B_kinematics_no_qc,elastic_net,1,28.0,23.467242036066587,4.532757963933413,4.532757963933413
DVST_XI_11-14_Aug_2025_14_10.45.28_expert_8_glove cut_1.csv,expert,8,expert__participant_8,glove_cut,1,B_kinematics_no_qc,elastic_net,1,24.0,22.231565029866083,1.7684349701339173,1.7684349701339173
DVST_XI_11-14_Aug_2025_14_10.45.28_expert_8_ring rollercoaster_1.csv,expert,8,expert__participant_8,ring_rollercoaster,1,B_kinematics_no_qc,elastic_net,1,24.0,23.51636422830488,0.48363577169511984,0.48363577169511984
DVST_XI_11-14_Aug_2025_14_10.45.28_expert_8_sea spikes_1.csv,expert,8,expert__participant_8,sea_spikes,1,B_kinematics_no_qc,elastic_net,1,22.0,21.1167552221157,0.8832447778843004,0.8832447778843004
DVST_XI_11-14_Aug_2025_14_10.45.28_expert_8_suture_1.csv,expert,8,expert__participant_8,suture,1,B_kinematics_no_qc,elastic_net,1,29.0,25.920598134901386,3.079401865098614,3.079401865098614
DVST_XI_14-16_Feb_2024_14_09.13.16_trainee_2_camera target_1.csv,trainee,2,trainee__participant_2,camera_target,1,B_kinematics_no_qc,elastic_net,1,17.0,15.121109983237506,1.8788900167624938,1.8788900167624938
DVST_XI_14-16_Feb_2024_14_09.13.16_trainee_2_glove cut_1.csv,trainee,2,trainee__participant_2,glove_cut,1,B_kinematics_no_qc,elastic_net,1,13.0,19.268001103895212,-6.268001103895212,6.268001103895212
DVST_XI_14-16_Feb_2024_14_09.13.16_trainee_2_ring rollercoaster_1.csv,trainee,2,trainee__participant_2,ring_rollercoaster,1,B_kinematics_no_qc,elastic_net,1,14.0,16.900336234225904,-2.900336234225904,2.900336234225904
DVST_XI_14-16_Feb_2024_14_09.13.16_trainee_2_sea spikes_1.csv,trainee,2,trainee__participant_2,sea_spikes,1,B_kinematics_no_qc,elastic_net,1,15.0,18.93389536877029,-3.9338953687702904,3.9338953687702904
DVST_XI_14-16_Feb_2024_14_09.13.16_trainee_5_camera target_1.csv,trainee,5,trainee__participant_5,camera_target,1,B_kinematics_no_qc,elastic_net,1,7.0,13.900405286943382,-6.900405286943382,6.900405286943382
DVST_XI_14-16_Feb_2024_14_09.13.16_trainee_5_glove cut_1.csv,trainee,5,trainee__participant_5,glove_cut,1,B_kinematics_no_qc,elastic_net,1,11.0,15.35942922829732,-4.359429228297319,4.359429228297319
DVST_XI_14-16_Feb_2024_14_09.13.16_trainee_5_ring rollercoaster_1.csv,trainee,5,trainee__participant_5,ring_rollercoaster,1,B_kinematics_no_qc,elastic_net,1,17.0,12.298209401609581,4.701790598390419,4.701790598390419
DVST_XI_14-16_Feb_2024_14_09.13.16_trainee_5_sea spikes_1.csv,trainee,5,trainee__participant_5,sea_spikes,1,B_kinematics_no_qc,elastic_net,1,16.0,15.759281810010307,0.24071818998969263,0.24071818998969263
DVST_XI_14-16_Feb_2024_14_09.13.16_trainee_5_suture_1.csv,trainee,5,trainee__participant_5,suture,1,B_kinematics_no_qc,elastic_net,1,16.0,16.88889272025684,-0.8888927202568411,0.8888927202568411
DVST_XI_14-16_Feb_2024_16_08.32.59_trainee_2_camera target_2.csv,trainee,2,trainee__participant_2,camera_target,2,B_kinematics_no_qc,elastic_net,1,16.0,19.492019814732444,-3.492019814732444,3.492019814732444
DVST_XI_14-16_Feb_2024_16_08.32.59_trainee_2_glove cut_2.csv,trainee,2,trainee__participant_2,glove_cut,2,B_kinematics_no_qc,elastic_net,1,19.0,17.449683932851613,1.5503160671483869,1.5503160671483869
DVST_XI_14-16_Feb_2024_16_08.32.59_trainee_2_ring rollercoaster_2.csv,trainee,2,trainee__participant_2,ring_rollercoaster,2,B_kinematics_no_qc,elastic_net,1,21.0,16.648153503072052,4.351846496927948,4.351846496927948
DVST_XI_14-16_Feb_2024_16_08.32.59_trainee_2_sea spikes_2.csv,trainee,2,trainee__participant_2,sea_spikes,2,B_kinematics_no_qc,elastic_net,1,17.0,19.283207691777218,-2.2832076917772177,2.2832076917772177
DVST_XI_14-16_Feb_2024_16_08.32.59_trainee_2_suture_2.csv,trainee,2,trainee__participant_2,suture,2,B_kinematics_no_qc,elastic_net,1,22.0,21.14859696792325,0.8514030320767496,0.8514030320767496
DVST_XI_14-16_Feb_2024_16_08.32.59_trainee_5_camera target_2.csv,trainee,5,trainee__participant_5,camera_target,2,B_kinematics_no_qc,elastic_net,1,21.0,20.33186627381743,0.668133726182571,0.668133726182571
DVST_XI_14-16_Feb_2024_16_08.32.59_trainee_5_glove cut_2.csv,trainee,5,trainee__participant_5,glove_cut,2,B_kinematics_no_qc,elastic_net,1,19.0,15.61470069610182,3.3852993038981793,3.3852993038981793
DVST_XI_14-16_Feb_2024_16_08.32.59_trainee_5_ring rollercoaster_2.csv,trainee,5,trainee__participant_5,ring_rollercoaster,2,B_kinematics_no_qc,elastic_net,1,23.0,14.433132911742689,8.566867088257311,8.566867088257311
DVST_XI_14-16_Feb_2024_16_08.32.59_trainee_5_sea spikes_2.csv,trainee,5,trainee__participant_5,sea_spikes,2,B_kinematics_no_qc,elastic_net,1,21.0,20.143042776124332,0.8569572238756678,0.8569572238756678
DVST_XI_14-16_Feb_2024_16_08.32.59_trainee_5_suture_2.csv,trainee,5,trainee__participant_5,suture,2,B_kinematics_no_qc,elastic_net,1,21.0,18.14222544551973,2.857774554480269,2.857774554480269
DVST_XI_6-8_Mar_2025_06_10.41.14_trainee_31_ring rollercoaster_1.csv,trainee,31,trainee__participant_31,ring_rollercoaster,1,B_kinematics_no_qc,elastic_net,1,15.0,18.376680899475765,-3.3766808994757653,3.3766808994757653
DVST_XI_6-8_Mar_2025_06_10.41.14_trainee_31_sea spikes_1.csv,trainee,31,trainee__participant_31,sea_spikes,1,B_kinematics_no_qc,elastic_net,1,13.0,17.72101808743473,-4.721018087434729,4.721018087434729
DVST_XI_6-8_Mar_2025_06_10.41.14_trainee_36_ring rollercoaster_1.csv,trainee,36,trainee__participant_36,ring_rollercoaster,1,B_kinematics_no_qc,elastic_net,1,19.0,15.044211639532156,3.955788360467844,3.955788360467844
DVST_XI_6-8_Mar_2025_06_10.41.14_trainee_36_sea spikes_1.csv,trainee,36,trainee__participant_36,sea_spikes,1,B_kinematics_no_qc,elastic_net,1,16.0,15.70785653922906,0.2921434607709408,0.2921434607709408
DVST_XI_6-8_Mar_2025_07_11.56.53_expert_1_camera target_1.csv,expert,1,expert__participant_1,camera_target,1,B_kinematics_no_qc,elastic_net,1,26.0,26.2766620230616,-0.2766620230616006,0.2766620230616006
DVST_XI_6-8_Mar_2025_07_11.56.53_expert_1_glove cut_1.csv,expert,1,expert__participant_1,glove_cut,1,B_kinematics_no_qc,elastic_net,1,20.0,23.105123101456293,-3.105123101456293,3.105123101456293
DVST_XI_6-8_Mar_2025_07_11.56.53_expert_1_ring rollercoaster_1.csv,expert,1,expert__participant_1,ring_rollercoaster,1,B_kinematics_no_qc,elastic_net,1,21.0,23.229348110349086,-2.229348110349086,2.229348110349086
DVST_XI_6-8_Mar_2025_07_11.56.53_expert_1_sea spikes_1.csv,expert,1,expert__participant_1,sea_spikes,1,B_kinematics_no_qc,elastic_net,1,23.0,24.180524566684955,-1.180524566684955,1.180524566684955
DVST_XI_6-8_Mar_2025_07_11.56.53_expert_1_suture_1.csv,expert,1,expert__participant_1,suture,1,B_kinematics_no_qc,elastic_net,1,26.0,24.990181012368094,1.0098189876319061,1.0098189876319061
DVST_XI_6-8_Mar_2025_07_11.56.53_trainee_31_glove cut_1.csv,trainee,31,trainee__participant_31,glove_cut,1,B_kinematics_no_qc,elastic_net,1,16.0,17.954895041050555,-1.9548950410505554,1.9548950410505554
DVST_XI_6-8_Mar_2025_07_11.56.53_trainee_36_glove cut_1.csv,trainee,36,trainee__participant_36,glove_cut,1,B_kinematics_no_qc,elastic_net,1,18.0,18.73084055686652,-0.7308405568665215,0.7308405568665215
DVST_XI_7-11_Mar_2024_08_13.12.17_trainee_11_ring rollercoaster_1.csv,trainee,11,trainee__participant_11,ring_rollercoaster,1,B_kinematics_no_qc,elastic_net,1,18.0,16.761141300229102,1.2388586997708977,1.2388586997708977
DVST_XI_7-11_Mar_2024_08_13.12.17_trainee_11_sea spikes_1.csv,trainee,11,trainee__participant_11,sea_spikes,1,B_kinematics_no_qc,elastic_net,1,18.0,19.64116312159349,-1.6411631215934896,1.6411631215934896
DVST_XI_7-11_Mar_2024_09_10.19.01_trainee_11_camera target_1.csv,trainee,11,trainee__participant_11,camera_target,1,B_kinematics_no_qc,elastic_net,1,10.0,12.114031975949434,-2.114031975949434,2.114031975949434
DVST_XI_7-11_Mar_2024_09_10.19.01_trainee_11_glove cut_1.csv,trainee,11,trainee__participant_11,glove_cut,1,B_kinematics_no_qc,elastic_net,1,18.0,18.150412898900857,-0.15041289890085707,0.15041289890085707
DVST_XI_7-11_Mar_2024_09_13.46.11_trainee_11_suture_1.csv,trainee,11,trainee__participant_11,suture,1,B_kinematics_no_qc,elastic_net,1,18.0,19.68465985980416,-1.6846598598041602,1.6846598598041602
DVST_XI_7-11_Mar_2024_10_08.59.30_trainee_11_ring rollercoaster_2.csv,trainee,11,trainee__participant_11,ring_rollercoaster,2,B_kinematics_no_qc,elastic_net,1,16.0,18.12385122716577,-2.123851227165769,2.123851227165769
DVST_XI_7-11_Mar_2024_10_08.59.30_trainee_11_sea spikes_2.csv,trainee,11,trainee__participant_11,sea_spikes,2,B_kinematics_no_qc,elastic_net,1,18.0,20.562466694575374,-2.562466694575374,2.562466694575374
DVST_XI_Griffin_29_sep-1_oct_2024_01_10.39.05_trainee_17_camera target_2.csv,trainee,17,trainee__participant_17,camera_target,2,B_kinematics_no_qc,elastic_net,1,22.0,23.835748763010372,-1.835748763010372,1.835748763010372
DVST_XI_Griffin_29_sep-1_oct_2024_29_09.07.40_trainee_17_camera target_1.csv,trainee,17,trainee__participant_17,camera_target,1,B_kinematics_no_qc,elastic_net,1,23.0,16.26426313986386,6.735736860136139,6.735736860136139
DVST_XI_Griffin_29_sep-1_oct_2024_29_09.07.40_trainee_17_suture_1.csv,trainee,17,trainee__participant_17,suture,1,B_kinematics_no_qc,elastic_net,1,15.0,-9.041962263021976,24.041962263021976,24.041962263021976
DVST_XI_Griffin_29_sep-1_oct_2024_30_12.18.00_trainee_17_glove cut_2.csv,trainee,17,trainee__participant_17,glove_cut,2,B_kinematics_no_qc,elastic_net,1,22.0,20.303498394480147,1.6965016055198525,1.6965016055198525
DVST_XI_Griffin_29_sep-1_oct_2024_30_12.18.00_trainee_17_ring rollercoaster_2.csv,trainee,17,trainee__participant_17,ring_rollercoaster,2,B_kinematics_no_qc,elastic_net,1,22.0,20.824250116090017,1.1757498839099831,1.1757498839099831
DVST_XI_Griffin_29_sep-1_oct_2024_30_12.18.00_trainee_17_sea spikes_2.csv,trainee,17,trainee__participant_17,sea_spikes,2,B_kinematics_no_qc,elastic_net,1,22.0,22.258002517758566,-0.2580025177585661,0.2580025177585661
DVST_XI_11-14_Aug_2025_13_11.33.24_expert_7_camera target_1.csv,expert,7,expert__participant_7,camera_target,1,B_kinematics_no_qc,elastic_net,2,28.0,21.90202374068801,6.0979762593119915,6.0979762593119915
DVST_XI_11-14_Aug_2025_13_11.33.24_expert_7_glove cut_1.csv,expert,7,expert__participant_7,glove_cut,1,B_kinematics_no_qc,elastic_net,2,25.0,20.542623563162135,4.457376436837865,4.457376436837865
DVST_XI_11-14_Aug_2025_13_11.33.24_expert_7_ring rollercoaster_1.csv,expert,7,expert__participant_7,ring_rollercoaster,1,B_kinematics_no_qc,elastic_net,2,20.0,20.84438567488135,-0.8443856748813516,0.8443856748813516
DVST_XI_11-14_Aug_2025_13_11.33.24_expert_7_sea spikes_1.csv,expert,7,expert__participant_7,sea_spikes,1,B_kinematics_no_qc,elastic_net,2,20.0,20.339456253427187,-0.339456253427187,0.339456253427187
DVST_XI_11-14_Aug_2025_13_11.33.24_expert_7_suture_1.csv,expert,7,expert__participant_7,suture,1,B_kinematics_no_qc,elastic_net,2,29.0,21.695580164594677,7.304419835405323,7.304419835405323
DVST_XI_14-16_Feb_2024_14_09.13.16_trainee_4_camera target_1.csv,trainee,4,trainee__participant_4,camera_target,1,B_kinematics_no_qc,elastic_net,2,16.0,17.650674051470858,-1.6506740514708582,1.6506740514708582
DVST_XI_14-16_Feb_2024_14_09.13.16_trainee_4_glove cut_1.csv,trainee,4,trainee__participant_4,glove_cut,1,B_kinematics_no_qc,elastic_net,2,23.0,18.17077321190555,4.829226788094449,4.829226788094449
DVST_XI_14-16_Feb_2024_14_09.13.16_trainee_4_ring rollercoaster_1.csv,trainee,4,trainee__participant_4,ring_rollercoaster,1,B_kinematics_no_qc,elastic_net,2,14.0,17.963881836372618,-3.963881836372618,3.963881836372618
DVST_XI_14-16_Feb_2024_14_09.13.16_trainee_4_sea spikes_1.csv,trainee,4,trainee__participant_4,sea_spikes,1,B_kinematics_no_qc,elastic_net,2,18.0,18.313722247111524,-0.3137222471115244,0.3137222471115244
DVST_XI_14-16_Feb_2024_14_09.13.16_trainee_4_suture_1.csv,trainee,4,trainee__participant_4,suture,1,B_kinematics_no_qc,elastic_net,2,18.0,18.756881451313138,-0.7568814513131379,0.7568814513131379
DVST_XI_14-16_Feb_2024_16_08.32.59_trainee_4_camera target_2.csv,trainee,4,trainee__participant_4,camera_target,2,B_kinematics_no_qc,elastic_net,2,23.0,19.015838568744158,3.984161431255842,3.984161431255842
DVST_XI_14-16_Feb_2024_16_08.32.59_trainee_4_glove cut_2.csv,trainee,4,trainee__participant_4,glove_cut,2,B_kinematics_no_qc,elastic_net,2,24.0,18.592855480411185,5.407144519588815,5.407144519588815
DVST_XI_14-16_Feb_2024_16_08.32.59_trainee_4_ring rollercoaster_2.csv,trainee,4,trainee__participant_4,ring_rollercoaster,2,B_kinematics_no_qc,elastic_net,2,24.0,19.012023082329794,4.987976917670206,4.987976917670206
DVST_XI_14-16_Feb_2024_16_08.32.59_trainee_4_sea spikes_2.csv,trainee,4,trainee__participant_4,sea_spikes,2,B_kinematics_no_qc,elastic_net,2,24.0,18.702507717456292,5.297492282543708,5.297492282543708
DVST_XI_14-16_Feb_2024_16_08.32.59_trainee_4_suture_2.csv,trainee,4,trainee__participant_4,suture,2,B_kinematics_no_qc,elastic_net,2,22.0,20.46103744845849,1.538962551541509,1.538962551541509
DVST_XI_19-22_May_2025_22_09.34.36_trainee_38_camera target_2.csv,trainee,38,trainee__participant_38,camera_target,2,B_kinematics_no_qc,elastic_net,2,22.0,23.34382105015201,-1.343821050152009,1.343821050152009
DVST_XI_19-22_May_2025_22_09.34.36_trainee_38_glove cut_2.csv,trainee,38,trainee__participant_38,glove_cut,2,B_kinematics_no_qc,elastic_net,2,18.0,21.784817667787912,-3.7848176677879124,3.7848176677879124
DVST_XI_19-22_May_2025_22_09.34.36_trainee_42_camera target_2.csv,trainee,42,trainee__participant_42,camera_target,2,B_kinematics_no_qc,elastic_net,2,19.0,20.673927782212747,-1.673927782212747,1.673927782212747
DVST_XI_19-22_May_2025_22_09.34.36_trainee_42_glove cut_2.csv,trainee,42,trainee__participant_42,glove_cut,2,B_kinematics_no_qc,elastic_net,2,16.0,20.466112923301715,-4.466112923301715,4.466112923301715
DVST_XI_6-8_Mar_2025_06_10.41.14_trainee_34_camera target_1.csv,trainee,34,trainee__participant_34,camera_target,1,B_kinematics_no_qc,elastic_net,2,18.0,19.94410586744892,-1.9441058674489184,1.9441058674489184
DVST_XI_6-8_Mar_2025_06_10.41.14_trainee_34_ring rollercoaster_1.csv,trainee,34,trainee__participant_34,ring_rollercoaster,1,B_kinematics_no_qc,elastic_net,2,14.0,15.495953276579069,-1.495953276579069,1.495953276579069
DVST_XI_6-8_Mar_2025_06_10.41.14_trainee_34_sea spikes_1.csv,trainee,34,trainee__participant_34,sea_spikes,1,B_kinematics_no_qc,elastic_net,2,14.0,15.627793854869564,-1.627793854869564,1.627793854869564
DVST_XI_6-8_Mar_2025_06_10.41.14_trainee_35_ring rollercoaster_1.csv,trainee,35,trainee__participant_35,ring_rollercoaster,1,B_kinematics_no_qc,elastic_net,2,18.0,17.71680905651358,0.2831909434864208,0.2831909434864208
DVST_XI_6-8_Mar_2025_06_10.41.14_trainee_35_sea spikes_1.csv,trainee,35,trainee__participant_35,sea_spikes,1,B_kinematics_no_qc,elastic_net,2,15.0,17.918852264181123,-2.9188522641811225,2.9188522641811225
DVST_XI_6-8_Mar_2025_07_11.56.53_trainee_34_glove cut_1.csv,trainee,34,trainee__participant_34,glove_cut,1,B_kinematics_no_qc,elastic_net,2,12.0,14.224923960473278,-2.2249239604732782,2.2249239604732782
DVST_XI_6-8_Mar_2025_07_11.56.53_trainee_35_camera target_2.csv,trainee,35,trainee__participant_35,camera_target,2,B_kinematics_no_qc,elastic_net,2,18.0,20.420943023220936,-2.4209430232209357,2.4209430232209357
DVST_XI_6-8_Mar_2025_07_11.56.53_trainee_35_glove cut_1.csv,trainee,35,trainee__participant_35,glove_cut,1,B_kinematics_no_qc,elastic_net,2,16.0,19.347511295347,-3.347511295347001,3.347511295347001
DVST_XI_6-8_Mar_2025_07_11.56.53_trainee_35_sea spikes_2.csv,trainee,35,trainee__participant_35,sea_spikes,2,B_kinematics_no_qc,elastic_net,2,21.0,20.38461722086123,0.6153827791387698,0.6153827791387698
DVST_XI_Griffin_16-19_07_2024_16_08.46.09_trainee_14_glove cut_1.csv,trainee,14,trainee__participant_14,glove_cut,1,B_kinematics_no_qc,elastic_net,2,11.0,19.52792657109441,-8.527926571094412,8.527926571094412
DVST_XI_Griffin_16-19_07_2024_16_08.46.09_trainee_14_ring rollercoaster_1.csv,trainee,14,trainee__participant_14,ring_rollercoaster,1,B_kinematics_no_qc,elastic_net,2,16.0,20.907390229506266,-4.907390229506266,4.907390229506266
DVST_XI_Griffin_16-19_07_2024_16_08.46.09_trainee_14_sea spikes_1.csv,trainee,14,trainee__participant_14,sea_spikes,1,B_kinematics_no_qc,elastic_net,2,12.0,15.84151332125871,-3.8415133212587094,3.8415133212587094
DVST_XI_Griffin_16-19_07_2024_16_08.46.09_trainee_14_suture_1.csv,trainee,14,trainee__participant_14,suture,1,B_kinematics_no_qc,elastic_net,2,15.0,20.276474141784526,-5.276474141784526,5.276474141784526
DVST_XI_Griffin_16-19_07_2024_17_12.20.23_trainee_14_camera target_1.csv,trainee,14,trainee__participant_14,camera_target,1,B_kinematics_no_qc,elastic_net,2,14.0,16.987176424128194,-2.9871764241281937,2.9871764241281937
DVST_XI_Griffin_16-19_07_2024_18_08.46.52_trainee_14_sea spikes_2.csv,trainee,14,trainee__participant_14,sea_spikes,2,B_kinematics_no_qc,elastic_net,2,20.0,19.619793241753854,0.38020675824614614,0.38020675824614614
DVST_XI_Griffin_16-19_07_2024_18_08.46.52_trainee_14_suture_2.csv,trainee,14,trainee__participant_14,suture,2,B_kinematics_no_qc,elastic_net,2,29.0,21.22209937688965,7.777900623110352,7.777900623110352
DVST_XI_Griffin_16-19_07_2024_19_09.39.41_trainee_14_glove cut_2.csv,trainee,14,trainee__participant_14,glove_cut,2,B_kinematics_no_qc,elastic_net,2,18.0,18.710985492653098,-0.7109854926530979,0.7109854926530979
DVST_XI_Griffin_29_sep-1_oct_2024_01_10.39.05_trainee_19_camera target_2.csv,trainee,19,trainee__participant_19,camera_target,2,B_kinematics_no_qc,elastic_net,2,18.0,19.417583849592823,-1.4175838495928232,1.4175838495928232
DVST_XI_Griffin_29_sep-1_oct_2024_01_10.39.05_trainee_21_camera target_2.csv,trainee,21,trainee__participant_21,camera_target,2,B_kinematics_no_qc,elastic_net,2,23.0,21.069972727174846,1.9300272728251535,1.9300272728251535
DVST_XI_Griffin_29_sep-1_oct_2024_29_09.07.40_trainee_19_camera target_1.csv,trainee,19,trainee__participant_19,camera_target,1,B_kinematics_no_qc,elastic_net,2,17.0,17.19210135050934,-0.19210135050933985,0.19210135050933985
DVST_XI_Griffin_29_sep-1_oct_2024_29_09.07.40_trainee_19_suture_1.csv,trainee,19,trainee__participant_19,suture,1,B_kinematics_no_qc,elastic_net,2,16.0,17.54724356116002,-1.5472435611600197,1.5472435611600197
DVST_XI_Griffin_29_sep-1_oct_2024_29_09.07.40_trainee_21_camera target_1.csv,trainee,21,trainee__participant_21,camera_target,1,B_kinematics_no_qc,elastic_net,2,19.0,19.322595479016677,-0.32259547901667673,0.32259547901667673
DVST_XI_Griffin_29_sep-1_oct_2024_29_09.07.40_trainee_21_suture_1.csv,trainee,21,trainee__participant_21,suture,1,B_kinematics_no_qc,elastic_net,2,18.0,19.606196783720254,-1.6061967837202538,1.6061967837202538
DVST_XI_Griffin_29_sep-1_oct_2024_30_12.18.00_trainee_19_glove cut_2.csv,trainee,19,trainee__participant_19,glove_cut,2,B_kinematics_no_qc,elastic_net,2,17.0,18.045965979617723,-1.0459659796177228,1.0459659796177228
DVST_XI_Griffin_29_sep-1_oct_2024_30_12.18.00_trainee_19_ring rollercoaster_2.csv,trainee,19,trainee__participant_19,ring_rollercoaster,2,B_kinematics_no_qc,elastic_net,2,22.0,18.395891359866674,3.604108640133326,3.604108640133326
DVST_XI_Griffin_29_sep-1_oct_2024_30_12.18.00_trainee_19_sea spikes_2.csv,trainee,19,trainee__participant_19,sea_spikes,2,B_kinematics_no_qc,elastic_net,2,21.0,19.81139832467531,1.1886016753246906,1.1886016753246906
DVST_XI_Griffin_29_sep-1_oct_2024_30_12.18.00_trainee_21_glove cut_2.csv,trainee,21,trainee__participant_21,glove_cut,2,B_kinematics_no_qc,elastic_net,2,25.0,19.678449441352928,5.321550558647072,5.321550558647072
DVST_XI_Griffin_29_sep-1_oct_2024_30_12.18.00_trainee_21_ring rollercoaster_2.csv,trainee,21,trainee__participant_21,ring_rollercoaster,2,B_kinematics_no_qc,elastic_net,2,22.0,19.77968264000268,2.2203173599973205,2.2203173599973205
DVST_XI_Griffin_29_sep-1_oct_2024_30_12.18.00_trainee_21_sea spikes_2.csv,trainee,21,trainee__participant_21,sea_spikes,2,B_kinematics_no_qc,elastic_net,2,22.0,19.960275043161037,2.0397249568389633,2.0397249568389633
DVST_XI_Griffin_29_sep-1_oct_2024_30_12.18.00_trainee_21_suture_2.csv,trainee,21,trainee__participant_21,suture,2,B_kinematics_no_qc,elastic_net,2,23.0,20.30853206016807,2.6914679398319308,2.6914679398319308
DVST_XI_10-13_Nov_2025_12_10.36.46_expert_9_camera target_1.csv,expert,9,expert__participant_9,camera_target,1,B_kinematics_no_qc,elastic_net,3,28.0,22.955498273096357,5.044501726903643,5.044501726903643
DVST_XI_10-13_Nov_2025_12_10.36.46_expert_9_glove cut_1.csv,expert,9,expert__participant_9,glove_cut,1,B_kinematics_no_qc,elastic_net,3,29.0,22.506456360284204,6.493543639715796,6.493543639715796
DVST_XI_10-13_Nov_2025_12_10.36.46_expert_9_ring rollercoaster_1.csv,expert,9,expert__participant_9,ring_rollercoaster,1,B_kinematics_no_qc,elastic_net,3,29.0,21.289075838296114,7.710924161703886,7.710924161703886
DVST_XI_10-13_Nov_2025_12_10.36.46_expert_9_sea spikes_1.csv,expert,9,expert__participant_9,sea_spikes,1,B_kinematics_no_qc,elastic_net,3,29.0,21.623207086076164,7.376792913923836,7.376792913923836
DVST_XI_10-13_Nov_2025_12_10.36.46_expert_9_suture_1.csv,expert,9,expert__participant_9,suture,1,B_kinematics_no_qc,elastic_net,3,28.0,23.075466536575234,4.9245334634247655,4.9245334634247655
DVST_XI_14-16_Feb_2024_14_09.13.16_trainee_3_camera target_1.csv,trainee,3,trainee__participant_3,camera_target,1,B_kinematics_no_qc,elastic_net,3,15.0,19.075735415482576,-4.075735415482576,4.075735415482576
DVST_XI_14-16_Feb_2024_14_09.13.16_trainee_3_glove cut_1.csv,trainee,3,trainee__participant_3,glove_cut,1,B_kinematics_no_qc,elastic_net,3,17.0,20.364155853994088,-3.364155853994088,3.364155853994088
DVST_XI_14-16_Feb_2024_14_09.13.16_trainee_3_ring rollercoaster_1.csv,trainee,3,trainee__participant_3,ring_rollercoaster,1,B_kinematics_no_qc,elastic_net,3,12.0,18.74637056803531,-6.74637056803531,6.74637056803531
DVST_XI_14-16_Feb_2024_14_09.13.16_trainee_3_sea spikes_1.csv,trainee,3,trainee__participant_3,sea_spikes,1,B_kinematics_no_qc,elastic_net,3,15.0,18.817128610514644,-3.8171286105146436,3.8171286105146436
DVST_XI_14-16_Feb_2024_14_09.13.16_trainee_3_suture_1.csv,trainee,3,trainee__participant_3,suture,1,B_kinematics_no_qc,elastic_net,3,19.0,19.519632525130618,-0.5196325251306178,0.5196325251306178
DVST_XI_14-16_Feb_2024_16_08.32.59_trainee_3_camera target_2.csv,trainee,3,trainee__participant_3,camera_target,2,B_kinematics_no_qc,elastic_net,3,23.0,18.766738999479518,4.233261000520482,4.233261000520482
DVST_XI_14-16_Feb_2024_16_08.32.59_trainee_3_glove cut_2.csv,trainee,3,trainee__participant_3,glove_cut,2,B_kinematics_no_qc,elastic_net,3,19.0,19.698513451652747,-0.6985134516527474,0.6985134516527474
DVST_XI_14-16_Feb_2024_16_08.32.59_trainee_3_ring rollercoaster_2.csv,trainee,3,trainee__participant_3,ring_rollercoaster,2,B_kinematics_no_qc,elastic_net,3,21.0,19.73912114977915,1.2608788502208483,1.2608788502208483
DVST_XI_14-16_Feb_2024_16_08.32.59_trainee_3_sea spikes_2.csv,trainee,3,trainee__participant_3,sea_spikes,2,B_kinematics_no_qc,elastic_net,3,17.0,19.68843113761235,-2.6884311376123513,2.6884311376123513
DVST_XI_14-16_Feb_2024_16_08.32.59_trainee_3_suture_2.csv,trainee,3,trainee__participant_3,suture,2,B_kinematics_no_qc,elastic_net,3,22.0,22.04896092217017,-0.04896092217017056,0.04896092217017056
DVST_XI_19-22_May_2025_22_09.34.36_trainee_37_camera target_2.csv,trainee,37,trainee__participant_37,camera_target,2,B_kinematics_no_qc,elastic_net,3,16.0,19.649871264326308,-3.6498712643263076,3.6498712643263076
DVST_XI_19-22_May_2025_22_09.34.36_trainee_37_glove cut_2.csv,trainee,37,trainee__participant_37,glove_cut,2,B_kinematics_no_qc,elastic_net,3,19.0,21.003028099708256,-2.0030280997082563,2.0030280997082563
DVST_XI_19-22_May_2025_22_09.34.36_trainee_41_camera target_2.csv,trainee,41,trainee__participant_41,camera_target,2,B_kinematics_no_qc,elastic_net,3,20.0,19.79036664732303,0.20963335267697047,0.20963335267697047
DVST_XI_19-22_May_2025_22_09.34.36_trainee_41_glove cut_2.csv,trainee,41,trainee__participant_41,glove_cut,2,B_kinematics_no_qc,elastic_net,3,19.0,20.551014285766573,-1.5510142857665734,1.5510142857665734
DVST_XI_6-8_Mar_2025_06_10.41.14_trainee_32_camera target_1.csv,trainee,32,trainee__participant_32,camera_target,1,B_kinematics_no_qc,elastic_net,3,20.0,20.363823843494153,-0.36382384349415275,0.36382384349415275
DVST_XI_6-8_Mar_2025_06_10.41.14_trainee_32_ring rollercoaster_1.csv,trainee,32,trainee__participant_32,ring_rollercoaster,1,B_kinematics_no_qc,elastic_net,3,17.0,18.964493179358307,-1.964493179358307,1.964493179358307
DVST_XI_6-8_Mar_2025_06_10.41.14_trainee_32_sea spikes_1.csv,trainee,32,trainee__participant_32,sea_spikes,1,B_kinematics_no_qc,elastic_net,3,14.0,22.372890304447218,-8.372890304447218,8.372890304447218
DVST_XI_6-8_Mar_2025_07_11.56.53_trainee_32_glove cut_1.csv,trainee,32,trainee__participant_32,glove_cut,1,B_kinematics_no_qc,elastic_net,3,13.0,20.048287630232643,-7.048287630232643,7.048287630232643
DVST_XI_7-11_Jul_2025_10_09.40.17_expert_6_camera target_1.csv,expert,6,expert__participant_6,camera_target,1,B_kinematics_no_qc,elastic_net,3,25.0,21.293608630672907,3.7063913693270933,3.7063913693270933
DVST_XI_7-11_Jul_2025_10_09.40.17_expert_6_glove cut_1.csv,expert,6,expert__participant_6,glove_cut,1,B_kinematics_no_qc,elastic_net,3,23.0,20.59844914770072,2.4015508522992803,2.4015508522992803
DVST_XI_7-11_Jul_2025_10_09.40.17_expert_6_ring rollercoaster_1.csv,expert,6,expert__participant_6,ring_rollercoaster,1,B_kinematics_no_qc,elastic_net,3,23.0,20.906327794083932,2.093672205916068,2.093672205916068
DVST_XI_7-11_Jul_2025_10_09.40.17_expert_6_sea spikes_1.csv,expert,6,expert__participant_6,sea_spikes,1,B_kinematics_no_qc,elastic_net,3,23.0,20.157419035737732,2.842580964262268,2.842580964262268
DVST_XI_7-11_Jul_2025_10_09.40.17_expert_6_suture_1.csv,expert,6,expert__participant_6,suture,1,B_kinematics_no_qc,elastic_net,3,26.0,21.848086847549627,4.151913152450373,4.151913152450373
DVST_XI_Griffin_16-19_07_2024_16_08.46.09_trainee_15_glove cut_1.csv,trainee,15,trainee__participant_15,glove_cut,1,B_kinematics_no_qc,elastic_net,3,17.0,19.57232716254831,-2.5723271625483086,2.5723271625483086
DVST_XI_Griffin_16-19_07_2024_16_08.46.09_trainee_15_ring rollercoaster_1.csv,trainee,15,trainee__participant_15,ring_rollercoaster,1,B_kinematics_no_qc,elastic_net,3,18.0,20.570334095003712,-2.5703340950037123,2.5703340950037123
DVST_XI_Griffin_16-19_07_2024_16_08.46.09_trainee_15_sea spikes_1.csv,trainee,15,trainee__participant_15,sea_spikes,1,B_kinematics_no_qc,elastic_net,3,20.0,19.890166564171967,0.10983343582803329,0.10983343582803329
DVST_XI_Griffin_16-19_07_2024_16_08.46.09_trainee_15_suture_1.csv,trainee,15,trainee__participant_15,suture,1,B_kinematics_no_qc,elastic_net,3,15.0,18.779111754829863,-3.779111754829863,3.779111754829863
DVST_XI_Griffin_16-19_07_2024_17_12.20.23_trainee_13_camera target_1.csv,trainee,13,trainee__participant_13,camera_target,1,B_kinematics_no_qc,elastic_net,3,19.0,19.79681280647002,-0.7968128064700188,0.7968128064700188
DVST_XI_Griffin_16-19_07_2024_17_12.20.23_trainee_13_glove cut_1.csv,trainee,13,trainee__participant_13,glove_cut,1,B_kinematics_no_qc,elastic_net,3,23.0,19.113447257030032,3.886552742969968,3.886552742969968
DVST_XI_Griffin_16-19_07_2024_17_12.20.23_trainee_13_ring rollercoaster_1.csv,trainee,13,trainee__participant_13,ring_rollercoaster,1,B_kinematics_no_qc,elastic_net,3,17.0,20.290500967073704,-3.2905009670737044,3.2905009670737044
DVST_XI_Griffin_16-19_07_2024_17_12.20.23_trainee_13_sea spikes_1.csv,trainee,13,trainee__participant_13,sea_spikes,1,B_kinematics_no_qc,elastic_net,3,17.0,20.003919933355057,-3.003919933355057,3.003919933355057
DVST_XI_Griffin_16-19_07_2024_17_12.20.23_trainee_13_suture_1.csv,trainee,13,trainee__participant_13,suture,1,B_kinematics_no_qc,elastic_net,3,23.0,20.19371443207119,2.8062855679288106,2.8062855679288106
DVST_XI_Griffin_16-19_07_2024_17_12.20.23_trainee_15_camera target_1.csv,trainee,15,trainee__participant_15,camera_target,1,B_kinematics_no_qc,elastic_net,3,18.0,20.490313685375142,-2.490313685375142,2.490313685375142
DVST_XI_Griffin_16-19_07_2024_18_08.46.52_trainee_13_sea spikes_2.csv,trainee,13,trainee__participant_13,sea_spikes,2,B_kinematics_no_qc,elastic_net,3,21.0,21.15988547450268,-0.15988547450267987,0.15988547450267987
DVST_XI_Griffin_16-19_07_2024_18_08.46.52_trainee_13_suture_2.csv,trainee,13,trainee__participant_13,suture,2,B_kinematics_no_qc,elastic_net,3,28.0,20.67550732839333,7.32449267160667,7.32449267160667
DVST_XI_Griffin_16-19_07_2024_18_08.46.52_trainee_15_sea spikes_2.csv,trainee,15,trainee__participant_15,sea_spikes,2,B_kinematics_no_qc,elastic_net,3,23.0,20.076609879621866,2.9233901203781336,2.9233901203781336
DVST_XI_Griffin_16-19_07_2024_18_08.46.52_trainee_15_suture_2.csv,trainee,15,trainee__participant_15,suture,2,B_kinematics_no_qc,elastic_net,3,26.0,20.856080747222816,5.143919252777184,5.143919252777184
DVST_XI_Griffin_16-19_07_2024_19_09.39.41_trainee_13_camera target_2.csv,trainee,13,trainee__participant_13,camera_target,2,B_kinematics_no_qc,elastic_net,3,17.0,22.409264663512452,-5.409264663512452,5.409264663512452
DVST_XI_Griffin_29_sep-1_oct_2024_01_10.39.05_trainee_18_camera target_2.csv,trainee,18,trainee__participant_18,camera_target,2,B_kinematics_no_qc,elastic_net,3,18.0,21.325217043393042,-3.3252170433930424,3.3252170433930424
DVST_XI_Griffin_29_sep-1_oct_2024_29_09.07.40_trainee_18_suture_1.csv,trainee,18,trainee__participant_18,suture,1,B_kinematics_no_qc,elastic_net,3,12.0,15.629050005362702,-3.6290500053627017,3.6290500053627017
DVST_XI_Griffin_29_sep-1_oct_2024_30_12.18.00_trainee_18_glove cut_2.csv,trainee,18,trainee__participant_18,glove_cut,2,B_kinematics_no_qc,elastic_net,3,22.0,20.549249508985817,1.4507504910141833,1.4507504910141833
DVST_XI_Griffin_29_sep-1_oct_2024_30_12.18.00_trainee_18_ring rollercoaster_2.csv,trainee,18,trainee__participant_18,ring_rollercoaster,2,B_kinematics_no_qc,elastic_net,3,24.0,20.162950610253365,3.8370493897466353,3.8370493897466353
DVST_XI_Griffin_29_sep-1_oct_2024_30_12.18.00_trainee_18_sea spikes_2.csv,trainee,18,trainee__participant_18,sea_spikes,2,B_kinematics_no_qc,elastic_net,3,22.0,20.170197313098328,1.8298026869016724,1.8298026869016724
DVST_XI_Griffin_29_sep-1_oct_2024_30_12.18.00_trainee_18_suture_2.csv,trainee,18,trainee__participant_18,suture,2,B_kinematics_no_qc,elastic_net,3,22.0,21.07029439265073,0.9297056073492698,0.9297056073492698
DVST_XI_19-22_May_2025_21_09.43.23_expert_5_camera target_1.csv,expert,5,expert__participant_5,camera_target,1,B_kinematics_no_qc,elastic_net,4,30.0,23.392550463109863,6.607449536890137,6.607449536890137
DVST_XI_19-22_May_2025_21_09.43.23_expert_5_glove cut_1.csv,expert,5,expert__participant_5,glove_cut,1,B_kinematics_no_qc,elastic_net,4,24.0,20.64807703229942,3.351922967700581,3.351922967700581
DVST_XI_19-22_May_2025_21_09.43.23_expert_5_ring rollercoaster_1.csv,expert,5,expert__participant_5,ring_rollercoaster,1,B_kinematics_no_qc,elastic_net,4,24.0,20.98149081447876,3.018509185521239,3.018509185521239
DVST_XI_19-22_May_2025_21_09.43.23_expert_5_sea spikes_1.csv,expert,5,expert__participant_5,sea_spikes,1,B_kinematics_no_qc,elastic_net,4,24.0,22.31375796391635,1.6862420360836516,1.6862420360836516
DVST_XI_19-22_May_2025_21_09.43.23_expert_5_suture_1.csv,expert,5,expert__participant_5,suture,1,B_kinematics_no_qc,elastic_net,4,29.0,23.105359964703986,5.894640035296014,5.894640035296014
DVST_XI_19-22_May_2025_22_09.34.36_trainee_40_camera target_2.csv,trainee,40,trainee__participant_40,camera_target,2,B_kinematics_no_qc,elastic_net,4,24.0,24.54807752366498,-0.5480775236649791,0.5480775236649791
DVST_XI_19-22_May_2025_22_09.34.36_trainee_40_glove cut_2.csv,trainee,40,trainee__participant_40,glove_cut,2,B_kinematics_no_qc,elastic_net,4,24.0,22.469709509907332,1.5302904900926677,1.5302904900926677
DVST_XI_6-8_Mar_2025_06_10.41.14_trainee_33_camera target_1.csv,trainee,33,trainee__participant_33,camera_target,1,B_kinematics_no_qc,elastic_net,4,23.0,20.626071674719615,2.373928325280385,2.373928325280385
DVST_XI_6-8_Mar_2025_06_10.41.14_trainee_33_ring rollercoaster_1.csv,trainee,33,trainee__participant_33,ring_rollercoaster,1,B_kinematics_no_qc,elastic_net,4,21.0,20.578230464680292,0.42176953531970796,0.42176953531970796
DVST_XI_6-8_Mar_2025_06_10.41.14_trainee_33_sea spikes_1.csv,trainee,33,trainee__participant_33,sea_spikes,1,B_kinematics_no_qc,elastic_net,4,16.0,18.6881332309633,-2.688133230963299,2.688133230963299
DVST_XI_6-8_Mar_2025_07_11.56.53_trainee_33_camera target_2.csv,trainee,33,trainee__participant_33,camera_target,2,B_kinematics_no_qc,elastic_net,4,19.0,20.286653275540036,-1.2866532755400364,1.2866532755400364
DVST_XI_6-8_Mar_2025_07_11.56.53_trainee_33_glove cut_1.csv,trainee,33,trainee__participant_33,glove_cut,1,B_kinematics_no_qc,elastic_net,4,18.0,19.48612890543978,-1.4861289054397808,1.4861289054397808
DVST_XI_6-8_Mar_2025_07_11.56.53_trainee_33_sea spikes_2.csv,trainee,33,trainee__participant_33,sea_spikes,2,B_kinematics_no_qc,elastic_net,4,20.0,19.075666588456084,0.9243334115439161,0.9243334115439161
DVST_XI_6-8_Mar_2025_08_08.21.32_expert_3_camera target_1.csv,expert,3,expert__participant_3,camera_target,1,B_kinematics_no_qc,elastic_net,4,27.0,19.6540900613358,7.3459099386641995,7.3459099386641995
DVST_XI_6-8_Mar_2025_08_08.21.32_expert_3_ring rollercoaster_1.csv,expert,3,expert__participant_3,ring_rollercoaster,1,B_kinematics_no_qc,elastic_net,4,21.0,18.28387189619889,2.716128103801111,2.716128103801111
DVST_XI_6-8_Mar_2025_08_08.21.32_expert_3_sea spikes_1.csv,expert,3,expert__participant_3,sea_spikes,1,B_kinematics_no_qc,elastic_net,4,23.0,18.33914244877783,4.660857551222168,4.660857551222168
DVST_XI_6-8_Mar_2025_08_08.21.32_expert_3_suture_1.csv,expert,3,expert__participant_3,suture,1,B_kinematics_no_qc,elastic_net,4,28.0,19.011856671430362,8.988143328569638,8.988143328569638
DVST_XI_7-11_Mar_2024_08_13.12.17_trainee_7_ring rollercoaster_1.csv,trainee,7,trainee__participant_7,ring_rollercoaster,1,B_kinematics_no_qc,elastic_net,4,15.0,17.45376493447831,-2.4537649344783112,2.4537649344783112
DVST_XI_7-11_Mar_2024_08_13.12.17_trainee_7_sea spikes_1.csv,trainee,7,trainee__participant_7,sea_spikes,1,B_kinematics_no_qc,elastic_net,4,19.0,16.328513571973716,2.6714864280262844,2.6714864280262844
DVST_XI_7-11_Mar_2024_08_13.12.17_trainee_9_ring rollercoaster_1.csv,trainee,9,trainee__participant_9,ring_rollercoaster,1,B_kinematics_no_qc,elastic_net,4,14.0,19.399746052714956,-5.399746052714956,5.399746052714956
DVST_XI_7-11_Mar_2024_08_13.12.17_trainee_9_sea spikes_1.csv,trainee,9,trainee__participant_9,sea_spikes,1,B_kinematics_no_qc,elastic_net,4,18.0,17.57301638229233,0.4269836177076698,0.4269836177076698
DVST_XI_7-11_Mar_2024_09_10.19.01_trainee_7_camera target_1.csv,trainee,7,trainee__participant_7,camera_target,1,B_kinematics_no_qc,elastic_net,4,17.0,18.960522716682846,-1.9605227166828456,1.9605227166828456
DVST_XI_7-11_Mar_2024_09_10.19.01_trainee_7_glove cut_1.csv,trainee,7,trainee__participant_7,glove_cut,1,B_kinematics_no_qc,elastic_net,4,15.0,16.59160067891846,-1.5916006789184607,1.5916006789184607
DVST_XI_7-11_Mar_2024_09_10.19.01_trainee_9_camera target_1.csv,trainee,9,trainee__participant_9,camera_target,1,B_kinematics_no_qc,elastic_net,4,19.0,19.248412639451228,-0.24841263945122805,0.24841263945122805
DVST_XI_7-11_Mar_2024_09_10.19.01_trainee_9_glove cut_1.csv,trainee,9,trainee__participant_9,glove_cut,1,B_kinematics_no_qc,elastic_net,4,18.0,17.922080932589825,0.07791906741017485,0.07791906741017485
DVST_XI_7-11_Mar_2024_09_13.46.11_trainee_7_suture_1.csv,trainee,7,trainee__participant_7,suture,1,B_kinematics_no_qc,elastic_net,4,17.0,18.749672710585873,-1.7496727105858731,1.7496727105858731
DVST_XI_7-11_Mar_2024_09_13.46.11_trainee_9_suture_1.csv,trainee,9,trainee__participant_9,suture,1,B_kinematics_no_qc,elastic_net,4,16.0,18.639131855141933,-2.639131855141933,2.639131855141933
DVST_XI_7-11_Mar_2024_10_08.59.30_trainee_7_ring rollercoaster_2.csv,trainee,7,trainee__participant_7,ring_rollercoaster,2,B_kinematics_no_qc,elastic_net,4,18.0,18.805672780836254,-0.8056727808362538,0.8056727808362538
DVST_XI_7-11_Mar_2024_10_08.59.30_trainee_7_sea spikes_2.csv,trainee,7,trainee__participant_7,sea_spikes,2,B_kinematics_no_qc,elastic_net,4,20.0,18.2868084357529,1.7131915642471007,1.7131915642471007
DVST_XI_7-11_Mar_2024_10_08.59.30_trainee_9_ring rollercoaster_2.csv,trainee,9,trainee__participant_9,ring_rollercoaster,2,B_kinematics_no_qc,elastic_net,4,20.0,20.00729455260953,-0.007294552609529603,0.007294552609529603
DVST_XI_7-11_Mar_2024_10_08.59.30_trainee_9_sea spikes_2.csv,trainee,9,trainee__participant_9,sea_spikes,2,B_kinematics_no_qc,elastic_net,4,22.0,19.424041958570694,2.575958041429306,2.575958041429306
DVST_XI_Griffin_16-19_07_2024_16_08.46.09_trainee_12_glove cut_1.csv,trainee,12,trainee__participant_12,glove_cut,1,B_kinematics_no_qc,elastic_net,4,21.0,18.70952696014531,2.290473039854689,2.290473039854689
DVST_XI_Griffin_16-19_07_2024_16_08.46.09_trainee_12_ring rollercoaster_1.csv,trainee,12,trainee__participant_12,ring_rollercoaster,1,B_kinematics_no_qc,elastic_net,4,16.0,19.973137477611687,-3.9731374776116866,3.9731374776116866
DVST_XI_Griffin_16-19_07_2024_16_08.46.09_trainee_12_sea spikes_1.csv,trainee,12,trainee__participant_12,sea_spikes,1,B_kinematics_no_qc,elastic_net,4,12.0,18.09461318388866,-6.0946131838886615,6.0946131838886615
DVST_XI_Griffin_16-19_07_2024_16_08.46.09_trainee_16_glove cut_1.csv,trainee,16,trainee__participant_16,glove_cut,1,B_kinematics_no_qc,elastic_net,4,15.0,17.789093078727458,-2.7890930787274577,2.7890930787274577
DVST_XI_Griffin_16-19_07_2024_16_08.46.09_trainee_16_ring rollercoaster_1.csv,trainee,16,trainee__participant_16,ring_rollercoaster,1,B_kinematics_no_qc,elastic_net,4,20.0,18.72707602934647,1.2729239706535296,1.2729239706535296
DVST_XI_Griffin_16-19_07_2024_16_08.46.09_trainee_16_sea spikes_1.csv,trainee,16,trainee__participant_16,sea_spikes,1,B_kinematics_no_qc,elastic_net,4,16.0,16.5778682218466,-0.5778682218466002,0.5778682218466002
DVST_XI_Griffin_16-19_07_2024_16_08.46.09_trainee_16_suture_1.csv,trainee,16,trainee__participant_16,suture,1,B_kinematics_no_qc,elastic_net,4,21.0,16.51099640040351,4.48900359959649,4.48900359959649
DVST_XI_Griffin_16-19_07_2024_17_12.20.23_trainee_12_camera target_1.csv,trainee,12,trainee__participant_12,camera_target,1,B_kinematics_no_qc,elastic_net,4,16.0,22.099573211231856,-6.099573211231856,6.099573211231856
DVST_XI_Griffin_16-19_07_2024_17_12.20.23_trainee_16_camera target_1.csv,trainee,16,trainee__participant_16,camera_target,1,B_kinematics_no_qc,elastic_net,4,23.0,20.5897747416369,2.4102252583630985,2.4102252583630985
DVST_XI_Griffin_16-19_07_2024_17_12.20.23_trainee_16_ring rollercoaster_2.csv,trainee,16,trainee__participant_16,ring_rollercoaster,2,B_kinematics_no_qc,elastic_net,4,23.0,20.175456074926036,2.8245439250739643,2.8245439250739643
DVST_XI_Griffin_16-19_07_2024_18_08.46.52_trainee_12_suture_2.csv,trainee,12,trainee__participant_12,suture,2,B_kinematics_no_qc,elastic_net,4,28.0,21.634346332760607,6.365653667239393,6.365653667239393
DVST_XI_Griffin_16-19_07_2024_18_08.46.52_trainee_16_sea spikes_2.csv,trainee,16,trainee__participant_16,sea_spikes,2,B_kinematics_no_qc,elastic_net,4,21.0,20.043643987703586,0.9563560122964141,0.9563560122964141
DVST_XI_Griffin_16-19_07_2024_18_08.46.52_trainee_16_suture_2.csv,trainee,16,trainee__participant_16,suture,2,B_kinematics_no_qc,elastic_net,4,29.0,21.645270129057103,7.354729870942897,7.354729870942897
DVST_XI_Griffin_16-19_07_2024_19_09.39.41_trainee_12_glove cut_2.csv,trainee,12,trainee__participant_12,glove_cut,2,B_kinematics_no_qc,elastic_net,4,20.0,18.203760308606878,1.7962396913931222,1.7962396913931222
DVST_XI_Griffin_16-19_07_2024_19_09.39.41_trainee_16_camera target_2.csv,trainee,16,trainee__participant_16,camera_target,2,B_kinematics_no_qc,elastic_net,4,23.0,20.797914047974206,2.2020859520257936,2.2020859520257936
DVST_XI_Griffin_16-19_07_2024_19_09.39.41_trainee_16_glove cut_2.csv,trainee,16,trainee__participant_16,glove_cut,2,B_kinematics_no_qc,elastic_net,4,24.0,18.312923202828635,5.687076797171365,5.687076797171365
DVST_XI_10-13_Nov_2025_12_10.36.46_expert_10_camera target_1.csv,expert,10,expert__participant_10,camera_target,1,B_kinematics_no_qc,elastic_net,5,30.0,26.368952696077884,3.6310473039221165,3.6310473039221165
DVST_XI_10-13_Nov_2025_12_10.36.46_expert_10_glove cut_1.csv,expert,10,expert__participant_10,glove_cut,1,B_kinematics_no_qc,elastic_net,5,28.0,23.92841499652174,4.071585003478258,4.071585003478258
DVST_XI_10-13_Nov_2025_12_10.36.46_expert_10_ring rollercoaster_1.csv,expert,10,expert__participant_10,ring_rollercoaster,1,B_kinematics_no_qc,elastic_net,5,29.0,22.61453694725777,6.385463052742232,6.385463052742232
DVST_XI_10-13_Nov_2025_12_10.36.46_expert_10_sea spikes_1.csv,expert,10,expert__participant_10,sea_spikes,1,B_kinematics_no_qc,elastic_net,5,29.0,22.840267528379368,6.159732471620632,6.159732471620632
DVST_XI_10-13_Nov_2025_12_10.36.46_expert_10_suture_1.csv,expert,10,expert__participant_10,suture,1,B_kinematics_no_qc,elastic_net,5,30.0,25.939191136359923,4.0608088636400765,4.0608088636400765
DVST_XI_14-16_Feb_2024_14_09.13.16_trainee_1_camera target_1.csv,trainee,1,trainee__participant_1,camera_target,1,B_kinematics_no_qc,elastic_net,5,17.0,18.908139875606544,-1.908139875606544,1.908139875606544
DVST_XI_14-16_Feb_2024_14_09.13.16_trainee_1_glove cut_1.csv,trainee,1,trainee__participant_1,glove_cut,1,B_kinematics_no_qc,elastic_net,5,15.0,15.515127189777825,-0.5151271897778251,0.5151271897778251
DVST_XI_14-16_Feb_2024_14_09.13.16_trainee_1_ring rollercoaster_1.csv,trainee,1,trainee__participant_1,ring_rollercoaster,1,B_kinematics_no_qc,elastic_net,5,14.0,16.99382836085975,-2.9938283608597516,2.9938283608597516
DVST_XI_14-16_Feb_2024_14_09.13.16_trainee_1_sea spikes_1.csv,trainee,1,trainee__participant_1,sea_spikes,1,B_kinematics_no_qc,elastic_net,5,13.0,16.638428387922463,-3.6384283879224633,3.6384283879224633
DVST_XI_14-16_Feb_2024_14_09.13.16_trainee_1_suture_1.csv,trainee,1,trainee__participant_1,suture,1,B_kinematics_no_qc,elastic_net,5,19.0,17.17046584852848,1.8295341514715204,1.8295341514715204
DVST_XI_14-16_Feb_2024_16_08.32.59_trainee_1_camera target_2.csv,trainee,1,trainee__participant_1,camera_target,2,B_kinematics_no_qc,elastic_net,5,19.0,18.102831632025072,0.8971683679749276,0.8971683679749276
DVST_XI_14-16_Feb_2024_16_08.32.59_trainee_1_glove cut_2.csv,trainee,1,trainee__participant_1,glove_cut,2,B_kinematics_no_qc,elastic_net,5,19.0,16.097311347165878,2.9026886528341223,2.9026886528341223
DVST_XI_14-16_Feb_2024_16_08.32.59_trainee_1_ring rollercoaster_2.csv,trainee,1,trainee__participant_1,ring_rollercoaster,2,B_kinematics_no_qc,elastic_net,5,20.0,18.984440352257227,1.0155596477427729,1.0155596477427729
DVST_XI_14-16_Feb_2024_16_08.32.59_trainee_1_sea spikes_2.csv,trainee,1,trainee__participant_1,sea_spikes,2,B_kinematics_no_qc,elastic_net,5,19.0,18.776737481343382,0.22326251865661817,0.22326251865661817
DVST_XI_14-16_Feb_2024_16_08.32.59_trainee_1_suture_2.csv,trainee,1,trainee__participant_1,suture,2,B_kinematics_no_qc,elastic_net,5,17.0,18.17706662368643,-1.1770666236864287,1.1770666236864287
DVST_XI_19-22_May_2025_22_09.34.36_trainee_39_camera target_2.csv,trainee,39,trainee__participant_39,camera_target,2,B_kinematics_no_qc,elastic_net,5,19.0,23.699091624097406,-4.699091624097406,4.699091624097406
DVST_XI_19-22_May_2025_22_09.34.36_trainee_39_glove cut_2.csv,trainee,39,trainee__participant_39,glove_cut,2,B_kinematics_no_qc,elastic_net,5,22.0,21.72220861053298,0.2777913894670192,0.2777913894670192
DVST_XI_6-8_Mar_2025_07_11.56.53_expert_2_camera target_1.csv,expert,2,expert__participant_2,camera_target,1,B_kinematics_no_qc,elastic_net,5,25.0,21.153228690499958,3.846771309500042,3.846771309500042
DVST_XI_6-8_Mar_2025_07_11.56.53_expert_2_glove cut_1.csv,expert,2,expert__participant_2,glove_cut,1,B_kinematics_no_qc,elastic_net,5,19.0,18.98605159014369,0.013948409856311628,0.013948409856311628
DVST_XI_6-8_Mar_2025_07_11.56.53_expert_2_ring rollercoaster_1.csv,expert,2,expert__participant_2,ring_rollercoaster,1,B_kinematics_no_qc,elastic_net,5,20.0,20.390909436469546,-0.39090943646954557,0.39090943646954557
DVST_XI_6-8_Mar_2025_07_11.56.53_expert_2_sea spikes_1.csv,expert,2,expert__participant_2,sea_spikes,1,B_kinematics_no_qc,elastic_net,5,18.0,19.678548349551253,-1.678548349551253,1.678548349551253
DVST_XI_7-11_Mar_2024_08_13.12.17_trainee_10_ring rollercoaster_1.csv,trainee,10,trainee__participant_10,ring_rollercoaster,1,B_kinematics_no_qc,elastic_net,5,14.0,20.225442481681576,-6.225442481681576,6.225442481681576
DVST_XI_7-11_Mar_2024_08_13.12.17_trainee_10_sea spikes_1.csv,trainee,10,trainee__participant_10,sea_spikes,1,B_kinematics_no_qc,elastic_net,5,22.0,16.239687130792202,5.760312869207798,5.760312869207798
DVST_XI_7-11_Mar_2024_08_13.12.17_trainee_6_ring rollercoaster_1.csv,trainee,6,trainee__participant_6,ring_rollercoaster,1,B_kinematics_no_qc,elastic_net,5,16.0,20.951550893173064,-4.951550893173064,4.951550893173064
DVST_XI_7-11_Mar_2024_08_13.12.17_trainee_6_sea spikes_1.csv,trainee,6,trainee__participant_6,sea_spikes,1,B_kinematics_no_qc,elastic_net,5,16.0,16.920644620605117,-0.9206446206051169,0.9206446206051169
DVST_XI_7-11_Mar_2024_08_13.12.17_trainee_8_ring rollercoaster_1.csv,trainee,8,trainee__participant_8,ring_rollercoaster,1,B_kinematics_no_qc,elastic_net,5,12.0,17.245609377416194,-5.245609377416194,5.245609377416194
DVST_XI_7-11_Mar_2024_08_13.12.17_trainee_8_sea spikes_1.csv,trainee,8,trainee__participant_8,sea_spikes,1,B_kinematics_no_qc,elastic_net,5,18.0,17.8109220750584,0.18907792494159992,0.18907792494159992
DVST_XI_7-11_Mar_2024_09_10.19.01_trainee_10_glove cut_1.csv,trainee,10,trainee__participant_10,glove_cut,1,B_kinematics_no_qc,elastic_net,5,18.0,13.473554507319491,4.526445492680509,4.526445492680509
DVST_XI_7-11_Mar_2024_09_10.19.01_trainee_6_camera target_1.csv,trainee,6,trainee__participant_6,camera_target,1,B_kinematics_no_qc,elastic_net,5,16.0,18.351046096673628,-2.3510460966736275,2.3510460966736275
DVST_XI_7-11_Mar_2024_09_10.19.01_trainee_6_glove cut_1.csv,trainee,6,trainee__participant_6,glove_cut,1,B_kinematics_no_qc,elastic_net,5,15.0,13.183666078902867,1.816333921097133,1.816333921097133
DVST_XI_7-11_Mar_2024_09_10.19.01_trainee_8_camera target_1.csv,trainee,8,trainee__participant_8,camera_target,1,B_kinematics_no_qc,elastic_net,5,10.0,12.386179027049087,-2.386179027049087,2.386179027049087
DVST_XI_7-11_Mar_2024_09_10.19.01_trainee_8_glove cut_1.csv,trainee,8,trainee__participant_8,glove_cut,1,B_kinematics_no_qc,elastic_net,5,17.0,17.795940612806643,-0.7959406128066426,0.7959406128066426
DVST_XI_7-11_Mar_2024_09_13.46.11_trainee_10_suture_1.csv,trainee,10,trainee__participant_10,suture,1,B_kinematics_no_qc,elastic_net,5,19.0,20.646557708993463,-1.6465577089934627,1.6465577089934627
DVST_XI_7-11_Mar_2024_09_13.46.11_trainee_6_suture_1.csv,trainee,6,trainee__participant_6,suture,1,B_kinematics_no_qc,elastic_net,5,12.0,19.32487113175548,-7.324871131755479,7.324871131755479
DVST_XI_7-11_Mar_2024_09_13.46.11_trainee_8_suture_1.csv,trainee,8,trainee__participant_8,suture,1,B_kinematics_no_qc,elastic_net,5,17.0,19.91899105636643,-2.91899105636643,2.91899105636643
DVST_XI_7-11_Mar_2024_10_08.59.30_trainee_10_ring rollercoaster_2.csv,trainee,10,trainee__participant_10,ring_rollercoaster,2,B_kinematics_no_qc,elastic_net,5,18.0,18.895435480431082,-0.8954354804310825,0.8954354804310825
DVST_XI_7-11_Mar_2024_10_08.59.30_trainee_10_sea spikes_2.csv,trainee,10,trainee__participant_10,sea_spikes,2,B_kinematics_no_qc,elastic_net,5,22.0,19.98199610510804,2.0180038948919616,2.0180038948919616
DVST_XI_7-11_Mar_2024_10_08.59.30_trainee_6_ring rollercoaster_2.csv,trainee,6,trainee__participant_6,ring_rollercoaster,2,B_kinematics_no_qc,elastic_net,5,18.0,21.22822756280384,-3.2282275628038413,3.2282275628038413
DVST_XI_7-11_Mar_2024_10_08.59.30_trainee_6_sea spikes_2.csv,trainee,6,trainee__participant_6,sea_spikes,2,B_kinematics_no_qc,elastic_net,5,20.0,21.743159165756012,-1.743159165756012,1.743159165756012
DVST_XI_7-11_Mar_2024_10_08.59.30_trainee_8_ring rollercoaster_2.csv,trainee,8,trainee__participant_8,ring_rollercoaster,2,B_kinematics_no_qc,elastic_net,5,16.0,18.025764770066395,-2.025764770066395,2.025764770066395
DVST_XI_7-11_Mar_2024_10_08.59.30_trainee_8_sea spikes_2.csv,trainee,8,trainee__participant_8,sea_spikes,2,B_kinematics_no_qc,elastic_net,5,20.0,18.747623414259436,1.2523765857405635,1.2523765857405635
DVST_XI_Griffin_29_sep-1_oct_2024_01_10.39.05_trainee_20_camera target_2.csv,trainee,20,trainee__participant_20,camera_target,2,B_kinematics_no_qc,elastic_net,5,14.0,19.2799448423947,-5.279944842394698,5.279944842394698
DVST_XI_Griffin_29_sep-1_oct_2024_29_09.07.40_trainee_20_camera target_1.csv,trainee,20,trainee__participant_20,camera_target,1,B_kinematics_no_qc,elastic_net,5,15.0,15.752319955279132,-0.7523199552791322,0.7523199552791322
DVST_XI_Griffin_29_sep-1_oct_2024_29_09.07.40_trainee_20_suture_1.csv,trainee,20,trainee__participant_20,suture,1,B_kinematics_no_qc,elastic_net,5,13.0,16.418956581198607,-3.418956581198607,3.418956581198607
DVST_XI_Griffin_29_sep-1_oct_2024_30_12.18.00_trainee_20_glove cut_2.csv,trainee,20,trainee__participant_20,glove_cut,2,B_kinematics_no_qc,elastic_net,5,17.0,20.36114764736637,-3.3611476473663693,3.3611476473663693
DVST_XI_Griffin_29_sep-1_oct_2024_30_12.18.00_trainee_20_ring rollercoaster_2.csv,trainee,20,trainee__participant_20,ring_rollercoaster,2,B_kinematics_no_qc,elastic_net,5,21.0,19.94023709950547,1.0597629004945297,1.0597629004945297
DVST_XI_Griffin_29_sep-1_oct_2024_30_12.18.00_trainee_20_sea spikes_2.csv,trainee,20,trainee__participant_20,sea_spikes,2,B_kinematics_no_qc,elastic_net,5,21.0,21.02006741527616,-0.020067415276159295,0.020067415276159295
DVST_XI_11-14_Aug_2025_14_10.45.28_expert_8_camera target_1.csv,expert,8,expert__participant_8,camera_target,1,C_kinematics_no_qc_plus_task,ridge,1,28.0,23.867886901955668,4.132113098044332,4.132113098044332
DVST_XI_11-14_Aug_2025_14_10.45.28_expert_8_glove cut_1.csv,expert,8,expert__participant_8,glove_cut,1,C_kinematics_no_qc_plus_task,ridge,1,24.0,22.992319053820673,1.0076809461793275,1.0076809461793275
DVST_XI_11-14_Aug_2025_14_10.45.28_expert_8_ring rollercoaster_1.csv,expert,8,expert__participant_8,ring_rollercoaster,1,C_kinematics_no_qc_plus_task,ridge,1,24.0,23.997699415396372,0.002300584603627698,0.002300584603627698
DVST_XI_11-14_Aug_2025_14_10.45.28_expert_8_sea spikes_1.csv,expert,8,expert__participant_8,sea_spikes,1,C_kinematics_no_qc_plus_task,ridge,1,22.0,21.123585602291175,0.8764143977088246,0.8764143977088246
DVST_XI_11-14_Aug_2025_14_10.45.28_expert_8_suture_1.csv,expert,8,expert__participant_8,suture,1,C_kinematics_no_qc_plus_task,ridge,1,29.0,27.14041903825597,1.8595809617440295,1.8595809617440295
DVST_XI_14-16_Feb_2024_14_09.13.16_trainee_2_camera target_1.csv,trainee,2,trainee__participant_2,camera_target,1,C_kinematics_no_qc_plus_task,ridge,1,17.0,14.446694114178666,2.5533058858213344,2.5533058858213344
DVST_XI_14-16_Feb_2024_14_09.13.16_trainee_2_glove cut_1.csv,trainee,2,trainee__participant_2,glove_cut,1,C_kinematics_no_qc_plus_task,ridge,1,13.0,19.428400747297186,-6.428400747297186,6.428400747297186
DVST_XI_14-16_Feb_2024_14_09.13.16_trainee_2_ring rollercoaster_1.csv,trainee,2,trainee__participant_2,ring_rollercoaster,1,C_kinematics_no_qc_plus_task,ridge,1,14.0,16.13901067468421,-2.1390106746842115,2.1390106746842115
DVST_XI_14-16_Feb_2024_14_09.13.16_trainee_2_sea spikes_1.csv,trainee,2,trainee__participant_2,sea_spikes,1,C_kinematics_no_qc_plus_task,ridge,1,15.0,18.025956444950708,-3.025956444950708,3.025956444950708
DVST_XI_14-16_Feb_2024_14_09.13.16_trainee_5_camera target_1.csv,trainee,5,trainee__participant_5,camera_target,1,C_kinematics_no_qc_plus_task,ridge,1,7.0,12.916695516970943,-5.916695516970943,5.916695516970943
DVST_XI_14-16_Feb_2024_14_09.13.16_trainee_5_glove cut_1.csv,trainee,5,trainee__participant_5,glove_cut,1,C_kinematics_no_qc_plus_task,ridge,1,11.0,13.97330096500817,-2.9733009650081694,2.9733009650081694
DVST_XI_14-16_Feb_2024_14_09.13.16_trainee_5_ring rollercoaster_1.csv,trainee,5,trainee__participant_5,ring_rollercoaster,1,C_kinematics_no_qc_plus_task,ridge,1,17.0,12.170519320061796,4.829480679938204,4.829480679938204
DVST_XI_14-16_Feb_2024_14_09.13.16_trainee_5_sea spikes_1.csv,trainee,5,trainee__participant_5,sea_spikes,1,C_kinematics_no_qc_plus_task,ridge,1,16.0,15.090488797300548,0.9095112026994521,0.9095112026994521
DVST_XI_14-16_Feb_2024_14_09.13.16_trainee_5_suture_1.csv,trainee,5,trainee__participant_5,suture,1,C_kinematics_no_qc_plus_task,ridge,1,16.0,16.471727099039544,-0.47172709903954413,0.47172709903954413
DVST_XI_14-16_Feb_2024_16_08.32.59_trainee_2_camera target_2.csv,trainee,2,trainee__participant_2,camera_target,2,C_kinematics_no_qc_plus_task,ridge,1,16.0,18.73277669748506,-2.732776697485061,2.732776697485061
DVST_XI_14-16_Feb_2024_16_08.32.59_trainee_2_glove cut_2.csv,trainee,2,trainee__participant_2,glove_cut,2,C_kinematics_no_qc_plus_task,ridge,1,19.0,17.630034953351814,1.3699650466481863,1.3699650466481863
DVST_XI_14-16_Feb_2024_16_08.32.59_trainee_2_ring rollercoaster_2.csv,trainee,2,trainee__participant_2,ring_rollercoaster,2,C_kinematics_no_qc_plus_task,ridge,1,21.0,15.550182582287237,5.449817417712763,5.449817417712763
DVST_XI_14-16_Feb_2024_16_08.32.59_trainee_2_sea spikes_2.csv,trainee,2,trainee__participant_2,sea_spikes,2,C_kinematics_no_qc_plus_task,ridge,1,17.0,19.397778617109214,-2.397778617109214,2.397778617109214
DVST_XI_14-16_Feb_2024_16_08.32.59_trainee_2_suture_2.csv,trainee,2,trainee__participant_2,suture,2,C_kinematics_no_qc_plus_task,ridge,1,22.0,21.521517365925156,0.4784826340748438,0.4784826340748438
DVST_XI_14-16_Feb_2024_16_08.32.59_trainee_5_camera target_2.csv,trainee,5,trainee__participant_5,camera_target,2,C_kinematics_no_qc_plus_task,ridge,1,21.0,20.857969003331814,0.1420309966681863,0.1420309966681863
DVST_XI_14-16_Feb_2024_16_08.32.59_trainee_5_glove cut_2.csv,trainee,5,trainee__participant_5,glove_cut,2,C_kinematics_no_qc_plus_task,ridge,1,19.0,15.761820822710629,3.2381791772893713,3.2381791772893713
DVST_XI_14-16_Feb_2024_16_08.32.59_trainee_5_ring rollercoaster_2.csv,trainee,5,trainee__participant_5,ring_rollercoaster,2,C_kinematics_no_qc_plus_task,ridge,1,23.0,13.84384052056032,9.15615947943968,9.15615947943968
DVST_XI_14-16_Feb_2024_16_08.32.59_trainee_5_sea spikes_2.csv,trainee,5,trainee__participant_5,sea_spikes,2,C_kinematics_no_qc_plus_task,ridge,1,21.0,20.01592481387056,0.9840751861294414,0.9840751861294414
DVST_XI_14-16_Feb_2024_16_08.32.59_trainee_5_suture_2.csv,trainee,5,trainee__participant_5,suture,2,C_kinematics_no_qc_plus_task,ridge,1,21.0,18.12202991213239,2.8779700878676095,2.8779700878676095
DVST_XI_6-8_Mar_2025_06_10.41.14_trainee_31_ring rollercoaster_1.csv,trainee,31,trainee__participant_31,ring_rollercoaster,1,C_kinematics_no_qc_plus_task,ridge,1,15.0,17.855834992791852,-2.855834992791852,2.855834992791852
DVST_XI_6-8_Mar_2025_06_10.41.14_trainee_31_sea spikes_1.csv,trainee,31,trainee__participant_31,sea_spikes,1,C_kinematics_no_qc_plus_task,ridge,1,13.0,17.569627738407675,-4.569627738407675,4.569627738407675
DVST_XI_6-8_Mar_2025_06_10.41.14_trainee_36_ring rollercoaster_1.csv,trainee,36,trainee__participant_36,ring_rollercoaster,1,C_kinematics_no_qc_plus_task,ridge,1,19.0,15.233775436862329,3.766224563137671,3.766224563137671
DVST_XI_6-8_Mar_2025_06_10.41.14_trainee_36_sea spikes_1.csv,trainee,36,trainee__participant_36,sea_spikes,1,C_kinematics_no_qc_plus_task,ridge,1,16.0,15.217511728512124,0.7824882714878765,0.7824882714878765
DVST_XI_6-8_Mar_2025_07_11.56.53_expert_1_camera target_1.csv,expert,1,expert__participant_1,camera_target,1,C_kinematics_no_qc_plus_task,ridge,1,26.0,25.704482255397515,0.2955177446024848,0.2955177446024848
DVST_XI_6-8_Mar_2025_07_11.56.53_expert_1_glove cut_1.csv,expert,1,expert__participant_1,glove_cut,1,C_kinematics_no_qc_plus_task,ridge,1,20.0,23.570729990869097,-3.570729990869097,3.570729990869097
DVST_XI_6-8_Mar_2025_07_11.56.53_expert_1_ring rollercoaster_1.csv,expert,1,expert__participant_1,ring_rollercoaster,1,C_kinematics_no_qc_plus_task,ridge,1,21.0,23.791735083177965,-2.791735083177965,2.791735083177965
DVST_XI_6-8_Mar_2025_07_11.56.53_expert_1_sea spikes_1.csv,expert,1,expert__participant_1,sea_spikes,1,C_kinematics_no_qc_plus_task,ridge,1,23.0,24.273362559941685,-1.2733625599416847,1.2733625599416847
DVST_XI_6-8_Mar_2025_07_11.56.53_expert_1_suture_1.csv,expert,1,expert__participant_1,suture,1,C_kinematics_no_qc_plus_task,ridge,1,26.0,25.737527898329958,0.262472101670042,0.262472101670042
DVST_XI_6-8_Mar_2025_07_11.56.53_trainee_31_glove cut_1.csv,trainee,31,trainee__participant_31,glove_cut,1,C_kinematics_no_qc_plus_task,ridge,1,16.0,17.94246316518284,-1.94246316518284,1.94246316518284
DVST_XI_6-8_Mar_2025_07_11.56.53_trainee_36_glove cut_1.csv,trainee,36,trainee__participant_36,glove_cut,1,C_kinematics_no_qc_plus_task,ridge,1,18.0,19.285474768222237,-1.2854747682222367,1.2854747682222367
DVST_XI_7-11_Mar_2024_08_13.12.17_trainee_11_ring rollercoaster_1.csv,trainee,11,trainee__participant_11,ring_rollercoaster,1,C_kinematics_no_qc_plus_task,ridge,1,18.0,17.33894352461401,0.6610564753859904,0.6610564753859904
DVST_XI_7-11_Mar_2024_08_13.12.17_trainee_11_sea spikes_1.csv,trainee,11,trainee__participant_11,sea_spikes,1,C_kinematics_no_qc_plus_task,ridge,1,18.0,19.402443023307427,-1.402443023307427,1.402443023307427
DVST_XI_7-11_Mar_2024_09_10.19.01_trainee_11_camera target_1.csv,trainee,11,trainee__participant_11,camera_target,1,C_kinematics_no_qc_plus_task,ridge,1,10.0,11.24355661047365,-1.2435566104736502,1.2435566104736502
DVST_XI_7-11_Mar_2024_09_10.19.01_trainee_11_glove cut_1.csv,trainee,11,trainee__participant_11,glove_cut,1,C_kinematics_no_qc_plus_task,ridge,1,18.0,18.124328876967063,-0.12432887696706274,0.12432887696706274
DVST_XI_7-11_Mar_2024_09_13.46.11_trainee_11_suture_1.csv,trainee,11,trainee__participant_11,suture,1,C_kinematics_no_qc_plus_task,ridge,1,18.0,19.60321163631914,-1.6032116363191413,1.6032116363191413
DVST_XI_7-11_Mar_2024_10_08.59.30_trainee_11_ring rollercoaster_2.csv,trainee,11,trainee__participant_11,ring_rollercoaster,2,C_kinematics_no_qc_plus_task,ridge,1,16.0,17.271667218308906,-1.271667218308906,1.271667218308906
DVST_XI_7-11_Mar_2024_10_08.59.30_trainee_11_sea spikes_2.csv,trainee,11,trainee__participant_11,sea_spikes,2,C_kinematics_no_qc_plus_task,ridge,1,18.0,20.31209752868978,-2.3120975286897796,2.3120975286897796
DVST_XI_Griffin_29_sep-1_oct_2024_01_10.39.05_trainee_17_camera target_2.csv,trainee,17,trainee__participant_17,camera_target,2,C_kinematics_no_qc_plus_task,ridge,1,22.0,24.928486036438795,-2.9284860364387946,2.9284860364387946
DVST_XI_Griffin_29_sep-1_oct_2024_29_09.07.40_trainee_17_camera target_1.csv,trainee,17,trainee__participant_17,camera_target,1,C_kinematics_no_qc_plus_task,ridge,1,23.0,13.514821805744706,9.485178194255294,9.485178194255294
DVST_XI_Griffin_29_sep-1_oct_2024_29_09.07.40_trainee_17_suture_1.csv,trainee,17,trainee__participant_17,suture,1,C_kinematics_no_qc_plus_task,ridge,1,15.0,439.44232156497253,-424.44232156497253,424.44232156497253
DVST_XI_Griffin_29_sep-1_oct_2024_30_12.18.00_trainee_17_glove cut_2.csv,trainee,17,trainee__participant_17,glove_cut,2,C_kinematics_no_qc_plus_task,ridge,1,22.0,20.629585446679396,1.3704145533206038,1.3704145533206038
DVST_XI_Griffin_29_sep-1_oct_2024_30_12.18.00_trainee_17_ring rollercoaster_2.csv,trainee,17,trainee__participant_17,ring_rollercoaster,2,C_kinematics_no_qc_plus_task,ridge,1,22.0,21.239747428662465,0.760252571337535,0.760252571337535
DVST_XI_Griffin_29_sep-1_oct_2024_30_12.18.00_trainee_17_sea spikes_2.csv,trainee,17,trainee__participant_17,sea_spikes,2,C_kinematics_no_qc_plus_task,ridge,1,22.0,22.320336829561533,-0.3203368295615334,0.3203368295615334
DVST_XI_11-14_Aug_2025_13_11.33.24_expert_7_camera target_1.csv,expert,7,expert__participant_7,camera_target,1,C_kinematics_no_qc_plus_task,ridge,2,28.0,25.350284802144735,2.649715197855265,2.649715197855265
DVST_XI_11-14_Aug_2025_13_11.33.24_expert_7_glove cut_1.csv,expert,7,expert__participant_7,glove_cut,1,C_kinematics_no_qc_plus_task,ridge,2,25.0,21.801465201930533,3.198534798069467,3.198534798069467
DVST_XI_11-14_Aug_2025_13_11.33.24_expert_7_ring rollercoaster_1.csv,expert,7,expert__participant_7,ring_rollercoaster,1,C_kinematics_no_qc_plus_task,ridge,2,20.0,21.994434637319248,-1.994434637319248,1.994434637319248
DVST_XI_11-14_Aug_2025_13_11.33.24_expert_7_sea spikes_1.csv,expert,7,expert__participant_7,sea_spikes,1,C_kinematics_no_qc_plus_task,ridge,2,20.0,21.647012148091985,-1.647012148091985,1.647012148091985
DVST_XI_11-14_Aug_2025_13_11.33.24_expert_7_suture_1.csv,expert,7,expert__participant_7,suture,1,C_kinematics_no_qc_plus_task,ridge,2,29.0,23.48592366344134,5.514076336558659,5.514076336558659
DVST_XI_14-16_Feb_2024_14_09.13.16_trainee_4_camera target_1.csv,trainee,4,trainee__participant_4,camera_target,1,C_kinematics_no_qc_plus_task,ridge,2,16.0,17.057050891140282,-1.0570508911402818,1.0570508911402818
DVST_XI_14-16_Feb_2024_14_09.13.16_trainee_4_glove cut_1.csv,trainee,4,trainee__participant_4,glove_cut,1,C_kinematics_no_qc_plus_task,ridge,2,23.0,18.6014785785774,4.3985214214226005,4.3985214214226005
DVST_XI_14-16_Feb_2024_14_09.13.16_trainee_4_ring rollercoaster_1.csv,trainee,4,trainee__participant_4,ring_rollercoaster,1,C_kinematics_no_qc_plus_task,ridge,2,14.0,17.749445523904065,-3.7494455239040647,3.7494455239040647
DVST_XI_14-16_Feb_2024_14_09.13.16_trainee_4_sea spikes_1.csv,trainee,4,trainee__participant_4,sea_spikes,1,C_kinematics_no_qc_plus_task,ridge,2,18.0,18.427199611439868,-0.4271996114398675,0.4271996114398675
DVST_XI_14-16_Feb_2024_14_09.13.16_trainee_4_suture_1.csv,trainee,4,trainee__participant_4,suture,1,C_kinematics_no_qc_plus_task,ridge,2,18.0,19.191648867158968,-1.1916488671589676,1.1916488671589676
DVST_XI_14-16_Feb_2024_16_08.32.59_trainee_4_camera target_2.csv,trainee,4,trainee__participant_4,camera_target,2,C_kinematics_no_qc_plus_task,ridge,2,23.0,18.936343542786506,4.063656457213494,4.063656457213494
DVST_XI_14-16_Feb_2024_16_08.32.59_trainee_4_glove cut_2.csv,trainee,4,trainee__participant_4,glove_cut,2,C_kinematics_no_qc_plus_task,ridge,2,24.0,18.688672791337527,5.3113272086624725,5.3113272086624725
DVST_XI_14-16_Feb_2024_16_08.32.59_trainee_4_ring rollercoaster_2.csv,trainee,4,trainee__participant_4,ring_rollercoaster,2,C_kinematics_no_qc_plus_task,ridge,2,24.0,18.597618021285207,5.402381978714793,5.402381978714793
DVST_XI_14-16_Feb_2024_16_08.32.59_trainee_4_sea spikes_2.csv,trainee,4,trainee__participant_4,sea_spikes,2,C_kinematics_no_qc_plus_task,ridge,2,24.0,19.113185392966535,4.886814607033465,4.886814607033465
DVST_XI_14-16_Feb_2024_16_08.32.59_trainee_4_suture_2.csv,trainee,4,trainee__participant_4,suture,2,C_kinematics_no_qc_plus_task,ridge,2,22.0,20.776995982334263,1.2230040176657369,1.2230040176657369
DVST_XI_19-22_May_2025_22_09.34.36_trainee_38_camera target_2.csv,trainee,38,trainee__participant_38,camera_target,2,C_kinematics_no_qc_plus_task,ridge,2,22.0,25.058586929025285,-3.058586929025285,3.058586929025285
DVST_XI_19-22_May_2025_22_09.34.36_trainee_38_glove cut_2.csv,trainee,38,trainee__participant_38,glove_cut,2,C_kinematics_no_qc_plus_task,ridge,2,18.0,21.90122600892011,-3.9012260089201085,3.9012260089201085
DVST_XI_19-22_May_2025_22_09.34.36_trainee_42_camera target_2.csv,trainee,42,trainee__participant_42,camera_target,2,C_kinematics_no_qc_plus_task,ridge,2,19.0,19.56689951920439,-0.5668995192043909,0.5668995192043909
DVST_XI_19-22_May_2025_22_09.34.36_trainee_42_glove cut_2.csv,trainee,42,trainee__participant_42,glove_cut,2,C_kinematics_no_qc_plus_task,ridge,2,16.0,19.67533983335833,-3.675339833358329,3.675339833358329
DVST_XI_6-8_Mar_2025_06_10.41.14_trainee_34_camera target_1.csv,trainee,34,trainee__participant_34,camera_target,1,C_kinematics_no_qc_plus_task,ridge,2,18.0,19.97877277101389,-1.9787727710138903,1.9787727710138903
DVST_XI_6-8_Mar_2025_06_10.41.14_trainee_34_ring rollercoaster_1.csv,trainee,34,trainee__participant_34,ring_rollercoaster,1,C_kinematics_no_qc_plus_task,ridge,2,14.0,14.19568215774726,-0.19568215774726028,0.19568215774726028
DVST_XI_6-8_Mar_2025_06_10.41.14_trainee_34_sea spikes_1.csv,trainee,34,trainee__participant_34,sea_spikes,1,C_kinematics_no_qc_plus_task,ridge,2,14.0,14.787531062646138,-0.7875310626461385,0.7875310626461385
DVST_XI_6-8_Mar_2025_06_10.41.14_trainee_35_ring rollercoaster_1.csv,trainee,35,trainee__participant_35,ring_rollercoaster,1,C_kinematics_no_qc_plus_task,ridge,2,18.0,17.22336491717047,0.7766350828295288,0.7766350828295288
DVST_XI_6-8_Mar_2025_06_10.41.14_trainee_35_sea spikes_1.csv,trainee,35,trainee__participant_35,sea_spikes,1,C_kinematics_no_qc_plus_task,ridge,2,15.0,17.513378148164243,-2.513378148164243,2.513378148164243
DVST_XI_6-8_Mar_2025_07_11.56.53_trainee_34_glove cut_1.csv,trainee,34,trainee__participant_34,glove_cut,1,C_kinematics_no_qc_plus_task,ridge,2,12.0,13.235259330012344,-1.2352593300123438,1.2352593300123438
DVST_XI_6-8_Mar_2025_07_11.56.53_trainee_35_camera target_2.csv,trainee,35,trainee__participant_35,camera_target,2,C_kinematics_no_qc_plus_task,ridge,2,18.0,21.052752282417732,-3.0527522824177318,3.0527522824177318
DVST_XI_6-8_Mar_2025_07_11.56.53_trainee_35_glove cut_1.csv,trainee,35,trainee__participant_35,glove_cut,1,C_kinematics_no_qc_plus_task,ridge,2,16.0,19.507390356428264,-3.507390356428264,3.507390356428264
DVST_XI_6-8_Mar_2025_07_11.56.53_trainee_35_sea spikes_2.csv,trainee,35,trainee__participant_35,sea_spikes,2,C_kinematics_no_qc_plus_task,ridge,2,21.0,20.196338722812538,0.8036612771874623,0.8036612771874623
DVST_XI_Griffin_16-19_07_2024_16_08.46.09_trainee_14_glove cut_1.csv,trainee,14,trainee__participant_14,glove_cut,1,C_kinematics_no_qc_plus_task,ridge,2,11.0,18.57518704779692,-7.57518704779692,7.57518704779692
DVST_XI_Griffin_16-19_07_2024_16_08.46.09_trainee_14_ring rollercoaster_1.csv,trainee,14,trainee__participant_14,ring_rollercoaster,1,C_kinematics_no_qc_plus_task,ridge,2,16.0,20.344306225635485,-4.344306225635485,4.344306225635485
DVST_XI_Griffin_16-19_07_2024_16_08.46.09_trainee_14_sea spikes_1.csv,trainee,14,trainee__participant_14,sea_spikes,1,C_kinematics_no_qc_plus_task,ridge,2,12.0,14.123713344723885,-2.1237133447238854,2.1237133447238854
DVST_XI_Griffin_16-19_07_2024_16_08.46.09_trainee_14_suture_1.csv,trainee,14,trainee__participant_14,suture,1,C_kinematics_no_qc_plus_task,ridge,2,15.0,19.852838841818482,-4.852838841818482,4.852838841818482
DVST_XI_Griffin_16-19_07_2024_17_12.20.23_trainee_14_camera target_1.csv,trainee,14,trainee__participant_14,camera_target,1,C_kinematics_no_qc_plus_task,ridge,2,14.0,15.861295714593385,-1.8612957145933855,1.8612957145933855
DVST_XI_Griffin_16-19_07_2024_18_08.46.52_trainee_14_sea spikes_2.csv,trainee,14,trainee__participant_14,sea_spikes,2,C_kinematics_no_qc_plus_task,ridge,2,20.0,19.74301813107771,0.25698186892228847,0.25698186892228847
DVST_XI_Griffin_16-19_07_2024_18_08.46.52_trainee_14_suture_2.csv,trainee,14,trainee__participant_14,suture,2,C_kinematics_no_qc_plus_task,ridge,2,29.0,22.830786198838716,6.169213801161284,6.169213801161284
DVST_XI_Griffin_16-19_07_2024_19_09.39.41_trainee_14_glove cut_2.csv,trainee,14,trainee__participant_14,glove_cut,2,C_kinematics_no_qc_plus_task,ridge,2,18.0,18.81926989233069,-0.8192698923306914,0.8192698923306914
DVST_XI_Griffin_29_sep-1_oct_2024_01_10.39.05_trainee_19_camera target_2.csv,trainee,19,trainee__participant_19,camera_target,2,C_kinematics_no_qc_plus_task,ridge,2,18.0,19.3226968573019,-1.3226968573018993,1.3226968573018993
DVST_XI_Griffin_29_sep-1_oct_2024_01_10.39.05_trainee_21_camera target_2.csv,trainee,21,trainee__participant_21,camera_target,2,C_kinematics_no_qc_plus_task,ridge,2,23.0,21.775016319001832,1.224983680998168,1.224983680998168
DVST_XI_Griffin_29_sep-1_oct_2024_29_09.07.40_trainee_19_camera target_1.csv,trainee,19,trainee__participant_19,camera_target,1,C_kinematics_no_qc_plus_task,ridge,2,17.0,15.64270300161347,1.3572969983865306,1.3572969983865306
DVST_XI_Griffin_29_sep-1_oct_2024_29_09.07.40_trainee_19_suture_1.csv,trainee,19,trainee__participant_19,suture,1,C_kinematics_no_qc_plus_task,ridge,2,16.0,14.6852582555998,1.3147417444001999,1.3147417444001999
DVST_XI_Griffin_29_sep-1_oct_2024_29_09.07.40_trainee_21_camera target_1.csv,trainee,21,trainee__participant_21,camera_target,1,C_kinematics_no_qc_plus_task,ridge,2,19.0,18.54064700850186,0.4593529914981396,0.4593529914981396
DVST_XI_Griffin_29_sep-1_oct_2024_29_09.07.40_trainee_21_suture_1.csv,trainee,21,trainee__participant_21,suture,1,C_kinematics_no_qc_plus_task,ridge,2,18.0,17.46877520263236,0.5312247973676385,0.5312247973676385
DVST_XI_Griffin_29_sep-1_oct_2024_30_12.18.00_trainee_19_glove cut_2.csv,trainee,19,trainee__participant_19,glove_cut,2,C_kinematics_no_qc_plus_task,ridge,2,17.0,18.120893116086656,-1.1208931160866555,1.1208931160866555
DVST_XI_Griffin_29_sep-1_oct_2024_30_12.18.00_trainee_19_ring rollercoaster_2.csv,trainee,19,trainee__participant_19,ring_rollercoaster,2,C_kinematics_no_qc_plus_task,ridge,2,22.0,18.416642497546622,3.583357502453378,3.583357502453378
DVST_XI_Griffin_29_sep-1_oct_2024_30_12.18.00_trainee_19_sea spikes_2.csv,trainee,19,trainee__participant_19,sea_spikes,2,C_kinematics_no_qc_plus_task,ridge,2,21.0,20.3067047063518,0.6932952936482017,0.6932952936482017
DVST_XI_Griffin_29_sep-1_oct_2024_30_12.18.00_trainee_21_glove cut_2.csv,trainee,21,trainee__participant_21,glove_cut,2,C_kinematics_no_qc_plus_task,ridge,2,25.0,19.920097942984057,5.079902057015943,5.079902057015943
DVST_XI_Griffin_29_sep-1_oct_2024_30_12.18.00_trainee_21_ring rollercoaster_2.csv,trainee,21,trainee__participant_21,ring_rollercoaster,2,C_kinematics_no_qc_plus_task,ridge,2,22.0,19.60563911929601,2.3943608807039887,2.3943608807039887
DVST_XI_Griffin_29_sep-1_oct_2024_30_12.18.00_trainee_21_sea spikes_2.csv,trainee,21,trainee__participant_21,sea_spikes,2,C_kinematics_no_qc_plus_task,ridge,2,22.0,20.25252887818406,1.7474711218159413,1.7474711218159413
DVST_XI_Griffin_29_sep-1_oct_2024_30_12.18.00_trainee_21_suture_2.csv,trainee,21,trainee__participant_21,suture,2,C_kinematics_no_qc_plus_task,ridge,2,23.0,20.73094996010424,2.2690500398957596,2.2690500398957596
DVST_XI_10-13_Nov_2025_12_10.36.46_expert_9_camera target_1.csv,expert,9,expert__participant_9,camera_target,1,C_kinematics_no_qc_plus_task,ridge,3,28.0,23.68174338395292,4.31825661604708,4.31825661604708
DVST_XI_10-13_Nov_2025_12_10.36.46_expert_9_glove cut_1.csv,expert,9,expert__participant_9,glove_cut,1,C_kinematics_no_qc_plus_task,ridge,3,29.0,22.368212125066034,6.631787874933966,6.631787874933966
DVST_XI_10-13_Nov_2025_12_10.36.46_expert_9_ring rollercoaster_1.csv,expert,9,expert__participant_9,ring_rollercoaster,1,C_kinematics_no_qc_plus_task,ridge,3,29.0,21.43817300645127,7.561826993548731,7.561826993548731
DVST_XI_10-13_Nov_2025_12_10.36.46_expert_9_sea spikes_1.csv,expert,9,expert__participant_9,sea_spikes,1,C_kinematics_no_qc_plus_task,ridge,3,29.0,22.038688855354152,6.9613111446458475,6.9613111446458475
DVST_XI_10-13_Nov_2025_12_10.36.46_expert_9_suture_1.csv,expert,9,expert__participant_9,suture,1,C_kinematics_no_qc_plus_task,ridge,3,28.0,22.909616255534075,5.090383744465925,5.090383744465925
DVST_XI_14-16_Feb_2024_14_09.13.16_trainee_3_camera target_1.csv,trainee,3,trainee__participant_3,camera_target,1,C_kinematics_no_qc_plus_task,ridge,3,15.0,19.146736693558328,-4.146736693558328,4.146736693558328
DVST_XI_14-16_Feb_2024_14_09.13.16_trainee_3_glove cut_1.csv,trainee,3,trainee__participant_3,glove_cut,1,C_kinematics_no_qc_plus_task,ridge,3,17.0,20.07266945773101,-3.07266945773101,3.07266945773101
DVST_XI_14-16_Feb_2024_14_09.13.16_trainee_3_ring rollercoaster_1.csv,trainee,3,trainee__participant_3,ring_rollercoaster,1,C_kinematics_no_qc_plus_task,ridge,3,12.0,19.04355145185599,-7.04355145185599,7.04355145185599
DVST_XI_14-16_Feb_2024_14_09.13.16_trainee_3_sea spikes_1.csv,trainee,3,trainee__participant_3,sea_spikes,1,C_kinematics_no_qc_plus_task,ridge,3,15.0,19.14574917314913,-4.145749173149131,4.145749173149131
DVST_XI_14-16_Feb_2024_14_09.13.16_trainee_3_suture_1.csv,trainee,3,trainee__participant_3,suture,1,C_kinematics_no_qc_plus_task,ridge,3,19.0,19.706608944455194,-0.7066089444551942,0.7066089444551942
DVST_XI_14-16_Feb_2024_16_08.32.59_trainee_3_camera target_2.csv,trainee,3,trainee__participant_3,camera_target,2,C_kinematics_no_qc_plus_task,ridge,3,23.0,18.808591476298727,4.1914085237012735,4.1914085237012735
DVST_XI_14-16_Feb_2024_16_08.32.59_trainee_3_glove cut_2.csv,trainee,3,trainee__participant_3,glove_cut,2,C_kinematics_no_qc_plus_task,ridge,3,19.0,19.561703446608078,-0.5617034466080781,0.5617034466080781
DVST_XI_14-16_Feb_2024_16_08.32.59_trainee_3_ring rollercoaster_2.csv,trainee,3,trainee__participant_3,ring_rollercoaster,2,C_kinematics_no_qc_plus_task,ridge,3,21.0,19.668825056510787,1.3311749434892128,1.3311749434892128
DVST_XI_14-16_Feb_2024_16_08.32.59_trainee_3_sea spikes_2.csv,trainee,3,trainee__participant_3,sea_spikes,2,C_kinematics_no_qc_plus_task,ridge,3,17.0,19.561272606724323,-2.561272606724323,2.561272606724323
DVST_XI_14-16_Feb_2024_16_08.32.59_trainee_3_suture_2.csv,trainee,3,trainee__participant_3,suture,2,C_kinematics_no_qc_plus_task,ridge,3,22.0,21.470993061449267,0.529006938550733,0.529006938550733
DVST_XI_19-22_May_2025_22_09.34.36_trainee_37_camera target_2.csv,trainee,37,trainee__participant_37,camera_target,2,C_kinematics_no_qc_plus_task,ridge,3,16.0,19.33737162172946,-3.33737162172946,3.33737162172946
DVST_XI_19-22_May_2025_22_09.34.36_trainee_37_glove cut_2.csv,trainee,37,trainee__participant_37,glove_cut,2,C_kinematics_no_qc_plus_task,ridge,3,19.0,21.582639183155113,-2.5826391831551128,2.5826391831551128
DVST_XI_19-22_May_2025_22_09.34.36_trainee_41_camera target_2.csv,trainee,41,trainee__participant_41,camera_target,2,C_kinematics_no_qc_plus_task,ridge,3,20.0,20.281712489806925,-0.28171248980692454,0.28171248980692454
DVST_XI_19-22_May_2025_22_09.34.36_trainee_41_glove cut_2.csv,trainee,41,trainee__participant_41,glove_cut,2,C_kinematics_no_qc_plus_task,ridge,3,19.0,19.923965958128054,-0.9239659581280542,0.9239659581280542
DVST_XI_6-8_Mar_2025_06_10.41.14_trainee_32_camera target_1.csv,trainee,32,trainee__participant_32,camera_target,1,C_kinematics_no_qc_plus_task,ridge,3,20.0,20.347230980950393,-0.3472309809503926,0.3472309809503926
DVST_XI_6-8_Mar_2025_06_10.41.14_trainee_32_ring rollercoaster_1.csv,trainee,32,trainee__participant_32,ring_rollercoaster,1,C_kinematics_no_qc_plus_task,ridge,3,17.0,18.335037061492503,-1.3350370614925033,1.3350370614925033
DVST_XI_6-8_Mar_2025_06_10.41.14_trainee_32_sea spikes_1.csv,trainee,32,trainee__participant_32,sea_spikes,1,C_kinematics_no_qc_plus_task,ridge,3,14.0,21.8522594800095,-7.852259480009501,7.852259480009501
DVST_XI_6-8_Mar_2025_07_11.56.53_trainee_32_glove cut_1.csv,trainee,32,trainee__participant_32,glove_cut,1,C_kinematics_no_qc_plus_task,ridge,3,13.0,20.1138207497457,-7.113820749745699,7.113820749745699
DVST_XI_7-11_Jul_2025_10_09.40.17_expert_6_camera target_1.csv,expert,6,expert__participant_6,camera_target,1,C_kinematics_no_qc_plus_task,ridge,3,25.0,22.001736171874935,2.998263828125065,2.998263828125065
DVST_XI_7-11_Jul_2025_10_09.40.17_expert_6_glove cut_1.csv,expert,6,expert__participant_6,glove_cut,1,C_kinematics_no_qc_plus_task,ridge,3,23.0,20.609859694806197,2.3901403051938033,2.3901403051938033
DVST_XI_7-11_Jul_2025_10_09.40.17_expert_6_ring rollercoaster_1.csv,expert,6,expert__participant_6,ring_rollercoaster,1,C_kinematics_no_qc_plus_task,ridge,3,23.0,20.995456210427772,2.004543789572228,2.004543789572228
DVST_XI_7-11_Jul_2025_10_09.40.17_expert_6_sea spikes_1.csv,expert,6,expert__participant_6,sea_spikes,1,C_kinematics_no_qc_plus_task,ridge,3,23.0,20.746517003038893,2.2534829969611074,2.2534829969611074
DVST_XI_7-11_Jul_2025_10_09.40.17_expert_6_suture_1.csv,expert,6,expert__participant_6,suture,1,C_kinematics_no_qc_plus_task,ridge,3,26.0,21.658777744285,4.3412222557149995,4.3412222557149995
DVST_XI_Griffin_16-19_07_2024_16_08.46.09_trainee_15_glove cut_1.csv,trainee,15,trainee__participant_15,glove_cut,1,C_kinematics_no_qc_plus_task,ridge,3,17.0,19.595292056545016,-2.5952920565450164,2.5952920565450164
DVST_XI_Griffin_16-19_07_2024_16_08.46.09_trainee_15_ring rollercoaster_1.csv,trainee,15,trainee__participant_15,ring_rollercoaster,1,C_kinematics_no_qc_plus_task,ridge,3,18.0,20.31401371537308,-2.314013715373079,2.314013715373079
DVST_XI_Griffin_16-19_07_2024_16_08.46.09_trainee_15_sea spikes_1.csv,trainee,15,trainee__participant_15,sea_spikes,1,C_kinematics_no_qc_plus_task,ridge,3,20.0,19.581707414699554,0.41829258530044555,0.41829258530044555
DVST_XI_Griffin_16-19_07_2024_16_08.46.09_trainee_15_suture_1.csv,trainee,15,trainee__participant_15,suture,1,C_kinematics_no_qc_plus_task,ridge,3,15.0,18.646848800713514,-3.6468488007135136,3.6468488007135136
DVST_XI_Griffin_16-19_07_2024_17_12.20.23_trainee_13_camera target_1.csv,trainee,13,trainee__participant_13,camera_target,1,C_kinematics_no_qc_plus_task,ridge,3,19.0,19.798370302221205,-0.7983703022212048,0.7983703022212048
DVST_XI_Griffin_16-19_07_2024_17_12.20.23_trainee_13_glove cut_1.csv,trainee,13,trainee__participant_13,glove_cut,1,C_kinematics_no_qc_plus_task,ridge,3,23.0,18.764334319522,4.235665680478,4.235665680478
DVST_XI_Griffin_16-19_07_2024_17_12.20.23_trainee_13_ring rollercoaster_1.csv,trainee,13,trainee__participant_13,ring_rollercoaster,1,C_kinematics_no_qc_plus_task,ridge,3,17.0,20.517821065991985,-3.517821065991985,3.517821065991985
DVST_XI_Griffin_16-19_07_2024_17_12.20.23_trainee_13_sea spikes_1.csv,trainee,13,trainee__participant_13,sea_spikes,1,C_kinematics_no_qc_plus_task,ridge,3,17.0,19.863160830448443,-2.863160830448443,2.863160830448443
DVST_XI_Griffin_16-19_07_2024_17_12.20.23_trainee_13_suture_1.csv,trainee,13,trainee__participant_13,suture,1,C_kinematics_no_qc_plus_task,ridge,3,23.0,20.153170910389004,2.8468290896109956,2.8468290896109956
DVST_XI_Griffin_16-19_07_2024_17_12.20.23_trainee_15_camera target_1.csv,trainee,15,trainee__participant_15,camera_target,1,C_kinematics_no_qc_plus_task,ridge,3,18.0,20.78323714903883,-2.783237149038829,2.783237149038829
DVST_XI_Griffin_16-19_07_2024_18_08.46.52_trainee_13_sea spikes_2.csv,trainee,13,trainee__participant_13,sea_spikes,2,C_kinematics_no_qc_plus_task,ridge,3,21.0,21.889771745446488,-0.8897717454464882,0.8897717454464882
DVST_XI_Griffin_16-19_07_2024_18_08.46.52_trainee_13_suture_2.csv,trainee,13,trainee__participant_13,suture,2,C_kinematics_no_qc_plus_task,ridge,3,28.0,21.161132187821856,6.838867812178144,6.838867812178144
DVST_XI_Griffin_16-19_07_2024_18_08.46.52_trainee_15_sea spikes_2.csv,trainee,15,trainee__participant_15,sea_spikes,2,C_kinematics_no_qc_plus_task,ridge,3,23.0,20.45689260733812,2.543107392661881,2.543107392661881
DVST_XI_Griffin_16-19_07_2024_18_08.46.52_trainee_15_suture_2.csv,trainee,15,trainee__participant_15,suture,2,C_kinematics_no_qc_plus_task,ridge,3,26.0,21.34808309284836,4.651916907151641,4.651916907151641
DVST_XI_Griffin_16-19_07_2024_19_09.39.41_trainee_13_camera target_2.csv,trainee,13,trainee__participant_13,camera_target,2,C_kinematics_no_qc_plus_task,ridge,3,17.0,22.10942911512378,-5.109429115123781,5.109429115123781
DVST_XI_Griffin_29_sep-1_oct_2024_01_10.39.05_trainee_18_camera target_2.csv,trainee,18,trainee__participant_18,camera_target,2,C_kinematics_no_qc_plus_task,ridge,3,18.0,21.624083767379133,-3.6240837673791333,3.6240837673791333
DVST_XI_Griffin_29_sep-1_oct_2024_29_09.07.40_trainee_18_suture_1.csv,trainee,18,trainee__participant_18,suture,1,C_kinematics_no_qc_plus_task,ridge,3,12.0,16.129969926552338,-4.129969926552338,4.129969926552338
DVST_XI_Griffin_29_sep-1_oct_2024_30_12.18.00_trainee_18_glove cut_2.csv,trainee,18,trainee__participant_18,glove_cut,2,C_kinematics_no_qc_plus_task,ridge,3,22.0,20.399572249598375,1.600427750401625,1.600427750401625
DVST_XI_Griffin_29_sep-1_oct_2024_30_12.18.00_trainee_18_ring rollercoaster_2.csv,trainee,18,trainee__participant_18,ring_rollercoaster,2,C_kinematics_no_qc_plus_task,ridge,3,24.0,20.205523993342382,3.794476006657618,3.794476006657618
DVST_XI_Griffin_29_sep-1_oct_2024_30_12.18.00_trainee_18_sea spikes_2.csv,trainee,18,trainee__participant_18,sea_spikes,2,C_kinematics_no_qc_plus_task,ridge,3,22.0,20.362562373851997,1.637437626148003,1.637437626148003
DVST_XI_Griffin_29_sep-1_oct_2024_30_12.18.00_trainee_18_suture_2.csv,trainee,18,trainee__participant_18,suture,2,C_kinematics_no_qc_plus_task,ridge,3,22.0,20.654492779577975,1.345507220422025,1.345507220422025
DVST_XI_19-22_May_2025_21_09.43.23_expert_5_camera target_1.csv,expert,5,expert__participant_5,camera_target,1,C_kinematics_no_qc_plus_task,ridge,4,30.0,22.519160124319754,7.480839875680246,7.480839875680246
DVST_XI_19-22_May_2025_21_09.43.23_expert_5_glove cut_1.csv,expert,5,expert__participant_5,glove_cut,1,C_kinematics_no_qc_plus_task,ridge,4,24.0,19.831452176165385,4.168547823834615,4.168547823834615
DVST_XI_19-22_May_2025_21_09.43.23_expert_5_ring rollercoaster_1.csv,expert,5,expert__participant_5,ring_rollercoaster,1,C_kinematics_no_qc_plus_task,ridge,4,24.0,20.36985712357051,3.6301428764294883,3.6301428764294883
DVST_XI_19-22_May_2025_21_09.43.23_expert_5_sea spikes_1.csv,expert,5,expert__participant_5,sea_spikes,1,C_kinematics_no_qc_plus_task,ridge,4,24.0,21.519584415792306,2.4804155842076945,2.4804155842076945
DVST_XI_19-22_May_2025_21_09.43.23_expert_5_suture_1.csv,expert,5,expert__participant_5,suture,1,C_kinematics_no_qc_plus_task,ridge,4,29.0,22.071748459123643,6.9282515408763565,6.9282515408763565
DVST_XI_19-22_May_2025_22_09.34.36_trainee_40_camera target_2.csv,trainee,40,trainee__participant_40,camera_target,2,C_kinematics_no_qc_plus_task,ridge,4,24.0,23.63798658069941,0.3620134193005917,0.3620134193005917
DVST_XI_19-22_May_2025_22_09.34.36_trainee_40_glove cut_2.csv,trainee,40,trainee__participant_40,glove_cut,2,C_kinematics_no_qc_plus_task,ridge,4,24.0,21.940464958881414,2.059535041118586,2.059535041118586
DVST_XI_6-8_Mar_2025_06_10.41.14_trainee_33_camera target_1.csv,trainee,33,trainee__participant_33,camera_target,1,C_kinematics_no_qc_plus_task,ridge,4,23.0,20.55373375700332,2.4462662429966784,2.4462662429966784
DVST_XI_6-8_Mar_2025_06_10.41.14_trainee_33_ring rollercoaster_1.csv,trainee,33,trainee__participant_33,ring_rollercoaster,1,C_kinematics_no_qc_plus_task,ridge,4,21.0,20.745934034683003,0.25406596531699677,0.25406596531699677
DVST_XI_6-8_Mar_2025_06_10.41.14_trainee_33_sea spikes_1.csv,trainee,33,trainee__participant_33,sea_spikes,1,C_kinematics_no_qc_plus_task,ridge,4,16.0,19.184333768153756,-3.1843337681537562,3.1843337681537562
DVST_XI_6-8_Mar_2025_07_11.56.53_trainee_33_camera target_2.csv,trainee,33,trainee__participant_33,camera_target,2,C_kinematics_no_qc_plus_task,ridge,4,19.0,20.295152745528902,-1.2951527455289025,1.2951527455289025
DVST_XI_6-8_Mar_2025_07_11.56.53_trainee_33_glove cut_1.csv,trainee,33,trainee__participant_33,glove_cut,1,C_kinematics_no_qc_plus_task,ridge,4,18.0,19.117138654453328,-1.1171386544533277,1.1171386544533277
DVST_XI_6-8_Mar_2025_07_11.56.53_trainee_33_sea spikes_2.csv,trainee,33,trainee__participant_33,sea_spikes,2,C_kinematics_no_qc_plus_task,ridge,4,20.0,19.2606269733998,0.7393730266002017,0.7393730266002017
DVST_XI_6-8_Mar_2025_08_08.21.32_expert_3_camera target_1.csv,expert,3,expert__participant_3,camera_target,1,C_kinematics_no_qc_plus_task,ridge,4,27.0,18.538288160089667,8.461711839910333,8.461711839910333
DVST_XI_6-8_Mar_2025_08_08.21.32_expert_3_ring rollercoaster_1.csv,expert,3,expert__participant_3,ring_rollercoaster,1,C_kinematics_no_qc_plus_task,ridge,4,21.0,18.227757541589074,2.7722424584109255,2.7722424584109255
DVST_XI_6-8_Mar_2025_08_08.21.32_expert_3_sea spikes_1.csv,expert,3,expert__participant_3,sea_spikes,1,C_kinematics_no_qc_plus_task,ridge,4,23.0,17.51296759884099,5.487032401159009,5.487032401159009
DVST_XI_6-8_Mar_2025_08_08.21.32_expert_3_suture_1.csv,expert,3,expert__participant_3,suture,1,C_kinematics_no_qc_plus_task,ridge,4,28.0,18.744924603873386,9.255075396126614,9.255075396126614
DVST_XI_7-11_Mar_2024_08_13.12.17_trainee_7_ring rollercoaster_1.csv,trainee,7,trainee__participant_7,ring_rollercoaster,1,C_kinematics_no_qc_plus_task,ridge,4,15.0,17.492728321380795,-2.4927283213807954,2.4927283213807954
DVST_XI_7-11_Mar_2024_08_13.12.17_trainee_7_sea spikes_1.csv,trainee,7,trainee__participant_7,sea_spikes,1,C_kinematics_no_qc_plus_task,ridge,4,19.0,16.907101009397984,2.0928989906020163,2.0928989906020163
DVST_XI_7-11_Mar_2024_08_13.12.17_trainee_9_ring rollercoaster_1.csv,trainee,9,trainee__participant_9,ring_rollercoaster,1,C_kinematics_no_qc_plus_task,ridge,4,14.0,19.42903823130995,-5.429038231309949,5.429038231309949
DVST_XI_7-11_Mar_2024_08_13.12.17_trainee_9_sea spikes_1.csv,trainee,9,trainee__participant_9,sea_spikes,1,C_kinematics_no_qc_plus_task,ridge,4,18.0,17.83443260753694,0.16556739246306051,0.16556739246306051
DVST_XI_7-11_Mar_2024_09_10.19.01_trainee_7_camera target_1.csv,trainee,7,trainee__participant_7,camera_target,1,C_kinematics_no_qc_plus_task,ridge,4,17.0,19.300496206361853,-2.300496206361853,2.300496206361853
DVST_XI_7-11_Mar_2024_09_10.19.01_trainee_7_glove cut_1.csv,trainee,7,trainee__participant_7,glove_cut,1,C_kinematics_no_qc_plus_task,ridge,4,15.0,16.85769829898837,-1.857698298988371,1.857698298988371
DVST_XI_7-11_Mar_2024_09_10.19.01_trainee_9_camera target_1.csv,trainee,9,trainee__participant_9,camera_target,1,C_kinematics_no_qc_plus_task,ridge,4,19.0,19.352037804307958,-0.35203780430795817,0.35203780430795817
DVST_XI_7-11_Mar_2024_09_10.19.01_trainee_9_glove cut_1.csv,trainee,9,trainee__participant_9,glove_cut,1,C_kinematics_no_qc_plus_task,ridge,4,18.0,17.844977902176645,0.1550220978233554,0.1550220978233554
DVST_XI_7-11_Mar_2024_09_13.46.11_trainee_7_suture_1.csv,trainee,7,trainee__participant_7,suture,1,C_kinematics_no_qc_plus_task,ridge,4,17.0,18.802053535642536,-1.8020535356425356,1.8020535356425356
DVST_XI_7-11_Mar_2024_09_13.46.11_trainee_9_suture_1.csv,trainee,9,trainee__participant_9,suture,1,C_kinematics_no_qc_plus_task,ridge,4,16.0,18.64702658491863,-2.647026584918631,2.647026584918631
DVST_XI_7-11_Mar_2024_10_08.59.30_trainee_7_ring rollercoaster_2.csv,trainee,7,trainee__participant_7,ring_rollercoaster,2,C_kinematics_no_qc_plus_task,ridge,4,18.0,19.286627613605038,-1.286627613605038,1.286627613605038
DVST_XI_7-11_Mar_2024_10_08.59.30_trainee_7_sea spikes_2.csv,trainee,7,trainee__participant_7,sea_spikes,2,C_kinematics_no_qc_plus_task,ridge,4,20.0,18.720965523166637,1.2790344768333632,1.2790344768333632
DVST_XI_7-11_Mar_2024_10_08.59.30_trainee_9_ring rollercoaster_2.csv,trainee,9,trainee__participant_9,ring_rollercoaster,2,C_kinematics_no_qc_plus_task,ridge,4,20.0,20.120114539779014,-0.12011453977901354,0.12011453977901354
DVST_XI_7-11_Mar_2024_10_08.59.30_trainee_9_sea spikes_2.csv,trainee,9,trainee__participant_9,sea_spikes,2,C_kinematics_no_qc_plus_task,ridge,4,22.0,19.606546689408543,2.3934533105914575,2.3934533105914575
DVST_XI_Griffin_16-19_07_2024_16_08.46.09_trainee_12_glove cut_1.csv,trainee,12,trainee__participant_12,glove_cut,1,C_kinematics_no_qc_plus_task,ridge,4,21.0,18.889578463661405,2.1104215363385954,2.1104215363385954
DVST_XI_Griffin_16-19_07_2024_16_08.46.09_trainee_12_ring rollercoaster_1.csv,trainee,12,trainee__participant_12,ring_rollercoaster,1,C_kinematics_no_qc_plus_task,ridge,4,16.0,20.195679790069313,-4.195679790069313,4.195679790069313
DVST_XI_Griffin_16-19_07_2024_16_08.46.09_trainee_12_sea spikes_1.csv,trainee,12,trainee__participant_12,sea_spikes,1,C_kinematics_no_qc_plus_task,ridge,4,12.0,18.64676405912245,-6.64676405912245,6.64676405912245
DVST_XI_Griffin_16-19_07_2024_16_08.46.09_trainee_16_glove cut_1.csv,trainee,16,trainee__participant_16,glove_cut,1,C_kinematics_no_qc_plus_task,ridge,4,15.0,18.2158980762578,-3.215898076257801,3.215898076257801
DVST_XI_Griffin_16-19_07_2024_16_08.46.09_trainee_16_ring rollercoaster_1.csv,trainee,16,trainee__participant_16,ring_rollercoaster,1,C_kinematics_no_qc_plus_task,ridge,4,20.0,19.121674069037148,0.8783259309628519,0.8783259309628519
DVST_XI_Griffin_16-19_07_2024_16_08.46.09_trainee_16_sea spikes_1.csv,trainee,16,trainee__participant_16,sea_spikes,1,C_kinematics_no_qc_plus_task,ridge,4,16.0,17.30806058726187,-1.3080605872618705,1.3080605872618705
DVST_XI_Griffin_16-19_07_2024_16_08.46.09_trainee_16_suture_1.csv,trainee,16,trainee__participant_16,suture,1,C_kinematics_no_qc_plus_task,ridge,4,21.0,17.516188119108197,3.4838118808918033,3.4838118808918033
DVST_XI_Griffin_16-19_07_2024_17_12.20.23_trainee_12_camera target_1.csv,trainee,12,trainee__participant_12,camera_target,1,C_kinematics_no_qc_plus_task,ridge,4,16.0,21.817696445902946,-5.817696445902946,5.817696445902946
DVST_XI_Griffin_16-19_07_2024_17_12.20.23_trainee_16_camera target_1.csv,trainee,16,trainee__participant_16,camera_target,1,C_kinematics_no_qc_plus_task,ridge,4,23.0,20.502263511885012,2.497736488114988,2.497736488114988
DVST_XI_Griffin_16-19_07_2024_17_12.20.23_trainee_16_ring rollercoaster_2.csv,trainee,16,trainee__participant_16,ring_rollercoaster,2,C_kinematics_no_qc_plus_task,ridge,4,23.0,20.016477762851718,2.983522237148282,2.983522237148282
DVST_XI_Griffin_16-19_07_2024_18_08.46.52_trainee_12_suture_2.csv,trainee,12,trainee__participant_12,suture,2,C_kinematics_no_qc_plus_task,ridge,4,28.0,21.080628356442457,6.919371643557543,6.919371643557543
DVST_XI_Griffin_16-19_07_2024_18_08.46.52_trainee_16_sea spikes_2.csv,trainee,16,trainee__participant_16,sea_spikes,2,C_kinematics_no_qc_plus_task,ridge,4,21.0,20.155026574097437,0.8449734259025625,0.8449734259025625
DVST_XI_Griffin_16-19_07_2024_18_08.46.52_trainee_16_suture_2.csv,trainee,16,trainee__participant_16,suture,2,C_kinematics_no_qc_plus_task,ridge,4,29.0,20.92630956625709,8.073690433742911,8.073690433742911
DVST_XI_Griffin_16-19_07_2024_19_09.39.41_trainee_12_glove cut_2.csv,trainee,12,trainee__participant_12,glove_cut,2,C_kinematics_no_qc_plus_task,ridge,4,20.0,18.695357162684278,1.304642837315722,1.304642837315722
DVST_XI_Griffin_16-19_07_2024_19_09.39.41_trainee_16_camera target_2.csv,trainee,16,trainee__participant_16,camera_target,2,C_kinematics_no_qc_plus_task,ridge,4,23.0,20.725703033924233,2.2742969660757666,2.2742969660757666
DVST_XI_Griffin_16-19_07_2024_19_09.39.41_trainee_16_glove cut_2.csv,trainee,16,trainee__participant_16,glove_cut,2,C_kinematics_no_qc_plus_task,ridge,4,24.0,19.072825876154873,4.927174123845127,4.927174123845127
DVST_XI_10-13_Nov_2025_12_10.36.46_expert_10_camera target_1.csv,expert,10,expert__participant_10,camera_target,1,C_kinematics_no_qc_plus_task,ridge,5,30.0,24.745913736693556,5.254086263306444,5.254086263306444
DVST_XI_10-13_Nov_2025_12_10.36.46_expert_10_glove cut_1.csv,expert,10,expert__participant_10,glove_cut,1,C_kinematics_no_qc_plus_task,ridge,5,28.0,22.46309833700815,5.536901662991848,5.536901662991848
DVST_XI_10-13_Nov_2025_12_10.36.46_expert_10_ring rollercoaster_1.csv,expert,10,expert__participant_10,ring_rollercoaster,1,C_kinematics_no_qc_plus_task,ridge,5,29.0,21.577292954736006,7.422707045263994,7.422707045263994
DVST_XI_10-13_Nov_2025_12_10.36.46_expert_10_sea spikes_1.csv,expert,10,expert__participant_10,sea_spikes,1,C_kinematics_no_qc_plus_task,ridge,5,29.0,21.819925604800883,7.180074395199117,7.180074395199117
DVST_XI_10-13_Nov_2025_12_10.36.46_expert_10_suture_1.csv,expert,10,expert__participant_10,suture,1,C_kinematics_no_qc_plus_task,ridge,5,30.0,23.817477360093743,6.1825226399062565,6.1825226399062565
DVST_XI_14-16_Feb_2024_14_09.13.16_trainee_1_camera target_1.csv,trainee,1,trainee__participant_1,camera_target,1,C_kinematics_no_qc_plus_task,ridge,5,17.0,19.268734285910043,-2.2687342859100426,2.2687342859100426
DVST_XI_14-16_Feb_2024_14_09.13.16_trainee_1_glove cut_1.csv,trainee,1,trainee__participant_1,glove_cut,1,C_kinematics_no_qc_plus_task,ridge,5,15.0,16.022321371749623,-1.022321371749623,1.022321371749623
DVST_XI_14-16_Feb_2024_14_09.13.16_trainee_1_ring rollercoaster_1.csv,trainee,1,trainee__participant_1,ring_rollercoaster,1,C_kinematics_no_qc_plus_task,ridge,5,14.0,18.444055020548245,-4.4440550205482445,4.4440550205482445
DVST_XI_14-16_Feb_2024_14_09.13.16_trainee_1_sea spikes_1.csv,trainee,1,trainee__participant_1,sea_spikes,1,C_kinematics_no_qc_plus_task,ridge,5,13.0,17.33128985378589,-4.33128985378589,4.33128985378589
DVST_XI_14-16_Feb_2024_14_09.13.16_trainee_1_suture_1.csv,trainee,1,trainee__participant_1,suture,1,C_kinematics_no_qc_plus_task,ridge,5,19.0,18.04193860380834,0.9580613961916598,0.9580613961916598
DVST_XI_14-16_Feb_2024_16_08.32.59_trainee_1_camera target_2.csv,trainee,1,trainee__participant_1,camera_target,2,C_kinematics_no_qc_plus_task,ridge,5,19.0,18.194750423776675,0.8052495762233249,0.8052495762233249
DVST_XI_14-16_Feb_2024_16_08.32.59_trainee_1_glove cut_2.csv,trainee,1,trainee__participant_1,glove_cut,2,C_kinematics_no_qc_plus_task,ridge,5,19.0,16.259831293011395,2.740168706988605,2.740168706988605
DVST_XI_14-16_Feb_2024_16_08.32.59_trainee_1_ring rollercoaster_2.csv,trainee,1,trainee__participant_1,ring_rollercoaster,2,C_kinematics_no_qc_plus_task,ridge,5,20.0,19.150641642152927,0.8493583578470734,0.8493583578470734
DVST_XI_14-16_Feb_2024_16_08.32.59_trainee_1_sea spikes_2.csv,trainee,1,trainee__participant_1,sea_spikes,2,C_kinematics_no_qc_plus_task,ridge,5,19.0,18.86981982206571,0.13018017793428882,0.13018017793428882
DVST_XI_14-16_Feb_2024_16_08.32.59_trainee_1_suture_2.csv,trainee,1,trainee__participant_1,suture,2,C_kinematics_no_qc_plus_task,ridge,5,17.0,19.083748075108723,-2.0837480751087227,2.0837480751087227
DVST_XI_19-22_May_2025_22_09.34.36_trainee_39_camera target_2.csv,trainee,39,trainee__participant_39,camera_target,2,C_kinematics_no_qc_plus_task,ridge,5,19.0,22.547514613178464,-3.547514613178464,3.547514613178464
DVST_XI_19-22_May_2025_22_09.34.36_trainee_39_glove cut_2.csv,trainee,39,trainee__participant_39,glove_cut,2,C_kinematics_no_qc_plus_task,ridge,5,22.0,21.04361678636567,0.9563832136343287,0.9563832136343287
DVST_XI_6-8_Mar_2025_07_11.56.53_expert_2_camera target_1.csv,expert,2,expert__participant_2,camera_target,1,C_kinematics_no_qc_plus_task,ridge,5,25.0,21.126833291487888,3.8731667085121124,3.8731667085121124
DVST_XI_6-8_Mar_2025_07_11.56.53_expert_2_glove cut_1.csv,expert,2,expert__participant_2,glove_cut,1,C_kinematics_no_qc_plus_task,ridge,5,19.0,18.99913542397371,0.0008645760262915303,0.0008645760262915303
DVST_XI_6-8_Mar_2025_07_11.56.53_expert_2_ring rollercoaster_1.csv,expert,2,expert__participant_2,ring_rollercoaster,1,C_kinematics_no_qc_plus_task,ridge,5,20.0,20.72027460384838,-0.7202746038483809,0.7202746038483809
DVST_XI_6-8_Mar_2025_07_11.56.53_expert_2_sea spikes_1.csv,expert,2,expert__participant_2,sea_spikes,1,C_kinematics_no_qc_plus_task,ridge,5,18.0,20.06670307997993,-2.0667030799799306,2.0667030799799306
DVST_XI_7-11_Mar_2024_08_13.12.17_trainee_10_ring rollercoaster_1.csv,trainee,10,trainee__participant_10,ring_rollercoaster,1,C_kinematics_no_qc_plus_task,ridge,5,14.0,19.94988850723849,-5.949888507238491,5.949888507238491
DVST_XI_7-11_Mar_2024_08_13.12.17_trainee_10_sea spikes_1.csv,trainee,10,trainee__participant_10,sea_spikes,1,C_kinematics_no_qc_plus_task,ridge,5,22.0,16.491059987204647,5.508940012795353,5.508940012795353
DVST_XI_7-11_Mar_2024_08_13.12.17_trainee_6_ring rollercoaster_1.csv,trainee,6,trainee__participant_6,ring_rollercoaster,1,C_kinematics_no_qc_plus_task,ridge,5,16.0,21.039164971660778,-5.039164971660778,5.039164971660778
DVST_XI_7-11_Mar_2024_08_13.12.17_trainee_6_sea spikes_1.csv,trainee,6,trainee__participant_6,sea_spikes,1,C_kinematics_no_qc_plus_task,ridge,5,16.0,17.554942407418686,-1.554942407418686,1.554942407418686
DVST_XI_7-11_Mar_2024_08_13.12.17_trainee_8_ring rollercoaster_1.csv,trainee,8,trainee__participant_8,ring_rollercoaster,1,C_kinematics_no_qc_plus_task,ridge,5,12.0,17.70027142534526,-5.70027142534526,5.70027142534526
DVST_XI_7-11_Mar_2024_08_13.12.17_trainee_8_sea spikes_1.csv,trainee,8,trainee__participant_8,sea_spikes,1,C_kinematics_no_qc_plus_task,ridge,5,18.0,18.222325403402145,-0.22232540340214513,0.22232540340214513
DVST_XI_7-11_Mar_2024_09_10.19.01_trainee_10_glove cut_1.csv,trainee,10,trainee__participant_10,glove_cut,1,C_kinematics_no_qc_plus_task,ridge,5,18.0,14.564043750225732,3.435956249774268,3.435956249774268
DVST_XI_7-11_Mar_2024_09_10.19.01_trainee_6_camera target_1.csv,trainee,6,trainee__participant_6,camera_target,1,C_kinematics_no_qc_plus_task,ridge,5,16.0,18.70869950984903,-2.70869950984903,2.70869950984903
DVST_XI_7-11_Mar_2024_09_10.19.01_trainee_6_glove cut_1.csv,trainee,6,trainee__participant_6,glove_cut,1,C_kinematics_no_qc_plus_task,ridge,5,15.0,13.972360964204395,1.0276390357956053,1.0276390357956053
DVST_XI_7-11_Mar_2024_09_10.19.01_trainee_8_camera target_1.csv,trainee,8,trainee__participant_8,camera_target,1,C_kinematics_no_qc_plus_task,ridge,5,10.0,13.402400404250175,-3.4024004042501748,3.4024004042501748
DVST_XI_7-11_Mar_2024_09_10.19.01_trainee_8_glove cut_1.csv,trainee,8,trainee__participant_8,glove_cut,1,C_kinematics_no_qc_plus_task,ridge,5,17.0,17.978313806912098,-0.978313806912098,0.978313806912098
DVST_XI_7-11_Mar_2024_09_13.46.11_trainee_10_suture_1.csv,trainee,10,trainee__participant_10,suture,1,C_kinematics_no_qc_plus_task,ridge,5,19.0,20.502925158671466,-1.5029251586714665,1.5029251586714665
DVST_XI_7-11_Mar_2024_09_13.46.11_trainee_6_suture_1.csv,trainee,6,trainee__participant_6,suture,1,C_kinematics_no_qc_plus_task,ridge,5,12.0,19.521481211386043,-7.5214812113860425,7.5214812113860425
DVST_XI_7-11_Mar_2024_09_13.46.11_trainee_8_suture_1.csv,trainee,8,trainee__participant_8,suture,1,C_kinematics_no_qc_plus_task,ridge,5,17.0,19.76631016347729,-2.7663101634772893,2.7663101634772893
DVST_XI_7-11_Mar_2024_10_08.59.30_trainee_10_ring rollercoaster_2.csv,trainee,10,trainee__participant_10,ring_rollercoaster,2,C_kinematics_no_qc_plus_task,ridge,5,18.0,19.219636077832217,-1.2196360778322166,1.2196360778322166
DVST_XI_7-11_Mar_2024_10_08.59.30_trainee_10_sea spikes_2.csv,trainee,10,trainee__participant_10,sea_spikes,2,C_kinematics_no_qc_plus_task,ridge,5,22.0,19.954746344403077,2.045253655596923,2.045253655596923
DVST_XI_7-11_Mar_2024_10_08.59.30_trainee_6_ring rollercoaster_2.csv,trainee,6,trainee__participant_6,ring_rollercoaster,2,C_kinematics_no_qc_plus_task,ridge,5,18.0,21.295375089567166,-3.295375089567166,3.295375089567166
DVST_XI_7-11_Mar_2024_10_08.59.30_trainee_6_sea spikes_2.csv,trainee,6,trainee__participant_6,sea_spikes,2,C_kinematics_no_qc_plus_task,ridge,5,20.0,21.86676404277387,-1.8667640427738696,1.8667640427738696
DVST_XI_7-11_Mar_2024_10_08.59.30_trainee_8_ring rollercoaster_2.csv,trainee,8,trainee__participant_8,ring_rollercoaster,2,C_kinematics_no_qc_plus_task,ridge,5,16.0,18.54674512437327,-2.5467451243732704,2.5467451243732704
DVST_XI_7-11_Mar_2024_10_08.59.30_trainee_8_sea spikes_2.csv,trainee,8,trainee__participant_8,sea_spikes,2,C_kinematics_no_qc_plus_task,ridge,5,20.0,19.109844897483374,0.8901551025166263,0.8901551025166263
DVST_XI_Griffin_29_sep-1_oct_2024_01_10.39.05_trainee_20_camera target_2.csv,trainee,20,trainee__participant_20,camera_target,2,C_kinematics_no_qc_plus_task,ridge,5,14.0,19.073830639649163,-5.073830639649163,5.073830639649163
DVST_XI_Griffin_29_sep-1_oct_2024_29_09.07.40_trainee_20_camera target_1.csv,trainee,20,trainee__participant_20,camera_target,1,C_kinematics_no_qc_plus_task,ridge,5,15.0,14.570521497044187,0.42947850295581347,0.42947850295581347
DVST_XI_Griffin_29_sep-1_oct_2024_29_09.07.40_trainee_20_suture_1.csv,trainee,20,trainee__participant_20,suture,1,C_kinematics_no_qc_plus_task,ridge,5,13.0,16.07669405193409,-3.0766940519340906,3.0766940519340906
DVST_XI_Griffin_29_sep-1_oct_2024_30_12.18.00_trainee_20_glove cut_2.csv,trainee,20,trainee__participant_20,glove_cut,2,C_kinematics_no_qc_plus_task,ridge,5,17.0,19.77939966111128,-2.779399661111281,2.779399661111281
DVST_XI_Griffin_29_sep-1_oct_2024_30_12.18.00_trainee_20_ring rollercoaster_2.csv,trainee,20,trainee__participant_20,ring_rollercoaster,2,C_kinematics_no_qc_plus_task,ridge,5,21.0,20.401921277072,0.5980787229280011,0.5980787229280011
DVST_XI_Griffin_29_sep-1_oct_2024_30_12.18.00_trainee_20_sea spikes_2.csv,trainee,20,trainee__participant_20,sea_spikes,2,C_kinematics_no_qc_plus_task,ridge,5,21.0,20.511478198906183,0.4885218010938175,0.4885218010938175
DVST_XI_11-14_Aug_2025_14_10.45.28_expert_8_camera target_1.csv,expert,8,expert__participant_8,camera_target,1,C_kinematics_no_qc_plus_task,elastic_net,1,28.0,23.462659530896822,4.537340469103178,4.537340469103178
DVST_XI_11-14_Aug_2025_14_10.45.28_expert_8_glove cut_1.csv,expert,8,expert__participant_8,glove_cut,1,C_kinematics_no_qc_plus_task,elastic_net,1,24.0,22.20747041098272,1.7925295890172812,1.7925295890172812
DVST_XI_11-14_Aug_2025_14_10.45.28_expert_8_ring rollercoaster_1.csv,expert,8,expert__participant_8,ring_rollercoaster,1,C_kinematics_no_qc_plus_task,elastic_net,1,24.0,23.49071578632401,0.5092842136759899,0.5092842136759899
DVST_XI_11-14_Aug_2025_14_10.45.28_expert_8_sea spikes_1.csv,expert,8,expert__participant_8,sea_spikes,1,C_kinematics_no_qc_plus_task,elastic_net,1,22.0,21.107491933793053,0.8925080662069469,0.8925080662069469
DVST_XI_11-14_Aug_2025_14_10.45.28_expert_8_suture_1.csv,expert,8,expert__participant_8,suture,1,C_kinematics_no_qc_plus_task,elastic_net,1,29.0,25.930066783088918,3.069933216911082,3.069933216911082
DVST_XI_14-16_Feb_2024_14_09.13.16_trainee_2_camera target_1.csv,trainee,2,trainee__participant_2,camera_target,1,C_kinematics_no_qc_plus_task,elastic_net,1,17.0,15.109630698178128,1.8903693018218721,1.8903693018218721
DVST_XI_14-16_Feb_2024_14_09.13.16_trainee_2_glove cut_1.csv,trainee,2,trainee__participant_2,glove_cut,1,C_kinematics_no_qc_plus_task,elastic_net,1,13.0,19.248840998459567,-6.248840998459567,6.248840998459567
DVST_XI_14-16_Feb_2024_14_09.13.16_trainee_2_ring rollercoaster_1.csv,trainee,2,trainee__participant_2,ring_rollercoaster,1,C_kinematics_no_qc_plus_task,elastic_net,1,14.0,16.89632092161789,-2.896320921617889,2.896320921617889
DVST_XI_14-16_Feb_2024_14_09.13.16_trainee_2_sea spikes_1.csv,trainee,2,trainee__participant_2,sea_spikes,1,C_kinematics_no_qc_plus_task,elastic_net,1,15.0,18.9293200172739,-3.9293200172738985,3.9293200172738985
DVST_XI_14-16_Feb_2024_14_09.13.16_trainee_5_camera target_1.csv,trainee,5,trainee__participant_5,camera_target,1,C_kinematics_no_qc_plus_task,elastic_net,1,7.0,13.887221239986495,-6.887221239986495,6.887221239986495
DVST_XI_14-16_Feb_2024_14_09.13.16_trainee_5_glove cut_1.csv,trainee,5,trainee__participant_5,glove_cut,1,C_kinematics_no_qc_plus_task,elastic_net,1,11.0,15.350542491770371,-4.350542491770371,4.350542491770371
DVST_XI_14-16_Feb_2024_14_09.13.16_trainee_5_ring rollercoaster_1.csv,trainee,5,trainee__participant_5,ring_rollercoaster,1,C_kinematics_no_qc_plus_task,elastic_net,1,17.0,12.315099829468325,4.684900170531675,4.684900170531675
DVST_XI_14-16_Feb_2024_14_09.13.16_trainee_5_sea spikes_1.csv,trainee,5,trainee__participant_5,sea_spikes,1,C_kinematics_no_qc_plus_task,elastic_net,1,16.0,15.756440072715677,0.2435599272843234,0.2435599272843234
DVST_XI_14-16_Feb_2024_14_09.13.16_trainee_5_suture_1.csv,trainee,5,trainee__participant_5,suture,1,C_kinematics_no_qc_plus_task,elastic_net,1,16.0,16.93828331048056,-0.9382833104805606,0.9382833104805606
DVST_XI_14-16_Feb_2024_16_08.32.59_trainee_2_camera target_2.csv,trainee,2,trainee__participant_2,camera_target,2,C_kinematics_no_qc_plus_task,elastic_net,1,16.0,19.484128007873117,-3.4841280078731174,3.4841280078731174
DVST_XI_14-16_Feb_2024_16_08.32.59_trainee_2_glove cut_2.csv,trainee,2,trainee__participant_2,glove_cut,2,C_kinematics_no_qc_plus_task,elastic_net,1,19.0,17.43923565680967,1.5607643431903284,1.5607643431903284
DVST_XI_14-16_Feb_2024_16_08.32.59_trainee_2_ring rollercoaster_2.csv,trainee,2,trainee__participant_2,ring_rollercoaster,2,C_kinematics_no_qc_plus_task,elastic_net,1,21.0,16.638627717992524,4.361372282007476,4.361372282007476
DVST_XI_14-16_Feb_2024_16_08.32.59_trainee_2_sea spikes_2.csv,trainee,2,trainee__participant_2,sea_spikes,2,C_kinematics_no_qc_plus_task,elastic_net,1,17.0,19.268547175232616,-2.268547175232616,2.268547175232616
DVST_XI_14-16_Feb_2024_16_08.32.59_trainee_2_suture_2.csv,trainee,2,trainee__participant_2,suture,2,C_kinematics_no_qc_plus_task,elastic_net,1,22.0,21.179092890850512,0.8209071091494877,0.8209071091494877
DVST_XI_14-16_Feb_2024_16_08.32.59_trainee_5_camera target_2.csv,trainee,5,trainee__participant_5,camera_target,2,C_kinematics_no_qc_plus_task,elastic_net,1,21.0,20.337625363222486,0.6623746367775141,0.6623746367775141
DVST_XI_14-16_Feb_2024_16_08.32.59_trainee_5_glove cut_2.csv,trainee,5,trainee__participant_5,glove_cut,2,C_kinematics_no_qc_plus_task,elastic_net,1,19.0,15.612466444997935,3.387533555002065,3.387533555002065
DVST_XI_14-16_Feb_2024_16_08.32.59_trainee_5_ring rollercoaster_2.csv,trainee,5,trainee__participant_5,ring_rollercoaster,2,C_kinematics_no_qc_plus_task,elastic_net,1,23.0,14.443764573160795,8.556235426839205,8.556235426839205
DVST_XI_14-16_Feb_2024_16_08.32.59_trainee_5_sea spikes_2.csv,trainee,5,trainee__participant_5,sea_spikes,2,C_kinematics_no_qc_plus_task,elastic_net,1,21.0,20.13804719982259,0.8619528001774093,0.8619528001774093
DVST_XI_14-16_Feb_2024_16_08.32.59_trainee_5_suture_2.csv,trainee,5,trainee__participant_5,suture,2,C_kinematics_no_qc_plus_task,elastic_net,1,21.0,18.183016508925608,2.8169834910743923,2.8169834910743923
DVST_XI_6-8_Mar_2025_06_10.41.14_trainee_31_ring rollercoaster_1.csv,trainee,31,trainee__participant_31,ring_rollercoaster,1,C_kinematics_no_qc_plus_task,elastic_net,1,15.0,18.361227867502055,-3.3612278675020555,3.3612278675020555
DVST_XI_6-8_Mar_2025_06_10.41.14_trainee_31_sea spikes_1.csv,trainee,31,trainee__participant_31,sea_spikes,1,C_kinematics_no_qc_plus_task,elastic_net,1,13.0,17.713506456199084,-4.7135064561990845,4.7135064561990845
DVST_XI_6-8_Mar_2025_06_10.41.14_trainee_36_ring rollercoaster_1.csv,trainee,36,trainee__participant_36,ring_rollercoaster,1,C_kinematics_no_qc_plus_task,elastic_net,1,19.0,15.05266695301772,3.94733304698228,3.94733304698228
DVST_XI_6-8_Mar_2025_06_10.41.14_trainee_36_sea spikes_1.csv,trainee,36,trainee__participant_36,sea_spikes,1,C_kinematics_no_qc_plus_task,elastic_net,1,16.0,15.712366006764672,0.28763399323532823,0.28763399323532823
DVST_XI_6-8_Mar_2025_07_11.56.53_expert_1_camera target_1.csv,expert,1,expert__participant_1,camera_target,1,C_kinematics_no_qc_plus_task,elastic_net,1,26.0,26.272602091086146,-0.27260209108614575,0.27260209108614575
DVST_XI_6-8_Mar_2025_07_11.56.53_expert_1_glove cut_1.csv,expert,1,expert__participant_1,glove_cut,1,C_kinematics_no_qc_plus_task,elastic_net,1,20.0,23.07988675842074,-3.0798867584207414,3.0798867584207414
DVST_XI_6-8_Mar_2025_07_11.56.53_expert_1_ring rollercoaster_1.csv,expert,1,expert__participant_1,ring_rollercoaster,1,C_kinematics_no_qc_plus_task,elastic_net,1,21.0,23.22610139219499,-2.226101392194991,2.226101392194991
DVST_XI_6-8_Mar_2025_07_11.56.53_expert_1_sea spikes_1.csv,expert,1,expert__participant_1,sea_spikes,1,C_kinematics_no_qc_plus_task,elastic_net,1,23.0,24.172586543008073,-1.172586543008073,1.172586543008073
DVST_XI_6-8_Mar_2025_07_11.56.53_expert_1_suture_1.csv,expert,1,expert__participant_1,suture,1,C_kinematics_no_qc_plus_task,elastic_net,1,26.0,25.01824361325971,0.9817563867402903,0.9817563867402903
DVST_XI_6-8_Mar_2025_07_11.56.53_trainee_31_glove cut_1.csv,trainee,31,trainee__participant_31,glove_cut,1,C_kinematics_no_qc_plus_task,elastic_net,1,16.0,17.9397912341125,-1.9397912341125014,1.9397912341125014
DVST_XI_6-8_Mar_2025_07_11.56.53_trainee_36_glove cut_1.csv,trainee,36,trainee__participant_36,glove_cut,1,C_kinematics_no_qc_plus_task,elastic_net,1,18.0,18.725496149740145,-0.7254961497401453,0.7254961497401453
DVST_XI_7-11_Mar_2024_08_13.12.17_trainee_11_ring rollercoaster_1.csv,trainee,11,trainee__participant_11,ring_rollercoaster,1,C_kinematics_no_qc_plus_task,elastic_net,1,18.0,16.75978535873778,1.2402146412622201,1.2402146412622201
DVST_XI_7-11_Mar_2024_08_13.12.17_trainee_11_sea spikes_1.csv,trainee,11,trainee__participant_11,sea_spikes,1,C_kinematics_no_qc_plus_task,elastic_net,1,18.0,19.629134145926642,-1.629134145926642,1.629134145926642
DVST_XI_7-11_Mar_2024_09_10.19.01_trainee_11_camera target_1.csv,trainee,11,trainee__participant_11,camera_target,1,C_kinematics_no_qc_plus_task,elastic_net,1,10.0,12.109885518439079,-2.1098855184390786,2.1098855184390786
DVST_XI_7-11_Mar_2024_09_10.19.01_trainee_11_glove cut_1.csv,trainee,11,trainee__participant_11,glove_cut,1,C_kinematics_no_qc_plus_task,elastic_net,1,18.0,18.117888538817272,-0.11788853881727235,0.11788853881727235
DVST_XI_7-11_Mar_2024_09_13.46.11_trainee_11_suture_1.csv,trainee,11,trainee__participant_11,suture,1,C_kinematics_no_qc_plus_task,elastic_net,1,18.0,19.7153364867547,-1.7153364867547012,1.7153364867547012
DVST_XI_7-11_Mar_2024_10_08.59.30_trainee_11_ring rollercoaster_2.csv,trainee,11,trainee__participant_11,ring_rollercoaster,2,C_kinematics_no_qc_plus_task,elastic_net,1,16.0,18.10883967470826,-2.1088396747082605,2.1088396747082605
DVST_XI_7-11_Mar_2024_10_08.59.30_trainee_11_sea spikes_2.csv,trainee,11,trainee__participant_11,sea_spikes,2,C_kinematics_no_qc_plus_task,elastic_net,1,18.0,20.543571274746864,-2.5435712747468635,2.5435712747468635
DVST_XI_Griffin_29_sep-1_oct_2024_01_10.39.05_trainee_17_camera target_2.csv,trainee,17,trainee__participant_17,camera_target,2,C_kinematics_no_qc_plus_task,elastic_net,1,22.0,23.841615349688126,-1.8416153496881265,1.8416153496881265
DVST_XI_Griffin_29_sep-1_oct_2024_29_09.07.40_trainee_17_camera target_1.csv,trainee,17,trainee__participant_17,camera_target,1,C_kinematics_no_qc_plus_task,elastic_net,1,23.0,16.26229998730812,6.737700012691882,6.737700012691882
DVST_XI_Griffin_29_sep-1_oct_2024_29_09.07.40_trainee_17_suture_1.csv,trainee,17,trainee__participant_17,suture,1,C_kinematics_no_qc_plus_task,elastic_net,1,15.0,-8.999626470372018,23.999626470372018,23.999626470372018
DVST_XI_Griffin_29_sep-1_oct_2024_30_12.18.00_trainee_17_glove cut_2.csv,trainee,17,trainee__participant_17,glove_cut,2,C_kinematics_no_qc_plus_task,elastic_net,1,22.0,20.281376562755497,1.7186234372445028,1.7186234372445028
DVST_XI_Griffin_29_sep-1_oct_2024_30_12.18.00_trainee_17_ring rollercoaster_2.csv,trainee,17,trainee__participant_17,ring_rollercoaster,2,C_kinematics_no_qc_plus_task,elastic_net,1,22.0,20.811249637953196,1.1887503620468038,1.1887503620468038
DVST_XI_Griffin_29_sep-1_oct_2024_30_12.18.00_trainee_17_sea spikes_2.csv,trainee,17,trainee__participant_17,sea_spikes,2,C_kinematics_no_qc_plus_task,elastic_net,1,22.0,22.24344582349623,-0.24344582349623067,0.24344582349623067
DVST_XI_11-14_Aug_2025_13_11.33.24_expert_7_camera target_1.csv,expert,7,expert__participant_7,camera_target,1,C_kinematics_no_qc_plus_task,elastic_net,2,28.0,21.90202374068801,6.0979762593119915,6.0979762593119915
DVST_XI_11-14_Aug_2025_13_11.33.24_expert_7_glove cut_1.csv,expert,7,expert__participant_7,glove_cut,1,C_kinematics_no_qc_plus_task,elastic_net,2,25.0,20.542623563162135,4.457376436837865,4.457376436837865
DVST_XI_11-14_Aug_2025_13_11.33.24_expert_7_ring rollercoaster_1.csv,expert,7,expert__participant_7,ring_rollercoaster,1,C_kinematics_no_qc_plus_task,elastic_net,2,20.0,20.84438567488135,-0.8443856748813516,0.8443856748813516
DVST_XI_11-14_Aug_2025_13_11.33.24_expert_7_sea spikes_1.csv,expert,7,expert__participant_7,sea_spikes,1,C_kinematics_no_qc_plus_task,elastic_net,2,20.0,20.339456253427187,-0.339456253427187,0.339456253427187
DVST_XI_11-14_Aug_2025_13_11.33.24_expert_7_suture_1.csv,expert,7,expert__participant_7,suture,1,C_kinematics_no_qc_plus_task,elastic_net,2,29.0,21.695580164594677,7.304419835405323,7.304419835405323
DVST_XI_14-16_Feb_2024_14_09.13.16_trainee_4_camera target_1.csv,trainee,4,trainee__participant_4,camera_target,1,C_kinematics_no_qc_plus_task,elastic_net,2,16.0,17.650674051470858,-1.6506740514708582,1.6506740514708582
DVST_XI_14-16_Feb_2024_14_09.13.16_trainee_4_glove cut_1.csv,trainee,4,trainee__participant_4,glove_cut,1,C_kinematics_no_qc_plus_task,elastic_net,2,23.0,18.17077321190555,4.829226788094449,4.829226788094449
DVST_XI_14-16_Feb_2024_14_09.13.16_trainee_4_ring rollercoaster_1.csv,trainee,4,trainee__participant_4,ring_rollercoaster,1,C_kinematics_no_qc_plus_task,elastic_net,2,14.0,17.963881836372618,-3.963881836372618,3.963881836372618
DVST_XI_14-16_Feb_2024_14_09.13.16_trainee_4_sea spikes_1.csv,trainee,4,trainee__participant_4,sea_spikes,1,C_kinematics_no_qc_plus_task,elastic_net,2,18.0,18.313722247111524,-0.3137222471115244,0.3137222471115244
DVST_XI_14-16_Feb_2024_14_09.13.16_trainee_4_suture_1.csv,trainee,4,trainee__participant_4,suture,1,C_kinematics_no_qc_plus_task,elastic_net,2,18.0,18.756881451313138,-0.7568814513131379,0.7568814513131379
DVST_XI_14-16_Feb_2024_16_08.32.59_trainee_4_camera target_2.csv,trainee,4,trainee__participant_4,camera_target,2,C_kinematics_no_qc_plus_task,elastic_net,2,23.0,19.015838568744158,3.984161431255842,3.984161431255842
DVST_XI_14-16_Feb_2024_16_08.32.59_trainee_4_glove cut_2.csv,trainee,4,trainee__participant_4,glove_cut,2,C_kinematics_no_qc_plus_task,elastic_net,2,24.0,18.592855480411185,5.407144519588815,5.407144519588815
DVST_XI_14-16_Feb_2024_16_08.32.59_trainee_4_ring rollercoaster_2.csv,trainee,4,trainee__participant_4,ring_rollercoaster,2,C_kinematics_no_qc_plus_task,elastic_net,2,24.0,19.012023082329794,4.987976917670206,4.987976917670206
DVST_XI_14-16_Feb_2024_16_08.32.59_trainee_4_sea spikes_2.csv,trainee,4,trainee__participant_4,sea_spikes,2,C_kinematics_no_qc_plus_task,elastic_net,2,24.0,18.702507717456292,5.297492282543708,5.297492282543708
DVST_XI_14-16_Feb_2024_16_08.32.59_trainee_4_suture_2.csv,trainee,4,trainee__participant_4,suture,2,C_kinematics_no_qc_plus_task,elastic_net,2,22.0,20.46103744845849,1.538962551541509,1.538962551541509
DVST_XI_19-22_May_2025_22_09.34.36_trainee_38_camera target_2.csv,trainee,38,trainee__participant_38,camera_target,2,C_kinematics_no_qc_plus_task,elastic_net,2,22.0,23.34382105015201,-1.343821050152009,1.343821050152009
DVST_XI_19-22_May_2025_22_09.34.36_trainee_38_glove cut_2.csv,trainee,38,trainee__participant_38,glove_cut,2,C_kinematics_no_qc_plus_task,elastic_net,2,18.0,21.784817667787912,-3.7848176677879124,3.7848176677879124
DVST_XI_19-22_May_2025_22_09.34.36_trainee_42_camera target_2.csv,trainee,42,trainee__participant_42,camera_target,2,C_kinematics_no_qc_plus_task,elastic_net,2,19.0,20.673927782212747,-1.673927782212747,1.673927782212747
DVST_XI_19-22_May_2025_22_09.34.36_trainee_42_glove cut_2.csv,trainee,42,trainee__participant_42,glove_cut,2,C_kinematics_no_qc_plus_task,elastic_net,2,16.0,20.466112923301715,-4.466112923301715,4.466112923301715
DVST_XI_6-8_Mar_2025_06_10.41.14_trainee_34_camera target_1.csv,trainee,34,trainee__participant_34,camera_target,1,C_kinematics_no_qc_plus_task,elastic_net,2,18.0,19.94410586744892,-1.9441058674489184,1.9441058674489184
DVST_XI_6-8_Mar_2025_06_10.41.14_trainee_34_ring rollercoaster_1.csv,trainee,34,trainee__participant_34,ring_rollercoaster,1,C_kinematics_no_qc_plus_task,elastic_net,2,14.0,15.495953276579069,-1.495953276579069,1.495953276579069
DVST_XI_6-8_Mar_2025_06_10.41.14_trainee_34_sea spikes_1.csv,trainee,34,trainee__participant_34,sea_spikes,1,C_kinematics_no_qc_plus_task,elastic_net,2,14.0,15.627793854869564,-1.627793854869564,1.627793854869564
DVST_XI_6-8_Mar_2025_06_10.41.14_trainee_35_ring rollercoaster_1.csv,trainee,35,trainee__participant_35,ring_rollercoaster,1,C_kinematics_no_qc_plus_task,elastic_net,2,18.0,17.71680905651358,0.2831909434864208,0.2831909434864208
DVST_XI_6-8_Mar_2025_06_10.41.14_trainee_35_sea spikes_1.csv,trainee,35,trainee__participant_35,sea_spikes,1,C_kinematics_no_qc_plus_task,elastic_net,2,15.0,17.918852264181123,-2.9188522641811225,2.9188522641811225
DVST_XI_6-8_Mar_2025_07_11.56.53_trainee_34_glove cut_1.csv,trainee,34,trainee__participant_34,glove_cut,1,C_kinematics_no_qc_plus_task,elastic_net,2,12.0,14.224923960473278,-2.2249239604732782,2.2249239604732782
DVST_XI_6-8_Mar_2025_07_11.56.53_trainee_35_camera target_2.csv,trainee,35,trainee__participant_35,camera_target,2,C_kinematics_no_qc_plus_task,elastic_net,2,18.0,20.420943023220936,-2.4209430232209357,2.4209430232209357
DVST_XI_6-8_Mar_2025_07_11.56.53_trainee_35_glove cut_1.csv,trainee,35,trainee__participant_35,glove_cut,1,C_kinematics_no_qc_plus_task,elastic_net,2,16.0,19.347511295347,-3.347511295347001,3.347511295347001
DVST_XI_6-8_Mar_2025_07_11.56.53_trainee_35_sea spikes_2.csv,trainee,35,trainee__participant_35,sea_spikes,2,C_kinematics_no_qc_plus_task,elastic_net,2,21.0,20.38461722086123,0.6153827791387698,0.6153827791387698
DVST_XI_Griffin_16-19_07_2024_16_08.46.09_trainee_14_glove cut_1.csv,trainee,14,trainee__participant_14,glove_cut,1,C_kinematics_no_qc_plus_task,elastic_net,2,11.0,19.52792657109441,-8.527926571094412,8.527926571094412
DVST_XI_Griffin_16-19_07_2024_16_08.46.09_trainee_14_ring rollercoaster_1.csv,trainee,14,trainee__participant_14,ring_rollercoaster,1,C_kinematics_no_qc_plus_task,elastic_net,2,16.0,20.907390229506266,-4.907390229506266,4.907390229506266
DVST_XI_Griffin_16-19_07_2024_16_08.46.09_trainee_14_sea spikes_1.csv,trainee,14,trainee__participant_14,sea_spikes,1,C_kinematics_no_qc_plus_task,elastic_net,2,12.0,15.84151332125871,-3.8415133212587094,3.8415133212587094
DVST_XI_Griffin_16-19_07_2024_16_08.46.09_trainee_14_suture_1.csv,trainee,14,trainee__participant_14,suture,1,C_kinematics_no_qc_plus_task,elastic_net,2,15.0,20.276474141784526,-5.276474141784526,5.276474141784526
DVST_XI_Griffin_16-19_07_2024_17_12.20.23_trainee_14_camera target_1.csv,trainee,14,trainee__participant_14,camera_target,1,C_kinematics_no_qc_plus_task,elastic_net,2,14.0,16.987176424128194,-2.9871764241281937,2.9871764241281937
DVST_XI_Griffin_16-19_07_2024_18_08.46.52_trainee_14_sea spikes_2.csv,trainee,14,trainee__participant_14,sea_spikes,2,C_kinematics_no_qc_plus_task,elastic_net,2,20.0,19.619793241753854,0.38020675824614614,0.38020675824614614
DVST_XI_Griffin_16-19_07_2024_18_08.46.52_trainee_14_suture_2.csv,trainee,14,trainee__participant_14,suture,2,C_kinematics_no_qc_plus_task,elastic_net,2,29.0,21.22209937688965,7.777900623110352,7.777900623110352
DVST_XI_Griffin_16-19_07_2024_19_09.39.41_trainee_14_glove cut_2.csv,trainee,14,trainee__participant_14,glove_cut,2,C_kinematics_no_qc_plus_task,elastic_net,2,18.0,18.710985492653098,-0.7109854926530979,0.7109854926530979
DVST_XI_Griffin_29_sep-1_oct_2024_01_10.39.05_trainee_19_camera target_2.csv,trainee,19,trainee__participant_19,camera_target,2,C_kinematics_no_qc_plus_task,elastic_net,2,18.0,19.417583849592823,-1.4175838495928232,1.4175838495928232
DVST_XI_Griffin_29_sep-1_oct_2024_01_10.39.05_trainee_21_camera target_2.csv,trainee,21,trainee__participant_21,camera_target,2,C_kinematics_no_qc_plus_task,elastic_net,2,23.0,21.069972727174846,1.9300272728251535,1.9300272728251535
DVST_XI_Griffin_29_sep-1_oct_2024_29_09.07.40_trainee_19_camera target_1.csv,trainee,19,trainee__participant_19,camera_target,1,C_kinematics_no_qc_plus_task,elastic_net,2,17.0,17.19210135050934,-0.19210135050933985,0.19210135050933985
DVST_XI_Griffin_29_sep-1_oct_2024_29_09.07.40_trainee_19_suture_1.csv,trainee,19,trainee__participant_19,suture,1,C_kinematics_no_qc_plus_task,elastic_net,2,16.0,17.54724356116002,-1.5472435611600197,1.5472435611600197
DVST_XI_Griffin_29_sep-1_oct_2024_29_09.07.40_trainee_21_camera target_1.csv,trainee,21,trainee__participant_21,camera_target,1,C_kinematics_no_qc_plus_task,elastic_net,2,19.0,19.322595479016677,-0.32259547901667673,0.32259547901667673
DVST_XI_Griffin_29_sep-1_oct_2024_29_09.07.40_trainee_21_suture_1.csv,trainee,21,trainee__participant_21,suture,1,C_kinematics_no_qc_plus_task,elastic_net,2,18.0,19.606196783720254,-1.6061967837202538,1.6061967837202538
DVST_XI_Griffin_29_sep-1_oct_2024_30_12.18.00_trainee_19_glove cut_2.csv,trainee,19,trainee__participant_19,glove_cut,2,C_kinematics_no_qc_plus_task,elastic_net,2,17.0,18.045965979617723,-1.0459659796177228,1.0459659796177228
DVST_XI_Griffin_29_sep-1_oct_2024_30_12.18.00_trainee_19_ring rollercoaster_2.csv,trainee,19,trainee__participant_19,ring_rollercoaster,2,C_kinematics_no_qc_plus_task,elastic_net,2,22.0,18.395891359866674,3.604108640133326,3.604108640133326
DVST_XI_Griffin_29_sep-1_oct_2024_30_12.18.00_trainee_19_sea spikes_2.csv,trainee,19,trainee__participant_19,sea_spikes,2,C_kinematics_no_qc_plus_task,elastic_net,2,21.0,19.81139832467531,1.1886016753246906,1.1886016753246906
DVST_XI_Griffin_29_sep-1_oct_2024_30_12.18.00_trainee_21_glove cut_2.csv,trainee,21,trainee__participant_21,glove_cut,2,C_kinematics_no_qc_plus_task,elastic_net,2,25.0,19.678449441352928,5.321550558647072,5.321550558647072
DVST_XI_Griffin_29_sep-1_oct_2024_30_12.18.00_trainee_21_ring rollercoaster_2.csv,trainee,21,trainee__participant_21,ring_rollercoaster,2,C_kinematics_no_qc_plus_task,elastic_net,2,22.0,19.77968264000268,2.2203173599973205,2.2203173599973205
DVST_XI_Griffin_29_sep-1_oct_2024_30_12.18.00_trainee_21_sea spikes_2.csv,trainee,21,trainee__participant_21,sea_spikes,2,C_kinematics_no_qc_plus_task,elastic_net,2,22.0,19.960275043161037,2.0397249568389633,2.0397249568389633
DVST_XI_Griffin_29_sep-1_oct_2024_30_12.18.00_trainee_21_suture_2.csv,trainee,21,trainee__participant_21,suture,2,C_kinematics_no_qc_plus_task,elastic_net,2,23.0,20.30853206016807,2.6914679398319308,2.6914679398319308
DVST_XI_10-13_Nov_2025_12_10.36.46_expert_9_camera target_1.csv,expert,9,expert__participant_9,camera_target,1,C_kinematics_no_qc_plus_task,elastic_net,3,28.0,22.955498273096357,5.044501726903643,5.044501726903643
DVST_XI_10-13_Nov_2025_12_10.36.46_expert_9_glove cut_1.csv,expert,9,expert__participant_9,glove_cut,1,C_kinematics_no_qc_plus_task,elastic_net,3,29.0,22.506456360284204,6.493543639715796,6.493543639715796
DVST_XI_10-13_Nov_2025_12_10.36.46_expert_9_ring rollercoaster_1.csv,expert,9,expert__participant_9,ring_rollercoaster,1,C_kinematics_no_qc_plus_task,elastic_net,3,29.0,21.289075838296114,7.710924161703886,7.710924161703886
DVST_XI_10-13_Nov_2025_12_10.36.46_expert_9_sea spikes_1.csv,expert,9,expert__participant_9,sea_spikes,1,C_kinematics_no_qc_plus_task,elastic_net,3,29.0,21.623207086076164,7.376792913923836,7.376792913923836
DVST_XI_10-13_Nov_2025_12_10.36.46_expert_9_suture_1.csv,expert,9,expert__participant_9,suture,1,C_kinematics_no_qc_plus_task,elastic_net,3,28.0,23.075466536575234,4.9245334634247655,4.9245334634247655
DVST_XI_14-16_Feb_2024_14_09.13.16_trainee_3_camera target_1.csv,trainee,3,trainee__participant_3,camera_target,1,C_kinematics_no_qc_plus_task,elastic_net,3,15.0,19.075735415482576,-4.075735415482576,4.075735415482576
DVST_XI_14-16_Feb_2024_14_09.13.16_trainee_3_glove cut_1.csv,trainee,3,trainee__participant_3,glove_cut,1,C_kinematics_no_qc_plus_task,elastic_net,3,17.0,20.364155853994088,-3.364155853994088,3.364155853994088
DVST_XI_14-16_Feb_2024_14_09.13.16_trainee_3_ring rollercoaster_1.csv,trainee,3,trainee__participant_3,ring_rollercoaster,1,C_kinematics_no_qc_plus_task,elastic_net,3,12.0,18.74637056803531,-6.74637056803531,6.74637056803531
DVST_XI_14-16_Feb_2024_14_09.13.16_trainee_3_sea spikes_1.csv,trainee,3,trainee__participant_3,sea_spikes,1,C_kinematics_no_qc_plus_task,elastic_net,3,15.0,18.817128610514644,-3.8171286105146436,3.8171286105146436
DVST_XI_14-16_Feb_2024_14_09.13.16_trainee_3_suture_1.csv,trainee,3,trainee__participant_3,suture,1,C_kinematics_no_qc_plus_task,elastic_net,3,19.0,19.519632525130618,-0.5196325251306178,0.5196325251306178
DVST_XI_14-16_Feb_2024_16_08.32.59_trainee_3_camera target_2.csv,trainee,3,trainee__participant_3,camera_target,2,C_kinematics_no_qc_plus_task,elastic_net,3,23.0,18.766738999479518,4.233261000520482,4.233261000520482
DVST_XI_14-16_Feb_2024_16_08.32.59_trainee_3_glove cut_2.csv,trainee,3,trainee__participant_3,glove_cut,2,C_kinematics_no_qc_plus_task,elastic_net,3,19.0,19.698513451652747,-0.6985134516527474,0.6985134516527474
DVST_XI_14-16_Feb_2024_16_08.32.59_trainee_3_ring rollercoaster_2.csv,trainee,3,trainee__participant_3,ring_rollercoaster,2,C_kinematics_no_qc_plus_task,elastic_net,3,21.0,19.73912114977915,1.2608788502208483,1.2608788502208483
DVST_XI_14-16_Feb_2024_16_08.32.59_trainee_3_sea spikes_2.csv,trainee,3,trainee__participant_3,sea_spikes,2,C_kinematics_no_qc_plus_task,elastic_net,3,17.0,19.68843113761235,-2.6884311376123513,2.6884311376123513
DVST_XI_14-16_Feb_2024_16_08.32.59_trainee_3_suture_2.csv,trainee,3,trainee__participant_3,suture,2,C_kinematics_no_qc_plus_task,elastic_net,3,22.0,22.048960922170174,-0.048960922170174115,0.048960922170174115
DVST_XI_19-22_May_2025_22_09.34.36_trainee_37_camera target_2.csv,trainee,37,trainee__participant_37,camera_target,2,C_kinematics_no_qc_plus_task,elastic_net,3,16.0,19.649871264326308,-3.6498712643263076,3.6498712643263076
DVST_XI_19-22_May_2025_22_09.34.36_trainee_37_glove cut_2.csv,trainee,37,trainee__participant_37,glove_cut,2,C_kinematics_no_qc_plus_task,elastic_net,3,19.0,21.003028099708256,-2.0030280997082563,2.0030280997082563
DVST_XI_19-22_May_2025_22_09.34.36_trainee_41_camera target_2.csv,trainee,41,trainee__participant_41,camera_target,2,C_kinematics_no_qc_plus_task,elastic_net,3,20.0,19.79036664732303,0.20963335267697047,0.20963335267697047
DVST_XI_19-22_May_2025_22_09.34.36_trainee_41_glove cut_2.csv,trainee,41,trainee__participant_41,glove_cut,2,C_kinematics_no_qc_plus_task,elastic_net,3,19.0,20.551014285766573,-1.5510142857665734,1.5510142857665734
DVST_XI_6-8_Mar_2025_06_10.41.14_trainee_32_camera target_1.csv,trainee,32,trainee__participant_32,camera_target,1,C_kinematics_no_qc_plus_task,elastic_net,3,20.0,20.363823843494153,-0.36382384349415275,0.36382384349415275
DVST_XI_6-8_Mar_2025_06_10.41.14_trainee_32_ring rollercoaster_1.csv,trainee,32,trainee__participant_32,ring_rollercoaster,1,C_kinematics_no_qc_plus_task,elastic_net,3,17.0,18.964493179358307,-1.964493179358307,1.964493179358307
DVST_XI_6-8_Mar_2025_06_10.41.14_trainee_32_sea spikes_1.csv,trainee,32,trainee__participant_32,sea_spikes,1,C_kinematics_no_qc_plus_task,elastic_net,3,14.0,22.372890304447218,-8.372890304447218,8.372890304447218
DVST_XI_6-8_Mar_2025_07_11.56.53_trainee_32_glove cut_1.csv,trainee,32,trainee__participant_32,glove_cut,1,C_kinematics_no_qc_plus_task,elastic_net,3,13.0,20.048287630232643,-7.048287630232643,7.048287630232643
DVST_XI_7-11_Jul_2025_10_09.40.17_expert_6_camera target_1.csv,expert,6,expert__participant_6,camera_target,1,C_kinematics_no_qc_plus_task,elastic_net,3,25.0,21.293608630672907,3.7063913693270933,3.7063913693270933
DVST_XI_7-11_Jul_2025_10_09.40.17_expert_6_glove cut_1.csv,expert,6,expert__participant_6,glove_cut,1,C_kinematics_no_qc_plus_task,elastic_net,3,23.0,20.59844914770072,2.4015508522992803,2.4015508522992803
DVST_XI_7-11_Jul_2025_10_09.40.17_expert_6_ring rollercoaster_1.csv,expert,6,expert__participant_6,ring_rollercoaster,1,C_kinematics_no_qc_plus_task,elastic_net,3,23.0,20.906327794083932,2.093672205916068,2.093672205916068
DVST_XI_7-11_Jul_2025_10_09.40.17_expert_6_sea spikes_1.csv,expert,6,expert__participant_6,sea_spikes,1,C_kinematics_no_qc_plus_task,elastic_net,3,23.0,20.157419035737732,2.842580964262268,2.842580964262268
DVST_XI_7-11_Jul_2025_10_09.40.17_expert_6_suture_1.csv,expert,6,expert__participant_6,suture,1,C_kinematics_no_qc_plus_task,elastic_net,3,26.0,21.848086847549624,4.151913152450376,4.151913152450376
DVST_XI_Griffin_16-19_07_2024_16_08.46.09_trainee_15_glove cut_1.csv,trainee,15,trainee__participant_15,glove_cut,1,C_kinematics_no_qc_plus_task,elastic_net,3,17.0,19.57232716254831,-2.5723271625483086,2.5723271625483086
DVST_XI_Griffin_16-19_07_2024_16_08.46.09_trainee_15_ring rollercoaster_1.csv,trainee,15,trainee__participant_15,ring_rollercoaster,1,C_kinematics_no_qc_plus_task,elastic_net,3,18.0,20.570334095003712,-2.5703340950037123,2.5703340950037123
DVST_XI_Griffin_16-19_07_2024_16_08.46.09_trainee_15_sea spikes_1.csv,trainee,15,trainee__participant_15,sea_spikes,1,C_kinematics_no_qc_plus_task,elastic_net,3,20.0,19.890166564171967,0.10983343582803329,0.10983343582803329
DVST_XI_Griffin_16-19_07_2024_16_08.46.09_trainee_15_suture_1.csv,trainee,15,trainee__participant_15,suture,1,C_kinematics_no_qc_plus_task,elastic_net,3,15.0,18.779111754829863,-3.779111754829863,3.779111754829863
DVST_XI_Griffin_16-19_07_2024_17_12.20.23_trainee_13_camera target_1.csv,trainee,13,trainee__participant_13,camera_target,1,C_kinematics_no_qc_plus_task,elastic_net,3,19.0,19.79681280647002,-0.7968128064700188,0.7968128064700188
DVST_XI_Griffin_16-19_07_2024_17_12.20.23_trainee_13_glove cut_1.csv,trainee,13,trainee__participant_13,glove_cut,1,C_kinematics_no_qc_plus_task,elastic_net,3,23.0,19.113447257030032,3.886552742969968,3.886552742969968
DVST_XI_Griffin_16-19_07_2024_17_12.20.23_trainee_13_ring rollercoaster_1.csv,trainee,13,trainee__participant_13,ring_rollercoaster,1,C_kinematics_no_qc_plus_task,elastic_net,3,17.0,20.290500967073704,-3.2905009670737044,3.2905009670737044
DVST_XI_Griffin_16-19_07_2024_17_12.20.23_trainee_13_sea spikes_1.csv,trainee,13,trainee__participant_13,sea_spikes,1,C_kinematics_no_qc_plus_task,elastic_net,3,17.0,20.003919933355057,-3.003919933355057,3.003919933355057
DVST_XI_Griffin_16-19_07_2024_17_12.20.23_trainee_13_suture_1.csv,trainee,13,trainee__participant_13,suture,1,C_kinematics_no_qc_plus_task,elastic_net,3,23.0,20.19371443207119,2.8062855679288106,2.8062855679288106
DVST_XI_Griffin_16-19_07_2024_17_12.20.23_trainee_15_camera target_1.csv,trainee,15,trainee__participant_15,camera_target,1,C_kinematics_no_qc_plus_task,elastic_net,3,18.0,20.490313685375142,-2.490313685375142,2.490313685375142
DVST_XI_Griffin_16-19_07_2024_18_08.46.52_trainee_13_sea spikes_2.csv,trainee,13,trainee__participant_13,sea_spikes,2,C_kinematics_no_qc_plus_task,elastic_net,3,21.0,21.15988547450268,-0.15988547450267987,0.15988547450267987
DVST_XI_Griffin_16-19_07_2024_18_08.46.52_trainee_13_suture_2.csv,trainee,13,trainee__participant_13,suture,2,C_kinematics_no_qc_plus_task,elastic_net,3,28.0,20.67550732839333,7.32449267160667,7.32449267160667
DVST_XI_Griffin_16-19_07_2024_18_08.46.52_trainee_15_sea spikes_2.csv,trainee,15,trainee__participant_15,sea_spikes,2,C_kinematics_no_qc_plus_task,elastic_net,3,23.0,20.076609879621866,2.9233901203781336,2.9233901203781336
DVST_XI_Griffin_16-19_07_2024_18_08.46.52_trainee_15_suture_2.csv,trainee,15,trainee__participant_15,suture,2,C_kinematics_no_qc_plus_task,elastic_net,3,26.0,20.856080747222812,5.143919252777188,5.143919252777188
DVST_XI_Griffin_16-19_07_2024_19_09.39.41_trainee_13_camera target_2.csv,trainee,13,trainee__participant_13,camera_target,2,C_kinematics_no_qc_plus_task,elastic_net,3,17.0,22.409264663512452,-5.409264663512452,5.409264663512452
DVST_XI_Griffin_29_sep-1_oct_2024_01_10.39.05_trainee_18_camera target_2.csv,trainee,18,trainee__participant_18,camera_target,2,C_kinematics_no_qc_plus_task,elastic_net,3,18.0,21.32521704339304,-3.325217043393039,3.325217043393039
DVST_XI_Griffin_29_sep-1_oct_2024_29_09.07.40_trainee_18_suture_1.csv,trainee,18,trainee__participant_18,suture,1,C_kinematics_no_qc_plus_task,elastic_net,3,12.0,15.629050005362702,-3.6290500053627017,3.6290500053627017
DVST_XI_Griffin_29_sep-1_oct_2024_30_12.18.00_trainee_18_glove cut_2.csv,trainee,18,trainee__participant_18,glove_cut,2,C_kinematics_no_qc_plus_task,elastic_net,3,22.0,20.549249508985817,1.4507504910141833,1.4507504910141833
DVST_XI_Griffin_29_sep-1_oct_2024_30_12.18.00_trainee_18_ring rollercoaster_2.csv,trainee,18,trainee__participant_18,ring_rollercoaster,2,C_kinematics_no_qc_plus_task,elastic_net,3,24.0,20.162950610253365,3.8370493897466353,3.8370493897466353
DVST_XI_Griffin_29_sep-1_oct_2024_30_12.18.00_trainee_18_sea spikes_2.csv,trainee,18,trainee__participant_18,sea_spikes,2,C_kinematics_no_qc_plus_task,elastic_net,3,22.0,20.170197313098328,1.8298026869016724,1.8298026869016724
DVST_XI_Griffin_29_sep-1_oct_2024_30_12.18.00_trainee_18_suture_2.csv,trainee,18,trainee__participant_18,suture,2,C_kinematics_no_qc_plus_task,elastic_net,3,22.0,21.07029439265073,0.9297056073492698,0.9297056073492698
DVST_XI_19-22_May_2025_21_09.43.23_expert_5_camera target_1.csv,expert,5,expert__participant_5,camera_target,1,C_kinematics_no_qc_plus_task,elastic_net,4,30.0,23.398504751839,6.601495248161001,6.601495248161001
DVST_XI_19-22_May_2025_21_09.43.23_expert_5_glove cut_1.csv,expert,5,expert__participant_5,glove_cut,1,C_kinematics_no_qc_plus_task,elastic_net,4,24.0,20.64606369254573,3.353936307454269,3.353936307454269
DVST_XI_19-22_May_2025_21_09.43.23_expert_5_ring rollercoaster_1.csv,expert,5,expert__participant_5,ring_rollercoaster,1,C_kinematics_no_qc_plus_task,elastic_net,4,24.0,20.978102131222897,3.0218978687771028,3.0218978687771028
DVST_XI_19-22_May_2025_21_09.43.23_expert_5_sea spikes_1.csv,expert,5,expert__participant_5,sea_spikes,1,C_kinematics_no_qc_plus_task,elastic_net,4,24.0,22.313600760552347,1.6863992394476526,1.6863992394476526
DVST_XI_19-22_May_2025_21_09.43.23_expert_5_suture_1.csv,expert,5,expert__participant_5,suture,1,C_kinematics_no_qc_plus_task,elastic_net,4,29.0,23.127694388569797,5.872305611430203,5.872305611430203
DVST_XI_19-22_May_2025_22_09.34.36_trainee_40_camera target_2.csv,trainee,40,trainee__participant_40,camera_target,2,C_kinematics_no_qc_plus_task,elastic_net,4,24.0,24.549220480825372,-0.5492204808253724,0.5492204808253724
DVST_XI_19-22_May_2025_22_09.34.36_trainee_40_glove cut_2.csv,trainee,40,trainee__participant_40,glove_cut,2,C_kinematics_no_qc_plus_task,elastic_net,4,24.0,22.470983355275465,1.5290166447245355,1.5290166447245355
DVST_XI_6-8_Mar_2025_06_10.41.14_trainee_33_camera target_1.csv,trainee,33,trainee__participant_33,camera_target,1,C_kinematics_no_qc_plus_task,elastic_net,4,23.0,20.626134671753555,2.3738653282464455,2.3738653282464455
DVST_XI_6-8_Mar_2025_06_10.41.14_trainee_33_ring rollercoaster_1.csv,trainee,33,trainee__participant_33,ring_rollercoaster,1,C_kinematics_no_qc_plus_task,elastic_net,4,21.0,20.573638313334936,0.42636168666506435,0.42636168666506435
DVST_XI_6-8_Mar_2025_06_10.41.14_trainee_33_sea spikes_1.csv,trainee,33,trainee__participant_33,sea_spikes,1,C_kinematics_no_qc_plus_task,elastic_net,4,16.0,18.69038279045186,-2.69038279045186,2.69038279045186
DVST_XI_6-8_Mar_2025_07_11.56.53_trainee_33_camera target_2.csv,trainee,33,trainee__participant_33,camera_target,2,C_kinematics_no_qc_plus_task,elastic_net,4,19.0,20.281005648809288,-1.2810056488092876,1.2810056488092876
DVST_XI_6-8_Mar_2025_07_11.56.53_trainee_33_glove cut_1.csv,trainee,33,trainee__participant_33,glove_cut,1,C_kinematics_no_qc_plus_task,elastic_net,4,18.0,19.481818884060488,-1.4818188840604876,1.4818188840604876
DVST_XI_6-8_Mar_2025_07_11.56.53_trainee_33_sea spikes_2.csv,trainee,33,trainee__participant_33,sea_spikes,2,C_kinematics_no_qc_plus_task,elastic_net,4,20.0,19.074866972062868,0.9251330279371324,0.9251330279371324
DVST_XI_6-8_Mar_2025_08_08.21.32_expert_3_camera target_1.csv,expert,3,expert__participant_3,camera_target,1,C_kinematics_no_qc_plus_task,elastic_net,4,27.0,19.65929212004775,7.340707879952252,7.340707879952252
DVST_XI_6-8_Mar_2025_08_08.21.32_expert_3_ring rollercoaster_1.csv,expert,3,expert__participant_3,ring_rollercoaster,1,C_kinematics_no_qc_plus_task,elastic_net,4,21.0,18.286602900811847,2.7133970991881533,2.7133970991881533
DVST_XI_6-8_Mar_2025_08_08.21.32_expert_3_sea spikes_1.csv,expert,3,expert__participant_3,sea_spikes,1,C_kinematics_no_qc_plus_task,elastic_net,4,23.0,18.340556069321714,4.659443930678286,4.659443930678286
DVST_XI_6-8_Mar_2025_08_08.21.32_expert_3_suture_1.csv,expert,3,expert__participant_3,suture,1,C_kinematics_no_qc_plus_task,elastic_net,4,28.0,19.046603372976993,8.953396627023007,8.953396627023007
DVST_XI_7-11_Mar_2024_08_13.12.17_trainee_7_ring rollercoaster_1.csv,trainee,7,trainee__participant_7,ring_rollercoaster,1,C_kinematics_no_qc_plus_task,elastic_net,4,15.0,17.45226069105197,-2.4522606910519684,2.4522606910519684
DVST_XI_7-11_Mar_2024_08_13.12.17_trainee_7_sea spikes_1.csv,trainee,7,trainee__participant_7,sea_spikes,1,C_kinematics_no_qc_plus_task,elastic_net,4,19.0,16.328032402016994,2.6719675979830058,2.6719675979830058
DVST_XI_7-11_Mar_2024_08_13.12.17_trainee_9_ring rollercoaster_1.csv,trainee,9,trainee__participant_9,ring_rollercoaster,1,C_kinematics_no_qc_plus_task,elastic_net,4,14.0,19.40269636014321,-5.40269636014321,5.40269636014321
DVST_XI_7-11_Mar_2024_08_13.12.17_trainee_9_sea spikes_1.csv,trainee,9,trainee__participant_9,sea_spikes,1,C_kinematics_no_qc_plus_task,elastic_net,4,18.0,17.57717695995294,0.42282304004706006,0.42282304004706006
DVST_XI_7-11_Mar_2024_09_10.19.01_trainee_7_camera target_1.csv,trainee,7,trainee__participant_7,camera_target,1,C_kinematics_no_qc_plus_task,elastic_net,4,17.0,18.965216064076532,-1.9652160640765324,1.9652160640765324
DVST_XI_7-11_Mar_2024_09_10.19.01_trainee_7_glove cut_1.csv,trainee,7,trainee__participant_7,glove_cut,1,C_kinematics_no_qc_plus_task,elastic_net,4,15.0,16.591070747051347,-1.5910707470513472,1.5910707470513472
DVST_XI_7-11_Mar_2024_09_10.19.01_trainee_9_camera target_1.csv,trainee,9,trainee__participant_9,camera_target,1,C_kinematics_no_qc_plus_task,elastic_net,4,19.0,19.247790087463763,-0.24779008746376263,0.24779008746376263
DVST_XI_7-11_Mar_2024_09_10.19.01_trainee_9_glove cut_1.csv,trainee,9,trainee__participant_9,glove_cut,1,C_kinematics_no_qc_plus_task,elastic_net,4,18.0,17.918619019924943,0.0813809800750569,0.0813809800750569
DVST_XI_7-11_Mar_2024_09_13.46.11_trainee_7_suture_1.csv,trainee,7,trainee__participant_7,suture,1,C_kinematics_no_qc_plus_task,elastic_net,4,17.0,18.77891541047858,-1.7789154104785787,1.7789154104785787
DVST_XI_7-11_Mar_2024_09_13.46.11_trainee_9_suture_1.csv,trainee,9,trainee__participant_9,suture,1,C_kinematics_no_qc_plus_task,elastic_net,4,16.0,18.666179726635104,-2.6661797266351037,2.6661797266351037
DVST_XI_7-11_Mar_2024_10_08.59.30_trainee_7_ring rollercoaster_2.csv,trainee,7,trainee__participant_7,ring_rollercoaster,2,C_kinematics_no_qc_plus_task,elastic_net,4,18.0,18.80950585247561,-0.8095058524756098,0.8095058524756098
DVST_XI_7-11_Mar_2024_10_08.59.30_trainee_7_sea spikes_2.csv,trainee,7,trainee__participant_7,sea_spikes,2,C_kinematics_no_qc_plus_task,elastic_net,4,20.0,18.28568052898768,1.7143194710123204,1.7143194710123204
DVST_XI_7-11_Mar_2024_10_08.59.30_trainee_9_ring rollercoaster_2.csv,trainee,9,trainee__participant_9,ring_rollercoaster,2,C_kinematics_no_qc_plus_task,elastic_net,4,20.0,20.007566145539144,-0.007566145539144031,0.007566145539144031
DVST_XI_7-11_Mar_2024_10_08.59.30_trainee_9_sea spikes_2.csv,trainee,9,trainee__participant_9,sea_spikes,2,C_kinematics_no_qc_plus_task,elastic_net,4,22.0,19.42647568720528,2.5735243127947207,2.5735243127947207
DVST_XI_Griffin_16-19_07_2024_16_08.46.09_trainee_12_glove cut_1.csv,trainee,12,trainee__participant_12,glove_cut,1,C_kinematics_no_qc_plus_task,elastic_net,4,21.0,18.702556954552332,2.297443045447668,2.297443045447668
DVST_XI_Griffin_16-19_07_2024_16_08.46.09_trainee_12_ring rollercoaster_1.csv,trainee,12,trainee__participant_12,ring_rollercoaster,1,C_kinematics_no_qc_plus_task,elastic_net,4,16.0,19.97109864004532,-3.9710986400453194,3.9710986400453194
DVST_XI_Griffin_16-19_07_2024_16_08.46.09_trainee_12_sea spikes_1.csv,trainee,12,trainee__participant_12,sea_spikes,1,C_kinematics_no_qc_plus_task,elastic_net,4,12.0,18.09209587900526,-6.09209587900526,6.09209587900526
DVST_XI_Griffin_16-19_07_2024_16_08.46.09_trainee_16_glove cut_1.csv,trainee,16,trainee__participant_16,glove_cut,1,C_kinematics_no_qc_plus_task,elastic_net,4,15.0,17.783603155136444,-2.7836031551364435,2.7836031551364435
DVST_XI_Griffin_16-19_07_2024_16_08.46.09_trainee_16_ring rollercoaster_1.csv,trainee,16,trainee__participant_16,ring_rollercoaster,1,C_kinematics_no_qc_plus_task,elastic_net,4,20.0,18.726662828831387,1.2733371711686132,1.2733371711686132
DVST_XI_Griffin_16-19_07_2024_16_08.46.09_trainee_16_sea spikes_1.csv,trainee,16,trainee__participant_16,sea_spikes,1,C_kinematics_no_qc_plus_task,elastic_net,4,16.0,16.578185630135753,-0.5781856301357529,0.5781856301357529
DVST_XI_Griffin_16-19_07_2024_16_08.46.09_trainee_16_suture_1.csv,trainee,16,trainee__participant_16,suture,1,C_kinematics_no_qc_plus_task,elastic_net,4,21.0,16.529247859297868,4.470752140702132,4.470752140702132
DVST_XI_Griffin_16-19_07_2024_17_12.20.23_trainee_12_camera target_1.csv,trainee,12,trainee__participant_12,camera_target,1,C_kinematics_no_qc_plus_task,elastic_net,4,16.0,22.103029054899448,-6.103029054899448,6.103029054899448
DVST_XI_Griffin_16-19_07_2024_17_12.20.23_trainee_16_camera target_1.csv,trainee,16,trainee__participant_16,camera_target,1,C_kinematics_no_qc_plus_task,elastic_net,4,23.0,20.589061491960912,2.410938508039088,2.410938508039088
DVST_XI_Griffin_16-19_07_2024_17_12.20.23_trainee_16_ring rollercoaster_2.csv,trainee,16,trainee__participant_16,ring_rollercoaster,2,C_kinematics_no_qc_plus_task,elastic_net,4,23.0,20.176722493516493,2.8232775064835067,2.8232775064835067
DVST_XI_Griffin_16-19_07_2024_18_08.46.52_trainee_12_suture_2.csv,trainee,12,trainee__participant_12,suture,2,C_kinematics_no_qc_plus_task,elastic_net,4,28.0,21.652142444304726,6.347857555695274,6.347857555695274
DVST_XI_Griffin_16-19_07_2024_18_08.46.52_trainee_16_sea spikes_2.csv,trainee,16,trainee__participant_16,sea_spikes,2,C_kinematics_no_qc_plus_task,elastic_net,4,21.0,20.038885449879892,0.9611145501201079,0.9611145501201079
DVST_XI_Griffin_16-19_07_2024_18_08.46.52_trainee_16_suture_2.csv,trainee,16,trainee__participant_16,suture,2,C_kinematics_no_qc_plus_task,elastic_net,4,29.0,21.666949086760876,7.3330509132391235,7.3330509132391235
DVST_XI_Griffin_16-19_07_2024_19_09.39.41_trainee_12_glove cut_2.csv,trainee,12,trainee__participant_12,glove_cut,2,C_kinematics_no_qc_plus_task,elastic_net,4,20.0,18.192350096817243,1.8076499031827566,1.8076499031827566
DVST_XI_Griffin_16-19_07_2024_19_09.39.41_trainee_16_camera target_2.csv,trainee,16,trainee__participant_16,camera_target,2,C_kinematics_no_qc_plus_task,elastic_net,4,23.0,20.773418285190193,2.2265817148098073,2.2265817148098073
DVST_XI_Griffin_16-19_07_2024_19_09.39.41_trainee_16_glove cut_2.csv,trainee,16,trainee__participant_16,glove_cut,2,C_kinematics_no_qc_plus_task,elastic_net,4,24.0,18.293241672649764,5.7067583273502365,5.7067583273502365
DVST_XI_10-13_Nov_2025_12_10.36.46_expert_10_camera target_1.csv,expert,10,expert__participant_10,camera_target,1,C_kinematics_no_qc_plus_task,elastic_net,5,30.0,26.379312351327044,3.6206876486729556,3.6206876486729556
DVST_XI_10-13_Nov_2025_12_10.36.46_expert_10_glove cut_1.csv,expert,10,expert__participant_10,glove_cut,1,C_kinematics_no_qc_plus_task,elastic_net,5,28.0,23.90599401062747,4.09400598937253,4.09400598937253
DVST_XI_10-13_Nov_2025_12_10.36.46_expert_10_ring rollercoaster_1.csv,expert,10,expert__participant_10,ring_rollercoaster,1,C_kinematics_no_qc_plus_task,elastic_net,5,29.0,22.59961898670612,6.400381013293881,6.400381013293881
DVST_XI_10-13_Nov_2025_12_10.36.46_expert_10_sea spikes_1.csv,expert,10,expert__participant_10,sea_spikes,1,C_kinematics_no_qc_plus_task,elastic_net,5,29.0,22.846306395418587,6.153693604581413,6.153693604581413
DVST_XI_10-13_Nov_2025_12_10.36.46_expert_10_suture_1.csv,expert,10,expert__participant_10,suture,1,C_kinematics_no_qc_plus_task,elastic_net,5,30.0,25.97161491284775,4.028385087152252,4.028385087152252
DVST_XI_14-16_Feb_2024_14_09.13.16_trainee_1_camera target_1.csv,trainee,1,trainee__participant_1,camera_target,1,C_kinematics_no_qc_plus_task,elastic_net,5,17.0,18.90161635042904,-1.901616350429041,1.901616350429041
DVST_XI_14-16_Feb_2024_14_09.13.16_trainee_1_glove cut_1.csv,trainee,1,trainee__participant_1,glove_cut,1,C_kinematics_no_qc_plus_task,elastic_net,5,15.0,15.519976042159298,-0.519976042159298,0.519976042159298
DVST_XI_14-16_Feb_2024_14_09.13.16_trainee_1_ring rollercoaster_1.csv,trainee,1,trainee__participant_1,ring_rollercoaster,1,C_kinematics_no_qc_plus_task,elastic_net,5,14.0,16.99162421706521,-2.9916242170652083,2.9916242170652083
DVST_XI_14-16_Feb_2024_14_09.13.16_trainee_1_sea spikes_1.csv,trainee,1,trainee__participant_1,sea_spikes,1,C_kinematics_no_qc_plus_task,elastic_net,5,13.0,16.639667980957928,-3.6396679809579275,3.6396679809579275
DVST_XI_14-16_Feb_2024_14_09.13.16_trainee_1_suture_1.csv,trainee,1,trainee__participant_1,suture,1,C_kinematics_no_qc_plus_task,elastic_net,5,19.0,17.235808648469384,1.7641913515306165,1.7641913515306165
DVST_XI_14-16_Feb_2024_16_08.32.59_trainee_1_camera target_2.csv,trainee,1,trainee__participant_1,camera_target,2,C_kinematics_no_qc_plus_task,elastic_net,5,19.0,18.087665798406768,0.9123342015932323,0.9123342015932323
DVST_XI_14-16_Feb_2024_16_08.32.59_trainee_1_glove cut_2.csv,trainee,1,trainee__participant_1,glove_cut,2,C_kinematics_no_qc_plus_task,elastic_net,5,19.0,16.10406323284033,2.8959367671596716,2.8959367671596716
DVST_XI_14-16_Feb_2024_16_08.32.59_trainee_1_ring rollercoaster_2.csv,trainee,1,trainee__participant_1,ring_rollercoaster,2,C_kinematics_no_qc_plus_task,elastic_net,5,20.0,18.983959232347477,1.0160407676525232,1.0160407676525232
DVST_XI_14-16_Feb_2024_16_08.32.59_trainee_1_sea spikes_2.csv,trainee,1,trainee__participant_1,sea_spikes,2,C_kinematics_no_qc_plus_task,elastic_net,5,19.0,18.766319217382108,0.23368078261789194,0.23368078261789194
DVST_XI_14-16_Feb_2024_16_08.32.59_trainee_1_suture_2.csv,trainee,1,trainee__participant_1,suture,2,C_kinematics_no_qc_plus_task,elastic_net,5,17.0,18.252420691776617,-1.2524206917766172,1.2524206917766172
DVST_XI_19-22_May_2025_22_09.34.36_trainee_39_camera target_2.csv,trainee,39,trainee__participant_39,camera_target,2,C_kinematics_no_qc_plus_task,elastic_net,5,19.0,23.686458029084868,-4.686458029084868,4.686458029084868
DVST_XI_19-22_May_2025_22_09.34.36_trainee_39_glove cut_2.csv,trainee,39,trainee__participant_39,glove_cut,2,C_kinematics_no_qc_plus_task,elastic_net,5,22.0,21.71390796493594,0.28609203506405834,0.28609203506405834
DVST_XI_6-8_Mar_2025_07_11.56.53_expert_2_camera target_1.csv,expert,2,expert__participant_2,camera_target,1,C_kinematics_no_qc_plus_task,elastic_net,5,25.0,21.183937313542117,3.816062686457883,3.816062686457883
DVST_XI_6-8_Mar_2025_07_11.56.53_expert_2_glove cut_1.csv,expert,2,expert__participant_2,glove_cut,1,C_kinematics_no_qc_plus_task,elastic_net,5,19.0,18.9789232576372,0.021076742362801326,0.021076742362801326
DVST_XI_6-8_Mar_2025_07_11.56.53_expert_2_ring rollercoaster_1.csv,expert,2,expert__participant_2,ring_rollercoaster,1,C_kinematics_no_qc_plus_task,elastic_net,5,20.0,20.383129953871954,-0.38312995387195414,0.38312995387195414
DVST_XI_6-8_Mar_2025_07_11.56.53_expert_2_sea spikes_1.csv,expert,2,expert__participant_2,sea_spikes,1,C_kinematics_no_qc_plus_task,elastic_net,5,18.0,19.694292848853596,-1.6942928488535962,1.6942928488535962
DVST_XI_7-11_Mar_2024_08_13.12.17_trainee_10_ring rollercoaster_1.csv,trainee,10,trainee__participant_10,ring_rollercoaster,1,C_kinematics_no_qc_plus_task,elastic_net,5,14.0,20.201395459131916,-6.201395459131916,6.201395459131916
DVST_XI_7-11_Mar_2024_08_13.12.17_trainee_10_sea spikes_1.csv,trainee,10,trainee__participant_10,sea_spikes,1,C_kinematics_no_qc_plus_task,elastic_net,5,22.0,16.215195580279566,5.784804419720434,5.784804419720434
DVST_XI_7-11_Mar_2024_08_13.12.17_trainee_6_ring rollercoaster_1.csv,trainee,6,trainee__participant_6,ring_rollercoaster,1,C_kinematics_no_qc_plus_task,elastic_net,5,16.0,20.929174431953548,-4.929174431953548,4.929174431953548
DVST_XI_7-11_Mar_2024_08_13.12.17_trainee_6_sea spikes_1.csv,trainee,6,trainee__participant_6,sea_spikes,1,C_kinematics_no_qc_plus_task,elastic_net,5,16.0,16.904365402683133,-0.9043654026831334,0.9043654026831334
DVST_XI_7-11_Mar_2024_08_13.12.17_trainee_8_ring rollercoaster_1.csv,trainee,8,trainee__participant_8,ring_rollercoaster,1,C_kinematics_no_qc_plus_task,elastic_net,5,12.0,17.224188401383497,-5.224188401383497,5.224188401383497
DVST_XI_7-11_Mar_2024_08_13.12.17_trainee_8_sea spikes_1.csv,trainee,8,trainee__participant_8,sea_spikes,1,C_kinematics_no_qc_plus_task,elastic_net,5,18.0,17.805088943502728,0.19491105649727203,0.19491105649727203
DVST_XI_7-11_Mar_2024_09_10.19.01_trainee_10_glove cut_1.csv,trainee,10,trainee__participant_10,glove_cut,1,C_kinematics_no_qc_plus_task,elastic_net,5,18.0,13.447502617320438,4.552497382679562,4.552497382679562
DVST_XI_7-11_Mar_2024_09_10.19.01_trainee_6_camera target_1.csv,trainee,6,trainee__participant_6,camera_target,1,C_kinematics_no_qc_plus_task,elastic_net,5,16.0,18.34285249675598,-2.342852496755981,2.342852496755981
DVST_XI_7-11_Mar_2024_09_10.19.01_trainee_6_glove cut_1.csv,trainee,6,trainee__participant_6,glove_cut,1,C_kinematics_no_qc_plus_task,elastic_net,5,15.0,13.165699770543839,1.8343002294561614,1.8343002294561614
DVST_XI_7-11_Mar_2024_09_10.19.01_trainee_8_camera target_1.csv,trainee,8,trainee__participant_8,camera_target,1,C_kinematics_no_qc_plus_task,elastic_net,5,10.0,12.37255964803319,-2.3725596480331905,2.3725596480331905
DVST_XI_7-11_Mar_2024_09_10.19.01_trainee_8_glove cut_1.csv,trainee,8,trainee__participant_8,glove_cut,1,C_kinematics_no_qc_plus_task,elastic_net,5,17.0,17.77393468680753,-0.7739346868075287,0.7739346868075287
DVST_XI_7-11_Mar_2024_09_13.46.11_trainee_10_suture_1.csv,trainee,10,trainee__participant_10,suture,1,C_kinematics_no_qc_plus_task,elastic_net,5,19.0,20.668548621856296,-1.6685486218562957,1.6685486218562957
DVST_XI_7-11_Mar_2024_09_13.46.11_trainee_6_suture_1.csv,trainee,6,trainee__participant_6,suture,1,C_kinematics_no_qc_plus_task,elastic_net,5,12.0,19.376596416820213,-7.376596416820213,7.376596416820213
DVST_XI_7-11_Mar_2024_09_13.46.11_trainee_8_suture_1.csv,trainee,8,trainee__participant_8,suture,1,C_kinematics_no_qc_plus_task,elastic_net,5,17.0,19.944846168606684,-2.9448461686066842,2.9448461686066842
DVST_XI_7-11_Mar_2024_10_08.59.30_trainee_10_ring rollercoaster_2.csv,trainee,10,trainee__participant_10,ring_rollercoaster,2,C_kinematics_no_qc_plus_task,elastic_net,5,18.0,18.882084429983585,-0.8820844299835855,0.8820844299835855
DVST_XI_7-11_Mar_2024_10_08.59.30_trainee_10_sea spikes_2.csv,trainee,10,trainee__participant_10,sea_spikes,2,C_kinematics_no_qc_plus_task,elastic_net,5,22.0,19.965380728343412,2.034619271656588,2.034619271656588
DVST_XI_7-11_Mar_2024_10_08.59.30_trainee_6_ring rollercoaster_2.csv,trainee,6,trainee__participant_6,ring_rollercoaster,2,C_kinematics_no_qc_plus_task,elastic_net,5,18.0,21.218650223037784,-3.218650223037784,3.218650223037784
DVST_XI_7-11_Mar_2024_10_08.59.30_trainee_6_sea spikes_2.csv,trainee,6,trainee__participant_6,sea_spikes,2,C_kinematics_no_qc_plus_task,elastic_net,5,20.0,21.722221562720986,-1.7222215627209856,1.7222215627209856
DVST_XI_7-11_Mar_2024_10_08.59.30_trainee_8_ring rollercoaster_2.csv,trainee,8,trainee__participant_8,ring_rollercoaster,2,C_kinematics_no_qc_plus_task,elastic_net,5,16.0,18.007722487168945,-2.0077224871689445,2.0077224871689445
DVST_XI_7-11_Mar_2024_10_08.59.30_trainee_8_sea spikes_2.csv,trainee,8,trainee__participant_8,sea_spikes,2,C_kinematics_no_qc_plus_task,elastic_net,5,20.0,18.729969111547437,1.2700308884525633,1.2700308884525633
DVST_XI_Griffin_29_sep-1_oct_2024_01_10.39.05_trainee_20_camera target_2.csv,trainee,20,trainee__participant_20,camera_target,2,C_kinematics_no_qc_plus_task,elastic_net,5,14.0,19.275524823894152,-5.275524823894152,5.275524823894152
DVST_XI_Griffin_29_sep-1_oct_2024_29_09.07.40_trainee_20_camera target_1.csv,trainee,20,trainee__participant_20,camera_target,1,C_kinematics_no_qc_plus_task,elastic_net,5,15.0,15.795375791955118,-0.7953757919551183,0.7953757919551183
DVST_XI_Griffin_29_sep-1_oct_2024_29_09.07.40_trainee_20_suture_1.csv,trainee,20,trainee__participant_20,suture,1,C_kinematics_no_qc_plus_task,elastic_net,5,13.0,16.47556176063733,-3.47556176063733,3.47556176063733
DVST_XI_Griffin_29_sep-1_oct_2024_30_12.18.00_trainee_20_glove cut_2.csv,trainee,20,trainee__participant_20,glove_cut,2,C_kinematics_no_qc_plus_task,elastic_net,5,17.0,20.342526268487553,-3.3425262684875534,3.3425262684875534
DVST_XI_Griffin_29_sep-1_oct_2024_30_12.18.00_trainee_20_ring rollercoaster_2.csv,trainee,20,trainee__participant_20,ring_rollercoaster,2,C_kinematics_no_qc_plus_task,elastic_net,5,21.0,19.934368738432763,1.065631261567237,1.065631261567237
DVST_XI_Griffin_29_sep-1_oct_2024_30_12.18.00_trainee_20_sea spikes_2.csv,trainee,20,trainee__participant_20,sea_spikes,2,C_kinematics_no_qc_plus_task,elastic_net,5,21.0,20.995177551090393,0.0048224489096071466,0.0048224489096071466
