model,cv_fold,feature,importance
random_forest,1,numeric__USM2_joint_pause_duration_seconds,0.02402951857388703
random_forest,1,numeric__USM3_pose_global_pause_duration_seconds,0.02281536019595985
random_forest,1,numeric__USM2_joint_base_revolute_q0_q2_mean_abs_velocity,0.02228680022937994
random_forest,1,numeric__USM0_pose_global_rotation_determinant_mean,0.01936509526821241
random_forest,1,numeric__USM0_pose_global_pause_duration_seconds,0.01855876182669006
random_forest,1,numeric__active_pair_simultaneous_active_fraction,0.01718213338332128
random_forest,1,numeric__USM0_joint_base_revolute_q0_q2_mean_abs_velocity,0.0170576797047638
random_forest,1,numeric__duration_seconds,0.016975633634424656
random_forest,1,numeric__USM3_joint_distal_q5_q9_mean_range,0.016326492183518802
random_forest,1,numeric__USM2_pose_global_pause_count,0.016185416212982952
random_forest,1,numeric__USM0_pose_global_log_dimensionless_jerk,0.014981500255606253
random_forest,1,numeric__USM0_joint_pause_duration_seconds,0.014587684067990655
random_forest,1,numeric__USM2_pose_global_pause_duration_seconds,0.014110737412464987
random_forest,1,numeric__USM3_pose_global_idle_fraction_relative,0.013415661217856879
random_forest,1,numeric__USM0_pose_global_dimensionless_jerk,0.013335155573778823
random_forest,1,numeric__USM3_joint_raw_path_l2,0.012150794979675849
random_forest,1,numeric__USM0_joint_pause_count,0.012133746301051792
random_forest,1,numeric__USM0_pose_global_pause_count,0.01204636652828573
random_forest,1,numeric__USM2_pose_global_log_dimensionless_jerk,0.0109318208936556
random_forest,1,numeric__USM2_joint_pause_count,0.010580486102118737
random_forest,1,numeric__USM3_pose_global_pause_count,0.010574929769433843
random_forest,1,numeric__USM0_pose_global_mean_speed_l2,0.009514635214570973
random_forest,1,numeric__USM0_USM2_pose_global_simultaneous_active_fraction,0.009048089833526535
random_forest,1,numeric__USM0_USM3_pose_global_simultaneous_active_fraction,0.008917278676376844
random_forest,1,numeric__USM0_USM3_pose_global_both_idle_fraction,0.008826367982982142
random_forest,1,numeric__USM2_pose_global_dimensionless_jerk,0.008634243379198672
random_forest,1,numeric__USM3_joint_max_joint_range,0.008275624157170598
random_forest,1,numeric__USM2_pose_global_mean_speed_l2,0.008236505478792918
random_forest,1,numeric__USM2_USM3_pose_global_both_idle_fraction,0.008050518706844258
random_forest,1,numeric__USM3_pose_global_pause_fraction,0.008025130133289426
random_forest,1,numeric__USM2_joint_idle_fraction_relative,0.008013550321814084
random_forest,1,numeric__USM0_pose_global_idle_threshold_relative,0.00795221244409926
random_forest,1,numeric__USM3_joint_rms_speed_l2,0.007942341657029119
random_forest,1,numeric__USM0_joint_insertion_q3_mean_abs_velocity,0.0075898341178314
random_forest,1,numeric__USM0_pose_global_rms_speed_l2,0.007547303438383071
random_forest,1,numeric__USM0_USM3_pose_global_mean_abs_relative_speed,0.007510652074800292
random_forest,1,numeric__USM2_joint_insertion_q3_mean_abs_velocity,0.007342825605797253
random_forest,1,numeric__USM3_joint_max_speed_l2,0.0070833162573623355
random_forest,1,numeric__USM0_joint_idle_fraction_relative,0.00703796549612491
random_forest,1,numeric__USM3_pose_global_log_dimensionless_jerk,0.007034229271495215
random_forest,1,numeric__USM2_pose_global_mean_angular_speed_rad_s,0.006600242587241037
random_forest,1,numeric__USM1_joint_pause_duration_seconds,0.006537774927275764
random_forest,1,numeric__USM2_joint_tool_roll_q4_mean_abs_velocity,0.006415911547792807
random_forest,1,numeric__USM2_joint_pause_fraction,0.006336625238838098
random_forest,1,numeric__USM3_pose_global_rms_speed_l2,0.006084466726224956
random_forest,1,numeric__USM2_pose_global_idle_fraction_relative,0.006082861275955649
random_forest,1,numeric__USM3_joint_mean_joint_range,0.006057764646377632
random_forest,1,numeric__USM2_pose_global_pause_fraction,0.006054564076468808
random_forest,1,numeric__USM0_pose_global_mean_angular_speed_rad_s,0.005683603001589373
random_forest,1,numeric__USM0_USM3_pose_global_path_length_imbalance,0.0056397331186111045
random_forest,1,numeric__USM0_joint_base_revolute_q0_q2_path_l1,0.0056160500002236996
random_forest,1,numeric__USM3_pose_global_dimensionless_jerk,0.005375949976407232
random_forest,1,numeric__USM3_pose_global_z_range_m,0.005097552029877691
random_forest,1,numeric__USM2_joint_base_revolute_q0_q2_path_l1,0.005060230980430974
random_forest,1,numeric__USM1_joint_insertion_q3_mean_abs_velocity,0.005014081430019501
random_forest,1,numeric__USM3_joint_base_revolute_q0_q2_mean_range,0.00468409983920307
random_forest,1,numeric__USM2_USM3_pose_global_simultaneous_active_fraction,0.00462059363417634
random_forest,1,numeric__USM3_pose_global_rotation_determinant_mean,0.0046187202311923385
random_forest,1,numeric__USM2_USM3_pose_global_path_length_imbalance,0.0045657103791054195
random_forest,1,numeric__USM2_pose_global_mean_abs_angular_acceleration_rad_s2,0.004536390210753817
random_forest,1,numeric__USM3_joint_mean_speed_l2,0.004531143370186705
random_forest,1,numeric__USM3_pose_global_mean_speed_l2,0.0044103256212045605
random_forest,1,numeric__all_usm_joint_path_l1_total,0.004379980186707528
random_forest,1,numeric__USM2_USM3_pose_global_speed_correlation,0.00435062776859713
random_forest,1,numeric__USM0_pose_global_max_speed_l2,0.004336758156593967
random_forest,1,numeric__USM0_joint_raw_path_l2,0.0043303005294394745
random_forest,1,numeric__active_pair_path_length_imbalance,0.004279889271249187
random_forest,1,numeric__USM3_joint_tool_roll_q4_mean_abs_velocity,0.004278103319485106
random_forest,1,numeric__USM3_pose_global_mean_abs_angular_acceleration_rad_s2,0.004042975417593823
random_forest,1,numeric__USM3_pose_global_idle_threshold_relative,0.004015109760395683
random_forest,1,numeric__USM0_joint_insertion_q3_mean_range,0.003974696205408925
random_forest,1,numeric__USM0_joint_tool_roll_q4_mean_abs_velocity,0.003965161038180497
random_forest,1,numeric__active_pair_both_idle_fraction,0.003947142383290841
random_forest,1,numeric__USM0_pose_global_max_abs_angular_acceleration_rad_s2,0.0038888208590255203
random_forest,1,numeric__USM3_joint_base_revolute_q0_q2_path_l1,0.003881638870695338
random_forest,1,numeric__USM0_pose_global_raw_path_l2,0.003870887223367273
random_forest,1,numeric__USM1_joint_base_revolute_q0_q2_mean_abs_velocity,0.003870371687363598
random_forest,1,numeric__active_pair_path_length_b_rel,0.003769623975785036
random_forest,1,numeric__USM0_pose_global_economy_area_yz,0.0037336851928508373
random_forest,1,numeric__USM3_joint_max_acceleration_l2,0.003715367003585478
random_forest,1,numeric__USM0_joint_max_speed_l2,0.003677944343184846
random_forest,1,numeric__USM2_pose_global_max_abs_angular_acceleration_rad_s2,0.003673761379248444
random_forest,1,numeric__USM0_USM3_pose_global_speed_correlation,0.003665973029126497
random_forest,1,numeric__active_pair_speed_correlation,0.0036454342163863137
random_forest,1,numeric__USM0_joint_base_revolute_q0_q2_mean_range,0.00361546643853311
random_forest,1,numeric__USM3_pose_global_max_jerk_l2,0.0035919948283842985
random_forest,1,numeric__USM0_joint_movement_economy,0.003576975512424155
random_forest,1,numeric__USM2_pose_global_economy_area_yz,0.003532688782080865
random_forest,1,numeric__USM1_joint_insertion_q3_path_l1,0.003474510734207627
random_forest,1,numeric__USM0_pose_global_mean_abs_angular_acceleration_rad_s2,0.0034345703383184844
random_forest,1,numeric__active_pair_one_arm_only_active_fraction,0.0034313197258320945
random_forest,1,numeric__USM0_USM2_pose_global_speed_correlation,0.0033902977050715094
random_forest,1,numeric__USM2_joint_base_revolute_q0_q2_mean_range,0.0033822389092675654
random_forest,1,numeric__USM2_pose_global_rotation_determinant_mean,0.0033778778680092865
random_forest,1,numeric__USM3_pose_global_max_acceleration_l2,0.0033623920439938
random_forest,1,numeric__USM3_pose_global_max_angular_speed_rad_s,0.0033358166327142015
random_forest,1,numeric__USM2_pose_global_max_angular_speed_rad_s,0.003305323475166887
random_forest,1,numeric__USM3_pose_global_max_abs_angular_acceleration_rad_s2,0.0032660759867935486
random_forest,1,numeric__USM2_joint_insertion_q3_mean_range,0.0032558803095388347
random_forest,1,numeric__USM2_USM3_pose_global_one_arm_only_active_fraction,0.003237460406099059
random_forest,1,numeric__USM1_joint_idle_fraction_relative,0.0032272709873947176
random_forest,1,numeric__USM3_pose_global_mean_angular_speed_rad_s,0.003221014754220734
random_forest,1,numeric__USM3_pose_global_max_speed_l2,0.0031574771598061576
random_forest,1,numeric__USM0_joint_mean_acceleration_l2,0.00315053244889889
random_forest,1,numeric__USM0_joint_insertion_q3_path_l1,0.0031410826090233737
random_forest,1,numeric__USM0_pose_global_idle_fraction_relative,0.0031364892688099605
random_forest,1,numeric__USM2_USM3_pose_global_std_distance_rel,0.0030500074898124926
random_forest,1,numeric__USM2_joint_net_displacement_l2,0.003049213440751864
random_forest,1,numeric__USM1_joint_insertion_q3_mean_range,0.003030702909842593
random_forest,1,numeric__USM0_joint_max_jerk_l2,0.0030283071729206037
random_forest,1,numeric__USM0_pose_global_pause_fraction,0.0029387108292345623
random_forest,1,numeric__USM1_joint_net_displacement_l2,0.002938661890360065
random_forest,1,numeric__USM1_joint_movement_economy,0.0029334188268700535
random_forest,1,numeric__USM0_pose_global_net_displacement_l2,0.002901984436345306
random_forest,1,numeric__USM0_joint_jerk_cost,0.002899004982977262
random_forest,1,numeric__USM2_joint_raw_path_l2,0.002846352829850214
random_forest,1,numeric__USM0_USM3_pose_global_one_arm_only_active_fraction,0.0028193419233705375
random_forest,1,numeric__USM2_joint_insertion_q3_path_l1,0.0028164968623823907
random_forest,1,numeric__USM2_joint_max_speed_l2,0.0028115043571886366
random_forest,1,numeric__USM0_joint_mean_speed_l2,0.002810061220589842
random_forest,1,numeric__USM0_joint_net_displacement_l2,0.0028073716131763785
random_forest,1,numeric__USM2_pose_global_economy_volume,0.0027772284312566073
random_forest,1,numeric__USM3_pose_global_y_range_m,0.0027571781663162155
random_forest,1,numeric__all_psm_pose_global_path_total_m,0.002748596777591404
random_forest,1,numeric__USM2_joint_max_abs_joint_velocity,0.002745063667724791
random_forest,1,numeric__USM0_pose_global_economy_area_xz,0.0027198091376795658
random_forest,1,numeric__USM2_pose_global_idle_threshold_relative,0.002701288526686408
random_forest,1,numeric__USM0_USM2_pose_global_both_idle_fraction,0.0026951635907706086
random_forest,1,numeric__USM0_pose_global_movement_economy,0.0026800338695509816
random_forest,1,numeric__USM2_joint_jerk_cost,0.0026765797600347358
random_forest,1,numeric__USM0_USM3_pose_global_mean_distance_rel,0.0026190564044886147
random_forest,1,numeric__USM3_joint_net_displacement_l2,0.002610482136597735
random_forest,1,numeric__USM0_pose_global_max_jerk_l2,0.0026054881119288234
random_forest,1,numeric__USM0_joint_tool_roll_q4_mean_range,0.002595073106801177
random_forest,1,numeric__USM1_joint_max_acceleration_l2,0.002542337155300619
random_forest,1,numeric__USM0_pose_global_path_l2,0.0025389223713222914
random_forest,1,numeric__USM0_joint_max_acceleration_l2,0.002511355024016325
random_forest,1,numeric__USM3_pose_global_economy_volume,0.00250460662665299
random_forest,1,numeric__USM2_USM3_pose_global_distance_range_rel,0.0024996821465394134
random_forest,1,numeric__USM3_pose_global_economy_area_xy,0.0024713836980568694
random_forest,1,numeric__USM0_USM3_pose_global_distance_range_rel,0.0024545455112707703
random_forest,1,numeric__USM0_pose_global_max_angular_speed_rad_s,0.0024183440260240985
random_forest,1,numeric__USM2_pose_global_y_range_m,0.002392955456374633
random_forest,1,numeric__USM0_joint_rms_speed_l2,0.0023880358381032055
random_forest,1,numeric__USM2_joint_mean_abs_joint_velocity,0.002386257098744395
random_forest,1,numeric__USM1_joint_pause_fraction,0.0023786217221093554
random_forest,1,numeric__USM2_joint_mean_joint_range,0.0023701003780339743
random_forest,1,numeric__USM0_USM2_pose_global_path_length_imbalance,0.0023639580125420718
random_forest,1,numeric__USM2_pose_global_rotation_path_radians,0.0023610329127012634
random_forest,1,numeric__USM2_joint_rms_speed_l2,0.0023363282257191833
random_forest,1,numeric__USM3_joint_movement_economy,0.0023356124240121135
random_forest,1,numeric__USM2_pose_global_economy_area_xy,0.0023324303603583793
random_forest,1,numeric__USM0_pose_global_economy_area_xy,0.0022733922491527743
random_forest,1,numeric__USM2_joint_max_joint_range,0.0022673324607325558
random_forest,1,numeric__USM3_pose_global_raw_path_l2,0.002261074880610045
random_forest,1,numeric__USM0_joint_idle_threshold_relative,0.0022591230352570456
random_forest,1,numeric__USM3_pose_global_workspace_box_volume_m3,0.002256070540669162
random_forest,1,numeric__USM3_pose_global_rotation_path_radians,0.0022472375418975525
random_forest,1,numeric__USM1_joint_jerk_cost,0.002245610672998286
random_forest,1,numeric__USM1_joint_pause_count,0.00223876608744558
random_forest,1,numeric__USM2_USM3_pose_global_mean_distance_rel,0.002236330782471609
random_forest,1,numeric__USM1_joint_max_jerk_l2,0.0022326660317383814
random_forest,1,numeric__USM2_joint_tool_roll_q4_path_l1,0.0022199795307516253
random_forest,1,numeric__USM3_pose_global_jerk_cost,0.0022117134966647915
random_forest,1,numeric__USM2_pose_global_raw_path_l2,0.0022030070557758526
random_forest,1,numeric__USM2_pose_global_path_l2,0.0021972723761577643
random_forest,1,numeric__USM3_pose_global_net_displacement_l2,0.002188777881120876
random_forest,1,numeric__USM3_pose_global_economy_area_xz,0.0021642020847857974
random_forest,1,numeric__USM3_pose_global_economy_area_yz,0.0021478741954747108
random_forest,1,numeric__USM0_USM3_pose_global_std_distance_rel,0.002141433304181881
random_forest,1,numeric__USM2_pose_global_movement_economy,0.0021337271669812706
random_forest,1,numeric__USM2_joint_idle_threshold_relative,0.002127082986164102
random_forest,1,numeric__USM2_joint_max_jerk_l2,0.002115683322600256
random_forest,1,numeric__USM0_pose_global_economy_volume,0.002102448678785821
random_forest,1,numeric__USM1_joint_max_joint_range,0.0020736968694346804
random_forest,1,numeric__USM1_joint_distal_q5_q9_mean_range,0.002063068976213617
random_forest,1,numeric__USM2_pose_global_x_range_m,0.0020477192852296757
random_forest,1,numeric__USM1_joint_idle_threshold_relative,0.002042239516509763
random_forest,1,numeric__USM3_pose_global_x_range_m,0.002032840984063914
random_forest,1,numeric__USM1_joint_mean_acceleration_l2,0.002024264733155259
random_forest,1,numeric__USM2_joint_mean_speed_l2,0.0020177252056974965
random_forest,1,numeric__USM0_pose_global_rotation_path_radians,0.0020037977302435396
random_forest,1,numeric__USM0_pose_global_y_range_m,0.0019886295736963634
random_forest,1,numeric__USM2_pose_global_economy_area_xz,0.0019768599684603047
random_forest,1,numeric__USM0_joint_max_joint_range,0.001966214886741467
random_forest,1,numeric__USM2_joint_distal_q5_q9_mean_range,0.001963283373748911
random_forest,1,numeric__USM0_USM2_pose_global_one_arm_only_active_fraction,0.0019562754079680603
random_forest,1,numeric__USM3_joint_idle_fraction_relative,0.001955346275606139
random_forest,1,numeric__USM3_pose_global_movement_economy,0.001947327606922402
random_forest,1,numeric__USM1_joint_max_abs_joint_velocity,0.001946914405121548
random_forest,1,numeric__USM2_joint_max_acceleration_l2,0.001928574974427518
random_forest,1,numeric__USM0_pose_global_x_range_m,0.0018753576329005289
random_forest,1,numeric__USM0_joint_tool_roll_q4_path_l1,0.0018369447804256912
random_forest,1,numeric__USM1_joint_base_revolute_q0_q2_path_l1,0.0018356231003434594
random_forest,1,numeric__USM1_joint_mean_speed_l2,0.0017916785669820129
random_forest,1,numeric__USM2_joint_movement_economy,0.0017776911099480863
random_forest,1,numeric__USM2_joint_mean_acceleration_l2,0.001775701320159238
random_forest,1,numeric__USM0_joint_mean_joint_range,0.0017708409985539343
random_forest,1,numeric__USM1_joint_base_revolute_q0_q2_mean_range,0.0017287405918465192
random_forest,1,numeric__USM0_joint_distal_q5_q9_mean_range,0.001727055229887406
random_forest,1,numeric__USM1_joint_max_speed_l2,0.0016816031381984475
random_forest,1,numeric__USM3_joint_insertion_q3_path_l1,0.0015884173272352408
random_forest,1,numeric__USM1_joint_raw_path_l2,0.0015323914430589636
random_forest,1,numeric__USM1_joint_mean_joint_range,0.0014556419808739714
random_forest,1,numeric__USM1_joint_tool_roll_q4_path_l1,0.0014375200490898189
random_forest,1,numeric__USM2_pose_global_z_range_m,0.0014079873116807718
random_forest,1,numeric__USM1_joint_tool_roll_q4_mean_abs_velocity,0.0013576546601915145
random_forest,1,numeric__USM0_joint_max_gap_seconds,0.0010554572306231873
random_forest,1,numeric__USM3_joint_base_revolute_q0_q2_mean_abs_velocity,0.0010050293147528875
random_forest,1,numeric__USM3_joint_insertion_q3_mean_abs_velocity,0.0009115587035124028
random_forest,1,task__task_clean_suture,0.0007559420730578774
random_forest,1,numeric__USM3_joint_insertion_q3_mean_range,0.0006419711613712419
random_forest,1,numeric__USM0_USM2_pose_global_alignment_coverage,0.0006309612266406766
random_forest,1,task__task_clean_camera_target,0.00030195638251589096
random_forest,1,task__task_clean_sea_spikes,0.00021128363210949988
random_forest,1,task__task_clean_glove_cut,0.00015843872682164123
random_forest,1,numeric__USM3_joint_pause_duration_seconds,0.00012415578470125204
random_forest,1,numeric__USM3_pose_global_active,0.0001020433456782295
random_forest,1,task__task_clean_ring_rollercoaster,5.299647257015358e-05
random_forest,1,numeric__active_psm_count,5.1791272329796246e-05
random_forest,1,numeric__USM3_joint_pause_count,4.554160365460962e-05
random_forest,1,numeric__active_pair_usm_b,2.794407778806741e-05
random_forest,1,numeric__USM0_joint_median_dt_seconds,0.0
random_forest,1,numeric__USM0_pose_global_active,0.0
random_forest,1,numeric__active_pair_usm_a,0.0
random_forest,2,numeric__USM2_pose_global_pause_duration_seconds,0.027990672514866602
random_forest,2,numeric__USM3_joint_distal_q5_q9_mean_range,0.02787098571253575
random_forest,2,numeric__USM2_joint_base_revolute_q0_q2_mean_abs_velocity,0.02460005620682447
random_forest,2,numeric__USM3_pose_global_pause_duration_seconds,0.02350944651475838
random_forest,2,numeric__USM2_joint_insertion_q3_mean_abs_velocity,0.021696253978121752
random_forest,2,numeric__USM2_joint_pause_duration_seconds,0.020113794957446626
random_forest,2,numeric__USM3_joint_raw_path_l2,0.01997752663271248
random_forest,2,numeric__USM0_pose_global_rotation_determinant_mean,0.01914764406522718
random_forest,2,numeric__USM3_pose_global_pause_fraction,0.018395730006413154
random_forest,2,numeric__duration_seconds,0.018160847805757198
random_forest,2,numeric__USM3_joint_mean_joint_range,0.017740777205406965
random_forest,2,numeric__USM0_pose_global_log_dimensionless_jerk,0.015537875709392059
random_forest,2,numeric__USM0_pose_global_dimensionless_jerk,0.015340232631581843
random_forest,2,numeric__USM0_pose_global_pause_duration_seconds,0.015314088470056341
random_forest,2,numeric__active_pair_simultaneous_active_fraction,0.015260757688369686
random_forest,2,numeric__USM2_pose_global_mean_angular_speed_rad_s,0.014085414707692643
random_forest,2,numeric__USM0_joint_pause_duration_seconds,0.013157707996170913
random_forest,2,numeric__USM0_pose_global_rms_speed_l2,0.013011027541681725
random_forest,2,numeric__USM0_joint_base_revolute_q0_q2_mean_abs_velocity,0.012126119953303724
random_forest,2,numeric__USM2_pose_global_pause_count,0.011970782475425712
random_forest,2,numeric__USM0_USM2_pose_global_simultaneous_active_fraction,0.011804019233874167
random_forest,2,numeric__USM2_pose_global_mean_abs_angular_acceleration_rad_s2,0.01100268752471435
random_forest,2,numeric__USM0_pose_global_mean_abs_angular_acceleration_rad_s2,0.010944342515535301
random_forest,2,numeric__USM2_pose_global_dimensionless_jerk,0.009925954999154305
random_forest,2,numeric__USM0_joint_base_revolute_q0_q2_path_l1,0.00968194159621864
random_forest,2,numeric__USM3_joint_max_speed_l2,0.009505602974704354
random_forest,2,numeric__USM0_pose_global_pause_count,0.009287721005035509
random_forest,2,numeric__USM3_joint_tool_roll_q4_path_l1,0.009221169483399908
random_forest,2,numeric__USM3_pose_global_pause_count,0.008751546353481835
random_forest,2,numeric__USM0_pose_global_mean_speed_l2,0.008505496555152547
random_forest,2,numeric__USM0_joint_raw_path_l2,0.008064337713993395
random_forest,2,numeric__USM0_joint_jerk_cost,0.008052007600816487
random_forest,2,numeric__USM2_joint_tool_roll_q4_mean_abs_velocity,0.008044498982396448
random_forest,2,numeric__USM3_joint_rms_speed_l2,0.007794348837158238
random_forest,2,numeric__USM3_joint_max_joint_range,0.007279741828211748
random_forest,2,numeric__USM0_USM3_pose_global_both_idle_fraction,0.007105020420613775
random_forest,2,numeric__USM0_joint_insertion_q3_path_l1,0.006999441720258595
random_forest,2,numeric__USM2_joint_idle_fraction_relative,0.0068663983019242175
random_forest,2,numeric__USM0_pose_global_mean_angular_speed_rad_s,0.006748035295225061
random_forest,2,numeric__USM2_joint_base_revolute_q0_q2_path_l1,0.006595289393156434
random_forest,2,numeric__USM0_joint_rms_speed_l2,0.006471044301045344
random_forest,2,numeric__USM1_joint_pause_duration_seconds,0.006318470524916413
random_forest,2,numeric__all_usm_joint_path_l1_total,0.006249292547490557
random_forest,2,numeric__USM0_USM3_pose_global_path_length_imbalance,0.006164952767597193
random_forest,2,numeric__USM0_pose_global_max_jerk_l2,0.00595973231247802
random_forest,2,numeric__USM0_USM3_pose_global_mean_abs_relative_speed,0.0059543432543781106
random_forest,2,numeric__USM1_joint_jerk_cost,0.005938193899927859
random_forest,2,numeric__USM3_pose_global_rotation_path_radians,0.005788276944052504
random_forest,2,numeric__USM0_USM3_pose_global_speed_correlation,0.005642320065608149
random_forest,2,numeric__USM2_joint_mean_abs_joint_velocity,0.0055571557033842756
random_forest,2,numeric__USM3_pose_global_idle_threshold_relative,0.005264412726613165
random_forest,2,numeric__USM3_pose_global_idle_fraction_relative,0.005083175066663537
random_forest,2,numeric__USM2_joint_pause_count,0.004986657361312208
random_forest,2,numeric__USM3_pose_global_log_dimensionless_jerk,0.004936859398057036
random_forest,2,numeric__USM2_USM3_pose_global_path_length_imbalance,0.004931147329970487
random_forest,2,numeric__USM3_pose_global_dimensionless_jerk,0.00491579349746533
random_forest,2,numeric__USM0_joint_tool_roll_q4_mean_abs_velocity,0.004900648569305847
random_forest,2,numeric__USM0_pose_global_max_speed_l2,0.004888734869345516
random_forest,2,numeric__USM2_USM3_pose_global_both_idle_fraction,0.004763545390087147
random_forest,2,numeric__USM2_joint_mean_acceleration_l2,0.004617289730940451
random_forest,2,numeric__USM2_joint_base_revolute_q0_q2_mean_range,0.004569080545752587
random_forest,2,numeric__USM3_joint_base_revolute_q0_q2_mean_range,0.004503465746131591
random_forest,2,numeric__USM0_USM3_pose_global_distance_range_rel,0.004458370305941336
random_forest,2,numeric__USM0_joint_base_revolute_q0_q2_mean_range,0.004325121753848895
random_forest,2,numeric__USM2_joint_pause_fraction,0.004293397268971039
random_forest,2,numeric__USM1_joint_max_speed_l2,0.004262007567141256
random_forest,2,numeric__USM0_joint_pause_count,0.004219836781527202
random_forest,2,numeric__USM0_joint_insertion_q3_mean_abs_velocity,0.004192780979605899
random_forest,2,numeric__USM2_USM3_pose_global_speed_correlation,0.004081856124440854
random_forest,2,numeric__USM2_USM3_pose_global_distance_range_rel,0.0040451120778789125
random_forest,2,numeric__USM3_pose_global_economy_area_xy,0.003988086170620006
random_forest,2,numeric__USM0_joint_idle_fraction_relative,0.0038452458841641115
random_forest,2,numeric__USM3_joint_base_revolute_q0_q2_path_l1,0.0037575746561794893
random_forest,2,numeric__USM3_joint_mean_speed_l2,0.0037552408731069188
random_forest,2,numeric__USM3_pose_global_rms_speed_l2,0.003641924478432822
random_forest,2,numeric__USM3_pose_global_rotation_determinant_mean,0.0035768093638526206
random_forest,2,numeric__USM1_joint_max_abs_joint_velocity,0.0035537961013337948
random_forest,2,numeric__USM1_joint_max_jerk_l2,0.0034865433571718073
random_forest,2,numeric__USM0_USM2_pose_global_both_idle_fraction,0.0033884897206336593
random_forest,2,numeric__USM0_joint_distal_q5_q9_mean_range,0.003313125233696745
random_forest,2,numeric__USM2_pose_global_idle_fraction_relative,0.003299286937150355
random_forest,2,numeric__active_pair_path_length_imbalance,0.0032981695976603857
random_forest,2,numeric__USM0_pose_global_idle_fraction_relative,0.0032632243564039414
random_forest,2,numeric__USM3_pose_global_mean_speed_l2,0.003251792459142926
random_forest,2,numeric__USM0_USM2_pose_global_one_arm_only_active_fraction,0.0032231318008225595
random_forest,2,numeric__USM2_joint_movement_economy,0.003175852518970688
random_forest,2,numeric__USM0_pose_global_net_displacement_l2,0.0031427094950434637
random_forest,2,numeric__USM2_USM3_pose_global_simultaneous_active_fraction,0.003107899197529047
random_forest,2,numeric__USM0_joint_insertion_q3_mean_range,0.003105665834130162
random_forest,2,numeric__USM1_joint_max_acceleration_l2,0.0031046785181026147
random_forest,2,numeric__USM3_pose_global_max_angular_speed_rad_s,0.003095746793156436
random_forest,2,numeric__USM2_joint_insertion_q3_path_l1,0.0030932651773668677
random_forest,2,numeric__all_psm_pose_global_path_total_m,0.003044643761205653
random_forest,2,numeric__USM0_joint_max_speed_l2,0.0030198764486877912
random_forest,2,numeric__USM1_joint_movement_economy,0.0030151144805670473
random_forest,2,numeric__USM1_joint_distal_q5_q9_mean_range,0.0030006704597003455
random_forest,2,numeric__USM1_joint_raw_path_l2,0.002991176611579416
random_forest,2,numeric__USM3_pose_global_mean_angular_speed_rad_s,0.0029680905427594676
random_forest,2,numeric__USM3_pose_global_mean_abs_angular_acceleration_rad_s2,0.0029424462364056802
random_forest,2,numeric__USM1_joint_insertion_q3_mean_abs_velocity,0.0029045996948875823
random_forest,2,numeric__USM3_joint_max_acceleration_l2,0.0028777081128588886
random_forest,2,numeric__USM0_USM3_pose_global_simultaneous_active_fraction,0.002844955017338603
random_forest,2,numeric__USM0_pose_global_idle_threshold_relative,0.0028432754663829957
random_forest,2,numeric__USM2_USM3_pose_global_std_distance_rel,0.0028282529970334084
random_forest,2,numeric__USM0_pose_global_economy_area_yz,0.002827162772988199
random_forest,2,numeric__USM2_pose_global_economy_area_xy,0.002826703567238722
random_forest,2,numeric__USM0_joint_mean_speed_l2,0.002798512237682392
random_forest,2,numeric__USM2_pose_global_max_angular_speed_rad_s,0.002776673330828863
random_forest,2,numeric__USM0_pose_global_pause_fraction,0.0027610270054151892
random_forest,2,numeric__USM2_pose_global_idle_threshold_relative,0.0027445268197940492
random_forest,2,numeric__USM1_joint_base_revolute_q0_q2_path_l1,0.00271331215145174
random_forest,2,numeric__USM0_joint_mean_acceleration_l2,0.0027080702935464718
random_forest,2,numeric__USM2_joint_raw_path_l2,0.002696243761445784
random_forest,2,numeric__USM0_joint_idle_threshold_relative,0.002634245318551627
random_forest,2,numeric__USM3_pose_global_max_speed_l2,0.0025938629359500394
random_forest,2,numeric__USM0_joint_max_jerk_l2,0.0025781656560528296
random_forest,2,numeric__USM2_joint_mean_speed_l2,0.00257218383398737
random_forest,2,numeric__USM0_USM3_pose_global_one_arm_only_active_fraction,0.0025703908989566904
random_forest,2,numeric__active_pair_one_arm_only_active_fraction,0.002569369232092529
random_forest,2,numeric__USM1_joint_tool_roll_q4_path_l1,0.0025608402559720036
random_forest,2,numeric__USM0_joint_max_joint_range,0.0025440302310734486
random_forest,2,numeric__USM2_pose_global_raw_path_l2,0.002532952323671758
random_forest,2,numeric__USM0_USM2_pose_global_speed_correlation,0.002530907176969193
random_forest,2,numeric__USM2_pose_global_rotation_determinant_mean,0.002525409381646539
random_forest,2,numeric__USM2_pose_global_rotation_path_radians,0.002457284617690449
random_forest,2,numeric__USM2_joint_tool_roll_q4_path_l1,0.0024459133930677572
random_forest,2,numeric__active_pair_speed_correlation,0.002440667190713392
random_forest,2,numeric__USM0_joint_tool_roll_q4_mean_range,0.0024400813462569573
random_forest,2,numeric__USM0_pose_global_max_angular_speed_rad_s,0.002412715863749323
random_forest,2,numeric__USM2_USM3_pose_global_mean_distance_rel,0.0024064044221362075
random_forest,2,numeric__USM1_joint_mean_speed_l2,0.002393147677246568
random_forest,2,numeric__USM0_pose_global_max_abs_angular_acceleration_rad_s2,0.002387117774197778
random_forest,2,numeric__USM3_pose_global_movement_economy,0.0023688009920181923
random_forest,2,numeric__USM2_joint_rms_speed_l2,0.002361170773245243
random_forest,2,numeric__USM1_joint_base_revolute_q0_q2_mean_abs_velocity,0.0023069392665708076
random_forest,2,numeric__USM2_joint_insertion_q3_mean_range,0.0022927698027124556
random_forest,2,numeric__USM3_joint_net_displacement_l2,0.0022829203963963462
random_forest,2,numeric__USM0_USM3_pose_global_std_distance_rel,0.0022719066272800124
random_forest,2,numeric__USM1_joint_pause_count,0.0022617041770448183
random_forest,2,numeric__USM3_pose_global_y_range_m,0.002250162626466995
random_forest,2,numeric__USM2_pose_global_max_abs_angular_acceleration_rad_s2,0.0022207017896456434
random_forest,2,numeric__USM2_joint_jerk_cost,0.0021864946984252263
random_forest,2,numeric__USM0_pose_global_economy_area_xz,0.0021773372702996023
random_forest,2,numeric__USM0_USM3_pose_global_mean_distance_rel,0.0021738513861018376
random_forest,2,numeric__USM0_pose_global_raw_path_l2,0.002148091872621436
random_forest,2,numeric__USM2_USM3_pose_global_one_arm_only_active_fraction,0.0021399283632031964
random_forest,2,numeric__USM2_joint_mean_joint_range,0.002120261653184145
random_forest,2,numeric__USM0_joint_max_acceleration_l2,0.0021117782931735197
random_forest,2,numeric__USM2_pose_global_x_range_m,0.00209788167385687
random_forest,2,numeric__USM0_pose_global_rotation_path_radians,0.0020837171198663657
random_forest,2,numeric__USM2_joint_max_joint_range,0.0020746912372858212
random_forest,2,numeric__USM3_joint_tool_roll_q4_mean_abs_velocity,0.002073385202472104
random_forest,2,numeric__USM0_pose_global_path_l2,0.0020717396658743253
random_forest,2,numeric__USM1_joint_mean_joint_range,0.0020693463327857435
random_forest,2,numeric__USM2_pose_global_economy_area_xz,0.0020414803988885017
random_forest,2,numeric__USM2_joint_max_acceleration_l2,0.0020334036324983645
random_forest,2,numeric__USM0_USM2_pose_global_path_length_imbalance,0.002019106129149729
random_forest,2,numeric__USM0_pose_global_movement_economy,0.002017935105994677
random_forest,2,numeric__USM2_pose_global_y_range_m,0.00201010869652885
random_forest,2,numeric__USM2_pose_global_economy_volume,0.0019995435680122443
random_forest,2,numeric__USM1_joint_insertion_q3_mean_range,0.0019844680703766083
random_forest,2,numeric__USM1_joint_base_revolute_q0_q2_mean_range,0.0019812589250027338
random_forest,2,numeric__USM3_pose_global_economy_area_xz,0.0019289654682875807
random_forest,2,numeric__USM3_pose_global_raw_path_l2,0.0018869252575409445
random_forest,2,numeric__USM2_pose_global_movement_economy,0.00188570353212388
random_forest,2,numeric__USM1_joint_max_joint_range,0.0018672147555230314
random_forest,2,numeric__active_pair_path_length_b_rel,0.001826710661156305
random_forest,2,numeric__USM2_pose_global_economy_area_yz,0.0018169526420905352
random_forest,2,numeric__USM1_joint_idle_fraction_relative,0.0017970678281915456
random_forest,2,numeric__USM0_pose_global_x_range_m,0.0017899463067842813
random_forest,2,numeric__USM3_pose_global_z_range_m,0.0017777050483868285
random_forest,2,numeric__USM1_joint_net_displacement_l2,0.0017562828607159057
random_forest,2,numeric__USM0_joint_tool_roll_q4_path_l1,0.0017553515726421163
random_forest,2,numeric__USM2_joint_net_displacement_l2,0.0017422053018450703
random_forest,2,numeric__USM0_joint_mean_joint_range,0.0017412420649762787
random_forest,2,numeric__USM2_pose_global_path_l2,0.001723829512086399
random_forest,2,numeric__USM3_joint_insertion_q3_path_l1,0.0016458924795251138
random_forest,2,numeric__USM3_pose_global_economy_volume,0.0016170976688833418
random_forest,2,numeric__USM2_pose_global_z_range_m,0.0015995716868218096
random_forest,2,numeric__USM0_pose_global_economy_area_xy,0.0015890771739423693
random_forest,2,numeric__USM2_joint_max_jerk_l2,0.0015331178061566099
random_forest,2,numeric__USM2_joint_max_abs_joint_velocity,0.001529935376493754
random_forest,2,numeric__USM1_joint_tool_roll_q4_mean_abs_velocity,0.0014865722062959814
random_forest,2,numeric__USM3_pose_global_x_range_m,0.0014820510498500534
random_forest,2,numeric__USM0_joint_net_displacement_l2,0.0014744815215587419
random_forest,2,numeric__USM3_joint_idle_fraction_relative,0.001395428697162573
random_forest,2,numeric__USM1_joint_idle_threshold_relative,0.0013896796620089134
random_forest,2,numeric__USM2_joint_distal_q5_q9_mean_range,0.0013499891160844192
random_forest,2,numeric__USM1_joint_pause_fraction,0.0013479344195039406
random_forest,2,numeric__USM2_joint_max_speed_l2,0.0013424551613715134
random_forest,2,numeric__USM3_pose_global_economy_area_yz,0.0013391631292299978
random_forest,2,numeric__USM1_joint_mean_acceleration_l2,0.0013214784747499764
random_forest,2,numeric__USM0_joint_movement_economy,0.0013049832477326235
random_forest,2,numeric__USM0_pose_global_economy_volume,0.0013039452162596256
random_forest,2,numeric__USM0_pose_global_y_range_m,0.0012675365365301214
random_forest,2,numeric__USM3_pose_global_net_displacement_l2,0.0012576968377680292
random_forest,2,numeric__USM3_joint_movement_economy,0.001228093149356902
random_forest,2,numeric__USM3_pose_global_max_acceleration_l2,0.0011330719330679892
random_forest,2,numeric__USM3_pose_global_max_jerk_l2,0.001121393126156109
random_forest,2,numeric__USM2_joint_idle_threshold_relative,0.001036319351783481
random_forest,2,numeric__USM3_pose_global_jerk_cost,0.0009941421506047142
random_forest,2,numeric__USM0_joint_max_gap_seconds,0.0007948605467980779
random_forest,2,numeric__USM1_joint_insertion_q3_path_l1,0.0007788278801335614
random_forest,2,numeric__USM3_pose_global_active,0.0006752028364211668
random_forest,2,numeric__USM3_joint_insertion_q3_mean_range,0.0006647666345664609
random_forest,2,numeric__USM3_joint_base_revolute_q0_q2_mean_abs_velocity,0.0005528319987034329
random_forest,2,numeric__USM0_USM2_pose_global_alignment_coverage,0.0003571795563734941
random_forest,2,task__task_clean_suture,0.0002516569868384194
random_forest,2,task__task_clean_sea_spikes,0.00017262546916867606
random_forest,2,task__task_clean_glove_cut,0.00013541906283740136
random_forest,2,task__task_clean_ring_rollercoaster,0.00011785457306305109
random_forest,2,numeric__USM3_joint_insertion_q3_mean_abs_velocity,0.00011302381029279996
random_forest,2,numeric__USM3_joint_pause_duration_seconds,5.844835865321616e-05
random_forest,2,task__task_clean_camera_target,3.979620281721538e-05
random_forest,2,numeric__USM0_joint_median_dt_seconds,0.0
random_forest,2,numeric__USM3_joint_pause_count,0.0
random_forest,2,numeric__USM0_pose_global_active,0.0
random_forest,2,numeric__active_pair_usm_a,0.0
random_forest,2,numeric__active_pair_usm_b,0.0
random_forest,3,numeric__USM3_pose_global_pause_duration_seconds,0.02881961068572074
random_forest,3,numeric__USM0_pose_global_pause_duration_seconds,0.024239879174996315
random_forest,3,numeric__USM2_joint_pause_duration_seconds,0.022397597288420584
random_forest,3,numeric__USM2_pose_global_pause_duration_seconds,0.021829927767466825
random_forest,3,numeric__USM0_pose_global_rotation_determinant_mean,0.021550180829052162
random_forest,3,numeric__duration_seconds,0.020771002567534086
random_forest,3,numeric__USM3_joint_raw_path_l2,0.020510903825962892
random_forest,3,numeric__USM2_pose_global_pause_count,0.018853028341172917
random_forest,3,numeric__USM3_joint_distal_q5_q9_mean_range,0.018739297209049682
random_forest,3,numeric__USM2_pose_global_mean_angular_speed_rad_s,0.018230296389590048
random_forest,3,numeric__USM3_pose_global_pause_fraction,0.016600613093373684
random_forest,3,numeric__USM0_joint_pause_duration_seconds,0.015030417663977188
random_forest,3,numeric__USM2_joint_base_revolute_q0_q2_mean_abs_velocity,0.015009441015821074
random_forest,3,numeric__active_pair_simultaneous_active_fraction,0.014425326035521475
random_forest,3,numeric__USM3_pose_global_pause_count,0.013512524248009946
random_forest,3,numeric__USM0_pose_global_log_dimensionless_jerk,0.01335381679255153
random_forest,3,numeric__USM2_joint_tool_roll_q4_mean_abs_velocity,0.012761305428060612
random_forest,3,numeric__USM0_pose_global_dimensionless_jerk,0.012246923879739982
random_forest,3,numeric__USM0_joint_base_revolute_q0_q2_mean_abs_velocity,0.012181086083020373
random_forest,3,numeric__USM2_pose_global_mean_abs_angular_acceleration_rad_s2,0.011150556771107703
random_forest,3,numeric__USM2_joint_insertion_q3_mean_abs_velocity,0.011015903941313554
random_forest,3,numeric__USM0_pose_global_pause_count,0.010707528636611804
random_forest,3,numeric__USM3_pose_global_idle_fraction_relative,0.01052247868600568
random_forest,3,numeric__USM0_USM3_pose_global_path_length_imbalance,0.01026105495274771
random_forest,3,numeric__USM2_pose_global_log_dimensionless_jerk,0.009966125567706973
random_forest,3,numeric__USM2_pose_global_dimensionless_jerk,0.008981191416088587
random_forest,3,numeric__USM0_pose_global_rms_speed_l2,0.008882029276053088
random_forest,3,numeric__all_usm_joint_path_l1_total,0.008860388356437592
random_forest,3,numeric__USM2_joint_idle_fraction_relative,0.008298835740905243
random_forest,3,numeric__USM3_pose_global_rotation_path_radians,0.008085586184523751
random_forest,3,numeric__USM3_joint_max_speed_l2,0.008022037475801786
random_forest,3,numeric__USM3_pose_global_idle_threshold_relative,0.007581708650406311
random_forest,3,numeric__USM0_pose_global_mean_angular_speed_rad_s,0.007561112640801514
random_forest,3,numeric__USM2_joint_pause_fraction,0.007294384638641733
random_forest,3,numeric__USM3_joint_tool_roll_q4_path_l1,0.007249181881663429
random_forest,3,numeric__USM0_USM3_pose_global_simultaneous_active_fraction,0.007085262996940877
random_forest,3,numeric__USM0_USM3_pose_global_speed_correlation,0.006955430601518748
random_forest,3,numeric__USM0_USM2_pose_global_simultaneous_active_fraction,0.006860424475374069
random_forest,3,numeric__USM1_joint_pause_duration_seconds,0.0067697476435807724
random_forest,3,numeric__USM2_USM3_pose_global_path_length_imbalance,0.006746899227474046
random_forest,3,numeric__USM0_pose_global_mean_abs_angular_acceleration_rad_s2,0.006711666158251734
random_forest,3,numeric__USM0_joint_pause_count,0.0066747281105272085
random_forest,3,numeric__USM0_USM3_pose_global_both_idle_fraction,0.006273057516748754
random_forest,3,numeric__USM0_pose_global_max_speed_l2,0.0062072145525536105
random_forest,3,numeric__USM0_pose_global_raw_path_l2,0.00593843784090516
random_forest,3,numeric__USM2_joint_base_revolute_q0_q2_path_l1,0.005706794228565394
random_forest,3,numeric__USM2_USM3_pose_global_speed_correlation,0.0055881725541325625
random_forest,3,numeric__USM0_joint_idle_fraction_relative,0.005555489242887365
random_forest,3,numeric__USM3_pose_global_mean_abs_angular_acceleration_rad_s2,0.0054357079818955845
random_forest,3,numeric__USM0_pose_global_mean_speed_l2,0.00516797247858239
random_forest,3,numeric__USM0_joint_insertion_q3_mean_abs_velocity,0.0048379537513385225
random_forest,3,numeric__USM2_USM3_pose_global_both_idle_fraction,0.00481768493694065
random_forest,3,numeric__USM2_joint_pause_count,0.004804562797014266
random_forest,3,numeric__USM0_pose_global_max_jerk_l2,0.004663011007458422
random_forest,3,numeric__USM0_joint_base_revolute_q0_q2_path_l1,0.004640825079395746
random_forest,3,numeric__USM2_pose_global_idle_fraction_relative,0.004580820903516306
random_forest,3,numeric__USM0_joint_insertion_q3_path_l1,0.004526448737658305
random_forest,3,numeric__USM3_pose_global_log_dimensionless_jerk,0.004469794644098757
random_forest,3,numeric__USM3_pose_global_mean_speed_l2,0.004455237580058476
random_forest,3,numeric__USM2_USM3_pose_global_simultaneous_active_fraction,0.004416746106914767
random_forest,3,numeric__USM0_joint_insertion_q3_mean_range,0.004394538580853223
random_forest,3,numeric__USM3_pose_global_mean_angular_speed_rad_s,0.004297972118169896
random_forest,3,numeric__USM3_pose_global_dimensionless_jerk,0.004159223920334196
random_forest,3,numeric__USM2_joint_mean_abs_joint_velocity,0.0041273517687916254
random_forest,3,numeric__USM2_joint_insertion_q3_path_l1,0.004088321365299357
random_forest,3,numeric__USM3_pose_global_rms_speed_l2,0.004006800295400591
random_forest,3,numeric__USM3_pose_global_max_angular_speed_rad_s,0.003989018906963726
random_forest,3,numeric__USM1_joint_base_revolute_q0_q2_mean_abs_velocity,0.003976607666516911
random_forest,3,numeric__USM0_joint_jerk_cost,0.0038836351437818123
random_forest,3,numeric__USM3_pose_global_x_range_m,0.0038445607927598997
random_forest,3,numeric__USM3_pose_global_raw_path_l2,0.0038376925160304607
random_forest,3,numeric__USM2_pose_global_rotation_determinant_mean,0.003820588872189371
random_forest,3,numeric__USM3_joint_base_revolute_q0_q2_mean_range,0.003819829210019652
random_forest,3,numeric__USM0_joint_base_revolute_q0_q2_mean_range,0.0036906861671379635
random_forest,3,numeric__USM2_joint_mean_speed_l2,0.003670854993100841
random_forest,3,numeric__USM2_joint_mean_acceleration_l2,0.0036522268748047358
random_forest,3,numeric__USM0_joint_tool_roll_q4_mean_abs_velocity,0.003649341197095707
random_forest,3,numeric__USM0_USM3_pose_global_one_arm_only_active_fraction,0.0035565251533824123
random_forest,3,numeric__USM1_joint_net_displacement_l2,0.003543093001850913
random_forest,3,numeric__USM2_USM3_pose_global_one_arm_only_active_fraction,0.003490608562744633
random_forest,3,numeric__USM0_pose_global_idle_threshold_relative,0.0034486560257530534
random_forest,3,numeric__USM3_pose_global_economy_area_xy,0.0034471297461009945
random_forest,3,numeric__USM3_joint_mean_joint_range,0.003442493627179747
random_forest,3,numeric__active_pair_one_arm_only_active_fraction,0.0033926787038778155
random_forest,3,numeric__USM2_pose_global_pause_fraction,0.003237964399933144
random_forest,3,numeric__USM0_joint_net_displacement_l2,0.0031787826227839783
random_forest,3,numeric__USM0_USM2_pose_global_speed_correlation,0.003164070408224918
random_forest,3,numeric__USM3_pose_global_rotation_determinant_mean,0.0031195529259031456
random_forest,3,numeric__USM3_pose_global_y_range_m,0.003076283982730523
random_forest,3,numeric__USM2_pose_global_mean_speed_l2,0.0030661806213741704
random_forest,3,numeric__USM1_joint_distal_q5_q9_mean_range,0.0030478053715283352
random_forest,3,numeric__USM2_joint_mean_joint_range,0.0030430620392538914
random_forest,3,numeric__USM0_pose_global_pause_fraction,0.0030289036099747724
random_forest,3,numeric__USM0_joint_raw_path_l2,0.003022483590556215
random_forest,3,numeric__active_pair_path_length_b_rel,0.0030112528311030964
random_forest,3,numeric__USM2_pose_global_max_abs_angular_acceleration_rad_s2,0.003003075063914451
random_forest,3,numeric__USM0_joint_tool_roll_q4_mean_range,0.0029873742729633833
random_forest,3,numeric__USM0_joint_movement_economy,0.0029821404546502505
random_forest,3,numeric__USM1_joint_max_speed_l2,0.0029410438972959944
random_forest,3,numeric__USM1_joint_max_acceleration_l2,0.002932535824374679
random_forest,3,numeric__USM2_pose_global_max_angular_speed_rad_s,0.0029063187743287333
random_forest,3,numeric__USM2_joint_base_revolute_q0_q2_mean_range,0.002905696002994727
random_forest,3,numeric__USM3_pose_global_z_range_m,0.0029006292270081164
random_forest,3,numeric__USM3_joint_rms_speed_l2,0.002887926713527546
random_forest,3,numeric__USM0_pose_global_path_l2,0.0028830062374364048
random_forest,3,numeric__USM0_pose_global_max_abs_angular_acceleration_rad_s2,0.0028691026399983986
random_forest,3,numeric__USM1_joint_jerk_cost,0.0028627699584607763
random_forest,3,numeric__active_pair_speed_correlation,0.002840759363672255
random_forest,3,numeric__USM3_joint_tool_roll_q4_mean_abs_velocity,0.002840398278556431
random_forest,3,numeric__USM0_joint_mean_joint_range,0.0028198274371357772
random_forest,3,numeric__USM1_joint_pause_fraction,0.0028121194760705576
random_forest,3,numeric__USM2_USM3_pose_global_std_distance_rel,0.002757841904354461
random_forest,3,numeric__USM2_joint_insertion_q3_mean_range,0.002754819085331978
random_forest,3,numeric__USM0_pose_global_idle_fraction_relative,0.0027427436712300834
random_forest,3,numeric__USM3_joint_movement_economy,0.002712563127769569
random_forest,3,numeric__USM0_pose_global_rotation_path_radians,0.0027045437518237393
random_forest,3,numeric__USM3_pose_global_max_speed_l2,0.0026891156394538156
random_forest,3,numeric__USM1_joint_pause_count,0.002671771164224874
random_forest,3,numeric__USM1_joint_max_jerk_l2,0.002645245164849088
random_forest,3,numeric__USM3_joint_base_revolute_q0_q2_path_l1,0.002621052337425059
random_forest,3,numeric__USM2_pose_global_raw_path_l2,0.002601233907083066
random_forest,3,numeric__USM0_joint_max_joint_range,0.0025999464603807306
random_forest,3,numeric__USM3_pose_global_max_jerk_l2,0.0025918994086027718
random_forest,3,numeric__USM1_joint_idle_fraction_relative,0.002588071042970093
random_forest,3,numeric__USM1_joint_insertion_q3_mean_range,0.002585220612519084
random_forest,3,numeric__USM1_joint_insertion_q3_mean_abs_velocity,0.002574617212453029
random_forest,3,numeric__USM0_joint_rms_speed_l2,0.0025713376297879444
random_forest,3,numeric__USM2_pose_global_path_l2,0.00254398254381779
random_forest,3,numeric__USM0_joint_max_speed_l2,0.002543357235375227
random_forest,3,numeric__USM0_joint_mean_acceleration_l2,0.002537877451733503
random_forest,3,numeric__USM0_pose_global_economy_area_xy,0.0025268688056850307
random_forest,3,numeric__USM2_pose_global_economy_area_yz,0.0025121658472532964
random_forest,3,numeric__USM2_joint_idle_threshold_relative,0.002507503167813724
random_forest,3,numeric__all_psm_pose_global_path_total_m,0.0025034032044748485
random_forest,3,numeric__USM0_pose_global_economy_area_xz,0.0024693650401687397
random_forest,3,numeric__USM3_joint_max_acceleration_l2,0.0024069522071844653
random_forest,3,numeric__USM3_pose_global_economy_area_xz,0.0024016748082811286
random_forest,3,numeric__USM3_pose_global_net_displacement_l2,0.0024005506304204186
random_forest,3,numeric__USM0_joint_distal_q5_q9_mean_range,0.0023864355452936055
random_forest,3,numeric__USM2_pose_global_z_range_m,0.002325713143413188
random_forest,3,numeric__USM0_joint_tool_roll_q4_path_l1,0.0023111033082008083
random_forest,3,numeric__USM2_joint_distal_q5_q9_mean_range,0.0022887443076295495
random_forest,3,numeric__USM0_USM3_pose_global_mean_abs_relative_speed,0.0022814430235290075
random_forest,3,numeric__USM2_pose_global_economy_area_xz,0.002277633074803573
random_forest,3,numeric__USM3_pose_global_movement_economy,0.0022765063480047892
random_forest,3,numeric__USM0_pose_global_economy_area_yz,0.0022570877649672194
random_forest,3,numeric__USM1_joint_max_abs_joint_velocity,0.002247751449032133
random_forest,3,numeric__USM1_joint_mean_speed_l2,0.0022436964848657768
random_forest,3,numeric__USM2_joint_net_displacement_l2,0.002235401999906098
random_forest,3,numeric__active_pair_path_length_imbalance,0.0022313715257156696
random_forest,3,numeric__USM1_joint_mean_joint_range,0.0022193380131791834
random_forest,3,numeric__USM3_joint_max_joint_range,0.002216441140978347
random_forest,3,numeric__USM0_joint_mean_speed_l2,0.0021992973103318342
random_forest,3,numeric__USM0_pose_global_max_angular_speed_rad_s,0.0021847755724504546
random_forest,3,numeric__USM2_joint_movement_economy,0.002138105620968353
random_forest,3,numeric__USM0_pose_global_movement_economy,0.0021337126538467427
random_forest,3,numeric__USM1_joint_insertion_q3_path_l1,0.0021170503926247414
random_forest,3,numeric__USM3_joint_net_displacement_l2,0.0020946318870367505
random_forest,3,numeric__USM2_USM3_pose_global_distance_range_rel,0.002093795210193279
random_forest,3,numeric__USM2_joint_max_speed_l2,0.002061289672129281
random_forest,3,numeric__USM0_pose_global_net_displacement_l2,0.0020536143534731635
random_forest,3,numeric__USM2_pose_global_economy_volume,0.002024478129987389
random_forest,3,numeric__USM2_joint_rms_speed_l2,0.002018970289085501
random_forest,3,numeric__USM2_joint_jerk_cost,0.0020100658262235246
random_forest,3,numeric__USM2_pose_global_economy_area_xy,0.002009325421938212
random_forest,3,numeric__USM1_joint_max_joint_range,0.002006099633995384
random_forest,3,numeric__USM1_joint_movement_economy,0.0020049088728588777
random_forest,3,numeric__USM2_pose_global_idle_threshold_relative,0.0020022649796615217
random_forest,3,numeric__USM2_USM3_pose_global_mean_distance_rel,0.0020005067431218618
random_forest,3,numeric__USM1_joint_raw_path_l2,0.0019988755400325137
random_forest,3,numeric__USM3_joint_mean_speed_l2,0.001995762843716994
random_forest,3,numeric__USM0_pose_global_economy_volume,0.00198660513487479
random_forest,3,numeric__USM1_joint_tool_roll_q4_path_l1,0.001968234627026688
random_forest,3,numeric__USM3_pose_global_jerk_cost,0.0019153711596358817
random_forest,3,numeric__USM0_joint_idle_threshold_relative,0.001908987371171258
random_forest,3,numeric__USM2_joint_max_jerk_l2,0.0018957315360590096
random_forest,3,numeric__USM2_pose_global_workspace_box_volume_m3,0.0018614836632350532
random_forest,3,numeric__USM3_pose_global_max_acceleration_l2,0.0018551081994425454
random_forest,3,numeric__USM3_joint_insertion_q3_path_l1,0.0018442936576713272
random_forest,3,numeric__USM1_joint_tool_roll_q4_mean_abs_velocity,0.0017922403712974915
random_forest,3,numeric__USM0_USM2_pose_global_both_idle_fraction,0.0017860945409693188
random_forest,3,numeric__USM2_pose_global_rotation_path_radians,0.0017759694064070609
random_forest,3,numeric__USM0_USM3_pose_global_distance_range_rel,0.0017703485544037815
random_forest,3,numeric__USM2_pose_global_movement_economy,0.0017663707049667637
random_forest,3,numeric__USM3_pose_global_workspace_box_volume_m3,0.0017242420212438931
random_forest,3,numeric__USM2_pose_global_x_range_m,0.0017154459132255986
random_forest,3,numeric__USM3_pose_global_economy_area_yz,0.0016831711374550482
random_forest,3,numeric__USM0_USM3_pose_global_mean_distance_rel,0.0016706995748614864
random_forest,3,numeric__USM2_joint_max_abs_joint_velocity,0.0016510680698440473
random_forest,3,numeric__USM2_pose_global_y_range_m,0.0016308544393234044
random_forest,3,numeric__USM0_joint_max_jerk_l2,0.0016083881662645567
random_forest,3,numeric__USM0_USM2_pose_global_one_arm_only_active_fraction,0.0015548234018322882
random_forest,3,numeric__USM0_joint_max_acceleration_l2,0.0015376985760324558
random_forest,3,numeric__USM2_joint_max_acceleration_l2,0.001515537708456251
random_forest,3,numeric__USM1_joint_base_revolute_q0_q2_mean_range,0.0014855650780895078
random_forest,3,numeric__USM0_pose_global_x_range_m,0.0014696469850721116
random_forest,3,numeric__USM2_joint_max_joint_range,0.0014683675379746435
random_forest,3,numeric__USM2_joint_raw_path_l2,0.0014193843718138916
random_forest,3,numeric__USM1_joint_base_revolute_q0_q2_path_l1,0.0013900427598412938
random_forest,3,numeric__USM1_joint_mean_acceleration_l2,0.0013340567825539953
random_forest,3,numeric__USM0_USM3_pose_global_std_distance_rel,0.0013234466915987442
random_forest,3,numeric__USM0_USM2_pose_global_path_length_imbalance,0.0012751159714798
random_forest,3,numeric__USM0_pose_global_y_range_m,0.0012559714112193824
random_forest,3,numeric__USM3_pose_global_economy_volume,0.0011558972992679409
random_forest,3,numeric__USM3_joint_idle_fraction_relative,0.0011317440315526928
random_forest,3,numeric__USM2_joint_tool_roll_q4_path_l1,0.0011274226152919984
random_forest,3,numeric__USM3_joint_base_revolute_q0_q2_mean_abs_velocity,0.0009998596116829665
random_forest,3,numeric__USM3_joint_insertion_q3_mean_range,0.0009443190787248258
random_forest,3,numeric__active_psm_count,0.0009179285512852577
random_forest,3,numeric__USM0_joint_max_gap_seconds,0.0007516845512368001
random_forest,3,numeric__USM0_USM2_pose_global_alignment_coverage,0.00045188422391830615
random_forest,3,task__task_clean_suture,0.0004489891277125383
random_forest,3,numeric__USM3_pose_global_active,0.00039224235944760065
random_forest,3,task__task_clean_ring_rollercoaster,0.0003025657060839124
random_forest,3,numeric__USM3_joint_insertion_q3_mean_abs_velocity,0.00027118326193477447
random_forest,3,numeric__USM3_joint_pause_count,0.00020238944955585142
random_forest,3,task__task_clean_camera_target,0.00012996634507874273
random_forest,3,numeric__USM3_joint_pause_duration_seconds,9.09461973065801e-05
random_forest,3,numeric__active_pair_usm_b,4.972913368447316e-05
random_forest,3,task__task_clean_sea_spikes,3.899615881030031e-05
random_forest,3,numeric__USM0_pose_global_active,2.568111202066524e-05
random_forest,3,task__task_clean_glove_cut,1.940898831237228e-05
random_forest,3,numeric__USM0_joint_median_dt_seconds,0.0
random_forest,3,numeric__active_pair_usm_a,0.0
random_forest,4,numeric__USM3_pose_global_pause_duration_seconds,0.12538072960532473
random_forest,4,numeric__USM2_joint_pause_duration_seconds,0.0530059135385323
random_forest,4,numeric__USM3_joint_distal_q5_q9_mean_range,0.03775220978426663
random_forest,4,numeric__duration_seconds,0.032322181672607704
random_forest,4,numeric__USM2_pose_global_pause_duration_seconds,0.026116916143127424
random_forest,4,numeric__USM3_joint_raw_path_l2,0.02501573367677311
random_forest,4,numeric__USM2_joint_base_revolute_q0_q2_mean_abs_velocity,0.02336008275326376
random_forest,4,numeric__USM0_pose_global_pause_duration_seconds,0.02058398887664673
random_forest,4,numeric__USM0_pose_global_rotation_determinant_mean,0.019782955394957166
random_forest,4,numeric__USM3_pose_global_pause_fraction,0.01925956750556593
random_forest,4,numeric__USM3_pose_global_pause_count,0.018203969663678925
random_forest,4,numeric__USM0_pose_global_rms_speed_l2,0.01402270555289429
random_forest,4,numeric__all_usm_joint_path_l1_total,0.013338755341049167
random_forest,4,numeric__USM2_pose_global_mean_abs_angular_acceleration_rad_s2,0.01271599195661185
random_forest,4,numeric__active_pair_simultaneous_active_fraction,0.012447047506116818
random_forest,4,numeric__USM0_joint_pause_duration_seconds,0.010356020946187814
random_forest,4,numeric__USM3_pose_global_idle_fraction_relative,0.010318776592671275
random_forest,4,numeric__USM2_pose_global_mean_acceleration_l2,0.010218429925678278
random_forest,4,numeric__USM0_pose_global_max_speed_l2,0.010186525019068879
random_forest,4,numeric__USM0_pose_global_log_dimensionless_jerk,0.010035658890134195
random_forest,4,numeric__USM0_joint_base_revolute_q0_q2_path_l1,0.009603734638574762
random_forest,4,numeric__USM3_joint_jerk_cost,0.009284380035877176
random_forest,4,numeric__USM0_pose_global_raw_path_l2,0.008823106446662413
random_forest,4,numeric__USM2_joint_insertion_q3_mean_abs_velocity,0.00860283180738869
random_forest,4,numeric__USM0_joint_base_revolute_q0_q2_mean_abs_velocity,0.008107282132007015
random_forest,4,numeric__USM1_joint_pause_duration_seconds,0.008091301386338772
random_forest,4,numeric__USM0_USM3_pose_global_path_length_imbalance,0.007758705920419839
random_forest,4,numeric__USM2_pose_global_pause_count,0.0074946928407442015
random_forest,4,numeric__USM3_pose_global_idle_threshold_relative,0.0073790283373255895
random_forest,4,numeric__USM2_joint_idle_fraction_relative,0.007048859754013636
random_forest,4,numeric__USM0_pose_global_pause_count,0.006984940868010637
random_forest,4,numeric__USM0_pose_global_mean_acceleration_l2,0.006759642401471154
random_forest,4,numeric__USM3_pose_global_rotation_determinant_mean,0.006758136931296406
random_forest,4,numeric__USM2_joint_pause_fraction,0.006734469358578265
random_forest,4,numeric__USM2_pose_global_mean_angular_speed_rad_s,0.006663067249803348
random_forest,4,numeric__USM1_joint_jerk_cost,0.006303620371968481
random_forest,4,numeric__USM3_joint_base_revolute_q0_q2_mean_range,0.0062003211254165105
random_forest,4,numeric__USM2_USM3_pose_global_path_length_imbalance,0.006153063953599444
random_forest,4,numeric__USM0_joint_raw_path_l2,0.0059788876629592565
random_forest,4,numeric__USM0_USM2_pose_global_std_distance_rel,0.005772689165010823
random_forest,4,numeric__USM0_pose_global_max_abs_angular_acceleration_rad_s2,0.005684358485909404
random_forest,4,numeric__USM2_USM3_pose_global_speed_correlation,0.005492960893958474
random_forest,4,numeric__USM1_joint_max_speed_l2,0.0054929005598289915
random_forest,4,numeric__USM1_joint_max_abs_joint_velocity,0.005423245155617292
random_forest,4,numeric__USM2_joint_base_revolute_q0_q2_path_l1,0.005323633795602074
random_forest,4,numeric__USM3_joint_base_revolute_q0_q2_path_l1,0.005304251962789897
random_forest,4,numeric__USM0_pose_global_mean_abs_angular_acceleration_rad_s2,0.0053012190092083045
random_forest,4,numeric__USM2_joint_tool_roll_q4_mean_abs_velocity,0.0052872576661787156
random_forest,4,numeric__USM3_joint_max_speed_l2,0.005219669914530581
random_forest,4,numeric__USM0_USM3_pose_global_simultaneous_active_fraction,0.005195160562976131
random_forest,4,numeric__USM0_pose_global_dimensionless_jerk,0.004911105987355349
random_forest,4,numeric__USM3_joint_mean_joint_range,0.004856605727732879
random_forest,4,numeric__USM0_joint_insertion_q3_mean_range,0.004443399348181145
random_forest,4,numeric__USM0_joint_jerk_cost,0.00437653642293572
random_forest,4,numeric__USM1_joint_net_displacement_l2,0.004267143833740562
random_forest,4,numeric__USM0_pose_global_max_angular_speed_rad_s,0.004122956324016121
random_forest,4,numeric__USM0_USM3_pose_global_both_idle_fraction,0.004003977644820045
random_forest,4,numeric__USM1_joint_max_acceleration_l2,0.003911490504079713
random_forest,4,numeric__USM0_USM2_pose_global_simultaneous_active_fraction,0.0038651394712224236
random_forest,4,numeric__USM0_joint_rms_speed_l2,0.0037329551506265187
random_forest,4,numeric__USM0_joint_pause_count,0.0034600085143444642
random_forest,4,numeric__USM0_joint_base_revolute_q0_q2_mean_range,0.0033440533521985273
random_forest,4,numeric__USM3_pose_global_rms_speed_l2,0.0031852252642392462
random_forest,4,numeric__USM2_USM3_pose_global_mean_abs_relative_speed,0.0031377008600346396
random_forest,4,numeric__USM2_joint_mean_abs_joint_velocity,0.003111647898896459
random_forest,4,numeric__USM0_joint_insertion_q3_path_l1,0.0031088812726164394
random_forest,4,numeric__USM0_pose_global_economy_volume,0.0029907759585966784
random_forest,4,numeric__USM1_joint_movement_economy,0.0029853009150129584
random_forest,4,numeric__USM1_joint_distal_q5_q9_mean_range,0.0029220651370896675
random_forest,4,numeric__USM2_pose_global_max_abs_angular_acceleration_rad_s2,0.00281560552138229
random_forest,4,numeric__USM0_pose_global_movement_economy,0.002778301808639157
random_forest,4,numeric__USM0_joint_max_speed_l2,0.002732023822679505
random_forest,4,numeric__active_pair_one_arm_only_active_fraction,0.0027278832370504773
random_forest,4,numeric__USM0_joint_idle_fraction_relative,0.0026757996036151947
random_forest,4,numeric__USM1_joint_insertion_q3_mean_range,0.0025123016411284136
random_forest,4,numeric__USM3_pose_global_z_range_m,0.00248926670922337
random_forest,4,numeric__USM3_joint_max_joint_range,0.0024788135861897667
random_forest,4,numeric__USM3_joint_tool_roll_q4_path_l1,0.0024637204301590316
random_forest,4,numeric__USM2_joint_mean_joint_range,0.0024467887159401736
random_forest,4,numeric__USM0_joint_insertion_q3_mean_abs_velocity,0.0024425409897065567
random_forest,4,numeric__USM1_joint_max_jerk_l2,0.002430724052897054
random_forest,4,numeric__USM0_pose_global_mean_angular_speed_rad_s,0.002410866044512269
random_forest,4,numeric__USM2_pose_global_dimensionless_jerk,0.002346830658858876
random_forest,4,numeric__USM2_pose_global_max_angular_speed_rad_s,0.0023388750201513266
random_forest,4,numeric__USM3_pose_global_log_dimensionless_jerk,0.002322619887616579
random_forest,4,numeric__all_psm_pose_global_path_total_m,0.0023095787452782745
random_forest,4,numeric__USM0_pose_global_net_displacement_l2,0.0022675111008405883
random_forest,4,numeric__USM0_pose_global_economy_area_yz,0.0022475278736212912
random_forest,4,numeric__USM2_joint_base_revolute_q0_q2_mean_range,0.002226590628098911
random_forest,4,numeric__USM3_joint_tool_roll_q4_mean_abs_velocity,0.0022115816991277013
random_forest,4,numeric__USM0_joint_movement_economy,0.002197441681103064
random_forest,4,numeric__USM1_joint_base_revolute_q0_q2_mean_abs_velocity,0.0021424855210169257
random_forest,4,numeric__USM2_pose_global_rotation_determinant_mean,0.0021356384727045977
random_forest,4,numeric__USM3_joint_max_acceleration_l2,0.002130920676444738
random_forest,4,numeric__USM0_pose_global_mean_speed_l2,0.002119996216494162
random_forest,4,numeric__USM0_joint_tool_roll_q4_mean_abs_velocity,0.0021170495409361945
random_forest,4,numeric__USM0_joint_mean_speed_l2,0.0020830955120455957
random_forest,4,numeric__USM2_pose_global_pause_fraction,0.0020630539677124237
random_forest,4,numeric__USM0_joint_tool_roll_q4_mean_range,0.0020309625913453753
random_forest,4,numeric__USM2_USM3_pose_global_mean_distance_rel,0.0020306130866083573
random_forest,4,numeric__USM3_pose_global_economy_area_xy,0.0020258813912683127
random_forest,4,numeric__USM2_pose_global_z_range_m,0.00202476488680873
random_forest,4,numeric__USM0_joint_max_acceleration_l2,0.0020035454187831594
random_forest,4,numeric__USM2_pose_global_log_dimensionless_jerk,0.002000616297028488
random_forest,4,numeric__USM0_joint_mean_acceleration_l2,0.0019896748543581557
random_forest,4,numeric__USM0_pose_global_rotation_path_radians,0.0019876302940368506
random_forest,4,numeric__USM0_pose_global_idle_fraction_relative,0.0019747976302791482
random_forest,4,numeric__USM2_joint_movement_economy,0.001966186523959516
random_forest,4,numeric__USM3_joint_mean_speed_l2,0.001961557956952239
random_forest,4,numeric__active_pair_path_length_imbalance,0.0019573991453432724
random_forest,4,numeric__active_pair_mean_abs_relative_speed,0.001923886006097592
random_forest,4,numeric__USM0_joint_max_jerk_l2,0.0019163814635065805
random_forest,4,numeric__USM3_pose_global_mean_angular_speed_rad_s,0.0018940323529896435
random_forest,4,numeric__USM0_joint_distal_q5_q9_mean_range,0.001881623496569265
random_forest,4,numeric__USM3_pose_global_rotation_path_radians,0.0018709889366334883
random_forest,4,numeric__USM3_pose_global_max_jerk_l2,0.0018507386003699577
random_forest,4,numeric__USM2_joint_insertion_q3_mean_range,0.0018412767234714821
random_forest,4,numeric__USM2_USM3_pose_global_simultaneous_active_fraction,0.001813415450593934
random_forest,4,numeric__USM3_pose_global_x_range_m,0.001797747376318284
random_forest,4,numeric__USM2_pose_global_movement_economy,0.0017854371281436114
random_forest,4,numeric__USM0_joint_mean_joint_range,0.0017801636296027007
random_forest,4,numeric__USM3_pose_global_economy_area_yz,0.0017689721021561353
random_forest,4,numeric__USM0_USM3_pose_global_speed_correlation,0.0017560106026648945
random_forest,4,numeric__USM0_joint_net_displacement_l2,0.0017348609914089172
random_forest,4,numeric__USM0_USM3_pose_global_std_distance_rel,0.0017226965910412588
random_forest,4,numeric__USM3_joint_idle_fraction_relative,0.0017082174813163676
random_forest,4,numeric__USM3_pose_global_mean_speed_l2,0.0016898509263428398
random_forest,4,numeric__USM2_pose_global_economy_area_yz,0.001677447594646805
random_forest,4,numeric__USM1_joint_max_joint_range,0.0016691125500903443
random_forest,4,numeric__USM2_joint_max_joint_range,0.001668287558722636
random_forest,4,numeric__USM0_joint_tool_roll_q4_path_l1,0.0016535138953686175
random_forest,4,numeric__USM2_pose_global_raw_path_l2,0.0016367127795248232
random_forest,4,numeric__active_pair_speed_correlation,0.0015829408069612957
random_forest,4,numeric__USM2_joint_max_abs_joint_velocity,0.0015716984543959831
random_forest,4,numeric__USM1_joint_insertion_q3_path_l1,0.001567255045548078
random_forest,4,numeric__USM3_pose_global_y_range_m,0.0015658225891132785
random_forest,4,numeric__active_pair_path_length_b_rel,0.0015559077855406096
random_forest,4,numeric__USM0_joint_max_joint_range,0.0015514669924287046
random_forest,4,numeric__USM3_pose_global_dimensionless_jerk,0.0015512630071909666
random_forest,4,numeric__USM2_pose_global_economy_area_xy,0.001528002397754933
random_forest,4,numeric__USM3_pose_global_net_displacement_l2,0.0015236067543108703
random_forest,4,numeric__USM0_pose_global_economy_area_xz,0.001484908128605128
random_forest,4,numeric__USM0_pose_global_idle_threshold_relative,0.0014778152138704853
random_forest,4,numeric__USM2_pose_global_economy_volume,0.0014639093066497895
random_forest,4,numeric__USM0_USM2_pose_global_mean_abs_relative_speed,0.0014563778547747438
random_forest,4,numeric__USM2_joint_mean_acceleration_l2,0.0014529697798387063
random_forest,4,numeric__USM0_USM2_pose_global_path_length_imbalance,0.0014511001670782064
random_forest,4,numeric__USM3_joint_net_displacement_l2,0.0014506710878577395
random_forest,4,numeric__USM2_joint_pause_count,0.0014321529254510764
random_forest,4,numeric__USM2_pose_global_idle_fraction_relative,0.0014277583361374396
random_forest,4,numeric__USM3_pose_global_max_speed_l2,0.001418962057952098
random_forest,4,numeric__USM3_pose_global_economy_area_xz,0.0013565515163741053
random_forest,4,numeric__USM2_joint_max_speed_l2,0.0013468984205613685
random_forest,4,numeric__USM3_pose_global_workspace_box_volume_m3,0.0013432481263964016
random_forest,4,numeric__USM3_pose_global_raw_path_l2,0.0013290018184281861
random_forest,4,numeric__USM2_USM3_pose_global_both_idle_fraction,0.0013193307668595729
random_forest,4,numeric__USM3_joint_movement_economy,0.0012942251182985378
random_forest,4,numeric__USM2_joint_max_jerk_l2,0.0012922968813094797
random_forest,4,numeric__USM0_USM2_pose_global_one_arm_only_active_fraction,0.0012898690826621735
random_forest,4,numeric__USM2_joint_raw_path_l2,0.0012858601519599795
random_forest,4,numeric__USM1_joint_mean_joint_range,0.0012832315243204797
random_forest,4,numeric__USM0_joint_max_gap_seconds,0.0012759354585207294
random_forest,4,numeric__USM0_USM2_pose_global_speed_correlation,0.00126631842904973
random_forest,4,numeric__USM2_joint_insertion_q3_path_l1,0.0012561982646745967
random_forest,4,numeric__USM2_USM3_pose_global_one_arm_only_active_fraction,0.0012467010361657802
random_forest,4,numeric__USM1_joint_idle_fraction_relative,0.001238507248306613
random_forest,4,numeric__USM3_pose_global_max_acceleration_l2,0.001227515583031704
random_forest,4,numeric__USM2_joint_mean_speed_l2,0.0012121355558176812
random_forest,4,numeric__USM2_pose_global_economy_area_xz,0.0012107095609544757
random_forest,4,numeric__USM2_pose_global_x_range_m,0.0012011210023653734
random_forest,4,numeric__USM0_joint_idle_threshold_relative,0.0011955798184009707
random_forest,4,numeric__USM1_joint_pause_fraction,0.0011872976218634693
random_forest,4,numeric__USM1_joint_base_revolute_q0_q2_mean_range,0.0011783716411863877
random_forest,4,numeric__USM0_USM3_pose_global_distance_range_rel,0.001177049299338792
random_forest,4,numeric__USM1_joint_raw_path_l2,0.001169338349289297
random_forest,4,numeric__USM0_USM3_pose_global_one_arm_only_active_fraction,0.0011642931536241818
random_forest,4,numeric__USM1_joint_pause_count,0.001151966780365617
random_forest,4,numeric__USM0_pose_global_economy_area_xy,0.0011381118343702932
random_forest,4,numeric__USM0_pose_global_pause_fraction,0.0011340340356861055
random_forest,4,numeric__USM2_USM3_pose_global_distance_range_rel,0.00110363458243346
random_forest,4,numeric__USM2_USM3_pose_global_std_distance_rel,0.0011022926016325237
random_forest,4,numeric__USM3_pose_global_movement_economy,0.0010894212087429185
random_forest,4,numeric__USM2_joint_distal_q5_q9_mean_range,0.001089404003894413
random_forest,4,numeric__USM3_joint_insertion_q3_path_l1,0.0010761616139917983
random_forest,4,numeric__USM3_pose_global_mean_abs_angular_acceleration_rad_s2,0.0010733015378520873
random_forest,4,numeric__USM2_joint_rms_speed_l2,0.0010631455564277658
random_forest,4,numeric__USM3_pose_global_mean_acceleration_l2,0.0010596163947196983
random_forest,4,numeric__USM2_pose_global_y_range_m,0.0010569926948171679
random_forest,4,numeric__USM1_joint_base_revolute_q0_q2_path_l1,0.0010115910222135264
random_forest,4,numeric__USM0_pose_global_y_range_m,0.0010054169837880084
random_forest,4,numeric__USM0_pose_global_x_range_m,0.0010014985304877032
random_forest,4,numeric__USM2_pose_global_mean_speed_l2,0.000978158551814376
random_forest,4,numeric__USM0_USM3_pose_global_mean_distance_rel,0.0009764579598410194
random_forest,4,numeric__USM2_joint_max_acceleration_l2,0.0009597862574216273
random_forest,4,numeric__USM2_joint_idle_threshold_relative,0.000956899070117791
random_forest,4,numeric__USM2_joint_net_displacement_l2,0.0009196053714717706
random_forest,4,numeric__USM1_joint_tool_roll_q4_path_l1,0.0009160496772579689
random_forest,4,numeric__USM3_pose_global_max_angular_speed_rad_s,0.0009103301873924985
random_forest,4,numeric__USM0_pose_global_z_range_m,0.0008935031185427967
random_forest,4,numeric__USM0_USM2_pose_global_both_idle_fraction,0.0008552934877311571
random_forest,4,numeric__USM2_pose_global_rotation_path_radians,0.0008546780548169236
random_forest,4,numeric__USM3_pose_global_economy_volume,0.0008533312360374625
random_forest,4,numeric__USM2_joint_jerk_cost,0.0007823187341030236
random_forest,4,numeric__USM2_joint_tool_roll_q4_path_l1,0.0007647773573697703
random_forest,4,numeric__USM3_pose_global_jerk_cost,0.0007428645190618756
random_forest,4,numeric__USM1_joint_insertion_q3_mean_abs_velocity,0.0007299269225711499
random_forest,4,numeric__USM2_pose_global_idle_threshold_relative,0.0005959744029842
random_forest,4,numeric__USM1_joint_mean_acceleration_l2,0.0005729865093827569
random_forest,4,numeric__USM3_joint_insertion_q3_mean_range,0.0005268274440398083
random_forest,4,numeric__USM0_USM3_pose_global_mean_abs_relative_speed,0.000400151955801634
random_forest,4,task__task_clean_sea_spikes,0.00033843307672426395
random_forest,4,numeric__USM3_joint_insertion_q3_mean_abs_velocity,0.00026318645641154007
random_forest,4,numeric__USM1_joint_mean_speed_l2,0.0002616704195569925
random_forest,4,numeric__USM1_joint_tool_roll_q4_mean_abs_velocity,0.00023637662003311695
random_forest,4,numeric__USM0_USM2_pose_global_alignment_coverage,0.0002156716549790744
random_forest,4,numeric__USM3_joint_pause_duration_seconds,0.00014872743295466173
random_forest,4,numeric__USM3_joint_base_revolute_q0_q2_mean_abs_velocity,0.00012951137665916416
random_forest,4,task__task_clean_suture,7.461939399393642e-05
random_forest,4,task__task_clean_ring_rollercoaster,6.768141536217065e-05
random_forest,4,task__task_clean_glove_cut,6.449826433121561e-06
random_forest,4,numeric__USM3_joint_pause_count,0.0
random_forest,4,numeric__USM0_joint_median_dt_seconds,0.0
random_forest,4,numeric__USM0_pose_global_active,0.0
random_forest,4,numeric__USM3_pose_global_active,0.0
random_forest,4,numeric__active_psm_count,0.0
random_forest,4,numeric__active_pair_usm_a,0.0
random_forest,4,numeric__active_pair_usm_b,0.0
random_forest,4,task__task_clean_camera_target,0.0
random_forest,5,numeric__USM0_pose_global_dimensionless_jerk,0.027206209901709275
random_forest,5,numeric__USM3_pose_global_pause_duration_seconds,0.026199315992068962
random_forest,5,numeric__duration_seconds,0.023958015315113743
random_forest,5,numeric__USM3_pose_global_pause_fraction,0.020290340738830317
random_forest,5,numeric__USM2_pose_global_pause_count,0.018764873621765262
random_forest,5,numeric__USM2_pose_global_mean_angular_speed_rad_s,0.0183519734318475
random_forest,5,numeric__USM2_pose_global_pause_duration_seconds,0.016297628906577884
random_forest,5,numeric__USM2_pose_global_mean_abs_angular_acceleration_rad_s2,0.016198739725912254
random_forest,5,numeric__USM0_pose_global_log_dimensionless_jerk,0.016069456324066773
random_forest,5,numeric__USM2_joint_pause_duration_seconds,0.014923561360154325
random_forest,5,numeric__USM0_pose_global_pause_duration_seconds,0.014826589666483685
random_forest,5,numeric__USM3_joint_jerk_cost,0.01438034080538211
random_forest,5,numeric__USM0_joint_pause_duration_seconds,0.013975453127385967
random_forest,5,numeric__USM3_joint_raw_path_l2,0.013520542221159181
random_forest,5,numeric__USM0_pose_global_pause_count,0.013469460067712824
random_forest,5,numeric__USM3_pose_global_idle_fraction_relative,0.013224316936179125
random_forest,5,numeric__active_pair_simultaneous_active_fraction,0.013121317038637524
random_forest,5,numeric__USM2_pose_global_dimensionless_jerk,0.012473096893138854
random_forest,5,numeric__USM2_pose_global_rotation_determinant_mean,0.012133321591126024
random_forest,5,numeric__USM2_pose_global_log_dimensionless_jerk,0.011300169951622686
random_forest,5,numeric__USM0_pose_global_mean_angular_speed_rad_s,0.010708809935001968
random_forest,5,numeric__USM2_joint_pause_count,0.009778011831782646
random_forest,5,numeric__USM0_joint_base_revolute_q0_q2_mean_abs_velocity,0.00964924576424512
random_forest,5,numeric__USM0_pose_global_mean_abs_angular_acceleration_rad_s2,0.009635215635712086
random_forest,5,numeric__USM0_USM3_pose_global_both_idle_fraction,0.009429798611146152
random_forest,5,numeric__USM3_pose_global_movement_economy,0.009083906540157526
random_forest,5,numeric__USM2_joint_base_revolute_q0_q2_mean_abs_velocity,0.008877338171497004
random_forest,5,numeric__USM1_joint_pause_duration_seconds,0.008422109071751687
random_forest,5,numeric__USM2_joint_insertion_q3_mean_abs_velocity,0.008390421484881111
random_forest,5,numeric__USM0_pose_global_max_speed_l2,0.008162180276991433
random_forest,5,numeric__USM3_pose_global_log_dimensionless_jerk,0.00800723907640819
random_forest,5,numeric__USM2_joint_tool_roll_q4_mean_abs_velocity,0.00799727031371867
random_forest,5,numeric__USM0_USM3_pose_global_path_length_imbalance,0.007709143134374318
random_forest,5,numeric__all_usm_joint_path_l1_total,0.007575748292491906
random_forest,5,numeric__USM2_joint_idle_fraction_relative,0.007467060256361189
random_forest,5,numeric__USM2_joint_pause_fraction,0.007114957787551617
random_forest,5,numeric__USM0_pose_global_max_jerk_l2,0.006904082756106495
random_forest,5,numeric__USM3_pose_global_pause_count,0.0067114825988156355
random_forest,5,numeric__USM3_joint_distal_q5_q9_mean_range,0.006544773220004889
random_forest,5,numeric__USM0_joint_base_revolute_q0_q2_path_l1,0.006533238940649775
random_forest,5,numeric__USM0_USM2_pose_global_simultaneous_active_fraction,0.006452984205204219
random_forest,5,numeric__USM0_joint_jerk_cost,0.006381396272617015
random_forest,5,numeric__USM2_pose_global_pause_fraction,0.006374467121808613
random_forest,5,numeric__USM2_USM3_pose_global_path_length_imbalance,0.006113625677210145
random_forest,5,numeric__USM0_joint_pause_count,0.005896652211018602
random_forest,5,numeric__USM0_joint_raw_path_l2,0.005755829352061052
random_forest,5,numeric__USM0_USM3_pose_global_simultaneous_active_fraction,0.005707696592619546
random_forest,5,numeric__USM3_joint_base_revolute_q0_q2_mean_range,0.005666425478604494
random_forest,5,numeric__USM0_pose_global_rotation_determinant_mean,0.005495726170357955
random_forest,5,numeric__USM3_pose_global_z_range_m,0.005466259126220352
random_forest,5,numeric__USM2_joint_mean_abs_joint_velocity,0.005400103319886051
random_forest,5,numeric__USM0_joint_idle_fraction_relative,0.005183854724812845
random_forest,5,numeric__USM0_pose_global_rotation_path_radians,0.005183468805100859
random_forest,5,numeric__USM2_joint_base_revolute_q0_q2_path_l1,0.005080429345204212
random_forest,5,numeric__USM0_joint_tool_roll_q4_path_l1,0.005054186329448953
random_forest,5,numeric__USM0_pose_global_rms_speed_l2,0.005046117694955681
random_forest,5,numeric__USM2_USM3_pose_global_speed_correlation,0.0049941529844397
random_forest,5,numeric__USM0_joint_insertion_q3_path_l1,0.0049118469589843165
random_forest,5,numeric__USM3_pose_global_dimensionless_jerk,0.004884994709274673
random_forest,5,numeric__USM3_joint_tool_roll_q4_path_l1,0.004868553090407951
random_forest,5,numeric__USM0_pose_global_raw_path_l2,0.004852441761366999
random_forest,5,numeric__USM2_USM3_pose_global_both_idle_fraction,0.004765896189234879
random_forest,5,numeric__USM3_pose_global_mean_angular_speed_rad_s,0.004728692904617075
random_forest,5,numeric__USM3_pose_global_rotation_determinant_mean,0.004669469806295858
random_forest,5,numeric__USM3_joint_mean_joint_range,0.0046220767180636755
random_forest,5,numeric__USM1_joint_insertion_q3_mean_abs_velocity,0.004610450517337305
random_forest,5,numeric__USM0_joint_distal_q5_q9_mean_range,0.004578055656739403
random_forest,5,numeric__USM3_pose_global_rotation_path_radians,0.004489487230853226
random_forest,5,numeric__USM2_pose_global_max_abs_angular_acceleration_rad_s2,0.00440447816060622
random_forest,5,numeric__USM2_pose_global_idle_fraction_relative,0.004359553489098789
random_forest,5,numeric__USM3_pose_global_max_angular_speed_rad_s,0.004295745829714151
random_forest,5,numeric__USM0_joint_tool_roll_q4_mean_abs_velocity,0.004241617978153815
random_forest,5,numeric__USM0_joint_base_revolute_q0_q2_mean_range,0.004201666713928337
random_forest,5,numeric__USM3_joint_base_revolute_q0_q2_path_l1,0.004189233731834559
random_forest,5,numeric__USM2_joint_movement_economy,0.004147464369199196
random_forest,5,numeric__USM0_joint_insertion_q3_mean_abs_velocity,0.004114223134847462
random_forest,5,numeric__USM0_USM3_pose_global_mean_distance_rel,0.004093249998696487
random_forest,5,numeric__USM2_joint_mean_acceleration_l2,0.0040576838986634434
random_forest,5,numeric__USM0_pose_global_max_abs_angular_acceleration_rad_s2,0.003994699927218034
random_forest,5,numeric__USM3_pose_global_idle_threshold_relative,0.00397149584471237
random_forest,5,numeric__USM0_pose_global_path_l2,0.003922150335638068
random_forest,5,numeric__USM3_joint_max_speed_l2,0.0038586142885100377
random_forest,5,numeric__USM0_joint_insertion_q3_mean_range,0.003837548293059753
random_forest,5,numeric__USM0_joint_mean_acceleration_l2,0.0038098755719979116
random_forest,5,numeric__USM1_joint_net_displacement_l2,0.0037545599429474378
random_forest,5,numeric__USM0_joint_max_speed_l2,0.0036525493865453666
random_forest,5,numeric__USM1_joint_idle_fraction_relative,0.0036441281224888432
random_forest,5,numeric__USM2_pose_global_max_angular_speed_rad_s,0.0035859883522351313
random_forest,5,numeric__USM3_pose_global_x_range_m,0.0033886565325282653
random_forest,5,numeric__USM2_joint_mean_joint_range,0.0033419183266491354
random_forest,5,numeric__USM2_USM3_pose_global_distance_range_rel,0.0033352746036657693
random_forest,5,numeric__active_pair_path_length_b_rel,0.003299269695425318
random_forest,5,numeric__USM1_joint_distal_q5_q9_mean_range,0.003265512319733883
random_forest,5,numeric__USM0_USM3_pose_global_speed_correlation,0.003171355139874296
random_forest,5,numeric__USM3_pose_global_economy_area_xy,0.0031169257725972782
random_forest,5,numeric__USM0_USM3_pose_global_one_arm_only_active_fraction,0.0031133216916923445
random_forest,5,numeric__USM0_pose_global_net_displacement_l2,0.003111254099061912
random_forest,5,numeric__USM0_USM2_pose_global_both_idle_fraction,0.003098992754137754
random_forest,5,numeric__USM0_pose_global_mean_speed_l2,0.0030664279767189796
random_forest,5,numeric__USM3_pose_global_workspace_box_volume_m3,0.0030296061953352534
random_forest,5,numeric__USM0_pose_global_max_angular_speed_rad_s,0.003021839413062789
random_forest,5,numeric__USM2_USM3_pose_global_std_distance_rel,0.002985523251826087
random_forest,5,numeric__active_pair_one_arm_only_active_fraction,0.002945211056275854
random_forest,5,numeric__USM3_pose_global_max_abs_angular_acceleration_rad_s2,0.002925180008951066
random_forest,5,numeric__USM2_joint_rms_speed_l2,0.002911667083639333
random_forest,5,numeric__all_psm_pose_global_path_total_m,0.0029049221925017007
random_forest,5,numeric__USM2_USM3_pose_global_one_arm_only_active_fraction,0.0029009110508158124
random_forest,5,numeric__USM2_pose_global_y_range_m,0.0028954667717354617
random_forest,5,numeric__USM3_pose_global_raw_path_l2,0.002893332079844058
random_forest,5,numeric__USM3_pose_global_max_speed_l2,0.0028766910447798892
random_forest,5,numeric__USM1_joint_base_revolute_q0_q2_mean_abs_velocity,0.0028540245478361377
random_forest,5,numeric__USM0_joint_tool_roll_q4_mean_range,0.0028342347428887
random_forest,5,numeric__USM2_joint_raw_path_l2,0.0027916345716869667
random_forest,5,numeric__USM0_USM3_pose_global_mean_abs_relative_speed,0.002786672021580572
random_forest,5,numeric__USM2_pose_global_path_l2,0.0027853922027180765
random_forest,5,numeric__USM3_pose_global_rms_speed_l2,0.0027801586266748652
random_forest,5,numeric__USM0_USM2_pose_global_speed_correlation,0.0027798451455368603
random_forest,5,numeric__USM0_pose_global_pause_fraction,0.0027614940464414203
random_forest,5,numeric__USM0_joint_max_jerk_l2,0.0027173275316150474
random_forest,5,numeric__USM2_joint_max_abs_joint_velocity,0.0027168229705704567
random_forest,5,numeric__USM3_joint_insertion_q3_path_l1,0.0027150207576597018
random_forest,5,numeric__USM3_pose_global_economy_area_yz,0.0027067633543749713
random_forest,5,numeric__USM2_pose_global_economy_area_yz,0.0026890384022101163
random_forest,5,numeric__USM0_joint_net_displacement_l2,0.00268780303808634
random_forest,5,numeric__USM0_pose_global_movement_economy,0.0026876087994661523
random_forest,5,numeric__USM2_joint_tool_roll_q4_path_l1,0.002662149276053815
random_forest,5,numeric__USM2_joint_insertion_q3_path_l1,0.0026421565933845976
random_forest,5,numeric__USM2_joint_max_jerk_l2,0.0026068132778213804
random_forest,5,numeric__USM0_pose_global_x_range_m,0.0026060478138309182
random_forest,5,numeric__USM2_joint_base_revolute_q0_q2_mean_range,0.0026058974263177253
random_forest,5,numeric__USM3_pose_global_max_acceleration_l2,0.0025978412308487672
random_forest,5,numeric__USM1_joint_insertion_q3_path_l1,0.0025928610295021842
random_forest,5,numeric__USM0_joint_max_acceleration_l2,0.0025905894226201124
random_forest,5,numeric__USM2_joint_max_acceleration_l2,0.002587739638496709
random_forest,5,numeric__USM2_joint_insertion_q3_mean_range,0.002582916792380941
random_forest,5,numeric__USM2_pose_global_mean_speed_l2,0.002537264440929549
random_forest,5,numeric__active_pair_speed_correlation,0.002508463262317356
random_forest,5,numeric__USM0_pose_global_economy_volume,0.0024950265109684455
random_forest,5,numeric__USM2_USM3_pose_global_mean_distance_rel,0.0024820673150770527
random_forest,5,numeric__USM3_pose_global_y_range_m,0.002477149779057297
random_forest,5,numeric__USM3_pose_global_economy_volume,0.0024234656628717103
random_forest,5,numeric__USM1_joint_distal_q5_q9_path_l1,0.0024082618723037436
random_forest,5,numeric__USM0_joint_idle_threshold_relative,0.0023969061709077214
random_forest,5,numeric__USM1_joint_insertion_q3_mean_range,0.002368697643129494
random_forest,5,numeric__USM2_pose_global_x_range_m,0.0023515251850257544
random_forest,5,numeric__USM2_pose_global_rotation_path_radians,0.002335930913605834
random_forest,5,numeric__USM0_USM2_pose_global_path_length_imbalance,0.0023321485496124615
random_forest,5,numeric__USM1_joint_max_abs_joint_velocity,0.002329298928047354
random_forest,5,numeric__USM3_joint_tool_roll_q4_mean_abs_velocity,0.002322106119505483
random_forest,5,numeric__USM3_pose_global_mean_abs_angular_acceleration_rad_s2,0.0023183402276568087
random_forest,5,numeric__USM2_joint_mean_speed_l2,0.002312838684412168
random_forest,5,numeric__USM2_joint_net_displacement_l2,0.0023002398686390625
random_forest,5,numeric__USM3_joint_net_displacement_l2,0.002276128662265509
random_forest,5,numeric__USM0_pose_global_economy_area_yz,0.002249738722485852
random_forest,5,numeric__USM3_pose_global_net_displacement_l2,0.002246901376178023
random_forest,5,numeric__USM2_joint_max_speed_l2,0.0022265249410318615
random_forest,5,numeric__USM0_pose_global_idle_fraction_relative,0.00218690517156141
random_forest,5,numeric__USM1_joint_movement_economy,0.0021703912159679907
random_forest,5,numeric__USM3_pose_global_jerk_cost,0.002134081570794436
random_forest,5,numeric__USM2_joint_jerk_cost,0.002128232091847717
random_forest,5,numeric__USM2_USM3_pose_global_simultaneous_active_fraction,0.002125398330806904
random_forest,5,numeric__USM3_joint_movement_economy,0.0021180507981493884
random_forest,5,numeric__USM2_pose_global_economy_volume,0.0021144292031139117
random_forest,5,numeric__USM0_joint_rms_speed_l2,0.0021107795975261008
random_forest,5,numeric__USM2_pose_global_idle_threshold_relative,0.002082828340434778
random_forest,5,numeric__USM0_joint_mean_speed_l2,0.0020807138578716263
random_forest,5,numeric__USM1_joint_base_revolute_q0_q2_mean_range,0.0020634451440129623
random_forest,5,numeric__USM0_pose_global_economy_area_xz,0.0020275562862612563
random_forest,5,numeric__active_pair_path_length_imbalance,0.0020110647880633554
random_forest,5,numeric__USM0_pose_global_y_range_m,0.0019998109814786404
random_forest,5,numeric__USM1_joint_max_acceleration_l2,0.0019200521403650594
random_forest,5,numeric__USM1_joint_max_speed_l2,0.0019170102918807043
random_forest,5,numeric__USM1_joint_mean_joint_range,0.0019147705319360244
random_forest,5,numeric__USM2_pose_global_economy_area_xy,0.0018888196780518576
random_forest,5,numeric__USM3_joint_max_joint_range,0.001885873920922762
random_forest,5,numeric__USM3_pose_global_max_jerk_l2,0.0018828668184180818
random_forest,5,numeric__USM1_joint_pause_count,0.0018726526237378255
random_forest,5,numeric__USM0_USM2_pose_global_one_arm_only_active_fraction,0.001852701580931985
random_forest,5,numeric__USM2_pose_global_economy_area_xz,0.0018342842351356356
random_forest,5,numeric__USM1_joint_pause_fraction,0.001806435249019995
random_forest,5,numeric__USM2_joint_distal_q5_q9_mean_range,0.0017965409494415524
random_forest,5,numeric__USM1_joint_max_joint_range,0.001778048562879075
random_forest,5,numeric__USM3_joint_mean_speed_l2,0.0017539012753823135
random_forest,5,numeric__USM0_joint_movement_economy,0.0017328621146629525
random_forest,5,numeric__USM3_pose_global_mean_speed_l2,0.0017108794342978856
random_forest,5,numeric__USM1_joint_raw_path_l2,0.0016812034847224124
random_forest,5,numeric__USM0_joint_mean_joint_range,0.0015854492352634431
random_forest,5,numeric__USM2_joint_idle_threshold_relative,0.0015726192119079683
random_forest,5,numeric__USM2_pose_global_movement_economy,0.001567913887258256
random_forest,5,numeric__USM1_joint_jerk_cost,0.0015391347317165714
random_forest,5,numeric__USM0_pose_global_economy_area_xy,0.0015157869749621669
random_forest,5,numeric__USM1_joint_max_jerk_l2,0.0014663535154855953
random_forest,5,numeric__USM1_joint_mean_acceleration_l2,0.0014643635668406497
random_forest,5,numeric__USM1_joint_tool_roll_q4_mean_abs_velocity,0.0014552700704207715
random_forest,5,numeric__USM1_joint_tool_roll_q4_path_l1,0.0014411589307452848
random_forest,5,numeric__USM0_joint_max_joint_range,0.0014374972655715461
random_forest,5,numeric__USM2_pose_global_z_range_m,0.001410973314139644
random_forest,5,numeric__USM1_joint_base_revolute_q0_q2_path_l1,0.0014025753739869463
random_forest,5,numeric__USM3_joint_max_acceleration_l2,0.0013757308287046892
random_forest,5,numeric__USM0_USM3_pose_global_std_distance_rel,0.0013678988519992825
random_forest,5,numeric__USM0_pose_global_idle_threshold_relative,0.0013629982666462375
random_forest,5,numeric__USM3_pose_global_economy_area_xz,0.0013627025281252897
random_forest,5,numeric__USM1_joint_mean_speed_l2,0.001333937916936128
random_forest,5,numeric__USM0_USM3_pose_global_distance_range_rel,0.0012419736843945447
random_forest,5,numeric__USM2_joint_max_joint_range,0.0011506960936118287
random_forest,5,numeric__USM2_pose_global_raw_path_l2,0.0011162598142737444
random_forest,5,numeric__USM3_joint_idle_fraction_relative,0.0010359201067306554
random_forest,5,numeric__USM1_joint_rms_speed_l2,0.0008120037051918394
random_forest,5,numeric__USM0_joint_max_gap_seconds,0.0007716699568103085
random_forest,5,numeric__USM3_joint_base_revolute_q0_q2_mean_abs_velocity,0.0007372873283224151
random_forest,5,numeric__USM0_USM2_pose_global_alignment_coverage,0.0006906550252076402
random_forest,5,numeric__active_psm_count,0.0005357839209756705
random_forest,5,numeric__USM3_joint_insertion_q3_mean_range,0.00042495621855984724
random_forest,5,task__task_clean_suture,0.0002760931355057861
random_forest,5,task__task_clean_camera_target,0.00014502609141040342
random_forest,5,task__task_clean_sea_spikes,0.00012692889918962874
random_forest,5,task__task_clean_ring_rollercoaster,0.00012513701870948572
random_forest,5,numeric__USM3_joint_insertion_q3_mean_abs_velocity,8.888771099285688e-05
random_forest,5,numeric__USM3_joint_pause_duration_seconds,5.000375087722642e-05
random_forest,5,numeric__USM0_joint_median_dt_seconds,0.0
random_forest,5,numeric__USM3_joint_pause_count,0.0
random_forest,5,numeric__USM3_pose_global_active,0.0
random_forest,5,numeric__USM0_pose_global_active,0.0
random_forest,5,numeric__active_pair_usm_b,0.0
random_forest,5,numeric__active_pair_usm_a,0.0
random_forest,5,task__task_clean_glove_cut,0.0
extra_trees,1,numeric__USM0_pose_global_rotation_determinant_mean,0.10723984262033363
extra_trees,1,numeric__USM0_USM3_pose_global_simultaneous_active_fraction,0.030325997357209526
extra_trees,1,numeric__USM2_pose_global_pause_duration_seconds,0.026316424011256345
extra_trees,1,numeric__USM2_joint_pause_duration_seconds,0.02609425557587772
extra_trees,1,numeric__USM0_joint_pause_duration_seconds,0.02472968800608946
extra_trees,1,numeric__USM3_pose_global_pause_duration_seconds,0.024374774675757375
extra_trees,1,numeric__USM0_pose_global_pause_duration_seconds,0.022513869369729066
extra_trees,1,numeric__duration_seconds,0.021888866249770367
extra_trees,1,numeric__active_pair_simultaneous_active_fraction,0.021372491468173868
extra_trees,1,numeric__USM2_joint_base_revolute_q0_q2_mean_abs_velocity,0.019487634709972335
extra_trees,1,numeric__USM0_joint_base_revolute_q0_q2_mean_abs_velocity,0.01838466151238792
extra_trees,1,numeric__USM3_pose_global_idle_fraction_relative,0.01786382718009651
extra_trees,1,numeric__USM3_pose_global_rotation_determinant_mean,0.015929340803079298
extra_trees,1,numeric__USM2_pose_global_pause_count,0.014118747924276696
extra_trees,1,numeric__USM2_pose_global_rotation_determinant_mean,0.012255835317930926
extra_trees,1,numeric__USM0_pose_global_log_dimensionless_jerk,0.011618427567456333
extra_trees,1,numeric__USM3_pose_global_pause_fraction,0.011433603818613589
extra_trees,1,numeric__USM2_USM3_pose_global_simultaneous_active_fraction,0.01122094657009477
extra_trees,1,numeric__USM0_USM3_pose_global_both_idle_fraction,0.010901787312750683
extra_trees,1,numeric__USM0_pose_global_idle_threshold_relative,0.009717712060097583
extra_trees,1,task__task_clean_suture,0.009120979949755352
extra_trees,1,numeric__USM2_joint_pause_count,0.00891951076382115
extra_trees,1,numeric__USM2_pose_global_log_dimensionless_jerk,0.008461045156752627
extra_trees,1,numeric__USM1_joint_pause_duration_seconds,0.008357976388096754
extra_trees,1,numeric__USM0_USM2_pose_global_simultaneous_active_fraction,0.008310232611235641
extra_trees,1,numeric__USM0_pose_global_pause_count,0.008073843743965506
extra_trees,1,numeric__USM3_pose_global_pause_count,0.007592346093912212
extra_trees,1,numeric__USM2_joint_insertion_q3_mean_abs_velocity,0.0070884757429427216
extra_trees,1,numeric__USM0_joint_pause_count,0.00690291404280381
extra_trees,1,numeric__USM0_USM3_pose_global_path_length_imbalance,0.006524304049622651
extra_trees,1,numeric__USM0_joint_base_revolute_q0_q2_path_l1,0.006485203765812976
extra_trees,1,numeric__USM0_joint_insertion_q3_mean_abs_velocity,0.006404924602140311
extra_trees,1,numeric__USM0_joint_base_revolute_q0_q2_mean_range,0.00622269704261177
extra_trees,1,numeric__USM3_pose_global_idle_threshold_relative,0.00568775336785615
extra_trees,1,numeric__USM0_joint_jerk_cost,0.0054804708032663175
extra_trees,1,numeric__USM3_pose_global_log_dimensionless_jerk,0.0053302263255161995
extra_trees,1,numeric__USM2_joint_tool_roll_q4_mean_abs_velocity,0.005039209378495016
extra_trees,1,numeric__USM3_pose_global_z_range_m,0.004987747549046824
extra_trees,1,numeric__USM2_USM3_pose_global_path_length_imbalance,0.004845652004287994
extra_trees,1,numeric__USM2_pose_global_idle_fraction_relative,0.004802316999186954
extra_trees,1,numeric__USM2_joint_idle_fraction_relative,0.004747644673776919
extra_trees,1,numeric__USM1_joint_insertion_q3_mean_range,0.004619959696064664
extra_trees,1,numeric__USM2_pose_global_mean_abs_angular_acceleration_rad_s2,0.004504362190024764
extra_trees,1,numeric__USM0_pose_global_rms_speed_l2,0.004455689075267984
extra_trees,1,numeric__USM0_joint_tool_roll_q4_mean_abs_velocity,0.00441611263468021
extra_trees,1,numeric__active_pair_path_length_imbalance,0.004298965340223001
extra_trees,1,numeric__USM2_pose_global_pause_fraction,0.004296126614117513
extra_trees,1,numeric__USM2_pose_global_mean_angular_speed_rad_s,0.004184905987525693
extra_trees,1,numeric__USM2_USM3_pose_global_both_idle_fraction,0.004123495839079413
extra_trees,1,task__task_clean_sea_spikes,0.004067404444724016
extra_trees,1,numeric__USM1_joint_insertion_q3_mean_abs_velocity,0.0040485195541027615
extra_trees,1,numeric__USM2_joint_base_revolute_q0_q2_path_l1,0.003920897934783459
extra_trees,1,numeric__USM2_USM3_pose_global_speed_correlation,0.00387386962153582
extra_trees,1,numeric__USM0_USM2_pose_global_speed_correlation,0.0038508032714076566
extra_trees,1,numeric__USM2_joint_base_revolute_q0_q2_mean_range,0.0037925482777987534
extra_trees,1,numeric__USM0_pose_global_movement_economy,0.003697510545982797
extra_trees,1,numeric__USM3_pose_global_max_jerk_l2,0.0036935046646249803
extra_trees,1,numeric__all_usm_joint_path_l1_total,0.0036893852179240745
extra_trees,1,numeric__USM2_USM3_pose_global_one_arm_only_active_fraction,0.003625033896935896
extra_trees,1,numeric__USM3_pose_global_rms_speed_l2,0.0035854316898874597
extra_trees,1,numeric__USM0_pose_global_mean_angular_speed_rad_s,0.0035817506451654053
extra_trees,1,numeric__USM0_pose_global_max_abs_angular_acceleration_rad_s2,0.003572241209406383
extra_trees,1,numeric__USM0_joint_net_displacement_l2,0.0034897748699922143
extra_trees,1,numeric__USM1_joint_base_revolute_q0_q2_mean_abs_velocity,0.0034527670813699913
extra_trees,1,numeric__USM1_joint_distal_q5_q9_mean_range,0.003422244574134179
extra_trees,1,numeric__USM2_pose_global_max_abs_angular_acceleration_rad_s2,0.0034198851267853423
extra_trees,1,numeric__USM0_pose_global_max_speed_l2,0.003341602484238725
extra_trees,1,numeric__USM2_joint_pause_fraction,0.003278214930551605
extra_trees,1,numeric__USM0_USM3_pose_global_speed_correlation,0.003233886463058636
extra_trees,1,numeric__USM2_joint_tool_roll_q4_path_l1,0.003216580996761845
extra_trees,1,numeric__USM0_joint_insertion_q3_path_l1,0.0032114646809532246
extra_trees,1,numeric__USM0_joint_raw_path_l2,0.0032057223282172705
extra_trees,1,numeric__USM2_USM3_pose_global_std_distance_rel,0.003188576920637553
extra_trees,1,numeric__USM2_pose_global_max_angular_speed_rad_s,0.003161699116743367
extra_trees,1,numeric__USM2_pose_global_dimensionless_jerk,0.0031479910266234957
extra_trees,1,numeric__USM0_pose_global_mean_abs_angular_acceleration_rad_s2,0.0031062967898157707
extra_trees,1,numeric__USM0_joint_max_joint_range,0.003068719460035606
extra_trees,1,numeric__USM1_joint_max_joint_range,0.0030371984838514802
extra_trees,1,numeric__USM2_pose_global_mean_speed_l2,0.0030070387657218345
extra_trees,1,numeric__USM2_joint_net_displacement_l2,0.002995083297136784
extra_trees,1,numeric__USM2_joint_movement_economy,0.0029766808217141436
extra_trees,1,numeric__USM2_pose_global_economy_area_yz,0.0029667102943393537
extra_trees,1,numeric__USM0_USM3_pose_global_one_arm_only_active_fraction,0.002933462053297235
extra_trees,1,numeric__USM2_USM3_pose_global_distance_range_rel,0.0029023483521242177
extra_trees,1,numeric__USM0_pose_global_economy_area_yz,0.0028911658721384216
extra_trees,1,numeric__active_pair_one_arm_only_active_fraction,0.0028890225583791214
extra_trees,1,numeric__USM3_joint_mean_speed_l2,0.0028887611870531587
extra_trees,1,numeric__USM0_joint_tool_roll_q4_mean_range,0.002847581639481605
extra_trees,1,numeric__USM2_joint_insertion_q3_mean_range,0.00282127223619405
extra_trees,1,numeric__USM3_pose_global_max_acceleration_l2,0.002787417583303415
extra_trees,1,numeric__USM0_pose_global_raw_path_l2,0.002739083866562644
extra_trees,1,numeric__USM0_joint_insertion_q3_mean_range,0.002729376964006185
extra_trees,1,numeric__USM0_pose_global_idle_fraction_relative,0.002722332647528719
extra_trees,1,numeric__USM3_pose_global_economy_area_xy,0.0027059672114193704
extra_trees,1,numeric__USM0_pose_global_mean_speed_l2,0.002705242098692856
extra_trees,1,numeric__USM2_joint_mean_joint_range,0.0026747503401784905
extra_trees,1,numeric__USM0_joint_distal_q5_q9_mean_range,0.0026483327180535357
extra_trees,1,numeric__USM0_USM3_pose_global_std_distance_rel,0.00263292670002696
extra_trees,1,numeric__USM2_joint_max_joint_range,0.00258590725396306
extra_trees,1,numeric__USM2_USM3_pose_global_mean_distance_rel,0.0025583375767881207
extra_trees,1,numeric__USM1_joint_net_displacement_l2,0.0025394241459636923
extra_trees,1,numeric__USM3_pose_global_dimensionless_jerk,0.002502432314311424
extra_trees,1,numeric__USM0_joint_mean_speed_l2,0.002480730710909118
extra_trees,1,numeric__USM0_USM2_pose_global_path_length_imbalance,0.002452992793432985
extra_trees,1,numeric__USM3_joint_net_displacement_l2,0.0024501306187210735
extra_trees,1,numeric__USM0_joint_rms_speed_l2,0.0024330362113362887
extra_trees,1,numeric__active_pair_path_length_b_rel,0.0024036305830308336
extra_trees,1,numeric__USM0_pose_global_economy_volume,0.0024010985704589318
extra_trees,1,numeric__all_psm_pose_global_path_total_m,0.002392399891606583
extra_trees,1,numeric__USM2_joint_max_abs_joint_velocity,0.0023484005558623913
extra_trees,1,numeric__USM2_joint_insertion_q3_path_l1,0.0023396666607051935
extra_trees,1,numeric__USM0_joint_mean_acceleration_l2,0.002312717051085916
extra_trees,1,numeric__USM0_USM3_pose_global_mean_distance_rel,0.002305963932562188
extra_trees,1,numeric__USM0_pose_global_pause_fraction,0.002272515648789341
extra_trees,1,numeric__USM0_joint_tool_roll_q4_path_l1,0.002269384104220421
extra_trees,1,numeric__USM0_joint_mean_joint_range,0.0022669344402032983
extra_trees,1,numeric__USM1_joint_base_revolute_q0_q2_path_l1,0.0022621032086991857
extra_trees,1,numeric__USM1_joint_insertion_q3_path_l1,0.0022076266797611344
extra_trees,1,numeric__USM2_pose_global_y_range_m,0.002192671506458666
extra_trees,1,numeric__USM3_pose_global_max_speed_l2,0.0021609646318246157
extra_trees,1,numeric__USM1_joint_idle_fraction_relative,0.0021575604189052124
extra_trees,1,numeric__USM1_joint_mean_joint_range,0.0021514129960799274
extra_trees,1,numeric__active_pair_speed_correlation,0.0021373923962965126
extra_trees,1,numeric__USM0_joint_idle_fraction_relative,0.002126559561297304
extra_trees,1,numeric__USM3_joint_tool_roll_q4_mean_abs_velocity,0.0021247258102168928
extra_trees,1,numeric__USM2_pose_global_economy_area_xz,0.002120200109561026
extra_trees,1,numeric__USM3_pose_global_max_abs_angular_acceleration_rad_s2,0.0021154634361219616
extra_trees,1,numeric__USM0_joint_max_jerk_l2,0.002114993653915018
extra_trees,1,numeric__USM0_pose_global_max_angular_speed_rad_s,0.0020927437977306695
extra_trees,1,numeric__USM3_pose_global_movement_economy,0.002086359435820656
extra_trees,1,numeric__USM0_pose_global_dimensionless_jerk,0.002077217520039318
extra_trees,1,numeric__USM0_joint_max_gap_seconds,0.002066486802134161
extra_trees,1,numeric__USM0_pose_global_rotation_path_radians,0.0020348561826695286
extra_trees,1,numeric__USM0_joint_max_acceleration_l2,0.002026775224529064
extra_trees,1,numeric__USM3_pose_global_mean_speed_l2,0.0020186039006617838
extra_trees,1,numeric__USM0_USM3_pose_global_mean_abs_relative_speed,0.0020072561779039036
extra_trees,1,numeric__USM3_pose_global_mean_angular_speed_rad_s,0.0019999881801104507
extra_trees,1,task__task_clean_ring_rollercoaster,0.0019858134114097317
extra_trees,1,numeric__USM0_pose_global_economy_area_xz,0.0019811327630489717
extra_trees,1,numeric__USM2_joint_max_acceleration_l2,0.0019729982379564064
extra_trees,1,numeric__USM2_joint_max_speed_l2,0.0019687956879778003
extra_trees,1,task__task_clean_glove_cut,0.001962052444206386
extra_trees,1,numeric__USM3_pose_global_max_angular_speed_rad_s,0.0019419675319320311
extra_trees,1,numeric__USM2_joint_idle_threshold_relative,0.0019387672623571055
extra_trees,1,numeric__USM0_joint_max_speed_l2,0.0019127346746888746
extra_trees,1,numeric__USM0_pose_global_max_jerk_l2,0.0018780394203071434
extra_trees,1,numeric__USM2_pose_global_rotation_path_radians,0.001859311899960632
extra_trees,1,numeric__USM0_USM2_pose_global_both_idle_fraction,0.0018513093550899422
extra_trees,1,numeric__USM1_joint_movement_economy,0.001850673694874211
extra_trees,1,numeric__USM2_pose_global_movement_economy,0.001842138974844296
extra_trees,1,numeric__USM0_joint_idle_threshold_relative,0.001827633974926783
extra_trees,1,numeric__USM1_joint_tool_roll_q4_path_l1,0.001824599587509746
extra_trees,1,numeric__USM3_joint_rms_speed_l2,0.0018215137621653377
extra_trees,1,numeric__USM0_USM3_pose_global_distance_range_rel,0.0017921505705918138
extra_trees,1,numeric__USM2_joint_raw_path_l2,0.0017654414680786845
extra_trees,1,numeric__USM3_pose_global_active,0.0017448946645646436
extra_trees,1,numeric__USM2_joint_mean_speed_l2,0.0017355946780967686
extra_trees,1,numeric__USM0_joint_movement_economy,0.0017306215113964422
extra_trees,1,numeric__USM0_USM2_pose_global_one_arm_only_active_fraction,0.0017196533750338486
extra_trees,1,numeric__USM3_joint_base_revolute_q0_q2_mean_abs_velocity,0.0017186438629076394
extra_trees,1,numeric__USM3_pose_global_economy_area_yz,0.0017182401830526698
extra_trees,1,numeric__active_pair_both_idle_fraction,0.0016968502001582272
extra_trees,1,numeric__USM1_joint_max_acceleration_l2,0.0016962513749815623
extra_trees,1,numeric__USM2_pose_global_z_range_m,0.0016898837238702618
extra_trees,1,numeric__USM1_joint_max_speed_l2,0.0016692252464161135
extra_trees,1,numeric__USM2_pose_global_idle_threshold_relative,0.0016612402725803218
extra_trees,1,numeric__USM2_joint_rms_speed_l2,0.0016587755752789373
extra_trees,1,numeric__USM3_pose_global_economy_volume,0.001644562132832978
extra_trees,1,numeric__USM3_pose_global_economy_area_xz,0.0016437130740598804
extra_trees,1,numeric__USM2_pose_global_path_l2,0.0016393099763500002
extra_trees,1,numeric__USM0_pose_global_path_l2,0.001634118246866171
extra_trees,1,numeric__USM2_joint_mean_abs_joint_velocity,0.001603172188223006
extra_trees,1,numeric__USM2_pose_global_economy_volume,0.0015808853731546473
extra_trees,1,numeric__USM2_pose_global_x_range_m,0.001573478438656166
extra_trees,1,numeric__USM3_pose_global_net_displacement_l2,0.0015651250238037416
extra_trees,1,numeric__USM1_joint_pause_count,0.0015581181385719847
extra_trees,1,numeric__USM3_joint_max_acceleration_l2,0.0015459515658741774
extra_trees,1,numeric__USM2_joint_mean_acceleration_l2,0.0015350983314756448
extra_trees,1,numeric__USM3_joint_distal_q5_q9_mean_range,0.0015307947726318002
extra_trees,1,numeric__USM2_joint_distal_q5_q9_mean_range,0.0015119368161549383
extra_trees,1,numeric__USM1_joint_pause_fraction,0.001506673253191398
extra_trees,1,numeric__USM0_pose_global_y_range_m,0.0015066171829046199
extra_trees,1,numeric__USM3_joint_insertion_q3_mean_range,0.001498362677470921
extra_trees,1,numeric__USM3_pose_global_raw_path_l2,0.0014602221456344242
extra_trees,1,numeric__USM3_joint_mean_joint_range,0.0014601976412563305
extra_trees,1,numeric__USM1_joint_base_revolute_q0_q2_mean_range,0.0014464779298901881
extra_trees,1,numeric__USM3_joint_base_revolute_q0_q2_path_l1,0.0014337715286680175
extra_trees,1,numeric__USM0_pose_global_net_displacement_l2,0.0013913319457950154
extra_trees,1,numeric__USM3_pose_global_jerk_cost,0.0013897053620479409
extra_trees,1,numeric__USM2_joint_max_jerk_l2,0.0013526227830392243
extra_trees,1,numeric__USM0_pose_global_economy_area_xy,0.0013479364333703842
extra_trees,1,numeric__USM1_joint_max_abs_joint_velocity,0.001316714028549924
extra_trees,1,numeric__USM1_joint_raw_path_l2,0.0013155231779575977
extra_trees,1,numeric__USM3_joint_max_joint_range,0.001312793006141143
extra_trees,1,numeric__USM1_joint_jerk_cost,0.0013099518326074784
extra_trees,1,numeric__USM2_joint_jerk_cost,0.001282893280340669
extra_trees,1,numeric__USM2_pose_global_economy_area_xy,0.0012658844205544314
extra_trees,1,numeric__USM1_joint_tool_roll_q4_mean_abs_velocity,0.0012377181687345778
extra_trees,1,numeric__USM3_pose_global_mean_abs_angular_acceleration_rad_s2,0.001234761672225546
extra_trees,1,numeric__USM1_joint_max_jerk_l2,0.0012187556760507418
extra_trees,1,numeric__USM0_pose_global_x_range_m,0.0012164526821776755
extra_trees,1,numeric__USM3_pose_global_workspace_box_volume_m3,0.0012057843885889842
extra_trees,1,numeric__active_psm_count,0.0011995225138827492
extra_trees,1,numeric__USM3_joint_insertion_q3_mean_abs_velocity,0.0011870280423943388
extra_trees,1,numeric__USM3_pose_global_x_range_m,0.0011498633636745066
extra_trees,1,numeric__USM3_pose_global_y_range_m,0.0011427769756419805
extra_trees,1,numeric__USM3_pose_global_rotation_path_radians,0.0011400453926115536
extra_trees,1,numeric__USM2_pose_global_raw_path_l2,0.0011203038149523495
extra_trees,1,numeric__USM3_joint_raw_path_l2,0.001098753938575636
extra_trees,1,numeric__USM3_joint_movement_economy,0.0010963529872639315
extra_trees,1,numeric__USM3_joint_insertion_q3_path_l1,0.0010903135118345724
extra_trees,1,numeric__USM0_USM2_pose_global_alignment_coverage,0.0010579657826587435
extra_trees,1,numeric__USM1_joint_idle_threshold_relative,0.00105398045744273
extra_trees,1,numeric__USM3_joint_max_speed_l2,0.000993096261666688
extra_trees,1,numeric__USM1_joint_mean_acceleration_l2,0.0009727916027108739
extra_trees,1,numeric__USM3_joint_idle_fraction_relative,0.0008418436884801
extra_trees,1,numeric__USM3_joint_base_revolute_q0_q2_mean_range,0.0007817223556747943
extra_trees,1,numeric__USM1_joint_mean_speed_l2,0.0006328489849063996
extra_trees,1,task__task_clean_camera_target,0.0005285606699530995
extra_trees,1,numeric__active_pair_usm_b,0.00034999653276945587
extra_trees,1,numeric__USM3_joint_pause_duration_seconds,0.00033692598038208114
extra_trees,1,numeric__USM3_joint_pause_count,0.00026744372488841857
extra_trees,1,numeric__USM0_pose_global_active,0.00014592397858660385
extra_trees,1,numeric__USM0_joint_median_dt_seconds,0.0
extra_trees,1,numeric__active_pair_usm_a,0.0
extra_trees,2,numeric__USM0_pose_global_rotation_determinant_mean,0.11072156594210501
extra_trees,2,numeric__USM2_pose_global_pause_duration_seconds,0.035817179149565274
extra_trees,2,numeric__USM2_joint_insertion_q3_mean_abs_velocity,0.03270846791041054
extra_trees,2,numeric__USM2_joint_base_revolute_q0_q2_mean_abs_velocity,0.02823783637054583
extra_trees,2,numeric__USM3_pose_global_pause_duration_seconds,0.027231757457286076
extra_trees,2,numeric__USM0_pose_global_pause_duration_seconds,0.023741339487915052
extra_trees,2,numeric__duration_seconds,0.023643955547123063
extra_trees,2,numeric__USM2_joint_pause_duration_seconds,0.022351556477101915
extra_trees,2,numeric__USM0_joint_pause_duration_seconds,0.019918443685059708
extra_trees,2,numeric__active_pair_simultaneous_active_fraction,0.018163993325198517
extra_trees,2,numeric__USM3_pose_global_pause_fraction,0.016795233846532167
extra_trees,2,numeric__USM0_joint_base_revolute_q0_q2_mean_abs_velocity,0.01675717752952995
extra_trees,2,numeric__USM0_USM2_pose_global_simultaneous_active_fraction,0.0155365989397205
extra_trees,2,numeric__USM2_pose_global_mean_abs_angular_acceleration_rad_s2,0.014675050500914168
extra_trees,2,numeric__USM3_pose_global_rotation_determinant_mean,0.014198684852942667
extra_trees,2,numeric__USM3_pose_global_pause_count,0.012129504084333435
extra_trees,2,numeric__USM0_pose_global_log_dimensionless_jerk,0.011973943237400255
extra_trees,2,numeric__USM2_pose_global_mean_angular_speed_rad_s,0.011654392424651152
extra_trees,2,numeric__USM0_joint_jerk_cost,0.011111333280129629
extra_trees,2,numeric__USM0_joint_base_revolute_q0_q2_path_l1,0.01027016043530458
extra_trees,2,numeric__USM0_USM3_pose_global_both_idle_fraction,0.010259176246766668
extra_trees,2,numeric__USM2_pose_global_rotation_determinant_mean,0.009734761932409856
extra_trees,2,numeric__USM0_joint_raw_path_l2,0.00928384502631663
extra_trees,2,numeric__USM3_pose_global_idle_fraction_relative,0.009203566907701988
extra_trees,2,numeric__USM2_joint_base_revolute_q0_q2_path_l1,0.008375893358030207
extra_trees,2,numeric__USM2_pose_global_pause_count,0.00828930122289309
extra_trees,2,numeric__USM0_USM3_pose_global_path_length_imbalance,0.008075088356145394
extra_trees,2,numeric__USM0_pose_global_mean_abs_angular_acceleration_rad_s2,0.007763468157545531
extra_trees,2,numeric__USM2_USM3_pose_global_simultaneous_active_fraction,0.007744197039669278
extra_trees,2,numeric__USM1_joint_pause_duration_seconds,0.007002056083866342
extra_trees,2,numeric__USM0_USM3_pose_global_simultaneous_active_fraction,0.006937222972071781
extra_trees,2,numeric__USM0_pose_global_pause_count,0.006754122071043735
extra_trees,2,numeric__USM0_pose_global_mean_angular_speed_rad_s,0.006710451889986517
extra_trees,2,numeric__USM0_joint_base_revolute_q0_q2_mean_range,0.005976828571923052
extra_trees,2,numeric__all_usm_joint_path_l1_total,0.005914252046316807
extra_trees,2,numeric__USM3_joint_tool_roll_q4_mean_abs_velocity,0.005768077054027982
extra_trees,2,numeric__USM2_joint_tool_roll_q4_mean_abs_velocity,0.005564814199814729
extra_trees,2,numeric__USM2_USM3_pose_global_path_length_imbalance,0.005529116088102743
extra_trees,2,numeric__USM0_pose_global_max_speed_l2,0.005416316964315384
extra_trees,2,numeric__USM0_joint_insertion_q3_mean_abs_velocity,0.0053962827621741325
extra_trees,2,numeric__USM0_pose_global_rms_speed_l2,0.005251898353873183
extra_trees,2,numeric__USM0_pose_global_max_jerk_l2,0.005049460471095741
extra_trees,2,numeric__active_pair_path_length_imbalance,0.004944872969184878
extra_trees,2,numeric__USM2_pose_global_idle_fraction_relative,0.0048108520844832746
extra_trees,2,numeric__USM3_pose_global_idle_threshold_relative,0.0047167916113788465
extra_trees,2,numeric__USM2_pose_global_dimensionless_jerk,0.004586866792778291
extra_trees,2,numeric__USM0_joint_insertion_q3_path_l1,0.004533623240497548
extra_trees,2,task__task_clean_suture,0.00430857811807863
extra_trees,2,numeric__USM2_joint_idle_fraction_relative,0.004167559932437778
extra_trees,2,numeric__USM2_USM3_pose_global_speed_correlation,0.0040056734006818214
extra_trees,2,numeric__USM2_joint_pause_count,0.0039989263686053276
extra_trees,2,numeric__USM3_pose_global_active,0.00398633381680731
extra_trees,2,numeric__USM0_joint_rms_speed_l2,0.003939249574593171
extra_trees,2,numeric__USM1_joint_tool_roll_q4_path_l1,0.0037089791698388256
extra_trees,2,numeric__USM2_USM3_pose_global_std_distance_rel,0.003549193463725759
extra_trees,2,numeric__USM0_pose_global_idle_fraction_relative,0.0035426654379460735
extra_trees,2,numeric__USM2_USM3_pose_global_distance_range_rel,0.0035181571234378104
extra_trees,2,numeric__USM0_pose_global_raw_path_l2,0.003495659794797298
extra_trees,2,numeric__USM0_pose_global_movement_economy,0.003494739065283919
extra_trees,2,numeric__USM3_joint_distal_q5_q9_mean_range,0.0034460978930384223
extra_trees,2,numeric__USM0_joint_pause_count,0.0034434072864637714
extra_trees,2,numeric__USM0_joint_tool_roll_q4_mean_abs_velocity,0.0034414304283051445
extra_trees,2,numeric__USM2_joint_pause_fraction,0.003404023727474708
extra_trees,2,numeric__USM2_USM3_pose_global_both_idle_fraction,0.003390180845968095
extra_trees,2,numeric__USM3_pose_global_log_dimensionless_jerk,0.003319640164786
extra_trees,2,numeric__USM1_joint_insertion_q3_mean_abs_velocity,0.0033114331700433474
extra_trees,2,numeric__USM2_joint_mean_acceleration_l2,0.003242367154716821
extra_trees,2,numeric__USM2_joint_insertion_q3_path_l1,0.003128297902970069
extra_trees,2,numeric__USM0_joint_distal_q5_q9_mean_range,0.00309566666178979
extra_trees,2,numeric__USM0_pose_global_pause_fraction,0.0029852299912954314
extra_trees,2,numeric__USM0_joint_insertion_q3_mean_range,0.0028874032255644757
extra_trees,2,numeric__USM1_joint_base_revolute_q0_q2_mean_abs_velocity,0.002860462581702028
extra_trees,2,numeric__USM1_joint_insertion_q3_mean_range,0.0028592546513425297
extra_trees,2,numeric__USM1_joint_raw_path_l2,0.002838860539640941
extra_trees,2,numeric__USM0_pose_global_max_abs_angular_acceleration_rad_s2,0.0027909581249831346
extra_trees,2,numeric__USM0_USM3_pose_global_one_arm_only_active_fraction,0.0027822300716432743
extra_trees,2,numeric__USM1_joint_max_acceleration_l2,0.0027679806088219227
extra_trees,2,numeric__USM0_joint_mean_acceleration_l2,0.0027074592318771444
extra_trees,2,numeric__USM2_joint_mean_speed_l2,0.0026902719100857673
extra_trees,2,numeric__USM2_joint_base_revolute_q0_q2_mean_range,0.0026864972397600034
extra_trees,2,numeric__USM2_joint_movement_economy,0.002650088813135637
extra_trees,2,numeric__USM0_pose_global_path_l2,0.0026336907223146063
extra_trees,2,numeric__USM0_pose_global_mean_speed_l2,0.002618907686441831
extra_trees,2,numeric__USM1_joint_movement_economy,0.002618153531996766
extra_trees,2,numeric__active_pair_one_arm_only_active_fraction,0.0026100106765130776
extra_trees,2,numeric__USM1_joint_pause_count,0.00259220078604541
extra_trees,2,numeric__USM1_joint_net_displacement_l2,0.002518612223800104
extra_trees,2,numeric__USM3_joint_insertion_q3_path_l1,0.0025006638299525934
extra_trees,2,numeric__USM2_pose_global_max_abs_angular_acceleration_rad_s2,0.002485172300449351
extra_trees,2,numeric__USM0_pose_global_rotation_path_radians,0.0024847016779769616
extra_trees,2,numeric__USM0_USM2_pose_global_path_length_imbalance,0.0024584049678213
extra_trees,2,numeric__USM2_pose_global_max_angular_speed_rad_s,0.0024478205224210013
extra_trees,2,numeric__USM3_pose_global_economy_area_xy,0.0024451783128695503
extra_trees,2,numeric__USM1_joint_base_revolute_q0_q2_path_l1,0.002445017554555124
extra_trees,2,numeric__USM0_USM3_pose_global_mean_abs_relative_speed,0.0024367741239303482
extra_trees,2,numeric__USM3_pose_global_z_range_m,0.002409757225459168
extra_trees,2,numeric__USM2_joint_insertion_q3_mean_range,0.0024034782967826992
extra_trees,2,numeric__USM0_USM2_pose_global_one_arm_only_active_fraction,0.0023918701529032317
extra_trees,2,numeric__USM3_pose_global_mean_speed_l2,0.0023848379359416834
extra_trees,2,numeric__USM0_USM3_pose_global_mean_distance_rel,0.0023644058321841566
extra_trees,2,numeric__USM0_pose_global_economy_area_xy,0.002326134333105441
extra_trees,2,numeric__USM2_USM3_pose_global_one_arm_only_active_fraction,0.0023193289308014115
extra_trees,2,numeric__USM2_pose_global_path_l2,0.0023113534688983485
extra_trees,2,numeric__USM2_pose_global_movement_economy,0.0023042960627140236
extra_trees,2,numeric__USM2_joint_rms_speed_l2,0.00228999747845448
extra_trees,2,numeric__USM0_pose_global_economy_volume,0.0022475239723006176
extra_trees,2,numeric__USM2_USM3_pose_global_mean_distance_rel,0.0022462844825097443
extra_trees,2,numeric__USM0_joint_mean_joint_range,0.00224573601614689
extra_trees,2,numeric__USM1_joint_mean_joint_range,0.002241734921228996
extra_trees,2,numeric__USM0_USM3_pose_global_speed_correlation,0.002200303854532891
extra_trees,2,numeric__USM0_pose_global_economy_area_yz,0.002188186344702245
extra_trees,2,numeric__USM2_pose_global_y_range_m,0.0021725916248704026
extra_trees,2,numeric__USM3_pose_global_rms_speed_l2,0.002172545722680389
extra_trees,2,numeric__USM3_pose_global_dimensionless_jerk,0.002172462589398749
extra_trees,2,task__task_clean_sea_spikes,0.0021688129398426043
extra_trees,2,numeric__USM1_joint_pause_fraction,0.002142197908510175
extra_trees,2,numeric__USM3_joint_raw_path_l2,0.002123891705957193
extra_trees,2,numeric__USM0_pose_global_max_angular_speed_rad_s,0.0020792268742093967
extra_trees,2,numeric__USM1_joint_insertion_q3_path_l1,0.0020753870869110705
extra_trees,2,numeric__all_psm_pose_global_path_total_m,0.0020731661334762665
extra_trees,2,numeric__USM0_joint_idle_threshold_relative,0.00207086431200603
extra_trees,2,numeric__USM0_pose_global_economy_area_xz,0.002070190652708837
extra_trees,2,numeric__USM1_joint_max_speed_l2,0.0020660285625305175
extra_trees,2,numeric__USM0_joint_max_speed_l2,0.002060215808076119
extra_trees,2,numeric__USM2_joint_mean_abs_joint_velocity,0.002056933036881605
extra_trees,2,numeric__USM2_joint_tool_roll_q4_path_l1,0.002037959097579485
extra_trees,2,numeric__USM0_joint_net_displacement_l2,0.0020321420929586328
extra_trees,2,numeric__USM0_pose_global_dimensionless_jerk,0.0020153686775333164
extra_trees,2,numeric__USM0_joint_idle_fraction_relative,0.0019951472434605547
extra_trees,2,numeric__USM3_pose_global_movement_economy,0.001977981025248771
extra_trees,2,numeric__USM0_joint_max_jerk_l2,0.0019773524121792074
extra_trees,2,numeric__USM0_joint_mean_speed_l2,0.001976785374309786
extra_trees,2,numeric__USM0_joint_tool_roll_q4_mean_range,0.0019648007834620297
extra_trees,2,numeric__USM2_pose_global_raw_path_l2,0.0019504497235686969
extra_trees,2,numeric__USM0_joint_tool_roll_q4_path_l1,0.0019504025461065835
extra_trees,2,numeric__USM2_joint_idle_threshold_relative,0.00192433303832305
extra_trees,2,numeric__USM3_pose_global_net_displacement_l2,0.001904293566763962
extra_trees,2,numeric__USM2_joint_jerk_cost,0.0018986856896444847
extra_trees,2,numeric__active_pair_speed_correlation,0.00188573929253266
extra_trees,2,numeric__USM1_joint_distal_q5_q9_mean_range,0.0018689883114266575
extra_trees,2,numeric__USM0_USM3_pose_global_distance_range_rel,0.0018678670965488412
extra_trees,2,numeric__USM0_pose_global_net_displacement_l2,0.0018648838196736494
extra_trees,2,numeric__USM1_joint_max_abs_joint_velocity,0.0018348433720659983
extra_trees,2,numeric__USM2_pose_global_rotation_path_radians,0.0018253854604428708
extra_trees,2,numeric__USM2_joint_max_acceleration_l2,0.0018203894319360262
extra_trees,2,numeric__USM2_joint_mean_joint_range,0.0018109156944168343
extra_trees,2,numeric__USM0_joint_max_gap_seconds,0.0017967750818299315
extra_trees,2,numeric__USM0_USM2_pose_global_speed_correlation,0.001795618592660386
extra_trees,2,numeric__USM1_joint_max_jerk_l2,0.0017903059358537277
extra_trees,2,numeric__USM0_joint_max_joint_range,0.0017843603764556943
extra_trees,2,numeric__USM3_pose_global_economy_area_yz,0.0017769756633111255
extra_trees,2,numeric__USM2_pose_global_economy_area_xy,0.0017766107699151619
extra_trees,2,numeric__USM2_pose_global_economy_volume,0.0017656765328897968
extra_trees,2,numeric__USM0_USM3_pose_global_std_distance_rel,0.0017509693064315423
extra_trees,2,numeric__USM2_joint_max_speed_l2,0.001744968397088596
extra_trees,2,numeric__USM2_pose_global_economy_area_yz,0.0017404396886304017
extra_trees,2,numeric__USM1_joint_idle_fraction_relative,0.0017258785372802972
extra_trees,2,numeric__USM2_joint_net_displacement_l2,0.0017212108441862473
extra_trees,2,numeric__USM3_joint_base_revolute_q0_q2_path_l1,0.0017204132767619726
extra_trees,2,numeric__USM3_joint_mean_joint_range,0.0017182374289017844
extra_trees,2,numeric__USM1_joint_max_joint_range,0.0016823743907100827
extra_trees,2,numeric__USM2_pose_global_idle_threshold_relative,0.001678818776365819
extra_trees,2,numeric__USM1_joint_tool_roll_q4_mean_abs_velocity,0.0016742356353452582
extra_trees,2,numeric__USM0_pose_global_idle_threshold_relative,0.0016561376873081006
extra_trees,2,numeric__USM3_pose_global_raw_path_l2,0.0016517450422684002
extra_trees,2,numeric__USM2_joint_max_abs_joint_velocity,0.0016389641139601958
extra_trees,2,numeric__active_pair_path_length_b_rel,0.0016128164389617688
extra_trees,2,numeric__USM2_joint_raw_path_l2,0.001574918693494088
extra_trees,2,numeric__USM2_joint_max_joint_range,0.001483886185589913
extra_trees,2,numeric__USM0_joint_max_acceleration_l2,0.001477591628353073
extra_trees,2,numeric__USM1_joint_base_revolute_q0_q2_mean_range,0.0014617108925897198
extra_trees,2,numeric__USM2_pose_global_economy_area_xz,0.001442225588406049
extra_trees,2,numeric__USM2_joint_max_jerk_l2,0.0014348877300082268
extra_trees,2,numeric__USM2_pose_global_z_range_m,0.0014327574981579877
extra_trees,2,numeric__USM2_pose_global_x_range_m,0.001425259522499056
extra_trees,2,numeric__USM0_joint_movement_economy,0.0014128371851969445
extra_trees,2,numeric__USM3_pose_global_x_range_m,0.0014054989064371422
extra_trees,2,numeric__USM3_joint_base_revolute_q0_q2_mean_abs_velocity,0.0013969076955241452
extra_trees,2,numeric__USM2_joint_distal_q5_q9_mean_range,0.0013904475385351739
extra_trees,2,task__task_clean_ring_rollercoaster,0.0013486201685929036
extra_trees,2,numeric__USM3_pose_global_economy_volume,0.0013441997180597895
extra_trees,2,numeric__USM3_pose_global_max_jerk_l2,0.0013345925973901505
extra_trees,2,numeric__USM0_USM2_pose_global_both_idle_fraction,0.0013167043629627856
extra_trees,2,numeric__USM3_pose_global_economy_area_xz,0.00130151052698354
extra_trees,2,numeric__USM3_pose_global_y_range_m,0.0012934328597873931
extra_trees,2,numeric__USM1_joint_mean_acceleration_l2,0.0012864828315800436
extra_trees,2,numeric__USM3_pose_global_max_speed_l2,0.001276125102855497
extra_trees,2,numeric__USM3_pose_global_max_angular_speed_rad_s,0.0012724335396934088
extra_trees,2,numeric__USM3_pose_global_max_acceleration_l2,0.0012666759873523955
extra_trees,2,numeric__USM0_pose_global_y_range_m,0.001208377839383289
extra_trees,2,numeric__USM1_joint_mean_speed_l2,0.0011671896673534576
extra_trees,2,numeric__USM3_pose_global_mean_abs_angular_acceleration_rad_s2,0.001155151902762643
extra_trees,2,numeric__USM3_joint_max_joint_range,0.001151514136715048
extra_trees,2,numeric__USM3_joint_idle_fraction_relative,0.00110406593290757
extra_trees,2,numeric__USM3_joint_mean_speed_l2,0.0010718069596404645
extra_trees,2,numeric__USM3_joint_base_revolute_q0_q2_mean_range,0.0009888434468576831
extra_trees,2,numeric__USM3_pose_global_rotation_path_radians,0.0009873666212536823
extra_trees,2,numeric__USM1_joint_idle_threshold_relative,0.0009750476019060775
extra_trees,2,numeric__USM0_pose_global_x_range_m,0.0009740210410794153
extra_trees,2,numeric__USM3_joint_tool_roll_q4_path_l1,0.0009230037873848721
extra_trees,2,numeric__USM3_pose_global_mean_angular_speed_rad_s,0.0009077764819826181
extra_trees,2,numeric__USM3_pose_global_jerk_cost,0.0008389377459787131
extra_trees,2,numeric__USM3_joint_insertion_q3_mean_range,0.0008042620394868441
extra_trees,2,numeric__USM1_joint_jerk_cost,0.0008001329120851214
extra_trees,2,numeric__USM3_joint_max_speed_l2,0.0007514906557448503
extra_trees,2,numeric__USM3_joint_movement_economy,0.0007195831069373483
extra_trees,2,task__task_clean_camera_target,0.0007005124840636577
extra_trees,2,numeric__USM3_joint_max_acceleration_l2,0.0006825098871188495
extra_trees,2,numeric__USM3_joint_net_displacement_l2,0.0006763505658461279
extra_trees,2,numeric__USM3_joint_rms_speed_l2,0.0006723886935610802
extra_trees,2,task__task_clean_glove_cut,0.000607981234733938
extra_trees,2,numeric__USM0_USM2_pose_global_alignment_coverage,0.0005818336440236872
extra_trees,2,numeric__USM3_joint_insertion_q3_mean_abs_velocity,0.000549382912749557
extra_trees,2,numeric__active_pair_usm_b,0.0005452582983002962
extra_trees,2,numeric__USM3_joint_pause_count,0.00011258695137590863
extra_trees,2,numeric__USM3_joint_pause_duration_seconds,2.3280787780759677e-05
extra_trees,2,numeric__USM0_joint_median_dt_seconds,0.0
extra_trees,2,numeric__USM0_pose_global_active,0.0
extra_trees,2,numeric__active_pair_usm_a,0.0
extra_trees,3,numeric__USM0_pose_global_rotation_determinant_mean,0.0919007475056231
extra_trees,3,numeric__USM3_pose_global_pause_duration_seconds,0.041582548452238466
extra_trees,3,numeric__USM3_pose_global_pause_fraction,0.03114704103535537
extra_trees,3,numeric__USM2_joint_pause_duration_seconds,0.029343763800034683
extra_trees,3,numeric__USM2_pose_global_mean_abs_angular_acceleration_rad_s2,0.02455409938392359
extra_trees,3,numeric__USM2_pose_global_pause_duration_seconds,0.02448386480974488
extra_trees,3,numeric__duration_seconds,0.022062397890199932
extra_trees,3,numeric__USM2_pose_global_mean_angular_speed_rad_s,0.020217121149084118
extra_trees,3,numeric__USM2_joint_base_revolute_q0_q2_mean_abs_velocity,0.019672973621524224
extra_trees,3,numeric__USM2_pose_global_pause_count,0.019596548587798395
extra_trees,3,numeric__USM0_joint_pause_duration_seconds,0.018718834935786292
extra_trees,3,numeric__USM3_pose_global_active,0.01860349854212349
extra_trees,3,numeric__USM0_pose_global_pause_duration_seconds,0.018569901580329024
extra_trees,3,numeric__USM0_joint_base_revolute_q0_q2_mean_abs_velocity,0.01800060622435691
extra_trees,3,numeric__active_pair_simultaneous_active_fraction,0.017268124490419718
extra_trees,3,numeric__USM3_pose_global_idle_fraction_relative,0.01663023485338864
extra_trees,3,numeric__USM2_joint_insertion_q3_mean_abs_velocity,0.014156057598195127
extra_trees,3,numeric__USM0_USM3_pose_global_simultaneous_active_fraction,0.013721937783281726
extra_trees,3,numeric__USM0_pose_global_log_dimensionless_jerk,0.01345344820042
extra_trees,3,numeric__USM1_joint_pause_duration_seconds,0.01234594929560253
extra_trees,3,numeric__USM2_joint_tool_roll_q4_mean_abs_velocity,0.012117576396915353
extra_trees,3,numeric__USM3_pose_global_pause_count,0.01196674527327271
extra_trees,3,numeric__active_psm_count,0.011410773820757147
extra_trees,3,numeric__USM0_USM3_pose_global_path_length_imbalance,0.011059818262267545
extra_trees,3,numeric__USM2_pose_global_log_dimensionless_jerk,0.010247244185900591
extra_trees,3,numeric__USM3_pose_global_rotation_determinant_mean,0.009314763166763895
extra_trees,3,numeric__USM2_pose_global_rotation_determinant_mean,0.009024792959331307
extra_trees,3,numeric__USM2_USM3_pose_global_path_length_imbalance,0.009023320422606862
extra_trees,3,numeric__USM0_pose_global_mean_abs_angular_acceleration_rad_s2,0.007950250277182276
extra_trees,3,numeric__USM2_joint_pause_count,0.007880492086403422
extra_trees,3,numeric__USM0_USM3_pose_global_both_idle_fraction,0.007875366397872952
extra_trees,3,numeric__USM0_pose_global_pause_count,0.0075301640566874705
extra_trees,3,numeric__USM0_USM2_pose_global_simultaneous_active_fraction,0.0070029272030191015
extra_trees,3,numeric__USM0_pose_global_mean_angular_speed_rad_s,0.006343770542894398
extra_trees,3,numeric__USM0_pose_global_raw_path_l2,0.006295133561678924
extra_trees,3,task__task_clean_suture,0.006032040050837547
extra_trees,3,numeric__USM0_joint_base_revolute_q0_q2_path_l1,0.005622000887470012
extra_trees,3,numeric__USM0_joint_insertion_q3_path_l1,0.005498568802694931
extra_trees,3,numeric__USM2_USM3_pose_global_simultaneous_active_fraction,0.005034051342287158
extra_trees,3,numeric__USM2_joint_base_revolute_q0_q2_path_l1,0.004947201235199326
extra_trees,3,numeric__USM0_joint_insertion_q3_mean_abs_velocity,0.004781486921235267
extra_trees,3,numeric__USM0_joint_jerk_cost,0.004753643268233819
extra_trees,3,numeric__USM0_joint_pause_count,0.004691547487369384
extra_trees,3,numeric__USM2_joint_idle_fraction_relative,0.00460463390256672
extra_trees,3,numeric__USM0_joint_net_displacement_l2,0.004583646037008237
extra_trees,3,numeric__USM2_USM3_pose_global_both_idle_fraction,0.0045408129602124625
extra_trees,3,numeric__USM1_joint_insertion_q3_mean_abs_velocity,0.004405656794421045
extra_trees,3,numeric__USM1_joint_base_revolute_q0_q2_mean_abs_velocity,0.004337827198408344
extra_trees,3,numeric__USM0_joint_base_revolute_q0_q2_mean_range,0.00428275160885428
extra_trees,3,numeric__USM0_pose_global_max_speed_l2,0.004280903956513865
extra_trees,3,numeric__all_usm_joint_path_l1_total,0.004277680882704582
extra_trees,3,numeric__USM3_pose_global_log_dimensionless_jerk,0.004241675982338953
extra_trees,3,numeric__USM0_joint_insertion_q3_mean_range,0.0038889204674115076
extra_trees,3,numeric__USM0_pose_global_rms_speed_l2,0.003864447388017514
extra_trees,3,numeric__USM3_pose_global_idle_threshold_relative,0.0037591264797151446
extra_trees,3,numeric__USM0_USM3_pose_global_speed_correlation,0.0036165266760207126
extra_trees,3,numeric__USM3_pose_global_economy_area_xy,0.0035622321243018954
extra_trees,3,numeric__USM0_joint_tool_roll_q4_mean_abs_velocity,0.003552726244245679
extra_trees,3,numeric__USM2_pose_global_dimensionless_jerk,0.00347196784982619
extra_trees,3,numeric__USM2_USM3_pose_global_std_distance_rel,0.0033699268633417324
extra_trees,3,numeric__USM0_joint_raw_path_l2,0.003340556384402924
extra_trees,3,numeric__USM2_joint_pause_fraction,0.003255244494637088
extra_trees,3,numeric__USM0_pose_global_path_l2,0.0031766309405196276
extra_trees,3,numeric__active_pair_one_arm_only_active_fraction,0.0031032351426707985
extra_trees,3,numeric__USM1_joint_insertion_q3_mean_range,0.0030579603697273206
extra_trees,3,numeric__USM2_USM3_pose_global_speed_correlation,0.0029911630560717573
extra_trees,3,numeric__USM0_pose_global_rotation_path_radians,0.0028907276476068003
extra_trees,3,numeric__USM3_pose_global_z_range_m,0.0027492111863569725
extra_trees,3,numeric__USM0_joint_mean_acceleration_l2,0.002737919563202104
extra_trees,3,numeric__USM3_joint_tool_roll_q4_mean_abs_velocity,0.0026237489096999156
extra_trees,3,numeric__USM0_pose_global_max_jerk_l2,0.0026185146090518343
extra_trees,3,numeric__USM3_pose_global_dimensionless_jerk,0.0025873099381297764
extra_trees,3,numeric__USM0_joint_tool_roll_q4_path_l1,0.002565943010284912
extra_trees,3,numeric__USM1_joint_base_revolute_q0_q2_path_l1,0.002544853822030133
extra_trees,3,numeric__USM2_USM3_pose_global_distance_range_rel,0.0024765071159208677
extra_trees,3,numeric__USM2_pose_global_idle_fraction_relative,0.002470312595070405
extra_trees,3,numeric__USM3_joint_base_revolute_q0_q2_mean_abs_velocity,0.0024005758602480922
extra_trees,3,numeric__USM0_joint_idle_fraction_relative,0.0023843265098044955
extra_trees,3,numeric__USM0_joint_max_joint_range,0.002368105411390458
extra_trees,3,numeric__USM1_joint_pause_count,0.0023587774158876505
extra_trees,3,numeric__USM2_joint_base_revolute_q0_q2_mean_range,0.002347292495273206
extra_trees,3,numeric__USM3_pose_global_mean_angular_speed_rad_s,0.0023448391845258248
extra_trees,3,task__task_clean_sea_spikes,0.0023314377807708486
extra_trees,3,numeric__USM2_joint_mean_abs_joint_velocity,0.0023302573471722376
extra_trees,3,numeric__USM2_pose_global_max_abs_angular_acceleration_rad_s2,0.002306440755050163
extra_trees,3,numeric__active_pair_path_length_b_rel,0.0022935665030915198
extra_trees,3,numeric__USM0_joint_movement_economy,0.0022860265563416043
extra_trees,3,numeric__USM0_pose_global_idle_fraction_relative,0.0022753830057514655
extra_trees,3,numeric__USM2_pose_global_pause_fraction,0.002272383347928045
extra_trees,3,numeric__USM0_joint_max_acceleration_l2,0.002268622371683969
extra_trees,3,numeric__USM0_pose_global_mean_speed_l2,0.002244123301301625
extra_trees,3,numeric__USM0_USM3_pose_global_one_arm_only_active_fraction,0.0022429607919320087
extra_trees,3,numeric__USM2_pose_global_max_angular_speed_rad_s,0.0022343870743353846
extra_trees,3,numeric__USM0_pose_global_economy_volume,0.0022297311941894696
extra_trees,3,numeric__USM2_joint_insertion_q3_mean_range,0.002147064280676525
extra_trees,3,numeric__USM2_joint_insertion_q3_path_l1,0.0021129304089571965
extra_trees,3,numeric__USM3_pose_global_y_range_m,0.002092001843500741
extra_trees,3,numeric__USM0_pose_global_idle_threshold_relative,0.0020862389121985674
extra_trees,3,numeric__USM2_pose_global_y_range_m,0.0020673884015628584
extra_trees,3,numeric__USM1_joint_raw_path_l2,0.0020586797683775763
extra_trees,3,numeric__USM0_joint_max_speed_l2,0.0020451586028111283
extra_trees,3,numeric__USM0_joint_tool_roll_q4_mean_range,0.0020388890917352595
extra_trees,3,numeric__USM0_joint_rms_speed_l2,0.0020338790118640602
extra_trees,3,numeric__USM1_joint_idle_fraction_relative,0.002032162180035156
extra_trees,3,numeric__USM3_pose_global_mean_speed_l2,0.002027835653203763
extra_trees,3,numeric__USM0_joint_idle_threshold_relative,0.002022754617494252
extra_trees,3,numeric__USM0_pose_global_pause_fraction,0.002021508517885404
extra_trees,3,numeric__all_psm_pose_global_path_total_m,0.001996737642544455
extra_trees,3,numeric__USM1_joint_tool_roll_q4_mean_abs_velocity,0.0019709826205162482
extra_trees,3,numeric__USM2_pose_global_z_range_m,0.0019656562751123553
extra_trees,3,numeric__USM0_pose_global_max_angular_speed_rad_s,0.0019534458089753718
extra_trees,3,numeric__USM1_joint_max_joint_range,0.0019527272010278903
extra_trees,3,numeric__USM2_pose_global_path_l2,0.0019326522296311548
extra_trees,3,numeric__USM0_USM2_pose_global_both_idle_fraction,0.001897452792748291
extra_trees,3,numeric__USM0_USM2_pose_global_one_arm_only_active_fraction,0.0018868681605076162
extra_trees,3,numeric__USM0_USM3_pose_global_std_distance_rel,0.0018651038773191348
extra_trees,3,numeric__USM1_joint_movement_economy,0.0018639077331727746
extra_trees,3,numeric__USM3_joint_insertion_q3_mean_range,0.0018587670141796573
extra_trees,3,numeric__USM1_joint_distal_q5_q9_mean_range,0.0018579361715456476
extra_trees,3,numeric__USM2_joint_mean_joint_range,0.0018552653272192736
extra_trees,3,numeric__USM0_joint_distal_q5_q9_mean_range,0.0018529136092963867
extra_trees,3,numeric__USM2_joint_mean_speed_l2,0.0018111043679315234
extra_trees,3,numeric__USM3_pose_global_max_angular_speed_rad_s,0.0018003667888689828
extra_trees,3,numeric__USM2_pose_global_raw_path_l2,0.0017928377689909085
extra_trees,3,numeric__USM0_USM3_pose_global_distance_range_rel,0.0017904235377520557
extra_trees,3,numeric__USM0_joint_max_jerk_l2,0.001788888711439628
extra_trees,3,numeric__USM0_joint_mean_joint_range,0.0017685780268973128
extra_trees,3,numeric__USM0_pose_global_max_abs_angular_acceleration_rad_s2,0.0017543955647477975
extra_trees,3,numeric__USM0_USM3_pose_global_mean_distance_rel,0.0017506071954377978
extra_trees,3,numeric__USM0_joint_mean_speed_l2,0.0017382920988342758
extra_trees,3,numeric__USM2_joint_idle_threshold_relative,0.0016997863522843833
extra_trees,3,numeric__USM3_joint_insertion_q3_mean_abs_velocity,0.0016994117064786224
extra_trees,3,numeric__USM1_joint_tool_roll_q4_path_l1,0.0016976629313068539
extra_trees,3,numeric__USM3_pose_global_movement_economy,0.0016901224960734309
extra_trees,3,numeric__USM3_pose_global_rms_speed_l2,0.0016553065576966112
extra_trees,3,numeric__USM1_joint_net_displacement_l2,0.001633034239219011
extra_trees,3,numeric__USM0_pose_global_net_displacement_l2,0.0016295409673685983
extra_trees,3,numeric__USM2_pose_global_rotation_path_radians,0.0016097584924040641
extra_trees,3,numeric__USM1_joint_insertion_q3_path_l1,0.0016081873929756382
extra_trees,3,numeric__USM1_joint_mean_joint_range,0.0016017170764020074
extra_trees,3,numeric__USM0_pose_global_economy_area_xy,0.0015840667418184347
extra_trees,3,numeric__USM2_pose_global_movement_economy,0.001574677064115923
extra_trees,3,numeric__USM3_pose_global_economy_area_xz,0.0015663969807376515
extra_trees,3,numeric__USM2_joint_raw_path_l2,0.0015567418632763108
extra_trees,3,numeric__active_pair_usm_b,0.0015464356671186996
extra_trees,3,numeric__USM0_USM2_pose_global_speed_correlation,0.0015443114009914714
extra_trees,3,numeric__USM2_pose_global_economy_area_yz,0.001530398868301125
extra_trees,3,numeric__USM0_USM2_pose_global_alignment_coverage,0.0015285342768398393
extra_trees,3,numeric__USM3_joint_distal_q5_q9_mean_range,0.0015270423430348444
extra_trees,3,numeric__USM2_joint_net_displacement_l2,0.0015188676076169823
extra_trees,3,numeric__USM0_pose_global_economy_area_xz,0.001506589334982332
extra_trees,3,numeric__USM2_joint_tool_roll_q4_path_l1,0.0015015940812550732
extra_trees,3,numeric__USM2_joint_max_speed_l2,0.001499220672186889
extra_trees,3,numeric__USM2_pose_global_mean_speed_l2,0.0014806128659795045
extra_trees,3,numeric__USM1_joint_pause_fraction,0.0014576072719496144
extra_trees,3,numeric__USM0_pose_global_economy_area_yz,0.0014560924359291877
extra_trees,3,numeric__USM1_joint_base_revolute_q0_q2_mean_range,0.0014376056135142765
extra_trees,3,numeric__USM2_joint_rms_speed_l2,0.0014280681167082297
extra_trees,3,numeric__USM3_joint_tool_roll_q4_path_l1,0.0014262119594522337
extra_trees,3,numeric__USM2_joint_jerk_cost,0.0014259718394886067
extra_trees,3,numeric__USM2_joint_max_jerk_l2,0.0014001063972270134
extra_trees,3,numeric__USM2_joint_distal_q5_q9_mean_range,0.0013973736322666058
extra_trees,3,numeric__USM2_pose_global_workspace_box_volume_m3,0.0013928014956265358
extra_trees,3,numeric__USM2_USM3_pose_global_one_arm_only_active_fraction,0.001384769195260312
extra_trees,3,numeric__USM1_joint_max_acceleration_l2,0.0013774326133348766
extra_trees,3,numeric__USM3_joint_mean_joint_range,0.0013753101899140353
extra_trees,3,numeric__USM0_pose_global_movement_economy,0.0013740803819754638
extra_trees,3,numeric__USM0_joint_max_gap_seconds,0.001373373217891172
extra_trees,3,numeric__USM2_pose_global_idle_threshold_relative,0.0013599567210038639
extra_trees,3,numeric__USM3_joint_mean_speed_l2,0.0013491490496889084
extra_trees,3,numeric__USM3_pose_global_mean_abs_angular_acceleration_rad_s2,0.0013472098726402886
extra_trees,3,numeric__USM2_USM3_pose_global_mean_distance_rel,0.0013059851415728888
extra_trees,3,numeric__USM0_USM3_pose_global_mean_abs_relative_speed,0.001298536345742328
extra_trees,3,numeric__USM2_pose_global_x_range_m,0.0012985154860845481
extra_trees,3,numeric__USM0_pose_global_dimensionless_jerk,0.001296860223048239
extra_trees,3,numeric__USM3_joint_rms_speed_l2,0.001293216090144659
extra_trees,3,numeric__USM3_pose_global_net_displacement_l2,0.0012924519240015385
extra_trees,3,numeric__USM3_pose_global_max_speed_l2,0.0012856977915772206
extra_trees,3,numeric__USM3_pose_global_raw_path_l2,0.0012594175182765255
extra_trees,3,numeric__USM2_joint_mean_acceleration_l2,0.001254668599854767
extra_trees,3,numeric__USM3_joint_movement_economy,0.0012541436938533917
extra_trees,3,numeric__active_pair_speed_correlation,0.0012516313293475358
extra_trees,3,numeric__USM3_pose_global_economy_area_yz,0.0012461384549683045
extra_trees,3,numeric__active_pair_path_length_imbalance,0.0012244265980157548
extra_trees,3,numeric__USM3_joint_net_displacement_l2,0.001222555115019735
extra_trees,3,numeric__USM3_joint_raw_path_l2,0.0012088856766998782
extra_trees,3,numeric__USM2_pose_global_economy_area_xy,0.0011986372562369488
extra_trees,3,numeric__USM2_pose_global_economy_volume,0.0011891426579518731
extra_trees,3,numeric__USM3_joint_insertion_q3_path_l1,0.001177538132759296
extra_trees,3,numeric__USM3_pose_global_max_acceleration_l2,0.0011653662650882065
extra_trees,3,numeric__USM2_joint_max_acceleration_l2,0.0011628635020258207
extra_trees,3,numeric__USM0_pose_global_y_range_m,0.0011622687178489202
extra_trees,3,numeric__USM3_pose_global_economy_volume,0.001154618578534116
extra_trees,3,numeric__USM0_USM2_pose_global_path_length_imbalance,0.0011540575021244182
extra_trees,3,numeric__USM3_joint_base_revolute_q0_q2_mean_range,0.0011383698188202139
extra_trees,3,task__task_clean_ring_rollercoaster,0.0011222960347620687
extra_trees,3,numeric__USM0_pose_global_x_range_m,0.0011177438139709662
extra_trees,3,numeric__USM2_pose_global_economy_area_xz,0.0011146354258981153
extra_trees,3,numeric__USM1_joint_max_abs_joint_velocity,0.0011037106045889476
extra_trees,3,numeric__USM2_joint_max_abs_joint_velocity,0.0010556192575769641
extra_trees,3,numeric__USM2_joint_movement_economy,0.0010223463653378393
extra_trees,3,numeric__USM1_joint_max_speed_l2,0.0009984230653738574
extra_trees,3,numeric__USM3_pose_global_max_jerk_l2,0.0009503369633656458
extra_trees,3,numeric__USM2_joint_max_joint_range,0.0009335000652624817
extra_trees,3,numeric__USM3_pose_global_workspace_box_volume_m3,0.0009317604955919174
extra_trees,3,numeric__USM1_joint_mean_speed_l2,0.0009037054999272131
extra_trees,3,task__task_clean_camera_target,0.0008535885063250438
extra_trees,3,numeric__USM1_joint_max_jerk_l2,0.0008464894642017231
extra_trees,3,numeric__USM3_pose_global_rotation_path_radians,0.0008033250099975254
extra_trees,3,numeric__USM3_joint_max_speed_l2,0.0008026352763120465
extra_trees,3,numeric__USM3_joint_base_revolute_q0_q2_path_l1,0.0007948161646612621
extra_trees,3,numeric__USM3_pose_global_jerk_cost,0.0007698826039821118
extra_trees,3,numeric__USM3_joint_max_joint_range,0.0007670924933539139
extra_trees,3,numeric__USM3_pose_global_x_range_m,0.0007123604181958478
extra_trees,3,task__task_clean_glove_cut,0.0007018289903095559
extra_trees,3,numeric__USM1_joint_mean_acceleration_l2,0.0006981008409192041
extra_trees,3,numeric__USM3_joint_max_acceleration_l2,0.0005901156838204792
extra_trees,3,numeric__USM1_joint_jerk_cost,0.0004984591564805683
extra_trees,3,numeric__USM3_joint_idle_fraction_relative,0.00045983094619260836
extra_trees,3,numeric__USM3_joint_pause_count,0.00040251016318430924
extra_trees,3,numeric__USM3_joint_pause_duration_seconds,0.0003659286640132837
extra_trees,3,numeric__USM0_pose_global_active,0.00015350835118106256
extra_trees,3,numeric__USM0_joint_median_dt_seconds,0.0
extra_trees,3,numeric__active_pair_usm_a,0.0
extra_trees,4,numeric__USM0_pose_global_rotation_determinant_mean,0.12010856897930042
extra_trees,4,numeric__USM3_pose_global_pause_duration_seconds,0.062146828094393106
extra_trees,4,numeric__duration_seconds,0.03793476126730802
extra_trees,4,numeric__USM2_pose_global_pause_duration_seconds,0.03316611501846226
extra_trees,4,numeric__USM2_joint_pause_duration_seconds,0.031373886284194415
extra_trees,4,numeric__USM3_pose_global_pause_fraction,0.02315702088648869
extra_trees,4,numeric__USM0_joint_base_revolute_q0_q2_mean_abs_velocity,0.019777125051795828
extra_trees,4,numeric__USM0_pose_global_pause_duration_seconds,0.01746810672647355
extra_trees,4,numeric__USM0_USM3_pose_global_simultaneous_active_fraction,0.016802290077084853
extra_trees,4,numeric__USM2_joint_base_revolute_q0_q2_mean_abs_velocity,0.016500941704902045
extra_trees,4,numeric__USM2_pose_global_mean_abs_angular_acceleration_rad_s2,0.015582635444208053
extra_trees,4,numeric__active_pair_simultaneous_active_fraction,0.015269987287044545
extra_trees,4,numeric__USM3_pose_global_idle_fraction_relative,0.014911755129829308
extra_trees,4,numeric__USM3_pose_global_pause_count,0.013981280173616904
extra_trees,4,numeric__USM1_joint_pause_duration_seconds,0.012704198921605386
extra_trees,4,numeric__USM0_joint_pause_duration_seconds,0.012262575291006026
extra_trees,4,numeric__USM0_USM3_pose_global_path_length_imbalance,0.00982427898022936
extra_trees,4,numeric__USM0_joint_base_revolute_q0_q2_path_l1,0.009019557720872484
extra_trees,4,numeric__USM0_pose_global_pause_count,0.008831848739385854
extra_trees,4,numeric__USM2_USM3_pose_global_path_length_imbalance,0.008798140633767689
extra_trees,4,numeric__USM2_pose_global_pause_count,0.008754119827793278
extra_trees,4,numeric__USM2_joint_insertion_q3_mean_abs_velocity,0.008752754039308893
extra_trees,4,numeric__USM3_joint_tool_roll_q4_mean_abs_velocity,0.00841507866996829
extra_trees,4,numeric__all_usm_joint_path_l1_total,0.008346042393125096
extra_trees,4,numeric__USM2_joint_pause_count,0.008331708360915673
extra_trees,4,numeric__USM0_pose_global_mean_angular_speed_rad_s,0.00825308512300067
extra_trees,4,numeric__USM2_pose_global_rotation_determinant_mean,0.008127212826142776
extra_trees,4,numeric__USM3_pose_global_rotation_determinant_mean,0.007852393276602249
extra_trees,4,numeric__USM0_pose_global_log_dimensionless_jerk,0.007468367421196169
extra_trees,4,numeric__USM0_joint_net_displacement_l2,0.007100214735573687
extra_trees,4,numeric__USM0_joint_pause_count,0.0068985104778662995
extra_trees,4,numeric__USM0_pose_global_mean_abs_angular_acceleration_rad_s2,0.006824411106702359
extra_trees,4,numeric__USM0_pose_global_raw_path_l2,0.0065448784779893856
extra_trees,4,numeric__USM2_pose_global_log_dimensionless_jerk,0.006458662967568782
extra_trees,4,numeric__USM0_pose_global_max_speed_l2,0.0062946871685139105
extra_trees,4,numeric__USM0_joint_rms_speed_l2,0.006117677160614402
extra_trees,4,numeric__USM0_USM3_pose_global_both_idle_fraction,0.005572726799595278
extra_trees,4,numeric__USM2_USM3_pose_global_speed_correlation,0.005495951118915694
extra_trees,4,numeric__USM2_pose_global_mean_angular_speed_rad_s,0.00541078500141208
extra_trees,4,numeric__USM0_USM2_pose_global_simultaneous_active_fraction,0.005140012406854862
extra_trees,4,numeric__USM0_pose_global_movement_economy,0.004896011939752197
extra_trees,4,numeric__USM0_pose_global_rms_speed_l2,0.004677599154070585
extra_trees,4,numeric__USM0_joint_jerk_cost,0.004629869689125959
extra_trees,4,task__task_clean_sea_spikes,0.0045682612887351925
extra_trees,4,numeric__USM0_pose_global_mean_acceleration_l2,0.004567199605557003
extra_trees,4,numeric__USM3_pose_global_economy_area_xy,0.004558623017193594
extra_trees,4,numeric__USM2_pose_global_mean_acceleration_l2,0.004477805977800826
extra_trees,4,numeric__USM0_joint_raw_path_l2,0.004363330826830699
extra_trees,4,numeric__USM2_joint_idle_fraction_relative,0.004324802911080276
extra_trees,4,numeric__USM0_joint_insertion_q3_path_l1,0.004277748289443577
extra_trees,4,numeric__USM2_joint_pause_fraction,0.004118877182929064
extra_trees,4,numeric__USM2_USM3_pose_global_simultaneous_active_fraction,0.004040834165577341
extra_trees,4,numeric__USM0_joint_idle_threshold_relative,0.004039942180368642
extra_trees,4,task__task_clean_suture,0.004026480817273095
extra_trees,4,numeric__USM3_pose_global_active,0.0037668877469354796
extra_trees,4,numeric__USM0_joint_insertion_q3_mean_range,0.0036520435030957463
extra_trees,4,numeric__USM2_pose_global_max_angular_speed_rad_s,0.003539030063094379
extra_trees,4,numeric__USM2_joint_base_revolute_q0_q2_path_l1,0.0035375834916448728
extra_trees,4,numeric__USM0_joint_mean_acceleration_l2,0.0034726840106878228
extra_trees,4,numeric__USM2_pose_global_dimensionless_jerk,0.003438374952645624
extra_trees,4,numeric__USM0_pose_global_max_abs_angular_acceleration_rad_s2,0.003329840582047962
extra_trees,4,numeric__USM1_joint_movement_economy,0.003283847241168297
extra_trees,4,numeric__USM1_joint_insertion_q3_mean_range,0.003262698842637796
extra_trees,4,numeric__USM0_USM2_pose_global_std_distance_rel,0.003222303056685114
extra_trees,4,numeric__USM1_joint_net_displacement_l2,0.0031978188039537567
extra_trees,4,numeric__USM0_pose_global_max_angular_speed_rad_s,0.0030566756452371216
extra_trees,4,numeric__USM0_joint_tool_roll_q4_mean_abs_velocity,0.0030509718198105645
extra_trees,4,numeric__USM2_USM3_pose_global_mean_abs_relative_speed,0.0030434821587331153
extra_trees,4,numeric__USM2_pose_global_z_range_m,0.003029569839261553
extra_trees,4,numeric__USM0_pose_global_economy_area_yz,0.00300350143138777
extra_trees,4,numeric__USM1_joint_base_revolute_q0_q2_mean_abs_velocity,0.0029997884237875395
extra_trees,4,numeric__USM2_joint_tool_roll_q4_mean_abs_velocity,0.002995599026154708
extra_trees,4,numeric__active_pair_one_arm_only_active_fraction,0.0029880522846125208
extra_trees,4,numeric__USM3_pose_global_z_range_m,0.002964427285102006
extra_trees,4,numeric__USM0_joint_tool_roll_q4_mean_range,0.0028054346099744415
extra_trees,4,numeric__USM3_pose_global_idle_threshold_relative,0.0028052578117762207
extra_trees,4,numeric__USM0_joint_mean_speed_l2,0.0027321611048215792
extra_trees,4,numeric__USM0_joint_max_joint_range,0.0027003980524862173
extra_trees,4,numeric__active_pair_path_length_imbalance,0.0026850004199968185
extra_trees,4,numeric__USM1_joint_pause_count,0.0026743137936907782
extra_trees,4,numeric__USM2_pose_global_pause_fraction,0.00263555065569859
extra_trees,4,numeric__USM2_joint_mean_abs_joint_velocity,0.0026319118863479714
extra_trees,4,numeric__USM2_pose_global_max_abs_angular_acceleration_rad_s2,0.002606769955701832
extra_trees,4,numeric__USM2_joint_net_displacement_l2,0.0024757732151864786
extra_trees,4,numeric__all_psm_pose_global_path_total_m,0.0024719894654216734
extra_trees,4,numeric__USM1_joint_max_acceleration_l2,0.0024528919618462767
extra_trees,4,numeric__USM0_joint_base_revolute_q0_q2_mean_range,0.0024361797695042933
extra_trees,4,numeric__USM2_joint_base_revolute_q0_q2_mean_range,0.0024018565969483752
extra_trees,4,numeric__USM2_joint_mean_joint_range,0.0023997003989552376
extra_trees,4,numeric__USM0_joint_mean_joint_range,0.0023764116332112206
extra_trees,4,numeric__USM3_pose_global_movement_economy,0.002375320585247515
extra_trees,4,numeric__USM1_joint_mean_joint_range,0.0022251661306069196
extra_trees,4,numeric__USM0_pose_global_idle_threshold_relative,0.0022137269582165435
extra_trees,4,numeric__USM1_joint_max_speed_l2,0.0021997320574007563
extra_trees,4,numeric__USM1_joint_base_revolute_q0_q2_path_l1,0.0021539801049932
extra_trees,4,numeric__USM0_joint_max_acceleration_l2,0.0021532166862720872
extra_trees,4,numeric__USM2_joint_insertion_q3_mean_range,0.0021531956267423877
extra_trees,4,numeric__USM0_pose_global_net_displacement_l2,0.0021171964810410937
extra_trees,4,numeric__USM2_pose_global_movement_economy,0.0021027511513924202
extra_trees,4,numeric__USM0_joint_distal_q5_q9_mean_range,0.0020677535086838705
extra_trees,4,numeric__active_psm_count,0.002034588599958297
extra_trees,4,numeric__USM0_joint_max_speed_l2,0.002027497911072241
extra_trees,4,numeric__USM2_pose_global_idle_fraction_relative,0.0020077665669573923
extra_trees,4,numeric__USM0_pose_global_rotation_path_radians,0.002001646888739455
extra_trees,4,numeric__USM2_joint_insertion_q3_path_l1,0.0019720639608994304
extra_trees,4,numeric__USM3_pose_global_max_jerk_l2,0.001963920455147916
extra_trees,4,numeric__USM3_pose_global_rms_speed_l2,0.0019609924037735796
extra_trees,4,numeric__USM0_USM3_pose_global_one_arm_only_active_fraction,0.001948726000407233
extra_trees,4,numeric__USM0_USM3_pose_global_speed_correlation,0.0019434744691752947
extra_trees,4,task__task_clean_ring_rollercoaster,0.0019238731385893893
extra_trees,4,numeric__USM0_joint_insertion_q3_mean_abs_velocity,0.001913262928873382
extra_trees,4,numeric__USM2_joint_mean_acceleration_l2,0.0019056254876696863
extra_trees,4,numeric__USM0_pose_global_dimensionless_jerk,0.0018669579541828697
extra_trees,4,numeric__active_pair_speed_correlation,0.0018641002806579988
extra_trees,4,numeric__USM0_pose_global_pause_fraction,0.0018588569630541717
extra_trees,4,numeric__active_pair_path_length_b_rel,0.0018577661649711895
extra_trees,4,numeric__USM0_pose_global_idle_fraction_relative,0.0018560429600624408
extra_trees,4,numeric__USM0_USM2_pose_global_path_length_imbalance,0.0018429619644979153
extra_trees,4,numeric__USM1_joint_raw_path_l2,0.001840651156832974
extra_trees,4,numeric__USM2_joint_max_joint_range,0.0018182525935759293
extra_trees,4,numeric__USM3_pose_global_y_range_m,0.0017922225831196238
extra_trees,4,numeric__USM3_pose_global_mean_speed_l2,0.0017898660307319562
extra_trees,4,numeric__USM1_joint_base_revolute_q0_q2_mean_range,0.00178938517679286
extra_trees,4,numeric__USM0_USM3_pose_global_std_distance_rel,0.0017870851055686496
extra_trees,4,numeric__USM2_joint_tool_roll_q4_path_l1,0.0017858276808753364
extra_trees,4,numeric__USM3_pose_global_economy_area_xz,0.0017749556783701697
extra_trees,4,numeric__USM0_pose_global_economy_volume,0.0017436252423350012
extra_trees,4,numeric__USM2_joint_max_acceleration_l2,0.0017345787532839715
extra_trees,4,numeric__USM3_joint_base_revolute_q0_q2_mean_abs_velocity,0.0016969500357004905
extra_trees,4,numeric__USM2_joint_movement_economy,0.0016854674155304945
extra_trees,4,numeric__USM1_joint_distal_q5_q9_mean_range,0.0016847806948650022
extra_trees,4,numeric__USM0_pose_global_economy_area_xz,0.001679511340988065
extra_trees,4,numeric__USM2_USM3_pose_global_mean_distance_rel,0.0016769540321671054
extra_trees,4,numeric__USM2_joint_distal_q5_q9_mean_range,0.0016757858332192115
extra_trees,4,numeric__USM3_joint_mean_speed_l2,0.0016662155046374264
extra_trees,4,numeric__USM3_pose_global_mean_acceleration_l2,0.0016271723938605634
extra_trees,4,numeric__USM2_joint_max_speed_l2,0.001620396813338341
extra_trees,4,numeric__USM1_joint_insertion_q3_mean_abs_velocity,0.0016130825785467156
extra_trees,4,numeric__USM2_USM3_pose_global_one_arm_only_active_fraction,0.0015956996399166929
extra_trees,4,numeric__USM2_USM3_pose_global_both_idle_fraction,0.001586242018939954
extra_trees,4,numeric__USM2_joint_max_abs_joint_velocity,0.001581632487563403
extra_trees,4,numeric__USM0_joint_max_gap_seconds,0.0015790702773110716
extra_trees,4,numeric__USM0_USM2_pose_global_one_arm_only_active_fraction,0.0015622968323137905
extra_trees,4,numeric__USM2_pose_global_y_range_m,0.0015610029915409046
extra_trees,4,numeric__USM3_pose_global_economy_area_yz,0.0015602263237983732
extra_trees,4,numeric__USM3_pose_global_dimensionless_jerk,0.0015599279685726162
extra_trees,4,numeric__USM1_joint_idle_fraction_relative,0.0015164594798726103
extra_trees,4,numeric__USM2_joint_jerk_cost,0.001504871056398212
extra_trees,4,numeric__USM2_joint_raw_path_l2,0.0014928740462886799
extra_trees,4,numeric__USM0_USM2_pose_global_both_idle_fraction,0.0014916798027909905
extra_trees,4,numeric__USM2_pose_global_economy_volume,0.001487364244470103
extra_trees,4,numeric__USM3_joint_distal_q5_q9_mean_range,0.0014870656241515467
extra_trees,4,numeric__USM0_USM2_pose_global_mean_abs_relative_speed,0.0014757766033993902
extra_trees,4,numeric__USM2_pose_global_economy_area_yz,0.0014538988985915021
extra_trees,4,numeric__USM2_joint_mean_speed_l2,0.0014352093790470392
extra_trees,4,numeric__USM2_pose_global_x_range_m,0.0014201048279653121
extra_trees,4,numeric__USM0_USM2_pose_global_speed_correlation,0.0014146601682197698
extra_trees,4,numeric__USM0_joint_max_jerk_l2,0.0014113607019080093
extra_trees,4,numeric__USM0_joint_tool_roll_q4_path_l1,0.0014100146561152268
extra_trees,4,numeric__USM2_joint_idle_threshold_relative,0.0014084369715337433
extra_trees,4,numeric__USM2_pose_global_economy_area_xy,0.001377231037157994
extra_trees,4,numeric__USM3_pose_global_max_acceleration_l2,0.0013747991560493311
extra_trees,4,numeric__USM0_pose_global_y_range_m,0.0013686901427815438
extra_trees,4,numeric__USM0_pose_global_z_range_m,0.0013685688496136409
extra_trees,4,numeric__USM0_pose_global_economy_area_xy,0.0013654482484256978
extra_trees,4,numeric__USM0_joint_movement_economy,0.0013457056860292267
extra_trees,4,numeric__USM3_pose_global_log_dimensionless_jerk,0.0013428743004611854
extra_trees,4,numeric__USM2_USM3_pose_global_distance_range_rel,0.0013407220548288827
extra_trees,4,numeric__USM3_pose_global_max_angular_speed_rad_s,0.0013336951815157373
extra_trees,4,numeric__USM1_joint_max_joint_range,0.001321864157096107
extra_trees,4,numeric__USM2_pose_global_rotation_path_radians,0.0013162499464241047
extra_trees,4,numeric__USM1_joint_max_jerk_l2,0.0012878851088535955
extra_trees,4,numeric__USM1_joint_pause_fraction,0.0012834205177860813
extra_trees,4,numeric__USM1_joint_tool_roll_q4_mean_abs_velocity,0.0012828298770970522
extra_trees,4,numeric__USM2_USM3_pose_global_std_distance_rel,0.0012803330391046315
extra_trees,4,numeric__USM0_joint_idle_fraction_relative,0.0012731547784840403
extra_trees,4,numeric__USM3_joint_base_revolute_q0_q2_mean_range,0.0012731198995330367
extra_trees,4,numeric__USM0_pose_global_mean_speed_l2,0.0012609397708336267
extra_trees,4,numeric__USM1_joint_tool_roll_q4_path_l1,0.0012490639503911372
extra_trees,4,numeric__USM1_joint_insertion_q3_path_l1,0.0012330951275727434
extra_trees,4,numeric__USM3_joint_net_displacement_l2,0.0011934975274125249
extra_trees,4,numeric__USM1_joint_max_abs_joint_velocity,0.0011783711696077002
extra_trees,4,numeric__USM0_USM3_pose_global_mean_distance_rel,0.0011667093422974804
extra_trees,4,numeric__active_pair_mean_abs_relative_speed,0.0011578976457020302
extra_trees,4,numeric__USM3_pose_global_max_speed_l2,0.001151058695861804
extra_trees,4,numeric__USM3_pose_global_mean_angular_speed_rad_s,0.0011331229175191191
extra_trees,4,numeric__USM3_pose_global_net_displacement_l2,0.001132356131704267
extra_trees,4,numeric__USM3_joint_tool_roll_q4_path_l1,0.0011181131041375786
extra_trees,4,numeric__USM2_joint_rms_speed_l2,0.0010910150457342528
extra_trees,4,numeric__USM2_joint_max_jerk_l2,0.0010874946722697484
extra_trees,4,numeric__USM3_pose_global_raw_path_l2,0.001078201619328423
extra_trees,4,numeric__USM0_pose_global_x_range_m,0.00106919472549058
extra_trees,4,numeric__USM2_pose_global_economy_area_xz,0.0010690265995186407
extra_trees,4,numeric__USM3_pose_global_economy_volume,0.0010588226637566168
extra_trees,4,numeric__USM3_joint_idle_fraction_relative,0.0010504374678356827
extra_trees,4,numeric__USM3_pose_global_workspace_box_volume_m3,0.001049409374171125
extra_trees,4,numeric__USM2_pose_global_raw_path_l2,0.0010342748165547107
extra_trees,4,numeric__USM3_joint_base_revolute_q0_q2_path_l1,0.001030945651705112
extra_trees,4,numeric__USM3_pose_global_x_range_m,0.0010284991609900481
extra_trees,4,numeric__USM0_USM3_pose_global_distance_range_rel,0.001022907653193797
extra_trees,4,numeric__USM0_USM2_pose_global_alignment_coverage,0.001002235433853394
extra_trees,4,numeric__USM3_joint_raw_path_l2,0.0009934690849732468
extra_trees,4,numeric__USM1_joint_mean_speed_l2,0.0009711707243423095
extra_trees,4,numeric__USM3_joint_movement_economy,0.0009555765918447391
extra_trees,4,numeric__USM3_pose_global_mean_abs_angular_acceleration_rad_s2,0.0009470731448092718
extra_trees,4,numeric__USM0_USM3_pose_global_mean_abs_relative_speed,0.0009354084498465166
extra_trees,4,numeric__USM2_pose_global_mean_speed_l2,0.00091410669503484
extra_trees,4,numeric__USM2_pose_global_idle_threshold_relative,0.0009096385161800771
extra_trees,4,numeric__USM3_joint_jerk_cost,0.0009036314006245072
extra_trees,4,numeric__USM3_joint_mean_joint_range,0.0008817496270223059
extra_trees,4,numeric__USM3_joint_insertion_q3_mean_range,0.0008712405027129231
extra_trees,4,task__task_clean_camera_target,0.0008523931395420653
extra_trees,4,numeric__USM3_joint_max_joint_range,0.0008519706864893306
extra_trees,4,numeric__USM1_joint_mean_acceleration_l2,0.0008240372510401312
extra_trees,4,numeric__USM3_pose_global_jerk_cost,0.0008213350558176114
extra_trees,4,numeric__USM3_joint_max_speed_l2,0.0007740444368033647
extra_trees,4,numeric__USM1_joint_jerk_cost,0.0007532789610618342
extra_trees,4,numeric__USM3_joint_insertion_q3_path_l1,0.0006421895875864083
extra_trees,4,numeric__USM3_joint_max_acceleration_l2,0.0006216362151446808
extra_trees,4,numeric__USM3_pose_global_rotation_path_radians,0.0006149516830509594
extra_trees,4,task__task_clean_glove_cut,0.0006102318660801834
extra_trees,4,numeric__USM3_joint_insertion_q3_mean_abs_velocity,0.0002800223880244844
extra_trees,4,numeric__USM0_pose_global_active,0.00023101307035726205
extra_trees,4,numeric__USM3_joint_pause_count,7.57236803812131e-05
extra_trees,4,numeric__active_pair_usm_b,7.336755724334715e-05
extra_trees,4,numeric__USM3_joint_pause_duration_seconds,3.280088789974035e-05
extra_trees,4,numeric__active_pair_usm_a,8.500155448514517e-06
extra_trees,4,numeric__USM0_joint_median_dt_seconds,0.0
extra_trees,5,numeric__USM3_pose_global_pause_fraction,0.03046343775354719
extra_trees,5,numeric__USM2_joint_pause_duration_seconds,0.022660564695719067
extra_trees,5,numeric__USM2_pose_global_pause_duration_seconds,0.02125708487239415
extra_trees,5,numeric__USM3_pose_global_idle_fraction_relative,0.020421742569726415
extra_trees,5,numeric__USM0_joint_pause_duration_seconds,0.019617391901040764
extra_trees,5,numeric__USM0_pose_global_rotation_determinant_mean,0.019511847350182954
extra_trees,5,numeric__USM3_pose_global_pause_duration_seconds,0.018213437393474658
extra_trees,5,numeric__USM2_pose_global_mean_abs_angular_acceleration_rad_s2,0.017756051521970947
extra_trees,5,numeric__USM0_pose_global_pause_duration_seconds,0.01771339689869525
extra_trees,5,numeric__duration_seconds,0.017517969216715883
extra_trees,5,numeric__USM2_pose_global_rotation_determinant_mean,0.01700762457280726
extra_trees,5,numeric__USM2_pose_global_mean_angular_speed_rad_s,0.015403286192449366
extra_trees,5,numeric__USM1_joint_pause_duration_seconds,0.014642210818777058
extra_trees,5,numeric__USM0_USM3_pose_global_simultaneous_active_fraction,0.014003770943185603
extra_trees,5,numeric__USM0_joint_base_revolute_q0_q2_mean_abs_velocity,0.013398926649151297
extra_trees,5,numeric__USM2_pose_global_pause_count,0.012944678911635537
extra_trees,5,numeric__active_pair_simultaneous_active_fraction,0.012874861184092114
extra_trees,5,numeric__USM0_pose_global_pause_count,0.012330990395285544
extra_trees,5,numeric__USM2_joint_base_revolute_q0_q2_mean_abs_velocity,0.012328916730534491
extra_trees,5,numeric__USM0_joint_pause_count,0.012173435365871087
extra_trees,5,numeric__USM0_USM3_pose_global_both_idle_fraction,0.010866665588489687
extra_trees,5,numeric__USM2_joint_tool_roll_q4_mean_abs_velocity,0.010843717597300353
extra_trees,5,numeric__USM2_joint_insertion_q3_mean_abs_velocity,0.0107663673521737
extra_trees,5,numeric__USM0_pose_global_mean_abs_angular_acceleration_rad_s2,0.010650267939645313
extra_trees,5,numeric__USM2_pose_global_dimensionless_jerk,0.010368131161543144
extra_trees,5,numeric__USM3_pose_global_rotation_determinant_mean,0.010250615550366509
extra_trees,5,numeric__USM0_pose_global_log_dimensionless_jerk,0.009931715182718294
extra_trees,5,numeric__USM2_joint_pause_count,0.00969803609517928
extra_trees,5,numeric__USM0_joint_raw_path_l2,0.009521810824056788
extra_trees,5,numeric__USM3_pose_global_active,0.008894258223850168
extra_trees,5,numeric__USM0_joint_insertion_q3_mean_abs_velocity,0.00823079860297992
extra_trees,5,numeric__USM0_USM2_pose_global_simultaneous_active_fraction,0.008087330455075583
extra_trees,5,numeric__USM2_pose_global_log_dimensionless_jerk,0.007904414535444002
extra_trees,5,numeric__USM2_pose_global_pause_fraction,0.007651255962975487
extra_trees,5,numeric__all_usm_joint_path_l1_total,0.007622123325320038
extra_trees,5,numeric__USM0_pose_global_mean_angular_speed_rad_s,0.007516036978379857
extra_trees,5,numeric__USM3_pose_global_pause_count,0.007422328343924931
extra_trees,5,numeric__USM0_pose_global_rotation_path_radians,0.007165153440472791
extra_trees,5,numeric__USM2_USM3_pose_global_both_idle_fraction,0.006938547148554612
extra_trees,5,numeric__USM1_joint_base_revolute_q0_q2_mean_abs_velocity,0.006808113843674035
extra_trees,5,numeric__USM0_joint_insertion_q3_path_l1,0.0065750738347644935
extra_trees,5,numeric__USM3_pose_global_economy_area_xy,0.006401784739601184
extra_trees,5,numeric__USM0_joint_jerk_cost,0.006331536274900197
extra_trees,5,numeric__USM3_pose_global_log_dimensionless_jerk,0.006197864710191584
extra_trees,5,numeric__USM1_joint_insertion_q3_mean_abs_velocity,0.006125576732474037
extra_trees,5,numeric__active_psm_count,0.005942956363553186
extra_trees,5,numeric__USM0_joint_idle_fraction_relative,0.005939824523382545
extra_trees,5,numeric__USM3_pose_global_movement_economy,0.005905447618074869
extra_trees,5,numeric__USM2_pose_global_idle_fraction_relative,0.005523934639086299
extra_trees,5,task__task_clean_suture,0.0053736563292548735
extra_trees,5,numeric__USM0_USM3_pose_global_path_length_imbalance,0.005302858974811277
extra_trees,5,numeric__USM0_pose_global_path_l2,0.005222905467440774
extra_trees,5,numeric__USM0_pose_global_max_speed_l2,0.005179147149840409
extra_trees,5,numeric__USM0_joint_base_revolute_q0_q2_path_l1,0.005141203814703374
extra_trees,5,numeric__USM0_joint_tool_roll_q4_mean_abs_velocity,0.005093202659154406
extra_trees,5,numeric__USM0_pose_global_rms_speed_l2,0.004714598080635355
extra_trees,5,numeric__USM0_pose_global_raw_path_l2,0.004672867821805754
extra_trees,5,numeric__USM0_USM2_pose_global_both_idle_fraction,0.004574627060985147
extra_trees,5,numeric__USM0_joint_base_revolute_q0_q2_mean_range,0.00455106492217408
extra_trees,5,numeric__USM0_joint_mean_speed_l2,0.004478090491206229
extra_trees,5,numeric__USM2_USM3_pose_global_path_length_imbalance,0.004453630177299912
extra_trees,5,numeric__USM2_joint_idle_fraction_relative,0.004445944568463511
extra_trees,5,numeric__USM2_joint_mean_abs_joint_velocity,0.004330686122507204
extra_trees,5,numeric__active_pair_path_length_b_rel,0.004208806544105706
extra_trees,5,numeric__USM0_joint_insertion_q3_mean_range,0.004207239980795097
extra_trees,5,numeric__USM2_USM3_pose_global_simultaneous_active_fraction,0.0041742624348906415
extra_trees,5,numeric__USM2_joint_pause_fraction,0.00408436059567596
extra_trees,5,numeric__USM2_pose_global_max_angular_speed_rad_s,0.004042996498275678
extra_trees,5,numeric__USM0_pose_global_idle_fraction_relative,0.003961376885038841
extra_trees,5,numeric__USM0_pose_global_max_jerk_l2,0.0039067398078898195
extra_trees,5,numeric__USM2_joint_base_revolute_q0_q2_path_l1,0.0038971709047172344
extra_trees,5,numeric__USM0_joint_tool_roll_q4_path_l1,0.003876247410725139
extra_trees,5,numeric__USM2_pose_global_economy_area_xz,0.0037871863291561872
extra_trees,5,numeric__USM0_pose_global_dimensionless_jerk,0.0037355387636052208
extra_trees,5,numeric__USM3_pose_global_economy_area_yz,0.003689942723945041
extra_trees,5,numeric__USM2_USM3_pose_global_speed_correlation,0.0036787716480050883
extra_trees,5,numeric__USM1_joint_max_joint_range,0.0036082901160152557
extra_trees,5,numeric__USM2_pose_global_max_abs_angular_acceleration_rad_s2,0.003587829646862279
extra_trees,5,numeric__USM2_pose_global_raw_path_l2,0.0035307208127733558
extra_trees,5,numeric__USM0_pose_global_mean_speed_l2,0.003445700034094924
extra_trees,5,numeric__USM3_pose_global_z_range_m,0.0034031116099782713
extra_trees,5,numeric__USM0_joint_mean_acceleration_l2,0.0033814805070947565
extra_trees,5,numeric__USM3_pose_global_rms_speed_l2,0.0033337111655398783
extra_trees,5,numeric__USM2_pose_global_economy_area_xy,0.003314023556577564
extra_trees,5,numeric__USM2_pose_global_rotation_path_radians,0.003277287093493179
extra_trees,5,numeric__all_psm_pose_global_path_total_m,0.003276698963317775
extra_trees,5,numeric__USM0_USM3_pose_global_mean_distance_rel,0.003218553639872054
extra_trees,5,numeric__USM0_pose_global_idle_threshold_relative,0.003198454758060499
extra_trees,5,numeric__USM0_USM3_pose_global_mean_abs_relative_speed,0.0031962259668156987
extra_trees,5,numeric__USM1_joint_tool_roll_q4_mean_abs_velocity,0.0030699555749716624
extra_trees,5,numeric__USM2_joint_insertion_q3_path_l1,0.003065565784278159
extra_trees,5,numeric__USM0_joint_net_displacement_l2,0.0030639187760042414
extra_trees,5,numeric__USM0_joint_idle_threshold_relative,0.0030474111208144664
extra_trees,5,numeric__USM2_joint_mean_acceleration_l2,0.003003125292713476
extra_trees,5,numeric__USM2_USM3_pose_global_distance_range_rel,0.002933723542936907
extra_trees,5,numeric__USM3_pose_global_idle_threshold_relative,0.0029186287360381045
extra_trees,5,numeric__USM2_joint_base_revolute_q0_q2_mean_range,0.002895233718400844
extra_trees,5,numeric__USM2_pose_global_path_l2,0.0028849167641931714
extra_trees,5,numeric__USM2_USM3_pose_global_std_distance_rel,0.002840203046923848
extra_trees,5,numeric__active_pair_one_arm_only_active_fraction,0.002840105411039063
extra_trees,5,numeric__USM2_USM3_pose_global_mean_distance_rel,0.002832708073838545
extra_trees,5,numeric__USM2_joint_mean_speed_l2,0.0028247296605791758
extra_trees,5,numeric__USM3_pose_global_raw_path_l2,0.002816388313679259
extra_trees,5,numeric__USM0_joint_distal_q5_q9_mean_range,0.0028150595824764646
extra_trees,5,numeric__USM3_pose_global_mean_speed_l2,0.0028094450880342594
extra_trees,5,numeric__USM2_joint_tool_roll_q4_path_l1,0.002806969005757209
extra_trees,5,numeric__USM0_pose_global_pause_fraction,0.0027914428944348095
extra_trees,5,numeric__USM0_pose_global_economy_area_yz,0.002774557599800172
extra_trees,5,numeric__USM0_pose_global_economy_volume,0.002759492085394762
extra_trees,5,numeric__USM1_joint_base_revolute_q0_q2_mean_range,0.0027501368894114774
extra_trees,5,numeric__USM0_pose_global_max_abs_angular_acceleration_rad_s2,0.002653177909219848
extra_trees,5,numeric__USM2_pose_global_idle_threshold_relative,0.002636805882529892
extra_trees,5,numeric__USM3_pose_global_x_range_m,0.0026011511933239375
extra_trees,5,numeric__USM2_pose_global_x_range_m,0.0025749966552597757
extra_trees,5,numeric__USM3_pose_global_y_range_m,0.0025382872700222135
extra_trees,5,numeric__active_pair_path_length_imbalance,0.002525934859958187
extra_trees,5,numeric__USM2_joint_raw_path_l2,0.002525465281551913
extra_trees,5,numeric__USM2_joint_insertion_q3_mean_range,0.0025246727878999705
extra_trees,5,numeric__USM0_joint_rms_speed_l2,0.0025215173050042177
extra_trees,5,numeric__USM0_pose_global_economy_area_xz,0.0025150799796229218
extra_trees,5,numeric__USM0_joint_max_joint_range,0.002468637941028097
extra_trees,5,numeric__USM1_joint_max_abs_joint_velocity,0.0024212572083727926
extra_trees,5,numeric__USM0_USM3_pose_global_std_distance_rel,0.002367394947452547
extra_trees,5,numeric__USM0_USM2_pose_global_speed_correlation,0.0023641864329755936
extra_trees,5,numeric__USM2_joint_distal_q5_q9_mean_range,0.002358357837413611
extra_trees,5,numeric__USM1_joint_pause_fraction,0.0023567277407930297
extra_trees,5,numeric__USM2_pose_global_mean_speed_l2,0.002345455429228698
extra_trees,5,numeric__USM0_joint_mean_joint_range,0.002336412595073174
extra_trees,5,numeric__USM1_joint_distal_q5_q9_mean_range,0.002335064283565132
extra_trees,5,numeric__USM2_pose_global_economy_area_yz,0.0023174938986534493
extra_trees,5,task__task_clean_camera_target,0.002302200395542722
extra_trees,5,numeric__USM3_joint_tool_roll_q4_path_l1,0.002301725005105489
extra_trees,5,numeric__USM2_joint_idle_threshold_relative,0.002298781199164295
extra_trees,5,numeric__USM1_joint_mean_speed_l2,0.0022921840298810417
extra_trees,5,numeric__USM3_pose_global_net_displacement_l2,0.002282897781299235
extra_trees,5,numeric__USM3_pose_global_economy_volume,0.0022399510423192696
extra_trees,5,numeric__USM2_pose_global_y_range_m,0.002236516644958277
extra_trees,5,numeric__USM0_USM2_pose_global_path_length_imbalance,0.002204529949100603
extra_trees,5,numeric__USM3_joint_tool_roll_q4_mean_abs_velocity,0.0022037810071141068
extra_trees,5,numeric__USM0_USM3_pose_global_speed_correlation,0.0022014018813313525
extra_trees,5,numeric__USM0_joint_tool_roll_q4_mean_range,0.002183066920439321
extra_trees,5,numeric__USM0_pose_global_economy_area_xy,0.0021799386179942597
extra_trees,5,numeric__USM1_joint_insertion_q3_mean_range,0.0021658064061671803
extra_trees,5,numeric__USM1_joint_insertion_q3_path_l1,0.0021580899846261924
extra_trees,5,numeric__USM0_pose_global_x_range_m,0.002153334560263995
extra_trees,5,numeric__USM3_joint_raw_path_l2,0.002144528889122693
extra_trees,5,numeric__active_pair_speed_correlation,0.0021313999023326873
extra_trees,5,numeric__USM0_joint_max_jerk_l2,0.0021238780032109376
extra_trees,5,numeric__USM1_joint_tool_roll_q4_path_l1,0.0020948574511956636
extra_trees,5,numeric__USM3_joint_distal_q5_q9_mean_range,0.00208574206638488
extra_trees,5,numeric__USM2_joint_rms_speed_l2,0.002081368762045601
extra_trees,5,task__task_clean_sea_spikes,0.0020746231564938485
extra_trees,5,numeric__USM1_joint_net_displacement_l2,0.0020652326879530255
extra_trees,5,numeric__USM0_joint_movement_economy,0.00205704971357552
extra_trees,5,numeric__USM2_USM3_pose_global_one_arm_only_active_fraction,0.002055784800605796
extra_trees,5,numeric__USM3_pose_global_max_speed_l2,0.0020234853321545107
extra_trees,5,numeric__USM1_joint_rms_speed_l2,0.0020233617933480166
extra_trees,5,numeric__USM1_joint_idle_fraction_relative,0.002005462053635691
extra_trees,5,numeric__USM0_pose_global_y_range_m,0.0020047797948604864
extra_trees,5,numeric__USM1_joint_base_revolute_q0_q2_path_l1,0.0020003762669007614
extra_trees,5,numeric__USM0_joint_max_acceleration_l2,0.0019938446620915667
extra_trees,5,numeric__USM0_USM3_pose_global_one_arm_only_active_fraction,0.001991105081020312
extra_trees,5,numeric__USM1_joint_mean_joint_range,0.0019489944780125058
extra_trees,5,numeric__USM3_pose_global_max_acceleration_l2,0.0019424124950071398
extra_trees,5,numeric__USM3_pose_global_dimensionless_jerk,0.0019304608596109856
extra_trees,5,numeric__USM2_joint_max_speed_l2,0.00192211567828628
extra_trees,5,numeric__USM3_pose_global_economy_area_xz,0.0019125151195295439
extra_trees,5,numeric__USM0_USM2_pose_global_one_arm_only_active_fraction,0.0019117672085594078
extra_trees,5,numeric__USM2_joint_jerk_cost,0.0018800533065243792
extra_trees,5,numeric__USM2_pose_global_economy_volume,0.0018798777169968263
extra_trees,5,numeric__USM3_pose_global_workspace_box_volume_m3,0.0018661916480324013
extra_trees,5,numeric__USM1_joint_raw_path_l2,0.0018594454477772204
extra_trees,5,numeric__USM1_joint_pause_count,0.0018594149985756302
extra_trees,5,numeric__USM1_joint_distal_q5_q9_path_l1,0.0017992827969621201
extra_trees,5,numeric__USM1_joint_jerk_cost,0.0017876509477985079
extra_trees,5,numeric__USM2_joint_max_acceleration_l2,0.0017779962345379943
extra_trees,5,numeric__USM1_joint_movement_economy,0.0017579542037602254
extra_trees,5,numeric__USM1_joint_max_acceleration_l2,0.0017525780855410537
extra_trees,5,numeric__USM3_joint_jerk_cost,0.0017470805127767994
extra_trees,5,numeric__USM1_joint_mean_acceleration_l2,0.001712002174196577
extra_trees,5,numeric__USM3_pose_global_mean_abs_angular_acceleration_rad_s2,0.001680880042383752
extra_trees,5,numeric__USM1_joint_max_jerk_l2,0.0016797081809255788
extra_trees,5,numeric__USM2_joint_mean_joint_range,0.0016793236203396446
extra_trees,5,numeric__USM2_joint_max_joint_range,0.0016624443624286454
extra_trees,5,numeric__USM2_pose_global_z_range_m,0.0016306984373707144
extra_trees,5,numeric__USM3_pose_global_rotation_path_radians,0.0016297873620154041
extra_trees,5,numeric__USM3_pose_global_mean_angular_speed_rad_s,0.0015994700850155816
extra_trees,5,numeric__USM1_joint_max_speed_l2,0.0015964837533511275
extra_trees,5,numeric__USM0_joint_max_speed_l2,0.0015786012717471935
extra_trees,5,numeric__USM3_joint_mean_speed_l2,0.0015734376015295265
extra_trees,5,numeric__USM3_pose_global_max_abs_angular_acceleration_rad_s2,0.0015409962414129103
extra_trees,5,numeric__USM3_joint_max_joint_range,0.0015398143823490335
extra_trees,5,numeric__USM3_pose_global_max_jerk_l2,0.0015330845027448717
extra_trees,5,numeric__USM2_joint_max_jerk_l2,0.0015305866340487282
extra_trees,5,numeric__USM2_pose_global_movement_economy,0.0015248254155238985
extra_trees,5,numeric__USM2_joint_net_displacement_l2,0.0014886171524393522
extra_trees,5,task__task_clean_ring_rollercoaster,0.0014831049501241272
extra_trees,5,numeric__USM0_USM3_pose_global_distance_range_rel,0.001475603380143876
extra_trees,5,numeric__USM0_pose_global_max_angular_speed_rad_s,0.001430438193815713
extra_trees,5,numeric__USM3_pose_global_jerk_cost,0.0014006718808098873
extra_trees,5,numeric__USM0_pose_global_net_displacement_l2,0.0013376510607642639
extra_trees,5,numeric__USM3_joint_base_revolute_q0_q2_mean_abs_velocity,0.0012785056353197832
extra_trees,5,numeric__USM2_joint_movement_economy,0.0012617010245822406
extra_trees,5,numeric__USM3_pose_global_max_angular_speed_rad_s,0.0012408474004231898
extra_trees,5,numeric__USM3_joint_insertion_q3_path_l1,0.0011881270335395314
extra_trees,5,numeric__USM3_joint_mean_joint_range,0.0011796841884839473
extra_trees,5,numeric__USM3_joint_max_speed_l2,0.001175725628763809
extra_trees,5,numeric__USM0_pose_global_movement_economy,0.0011675552625408352
extra_trees,5,numeric__USM3_joint_insertion_q3_mean_range,0.001150876610275034
extra_trees,5,numeric__USM3_joint_base_revolute_q0_q2_mean_range,0.0010938407185999274
extra_trees,5,numeric__USM3_joint_idle_fraction_relative,0.0010670050868095628
extra_trees,5,numeric__USM2_joint_max_abs_joint_velocity,0.001065286614419167
extra_trees,5,numeric__USM3_joint_movement_economy,0.0009058610183172993
extra_trees,5,numeric__USM3_joint_net_displacement_l2,0.0008880776053538771
extra_trees,5,numeric__USM0_joint_max_gap_seconds,0.0008257187376757168
extra_trees,5,numeric__USM3_joint_base_revolute_q0_q2_path_l1,0.000817241630326119
extra_trees,5,task__task_clean_glove_cut,0.0007606932258671839
extra_trees,5,numeric__USM3_joint_insertion_q3_mean_abs_velocity,0.0006798484493795106
extra_trees,5,numeric__USM3_joint_max_acceleration_l2,0.0005190159158028591
extra_trees,5,numeric__active_pair_usm_b,0.00043767540390502667
extra_trees,5,numeric__USM0_USM2_pose_global_alignment_coverage,0.00035868224626220885
extra_trees,5,numeric__USM3_joint_pause_count,1.3696301120530192e-05
extra_trees,5,numeric__USM3_joint_pause_duration_seconds,6.9060325418420895e-06
extra_trees,5,numeric__USM0_joint_median_dt_seconds,0.0
extra_trees,5,numeric__USM0_pose_global_active,0.0
extra_trees,5,numeric__active_pair_usm_a,0.0
