feature,folds_present,nonzero_folds,mean_coefficient,median_coefficient,std_coefficient,mean_abs_coefficient,median_abs_coefficient,max_abs_coefficient,positive_folds,negative_folds,fold_coverage,nonzero_fold_fraction,sign_consistency,stable_all_folds,stability_weighted_importance,model,feature_source,metric_family,arm
USM0_joint_insertion_q3_mean_range,5,5,-0.35670236711431114,-0.3656575801164767,0.17149107005024997,0.35670236711431114,0.3656575801164767,0.515523461478172,0,5,1.0,1.0,1.0,True,0.35670236711431114,ridge,USM,workspace,USM0
USM0_joint_tool_roll_q4_mean_abs_velocity,5,5,0.2589313765572841,0.3133087848951565,0.10484013956452591,0.2589313765572841,0.3133087848951565,0.3464589054976885,5,0,1.0,1.0,1.0,True,0.2589313765572841,ridge,USM,velocity,USM0
USM2_pose_rel_mean_angular_speed_rad_s,5,5,0.25849643471656725,0.2868313726012543,0.09333395367137062,0.25849643471656725,0.2868313726012543,0.3658770816003588,5,0,1.0,1.0,1.0,True,0.25849643471656725,ridge,USM,velocity,USM2
USM1_pose_rel_pause_count,5,5,0.23740944886057794,0.2839656999660727,0.12030466022507642,0.23740944886057794,0.2839656999660727,0.3700345175122094,5,0,1.0,1.0,1.0,True,0.23740944886057794,ridge,USM,other,USM1
USM2_joint_base_revolute_q0_q2_mean_abs_velocity,5,5,0.2282464441013558,0.2569791645161952,0.0931797430911186,0.2282464441013558,0.2569791645161952,0.2915724119462263,5,0,1.0,1.0,1.0,True,0.2282464441013558,ridge,USM,velocity,USM2
USM0_joint_base_revolute_q0_q2_mean_abs_velocity,5,5,0.21995785859551464,0.2481296237558043,0.07868168196853316,0.21995785859551464,0.2481296237558043,0.2701849744823975,5,0,1.0,1.0,1.0,True,0.21995785859551464,ridge,USM,velocity,USM0
USM2_pose_rel_idle_fraction_relative,5,5,-0.18311290226840285,-0.1982701048816834,0.06516434415005999,0.18311290226840285,0.1982701048816834,0.2403371077964541,0,5,1.0,1.0,1.0,True,0.18311290226840285,ridge,USM,other,USM2
USM1_USM2_pose_rel_std_distance_rel,5,5,-0.17610872016243018,-0.2066101628123907,0.08283901303184274,0.17610872016243018,0.2066101628123907,0.2489865357180114,0,5,1.0,1.0,1.0,True,0.17610872016243018,ridge,USM,other,USM1
USM2_joint_tool_roll_q4_mean_abs_velocity,5,5,0.17055419493254043,0.1386539567167846,0.08805920897238248,0.17055419493254043,0.1386539567167846,0.3107626076004615,5,0,1.0,1.0,1.0,True,0.17055419493254043,ridge,USM,velocity,USM2
USM2_pose_rel_rotation_orthogonality_error_mean,5,5,0.16757897528103693,0.1898177923001156,0.06642000808867116,0.16757897528103693,0.1898177923001156,0.2491648738641409,5,0,1.0,1.0,1.0,True,0.16757897528103693,ridge,USM,rotation,USM2
USM0_joint_insertion_q3_path_l1,5,5,-0.1598479846920871,-0.164899336160533,0.09194406496924552,0.1598479846920871,0.164899336160533,0.2525172353781871,0,5,1.0,1.0,1.0,True,0.1598479846920871,ridge,USM,other,USM0
USM2_pose_rel_pause_fraction,4,4,-0.19907770124730317,-0.22452233919127665,0.0826005487378365,0.19907770124730317,0.22452233919127665,0.268040103848969,0,4,0.8,0.8,1.0,False,0.15926216099784254,ridge,USM,other,USM2
USM1_pose_rel_rms_speed_l2,5,5,0.15924768094376596,0.1768586854494594,0.059046960928382394,0.15924768094376596,0.1768586854494594,0.1959104614855462,5,0,1.0,1.0,1.0,True,0.15924768094376596,ridge,USM,velocity,USM1
USM2_joint_distal_q5_q9_mean_range,5,5,0.15832413212539534,0.2132167284112355,0.09796824910375433,0.15832413212539534,0.2132167284112355,0.2535376180718561,5,0,1.0,1.0,1.0,True,0.15832413212539534,ridge,USM,workspace,USM2
USM3_pose_rel_pause_count,5,5,-0.15823189553680597,-0.1591144999967311,0.05012133283613185,0.15823189553680597,0.1591144999967311,0.2233555839271392,0,5,1.0,1.0,1.0,True,0.15823189553680597,ridge,USM,other,USM3
USM1_pose_rel_rotation_orthogonality_error_max,5,5,0.15686267790686115,0.1456896716701128,0.09187581981900078,0.15686267790686115,0.1456896716701128,0.2699609397664959,5,0,1.0,1.0,1.0,True,0.15686267790686115,ridge,USM,rotation,USM1
USM1_pose_rel_y_range,5,5,0.15513412984190658,0.152063957731292,0.07291808754851294,0.15513412984190658,0.152063957731292,0.2348993205609602,5,0,1.0,1.0,1.0,True,0.15513412984190658,ridge,USM,workspace,USM1
USM2_pose_rel_y_range,5,5,-0.1523801214268663,-0.1683698504367506,0.10758342074538513,0.1523801214268663,0.1683698504367506,0.2995091379743201,0,5,1.0,1.0,1.0,True,0.1523801214268663,ridge,USM,workspace,USM2
USM1_joint_movement_economy,5,5,-0.13891454854829488,-0.1766259115864208,0.08327082122699536,0.13891454854829488,0.1766259115864208,0.2051625705176366,0,5,1.0,1.0,1.0,True,0.13891454854829488,ridge,USM,other,USM1
USM1_pose_rel_economy_area_yz,5,5,0.13829212125854,0.1423788617810517,0.07546722250990494,0.13829212125854,0.1423788617810517,0.2373631129220996,5,0,1.0,1.0,1.0,True,0.13829212125854,ridge,USM,other,USM1
USM2_USM3_pose_rel_mean_distance_rel,5,5,0.13698657852574678,0.1572216751906965,0.050829897282829786,0.13698657852574678,0.1572216751906965,0.1720619952951477,5,0,1.0,1.0,1.0,True,0.13698657852574678,ridge,USM,other,USM2
USM2_joint_insertion_q3_mean_abs_velocity,5,5,0.1362250517484158,0.1564167141388214,0.04753844861410288,0.1362250517484158,0.1564167141388214,0.1831429853141512,5,0,1.0,1.0,1.0,True,0.1362250517484158,ridge,USM,velocity,USM2
USM3_pose_rel_economy_area_xz,5,5,0.1355613302568027,0.1407387039849728,0.09219809219845304,0.1355613302568027,0.1407387039849728,0.2690789786407693,5,0,1.0,1.0,1.0,True,0.1355613302568027,ridge,USM,other,USM3
USM1_USM3_pose_rel_distance_range_rel,5,5,0.1348304716731354,0.1337355654584637,0.049034084517219856,0.1348304716731354,0.1337355654584637,0.19285738161503,5,0,1.0,1.0,1.0,True,0.1348304716731354,ridge,USM,workspace,USM1
active_pair_mean_distance_rel,5,5,0.1311720830887758,0.1485994368402713,0.04195359806583596,0.1311720830887758,0.1485994368402713,0.1597301545846985,5,0,1.0,1.0,1.0,True,0.1311720830887758,ridge,Other,other,NA
USM1_USM2_pose_rel_max_distance_rel,5,5,-0.12881483998659798,-0.1500062024961872,0.08439549674927946,0.12881483998659798,0.1500062024961872,0.2352087600713257,0,5,1.0,1.0,1.0,True,0.12881483998659798,ridge,USM,other,USM1
USM1_pose_rel_economy_area_xz,5,5,0.12849549129496868,0.1374874457226341,0.052976095636314474,0.12849549129496868,0.1374874457226341,0.1717277570667024,5,0,1.0,1.0,1.0,True,0.12849549129496868,ridge,USM,other,USM1
USM1_USM2_pose_rel_mean_abs_relative_speed,5,5,0.12671501955303432,0.1283459358279082,0.033436540576282696,0.12671501955303432,0.1283459358279082,0.1597265792063886,5,0,1.0,1.0,1.0,True,0.12671501955303432,ridge,USM,velocity,USM1
USM2_pose_rel_max_acceleration_l2,5,5,0.11910413700145625,0.1280348464467902,0.05649422311556035,0.11910413700145625,0.1280348464467902,0.1844653293736204,5,0,1.0,1.0,1.0,True,0.11910413700145625,ridge,USM,acceleration,USM2
USM2_joint_idle_fraction_relative,5,5,-0.11838677987129051,-0.1360065454900534,0.06945786354696819,0.11838677987129051,0.1360065454900534,0.1835273186017805,0,5,1.0,1.0,1.0,True,0.11838677987129051,ridge,USM,other,USM2
USM1_USM3_pose_rel_both_idle_fraction,5,5,0.11807025281537417,0.1572084916253524,0.07119582114732387,0.11807025281537417,0.1572084916253524,0.172649248542578,5,0,1.0,1.0,1.0,True,0.11807025281537417,ridge,USM,other,USM1
USM3_pose_rel_movement_economy,5,5,-0.11798080238240091,-0.1093373394371892,0.07838215849085976,0.11798080238240091,0.1093373394371892,0.2094725710611659,0,5,1.0,1.0,1.0,True,0.11798080238240091,ridge,USM,other,USM3
USM2_pose_rel_pause_duration_seconds,5,5,-0.11769848707897687,-0.1191587727608891,0.020799790003337183,0.11769848707897687,0.1191587727608891,0.1411689886996062,0,5,1.0,1.0,1.0,True,0.11769848707897687,ridge,USM,time,USM2
USM2_pose_rel_max_speed_l2,5,5,0.11769523643378818,0.1548483837367972,0.06080172192572555,0.11769523643378818,0.1548483837367972,0.1692598837071108,5,0,1.0,1.0,1.0,True,0.11769523643378818,ridge,USM,velocity,USM2
USM2_pose_rel_mean_speed_l2,5,5,0.11688382913743071,0.1026397027827801,0.0350541497595201,0.11688382913743071,0.1026397027827801,0.1586648138073878,5,0,1.0,1.0,1.0,True,0.11688382913743071,ridge,USM,velocity,USM2
USM0_joint_jerk_cost,5,5,-0.11613717376919597,-0.1137813851708903,0.09079094695407436,0.11613717376919597,0.1137813851708903,0.2584918351874642,0,5,1.0,1.0,1.0,True,0.11613717376919597,ridge,USM,jerk,USM0
USM1_USM2_pose_rel_min_distance_rel,5,5,-0.11592621519653612,-0.1246917965354022,0.06683297253585606,0.11592621519653612,0.1246917965354022,0.1730895757533717,0,5,1.0,1.0,1.0,True,0.11592621519653612,ridge,USM,other,USM1
USM1_pose_rel_rotation_orthogonality_error_mean,5,5,0.11557555640881904,0.1029722388090056,0.06670502561573072,0.11557555640881904,0.1029722388090056,0.1828829672836979,5,0,1.0,1.0,1.0,True,0.11557555640881904,ridge,USM,rotation,USM1
USM2_pose_rel_rms_speed_l2,5,5,0.11272142335887507,0.1162252968070098,0.029490175326684704,0.11272142335887507,0.1162252968070098,0.150726531492221,5,0,1.0,1.0,1.0,True,0.11272142335887507,ridge,USM,velocity,USM2
USM1_pose_rel_idle_fraction_relative,5,5,0.1124475023036902,0.1392793624679732,0.056797300559105646,0.1124475023036902,0.1392793624679732,0.1584852062776791,5,0,1.0,1.0,1.0,True,0.1124475023036902,ridge,USM,other,USM1
USM2_joint_max_abs_joint_velocity,5,5,-0.11198218212112625,-0.1153667451162879,0.07315928729720902,0.11198218212112625,0.1153667451162879,0.2113932511875446,0,5,1.0,1.0,1.0,True,0.11198218212112625,ridge,USM,velocity,USM2
USM2_pose_rel_rotation_determinant_mean,5,5,-0.1108909308852275,-0.0963657583168765,0.04554330271875577,0.1108909308852275,0.0963657583168765,0.1659001019351958,0,5,1.0,1.0,1.0,True,0.1108909308852275,ridge,USM,rotation,USM2
USM2_joint_raw_path_l2,5,5,-0.11078633806452695,-0.0949175508587303,0.06303835985336614,0.11078633806452695,0.0949175508587303,0.2037013781437713,0,5,1.0,1.0,1.0,True,0.11078633806452695,ridge,USM,other,USM2
USM1_USM2_pose_rel_simultaneous_active_fraction,5,5,0.131817131316545,0.1684711441110174,0.10191694125026599,0.1376256569498662,0.1684711441110174,0.227781228549823,4,1,1.0,1.0,0.8,False,0.11010052555989297,ridge,USM,other,USM1
USM1_pose_rel_economy_volume,5,5,0.10743379937278486,0.1069570458958346,0.04351711456459336,0.10743379937278486,0.1069570458958346,0.1489286486147327,5,0,1.0,1.0,1.0,True,0.10743379937278486,ridge,USM,other,USM1
USM0_joint_idle_threshold_relative,5,5,-0.10594380137095868,-0.120680674932017,0.0627337265779903,0.10594380137095868,0.120680674932017,0.1761412895166623,0,5,1.0,1.0,1.0,True,0.10594380137095868,ridge,USM,other,USM0
USM1_pose_rel_movement_economy,5,5,-0.10572943015862564,-0.1300508515909208,0.060924747150417076,0.10572943015862564,0.1300508515909208,0.1579567532233997,0,5,1.0,1.0,1.0,True,0.10572943015862564,ridge,USM,other,USM1
USM2_pose_rel_mean_abs_angular_acceleration_rad_s2,5,5,0.1054923258810579,0.1205443486994753,0.04403421536476011,0.1054923258810579,0.1205443486994753,0.1498395618744344,5,0,1.0,1.0,1.0,True,0.1054923258810579,ridge,USM,acceleration,USM2
USM1_USM3_pose_rel_min_distance_rel,5,5,-0.10534779642951202,-0.1202439203820738,0.060269863772509286,0.10534779642951202,0.1202439203820738,0.1596352052572029,0,5,1.0,1.0,1.0,True,0.10534779642951202,ridge,USM,other,USM1
USM1_USM3_pose_rel_path_length_imbalance,5,5,0.10531432953510063,0.1163370745699491,0.04971117994236865,0.10531432953510063,0.1163370745699491,0.1581225154698367,5,0,1.0,1.0,1.0,True,0.10531432953510063,ridge,USM,path_length,USM1
USM0_joint_base_revolute_q0_q2_mean_range,5,5,0.10300637063467269,0.1262513457959092,0.04760917848999275,0.10300637063467269,0.1262513457959092,0.1386894234539291,5,0,1.0,1.0,1.0,True,0.10300637063467269,ridge,USM,workspace,USM0
USM1_pose_rel_pause_fraction,5,5,0.10086577604744149,0.1300990928958101,0.0545944244798056,0.10086577604744149,0.1300990928958101,0.1500057198636582,5,0,1.0,1.0,1.0,True,0.10086577604744149,ridge,USM,other,USM1
USM2_joint_insertion_q3_mean_range,5,5,-0.1006900458878995,-0.0765628233178943,0.08639212212829514,0.1006900458878995,0.0765628233178943,0.2389363232642594,0,5,1.0,1.0,1.0,True,0.1006900458878995,ridge,USM,workspace,USM2
USM2_joint_net_displacement_l2,5,5,-0.09856361829420228,-0.1455738343246559,0.11603395794713407,0.12440563515110696,0.1455738343246559,0.2198486017074342,1,4,1.0,1.0,0.8,False,0.09952450812088558,ridge,USM,other,USM2
USM2_joint_insertion_q3_path_l1,5,5,-0.09927153828357696,-0.0977326100132494,0.05003698553287573,0.09927153828357696,0.0977326100132494,0.1649476463224259,0,5,1.0,1.0,1.0,True,0.09927153828357696,ridge,USM,other,USM2
USM1_pose_rel_pause_duration_seconds,5,5,-0.09846154608326349,-0.1012104803967943,0.02996417937310217,0.09846154608326349,0.1012104803967943,0.1339083717603485,0,5,1.0,1.0,1.0,True,0.09846154608326349,ridge,USM,time,USM1
USM0_joint_pause_duration_seconds,5,5,-0.09841107354707518,-0.1018919199271491,0.015938970001252693,0.09841107354707518,0.1018919199271491,0.1141913093070473,0,5,1.0,1.0,1.0,True,0.09841107354707518,ridge,USM,time,USM0
USM3_pose_rel_dimensionless_jerk,5,5,-0.09813769400922674,-0.1192103365647305,0.03902659560054419,0.09813769400922674,0.1192103365647305,0.1312348047458632,0,5,1.0,1.0,1.0,True,0.09813769400922674,ridge,USM,jerk,USM3
active_pair_speed_correlation,5,5,0.12146927931721849,0.1290572036808263,0.07622068070085847,0.12174463105694008,0.1290572036808263,0.2065838959426785,4,1,1.0,1.0,0.8,False,0.09739570484555207,ridge,Other,velocity,NA
USM1_USM3_pose_rel_one_arm_only_active_fraction,5,5,-0.11783667904054626,-0.1435017343881065,0.0819344753633343,0.1215616056978525,0.1435017343881065,0.2019612465411882,1,4,1.0,1.0,0.8,False,0.09724928455828201,ridge,USM,other,USM1
USM3_pose_rel_pause_duration_seconds,5,5,0.11930191066976889,0.1433516670664197,0.07452559770410641,0.12078654930998842,0.1433516670664197,0.1919224187531308,4,1,1.0,1.0,0.8,False,0.09662923944799073,ridge,USM,time,USM3
USM3_pose_rel_log_dimensionless_jerk,5,5,0.09642332124031619,0.0883623609394672,0.03437083503301214,0.09642332124031619,0.0883623609394672,0.1340505257345173,5,0,1.0,1.0,1.0,True,0.09642332124031619,ridge,USM,jerk,USM3
USM2_pose_rel_z_range,5,5,0.09633538859996849,0.0843790241014696,0.0659227152470947,0.09633538859996849,0.0843790241014696,0.1999254528927245,5,0,1.0,1.0,1.0,True,0.09633538859996849,ridge,USM,workspace,USM2
USM3_joint_idle_fraction_relative,5,5,-0.11667724363301002,-0.1486443895524634,0.06996493291242628,0.11894977742282094,0.1486443895524634,0.1592072267322549,1,4,1.0,1.0,0.8,False,0.09515982193825676,ridge,USM,other,USM3
USM3_joint_movement_economy,5,5,-0.09419123021116317,-0.0819810997998855,0.07356155486843163,0.09419123021116317,0.0819810997998855,0.2176941398497946,0,5,1.0,1.0,1.0,True,0.09419123021116317,ridge,USM,other,USM3
USM1_joint_insertion_q3_mean_abs_velocity,5,5,0.09412590237691879,0.0941179960968672,0.029357789986572257,0.09412590237691879,0.0941179960968672,0.1294614059562483,5,0,1.0,1.0,1.0,True,0.09412590237691879,ridge,USM,velocity,USM1
duration_seconds,5,5,-0.09135385586432095,-0.0959547489286017,0.019529302842190014,0.09135385586432095,0.0959547489286017,0.1138158193238924,0,5,1.0,1.0,1.0,True,0.09135385586432095,ridge,Other,time,NA
USM2_USM3_pose_rel_path_length_imbalance,5,5,-0.09073787803198521,-0.0903208500330727,0.04990830355306541,0.09073787803198521,0.0903208500330727,0.1436633779249164,0,5,1.0,1.0,1.0,True,0.09073787803198521,ridge,USM,path_length,USM2
USM2_pose_rel_mean_acceleration_l2,5,5,0.08856557979997451,0.0755488844877703,0.030870544587378795,0.08856557979997451,0.0755488844877703,0.1302593303519154,5,0,1.0,1.0,1.0,True,0.08856557979997451,ridge,USM,acceleration,USM2
USM2_USM3_pose_rel_speed_correlation,5,5,0.08739345334244411,0.0915639900459583,0.05115424440924692,0.08739345334244411,0.0915639900459583,0.1552317217936017,5,0,1.0,1.0,1.0,True,0.08739345334244411,ridge,USM,velocity,USM2
USM3_joint_pause_duration_seconds,5,5,-0.08656878868193706,-0.0901483304910631,0.054414433473613154,0.08656878868193706,0.0901483304910631,0.1453415221239801,0,5,1.0,1.0,1.0,True,0.08656878868193706,ridge,USM,time,USM3
USM1_USM3_pose_rel_speed_correlation,5,5,-0.0854198714590937,-0.0938258965727818,0.029221419568380605,0.0854198714590937,0.0938258965727818,0.1091059358249477,0,5,1.0,1.0,1.0,True,0.0854198714590937,ridge,USM,velocity,USM1
USM3_pose_rel_rotation_determinant_mean,5,5,-0.09750327223815743,-0.1484898374757382,0.09681928758422806,0.10537252181939787,0.1484898374757382,0.1916112072626833,1,4,1.0,1.0,0.8,False,0.08429801745551829,ridge,USM,rotation,USM3
USM1_USM2_pose_rel_alignment_coverage,5,5,0.08418942818471171,0.0647432005496901,0.05068820328368117,0.08418942818471171,0.0647432005496901,0.1443223509450257,5,0,1.0,1.0,1.0,True,0.08418942818471171,ridge,USM,other,USM1
USM3_pose_rel_workspace_box_volume,5,5,-0.08384017864461027,-0.0740455183004738,0.04044705892845843,0.08384017864461027,0.0740455183004738,0.1276440053265513,0,5,1.0,1.0,1.0,True,0.08384017864461027,ridge,USM,workspace,USM3
active_pair_usm_a,5,5,0.08257888332456705,0.0925448143549439,0.03287307735358406,0.08257888332456705,0.0925448143549439,0.1061879744015637,5,0,1.0,1.0,1.0,True,0.08257888332456705,ridge,Other,other,NA
USM2_pose_rel_idle_threshold_relative,5,5,0.0823388948010263,0.0896000086091792,0.02303439167981602,0.0823388948010263,0.0896000086091792,0.1076766935565746,5,0,1.0,1.0,1.0,True,0.0823388948010263,ridge,USM,other,USM2
USM1_joint_base_revolute_q0_q2_mean_abs_velocity,5,5,0.08129171889580286,0.092265647043657,0.024883342076173275,0.08129171889580286,0.092265647043657,0.1024911906601984,5,0,1.0,1.0,1.0,True,0.08129171889580286,ridge,USM,velocity,USM1
active_pair_usm_b,5,5,0.09827121047400528,0.0980362696076504,0.08208612774082308,0.10015115164625124,0.0980362696076504,0.2200194396487593,4,1,1.0,1.0,0.8,False,0.08012092131700099,ridge,Other,other,NA
USM1_pose_rel_x_range,5,5,0.08010778413884426,0.0819046824364152,0.02663575385242425,0.08010778413884426,0.0819046824364152,0.1131888767371496,5,0,1.0,1.0,1.0,True,0.08010778413884426,ridge,USM,workspace,USM1
USM1_joint_max_jerk_l2,5,5,-0.07964856353006201,-0.0879003515789439,0.036829591351718434,0.07964856353006201,0.0879003515789439,0.1112735356085311,0,5,1.0,1.0,1.0,True,0.07964856353006201,ridge,USM,jerk,USM1
USM1_pose_rel_mean_speed_l2,5,5,0.07807990189252696,0.0675835757160888,0.02875969278087317,0.07807990189252696,0.0675835757160888,0.1127178864957623,5,0,1.0,1.0,1.0,True,0.07807990189252696,ridge,USM,velocity,USM1
USM2_pose_rel_economy_area_yz,5,5,-0.07557175155535027,-0.0698792390414648,0.04799029846406123,0.07557175155535027,0.0698792390414648,0.1521648714564515,0,5,1.0,1.0,1.0,True,0.07557175155535027,ridge,USM,other,USM2
USM2_pose_rel_log_dimensionless_jerk,5,5,0.07407710713923141,0.053582481426003,0.036630358179680834,0.07407710713923141,0.053582481426003,0.1215341699313011,5,0,1.0,1.0,1.0,True,0.07407710713923141,ridge,USM,jerk,USM2
USM2_joint_mean_joint_range,5,5,0.07378406960614832,0.0894962339879797,0.04819909033442157,0.07378406960614832,0.0894962339879797,0.1344639507762403,5,0,1.0,1.0,1.0,True,0.07378406960614832,ridge,USM,workspace,USM2
USM2_joint_pause_duration_seconds,5,5,-0.07344614645146837,-0.0815762806282098,0.02322867819023807,0.07344614645146837,0.0815762806282098,0.0894114165091421,0,5,1.0,1.0,1.0,True,0.07344614645146837,ridge,USM,time,USM2
USM2_pose_rel_raw_path_l2,5,5,-0.07263789698420568,-0.0570567439996688,0.03852306224601229,0.07263789698420568,0.0570567439996688,0.1231927447516393,0,5,1.0,1.0,1.0,True,0.07263789698420568,ridge,USM,other,USM2
USM3_joint_insertion_q3_mean_abs_velocity,5,5,0.07189062248297237,0.0901930300166771,0.04259052858671631,0.07189062248297237,0.0901930300166771,0.1162923875558877,5,0,1.0,1.0,1.0,True,0.07189062248297237,ridge,USM,velocity,USM3
all_usm_joint_path_l1_total,5,5,-0.071413063611971,-0.0723319627678642,0.057340230455275754,0.071413063611971,0.0723319627678642,0.1615915257122749,0,5,1.0,1.0,1.0,True,0.071413063611971,ridge,Other,other,NA
USM1_joint_max_speed_l2,5,5,-0.07013809231883708,-0.0730670895837426,0.037988032450683745,0.07013809231883708,0.0730670895837426,0.1167364105911073,0,5,1.0,1.0,1.0,True,0.07013809231883708,ridge,USM,velocity,USM1
USM1_joint_pause_duration_seconds,5,5,-0.06947508135232858,-0.0743515124467651,0.01707994296941439,0.06947508135232858,0.0743515124467651,0.0920597156622912,0,5,1.0,1.0,1.0,True,0.06947508135232858,ridge,USM,time,USM1
USM1_USM2_pose_rel_both_idle_fraction,5,5,-0.06906157781977054,-0.0490249293858557,0.06682594891631347,0.06906157781977054,0.0490249293858557,0.1868594696230026,0,5,1.0,1.0,1.0,True,0.06906157781977054,ridge,USM,other,USM1
USM2_USM3_pose_rel_min_distance_rel,3,3,0.11504051138928888,0.145887629855856,0.056254184989728014,0.11504051138928888,0.145887629855856,0.1491232627698121,3,0,0.6,0.6,1.0,False,0.06902430683357333,ridge,USM,other,USM2
USM1_USM3_pose_rel_mean_distance_rel,5,5,-0.08150309731121333,-0.0923616069945337,0.05697028451132198,0.08558805527182341,0.0923616069945337,0.1390309033523315,1,4,1.0,1.0,0.8,False,0.06847044421745872,ridge,USM,other,USM1
active_pair_path_length_imbalance,5,5,-0.06784413895739341,-0.0674289667383414,0.05453874664692667,0.06784413895739341,0.0674289667383414,0.1392937302887463,0,5,1.0,1.0,1.0,True,0.06784413895739341,ridge,Other,path_length,NA
USM3_pose_rel_max_acceleration_l2,5,5,-0.0666131145501273,-0.0626756002571508,0.042139572822302955,0.0666131145501273,0.0626756002571508,0.1168194333693542,0,5,1.0,1.0,1.0,True,0.0666131145501273,ridge,USM,acceleration,USM3
active_pair_min_distance_rel,3,3,0.1096602491110792,0.1189138103064663,0.045259356106858634,0.1096602491110792,0.1189138103064663,0.1495776939428379,3,0,0.6,0.6,1.0,False,0.06579614946664752,ridge,Other,other,NA
USM1_joint_max_abs_joint_velocity,5,5,-0.06544092469698312,-0.071699285626189,0.036240250436423635,0.06544092469698312,0.071699285626189,0.1115905923247466,0,5,1.0,1.0,1.0,True,0.06544092469698312,ridge,USM,velocity,USM1
USM3_pose_rel_z_range,5,5,0.06520859115196098,0.0491854237777116,0.026356095329437543,0.06520859115196098,0.0491854237777116,0.1020967662062286,5,0,1.0,1.0,1.0,True,0.06520859115196098,ridge,USM,workspace,USM3
USM3_pose_rel_idle_threshold_relative,5,5,0.06459679848165,0.0532665209389743,0.03567185220029413,0.06459679848165,0.0532665209389743,0.1254623442805598,5,0,1.0,1.0,1.0,True,0.06459679848165,ridge,USM,other,USM3
USM1_joint_net_displacement_l2,5,5,-0.06443922286229234,-0.047281446517201,0.05034130300149129,0.06443922286229234,0.047281446517201,0.1431872221872611,0,5,1.0,1.0,1.0,True,0.06443922286229234,ridge,USM,other,USM1
USM0_joint_max_speed_l2,5,5,0.07976567144290114,0.0910564107274337,0.05746415483065304,0.08052505009570567,0.0910564107274337,0.1534098139144506,4,1,1.0,1.0,0.8,False,0.06442004007656453,ridge,USM,velocity,USM0
USM1_joint_pause_fraction,5,5,0.06438564797667602,0.0831169697763515,0.03719913804612822,0.06438564797667602,0.0831169697763515,0.0928565251447534,5,0,1.0,1.0,1.0,True,0.06438564797667602,ridge,USM,other,USM1
USM1_pose_rel_z_range,5,5,0.06414716641909882,0.0546222651309697,0.049124240971358875,0.06414716641909882,0.0546222651309697,0.1204033333384324,5,0,1.0,1.0,1.0,True,0.06414716641909882,ridge,USM,workspace,USM1
USM1_USM2_pose_rel_path_length_imbalance,5,5,-0.06414607451607264,-0.0595383608396564,0.04560546054343856,0.06414607451607264,0.0595383608396564,0.1382783826940866,0,5,1.0,1.0,1.0,True,0.06414607451607264,ridge,USM,path_length,USM1
USM0_joint_max_acceleration_l2,5,5,-0.0633779603506657,-0.0642265921123972,0.03461731713132707,0.0633779603506657,0.0642265921123972,0.101727812672897,0,5,1.0,1.0,1.0,True,0.0633779603506657,ridge,USM,acceleration,USM0
USM2_joint_pause_fraction,5,5,-0.07394802893940564,-0.0841674205701562,0.05343744197899833,0.07830464092662057,0.0841674205701562,0.1185788947777776,1,4,1.0,1.0,0.8,False,0.06264371274129646,ridge,USM,other,USM2
USM1_pose_rel_max_speed_l2,5,5,0.062246816034785823,0.0675592612540828,0.0363026906372702,0.062246816034785823,0.0675592612540828,0.1094906088970988,5,0,1.0,1.0,1.0,True,0.062246816034785823,ridge,USM,velocity,USM1
USM2_pose_rel_max_jerk_l2,5,5,0.06576621105301556,0.0921221918945952,0.060212186838894,0.07767646051359955,0.0921221918945952,0.1176153483446918,4,1,1.0,1.0,0.8,False,0.062141168410879646,ridge,USM,jerk,USM2
active_pair_path_length_a_rel,5,5,-0.06158879444094406,-0.0492283013467932,0.04098597412368872,0.06158879444094406,0.0492283013467932,0.1208762697789304,0,5,1.0,1.0,1.0,True,0.06158879444094406,ridge,Other,path_length,NA
USM1_pose_rel_mean_acceleration_l2,5,5,0.06153197136772935,0.0428573901782138,0.03247400953502875,0.06153197136772935,0.0428573901782138,0.1127177302335546,5,0,1.0,1.0,1.0,True,0.06153197136772935,ridge,USM,acceleration,USM1
USM3_pose_rel_mean_speed_l2,5,5,0.06151552163055364,0.0588176837438138,0.027279327059732357,0.06151552163055364,0.0588176837438138,0.0964416710476746,5,0,1.0,1.0,1.0,True,0.06151552163055364,ridge,USM,velocity,USM3
USM3_joint_tool_roll_q4_mean_abs_velocity,5,5,0.06142897297495192,0.0579199554060163,0.028810276290355184,0.06142897297495192,0.0579199554060163,0.0995634392667841,5,0,1.0,1.0,1.0,True,0.06142897297495192,ridge,USM,velocity,USM3
USM0_joint_raw_path_l2,5,5,-0.06779736681779852,-0.0515728879649174,0.08068554047356093,0.07676792598359644,0.0515728879649174,0.1988751330695969,1,4,1.0,1.0,0.8,False,0.06141434078687716,ridge,USM,other,USM0
USM2_pose_rel_jerk_cost,5,5,0.061411259544579225,0.0659789886645801,0.04113474775160342,0.061411259544579225,0.0659789886645801,0.116209395313472,5,0,1.0,1.0,1.0,True,0.061411259544579225,ridge,USM,jerk,USM2
USM2_pose_rel_economy_area_xz,5,5,0.06098394249666478,0.0605725668130586,0.038444419802433606,0.06098394249666478,0.0605725668130586,0.1019852012530595,5,0,1.0,1.0,1.0,True,0.06098394249666478,ridge,USM,other,USM2
USM1_pose_rel_workspace_box_volume,5,5,0.06041452523711908,0.0450691318462952,0.04413371682418883,0.06041452523711908,0.0450691318462952,0.1369314174283889,5,0,1.0,1.0,1.0,True,0.06041452523711908,ridge,USM,workspace,USM1
USM1_joint_max_acceleration_l2,5,5,-0.05997704794304291,-0.0653554756617729,0.030170496453591423,0.05997704794304291,0.0653554756617729,0.0898501374398592,0,5,1.0,1.0,1.0,True,0.05997704794304291,ridge,USM,acceleration,USM1
USM0_joint_base_revolute_q0_q2_path_l1,5,5,0.06878239029630592,0.0824250649931453,0.06059308935730761,0.07496312857249068,0.0824250649931453,0.1443045200161103,4,1,1.0,1.0,0.8,False,0.05997050285799255,ridge,USM,other,USM0
USM3_pose_rel_max_speed_l2,5,5,-0.05906154586038168,-0.0667472769089314,0.030969611288240547,0.05906154586038168,0.0667472769089314,0.0907618594758262,0,5,1.0,1.0,1.0,True,0.05906154586038168,ridge,USM,velocity,USM3
USM2_pose_rel_rotation_path_radians,5,5,0.05872836525937937,0.0661795472646478,0.03336558586505772,0.05872836525937937,0.0661795472646478,0.1032784493236009,5,0,1.0,1.0,1.0,True,0.05872836525937937,ridge,USM,rotation,USM2
USM0_joint_tool_roll_q4_path_l1,5,5,0.06778761443876255,0.0792444420704738,0.07023902543143717,0.07325552754265609,0.0792444420704738,0.1673018826886936,4,1,1.0,1.0,0.8,False,0.05860442203412487,ridge,USM,other,USM0
USM1_joint_pause_count,5,5,-0.057095911309302284,-0.0431616144144208,0.042131000728467226,0.057095911309302284,0.0431616144144208,0.1270671105004473,0,5,1.0,1.0,1.0,True,0.057095911309302284,ridge,USM,other,USM1
USM1_pose_rel_rotation_determinant_mean,5,5,-0.05678450871630124,-0.0577741538716652,0.021322250893609743,0.05678450871630124,0.0577741538716652,0.0846088498331718,0,5,1.0,1.0,1.0,True,0.05678450871630124,ridge,USM,rotation,USM1
USM0_joint_idle_fraction_relative,5,5,-0.05577565786037926,-0.0717303868026309,0.02712307500000389,0.05577565786037926,0.0717303868026309,0.0764819704684666,0,5,1.0,1.0,1.0,True,0.05577565786037926,ridge,USM,other,USM0
USM2_joint_pause_count,5,5,-0.05564405771762641,-0.0460817092614595,0.06451659176600939,0.05564405771762641,0.0460817092614595,0.1644081837945261,0,5,1.0,1.0,1.0,True,0.05564405771762641,ridge,USM,other,USM2
USM2_pose_rel_rotation_orthogonality_error_max,5,5,0.05513281820303486,0.0528229441349413,0.03391207598747447,0.05513281820303486,0.0528229441349413,0.091227152662473,5,0,1.0,1.0,1.0,True,0.05513281820303486,ridge,USM,rotation,USM2
USM3_joint_mean_speed_l2,5,5,0.0539800156498856,0.0731270546866325,0.03145640621312374,0.0539800156498856,0.0731270546866325,0.082418086440577,5,0,1.0,1.0,1.0,True,0.0539800156498856,ridge,USM,velocity,USM3
USM2_pose_rel_net_displacement_l2,5,5,-0.05375621990741815,-0.047208297948549,0.04814689117651185,0.05375621990741815,0.047208297948549,0.1329169130863393,0,5,1.0,1.0,1.0,True,0.05375621990741815,ridge,USM,other,USM2
active_pair_both_idle_fraction,5,5,-0.05368752354151024,-0.0487226154965535,0.021280198972689082,0.05368752354151024,0.0487226154965535,0.0840060099287863,0,5,1.0,1.0,1.0,True,0.05368752354151024,ridge,Other,other,NA
USM3_joint_max_acceleration_l2,5,5,0.052276759464890174,0.0420087971889891,0.02077538315658122,0.052276759464890174,0.0420087971889891,0.0784146540310724,5,0,1.0,1.0,1.0,True,0.052276759464890174,ridge,USM,acceleration,USM3
USM3_pose_rel_mean_angular_speed_rad_s,5,5,0.04989600457325542,0.0552117576597439,0.024787535145769216,0.04989600457325542,0.0552117576597439,0.0803616140231235,5,0,1.0,1.0,1.0,True,0.04989600457325542,ridge,USM,velocity,USM3
USM1_joint_tool_roll_q4_path_l1,5,5,-0.04948148011068168,-0.0497241307925789,0.023206645486994422,0.04948148011068168,0.0497241307925789,0.0747196523717004,0,5,1.0,1.0,1.0,True,0.04948148011068168,ridge,USM,other,USM1
USM2_joint_base_revolute_q0_q2_mean_range,5,5,0.049213455924781976,0.047274337651943,0.03543252033584342,0.049213455924781976,0.047274337651943,0.0944094300360209,5,0,1.0,1.0,1.0,True,0.049213455924781976,ridge,USM,workspace,USM2
USM0_joint_tool_roll_q4_mean_range,5,5,-0.04894360182133758,-0.0207847116864636,0.05005256043107853,0.04894360182133758,0.0207847116864636,0.1147867027531653,0,5,1.0,1.0,1.0,True,0.04894360182133758,ridge,USM,workspace,USM0
USM3_joint_insertion_q3_mean_range,5,5,0.0478031222789677,0.0571271267113072,0.02673046675409446,0.0478031222789677,0.0571271267113072,0.0795245752630738,5,0,1.0,1.0,1.0,True,0.0478031222789677,ridge,USM,workspace,USM3
USM0_joint_max_joint_range,5,5,-0.04743303388811636,-0.0223612415465686,0.04396580369402711,0.04743303388811636,0.0223612415465686,0.0958879825969314,0,5,1.0,1.0,1.0,True,0.04743303388811636,ridge,USM,workspace,USM0
USM3_joint_net_displacement_l2,5,5,0.04742213805730692,0.0453325204900908,0.01339075904450316,0.04742213805730692,0.0453325204900908,0.0673931586881671,5,0,1.0,1.0,1.0,True,0.04742213805730692,ridge,USM,other,USM3
USM1_USM3_pose_rel_simultaneous_active_fraction,5,5,-0.04591706086067696,-0.0384942307804436,0.02673734976797301,0.04591706086067696,0.0384942307804436,0.090772379351048,0,5,1.0,1.0,1.0,True,0.04591706086067696,ridge,USM,other,USM1
USM2_joint_mean_abs_joint_velocity,5,5,0.0467225521525629,0.0602815400256454,0.0423699589426966,0.057307993607124665,0.0602815400256454,0.0813712709300002,4,1,1.0,1.0,0.8,False,0.045846394885699734,ridge,USM,velocity,USM2
USM1_joint_tool_roll_q4_mean_abs_velocity,5,5,-0.0545629914054351,-0.0597718160552089,0.04179030756502311,0.05696669218700286,0.0597718160552089,0.0975081550213233,1,4,1.0,1.0,0.8,False,0.04557335374960229,ridge,USM,velocity,USM1
USM3_joint_pause_count,5,5,-0.055122883150833246,-0.0737512332430025,0.03490081282303488,0.05688052593726552,0.0737512332430025,0.0782507201761201,1,4,1.0,1.0,0.8,False,0.045504420749812424,ridge,USM,other,USM3
USM1_pose_rel_log_dimensionless_jerk,5,5,0.05541647514495016,0.04677115818679,0.04578423918182286,0.0568786252881584,0.04677115818679,0.1193594286783389,4,1,1.0,1.0,0.8,False,0.04550290023052672,ridge,USM,jerk,USM1
USM3_pose_rel_pause_fraction,5,5,0.045092901125511384,0.0323839824715971,0.033954050909700335,0.045092901125511384,0.0323839824715971,0.0936257381527597,5,0,1.0,1.0,1.0,True,0.045092901125511384,ridge,USM,other,USM3
USM2_pose_rel_dimensionless_jerk,5,5,0.03912530582709904,0.0542746310659682,0.05024472342302034,0.05602825143212712,0.0542746310659682,0.0932605909542501,4,1,1.0,1.0,0.8,False,0.0448226011457017,ridge,USM,jerk,USM2
USM2_joint_jerk_cost,5,5,-0.051719327273373736,-0.0748746491412558,0.04480860275965784,0.05571444416210686,0.0748746491412558,0.0973805989672036,1,4,1.0,1.0,0.8,False,0.044571555329685486,ridge,USM,jerk,USM2
USM0_joint_movement_economy,5,5,0.012387748086634199,-0.0010537361668308,0.12852935117976066,0.0734556372975012,0.0035692371772138,0.2110392262831247,2,3,1.0,1.0,0.6,False,0.04407338237850072,ridge,USM,other,USM0
USM0_joint_rms_speed_l2,5,5,-0.05172663196424841,-0.0479704166857455,0.044961730786757484,0.05440442571010142,0.0479704166857455,0.1040767772033947,1,4,1.0,1.0,0.8,False,0.04352354056808114,ridge,USM,velocity,USM0
USM2_USM3_pose_rel_one_arm_only_active_fraction,5,5,0.04124521130096048,0.0497140379161659,0.0463473538765505,0.05325183149722455,0.0497140379161659,0.0920824276181627,4,1,1.0,1.0,0.8,False,0.042601465197779645,ridge,USM,other,USM2
USM2_pose_rel_workspace_box_volume,5,5,-0.05007240752164026,-0.050221283113186,0.044012177664267606,0.053194862258073614,0.050221283113186,0.093397329533942,1,4,1.0,1.0,0.8,False,0.04255588980645889,ridge,USM,workspace,USM2
USM0_joint_mean_speed_l2,5,5,-0.0415412217562391,-0.0496146216301338,0.04860791608732137,0.05302650099057438,0.0496146216301338,0.1036552421851349,1,4,1.0,1.0,0.8,False,0.04242120079245951,ridge,USM,velocity,USM0
USM3_joint_insertion_q3_path_l1,5,5,0.041893138199155376,0.0312648594382143,0.02226176540374316,0.041893138199155376,0.0312648594382143,0.0672504435249911,5,0,1.0,1.0,1.0,True,0.041893138199155376,ridge,USM,other,USM3
USM1_USM3_pose_rel_std_distance_rel,5,5,0.028310723033116103,0.0547802571097012,0.051316343957938326,0.050419135666054625,0.0552710315823463,0.0710165537195072,4,1,1.0,1.0,0.8,False,0.0403353085328437,ridge,USM,other,USM1
USM2_joint_movement_economy,5,5,-0.03924093987834464,-0.0235554512935416,0.039912420639538565,0.03924093987834464,0.0235554512935416,0.1101757243056404,0,5,1.0,1.0,1.0,True,0.03924093987834464,ridge,USM,other,USM2
USM1_USM2_pose_rel_one_arm_only_active_fraction,5,5,0.03528459103646228,0.0228334968387786,0.061263137494106036,0.04848887727807864,0.0330107156040409,0.1291102363170876,4,1,1.0,1.0,0.8,False,0.03879110182246292,ridge,USM,other,USM1
USM3_pose_rel_max_abs_angular_acceleration_rad_s2,5,5,-0.03847795345559664,-0.0520485376003901,0.02575658612745283,0.03847795345559664,0.0520485376003901,0.0607214162452405,0,5,1.0,1.0,1.0,True,0.03847795345559664,ridge,USM,acceleration,USM3
USM3_joint_base_revolute_q0_q2_mean_abs_velocity,5,5,0.0455241657496651,0.0499983109680364,0.03426000148608587,0.04767324642806986,0.0499983109680364,0.0842683454336906,4,1,1.0,1.0,0.8,False,0.03813859714245589,ridge,USM,velocity,USM3
USM1_pose_rel_active,5,4,-0.0615034551085018,-0.0895860956675985,0.059427119167263315,0.0631837948016434,0.0895860956675985,0.1238149374983959,1,3,1.0,0.8,0.75,False,0.03791027688098605,ridge,USM,other,USM1
USM2_joint_max_acceleration_l2,5,5,0.00797739868476586,0.0146777300566383,0.0653048442505397,0.04670817699497898,0.0249011945128281,0.0968269457755328,4,1,1.0,1.0,0.8,False,0.03736654159598318,ridge,USM,acceleration,USM2
USM3_pose_rel_economy_area_xy,5,5,-0.015420210611688339,-0.0157092351814641,0.08542339595049704,0.06084871111753522,0.0534692526732269,0.152109360279168,2,3,1.0,1.0,0.6,False,0.03650922667052113,ridge,USM,other,USM3
USM3_pose_rel_net_displacement_l2,5,5,-0.03703047411256522,-0.0254507708299084,0.05424017958889591,0.04535136482138618,0.0254507708299084,0.120856655572229,1,4,1.0,1.0,0.8,False,0.03628109185710895,ridge,USM,other,USM3
USM3_pose_rel_idle_fraction_relative,5,5,0.0362416954196439,0.0309131769055073,0.022894473998691503,0.0362416954196439,0.0309131769055073,0.0733096194060229,5,0,1.0,1.0,1.0,True,0.0362416954196439,ridge,USM,other,USM3
USM2_pose_rel_x_range,5,5,-0.03899834768546841,-0.043324666936763,0.06480735172562026,0.059054914730957274,0.0461230423428577,0.1041046105074752,2,3,1.0,1.0,0.6,False,0.03543294883857436,ridge,USM,workspace,USM2
USM1_pose_rel_max_acceleration_l2,5,5,0.03527422867084126,0.0468849469927962,0.021896844092659955,0.03527422867084126,0.0468849469927962,0.0531499005215376,5,0,1.0,1.0,1.0,True,0.03527422867084126,ridge,USM,acceleration,USM1
USM1_USM2_pose_rel_speed_correlation,5,5,-0.04142994261730078,-0.0386569499375525,0.03600554166701235,0.04393742828639442,0.0386569499375525,0.0831994195898354,1,4,1.0,1.0,0.8,False,0.03514994262911554,ridge,USM,velocity,USM1
USM1_joint_base_revolute_q0_q2_path_l1,5,5,-0.03413678220339552,-0.02953239242287,0.01268919195810023,0.03413678220339552,0.02953239242287,0.0530840155988775,0,5,1.0,1.0,1.0,True,0.03413678220339552,ridge,USM,other,USM1
USM3_pose_rel_jerk_cost,5,5,-0.03556577349826772,-0.0356213924711169,0.04112693059600754,0.042434986101839,0.0356213924711169,0.0957296295308078,1,4,1.0,1.0,0.8,False,0.03394798888147121,ridge,USM,jerk,USM3
USM2_USM3_pose_rel_both_idle_fraction,5,5,-0.035184756883589144,-0.044040448593306,0.036094427903170384,0.042400263148681214,0.044040448593306,0.0796665145402594,1,4,1.0,1.0,0.8,False,0.03392021051894497,ridge,USM,other,USM2
USM1_pose_rel_dimensionless_jerk,5,5,0.027791478354480936,0.0340171353815965,0.041985289308683546,0.04203854235858494,0.03561766001026,0.0752333488346709,4,1,1.0,1.0,0.8,False,0.03363083388686795,ridge,USM,jerk,USM1
USM0_joint_mean_acceleration_l2,5,5,-0.03027579337487708,-0.0148114182327558,0.05671267689657912,0.04198148515816088,0.0292642294582095,0.1236894700770734,1,4,1.0,1.0,0.8,False,0.033585188126528706,ridge,USM,acceleration,USM0
active_pair_one_arm_only_active_fraction,5,5,0.01876177015643004,0.0311407207965488,0.046516225371531376,0.0418104295122052,0.0544349776606716,0.0576216483894379,4,1,1.0,1.0,0.8,False,0.03344834360976416,ridge,Other,other,NA
USM3_pose_rel_rotation_orthogonality_error_mean,5,5,0.0024414140738529613,0.0204171308122382,0.0675965041795326,0.05558287169951224,0.05943545545756,0.0917287397198558,3,2,1.0,1.0,0.6,False,0.033349723019707345,ridge,USM,rotation,USM3
USM3_pose_rel_economy_area_yz,5,5,-0.03666617976342221,-0.0196193048076216,0.053129647189296046,0.04013190273615688,0.0196193048076216,0.1260524342041882,1,4,1.0,1.0,0.8,False,0.032105522188925505,ridge,USM,other,USM3
USM3_joint_base_revolute_q0_q2_path_l1,5,5,0.0319243872469682,0.0269553750927638,0.014468820203233607,0.0319243872469682,0.0269553750927638,0.0513821380865134,5,0,1.0,1.0,1.0,True,0.0319243872469682,ridge,USM,other,USM3
USM2_joint_max_speed_l2,5,5,-0.013124699448125398,0.0079567649927505,0.08617081900351198,0.053005338806568325,0.0296924598127891,0.1604484266724599,3,2,1.0,1.0,0.6,False,0.03180320328394099,ridge,USM,velocity,USM2
USM0_joint_pause_count,5,5,0.028976903462946756,0.0402368925839426,0.05733811574526765,0.051973581408243916,0.0402368925839426,0.1016515179815878,3,2,1.0,1.0,0.6,False,0.031184148844946347,ridge,USM,other,USM0
USM3_pose_rel_rotation_orthogonality_error_max,5,5,0.01994629820213038,0.0311225979568506,0.05756241453638204,0.05195804004899773,0.0435222065890415,0.0749378185970158,3,2,1.0,1.0,0.6,False,0.03117482402939864,ridge,USM,rotation,USM3
USM0_joint_net_displacement_l2,5,5,0.03501308076103568,0.0416466435749122,0.03412486415042335,0.03854628504888496,0.0416466435749122,0.0756429807359318,4,1,1.0,1.0,0.8,False,0.03083702803910797,ridge,USM,other,USM0
USM3_joint_tool_roll_q4_path_l1,4,4,0.037855754066109026,0.0388039411905628,0.03848845727562117,0.037855754066109026,0.0388039411905628,0.0712990786090764,4,0,0.8,0.8,1.0,False,0.030284603252887222,ridge,USM,other,USM3
USM0_joint_insertion_q3_mean_abs_velocity,5,5,0.03171103283386934,0.0418223344094197,0.03776655674965711,0.03755392458799942,0.0418223344094197,0.0751694659683419,4,1,1.0,1.0,0.8,False,0.030043139670399538,ridge,USM,velocity,USM0
USM1_joint_distal_q5_q9_mean_range,5,5,-0.04553492093125898,-0.0257763661700424,0.05732409729424347,0.0491015603440245,0.0257763661700424,0.1225045225695095,2,3,1.0,1.0,0.6,False,0.029460936206414698,ridge,USM,workspace,USM1
USM1_joint_max_joint_range,5,5,-0.03577444707423214,-0.0158152607695153,0.05866651302467032,0.048514859135296094,0.0261488591326262,0.1075814181159005,2,3,1.0,1.0,0.6,False,0.029108915481177656,ridge,USM,workspace,USM1
active_pair_simultaneous_active_fraction,5,5,0.044272415099189236,0.0675865267612663,0.0453864425520535,0.04790116391655972,0.0675865267612663,0.0896792572804115,3,2,1.0,1.0,0.6,False,0.028740698349935832,ridge,Other,other,NA
USM2_joint_idle_threshold_relative,5,5,-0.025219804265977742,-0.0351416383394793,0.05298853421690741,0.04779405036247886,0.0469166368172824,0.0770332041053136,2,3,1.0,1.0,0.6,False,0.028676430217487312,ridge,USM,other,USM2
USM3_pose_rel_mean_abs_angular_acceleration_rad_s2,5,5,0.027817718577641704,0.0203812004370815,0.02289691465798758,0.027817718577641704,0.0203812004370815,0.0570858362746602,5,0,1.0,1.0,1.0,True,0.027817718577641704,ridge,USM,acceleration,USM3
USM0_joint_max_jerk_l2,5,5,-0.0353197140828341,-0.0291865659645667,0.06173591503731304,0.045292063719565664,0.0291865659645667,0.1374820162214908,2,3,1.0,1.0,0.6,False,0.0271752382317394,ridge,USM,jerk,USM0
USM1_USM2_pose_rel_mean_distance_rel,5,5,0.004694015389990961,0.000391615055764,0.07312374767921867,0.04423430970698136,0.0114885190238519,0.1170931914959423,3,2,1.0,1.0,0.6,False,0.026540585824188816,ridge,USM,other,USM1
USM2_USM3_pose_rel_distance_range_rel,5,5,-0.022699769594012317,-0.0153650189065607,0.051916956282798396,0.04400008829250208,0.0363058044670685,0.0810727693757546,2,3,1.0,1.0,0.6,False,0.026400052975501246,ridge,USM,workspace,USM2
USM3_pose_rel_x_range,5,5,-0.02700919677027312,-0.0253898102625428,0.03939067339885972,0.0329765665359308,0.0253898102625428,0.0906867562380137,1,4,1.0,1.0,0.8,False,0.02638125322874464,ridge,USM,workspace,USM3
USM2_joint_max_jerk_l2,5,5,0.0012844311819524012,-0.0135417007823578,0.06275955468846228,0.04260602027764508,0.0188725691606331,0.1005712829103995,2,3,1.0,1.0,0.6,False,0.02556361216658705,ridge,USM,jerk,USM2
USM1_joint_mean_joint_range,5,5,-0.03247255712708414,-0.0187539419295099,0.05048517846144385,0.0424786867295291,0.0187539419295099,0.1012099694166386,2,3,1.0,1.0,0.6,False,0.02548721203771746,ridge,USM,workspace,USM1
USM1_joint_insertion_q3_mean_range,5,5,0.029059972009549524,0.0114734870336438,0.03720712886391056,0.031092164716017678,0.0114734870336438,0.0791758871329751,4,1,1.0,1.0,0.8,False,0.024873731772814142,ridge,USM,workspace,USM1
USM2_USM3_pose_rel_simultaneous_active_fraction,5,5,0.0012411936949706184,0.0094216283915919,0.04390554324363084,0.031055888165575817,0.0284223105850796,0.074536736176513,4,1,1.0,1.0,0.8,False,0.024844710532460654,ridge,USM,other,USM2
USM2_pose_rel_economy_area_xy,5,5,-0.0280382668076794,-0.0133338903152716,0.05453388760837166,0.04111721482985312,0.0316088035263675,0.110757547707805,2,3,1.0,1.0,0.6,False,0.02467032889791187,ridge,USM,other,USM2
USM2_pose_rel_pause_count,5,5,-0.028190115675625023,-0.0029135649417416,0.059801323869671685,0.04051177466621854,0.0168737338053936,0.1264757196657619,2,3,1.0,1.0,0.6,False,0.02430706479973112,ridge,USM,other,USM2
USM0_joint_max_gap_seconds,5,5,0.03858355997225,0.0427004071175895,0.039691782865688995,0.04022562913774124,0.0427004071175895,0.0775330116834625,3,2,1.0,1.0,0.6,False,0.024135377482644743,ridge,USM,other,USM0
USM3_pose_rel_rms_speed_l2,5,5,0.02916694950800656,0.0333664874611496,0.023565441659865505,0.03011674156013112,0.0333664874611496,0.0615942297369714,4,1,1.0,1.0,0.8,False,0.0240933932481049,ridge,USM,velocity,USM3
USM1_pose_rel_economy_area_xy,5,5,0.02735061108935972,0.01816417558924,0.0328965709573969,0.029254103111073838,0.01816417558924,0.0771132277367306,4,1,1.0,1.0,0.8,False,0.023403282488859072,ridge,USM,other,USM1
USM2_joint_mean_acceleration_l2,5,5,-0.012549891794343859,-0.0031501313293898,0.04726835734119735,0.03776165175718774,0.0359431924993773,0.070541711357246,2,3,1.0,1.0,0.6,False,0.022656991054312646,ridge,USM,acceleration,USM2
USM1_pose_rel_net_displacement_l2,5,5,-0.01619747593617494,-0.009844036890171,0.03746195257987147,0.02808686786479534,0.023650528152446,0.0732813850074916,1,4,1.0,1.0,0.8,False,0.022469494291836273,ridge,USM,other,USM1
USM1_joint_idle_fraction_relative,5,5,0.004051798675871162,-0.0140591458504439,0.046132486953956865,0.03689774802226268,0.0311252505627824,0.0712486161825522,2,3,1.0,1.0,0.6,False,0.022138648813357607,ridge,USM,other,USM1
USM3_pose_rel_y_range,5,5,0.0274099251059693,0.0326071890875812,0.02250994614618774,0.02758513561626542,0.0326071890875812,0.0561816476044426,4,1,1.0,1.0,0.8,False,0.02206810849301234,ridge,USM,workspace,USM3
USM2_USM3_pose_rel_std_distance_rel,5,5,0.012502442327000299,0.0169205244047466,0.05030200543053356,0.036443507554331823,0.0189372398184521,0.0865071104801316,3,2,1.0,1.0,0.6,False,0.021866104532599094,ridge,USM,other,USM2
USM1_pose_rel_rotation_path_radians,5,5,-0.02138538995206302,-0.0203004639472531,0.012526451651741054,0.02138538995206302,0.0203004639472531,0.0349118246293737,0,5,1.0,1.0,1.0,True,0.02138538995206302,ridge,USM,rotation,USM1
USM2_joint_max_joint_range,5,5,-0.02941538487009542,-0.0116262122259947,0.045963747192214355,0.03532946262898082,0.0116262122259947,0.0998843763001607,2,3,1.0,1.0,0.6,False,0.02119767757738849,ridge,USM,workspace,USM2
USM1_USM2_pose_rel_distance_range_rel,5,5,0.0208534174604352,-0.0059001566594978,0.04592948296478252,0.03464939886927784,0.0165918588540087,0.0856816548667933,2,3,1.0,1.0,0.6,False,0.020789639321566706,ridge,USM,workspace,USM1
USM2_joint_mean_speed_l2,5,5,0.0005475977877856794,0.0118585643739934,0.04216327021535237,0.03421912980927776,0.0302110907126344,0.0579768843284289,3,2,1.0,1.0,0.6,False,0.020531477885566654,ridge,USM,velocity,USM2
USM3_pose_rel_rotation_path_radians,5,5,0.02033827469072396,0.0234318425020609,0.015944582151898215,0.02033827469072396,0.0234318425020609,0.0433621483570032,5,0,1.0,1.0,1.0,True,0.02033827469072396,ridge,USM,rotation,USM3
USM1_pose_rel_jerk_cost,5,5,0.01766284586534644,0.0102519627100882,0.027558063983079983,0.0245836414084148,0.0173019888576709,0.0565043900671181,4,1,1.0,1.0,0.8,False,0.01966691312673184,ridge,USM,jerk,USM1
USM3_pose_rel_raw_path_l2,5,5,0.02339350104531674,0.0169312012687419,0.026399223189702687,0.023901704415241903,0.0169312012687419,0.0656395897766184,4,1,1.0,1.0,0.8,False,0.019121363532193524,ridge,USM,other,USM3
USM0_joint_median_dt_seconds,5,5,0.0053342334974351,0.0106646175227567,0.039138133862184225,0.03180548382954282,0.0336887295074531,0.0485672860956536,3,2,1.0,1.0,0.6,False,0.01908329029772569,ridge,USM,other,USM0
USM2_pose_rel_movement_economy,5,5,-0.00022827282173948084,-0.0138400687665755,0.04295478876149106,0.031338717041016116,0.0224015639111126,0.0692323241631283,2,3,1.0,1.0,0.6,False,0.01880323022460967,ridge,USM,other,USM2
USM3_joint_raw_path_l2,5,5,0.0223998719194596,0.0301612588795501,0.018515954768208585,0.023160380216240558,0.0301612588795501,0.0437037047968367,4,1,1.0,1.0,0.8,False,0.018528304172992446,ridge,USM,other,USM3
USM1_pose_rel_mean_angular_speed_rad_s,5,5,-0.0204241162553843,-0.0284325064163094,0.02247897696304491,0.02297799532617274,0.0284325064163094,0.0490803364602691,1,4,1.0,1.0,0.8,False,0.018382396260938193,ridge,USM,velocity,USM1
USM1_joint_base_revolute_q0_q2_mean_range,5,5,-0.02262671832996708,-0.0111863031594465,0.029239693332415148,0.02296930737297764,0.0111863031594465,0.0723199152203281,1,4,1.0,1.0,0.8,False,0.018375445898382112,ridge,USM,workspace,USM1
USM1_joint_mean_acceleration_l2,5,5,0.01819767179175498,0.0186995635011185,0.014306722381975022,0.01819767179175498,0.0186995635011185,0.0336807946379005,5,0,1.0,1.0,1.0,True,0.01819767179175498,ridge,USM,acceleration,USM1
USM1_USM3_pose_rel_max_distance_rel,5,5,-0.01633294193078344,-0.0320737009192405,0.032475248908688456,0.0302460572056996,0.0320737009192405,0.0469132499882491,2,3,1.0,1.0,0.6,False,0.01814763432341976,ridge,USM,other,USM1
USM3_joint_max_speed_l2,5,5,0.00759685119224684,0.0114450684988697,0.0282745277099915,0.022629330639604282,0.0197803283454933,0.039033281476489,4,1,1.0,1.0,0.8,False,0.018103464511683428,ridge,USM,velocity,USM3
USM3_pose_rel_economy_volume,5,5,0.01959857449858592,0.0001957142204063,0.042747809082571586,0.02976691664423216,0.0251771950077483,0.0840220953176772,3,2,1.0,1.0,0.6,False,0.017860149986539297,ridge,USM,other,USM3
USM1_pose_rel_max_abs_angular_acceleration_rad_s2,5,5,-0.01021401902901598,0.005150763936854,0.03730196397610332,0.029540004793988016,0.0296694587935354,0.055159098656906,3,2,1.0,1.0,0.6,False,0.017724002876392808,ridge,USM,acceleration,USM1
USM1_pose_rel_max_jerk_l2,3,3,0.028887953270827365,0.026056889444103,0.01251216327106782,0.028887953270827365,0.026056889444103,0.0425730833002086,3,0,0.6,0.6,1.0,False,0.01733277196249642,ridge,USM,jerk,USM1
USM0_joint_distal_q5_q9_mean_range,5,5,0.0013306972695656205,0.0063350323941663,0.03516993605467626,0.027351000760785338,0.0250781564149808,0.0493148333518545,3,2,1.0,1.0,0.6,False,0.016410600456471202,ridge,USM,workspace,USM0
USM2_joint_tool_roll_q4_path_l1,5,5,0.02080301407251544,-0.0029806241573864,0.0468760294726535,0.027200411817361,0.0088239105578014,0.1027123309277346,2,3,1.0,1.0,0.6,False,0.016320247090416597,ridge,USM,other,USM2
USM2_pose_rel_max_abs_angular_acceleration_rad_s2,5,5,-0.0076009716970075,-0.0133195802231625,0.022811500706361752,0.0186887252805951,0.0149984050561348,0.0345143659698717,1,4,1.0,1.0,0.8,False,0.01495098022447608,ridge,USM,acceleration,USM2
USM1_pose_rel_idle_threshold_relative,5,5,0.01440172366578612,0.0151237893483809,0.014805323051618028,0.01440172366578612,0.0151237893483809,0.0365138216487891,5,0,1.0,1.0,1.0,True,0.01440172366578612,ridge,USM,other,USM1
USM2_pose_rel_economy_volume,5,5,-0.01354634198479448,0.0002382633064348,0.03134997071353877,0.023268376838020157,0.0233398985800561,0.0518526722236884,3,2,1.0,1.0,0.6,False,0.013961026102812094,ridge,USM,other,USM2
USM2_joint_rms_speed_l2,5,5,0.017196533631799,0.0190041033418109,0.02686304736378517,0.0222639682906402,0.0190041033418109,0.0584118135403096,3,2,1.0,1.0,0.6,False,0.01335838097438412,ridge,USM,velocity,USM2
USM3_joint_base_revolute_q0_q2_mean_range,5,5,0.01309297273287736,0.0120429661961544,0.009827588787897417,0.01309297273287736,0.0120429661961544,0.0287971619377839,5,0,1.0,1.0,1.0,True,0.01309297273287736,ridge,USM,workspace,USM3
USM3_joint_max_joint_range,5,5,0.00891580662448498,0.0232102104595667,0.023330657567947333,0.021340782261828582,0.0232124865709376,0.0292187751852796,3,2,1.0,1.0,0.6,False,0.01280446935709715,ridge,USM,workspace,USM3
USM3_joint_mean_joint_range,5,5,0.01054879662090228,0.0172462989395765,0.01502767910464034,0.01573332837417472,0.0172462989395765,0.0228175132498778,4,1,1.0,1.0,0.8,False,0.012586662699339777,ridge,USM,workspace,USM3
USM0_joint_mean_joint_range,5,5,-0.00398941625850438,-0.0024178879554864,0.027737354974528554,0.020020961703812182,0.021106789665049,0.0369240066387852,2,3,1.0,1.0,0.6,False,0.012012577022287309,ridge,USM,workspace,USM0
USM3_pose_rel_max_angular_speed_rad_s,5,5,-0.01207631068884776,-0.0078801988840592,0.01629587601366343,0.01441277986532328,0.0078801988840592,0.0379982465682045,1,4,1.0,1.0,0.8,False,0.011530223892258626,ridge,USM,velocity,USM3
USM3_joint_rms_speed_l2,3,3,0.027003337445330938,0.0390030102135967,0.025769840508929606,0.028722051856232268,0.0390030102135967,0.0445850737387481,2,1,0.6,0.6,0.6666666666666666,False,0.011488820742492906,ridge,USM,velocity,USM3
USM1_joint_raw_path_l2,5,5,-0.012459412573906061,-0.0169110698653388,0.012545838229353939,0.013952076708812822,0.0169110698653388,0.0270153393743215,1,4,1.0,1.0,0.8,False,0.011161661367050258,ridge,USM,other,USM1
USM2_pose_rel_max_angular_speed_rad_s,5,5,0.01573933003248294,0.0088900401573053,0.021653753381023686,0.01855507851108838,0.0088900401573053,0.0435369991406894,3,2,1.0,1.0,0.6,False,0.011133047106653027,ridge,USM,velocity,USM2
USM1_pose_rel_max_angular_speed_rad_s,5,5,0.0020399173527737386,0.006561188291908,0.025642970580167075,0.018267626861548262,0.0073153367676346,0.03745810689604,3,2,1.0,1.0,0.6,False,0.010960576116928957,ridge,USM,velocity,USM1
USM1_pose_rel_raw_path_l2,5,5,0.010209716472068541,0.0048048316292413,0.015209319099841006,0.012824692212895861,0.0065374393520683,0.0266195685351522,4,1,1.0,1.0,0.8,False,0.010259753770316689,ridge,USM,other,USM1
USM1_pose_rel_mean_abs_angular_acceleration_rad_s2,5,5,0.0042306184627381995,0.010836115991429,0.01932302115988478,0.015887773092501,0.0127322845172537,0.0267275783794153,3,2,1.0,1.0,0.6,False,0.0095326638555006,ridge,USM,acceleration,USM1
USM1_joint_insertion_q3_path_l1,5,5,0.00921595431031108,-0.0009975262872049,0.019959656450070022,0.015492930113990042,0.0081464618705526,0.0310803569096399,2,3,1.0,1.0,0.6,False,0.009295758068394024,ridge,USM,other,USM1
USM2_joint_base_revolute_q0_q2_path_l1,5,5,-0.0012413781690969196,0.0035197100578397,0.01987849792733538,0.01471306878386216,0.0105820339122361,0.0293040834701616,3,2,1.0,1.0,0.6,False,0.008827841270317296,ridge,USM,other,USM2
all_psm_pose_rel_path_total,5,5,0.0030532745806174607,-0.0041722389761048,0.01754769611048062,0.01061389094541758,0.0063228800225203,0.0341679138150876,1,4,1.0,1.0,0.8,False,0.008491112756334065,ridge,Other,other,NA
USM3_pose_rel_max_jerk_l2,1,1,-0.0405263139431364,-0.0405263139431364,,0.0405263139431364,0.0405263139431364,0.0405263139431364,0,1,0.2,0.2,1.0,False,0.00810526278862728,ridge,USM,jerk,USM3
USM1_joint_jerk_cost,5,5,0.004103882217400054,1.0040176635270504e-05,0.0163607580034381,0.011952953657006214,0.0138919642758264,0.026240085233554,3,2,1.0,1.0,0.6,False,0.007171772194203728,ridge,USM,jerk,USM1
USM3_joint_distal_q5_q9_mean_range,5,5,-0.0026964542964332803,-0.0018989496443391,0.018491720478529237,0.01158496207072772,0.0036036332664295,0.0302009580071339,2,3,1.0,1.0,0.6,False,0.006950977242436631,ridge,USM,workspace,USM3
USM1_joint_idle_threshold_relative,2,2,-0.0150273034025156,-0.0150273034025156,0.007080208468843413,0.0150273034025156,0.0150273034025156,0.0200337668230492,0,2,0.4,0.4,1.0,False,0.00601092136100624,ridge,USM,other,USM1
USM1_joint_mean_speed_l2,5,5,-0.00591168414976888,-0.0012538136098838,0.014560795240922466,0.00927864986903148,0.0060485632153891,0.030673458221728,2,3,1.0,1.0,0.6,False,0.005567189921418888,ridge,USM,velocity,USM1
USM1_joint_distal_q5_q9_path_l1,1,1,-0.0137507274803257,-0.0137507274803257,,0.0137507274803257,0.0137507274803257,0.0137507274803257,0,1,0.2,0.2,1.0,False,0.00275014549606514,ridge,USM,other,USM1
USM3_joint_jerk_cost,2,2,0.0035389964009436507,0.0035389964009436507,0.009712969163813775,0.00686810636118855,0.00686810636118855,0.0104071027621322,1,1,0.4,0.4,0.5,False,0.00137362127223771,ridge,USM,jerk,USM3
USM1_joint_rms_speed_l2,1,1,0.0027142347272621,0.0027142347272621,,0.0027142347272621,0.0027142347272621,0.0027142347272621,1,0,0.2,0.2,1.0,False,0.0005428469454524201,ridge,USM,velocity,USM1
active_psm_count,1,0,0.0,0.0,,0.0,0.0,0.0,0,0,0.2,0.0,0.0,False,0.0,ridge,Other,other,NA
USM2_pose_rel_mean_angular_speed_rad_s,5,5,0.28456445496225574,0.2962901508902846,0.07530773070481178,0.28456445496225574,0.2962901508902846,0.3479497360252055,5,0,1.0,1.0,1.0,True,0.28456445496225574,elastic_net,USM,velocity,USM2
USM0_joint_insertion_q3_mean_range,5,5,-0.2774937443903268,-0.2463787465448632,0.0638608644988307,0.2774937443903268,0.2463787465448632,0.3665628051039773,0,5,1.0,1.0,1.0,True,0.2774937443903268,elastic_net,USM,workspace,USM0
USM0_joint_tool_roll_q4_mean_abs_velocity,5,5,0.23631669531785895,0.240230004801959,0.048955368722943385,0.23631669531785895,0.240230004801959,0.310093721786906,5,0,1.0,1.0,1.0,True,0.23631669531785895,elastic_net,USM,velocity,USM0
USM0_joint_base_revolute_q0_q2_mean_abs_velocity,5,5,0.20150522870998516,0.2038965924119458,0.03070988583469627,0.20150522870998516,0.2038965924119458,0.2338120472901332,5,0,1.0,1.0,1.0,True,0.20150522870998516,elastic_net,USM,velocity,USM0
USM2_pose_rel_rotation_orthogonality_error_mean,5,5,0.1956972737197376,0.1999729879175947,0.05365688446518563,0.1956972737197376,0.1999729879175947,0.2616548398209353,5,0,1.0,1.0,1.0,True,0.1956972737197376,elastic_net,USM,rotation,USM2
USM2_joint_tool_roll_q4_mean_abs_velocity,5,5,0.18960815811014148,0.1978065726450538,0.08665720332188245,0.18960815811014148,0.1978065726450538,0.2992993373583852,5,0,1.0,1.0,1.0,True,0.18960815811014148,elastic_net,USM,velocity,USM2
USM2_pose_rel_idle_fraction_relative,5,5,-0.1888224112945783,-0.1710241070845489,0.0324374278297446,0.1888224112945783,0.1710241070845489,0.2325648271495737,0,5,1.0,1.0,1.0,True,0.1888224112945783,elastic_net,USM,other,USM2
USM2_pose_rel_pause_fraction,4,4,-0.21847680621003046,-0.208353510373664,0.032459262050592526,0.21847680621003046,0.208353510373664,0.2656528990445396,0,4,0.8,0.8,1.0,False,0.1747814449680244,elastic_net,USM,other,USM2
USM2_joint_base_revolute_q0_q2_mean_abs_velocity,5,5,0.17031336832373548,0.1942930925416687,0.06967799882165474,0.17031336832373548,0.1942930925416687,0.2198785424341699,5,0,1.0,1.0,1.0,True,0.17031336832373548,elastic_net,USM,velocity,USM2
USM1_pose_rel_rms_speed_l2,5,5,0.1691786531291577,0.1707103600731206,0.022576051407565582,0.1691786531291577,0.1707103600731206,0.1987289043709596,5,0,1.0,1.0,1.0,True,0.1691786531291577,elastic_net,USM,velocity,USM1
USM1_pose_rel_y_range,5,5,0.16071430793862737,0.1457764271380399,0.051059396169053854,0.16071430793862737,0.1457764271380399,0.2267191720269154,5,0,1.0,1.0,1.0,True,0.16071430793862737,elastic_net,USM,workspace,USM1
USM2_joint_idle_fraction_relative,5,5,-0.15809444336654324,-0.1647263442186543,0.08042103708538759,0.15809444336654324,0.1647263442186543,0.237642036892701,0,5,1.0,1.0,1.0,True,0.15809444336654324,elastic_net,USM,other,USM2
USM2_pose_rel_pause_duration_seconds,5,5,-0.1549680181086352,-0.1548477963876607,0.009837833465532166,0.1549680181086352,0.1548477963876607,0.170105027634859,0,5,1.0,1.0,1.0,True,0.1549680181086352,elastic_net,USM,time,USM2
USM1_USM2_pose_rel_mean_abs_relative_speed,5,5,0.14842275592331544,0.1439882596792958,0.017778900423206172,0.14842275592331544,0.1439882596792958,0.169740429414609,5,0,1.0,1.0,1.0,True,0.14842275592331544,elastic_net,USM,velocity,USM1
USM1_USM3_pose_rel_distance_range_rel,5,5,0.1445313646202533,0.1426339376009901,0.02922795545839714,0.1445313646202533,0.1426339376009901,0.1843166855058836,5,0,1.0,1.0,1.0,True,0.1445313646202533,elastic_net,USM,workspace,USM1
USM3_pose_rel_pause_count,5,5,-0.14036658099920135,-0.131681428688228,0.0717451953669761,0.14036658099920135,0.131681428688228,0.2405806903566602,0,5,1.0,1.0,1.0,True,0.14036658099920135,elastic_net,USM,other,USM3
USM0_joint_jerk_cost,5,5,-0.13195302137137366,-0.1193598179901637,0.07362167678342095,0.13195302137137366,0.1193598179901637,0.2464695631339048,0,5,1.0,1.0,1.0,True,0.13195302137137366,elastic_net,USM,jerk,USM0
USM1_pose_rel_pause_count,5,5,0.13151528108216035,0.1470505772557668,0.06149644243906017,0.13151528108216035,0.1470505772557668,0.1885081209984173,5,0,1.0,1.0,1.0,True,0.13151528108216035,elastic_net,USM,other,USM1
USM0_joint_insertion_q3_path_l1,5,5,-0.12286964030388119,-0.1026902889648407,0.06336120358762631,0.12286964030388119,0.1026902889648407,0.1875444351769606,0,5,1.0,1.0,1.0,True,0.12286964030388119,elastic_net,USM,other,USM0
USM2_joint_insertion_q3_mean_abs_velocity,5,5,0.12213090238052401,0.1350740503961771,0.044057199059075645,0.12213090238052401,0.1350740503961771,0.1726840959281685,5,0,1.0,1.0,1.0,True,0.12213090238052401,elastic_net,USM,velocity,USM2
USM2_pose_rel_mean_speed_l2,5,5,0.12000796619387351,0.1075167910462262,0.02797141780240565,0.12000796619387351,0.1075167910462262,0.1615482585047721,5,0,1.0,1.0,1.0,True,0.12000796619387351,elastic_net,USM,velocity,USM2
USM2_pose_rel_rotation_determinant_mean,5,5,-0.11542176752815081,-0.1204577119312359,0.03870477367196314,0.11542176752815081,0.1204577119312359,0.1528580687786721,0,5,1.0,1.0,1.0,True,0.11542176752815081,elastic_net,USM,rotation,USM2
USM2_pose_rel_rms_speed_l2,5,5,0.11002812989674009,0.1059329327054248,0.019836210042772584,0.11002812989674009,0.1059329327054248,0.1404696603353818,5,0,1.0,1.0,1.0,True,0.11002812989674009,elastic_net,USM,velocity,USM2
USM1_pose_rel_rotation_orthogonality_error_max,5,5,0.10956101449068331,0.1126884672601544,0.06853510114614093,0.10956101449068331,0.1126884672601544,0.1987979109297525,5,0,1.0,1.0,1.0,True,0.10956101449068331,elastic_net,USM,rotation,USM1
USM0_joint_pause_duration_seconds,5,5,-0.1073001511789354,-0.1089012253960126,0.0071281166246580235,0.1073001511789354,0.1089012253960126,0.1145005615401616,0,5,1.0,1.0,1.0,True,0.1073001511789354,elastic_net,USM,time,USM0
USM2_joint_pause_duration_seconds,5,5,-0.10446455063052747,-0.1091726427647897,0.025427847927304355,0.10446455063052747,0.1091726427647897,0.136845959301721,0,5,1.0,1.0,1.0,True,0.10446455063052747,elastic_net,USM,time,USM2
USM1_joint_insertion_q3_mean_abs_velocity,5,5,0.10174111253460012,0.0973002343603155,0.027370237839790607,0.10174111253460012,0.0973002343603155,0.1440725039605752,5,0,1.0,1.0,1.0,True,0.10174111253460012,elastic_net,USM,velocity,USM1
USM2_USM3_pose_rel_mean_distance_rel,5,5,0.09760865241431746,0.0998286921754583,0.011792416822886414,0.09760865241431746,0.0998286921754583,0.1112392053560646,5,0,1.0,1.0,1.0,True,0.09760865241431746,elastic_net,USM,other,USM2
active_pair_mean_distance_rel,5,5,0.09209133959566033,0.0913888794007913,0.019034908739178395,0.09209133959566033,0.0913888794007913,0.1226807800197092,5,0,1.0,1.0,1.0,True,0.09209133959566033,elastic_net,Other,other,NA
duration_seconds,5,5,-0.09088771077798026,-0.0854441361865711,0.019776351954046336,0.09088771077798026,0.0854441361865711,0.1223038797311585,0,5,1.0,1.0,1.0,True,0.09088771077798026,elastic_net,Other,time,NA
USM2_joint_pause_fraction,5,5,-0.09084545956456809,-0.0925982792328378,0.06933409831410418,0.09084545956456809,0.0925982792328378,0.1610288029417047,0,5,1.0,1.0,1.0,True,0.09084545956456809,elastic_net,USM,other,USM2
USM1_pose_rel_economy_area_xz,5,5,0.08996300410873626,0.0906713323500583,0.017115444482078853,0.08996300410873626,0.0906713323500583,0.1113644477451695,5,0,1.0,1.0,1.0,True,0.08996300410873626,elastic_net,USM,other,USM1
USM1_pose_rel_rotation_orthogonality_error_mean,5,5,0.08948661190961239,0.0801051890103177,0.06481780260382554,0.08948661190961239,0.0801051890103177,0.1623190230758897,5,0,1.0,1.0,1.0,True,0.08948661190961239,elastic_net,USM,rotation,USM1
USM2_joint_distal_q5_q9_mean_range,5,4,0.11114390946799735,0.1199515923341318,0.06707286112171522,0.11114390946799735,0.1199515923341318,0.1804927921613181,4,0,1.0,0.8,1.0,False,0.08891512757439789,elastic_net,USM,workspace,USM2
USM2_pose_rel_mean_acceleration_l2,5,5,0.08742302727394886,0.0912976755042473,0.03137612208137219,0.08742302727394886,0.0912976755042473,0.1267195095209597,5,0,1.0,1.0,1.0,True,0.08742302727394886,elastic_net,USM,acceleration,USM2
USM3_pose_rel_log_dimensionless_jerk,5,5,0.08614016115336348,0.0888729769963568,0.03723127035364965,0.08614016115336348,0.0888729769963568,0.129404123509288,5,0,1.0,1.0,1.0,True,0.08614016115336348,elastic_net,USM,jerk,USM3
USM3_pose_rel_dimensionless_jerk,5,5,-0.0844283965700667,-0.0838469619569598,0.026752963589258976,0.0844283965700667,0.0838469619569598,0.1121249119944456,0,5,1.0,1.0,1.0,True,0.0844283965700667,elastic_net,USM,jerk,USM3
USM1_USM2_pose_rel_simultaneous_active_fraction,5,4,0.10413229651858524,0.1164096773977656,0.06605265771864167,0.10413229651858524,0.1164096773977656,0.1831434076237499,4,0,1.0,0.8,1.0,False,0.0833058372148682,elastic_net,USM,other,USM1
USM1_pose_rel_pause_duration_seconds,5,5,-0.08213915102113294,-0.0772695332098718,0.02296691128569617,0.08213915102113294,0.0772695332098718,0.1176368047493606,0,5,1.0,1.0,1.0,True,0.08213915102113294,elastic_net,USM,time,USM1
active_pair_speed_correlation,5,4,0.10015067661350822,0.1080617715691507,0.06335728642086062,0.10015067661350822,0.1080617715691507,0.1759947583054264,4,0,1.0,0.8,1.0,False,0.08012054129080659,elastic_net,Other,velocity,NA
USM2_USM3_pose_rel_path_length_imbalance,5,5,-0.07153743204368872,-0.0697289340977278,0.03463994986420617,0.07153743204368872,0.0697289340977278,0.1103990636257639,0,5,1.0,1.0,1.0,True,0.07153743204368872,elastic_net,USM,path_length,USM2
USM1_USM3_pose_rel_path_length_imbalance,5,5,0.07101283845445802,0.073821015399019,0.04446304519166307,0.07101283845445802,0.073821015399019,0.1336223803193021,5,0,1.0,1.0,1.0,True,0.07101283845445802,elastic_net,USM,path_length,USM1
USM1_pose_rel_mean_speed_l2,5,5,0.0708803541232664,0.0587050870256644,0.026619950416308866,0.0708803541232664,0.0587050870256644,0.1033008848624285,5,0,1.0,1.0,1.0,True,0.0708803541232664,elastic_net,USM,velocity,USM1
USM2_pose_rel_mean_abs_angular_acceleration_rad_s2,5,4,0.08793152790921732,0.105758122276803,0.0496405984271517,0.08793152790921732,0.105758122276803,0.1198866651086581,4,0,1.0,0.8,1.0,False,0.07034522232737386,elastic_net,USM,acceleration,USM2
USM1_USM3_pose_rel_std_distance_rel,5,5,0.07001209465887238,0.0632496419678867,0.03561930292949952,0.07001209465887238,0.0632496419678867,0.1102707240118216,5,0,1.0,1.0,1.0,True,0.07001209465887238,elastic_net,USM,other,USM1
USM2_pose_rel_rotation_orthogonality_error_max,5,5,0.0684951658037094,0.0476919639367831,0.05318893337697005,0.0684951658037094,0.0476919639367831,0.1571207649324145,5,0,1.0,1.0,1.0,True,0.0684951658037094,elastic_net,USM,rotation,USM2
USM3_pose_rel_z_range,5,5,0.0675801580581194,0.0728772388805236,0.03380812018785193,0.0675801580581194,0.0728772388805236,0.1028764545360042,5,0,1.0,1.0,1.0,True,0.0675801580581194,elastic_net,USM,workspace,USM3
active_pair_usm_b,5,4,0.08349976783532417,0.0907389942259067,0.06843173966543285,0.08349976783532417,0.0907389942259067,0.1854878830850387,4,0,1.0,0.8,1.0,False,0.06679981426825934,elastic_net,Other,other,NA
USM2_pose_rel_idle_threshold_relative,5,5,0.06657345070097243,0.0552550911722848,0.019018709237091126,0.06657345070097243,0.0552550911722848,0.0919588990679995,5,0,1.0,1.0,1.0,True,0.06657345070097243,elastic_net,USM,other,USM2
USM1_USM2_pose_rel_std_distance_rel,5,5,-0.06641232291335379,-0.0628258665881497,0.03326281010753394,0.06641232291335379,0.0628258665881497,0.1183814392396822,0,5,1.0,1.0,1.0,True,0.06641232291335379,elastic_net,USM,other,USM1
active_pair_min_distance_rel,3,3,0.10963886912131883,0.1101645734032986,0.03048739300941458,0.10963886912131883,0.1101645734032986,0.1398600104648846,3,0,0.6,0.6,1.0,False,0.0657833214727913,elastic_net,Other,other,NA
USM2_USM3_pose_rel_min_distance_rel,3,3,0.10568913795727276,0.1028703337630174,0.009120991336634137,0.10568913795727276,0.1028703337630174,0.1158867844836816,3,0,0.6,0.6,1.0,False,0.06341348277436365,elastic_net,USM,other,USM2
USM1_pose_rel_idle_fraction_relative,5,5,0.06101692089018392,0.0646835615326948,0.03127260876702996,0.06101692089018392,0.0646835615326948,0.0937862087888913,5,0,1.0,1.0,1.0,True,0.06101692089018392,elastic_net,USM,other,USM1
USM2_pose_rel_max_acceleration_l2,5,5,0.060371362323557345,0.0703530370868992,0.03448550652623574,0.060371362323557345,0.0703530370868992,0.0877541187712341,5,0,1.0,1.0,1.0,True,0.060371362323557345,elastic_net,USM,acceleration,USM2
USM2_pose_rel_y_range,5,4,-0.07505541737129737,-0.0615363128177664,0.07082038537956226,0.07505541737129737,0.0615363128177664,0.1890375552373832,0,4,1.0,0.8,1.0,False,0.060044333897037894,elastic_net,USM,workspace,USM2
USM1_pose_rel_x_range,5,5,0.05950510487787375,0.0490750026030412,0.04119173856612251,0.05950510487787375,0.0490750026030412,0.1224170505769435,5,0,1.0,1.0,1.0,True,0.05950510487787375,elastic_net,USM,workspace,USM1
USM1_joint_movement_economy,5,4,-0.07361923499500586,-0.0684307673369524,0.05366122092036806,0.07361923499500586,0.0684307673369524,0.1291924965756026,0,4,1.0,0.8,1.0,False,0.05889538799600469,elastic_net,USM,other,USM1
USM1_pose_rel_economy_volume,5,5,0.05611705345483746,0.0568821338442796,0.026437451518471076,0.05611705345483746,0.0568821338442796,0.0845725347656898,5,0,1.0,1.0,1.0,True,0.05611705345483746,elastic_net,USM,other,USM1
USM2_pose_rel_max_speed_l2,5,4,0.0694686952618753,0.0916188169298568,0.041351418729447045,0.0694686952618753,0.0916188169298568,0.0972398834913794,4,0,1.0,0.8,1.0,False,0.05557495620950024,elastic_net,USM,velocity,USM2
USM3_pose_rel_workspace_box_volume,5,5,-0.05349766167483629,-0.0633056008885599,0.0340581726099568,0.05349766167483629,0.0633056008885599,0.0958808943181896,0,5,1.0,1.0,1.0,True,0.05349766167483629,elastic_net,USM,workspace,USM3
USM1_USM2_pose_rel_min_distance_rel,5,4,-0.06603195408534587,-0.0836167252096999,0.05792719615639753,0.06603195408534587,0.0836167252096999,0.1394700821392706,0,4,1.0,0.8,1.0,False,0.0528255632682767,elastic_net,USM,other,USM1
USM0_joint_raw_path_l2,5,4,-0.06412782872893666,-0.0458709203616214,0.06334715074852375,0.06412782872893666,0.0458709203616214,0.1669739172366328,0,4,1.0,0.8,1.0,False,0.05130226298314933,elastic_net,USM,other,USM0
USM1_USM2_pose_rel_path_length_imbalance,5,4,-0.06306582039862596,-0.072662618841413,0.040115804438169735,0.06306582039862596,0.072662618841413,0.1012507023001104,0,4,1.0,0.8,1.0,False,0.05045265631890077,elastic_net,USM,path_length,USM1
USM1_pose_rel_pause_fraction,5,5,0.049665317904645664,0.0507570172604963,0.03361231298654007,0.049665317904645664,0.0507570172604963,0.0887627886805841,5,0,1.0,1.0,1.0,True,0.049665317904645664,elastic_net,USM,other,USM1
USM2_joint_raw_path_l2,5,5,-0.04911523859797048,-0.0640024124717378,0.04299174886927737,0.04911523859797048,0.0640024124717378,0.1051478071788451,0,5,1.0,1.0,1.0,True,0.04911523859797048,elastic_net,USM,other,USM2
USM2_joint_insertion_q3_path_l1,5,5,-0.04902986899698032,-0.0392303325033368,0.04357780034387217,0.04902986899698032,0.0392303325033368,0.1140255830392431,0,5,1.0,1.0,1.0,True,0.04902986899698032,elastic_net,USM,other,USM2
USM1_pose_rel_economy_area_yz,5,5,0.04857670775299362,0.0393980010901985,0.042520977909133645,0.04857670775299362,0.0393980010901985,0.1188236819211171,5,0,1.0,1.0,1.0,True,0.04857670775299362,elastic_net,USM,other,USM1
USM1_USM2_pose_rel_max_distance_rel,5,3,-0.0785834642272742,-0.1024337247218375,0.07856338843481386,0.0785834642272742,0.1024337247218375,0.1832062579418937,0,3,1.0,0.6,1.0,False,0.04715007853636452,elastic_net,USM,other,USM1
USM3_pose_rel_idle_threshold_relative,5,5,0.04666891119949412,0.0286756297053308,0.04494612535438165,0.04666891119949412,0.0286756297053308,0.1197100398399975,5,0,1.0,1.0,1.0,True,0.04666891119949412,elastic_net,USM,other,USM3
USM2_USM3_pose_rel_one_arm_only_active_fraction,5,4,0.05817974492437332,0.0582641669519702,0.04673769525545582,0.05817974492437332,0.0582641669519702,0.1288386019104211,4,0,1.0,0.8,1.0,False,0.04654379593949866,elastic_net,USM,other,USM2
USM2_joint_net_displacement_l2,5,4,-0.05779658816372172,-0.0567135961121159,0.038087923298716124,0.05779658816372172,0.0567135961121159,0.1045620563191844,0,4,1.0,0.8,1.0,False,0.04623727053097738,elastic_net,USM,other,USM2
USM3_pose_rel_movement_economy,5,4,-0.057590770058265704,-0.0545654322834813,0.05845475750476493,0.057590770058265704,0.0545654322834813,0.1272769412876234,0,4,1.0,0.8,1.0,False,0.046072616046612565,elastic_net,USM,other,USM3
USM1_USM3_pose_rel_both_idle_fraction,5,4,0.053209989201996724,0.0754554587252816,0.048292324506970415,0.053209989201996724,0.0754554587252816,0.1089241637701381,4,0,1.0,0.8,1.0,False,0.04256799136159738,elastic_net,USM,other,USM1
USM1_pose_rel_workspace_box_volume,5,5,0.04249999293654836,0.0188529648540215,0.0442806772321691,0.04249999293654836,0.0188529648540215,0.1005223503030619,5,0,1.0,1.0,1.0,True,0.04249999293654836,elastic_net,USM,workspace,USM1
USM3_pose_rel_economy_area_xz,5,4,0.051877105759088035,0.0263618204364375,0.07144785175404578,0.051877105759088035,0.0263618204364375,0.1778235999777639,4,0,1.0,0.8,1.0,False,0.04150168460727043,elastic_net,USM,other,USM3
all_usm_joint_path_l1_total,5,4,-0.04991232958158802,-0.0400992700112445,0.04686739505319781,0.04991232958158802,0.0400992700112445,0.1270886789171031,0,4,1.0,0.8,1.0,False,0.03992986366527042,elastic_net,Other,other,NA
USM1_joint_base_revolute_q0_q2_mean_abs_velocity,5,4,0.04983089633431008,0.0664508831847761,0.034244656955120495,0.04983089633431008,0.0664508831847761,0.0779651532217035,4,0,1.0,0.8,1.0,False,0.03986471706744807,elastic_net,USM,velocity,USM1
USM2_joint_insertion_q3_mean_range,5,3,-0.06475848116206204,-0.055653904066873,0.07692522508054912,0.06475848116206204,0.055653904066873,0.186945428543549,0,3,1.0,0.6,1.0,False,0.03885508869723722,elastic_net,USM,workspace,USM2
active_pair_usm_a,5,4,0.04801746933664528,0.0560117223391672,0.02840746397703367,0.04801746933664528,0.0560117223391672,0.0747972460735784,4,0,1.0,0.8,1.0,False,0.03841397546931623,elastic_net,Other,other,NA
USM3_joint_insertion_q3_mean_abs_velocity,5,4,0.047388860022257104,0.0595174737274643,0.037788830099195675,0.047388860022257104,0.0595174737274643,0.0872009510727366,4,0,1.0,0.8,1.0,False,0.03791108801780568,elastic_net,USM,velocity,USM3
USM2_pose_rel_log_dimensionless_jerk,5,4,0.04732699255413766,0.0401917184079954,0.03832896662536168,0.04732699255413766,0.0401917184079954,0.0994887160054334,4,0,1.0,0.8,1.0,False,0.03786159404331013,elastic_net,USM,jerk,USM2
USM2_pose_rel_z_range,5,4,0.0466532194059335,0.0386315551878042,0.05459193498201098,0.0466532194059335,0.0386315551878042,0.1351347475782238,4,0,1.0,0.8,1.0,False,0.0373225755247468,elastic_net,USM,workspace,USM2
USM1_USM3_pose_rel_speed_correlation,5,5,-0.03725074245104622,-0.0413373606476566,0.016511087994705326,0.03725074245104622,0.0413373606476566,0.0545913758219909,0,5,1.0,1.0,1.0,True,0.03725074245104622,elastic_net,USM,velocity,USM1
USM1_pose_rel_rotation_determinant_mean,5,4,-0.0425518010222872,-0.0574280984366938,0.034442532149591275,0.0425518010222872,0.0574280984366938,0.076452331990535,0,4,1.0,0.8,1.0,False,0.03404144081782976,elastic_net,USM,rotation,USM1
USM0_joint_idle_threshold_relative,5,4,-0.041647167856053526,-0.0318370201030063,0.042389932783310415,0.041647167856053526,0.0318370201030063,0.1132073646926274,0,4,1.0,0.8,1.0,False,0.033317734284842825,elastic_net,USM,other,USM0
USM1_joint_pause_duration_seconds,5,5,-0.03280956536139474,-0.0387700904060569,0.013126655469147127,0.03280956536139474,0.0387700904060569,0.0412157594324313,0,5,1.0,1.0,1.0,True,0.03280956536139474,elastic_net,USM,time,USM1
USM2_pose_rel_max_jerk_l2,5,4,0.0404920176607345,0.0443548261301247,0.024633895372290056,0.0404920176607345,0.0443548261301247,0.0635924142245462,4,0,1.0,0.8,1.0,False,0.0323936141285876,elastic_net,USM,jerk,USM2
active_pair_one_arm_only_active_fraction,5,4,0.03993811937787496,0.0427244894084054,0.029139081239497468,0.03993811937787496,0.0427244894084054,0.0799845732357748,4,0,1.0,0.8,1.0,False,0.03195049550229997,elastic_net,Other,other,NA
USM2_USM3_pose_rel_speed_correlation,5,5,0.0314919472114758,0.0342231051508598,0.027018445185413145,0.0314919472114758,0.0342231051508598,0.0726929766787688,5,0,1.0,1.0,1.0,True,0.0314919472114758,elastic_net,USM,velocity,USM2
USM1_pose_rel_mean_acceleration_l2,5,4,0.0383733948866405,0.0384587658557294,0.03168735248397441,0.0383733948866405,0.0384587658557294,0.085819252783312,4,0,1.0,0.8,1.0,False,0.030698715909312405,elastic_net,USM,acceleration,USM1
USM3_pose_rel_jerk_cost,5,4,-0.036926101106296516,-0.0261653962328934,0.04368452342270529,0.036926101106296516,0.0261653962328934,0.111297261588951,0,4,1.0,0.8,1.0,False,0.029540880885037216,elastic_net,USM,jerk,USM3
USM1_USM3_pose_rel_one_arm_only_active_fraction,5,3,-0.04644997852776064,-0.0425214491170119,0.04971176095534563,0.04644997852776064,0.0425214491170119,0.1156791738346024,0,3,1.0,0.6,1.0,False,0.02786998711665638,elastic_net,USM,other,USM1
USM1_pose_rel_movement_economy,5,4,-0.03414118616665374,-0.0357308352491661,0.03484259116804922,0.03414118616665374,0.0357308352491661,0.0852940847255538,0,4,1.0,0.8,1.0,False,0.027312948933322995,elastic_net,USM,other,USM1
USM1_joint_distal_q5_q9_mean_range,5,3,-0.0444006311162713,-0.0379472340874882,0.04628424072757395,0.0444006311162713,0.0379472340874882,0.0969126451358648,0,3,1.0,0.6,1.0,False,0.02664037866976278,elastic_net,USM,workspace,USM1
USM3_joint_movement_economy,5,4,-0.03194875593094346,-0.0078138792317416,0.04906328769507958,0.03194875593094346,0.0078138792317416,0.1155779443316793,0,4,1.0,0.8,1.0,False,0.025559004744754768,elastic_net,USM,other,USM3
USM3_pose_rel_rotation_determinant_mean,5,3,-0.04109922786619264,-0.0385032377526949,0.05060287162410682,0.04109922786619264,0.0385032377526949,0.1238853181674373,0,3,1.0,0.6,1.0,False,0.024659536719715585,elastic_net,USM,rotation,USM3
USM1_USM2_pose_rel_both_idle_fraction,5,3,-0.04104322742635858,-0.0086496141281526,0.07825273924938338,0.04104322742635858,0.0086496141281526,0.1805106370544627,0,3,1.0,0.6,1.0,False,0.024625936455815147,elastic_net,USM,other,USM1
active_pair_path_length_imbalance,5,4,-0.030287063697572763,-0.0163725388141363,0.030726175924785402,0.030287063697572763,0.0163725388141363,0.0730433099390574,0,4,1.0,0.8,1.0,False,0.02422965095805821,elastic_net,Other,path_length,NA
USM2_joint_max_abs_joint_velocity,5,3,-0.039999116567735235,-0.0576999133321782,0.0378084986298246,0.039999116567735235,0.0576999133321782,0.0826427929278146,0,3,1.0,0.6,1.0,False,0.02399946994064114,elastic_net,USM,velocity,USM2
USM1_pose_rel_log_dimensionless_jerk,5,3,0.03707761415554756,0.0264744400194725,0.04567729326701974,0.03707761415554756,0.0264744400194725,0.1102118218285859,3,0,1.0,0.6,1.0,False,0.022246568493328536,elastic_net,USM,jerk,USM1
USM0_joint_idle_fraction_relative,5,4,-0.027104805993232218,-0.0268550348531167,0.017053973002614246,0.027104805993232218,0.0268550348531167,0.0417988893234821,0,4,1.0,0.8,1.0,False,0.021683844794585776,elastic_net,USM,other,USM0
USM2_joint_pause_count,5,3,-0.03406006868265804,-0.0071717687144491,0.05231873580178597,0.03406006868265804,0.0071717687144491,0.1227500958809645,0,3,1.0,0.6,1.0,False,0.020436041209594823,elastic_net,USM,other,USM2
USM3_joint_base_revolute_q0_q2_mean_abs_velocity,5,4,0.025171413302486716,0.0252563253956825,0.024124920176899215,0.025171413302486716,0.0252563253956825,0.0548858628537416,4,0,1.0,0.8,1.0,False,0.020137130641989374,elastic_net,USM,velocity,USM3
USM3_pose_rel_pause_fraction,5,4,0.022090802655809684,0.0074445598492488,0.02956718365656032,0.022090802655809684,0.0074445598492488,0.0699303547947951,4,0,1.0,0.8,1.0,False,0.01767264212464775,elastic_net,USM,other,USM3
USM2_pose_rel_raw_path_l2,5,4,-0.01945972374846728,-0.0019628586854931,0.027435495920177133,0.01945972374846728,0.0019628586854931,0.0622360180670933,0,4,1.0,0.8,1.0,False,0.015567778998773825,elastic_net,USM,other,USM2
USM1_joint_tool_roll_q4_path_l1,5,4,-0.01899303176440046,-0.0187541978173299,0.013291492261153693,0.01899303176440046,0.0187541978173299,0.0356680387780053,0,4,1.0,0.8,1.0,False,0.015194425411520369,elastic_net,USM,other,USM1
USM1_joint_max_joint_range,5,3,-0.02489889101210632,-0.002381294916061,0.03374807081804673,0.02489889101210632,0.002381294916061,0.0709059581797991,0,3,1.0,0.6,1.0,False,0.01493933460726379,elastic_net,USM,workspace,USM1
USM1_USM2_pose_rel_alignment_coverage,5,3,0.0246516039244004,0.0288219105131738,0.024617877766021333,0.0246516039244004,0.0288219105131738,0.0565152483676565,3,0,1.0,0.6,1.0,False,0.01479096235464024,elastic_net,USM,other,USM1
USM1_pose_rel_z_range,5,3,0.02450624715632466,0.0094738086562806,0.029806438835753863,0.02450624715632466,0.0094738086562806,0.0626822478380123,3,0,1.0,0.6,1.0,False,0.014703748293794795,elastic_net,USM,workspace,USM1
USM2_joint_movement_economy,5,3,-0.02347265831935784,-0.0044632533833657,0.041099477250797975,0.02347265831935784,0.0044632533833657,0.0959365143866278,0,3,1.0,0.6,1.0,False,0.014083594991614703,elastic_net,USM,other,USM2
USM1_joint_mean_joint_range,5,3,-0.02291322582405782,-0.0097340074916734,0.027297612720048277,0.02291322582405782,0.0097340074916734,0.0552515911659287,0,3,1.0,0.6,1.0,False,0.013747935494434692,elastic_net,USM,workspace,USM1
USM3_joint_max_acceleration_l2,5,3,0.022897782503503862,0.0087225056317678,0.03568294326345868,0.022897782503503862,0.0087225056317678,0.0848619734348899,3,0,1.0,0.6,1.0,False,0.013738669502102317,elastic_net,USM,acceleration,USM3
USM0_joint_insertion_q3_mean_abs_velocity,5,3,0.02230376383167602,0.0320979270173982,0.021214895485944393,0.02230376383167602,0.0320979270173982,0.0469028237776581,3,0,1.0,0.6,1.0,False,0.013382258299005611,elastic_net,USM,velocity,USM0
USM1_joint_max_jerk_l2,5,4,-0.016649619224337657,-0.0170491543095331,0.01118095021477066,0.016649619224337657,0.0170491543095331,0.029651490603547,0,4,1.0,0.8,1.0,False,0.013319695379470127,elastic_net,USM,jerk,USM1
USM2_USM3_pose_rel_both_idle_fraction,5,3,-0.021548951654198102,-0.0317060580664245,0.020143944823223587,0.021548951654198102,0.0317060580664245,0.0429531395499452,0,3,1.0,0.6,1.0,False,0.012929370992518861,elastic_net,USM,other,USM2
USM1_pose_rel_idle_threshold_relative,5,4,0.01545209860059204,0.0178160743709449,0.009913958994452927,0.01545209860059204,0.0178160743709449,0.0265554052155214,4,0,1.0,0.8,1.0,False,0.012361678880473632,elastic_net,USM,other,USM1
USM0_joint_max_jerk_l2,5,2,-0.029856153106550244,0.0,0.047462725297732246,0.029856153106550244,0.0,0.1087388950751164,0,2,1.0,0.4,1.0,False,0.011942461242620099,elastic_net,USM,jerk,USM0
USM3_pose_rel_max_acceleration_l2,5,4,-0.014916332531200222,-0.0127301261725415,0.014142663750148523,0.014916332531200222,0.0127301261725415,0.0328647989470036,0,4,1.0,0.8,1.0,False,0.011933066024960179,elastic_net,USM,acceleration,USM3
USM3_pose_rel_economy_area_xy,5,2,-0.02811600533292822,-0.0,0.03926222785374129,0.02811600533292822,0.0,0.0811819134201618,0,2,1.0,0.4,1.0,False,0.011246402133171289,elastic_net,USM,other,USM3
USM1_USM2_pose_rel_one_arm_only_active_fraction,5,2,0.0277787235560845,0.0,0.05616223647193288,0.0277787235560845,0.0,0.1278820555487007,2,0,1.0,0.4,1.0,False,0.0111114894224338,elastic_net,USM,other,USM1
USM0_joint_max_acceleration_l2,5,3,-0.01614029386710848,-0.0241317579047744,0.01494731953361668,0.01614029386710848,0.0241317579047744,0.0309142102263267,0,3,1.0,0.6,1.0,False,0.009684176320265086,elastic_net,USM,acceleration,USM0
active_pair_both_idle_fraction,5,3,-0.015112627831510201,-0.0062712461109096,0.019353722909144264,0.015112627831510201,0.0062712461109096,0.0446512504384257,0,3,1.0,0.6,1.0,False,0.00906757669890612,elastic_net,Other,other,NA
USM3_joint_mean_speed_l2,5,3,0.01462067016645494,0.0082485271903406,0.022054144321656824,0.01462067016645494,0.0082485271903406,0.0529609067986885,3,0,1.0,0.6,1.0,False,0.008772402099872964,elastic_net,USM,velocity,USM3
USM2_joint_mean_abs_joint_velocity,5,2,0.020074894706947077,-0.0,0.028916174817130668,0.020074894706947077,0.0,0.062877197031428,2,0,1.0,0.4,1.0,False,0.008029957882778832,elastic_net,USM,velocity,USM2
USM3_pose_rel_mean_angular_speed_rad_s,5,3,0.013304714397287759,0.0079649956070791,0.015520216582980592,0.013304714397287759,0.0079649956070791,0.0352202909791104,3,0,1.0,0.6,1.0,False,0.007982828638372654,elastic_net,USM,velocity,USM3
USM3_joint_idle_fraction_relative,5,3,-0.012576778156701602,-0.0081747303433157,0.017511373760172658,0.012576778156701602,0.0081747303433157,0.0424227130451513,0,3,1.0,0.6,1.0,False,0.00754606689402096,elastic_net,USM,other,USM3
USM3_joint_tool_roll_q4_mean_abs_velocity,5,3,0.012313762146256079,0.0110243634366558,0.01274889584576043,0.012313762146256079,0.0110243634366558,0.0274371609182304,3,0,1.0,0.6,1.0,False,0.007388257287753647,elastic_net,USM,velocity,USM3
USM3_pose_rel_max_speed_l2,5,3,-0.0123001127918085,-0.0110459466574305,0.013398940419904658,0.0123001127918085,0.0110459466574305,0.031541702916126,0,3,1.0,0.6,1.0,False,0.0073800676750850995,elastic_net,USM,velocity,USM3
USM3_pose_rel_mean_speed_l2,5,2,0.01754461176707324,0.0,0.02508245395198785,0.01754461176707324,0.0,0.0540575450508711,2,0,1.0,0.4,1.0,False,0.007017844706829296,elastic_net,USM,velocity,USM3
USM2_joint_max_acceleration_l2,5,3,0.00824054503936952,0.0,0.023151521725879618,0.01636555591471328,0.0203125271883594,0.0402139163435875,2,1,1.0,0.6,0.6666666666666666,False,0.0065462223658853125,elastic_net,USM,acceleration,USM2
USM0_joint_movement_economy,5,2,0.021501565796851384,0.0,0.061293050021694113,0.030410487580405703,0.0,0.1297801334431427,1,1,1.0,0.4,0.5,False,0.006082097516081141,elastic_net,USM,other,USM0
USM2_USM3_pose_rel_distance_range_rel,5,2,-0.01453260529196182,-0.0,0.020738449919213565,0.01453260529196182,0.0,0.0445885888598489,0,2,1.0,0.4,1.0,False,0.005813042116784729,elastic_net,USM,workspace,USM2
USM1_pose_rel_max_speed_l2,5,3,0.009347111113831219,0.0023345011196036,0.013477492904607164,0.009347111113831219,0.0023345011196036,0.0314805319999094,3,0,1.0,0.6,1.0,False,0.005608266668298731,elastic_net,USM,velocity,USM1
USM3_joint_insertion_q3_mean_range,5,3,0.00931208037186026,0.0092102119241732,0.00979923499557604,0.00931208037186026,0.0092102119241732,0.0228779441482247,3,0,1.0,0.6,1.0,False,0.005587248223116156,elastic_net,USM,workspace,USM3
USM1_pose_rel_active,5,3,-0.008932582389983939,-0.0062125170576163,0.009896458638250545,0.008932582389983939,0.0062125170576163,0.021765169218186,0,3,1.0,0.6,1.0,False,0.0053595494339903635,elastic_net,USM,other,USM1
USM2_pose_rel_economy_area_yz,5,2,-0.013207841790582962,-0.0,0.026662378263816254,0.013207841790582962,0.0,0.0607249877348899,0,2,1.0,0.4,1.0,False,0.005283136716233185,elastic_net,USM,other,USM2
active_pair_path_length_a_rel,5,2,-0.0121392856572437,-0.0,0.026122899912941044,0.0121392856572437,0.0,0.0588473955123602,0,2,1.0,0.4,1.0,False,0.00485571426289748,elastic_net,Other,path_length,NA
USM1_pose_rel_economy_area_xy,5,2,0.01167232476790084,0.0,0.01609457615876023,0.01167232476790084,0.0,0.0318564226692257,2,0,1.0,0.4,1.0,False,0.004668929907160336,elastic_net,USM,other,USM1
USM3_joint_net_displacement_l2,5,2,0.0112358519029891,0.0,0.016782157671243584,0.0112358519029891,0.0,0.0375693582481955,2,0,1.0,0.4,1.0,False,0.00449434076119564,elastic_net,USM,other,USM3
USM0_joint_max_joint_range,5,2,-0.0111051991032627,-0.0,0.015206420204491096,0.0111051991032627,0.0,0.0277650372335811,0,2,1.0,0.4,1.0,False,0.00444207964130508,elastic_net,USM,workspace,USM0
USM0_joint_tool_roll_q4_mean_range,5,2,-0.0104205628351383,-0.0,0.021650968794476456,0.0104205628351383,0.0,0.0490801589586005,0,2,1.0,0.4,1.0,False,0.00416822513405532,elastic_net,USM,workspace,USM0
USM0_joint_rms_speed_l2,5,2,-0.010289100527236519,-0.0,0.020451216137537385,0.010289100527236519,0.0,0.0466872098559386,0,2,1.0,0.4,1.0,False,0.004115640210894608,elastic_net,USM,velocity,USM0
USM3_pose_rel_idle_fraction_relative,5,2,0.00980633182787554,0.0,0.0159131276085889,0.00980633182787554,0.0,0.0365922413248606,2,0,1.0,0.4,1.0,False,0.003922532731150216,elastic_net,USM,other,USM3
USM1_USM2_pose_rel_speed_correlation,5,2,-0.00941455501151602,-0.0,0.013085749891647808,0.00941455501151602,0.0,0.0267139302445204,0,2,1.0,0.4,1.0,False,0.0037658220046064084,elastic_net,USM,velocity,USM1
USM0_joint_median_dt_seconds,5,2,0.009157220811616639,0.0,0.012541138703352165,0.009157220811616639,0.0,0.0232174302508627,2,0,1.0,0.4,1.0,False,0.003662888324646656,elastic_net,USM,other,USM0
USM2_joint_max_speed_l2,5,2,-0.015736543432556798,0.0,0.03772315312085896,0.01751537411871864,0.0,0.0831297938781886,1,1,1.0,0.4,0.5,False,0.003503074823743728,elastic_net,USM,velocity,USM2
USM2_pose_rel_x_range,5,2,-0.00863059835759092,0.0,0.011826468755350452,0.00863059835759092,0.0,0.0222118079471208,0,2,1.0,0.4,1.0,False,0.003452239343036368,elastic_net,USM,workspace,USM2
USM1_joint_pause_fraction,5,2,0.00860899941546418,0.0,0.011788851884107386,0.00860899941546418,0.0,0.0216751140125148,2,0,1.0,0.4,1.0,False,0.003443599766185672,elastic_net,USM,other,USM1
USM1_joint_net_displacement_l2,5,2,-0.00855086435278466,-0.0,0.018943572621454435,0.00855086435278466,0.0,0.0424372673134276,0,2,1.0,0.4,1.0,False,0.003420345741113864,elastic_net,USM,other,USM1
USM2_pose_rel_pause_count,5,1,-0.0170540977065946,-0.0,0.03813412176686879,0.0170540977065946,0.0,0.085270488532973,0,1,1.0,0.2,1.0,False,0.00341081954131892,elastic_net,USM,other,USM2
USM1_joint_max_speed_l2,5,2,-0.00790386602693636,-0.0,0.011142763751619192,0.00790386602693636,0.0,0.0235087649466055,0,2,1.0,0.4,1.0,False,0.003161546410774544,elastic_net,USM,velocity,USM1
USM1_joint_max_abs_joint_velocity,5,3,-0.00500157762261366,-0.0003453180259028,0.006797242337349332,0.00500157762261366,0.0003453180259028,0.0140118327154113,0,3,1.0,0.6,1.0,False,0.003000946573568196,elastic_net,USM,velocity,USM1
USM0_joint_base_revolute_q0_q2_mean_range,5,3,0.004609510971060079,0.0008241941917218,0.0059479057585131445,0.004609510971060079,0.0008241941917218,0.0113667420427704,3,0,1.0,0.6,1.0,False,0.0027657065826360476,elastic_net,USM,workspace,USM0
USM3_pose_rel_rotation_orthogonality_error_mean,5,1,-0.01347994064783788,-0.0,0.030142063621228052,0.01347994064783788,0.0,0.0673997032391894,0,1,1.0,0.2,1.0,False,0.002695988129567576,elastic_net,USM,rotation,USM3
USM1_USM2_pose_rel_mean_distance_rel,5,2,-0.009816720771940379,-0.0,0.027268022732337534,0.0134206414289877,0.0,0.0580934055023202,1,1,1.0,0.4,0.5,False,0.00268412828579754,elastic_net,USM,other,USM1
USM3_pose_rel_pause_duration_seconds,5,2,0.006565179893480299,0.0,0.012402446787153293,0.006565179893480299,0.0,0.0284964269335694,2,0,1.0,0.4,1.0,False,0.00262607195739212,elastic_net,USM,time,USM3
USM1_joint_pause_count,5,1,-0.01305583411877512,-0.0,0.02919373259254223,0.01305583411877512,0.0,0.0652791705938756,0,1,1.0,0.2,1.0,False,0.002611166823755024,elastic_net,USM,other,USM1
USM2_pose_rel_workspace_box_volume,5,1,-0.01166918321339532,-0.0,0.02609308690705137,0.01166918321339532,0.0,0.0583459160669766,0,1,1.0,0.2,1.0,False,0.002333836642679064,elastic_net,USM,workspace,USM2
USM3_pose_rel_x_range,5,2,-0.0054824726397136,-0.0,0.011455796408498848,0.0054824726397136,0.0,0.0259436198232923,0,2,1.0,0.4,1.0,False,0.00219298905588544,elastic_net,USM,workspace,USM3
USM3_joint_pause_duration_seconds,5,2,-0.00539116050647514,-0.0,0.007395549237106,0.00539116050647514,0.0,0.0141071893657523,0,2,1.0,0.4,1.0,False,0.002156464202590056,elastic_net,USM,time,USM3
USM2_joint_max_jerk_l2,5,2,0.0025832696461271397,-0.0,0.019128627017555723,0.0106341633270231,0.0,0.0330435824328756,1,1,1.0,0.4,0.5,False,0.0021268326654046202,elastic_net,USM,jerk,USM2
USM2_joint_max_joint_range,5,2,-0.00484141637489078,0.0,0.009295823105468042,0.00484141637489078,0.0,0.0213191381769521,0,2,1.0,0.4,1.0,False,0.001936566549956312,elastic_net,USM,workspace,USM2
USM2_joint_mean_joint_range,5,2,0.0042958402946335,0.0,0.007535486204617224,0.0042958402946335,0.0,0.0174002080881107,2,0,1.0,0.4,1.0,False,0.0017183361178534002,elastic_net,USM,workspace,USM2
USM1_joint_insertion_q3_mean_range,5,1,0.0081041205462809,0.0,0.018121364439336825,0.0081041205462809,0.0,0.0405206027314045,1,0,1.0,0.2,1.0,False,0.0016208241092561802,elastic_net,USM,workspace,USM1
USM0_joint_mean_acceleration_l2,5,1,-0.00792368565764008,0.0,0.017717899762823345,0.00792368565764008,0.0,0.0396184282882004,0,1,1.0,0.2,1.0,False,0.001584737131528016,elastic_net,USM,acceleration,USM0
USM2_USM3_pose_rel_simultaneous_active_fraction,5,1,-0.0078520685053897,0.0,0.017557758942036542,0.0078520685053897,0.0,0.0392603425269485,0,1,1.0,0.2,1.0,False,0.0015704137010779402,elastic_net,USM,other,USM2
USM1_joint_max_acceleration_l2,5,1,-0.005816737115348461,-0.0,0.013006619597165193,0.005816737115348461,0.0,0.0290836855767423,0,1,1.0,0.2,1.0,False,0.0011633474230696922,elastic_net,USM,acceleration,USM1
USM1_pose_rel_jerk_cost,5,2,0.0026384055055525945,0.0,0.005853324121313362,0.0026384055055525945,0.0,0.0131089522707545,2,0,1.0,0.4,1.0,False,0.0010553622022210379,elastic_net,USM,jerk,USM1
USM2_pose_rel_economy_area_xy,5,1,-0.00513026424843794,0.0,0.011471619602044103,0.00513026424843794,0.0,0.0256513212421897,0,1,1.0,0.2,1.0,False,0.001026052849687588,elastic_net,USM,other,USM2
USM3_pose_rel_rotation_orthogonality_error_max,5,1,-0.00510790010787952,-0.0,0.011421611863497116,0.00510790010787952,0.0,0.0255395005393976,0,1,1.0,0.2,1.0,False,0.001021580021575904,elastic_net,USM,rotation,USM3
USM1_pose_rel_net_displacement_l2,5,1,-0.00487797571320472,-0.0,0.010907485287318773,0.00487797571320472,0.0,0.0243898785660236,0,1,1.0,0.2,1.0,False,0.000975595142640944,elastic_net,USM,other,USM1
USM3_joint_pause_count,5,2,-0.0021991422553023,0.0,0.0036640592229728905,0.0021991422553023,0.0,0.0084499413428797,0,2,1.0,0.4,1.0,False,0.00087965690212092,elastic_net,USM,other,USM3
USM2_joint_base_revolute_q0_q2_path_l1,5,1,-0.00438590080513448,-0.0,0.009807172342851757,0.00438590080513448,0.0,0.0219295040256724,0,1,1.0,0.2,1.0,False,0.000877180161026896,elastic_net,USM,other,USM2
USM2_pose_rel_net_displacement_l2,5,1,-0.003948834874760479,-0.0,0.0088298632118863,0.003948834874760479,0.0,0.0197441743738024,0,1,1.0,0.2,1.0,False,0.000789766974952096,elastic_net,USM,other,USM2
USM3_joint_distal_q5_q9_mean_range,5,1,0.00353587740739314,0.0,0.007906462243036778,0.00353587740739314,0.0,0.0176793870369657,1,0,1.0,0.2,1.0,False,0.000707175481478628,elastic_net,USM,workspace,USM3
USM1_USM2_pose_rel_distance_range_rel,5,1,0.0033374059317653,0.0,0.007462666531938235,0.0033374059317653,0.0,0.0166870296588265,1,0,1.0,0.2,1.0,False,0.00066748118635306,elastic_net,USM,workspace,USM1
USM3_pose_rel_mean_abs_angular_acceleration_rad_s2,5,1,0.0032804134704312003,0.0,0.00733522751419016,0.0032804134704312003,0.0,0.016402067352156,1,0,1.0,0.2,1.0,False,0.0006560826940862401,elastic_net,USM,acceleration,USM3
USM3_pose_rel_net_displacement_l2,5,1,-0.00322138216696584,-0.0,0.007203229506841196,0.00322138216696584,0.0,0.0161069108348292,0,1,1.0,0.2,1.0,False,0.0006442764333931681,elastic_net,USM,other,USM3
USM3_pose_rel_economy_area_yz,5,1,-0.0028154872115381,-0.0,0.006295620794780522,0.0028154872115381,0.0,0.0140774360576905,0,1,1.0,0.2,1.0,False,0.00056309744230762,elastic_net,USM,other,USM3
USM2_pose_rel_movement_economy,5,1,-0.00273175388647602,-0.0,0.006108387387959624,0.00273175388647602,0.0,0.0136587694323801,0,1,1.0,0.2,1.0,False,0.000546350777295204,elastic_net,USM,other,USM2
USM3_joint_insertion_q3_path_l1,5,1,0.00272517985237994,0.0,0.006093687400834388,0.00272517985237994,0.0,0.0136258992618997,1,0,1.0,0.2,1.0,False,0.000545035970475988,elastic_net,USM,other,USM3
USM2_joint_mean_speed_l2,5,1,0.00235666995661366,-0.0,0.005269674223519624,0.00235666995661366,0.0,0.0117833497830683,1,0,1.0,0.2,1.0,False,0.000471333991322732,elastic_net,USM,velocity,USM2
USM3_joint_max_speed_l2,5,1,0.0014954247248904601,0.0,0.0033438713400889904,0.0014954247248904601,0.0,0.0074771236244523,1,0,1.0,0.2,1.0,False,0.00029908494497809206,elastic_net,USM,velocity,USM3
USM1_USM3_pose_rel_simultaneous_active_fraction,5,1,-0.00148682561476794,-0.0,0.003324643145309029,0.00148682561476794,0.0,0.0074341280738397,0,1,1.0,0.2,1.0,False,0.000297365122953588,elastic_net,USM,other,USM1
USM1_joint_idle_fraction_relative,5,1,0.00147424316330884,0.0,0.0032965079285228903,0.00147424316330884,0.0,0.0073712158165442,1,0,1.0,0.2,1.0,False,0.00029484863266176803,elastic_net,USM,other,USM1
USM2_USM3_pose_rel_std_distance_rel,5,1,0.00146390079689872,0.0,0.003273381694181651,0.00146390079689872,0.0,0.0073195039844936,1,0,1.0,0.2,1.0,False,0.000292780159379744,elastic_net,USM,other,USM2
USM2_pose_rel_economy_area_xz,5,1,0.00133802556201606,0.0,0.002991916112300271,0.00133802556201606,0.0,0.0066901278100803,1,0,1.0,0.2,1.0,False,0.00026760511240321203,elastic_net,USM,other,USM2
USM3_joint_max_joint_range,5,1,0.00133095508877668,0.0,0.0029761060535039236,0.00133095508877668,0.0,0.0066547754438834,1,0,1.0,0.2,1.0,False,0.00026619101775533603,elastic_net,USM,workspace,USM3
USM3_pose_rel_max_abs_angular_acceleration_rad_s2,5,1,-0.0012465001421469398,-0.0,0.0027872590518037083,0.0012465001421469398,0.0,0.0062325007107347,0,1,1.0,0.2,1.0,False,0.00024930002842938796,elastic_net,USM,acceleration,USM3
USM0_joint_mean_speed_l2,5,1,-0.00117868679588124,0.0,0.0026356237997718717,0.00117868679588124,0.0,0.0058934339794062,0,1,1.0,0.2,1.0,False,0.000235737359176248,elastic_net,USM,velocity,USM0
USM2_joint_jerk_cost,5,1,-0.00045101207273078004,-0.0,0.0010084936532991032,0.00045101207273078004,0.0,0.0022550603636539,0,1,1.0,0.2,1.0,False,9.020241454615602e-05,elastic_net,USM,jerk,USM2
USM3_joint_mean_joint_range,5,1,0.0004309266303369,0.0,0.0009635812387482315,0.0004309266303369,0.0,0.0021546331516845,1,0,1.0,0.2,1.0,False,8.618532606738001e-05,elastic_net,USM,workspace,USM3
USM3_pose_rel_max_jerk_l2,1,1,-0.0003219140542342,-0.0003219140542342,,0.0003219140542342,0.0003219140542342,0.0003219140542342,0,1,0.2,0.2,1.0,False,6.438281084684e-05,elastic_net,USM,jerk,USM3
USM0_joint_pause_count,5,1,-0.00030749179619604,0.0,0.0006875725588178567,0.00030749179619604,0.0,0.0015374589809802,0,1,1.0,0.2,1.0,False,6.1498359239208e-05,elastic_net,USM,other,USM0
USM3_pose_rel_max_angular_speed_rad_s,5,1,-4.298177568624452e-06,-0.0,9.611017222809042e-06,4.298177568624452e-06,0.0,2.149088784312226e-05,0,1,1.0,0.2,1.0,False,8.596355137248904e-07,elastic_net,USM,velocity,USM3
USM0_joint_base_revolute_q0_q2_path_l1,5,0,0.0,-0.0,0.0,0.0,0.0,0.0,0,0,1.0,0.0,0.0,False,0.0,elastic_net,USM,other,USM0
USM0_joint_distal_q5_q9_mean_range,5,0,0.0,0.0,0.0,0.0,0.0,0.0,0,0,1.0,0.0,0.0,False,0.0,elastic_net,USM,workspace,USM0
USM0_joint_max_gap_seconds,5,0,0.0,0.0,0.0,0.0,0.0,0.0,0,0,1.0,0.0,0.0,False,0.0,elastic_net,USM,other,USM0
USM0_joint_max_speed_l2,5,0,0.0,0.0,0.0,0.0,0.0,0.0,0,0,1.0,0.0,0.0,False,0.0,elastic_net,USM,velocity,USM0
USM0_joint_mean_joint_range,5,0,0.0,-0.0,0.0,0.0,0.0,0.0,0,0,1.0,0.0,0.0,False,0.0,elastic_net,USM,workspace,USM0
USM0_joint_net_displacement_l2,5,0,0.0,-0.0,0.0,0.0,0.0,0.0,0,0,1.0,0.0,0.0,False,0.0,elastic_net,USM,other,USM0
USM0_joint_tool_roll_q4_path_l1,5,0,0.0,-0.0,0.0,0.0,0.0,0.0,0,0,1.0,0.0,0.0,False,0.0,elastic_net,USM,other,USM0
USM1_USM3_pose_rel_max_distance_rel,5,0,0.0,0.0,0.0,0.0,0.0,0.0,0,0,1.0,0.0,0.0,False,0.0,elastic_net,USM,other,USM1
USM1_USM3_pose_rel_mean_distance_rel,5,0,0.0,-0.0,0.0,0.0,0.0,0.0,0,0,1.0,0.0,0.0,False,0.0,elastic_net,USM,other,USM1
USM1_USM3_pose_rel_min_distance_rel,5,0,0.0,-0.0,0.0,0.0,0.0,0.0,0,0,1.0,0.0,0.0,False,0.0,elastic_net,USM,other,USM1
USM1_joint_base_revolute_q0_q2_mean_range,5,0,0.0,0.0,0.0,0.0,0.0,0.0,0,0,1.0,0.0,0.0,False,0.0,elastic_net,USM,workspace,USM1
USM1_joint_base_revolute_q0_q2_path_l1,5,0,0.0,-0.0,0.0,0.0,0.0,0.0,0,0,1.0,0.0,0.0,False,0.0,elastic_net,USM,other,USM1
USM1_joint_distal_q5_q9_path_l1,1,0,0.0,-0.0,,0.0,0.0,0.0,0,0,0.2,0.0,0.0,False,0.0,elastic_net,USM,other,USM1
USM1_joint_idle_threshold_relative,2,0,0.0,-0.0,0.0,0.0,0.0,0.0,0,0,0.4,0.0,0.0,False,0.0,elastic_net,USM,other,USM1
USM1_joint_insertion_q3_path_l1,5,0,0.0,0.0,0.0,0.0,0.0,0.0,0,0,1.0,0.0,0.0,False,0.0,elastic_net,USM,other,USM1
USM1_joint_jerk_cost,5,0,0.0,-0.0,0.0,0.0,0.0,0.0,0,0,1.0,0.0,0.0,False,0.0,elastic_net,USM,jerk,USM1
USM1_joint_mean_acceleration_l2,5,0,0.0,-0.0,0.0,0.0,0.0,0.0,0,0,1.0,0.0,0.0,False,0.0,elastic_net,USM,acceleration,USM1
USM1_joint_mean_speed_l2,5,0,0.0,-0.0,0.0,0.0,0.0,0.0,0,0,1.0,0.0,0.0,False,0.0,elastic_net,USM,velocity,USM1
USM1_joint_raw_path_l2,5,0,0.0,-0.0,0.0,0.0,0.0,0.0,0,0,1.0,0.0,0.0,False,0.0,elastic_net,USM,other,USM1
USM1_joint_rms_speed_l2,1,0,0.0,-0.0,,0.0,0.0,0.0,0,0,0.2,0.0,0.0,False,0.0,elastic_net,USM,velocity,USM1
USM1_joint_tool_roll_q4_mean_abs_velocity,5,0,0.0,-0.0,0.0,0.0,0.0,0.0,0,0,1.0,0.0,0.0,False,0.0,elastic_net,USM,velocity,USM1
USM1_pose_rel_dimensionless_jerk,5,0,0.0,-0.0,0.0,0.0,0.0,0.0,0,0,1.0,0.0,0.0,False,0.0,elastic_net,USM,jerk,USM1
USM1_pose_rel_max_abs_angular_acceleration_rad_s2,5,0,0.0,0.0,0.0,0.0,0.0,0.0,0,0,1.0,0.0,0.0,False,0.0,elastic_net,USM,acceleration,USM1
USM1_pose_rel_max_acceleration_l2,5,0,0.0,0.0,0.0,0.0,0.0,0.0,0,0,1.0,0.0,0.0,False,0.0,elastic_net,USM,acceleration,USM1
USM1_pose_rel_max_angular_speed_rad_s,5,0,0.0,0.0,0.0,0.0,0.0,0.0,0,0,1.0,0.0,0.0,False,0.0,elastic_net,USM,velocity,USM1
USM1_pose_rel_max_jerk_l2,3,0,0.0,0.0,0.0,0.0,0.0,0.0,0,0,0.6,0.0,0.0,False,0.0,elastic_net,USM,jerk,USM1
USM1_pose_rel_mean_abs_angular_acceleration_rad_s2,5,0,0.0,0.0,0.0,0.0,0.0,0.0,0,0,1.0,0.0,0.0,False,0.0,elastic_net,USM,acceleration,USM1
USM1_pose_rel_mean_angular_speed_rad_s,5,0,0.0,-0.0,0.0,0.0,0.0,0.0,0,0,1.0,0.0,0.0,False,0.0,elastic_net,USM,velocity,USM1
USM1_pose_rel_raw_path_l2,5,0,0.0,0.0,0.0,0.0,0.0,0.0,0,0,1.0,0.0,0.0,False,0.0,elastic_net,USM,other,USM1
USM1_pose_rel_rotation_path_radians,5,0,0.0,-0.0,0.0,0.0,0.0,0.0,0,0,1.0,0.0,0.0,False,0.0,elastic_net,USM,rotation,USM1
USM2_joint_base_revolute_q0_q2_mean_range,5,0,0.0,0.0,0.0,0.0,0.0,0.0,0,0,1.0,0.0,0.0,False,0.0,elastic_net,USM,workspace,USM2
USM2_joint_idle_threshold_relative,5,0,0.0,-0.0,0.0,0.0,0.0,0.0,0,0,1.0,0.0,0.0,False,0.0,elastic_net,USM,other,USM2
USM2_joint_mean_acceleration_l2,5,0,0.0,-0.0,0.0,0.0,0.0,0.0,0,0,1.0,0.0,0.0,False,0.0,elastic_net,USM,acceleration,USM2
USM2_joint_rms_speed_l2,5,0,0.0,-0.0,0.0,0.0,0.0,0.0,0,0,1.0,0.0,0.0,False,0.0,elastic_net,USM,velocity,USM2
USM2_joint_tool_roll_q4_path_l1,5,0,0.0,0.0,0.0,0.0,0.0,0.0,0,0,1.0,0.0,0.0,False,0.0,elastic_net,USM,other,USM2
USM2_pose_rel_dimensionless_jerk,5,0,0.0,-0.0,0.0,0.0,0.0,0.0,0,0,1.0,0.0,0.0,False,0.0,elastic_net,USM,jerk,USM2
USM2_pose_rel_economy_volume,5,0,0.0,0.0,0.0,0.0,0.0,0.0,0,0,1.0,0.0,0.0,False,0.0,elastic_net,USM,other,USM2
USM2_pose_rel_jerk_cost,5,0,0.0,0.0,0.0,0.0,0.0,0.0,0,0,1.0,0.0,0.0,False,0.0,elastic_net,USM,jerk,USM2
USM2_pose_rel_max_abs_angular_acceleration_rad_s2,5,0,0.0,-0.0,0.0,0.0,0.0,0.0,0,0,1.0,0.0,0.0,False,0.0,elastic_net,USM,acceleration,USM2
USM2_pose_rel_max_angular_speed_rad_s,5,0,0.0,-0.0,0.0,0.0,0.0,0.0,0,0,1.0,0.0,0.0,False,0.0,elastic_net,USM,velocity,USM2
USM2_pose_rel_rotation_path_radians,5,0,0.0,0.0,0.0,0.0,0.0,0.0,0,0,1.0,0.0,0.0,False,0.0,elastic_net,USM,rotation,USM2
USM3_joint_base_revolute_q0_q2_mean_range,5,0,0.0,0.0,0.0,0.0,0.0,0.0,0,0,1.0,0.0,0.0,False,0.0,elastic_net,USM,workspace,USM3
USM3_joint_base_revolute_q0_q2_path_l1,5,0,0.0,0.0,0.0,0.0,0.0,0.0,0,0,1.0,0.0,0.0,False,0.0,elastic_net,USM,other,USM3
USM3_joint_jerk_cost,2,0,0.0,0.0,0.0,0.0,0.0,0.0,0,0,0.4,0.0,0.0,False,0.0,elastic_net,USM,jerk,USM3
USM3_joint_raw_path_l2,5,0,0.0,0.0,0.0,0.0,0.0,0.0,0,0,1.0,0.0,0.0,False,0.0,elastic_net,USM,other,USM3
USM3_joint_rms_speed_l2,3,0,0.0,-0.0,0.0,0.0,0.0,0.0,0,0,0.6,0.0,0.0,False,0.0,elastic_net,USM,velocity,USM3
USM3_joint_tool_roll_q4_path_l1,4,0,0.0,0.0,0.0,0.0,0.0,0.0,0,0,0.8,0.0,0.0,False,0.0,elastic_net,USM,other,USM3
USM3_pose_rel_economy_volume,5,0,0.0,-0.0,0.0,0.0,0.0,0.0,0,0,1.0,0.0,0.0,False,0.0,elastic_net,USM,other,USM3
USM3_pose_rel_raw_path_l2,5,0,0.0,-0.0,0.0,0.0,0.0,0.0,0,0,1.0,0.0,0.0,False,0.0,elastic_net,USM,other,USM3
USM3_pose_rel_rms_speed_l2,5,0,0.0,0.0,0.0,0.0,0.0,0.0,0,0,1.0,0.0,0.0,False,0.0,elastic_net,USM,velocity,USM3
USM3_pose_rel_rotation_path_radians,5,0,0.0,0.0,0.0,0.0,0.0,0.0,0,0,1.0,0.0,0.0,False,0.0,elastic_net,USM,rotation,USM3
USM3_pose_rel_y_range,5,0,0.0,-0.0,0.0,0.0,0.0,0.0,0,0,1.0,0.0,0.0,False,0.0,elastic_net,USM,workspace,USM3
active_pair_simultaneous_active_fraction,5,0,0.0,0.0,0.0,0.0,0.0,0.0,0,0,1.0,0.0,0.0,False,0.0,elastic_net,Other,other,NA
active_psm_count,1,0,0.0,0.0,,0.0,0.0,0.0,0,0,0.2,0.0,0.0,False,0.0,elastic_net,Other,other,NA
all_psm_pose_rel_path_total,5,0,0.0,-0.0,0.0,0.0,0.0,0.0,0,0,1.0,0.0,0.0,False,0.0,elastic_net,Other,other,NA
