model,cv_fold,feature,importance
random_forest,1,numeric__USM2_joint_pause_duration_seconds,0.026616575246197382
random_forest,1,numeric__USM1_pose_rel_dimensionless_jerk,0.019032738783138468
random_forest,1,numeric__USM0_joint_pause_duration_seconds,0.018269799809990165
random_forest,1,numeric__USM2_pose_rel_pause_duration_seconds,0.01820565581193659
random_forest,1,numeric__duration_seconds,0.017195211391088063
random_forest,1,numeric__USM3_joint_distal_q5_q9_mean_range,0.01716417064817624
random_forest,1,numeric__USM2_joint_base_revolute_q0_q2_mean_abs_velocity,0.01615777587713722
random_forest,1,numeric__USM2_pose_rel_log_dimensionless_jerk,0.015773774152978128
random_forest,1,numeric__USM3_joint_raw_path_l2,0.015609233869919074
random_forest,1,numeric__USM1_pose_rel_log_dimensionless_jerk,0.015463085482987152
random_forest,1,numeric__USM1_USM2_pose_rel_mean_abs_relative_speed,0.014875504397862283
random_forest,1,numeric__USM3_pose_rel_log_dimensionless_jerk,0.014223444961535275
random_forest,1,numeric__USM2_pose_rel_dimensionless_jerk,0.013986347215550435
random_forest,1,numeric__USM2_joint_pause_count,0.013340587522098976
random_forest,1,numeric__USM1_pose_rel_pause_duration_seconds,0.012362991085152335
random_forest,1,numeric__USM2_pose_rel_mean_speed_l2,0.012069650168163559
random_forest,1,numeric__USM0_joint_base_revolute_q0_q2_mean_abs_velocity,0.011993598922303195
random_forest,1,numeric__USM3_pose_rel_dimensionless_jerk,0.010739953782273125
random_forest,1,numeric__USM2_joint_idle_fraction_relative,0.010716297043262376
random_forest,1,numeric__USM0_joint_pause_count,0.009804003895865911
random_forest,1,numeric__all_usm_joint_path_l1_total,0.009398017925039255
random_forest,1,numeric__USM2_pose_rel_pause_count,0.00937309175254851
random_forest,1,numeric__USM1_pose_rel_rms_speed_l2,0.009128041588516335
random_forest,1,numeric__USM3_joint_mean_speed_l2,0.008797974075623428
random_forest,1,numeric__USM2_pose_rel_mean_acceleration_l2,0.008336203878066524
random_forest,1,numeric__USM2_pose_rel_mean_angular_speed_rad_s,0.008194018067208955
random_forest,1,numeric__USM2_pose_rel_idle_threshold_relative,0.007880221729387637
random_forest,1,numeric__USM2_joint_tool_roll_q4_mean_abs_velocity,0.0077585264498721265
random_forest,1,numeric__USM3_joint_rms_speed_l2,0.007717060967750039
random_forest,1,numeric__USM0_joint_idle_fraction_relative,0.007660715904798261
random_forest,1,numeric__USM1_USM2_pose_rel_both_idle_fraction,0.007597262042744459
random_forest,1,numeric__USM3_joint_max_joint_range,0.007549574738929274
random_forest,1,numeric__USM2_pose_rel_rms_speed_l2,0.007479899748892659
random_forest,1,numeric__USM0_joint_tool_roll_q4_mean_abs_velocity,0.007457756912862681
random_forest,1,numeric__USM0_joint_insertion_q3_mean_abs_velocity,0.0072924085269098415
random_forest,1,numeric__USM3_pose_rel_pause_fraction,0.007183566491630409
random_forest,1,numeric__USM1_pose_rel_max_speed_l2,0.007031904060050102
random_forest,1,numeric__USM1_joint_pause_duration_seconds,0.006613975825597013
random_forest,1,numeric__USM1_USM3_pose_rel_speed_correlation,0.006567428362315472
random_forest,1,numeric__USM2_pose_rel_mean_abs_angular_acceleration_rad_s2,0.00644233875457229
random_forest,1,numeric__USM3_joint_mean_joint_range,0.006201849376632173
random_forest,1,numeric__USM2_joint_pause_fraction,0.006159695512512417
random_forest,1,numeric__USM3_joint_max_speed_l2,0.006146595062645751
random_forest,1,numeric__USM2_pose_rel_idle_fraction_relative,0.005973198936426042
random_forest,1,numeric__USM2_pose_rel_max_jerk_l2,0.005681374791124916
random_forest,1,numeric__active_pair_one_arm_only_active_fraction,0.005457439356222849
random_forest,1,numeric__USM2_joint_insertion_q3_mean_abs_velocity,0.0054384440659724295
random_forest,1,numeric__USM2_joint_base_revolute_q0_q2_path_l1,0.005368635877975204
random_forest,1,numeric__USM1_USM2_pose_rel_mean_distance_rel,0.005222029095157049
random_forest,1,numeric__USM3_pose_rel_rms_speed_l2,0.005186298102312498
random_forest,1,numeric__USM0_joint_base_revolute_q0_q2_path_l1,0.005159378349444289
random_forest,1,numeric__USM3_pose_rel_z_range,0.00499075686325651
random_forest,1,numeric__USM3_pose_rel_rotation_determinant_mean,0.004712783382323301
random_forest,1,numeric__USM2_pose_rel_pause_fraction,0.004700450839004775
random_forest,1,numeric__USM2_pose_rel_max_speed_l2,0.004696283729140678
random_forest,1,numeric__USM1_pose_rel_max_acceleration_l2,0.004683664336113174
random_forest,1,numeric__USM1_USM2_pose_rel_max_distance_rel,0.004655568096100269
random_forest,1,numeric__USM1_pose_rel_max_jerk_l2,0.004645281310231436
random_forest,1,numeric__active_pair_simultaneous_active_fraction,0.004528424624008856
random_forest,1,numeric__USM2_USM3_pose_rel_distance_range_rel,0.004442702226916291
random_forest,1,numeric__USM0_joint_raw_path_l2,0.00441521614378949
random_forest,1,numeric__USM0_joint_insertion_q3_path_l1,0.004397685344128003
random_forest,1,numeric__USM2_joint_insertion_q3_path_l1,0.004396125747226717
random_forest,1,numeric__USM2_USM3_pose_rel_path_length_imbalance,0.0043598477090174125
random_forest,1,numeric__USM3_pose_rel_idle_fraction_relative,0.004292998074540892
random_forest,1,numeric__USM1_USM2_pose_rel_one_arm_only_active_fraction,0.004254987763499707
random_forest,1,numeric__USM0_joint_base_revolute_q0_q2_mean_range,0.004232409927723174
random_forest,1,numeric__USM2_USM3_pose_rel_simultaneous_active_fraction,0.004177692851399934
random_forest,1,numeric__USM3_pose_rel_max_speed_l2,0.004120211781718348
random_forest,1,numeric__USM3_joint_base_revolute_q0_q2_mean_range,0.004115761126632686
random_forest,1,numeric__USM3_pose_rel_economy_area_xz,0.0041092696307218155
random_forest,1,numeric__active_pair_path_length_a_rel,0.0040816808763911964
random_forest,1,numeric__USM2_pose_rel_economy_area_yz,0.0038899553543035497
random_forest,1,numeric__USM1_pose_rel_idle_threshold_relative,0.0038517299905111517
random_forest,1,numeric__USM0_joint_jerk_cost,0.0038342603557456937
random_forest,1,numeric__USM0_joint_insertion_q3_mean_range,0.0037886870575354324
random_forest,1,numeric__USM0_joint_max_speed_l2,0.003756103936780053
random_forest,1,numeric__USM3_pose_rel_max_acceleration_l2,0.003709788205506824
random_forest,1,numeric__USM2_USM3_pose_rel_both_idle_fraction,0.003663610519450421
random_forest,1,numeric__USM3_joint_base_revolute_q0_q2_path_l1,0.003593040613170155
random_forest,1,numeric__USM1_pose_rel_mean_acceleration_l2,0.0035766973294275115
random_forest,1,numeric__USM1_USM3_pose_rel_std_distance_rel,0.0035670650289625324
random_forest,1,numeric__USM3_joint_max_acceleration_l2,0.003525569498925291
random_forest,1,numeric__USM2_pose_rel_z_range,0.0035199138375113376
random_forest,1,numeric__USM3_pose_rel_mean_abs_angular_acceleration_rad_s2,0.003516532953781415
random_forest,1,numeric__USM1_pose_rel_y_range,0.0035027920307514854
random_forest,1,numeric__USM3_pose_rel_pause_count,0.003347954325588287
random_forest,1,numeric__USM2_joint_insertion_q3_mean_range,0.0033276483777359258
random_forest,1,numeric__USM3_joint_tool_roll_q4_mean_abs_velocity,0.0032957746346787536
random_forest,1,numeric__USM2_pose_rel_economy_area_xy,0.003295596133323078
random_forest,1,numeric__USM2_pose_rel_max_acceleration_l2,0.0032611158531598797
random_forest,1,numeric__USM2_joint_max_speed_l2,0.0032532564587903
random_forest,1,numeric__USM2_USM3_pose_rel_one_arm_only_active_fraction,0.0032050048875634633
random_forest,1,numeric__USM0_joint_tool_roll_q4_path_l1,0.00319169522710381
random_forest,1,numeric__USM0_joint_movement_economy,0.003178065310181629
random_forest,1,numeric__USM3_pose_rel_economy_area_xy,0.0031764523853291377
random_forest,1,numeric__USM2_USM3_pose_rel_speed_correlation,0.0031659267035302
random_forest,1,numeric__USM1_pose_rel_rotation_determinant_mean,0.003160912776912469
random_forest,1,numeric__USM1_USM2_pose_rel_std_distance_rel,0.003157133163960647
random_forest,1,numeric__USM1_joint_pause_fraction,0.003140747929129849
random_forest,1,numeric__USM1_USM2_pose_rel_min_distance_rel,0.0031247147391971985
random_forest,1,numeric__USM1_joint_movement_economy,0.00312470364848242
random_forest,1,numeric__USM1_USM2_pose_rel_speed_correlation,0.0031241225082693862
random_forest,1,numeric__active_pair_speed_correlation,0.003117654324901366
random_forest,1,numeric__USM0_joint_max_acceleration_l2,0.00311428121888993
random_forest,1,numeric__USM1_pose_rel_economy_area_xy,0.0031116907072667797
random_forest,1,numeric__USM1_USM3_pose_rel_distance_range_rel,0.003094442272356309
random_forest,1,numeric__active_pair_path_length_imbalance,0.0030551837167751067
random_forest,1,numeric__USM1_USM3_pose_rel_one_arm_only_active_fraction,0.0030302008622098767
random_forest,1,numeric__USM2_pose_rel_x_range,0.0030239883231392545
random_forest,1,numeric__USM1_USM2_pose_rel_simultaneous_active_fraction,0.0030122666708143945
random_forest,1,numeric__USM2_pose_rel_rotation_path_radians,0.003009549926896278
random_forest,1,numeric__USM2_pose_rel_raw_path_l2,0.0030061978978453354
random_forest,1,numeric__USM1_joint_base_revolute_q0_q2_mean_range,0.0029895424397646587
random_forest,1,numeric__USM1_pose_rel_pause_count,0.0029817275184927626
random_forest,1,numeric__USM1_joint_insertion_q3_path_l1,0.002961162843354484
random_forest,1,numeric__USM3_pose_rel_max_jerk_l2,0.002952808192981525
random_forest,1,numeric__USM1_USM3_pose_rel_simultaneous_active_fraction,0.00292803668192541
random_forest,1,numeric__USM1_USM3_pose_rel_both_idle_fraction,0.0029134597694201224
random_forest,1,numeric__USM0_joint_max_jerk_l2,0.002889773754781764
random_forest,1,numeric__USM2_pose_rel_economy_volume,0.002880728085393597
random_forest,1,numeric__active_pair_mean_distance_rel,0.0028713622590845365
random_forest,1,numeric__all_psm_pose_rel_path_total,0.002857666385350425
random_forest,1,numeric__USM0_joint_rms_speed_l2,0.002815293326199772
random_forest,1,numeric__USM1_pose_rel_pause_fraction,0.0027988816567591046
random_forest,1,numeric__USM2_joint_jerk_cost,0.002786436787604262
random_forest,1,numeric__USM3_pose_rel_x_range,0.002723117607360484
random_forest,1,numeric__USM3_pose_rel_economy_volume,0.002714679212529387
random_forest,1,numeric__USM1_USM3_pose_rel_min_distance_rel,0.0027111814323725497
random_forest,1,numeric__USM1_pose_rel_economy_volume,0.0026680958565376885
random_forest,1,numeric__USM1_USM3_pose_rel_path_length_imbalance,0.0026640976410668136
random_forest,1,numeric__USM1_pose_rel_z_range,0.002645406264882472
random_forest,1,numeric__USM1_USM3_pose_rel_mean_distance_rel,0.002643843960282543
random_forest,1,numeric__USM2_pose_rel_max_abs_angular_acceleration_rad_s2,0.0026433413888364934
random_forest,1,numeric__USM1_USM2_pose_rel_distance_range_rel,0.0026290340865497974
random_forest,1,numeric__USM3_pose_rel_mean_speed_l2,0.0025952392802072377
random_forest,1,numeric__USM1_joint_insertion_q3_mean_abs_velocity,0.0025709445035973
random_forest,1,numeric__USM2_joint_base_revolute_q0_q2_mean_range,0.0025635429583464567
random_forest,1,numeric__USM2_joint_movement_economy,0.002556073390549584
random_forest,1,numeric__USM3_pose_rel_workspace_box_volume,0.0025165917488314034
random_forest,1,numeric__USM2_pose_rel_movement_economy,0.0025155212776127728
random_forest,1,numeric__USM3_pose_rel_max_abs_angular_acceleration_rad_s2,0.0024901868742893936
random_forest,1,numeric__active_pair_both_idle_fraction,0.002459821246931982
random_forest,1,numeric__USM1_joint_pause_count,0.0024580860637098243
random_forest,1,numeric__USM0_joint_mean_speed_l2,0.002457627576733177
random_forest,1,numeric__USM3_pose_rel_pause_duration_seconds,0.002445528294391942
random_forest,1,numeric__USM2_joint_max_abs_joint_velocity,0.002438403837591351
random_forest,1,numeric__USM0_joint_net_displacement_l2,0.0024329701060710834
random_forest,1,numeric__USM1_joint_idle_fraction_relative,0.0024293362651985565
random_forest,1,numeric__USM1_pose_rel_jerk_cost,0.0024108072234883234
random_forest,1,numeric__USM3_joint_idle_fraction_relative,0.0024106176802524033
random_forest,1,numeric__USM1_pose_rel_idle_fraction_relative,0.0023763000366897316
random_forest,1,numeric__USM2_pose_rel_economy_area_xz,0.0023677791408748456
random_forest,1,numeric__USM3_pose_rel_movement_economy,0.002357814074751536
random_forest,1,numeric__USM1_pose_rel_x_range,0.002342936579330323
random_forest,1,numeric__USM2_joint_max_jerk_l2,0.002337348263676398
random_forest,1,numeric__USM1_pose_rel_net_displacement_l2,0.0023349720398364226
random_forest,1,numeric__USM3_pose_rel_jerk_cost,0.0023164123084658816
random_forest,1,numeric__USM2_USM3_pose_rel_std_distance_rel,0.0023102650438787055
random_forest,1,numeric__USM1_pose_rel_max_abs_angular_acceleration_rad_s2,0.0023062570218337934
random_forest,1,numeric__USM2_joint_mean_acceleration_l2,0.0022947396917922984
random_forest,1,numeric__USM1_joint_insertion_q3_mean_range,0.002287096507278671
random_forest,1,numeric__USM1_joint_max_abs_joint_velocity,0.0022859395437035343
random_forest,1,numeric__USM1_joint_raw_path_l2,0.0022854673027074405
random_forest,1,numeric__USM2_joint_raw_path_l2,0.0022802093957129408
random_forest,1,numeric__USM2_USM3_pose_rel_mean_distance_rel,0.002270460224679434
random_forest,1,numeric__USM2_pose_rel_jerk_cost,0.002263617647436425
random_forest,1,numeric__USM2_joint_mean_joint_range,0.0022301039580174694
random_forest,1,numeric__USM2_pose_rel_rotation_determinant_mean,0.00222545917798232
random_forest,1,numeric__USM2_pose_rel_max_angular_speed_rad_s,0.0022246797224972597
random_forest,1,numeric__USM2_joint_mean_abs_joint_velocity,0.0022229885659287786
random_forest,1,numeric__USM1_joint_base_revolute_q0_q2_mean_abs_velocity,0.00220307108666764
random_forest,1,numeric__USM2_pose_rel_net_displacement_l2,0.002184616741959784
random_forest,1,numeric__USM2_joint_max_acceleration_l2,0.0021843578450904686
random_forest,1,numeric__USM3_joint_movement_economy,0.0021792653136026466
random_forest,1,numeric__USM3_pose_rel_max_angular_speed_rad_s,0.0021788189688637686
random_forest,1,numeric__USM0_joint_mean_acceleration_l2,0.002171017972300621
random_forest,1,numeric__USM1_USM3_pose_rel_max_distance_rel,0.002161507833905755
random_forest,1,numeric__USM1_pose_rel_economy_area_xz,0.0021458610657206904
random_forest,1,numeric__USM1_joint_max_jerk_l2,0.00212205420277572
random_forest,1,numeric__USM1_joint_max_acceleration_l2,0.002121184433965684
random_forest,1,numeric__USM3_pose_rel_mean_angular_speed_rad_s,0.002088280413894285
random_forest,1,numeric__USM2_joint_idle_threshold_relative,0.002073065599980665
random_forest,1,numeric__USM2_joint_net_displacement_l2,0.002049635018349946
random_forest,1,numeric__USM2_joint_mean_speed_l2,0.0020339298449190612
random_forest,1,numeric__USM2_pose_rel_y_range,0.002033383331165879
random_forest,1,numeric__USM1_joint_net_displacement_l2,0.002001596051608955
random_forest,1,numeric__USM2_joint_max_joint_range,0.0020011729004864565
random_forest,1,numeric__USM1_pose_rel_raw_path_l2,0.0020010577330037403
random_forest,1,numeric__USM2_joint_tool_roll_q4_path_l1,0.001984683599054217
random_forest,1,numeric__USM1_joint_max_joint_range,0.001975176990252822
random_forest,1,numeric__USM1_joint_jerk_cost,0.0019728818780388882
random_forest,1,numeric__USM3_pose_rel_economy_area_yz,0.0019281376439788049
random_forest,1,numeric__USM3_pose_rel_net_displacement_l2,0.001908246512136239
random_forest,1,numeric__USM1_pose_rel_workspace_box_volume,0.0019000836754306896
random_forest,1,numeric__USM3_pose_rel_y_range,0.0018964814447629548
random_forest,1,numeric__USM1_joint_base_revolute_q0_q2_path_l1,0.0018905976772028987
random_forest,1,numeric__USM1_pose_rel_rotation_path_radians,0.0018767402624607378
random_forest,1,numeric__USM1_pose_rel_mean_speed_l2,0.0018364337326235644
random_forest,1,numeric__USM1_pose_rel_max_angular_speed_rad_s,0.001780006292196234
random_forest,1,numeric__USM0_joint_tool_roll_q4_mean_range,0.0017684698692826688
random_forest,1,numeric__USM3_pose_rel_rotation_path_radians,0.0017503049513072299
random_forest,1,numeric__USM3_joint_net_displacement_l2,0.0017417137913454375
random_forest,1,numeric__USM0_joint_idle_threshold_relative,0.001734105266913287
random_forest,1,numeric__USM0_joint_max_joint_range,0.0017204445238819188
random_forest,1,numeric__USM0_joint_distal_q5_q9_mean_range,0.0017127309183463614
random_forest,1,numeric__USM2_pose_rel_workspace_box_volume,0.001648221216417662
random_forest,1,numeric__USM1_pose_rel_economy_area_yz,0.0016389796617672797
random_forest,1,numeric__USM1_joint_max_speed_l2,0.0015994419671983406
random_forest,1,numeric__USM2_joint_distal_q5_q9_mean_range,0.0015247700333146411
random_forest,1,numeric__USM1_joint_tool_roll_q4_mean_abs_velocity,0.00151684201327331
random_forest,1,numeric__USM3_pose_rel_raw_path_l2,0.0014874091534770033
random_forest,1,numeric__USM1_joint_distal_q5_q9_mean_range,0.001456353184359878
random_forest,1,numeric__USM1_joint_tool_roll_q4_path_l1,0.0014454875031133004
random_forest,1,numeric__USM3_joint_insertion_q3_path_l1,0.0014255790400321642
random_forest,1,numeric__USM1_joint_mean_joint_range,0.0013885754818074234
random_forest,1,numeric__USM1_USM2_pose_rel_path_length_imbalance,0.0013600604739247072
random_forest,1,numeric__USM1_pose_rel_mean_abs_angular_acceleration_rad_s2,0.0013266834394701896
random_forest,1,numeric__USM2_joint_rms_speed_l2,0.0013206012123788504
random_forest,1,numeric__USM1_joint_idle_threshold_relative,0.0012806149164022317
random_forest,1,numeric__USM3_joint_base_revolute_q0_q2_mean_abs_velocity,0.001273861503011556
random_forest,1,numeric__USM1_pose_rel_movement_economy,0.001237525902475119
random_forest,1,numeric__USM1_pose_rel_mean_angular_speed_rad_s,0.0012111310660402068
random_forest,1,numeric__USM3_pose_rel_idle_threshold_relative,0.001206843007880734
random_forest,1,task__task_clean_suture,0.0011014242645390484
random_forest,1,numeric__USM3_joint_insertion_q3_mean_abs_velocity,0.0010548642403801116
random_forest,1,numeric__USM1_joint_mean_speed_l2,0.001050613972305076
random_forest,1,numeric__USM0_joint_max_gap_seconds,0.0010323114478240942
random_forest,1,numeric__USM0_joint_mean_joint_range,0.0010204921452703379
random_forest,1,numeric__USM1_joint_mean_acceleration_l2,0.0009935712310687203
random_forest,1,numeric__USM3_joint_insertion_q3_mean_range,0.0004953215323516949
random_forest,1,numeric__USM1_USM2_pose_rel_alignment_coverage,0.0003991818071693073
random_forest,1,task__task_clean_ring_rollercoaster,0.00013935787298471715
random_forest,1,task__task_clean_sea_spikes,6.880714779474425e-05
random_forest,1,task__task_clean_glove_cut,6.089095790191235e-05
random_forest,1,numeric__USM3_joint_pause_duration_seconds,4.260840793859507e-05
random_forest,1,numeric__USM3_joint_pause_count,3.285537300482828e-05
random_forest,1,task__task_clean_camera_target,2.3475566512059334e-05
random_forest,1,numeric__active_pair_usm_a,1.5149665090349785e-05
random_forest,1,numeric__USM0_joint_median_dt_seconds,0.0
random_forest,1,numeric__USM1_pose_rel_active,0.0
random_forest,1,numeric__active_psm_count,0.0
random_forest,1,numeric__active_pair_usm_b,0.0
random_forest,2,numeric__USM3_joint_distal_q5_q9_mean_range,0.058053623898437295
random_forest,2,numeric__USM2_pose_rel_log_dimensionless_jerk,0.0514078241506006
random_forest,2,numeric__USM2_pose_rel_dimensionless_jerk,0.03899316698424274
random_forest,2,numeric__USM2_pose_rel_pause_duration_seconds,0.03591082111616995
random_forest,2,numeric__USM2_joint_insertion_q3_mean_abs_velocity,0.03550678595406095
random_forest,2,numeric__USM2_joint_pause_duration_seconds,0.0329838784074434
random_forest,2,numeric__USM3_joint_raw_path_l2,0.02834506283444951
random_forest,2,numeric__USM1_USM2_pose_rel_one_arm_only_active_fraction,0.024344186019844533
random_forest,2,numeric__USM2_joint_base_revolute_q0_q2_mean_abs_velocity,0.023643049370748865
random_forest,2,numeric__USM1_USM2_pose_rel_both_idle_fraction,0.02263037110243603
random_forest,2,numeric__USM2_pose_rel_mean_angular_speed_rad_s,0.019432876502073888
random_forest,2,numeric__USM3_joint_mean_joint_range,0.01715485183090455
random_forest,2,numeric__USM1_pose_rel_max_speed_l2,0.017099870796208904
random_forest,2,numeric__USM2_pose_rel_mean_speed_l2,0.01502309978506817
random_forest,2,numeric__duration_seconds,0.013770944128105879
random_forest,2,numeric__USM3_pose_rel_rotation_determinant_mean,0.011206189627355598
random_forest,2,numeric__USM0_joint_pause_duration_seconds,0.010940195098885538
random_forest,2,numeric__USM1_USM2_pose_rel_mean_abs_relative_speed,0.010495278345871122
random_forest,2,numeric__USM2_pose_rel_raw_path_l2,0.009647379286843899
random_forest,2,numeric__USM2_joint_tool_roll_q4_mean_abs_velocity,0.008995649785725422
random_forest,2,numeric__USM1_pose_rel_log_dimensionless_jerk,0.008288203250982985
random_forest,2,numeric__USM2_joint_movement_economy,0.00749818308662907
random_forest,2,numeric__active_pair_min_distance_rel,0.007346063145405562
random_forest,2,numeric__USM1_pose_rel_max_acceleration_l2,0.0071449894725752194
random_forest,2,numeric__USM3_pose_rel_pause_fraction,0.006611609167124717
random_forest,2,numeric__USM3_pose_rel_idle_fraction_relative,0.006566424696936187
random_forest,2,numeric__USM3_joint_max_speed_l2,0.006552269857131153
random_forest,2,numeric__USM1_joint_pause_duration_seconds,0.0065511705653058
random_forest,2,numeric__USM1_pose_rel_rotation_determinant_mean,0.0065277791431522635
random_forest,2,numeric__active_pair_path_length_a_rel,0.006258666745697888
random_forest,2,numeric__USM1_pose_rel_pause_duration_seconds,0.006135426408849418
random_forest,2,numeric__USM1_pose_rel_max_jerk_l2,0.006042397902787181
random_forest,2,numeric__USM2_USM3_pose_rel_path_length_imbalance,0.006022012026083584
random_forest,2,numeric__active_pair_simultaneous_active_fraction,0.005990315892595411
random_forest,2,numeric__USM1_pose_rel_dimensionless_jerk,0.005685462875605398
random_forest,2,numeric__USM2_joint_base_revolute_q0_q2_path_l1,0.005561516507135901
random_forest,2,numeric__USM0_joint_insertion_q3_mean_range,0.005530587852555531
random_forest,2,numeric__USM2_pose_rel_mean_abs_angular_acceleration_rad_s2,0.0053603408711081196
random_forest,2,numeric__USM1_USM3_pose_rel_speed_correlation,0.005350470457869047
random_forest,2,numeric__USM0_joint_base_revolute_q0_q2_path_l1,0.005321633289296247
random_forest,2,numeric__USM1_USM3_pose_rel_max_distance_rel,0.005294308389779235
random_forest,2,numeric__USM3_joint_max_joint_range,0.0052525489022124195
random_forest,2,numeric__USM2_joint_pause_fraction,0.005205741667469218
random_forest,2,numeric__USM0_joint_jerk_cost,0.005188939565989814
random_forest,2,numeric__USM2_pose_rel_rms_speed_l2,0.005168670403468794
random_forest,2,numeric__USM3_joint_tool_roll_q4_path_l1,0.004891819953724155
random_forest,2,numeric__all_usm_joint_path_l1_total,0.004891049829651199
random_forest,2,numeric__USM2_joint_idle_fraction_relative,0.004871180699494671
random_forest,2,numeric__USM0_joint_raw_path_l2,0.00481987046196641
random_forest,2,numeric__USM1_USM3_pose_rel_std_distance_rel,0.004628441624968711
random_forest,2,numeric__USM2_joint_mean_abs_joint_velocity,0.00455064416744385
random_forest,2,numeric__USM0_joint_insertion_q3_path_l1,0.004471810324048875
random_forest,2,numeric__USM2_pose_rel_economy_area_xy,0.004439688764396651
random_forest,2,numeric__USM2_pose_rel_idle_threshold_relative,0.004275823641844296
random_forest,2,numeric__USM3_pose_rel_log_dimensionless_jerk,0.004267904797604405
random_forest,2,numeric__USM0_joint_base_revolute_q0_q2_mean_abs_velocity,0.004251392840956721
random_forest,2,numeric__USM2_pose_rel_y_range,0.004002907370821641
random_forest,2,numeric__USM1_pose_rel_pause_count,0.0039894951757802445
random_forest,2,numeric__USM3_pose_rel_z_range,0.0038995155226448073
random_forest,2,numeric__USM2_USM3_pose_rel_mean_distance_rel,0.0038545284441106817
random_forest,2,numeric__active_pair_path_length_imbalance,0.003711930112237066
random_forest,2,numeric__USM0_joint_rms_speed_l2,0.0037100256558032854
random_forest,2,numeric__USM2_pose_rel_mean_acceleration_l2,0.0036909450603962953
random_forest,2,numeric__USM0_joint_tool_roll_q4_mean_abs_velocity,0.003677504498380216
random_forest,2,numeric__USM2_USM3_pose_rel_min_distance_rel,0.0036553500143528934
random_forest,2,numeric__all_psm_pose_rel_path_total,0.0034176143819881592
random_forest,2,numeric__USM3_pose_rel_dimensionless_jerk,0.0033548649340123457
random_forest,2,numeric__USM2_pose_rel_economy_volume,0.0033198504072311746
random_forest,2,numeric__USM3_pose_rel_jerk_cost,0.0033127427858913178
random_forest,2,numeric__USM1_joint_max_abs_joint_velocity,0.0032999640450247806
random_forest,2,numeric__USM1_pose_rel_max_abs_angular_acceleration_rad_s2,0.003287613126524761
random_forest,2,numeric__USM2_pose_rel_workspace_box_volume,0.003244728628189937
random_forest,2,numeric__USM2_pose_rel_z_range,0.003241541332906504
random_forest,2,numeric__USM0_joint_distal_q5_q9_mean_range,0.0032332979045673095
random_forest,2,numeric__USM2_joint_max_jerk_l2,0.003181988574449026
random_forest,2,numeric__USM3_joint_mean_speed_l2,0.003088971680073761
random_forest,2,numeric__USM1_USM3_pose_rel_path_length_imbalance,0.0030398941863320115
random_forest,2,numeric__USM1_USM3_pose_rel_simultaneous_active_fraction,0.0030110708899636776
random_forest,2,numeric__USM1_USM2_pose_rel_simultaneous_active_fraction,0.0029929416550057413
random_forest,2,numeric__USM3_pose_rel_max_speed_l2,0.0029478686747370043
random_forest,2,numeric__USM1_USM2_pose_rel_mean_distance_rel,0.0029432053045182678
random_forest,2,numeric__USM1_joint_max_acceleration_l2,0.0029178033166936458
random_forest,2,numeric__USM1_USM3_pose_rel_distance_range_rel,0.002848615040968412
random_forest,2,numeric__USM2_pose_rel_idle_fraction_relative,0.002747042527066604
random_forest,2,numeric__USM1_joint_net_displacement_l2,0.0027185477018415163
random_forest,2,numeric__USM3_pose_rel_y_range,0.0027035688797541757
random_forest,2,numeric__USM2_joint_insertion_q3_mean_range,0.0026940766485942036
random_forest,2,numeric__USM0_joint_idle_fraction_relative,0.0026280250756953918
random_forest,2,numeric__USM2_pose_rel_pause_count,0.0026077838526662915
random_forest,2,numeric__USM1_USM3_pose_rel_one_arm_only_active_fraction,0.0025984995592417317
random_forest,2,numeric__USM1_joint_distal_q5_q9_mean_range,0.002593381757371127
random_forest,2,numeric__USM2_joint_insertion_q3_path_l1,0.0025906321872054
random_forest,2,numeric__USM3_joint_base_revolute_q0_q2_path_l1,0.0025462485732121497
random_forest,2,numeric__USM1_joint_insertion_q3_mean_range,0.002528248973272694
random_forest,2,numeric__USM3_pose_rel_pause_count,0.002514794816971942
random_forest,2,numeric__USM2_joint_pause_count,0.0025120358920835755
random_forest,2,numeric__USM2_USM3_pose_rel_both_idle_fraction,0.002488718176957656
random_forest,2,numeric__USM2_pose_rel_movement_economy,0.0024356296249996618
random_forest,2,numeric__USM2_pose_rel_economy_area_xz,0.002421108174102912
random_forest,2,numeric__USM2_pose_rel_net_displacement_l2,0.002412899632676553
random_forest,2,numeric__USM2_pose_rel_max_speed_l2,0.002350590098939891
random_forest,2,numeric__USM1_USM2_pose_rel_std_distance_rel,0.002330760371446648
random_forest,2,numeric__USM1_USM3_pose_rel_mean_distance_rel,0.0022557013399537446
random_forest,2,numeric__USM2_joint_tool_roll_q4_path_l1,0.002213979803163401
random_forest,2,numeric__USM1_pose_rel_economy_area_xz,0.0021996592366623534
random_forest,2,numeric__USM2_pose_rel_max_abs_angular_acceleration_rad_s2,0.002180111051447694
random_forest,2,numeric__USM1_USM2_pose_rel_speed_correlation,0.0021635758717375325
random_forest,2,numeric__USM0_joint_base_revolute_q0_q2_mean_range,0.0021406635615960554
random_forest,2,numeric__USM1_pose_rel_economy_area_xy,0.0021395404499630426
random_forest,2,numeric__USM3_pose_rel_economy_area_xy,0.0021035345389529055
random_forest,2,numeric__USM1_pose_rel_rms_speed_l2,0.00209143517279586
random_forest,2,numeric__USM3_pose_rel_rms_speed_l2,0.0020851162421459
random_forest,2,numeric__USM1_joint_max_jerk_l2,0.00208027049749026
random_forest,2,numeric__USM3_joint_rms_speed_l2,0.0020534409702106207
random_forest,2,numeric__USM2_joint_mean_joint_range,0.002041824277509773
random_forest,2,numeric__USM0_joint_movement_economy,0.002024880907988469
random_forest,2,numeric__USM1_USM2_pose_rel_max_distance_rel,0.0020144894726997005
random_forest,2,numeric__USM1_joint_pause_count,0.0020016049158633966
random_forest,2,numeric__USM3_joint_max_acceleration_l2,0.002000428421920038
random_forest,2,numeric__USM1_pose_rel_z_range,0.0019845773044289542
random_forest,2,numeric__USM2_joint_max_joint_range,0.0019815695886065414
random_forest,2,numeric__USM1_joint_movement_economy,0.0019389316665413348
random_forest,2,numeric__active_pair_mean_distance_rel,0.0019098011190729024
random_forest,2,numeric__USM1_pose_rel_max_angular_speed_rad_s,0.0019074912158647435
random_forest,2,numeric__USM0_joint_max_speed_l2,0.0019047432933089197
random_forest,2,numeric__USM1_USM2_pose_rel_distance_range_rel,0.0018913298169344025
random_forest,2,numeric__USM3_pose_rel_max_acceleration_l2,0.001867050004433053
random_forest,2,numeric__USM0_joint_max_jerk_l2,0.0018473837031090395
random_forest,2,numeric__USM2_USM3_pose_rel_std_distance_rel,0.0018388214495833912
random_forest,2,numeric__USM2_USM3_pose_rel_speed_correlation,0.001825105002628777
random_forest,2,numeric__USM2_joint_mean_acceleration_l2,0.0018232522575569714
random_forest,2,numeric__USM2_pose_rel_max_acceleration_l2,0.001822772835571723
random_forest,2,numeric__active_pair_speed_correlation,0.0018210522629121182
random_forest,2,numeric__USM3_joint_tool_roll_q4_mean_abs_velocity,0.001812256368852808
random_forest,2,numeric__USM0_joint_mean_joint_range,0.0017991572873757313
random_forest,2,numeric__USM2_pose_rel_economy_area_yz,0.0017774605292455372
random_forest,2,numeric__USM1_pose_rel_y_range,0.0017504756132891033
random_forest,2,numeric__USM3_pose_rel_max_abs_angular_acceleration_rad_s2,0.001719188203451066
random_forest,2,numeric__USM0_joint_max_acceleration_l2,0.0016926776914524093
random_forest,2,numeric__USM1_USM2_pose_rel_min_distance_rel,0.0016895188388301786
random_forest,2,numeric__USM3_pose_rel_economy_volume,0.0016635892751265292
random_forest,2,numeric__active_pair_one_arm_only_active_fraction,0.001648477981126048
random_forest,2,numeric__USM0_joint_pause_count,0.0016484021744813534
random_forest,2,numeric__USM1_pose_rel_idle_fraction_relative,0.0015945458931532397
random_forest,2,numeric__USM0_joint_net_displacement_l2,0.0015929493409308107
random_forest,2,numeric__USM1_joint_idle_fraction_relative,0.0015894141352295536
random_forest,2,numeric__USM1_joint_base_revolute_q0_q2_mean_range,0.0015795540647196588
random_forest,2,numeric__USM2_pose_rel_jerk_cost,0.0015751565720342055
random_forest,2,numeric__USM2_joint_raw_path_l2,0.0015743479728323303
random_forest,2,numeric__USM3_joint_insertion_q3_path_l1,0.0015673820564599315
random_forest,2,numeric__USM1_joint_max_speed_l2,0.0015663315486333796
random_forest,2,numeric__USM1_USM3_pose_rel_both_idle_fraction,0.001560315342701006
random_forest,2,numeric__USM2_joint_net_displacement_l2,0.001551416908591948
random_forest,2,numeric__active_pair_both_idle_fraction,0.001550426610404431
random_forest,2,numeric__USM2_USM3_pose_rel_simultaneous_active_fraction,0.00154678929652335
random_forest,2,numeric__USM3_joint_base_revolute_q0_q2_mean_range,0.0015462892039000598
random_forest,2,numeric__USM1_joint_max_joint_range,0.0015297020151474594
random_forest,2,numeric__USM2_pose_rel_rotation_determinant_mean,0.001525666918987899
random_forest,2,numeric__USM1_pose_rel_workspace_box_volume,0.001520439996435395
random_forest,2,numeric__USM2_joint_rms_speed_l2,0.0015198800463715179
random_forest,2,numeric__USM2_joint_base_revolute_q0_q2_mean_range,0.0015188809466648015
random_forest,2,numeric__USM0_joint_insertion_q3_mean_abs_velocity,0.0014483493229864488
random_forest,2,numeric__USM3_pose_rel_workspace_box_volume,0.0014471757052861602
random_forest,2,numeric__USM3_pose_rel_net_displacement_l2,0.0014075338424861692
random_forest,2,numeric__USM1_pose_rel_movement_economy,0.0013711606299198478
random_forest,2,numeric__USM2_pose_rel_x_range,0.0013584901247820928
random_forest,2,numeric__USM1_joint_pause_fraction,0.0013508976270344556
random_forest,2,numeric__USM1_joint_base_revolute_q0_q2_path_l1,0.001341821929078033
random_forest,2,numeric__USM3_pose_rel_economy_area_xz,0.0013243176659962197
random_forest,2,numeric__USM0_joint_mean_acceleration_l2,0.001310489549882916
random_forest,2,numeric__USM1_joint_jerk_cost,0.0013020518054958372
random_forest,2,numeric__USM3_joint_idle_fraction_relative,0.0012915934831971773
random_forest,2,numeric__USM2_USM3_pose_rel_one_arm_only_active_fraction,0.0012858819603178118
random_forest,2,numeric__USM3_pose_rel_pause_duration_seconds,0.0012627925485254596
random_forest,2,numeric__USM1_pose_rel_x_range,0.0012546617013694692
random_forest,2,numeric__USM1_pose_rel_economy_volume,0.0012422013480189132
random_forest,2,numeric__USM2_joint_idle_threshold_relative,0.0012370905422243704
random_forest,2,numeric__USM1_joint_tool_roll_q4_path_l1,0.0012323842650710528
random_forest,2,numeric__USM1_pose_rel_pause_fraction,0.0011977421856465107
random_forest,2,numeric__USM1_USM2_pose_rel_path_length_imbalance,0.0011967630167283904
random_forest,2,numeric__USM1_pose_rel_idle_threshold_relative,0.001195513907938168
random_forest,2,numeric__USM2_joint_distal_q5_q9_mean_range,0.0011849067937416793
random_forest,2,numeric__USM1_pose_rel_economy_area_yz,0.0011280227270967043
random_forest,2,numeric__USM3_joint_net_displacement_l2,0.001126267022730153
random_forest,2,numeric__USM2_pose_rel_max_angular_speed_rad_s,0.0011141629977427536
random_forest,2,numeric__USM1_pose_rel_net_displacement_l2,0.0010962023686639651
random_forest,2,numeric__USM3_pose_rel_movement_economy,0.001094736635959768
random_forest,2,numeric__USM1_USM3_pose_rel_min_distance_rel,0.0010854984258067558
random_forest,2,numeric__USM0_joint_max_joint_range,0.0010703580343502485
random_forest,2,numeric__USM3_pose_rel_rotation_path_radians,0.0010637702155094867
random_forest,2,numeric__USM2_joint_max_acceleration_l2,0.001051500801495364
random_forest,2,numeric__USM1_joint_raw_path_l2,0.0010470891984932854
random_forest,2,numeric__USM2_USM3_pose_rel_distance_range_rel,0.0010406671981400611
random_forest,2,numeric__USM3_pose_rel_x_range,0.0010235293560114864
random_forest,2,numeric__USM3_pose_rel_mean_speed_l2,0.0010231646140419217
random_forest,2,numeric__USM3_joint_movement_economy,0.001009466462251106
random_forest,2,numeric__USM0_joint_tool_roll_q4_path_l1,0.0009968629893665583
random_forest,2,numeric__USM0_joint_tool_roll_q4_mean_range,0.000986768188195929
random_forest,2,numeric__USM3_pose_rel_mean_abs_angular_acceleration_rad_s2,0.0009535429915746704
random_forest,2,numeric__USM2_joint_max_speed_l2,0.0009264545974629983
random_forest,2,numeric__USM0_joint_idle_threshold_relative,0.0009126555245016205
random_forest,2,numeric__USM2_pose_rel_max_jerk_l2,0.0008815515712491185
random_forest,2,numeric__USM2_pose_rel_rotation_path_radians,0.0008731774395121965
random_forest,2,numeric__USM2_joint_jerk_cost,0.0008266888202322603
random_forest,2,task__task_clean_sea_spikes,0.0008156180862673095
random_forest,2,numeric__USM1_USM2_pose_rel_alignment_coverage,0.0007860245311664265
random_forest,2,numeric__USM1_pose_rel_mean_angular_speed_rad_s,0.0007710143165487833
random_forest,2,numeric__USM0_joint_max_gap_seconds,0.0007367803215366655
random_forest,2,numeric__USM1_joint_idle_threshold_relative,0.0006986421662781234
random_forest,2,numeric__USM2_joint_max_abs_joint_velocity,0.0006901801564749199
random_forest,2,numeric__USM0_joint_mean_speed_l2,0.0006823051185141902
random_forest,2,numeric__USM3_pose_rel_mean_angular_speed_rad_s,0.0006761812672239678
random_forest,2,numeric__USM1_joint_insertion_q3_path_l1,0.0006724729036212473
random_forest,2,numeric__USM1_pose_rel_mean_acceleration_l2,0.0006400766894218735
random_forest,2,numeric__USM3_pose_rel_raw_path_l2,0.0006359842706999239
random_forest,2,numeric__USM3_pose_rel_max_angular_speed_rad_s,0.0006049094818921274
random_forest,2,numeric__USM1_joint_insertion_q3_mean_abs_velocity,0.0005915643584352226
random_forest,2,numeric__USM2_joint_mean_speed_l2,0.0005597640461298216
random_forest,2,numeric__USM1_joint_mean_speed_l2,0.0005535505072018163
random_forest,2,numeric__USM1_pose_rel_jerk_cost,0.0005410262965302024
random_forest,2,numeric__USM1_joint_base_revolute_q0_q2_mean_abs_velocity,0.0004908328217478295
random_forest,2,numeric__USM1_pose_rel_mean_speed_l2,0.0004885504101206875
random_forest,2,numeric__USM1_joint_mean_acceleration_l2,0.0004829593840625045
random_forest,2,numeric__USM1_pose_rel_mean_abs_angular_acceleration_rad_s2,0.00042980938968088323
random_forest,2,task__task_clean_suture,0.00042097819622827735
random_forest,2,numeric__USM1_pose_rel_rotation_path_radians,0.0003990367309022204
random_forest,2,numeric__USM1_joint_tool_roll_q4_mean_abs_velocity,0.00037019256967117637
random_forest,2,numeric__USM3_joint_base_revolute_q0_q2_mean_abs_velocity,0.00033820156563112635
random_forest,2,numeric__USM3_pose_rel_economy_area_yz,0.0003185630968544886
random_forest,2,numeric__USM1_pose_rel_raw_path_l2,0.0003074075577496941
random_forest,2,numeric__USM1_joint_mean_joint_range,0.00030670591740081964
random_forest,2,numeric__USM3_joint_insertion_q3_mean_range,9.448638989784677e-05
random_forest,2,numeric__USM3_pose_rel_idle_threshold_relative,9.061135899201419e-05
random_forest,2,task__task_clean_ring_rollercoaster,8.410711159137213e-05
random_forest,2,numeric__USM3_joint_insertion_q3_mean_abs_velocity,6.195496263855493e-05
random_forest,2,numeric__USM3_joint_pause_duration_seconds,5.658473316633309e-06
random_forest,2,task__task_clean_camera_target,4.93644023421388e-06
random_forest,2,numeric__active_pair_usm_b,4.281232376535507e-06
random_forest,2,numeric__USM3_joint_pause_count,2.950168632316943e-06
random_forest,2,task__task_clean_glove_cut,1.0569595791877735e-06
random_forest,2,numeric__USM0_joint_median_dt_seconds,0.0
random_forest,2,numeric__USM1_pose_rel_active,0.0
random_forest,2,numeric__active_pair_usm_a,0.0
random_forest,3,numeric__USM2_pose_rel_mean_angular_speed_rad_s,0.02760109712430921
random_forest,3,numeric__USM2_pose_rel_dimensionless_jerk,0.023614329464164092
random_forest,3,numeric__USM2_joint_pause_duration_seconds,0.023256747414130474
random_forest,3,numeric__USM2_pose_rel_pause_duration_seconds,0.0225546550621634
random_forest,3,numeric__USM1_pose_rel_log_dimensionless_jerk,0.02158356346432427
random_forest,3,numeric__duration_seconds,0.021062924279303234
random_forest,3,numeric__USM2_joint_base_revolute_q0_q2_mean_abs_velocity,0.020533806100003226
random_forest,3,numeric__USM1_pose_rel_dimensionless_jerk,0.020389201386239928
random_forest,3,numeric__USM3_joint_raw_path_l2,0.017637040712309163
random_forest,3,numeric__USM3_joint_distal_q5_q9_mean_range,0.01751591257279014
random_forest,3,numeric__USM1_USM2_pose_rel_mean_abs_relative_speed,0.01702578234011526
random_forest,3,numeric__USM0_joint_pause_duration_seconds,0.01502321023860274
random_forest,3,numeric__USM2_pose_rel_log_dimensionless_jerk,0.014557652416428084
random_forest,3,numeric__USM2_joint_tool_roll_q4_mean_abs_velocity,0.01406347071077823
random_forest,3,numeric__USM1_USM2_pose_rel_both_idle_fraction,0.012382536932302976
random_forest,3,numeric__USM2_pose_rel_mean_abs_angular_acceleration_rad_s2,0.011403122448853305
random_forest,3,numeric__USM2_pose_rel_mean_acceleration_l2,0.011126887206755713
random_forest,3,numeric__USM2_joint_insertion_q3_mean_abs_velocity,0.011071576911571377
random_forest,3,numeric__USM0_joint_base_revolute_q0_q2_mean_abs_velocity,0.010577156835609128
random_forest,3,numeric__USM2_joint_pause_count,0.009607896401357372
random_forest,3,numeric__USM1_USM2_pose_rel_one_arm_only_active_fraction,0.009472725634119165
random_forest,3,numeric__USM3_pose_rel_log_dimensionless_jerk,0.009462655249798939
random_forest,3,numeric__USM2_pose_rel_idle_threshold_relative,0.009460277511027486
random_forest,3,numeric__USM1_pose_rel_pause_duration_seconds,0.009138620086784304
random_forest,3,numeric__USM3_joint_tool_roll_q4_path_l1,0.008837115141797861
random_forest,3,numeric__USM3_joint_mean_joint_range,0.008636549496506614
random_forest,3,numeric__USM2_pose_rel_mean_speed_l2,0.008623214897232093
random_forest,3,numeric__USM2_pose_rel_rms_speed_l2,0.008487122175770316
random_forest,3,numeric__USM0_joint_insertion_q3_mean_abs_velocity,0.008282030474557483
random_forest,3,numeric__USM1_pose_rel_rms_speed_l2,0.00761084492999438
random_forest,3,numeric__USM3_pose_rel_pause_count,0.00716880599914041
random_forest,3,numeric__USM1_joint_pause_duration_seconds,0.00716358434313984
random_forest,3,numeric__USM2_joint_idle_fraction_relative,0.006788339203279859
random_forest,3,numeric__USM2_joint_pause_fraction,0.006732432712698468
random_forest,3,numeric__USM3_pose_rel_dimensionless_jerk,0.006684912439586449
random_forest,3,numeric__all_usm_joint_path_l1_total,0.006635532734129743
random_forest,3,numeric__USM0_joint_pause_count,0.006580542620974961
random_forest,3,numeric__USM1_pose_rel_max_speed_l2,0.0064291994966473144
random_forest,3,numeric__USM0_joint_idle_fraction_relative,0.006405275796495084
random_forest,3,numeric__USM1_pose_rel_max_acceleration_l2,0.006325663252912966
random_forest,3,numeric__USM0_joint_raw_path_l2,0.005780459617507661
random_forest,3,numeric__USM3_pose_rel_mean_speed_l2,0.005708394273730459
random_forest,3,numeric__USM3_joint_max_speed_l2,0.005609173287615949
random_forest,3,numeric__USM0_joint_jerk_cost,0.005555113569168033
random_forest,3,numeric__USM1_pose_rel_idle_threshold_relative,0.0054594836445704216
random_forest,3,numeric__USM0_joint_tool_roll_q4_mean_abs_velocity,0.0053858175317364415
random_forest,3,numeric__USM0_joint_base_revolute_q0_q2_path_l1,0.005362532846709756
random_forest,3,numeric__USM0_joint_insertion_q3_path_l1,0.005304172471619116
random_forest,3,numeric__USM1_USM3_pose_rel_speed_correlation,0.005283199207971666
random_forest,3,numeric__USM3_pose_rel_rotation_determinant_mean,0.005162942501688843
random_forest,3,numeric__USM2_pose_rel_pause_fraction,0.005028267829199849
random_forest,3,numeric__USM1_pose_rel_rotation_determinant_mean,0.0046005544492300505
random_forest,3,numeric__USM2_pose_rel_idle_fraction_relative,0.004380355963024914
random_forest,3,numeric__active_pair_path_length_a_rel,0.00437890542426763
random_forest,3,numeric__USM1_USM3_pose_rel_distance_range_rel,0.004323710163311981
random_forest,3,numeric__USM2_joint_base_revolute_q0_q2_path_l1,0.004245132349343298
random_forest,3,numeric__USM1_pose_rel_mean_acceleration_l2,0.0041948528106013
random_forest,3,numeric__USM1_USM3_pose_rel_max_distance_rel,0.004113892616963745
random_forest,3,numeric__USM3_joint_base_revolute_q0_q2_path_l1,0.004108064413735835
random_forest,3,numeric__USM2_pose_rel_pause_count,0.004078689082088935
random_forest,3,numeric__USM2_USM3_pose_rel_both_idle_fraction,0.004018397568354716
random_forest,3,numeric__USM0_joint_insertion_q3_mean_range,0.004018155641213904
random_forest,3,numeric__USM1_pose_rel_economy_area_xy,0.003958196495721675
random_forest,3,numeric__USM3_pose_rel_z_range,0.003958110127744569
random_forest,3,numeric__USM1_joint_pause_fraction,0.003910271996444976
random_forest,3,numeric__USM2_joint_insertion_q3_path_l1,0.003904866756834477
random_forest,3,numeric__USM2_joint_mean_speed_l2,0.0038492045582697986
random_forest,3,numeric__USM3_pose_rel_rms_speed_l2,0.003786511490395127
random_forest,3,numeric__USM2_joint_mean_abs_joint_velocity,0.003741123919763357
random_forest,3,numeric__USM3_pose_rel_pause_fraction,0.0037250531788411883
random_forest,3,numeric__USM1_pose_rel_pause_count,0.0036413502610661516
random_forest,3,numeric__USM1_USM3_pose_rel_std_distance_rel,0.0036285327779122883
random_forest,3,numeric__USM2_USM3_pose_rel_one_arm_only_active_fraction,0.0035396005484170396
random_forest,3,numeric__USM3_pose_rel_max_angular_speed_rad_s,0.0034760634339847047
random_forest,3,numeric__active_pair_simultaneous_active_fraction,0.0034746272984225463
random_forest,3,numeric__USM1_USM3_pose_rel_min_distance_rel,0.003444881282107675
random_forest,3,numeric__USM1_USM2_pose_rel_min_distance_rel,0.0034306249717613512
random_forest,3,numeric__USM3_pose_rel_economy_area_xz,0.0033960188547062778
random_forest,3,numeric__active_pair_both_idle_fraction,0.0033492673752303324
random_forest,3,numeric__USM2_pose_rel_z_range,0.003301083133651102
random_forest,3,numeric__active_pair_one_arm_only_active_fraction,0.0032887410741217486
random_forest,3,numeric__USM3_joint_base_revolute_q0_q2_mean_range,0.0032541768315093827
random_forest,3,numeric__USM2_pose_rel_raw_path_l2,0.0032490813165407095
random_forest,3,numeric__USM0_joint_base_revolute_q0_q2_mean_range,0.0032202392073381473
random_forest,3,numeric__USM1_joint_net_displacement_l2,0.0032181301249299657
random_forest,3,numeric__USM1_joint_max_speed_l2,0.003197091201236799
random_forest,3,numeric__USM1_pose_rel_max_abs_angular_acceleration_rad_s2,0.0031789510222627023
random_forest,3,numeric__USM1_USM2_pose_rel_mean_distance_rel,0.00316621535991995
random_forest,3,numeric__USM1_pose_rel_mean_speed_l2,0.0031603468350876736
random_forest,3,numeric__USM1_USM3_pose_rel_path_length_imbalance,0.003080561753403142
random_forest,3,numeric__active_pair_mean_distance_rel,0.0030776792508703517
random_forest,3,numeric__USM1_pose_rel_max_angular_speed_rad_s,0.0030546129364116006
random_forest,3,numeric__USM1_USM3_pose_rel_both_idle_fraction,0.003053948677560926
random_forest,3,numeric__USM1_joint_max_jerk_l2,0.003046903621368728
random_forest,3,numeric__USM3_pose_rel_max_abs_angular_acceleration_rad_s2,0.003019126920354025
random_forest,3,numeric__USM1_joint_base_revolute_q0_q2_mean_abs_velocity,0.002965466478723138
random_forest,3,numeric__USM1_pose_rel_jerk_cost,0.0029611394831274996
random_forest,3,numeric__USM1_pose_rel_economy_area_xz,0.0029473678264317605
random_forest,3,numeric__USM3_pose_rel_idle_fraction_relative,0.0029471551660279214
random_forest,3,numeric__USM2_USM3_pose_rel_simultaneous_active_fraction,0.0029310769208057553
random_forest,3,numeric__active_pair_speed_correlation,0.0029300008028423563
random_forest,3,numeric__USM2_joint_movement_economy,0.002903737298142865
random_forest,3,numeric__USM3_pose_rel_max_acceleration_l2,0.0029016228794579596
random_forest,3,numeric__USM2_USM3_pose_rel_mean_distance_rel,0.0029002619217205093
random_forest,3,numeric__USM0_joint_tool_roll_q4_path_l1,0.0028995404065575167
random_forest,3,numeric__USM1_pose_rel_rotation_path_radians,0.002879760626159154
random_forest,3,numeric__USM0_joint_movement_economy,0.00287200429834151
random_forest,3,numeric__USM2_joint_insertion_q3_mean_range,0.0028695438671138
random_forest,3,numeric__USM1_USM2_pose_rel_std_distance_rel,0.0028616152434361077
random_forest,3,numeric__USM2_pose_rel_jerk_cost,0.002859865788560254
random_forest,3,numeric__USM3_joint_movement_economy,0.0028489320517155266
random_forest,3,numeric__USM2_pose_rel_economy_area_xz,0.0028174449760707157
random_forest,3,numeric__USM1_joint_insertion_q3_mean_range,0.0028113088057006978
random_forest,3,numeric__USM1_joint_base_revolute_q0_q2_mean_range,0.0028040987916932783
random_forest,3,numeric__USM2_pose_rel_net_displacement_l2,0.00279098450023875
random_forest,3,numeric__USM2_USM3_pose_rel_speed_correlation,0.002734698197963393
random_forest,3,numeric__USM1_joint_idle_fraction_relative,0.002732674490925482
random_forest,3,numeric__USM2_pose_rel_economy_area_xy,0.0027122896178051917
random_forest,3,numeric__USM1_USM3_pose_rel_one_arm_only_active_fraction,0.0027051443321738024
random_forest,3,numeric__USM0_joint_mean_speed_l2,0.0026816905779737297
random_forest,3,numeric__USM0_joint_max_acceleration_l2,0.0026745489406806784
random_forest,3,numeric__USM2_pose_rel_rotation_path_radians,0.002654601985648343
random_forest,3,numeric__USM0_joint_max_jerk_l2,0.0026124457832585285
random_forest,3,numeric__USM2_pose_rel_workspace_box_volume,0.002608508397261542
random_forest,3,numeric__USM1_joint_pause_count,0.002576822678402403
random_forest,3,numeric__USM0_joint_mean_acceleration_l2,0.00257621247432618
random_forest,3,numeric__USM2_pose_rel_max_acceleration_l2,0.002559170993667723
random_forest,3,numeric__all_psm_pose_rel_path_total,0.002546840472517793
random_forest,3,numeric__USM1_pose_rel_pause_fraction,0.002497710388275732
random_forest,3,numeric__USM2_joint_distal_q5_q9_mean_range,0.002490270049106717
random_forest,3,numeric__USM3_pose_rel_pause_duration_seconds,0.002481963495132937
random_forest,3,numeric__USM1_joint_distal_q5_q9_mean_range,0.002464136879440052
random_forest,3,numeric__USM3_pose_rel_net_displacement_l2,0.0024619930928405152
random_forest,3,numeric__USM1_USM3_pose_rel_mean_distance_rel,0.0024468871718589563
random_forest,3,numeric__USM1_USM2_pose_rel_path_length_imbalance,0.0024309542893676743
random_forest,3,numeric__USM1_joint_jerk_cost,0.002412334475734409
random_forest,3,numeric__USM2_joint_mean_joint_range,0.00239050830332133
random_forest,3,numeric__USM2_USM3_pose_rel_std_distance_rel,0.002375495170162835
random_forest,3,numeric__USM1_USM2_pose_rel_max_distance_rel,0.0023448222769519825
random_forest,3,numeric__USM1_joint_tool_roll_q4_path_l1,0.0023352044353151143
random_forest,3,numeric__USM3_joint_max_joint_range,0.0023339658671907523
random_forest,3,numeric__USM2_pose_rel_max_speed_l2,0.00233245565983514
random_forest,3,numeric__USM1_joint_mean_joint_range,0.002298509642479015
random_forest,3,numeric__USM2_joint_mean_acceleration_l2,0.0022780407957867467
random_forest,3,numeric__USM1_joint_max_abs_joint_velocity,0.002277093663956345
random_forest,3,numeric__USM2_pose_rel_economy_area_yz,0.002273532108897999
random_forest,3,numeric__USM2_joint_raw_path_l2,0.002271569584742292
random_forest,3,numeric__USM3_pose_rel_y_range,0.0022549179722203953
random_forest,3,numeric__USM2_pose_rel_max_angular_speed_rad_s,0.0022461408341035026
random_forest,3,numeric__USM2_joint_idle_threshold_relative,0.0022215658299813215
random_forest,3,numeric__USM1_pose_rel_z_range,0.002200375244765134
random_forest,3,numeric__USM0_joint_max_speed_l2,0.0021934747602566575
random_forest,3,numeric__USM1_joint_max_acceleration_l2,0.00218403658164598
random_forest,3,numeric__USM2_joint_base_revolute_q0_q2_mean_range,0.002165139466075756
random_forest,3,numeric__USM1_joint_base_revolute_q0_q2_path_l1,0.0021614391823596805
random_forest,3,numeric__USM2_pose_rel_y_range,0.0021475815636061925
random_forest,3,numeric__USM1_joint_movement_economy,0.002143604103010008
random_forest,3,numeric__USM1_USM2_pose_rel_distance_range_rel,0.002139556792933654
random_forest,3,numeric__USM1_pose_rel_net_displacement_l2,0.0021305123361107683
random_forest,3,numeric__USM1_pose_rel_economy_volume,0.0020979725094730692
random_forest,3,numeric__USM1_pose_rel_idle_fraction_relative,0.0020941145312130243
random_forest,3,numeric__USM1_pose_rel_y_range,0.0020887026496966225
random_forest,3,numeric__USM2_joint_max_jerk_l2,0.002078954420101871
random_forest,3,numeric__USM0_joint_rms_speed_l2,0.0020643355172642115
random_forest,3,numeric__USM3_pose_rel_idle_threshold_relative,0.002062520592550798
random_forest,3,numeric__USM3_joint_net_displacement_l2,0.002055149857216877
random_forest,3,numeric__USM0_joint_tool_roll_q4_mean_range,0.002046550247728938
random_forest,3,numeric__USM2_joint_net_displacement_l2,0.002043645394621833
random_forest,3,numeric__USM2_pose_rel_max_jerk_l2,0.002034649117835411
random_forest,3,numeric__USM2_pose_rel_rotation_determinant_mean,0.002033290704674611
random_forest,3,numeric__USM3_pose_rel_mean_abs_angular_acceleration_rad_s2,0.0020307250785762125
random_forest,3,numeric__USM3_joint_rms_speed_l2,0.0020051440229387103
random_forest,3,numeric__USM3_pose_rel_economy_area_xy,0.0019919676298561857
random_forest,3,numeric__USM1_joint_raw_path_l2,0.001968615235943206
random_forest,3,numeric__USM1_USM2_pose_rel_speed_correlation,0.001959645261099661
random_forest,3,numeric__active_pair_path_length_imbalance,0.0019555534252474467
random_forest,3,numeric__USM3_joint_tool_roll_q4_mean_abs_velocity,0.0019554853969589794
random_forest,3,numeric__USM3_pose_rel_economy_volume,0.001954528238104112
random_forest,3,numeric__USM1_USM3_pose_rel_simultaneous_active_fraction,0.0019505031747217806
random_forest,3,numeric__USM2_pose_rel_x_range,0.0019221838860749058
random_forest,3,numeric__USM3_pose_rel_workspace_box_volume,0.0018911446972524908
random_forest,3,numeric__USM1_pose_rel_workspace_box_volume,0.001867498444436107
random_forest,3,numeric__USM2_pose_rel_economy_volume,0.0018636737920572125
random_forest,3,numeric__USM3_pose_rel_mean_angular_speed_rad_s,0.0018506505727320067
random_forest,3,numeric__USM3_pose_rel_movement_economy,0.001848765554490166
random_forest,3,numeric__USM2_joint_max_acceleration_l2,0.0018229372501255474
random_forest,3,numeric__USM3_joint_insertion_q3_path_l1,0.001812816704207608
random_forest,3,numeric__USM1_pose_rel_x_range,0.0018102794630762047
random_forest,3,numeric__USM1_joint_tool_roll_q4_mean_abs_velocity,0.0017988619665906481
random_forest,3,numeric__USM2_joint_rms_speed_l2,0.001791251003636602
random_forest,3,numeric__USM2_pose_rel_max_abs_angular_acceleration_rad_s2,0.0017861118923322371
random_forest,3,numeric__USM0_joint_net_displacement_l2,0.001755546666325597
random_forest,3,numeric__USM2_USM3_pose_rel_path_length_imbalance,0.0017516353592498639
random_forest,3,numeric__USM2_USM3_pose_rel_distance_range_rel,0.0017315753302688183
random_forest,3,numeric__USM2_joint_max_joint_range,0.001710942445814376
random_forest,3,numeric__USM0_joint_idle_threshold_relative,0.0017049645347078238
random_forest,3,numeric__USM2_joint_jerk_cost,0.0017005070957081434
random_forest,3,numeric__USM1_joint_insertion_q3_mean_abs_velocity,0.001691461169597562
random_forest,3,numeric__USM0_joint_mean_joint_range,0.001678304418023363
random_forest,3,numeric__USM1_USM2_pose_rel_simultaneous_active_fraction,0.001669181373706438
random_forest,3,numeric__USM1_pose_rel_mean_angular_speed_rad_s,0.001666029676361576
random_forest,3,numeric__USM2_joint_max_speed_l2,0.0016653117178660425
random_forest,3,numeric__USM3_pose_rel_x_range,0.0016508676951969452
random_forest,3,numeric__USM3_pose_rel_raw_path_l2,0.0016171549036748287
random_forest,3,numeric__USM3_pose_rel_economy_area_yz,0.0016161370327369025
random_forest,3,numeric__USM3_pose_rel_rotation_path_radians,0.0016147993287207408
random_forest,3,numeric__USM3_pose_rel_max_speed_l2,0.0016059716568844256
random_forest,3,numeric__USM2_joint_tool_roll_q4_path_l1,0.0016016832180890974
random_forest,3,numeric__USM1_pose_rel_economy_area_yz,0.0015852755677466105
random_forest,3,numeric__USM1_pose_rel_movement_economy,0.0015681325410854706
random_forest,3,numeric__USM3_joint_mean_speed_l2,0.0015614635363166561
random_forest,3,numeric__USM1_joint_mean_acceleration_l2,0.0015443709174090313
random_forest,3,numeric__USM2_pose_rel_movement_economy,0.00154320669786679
random_forest,3,task__task_clean_suture,0.0015359641400308425
random_forest,3,numeric__USM1_joint_mean_speed_l2,0.0015248224920178957
random_forest,3,numeric__USM3_joint_idle_fraction_relative,0.0014970863655848884
random_forest,3,numeric__USM3_joint_max_acceleration_l2,0.001468300144018569
random_forest,3,numeric__USM0_joint_max_joint_range,0.0014632143283279562
random_forest,3,numeric__USM3_pose_rel_jerk_cost,0.0014421137686785968
random_forest,3,numeric__USM0_joint_distal_q5_q9_mean_range,0.0014166558534404944
random_forest,3,numeric__USM1_pose_rel_raw_path_l2,0.0013542597004404483
random_forest,3,numeric__USM2_joint_max_abs_joint_velocity,0.0012876251998227384
random_forest,3,numeric__USM3_joint_base_revolute_q0_q2_mean_abs_velocity,0.001234382680646169
random_forest,3,numeric__USM1_joint_max_joint_range,0.0011910928468897946
random_forest,3,numeric__USM1_joint_insertion_q3_path_l1,0.0011898109997902442
random_forest,3,numeric__USM1_pose_rel_mean_abs_angular_acceleration_rad_s2,0.0011116679263798543
random_forest,3,numeric__USM0_joint_max_gap_seconds,0.0008807261315474205
random_forest,3,numeric__USM1_USM2_pose_rel_alignment_coverage,0.0007717890127451426
random_forest,3,numeric__USM3_joint_insertion_q3_mean_range,0.0007487848125042032
random_forest,3,numeric__USM3_joint_insertion_q3_mean_abs_velocity,0.0004818333294625774
random_forest,3,task__task_clean_sea_spikes,0.00031024313039367527
random_forest,3,numeric__USM3_joint_pause_count,0.0002149923282516818
random_forest,3,task__task_clean_glove_cut,0.00013315738467154886
random_forest,3,task__task_clean_camera_target,6.387488494881713e-05
random_forest,3,task__task_clean_ring_rollercoaster,3.185173656779135e-05
random_forest,3,numeric__USM3_joint_pause_duration_seconds,9.702025428830026e-06
random_forest,3,numeric__USM1_pose_rel_active,2.4537263932523216e-06
random_forest,3,numeric__active_pair_usm_a,5.465415490816161e-07
random_forest,3,numeric__active_pair_usm_b,4.5222378778189075e-07
random_forest,3,numeric__USM0_joint_median_dt_seconds,0.0
random_forest,4,numeric__USM2_joint_pause_duration_seconds,0.07100380270682553
random_forest,4,numeric__USM3_joint_distal_q5_q9_mean_range,0.046545525921045265
random_forest,4,numeric__duration_seconds,0.03729974072703141
random_forest,4,numeric__USM2_pose_rel_pause_duration_seconds,0.03683676969069014
random_forest,4,numeric__USM3_joint_raw_path_l2,0.02692047040233733
random_forest,4,numeric__USM1_USM2_pose_rel_mean_abs_relative_speed,0.02567267747589079
random_forest,4,numeric__USM2_pose_rel_log_dimensionless_jerk,0.025022900115050307
random_forest,4,numeric__USM2_pose_rel_mean_angular_speed_rad_s,0.02143199691628515
random_forest,4,numeric__USM1_pose_rel_log_dimensionless_jerk,0.019604138836761605
random_forest,4,numeric__USM0_joint_pause_duration_seconds,0.017373170748964103
random_forest,4,numeric__USM2_pose_rel_mean_speed_l2,0.01691971814523746
random_forest,4,numeric__USM2_pose_rel_mean_abs_angular_acceleration_rad_s2,0.01567542109842228
random_forest,4,numeric__USM1_pose_rel_dimensionless_jerk,0.015333747039918482
random_forest,4,numeric__USM2_joint_base_revolute_q0_q2_mean_abs_velocity,0.013726773172415272
random_forest,4,numeric__USM2_pose_rel_dimensionless_jerk,0.01321583555710358
random_forest,4,numeric__all_usm_joint_path_l1_total,0.01281405478884765
random_forest,4,numeric__USM1_USM2_pose_rel_both_idle_fraction,0.011925231463006737
random_forest,4,numeric__active_pair_simultaneous_active_fraction,0.011082454674916762
random_forest,4,numeric__USM0_joint_base_revolute_q0_q2_mean_abs_velocity,0.010966638895796528
random_forest,4,numeric__USM1_pose_rel_pause_duration_seconds,0.010590553659565266
random_forest,4,numeric__USM2_joint_pause_fraction,0.009304626483929851
random_forest,4,numeric__USM2_USM3_pose_rel_min_distance_rel,0.008799467438604935
random_forest,4,numeric__USM1_pose_rel_max_speed_l2,0.008745477936848463
random_forest,4,numeric__USM2_pose_rel_raw_path_l2,0.008570409607762251
random_forest,4,numeric__USM2_joint_idle_fraction_relative,0.0077642524405250705
random_forest,4,numeric__USM3_joint_base_revolute_q0_q2_mean_range,0.007032830387758358
random_forest,4,numeric__USM3_pose_rel_log_dimensionless_jerk,0.006963150337102691
random_forest,4,numeric__USM1_USM3_pose_rel_speed_correlation,0.006872669195607373
random_forest,4,numeric__USM1_joint_jerk_cost,0.006577884631413397
random_forest,4,numeric__USM2_USM3_pose_rel_path_length_imbalance,0.006418748034138873
random_forest,4,numeric__USM2_joint_insertion_q3_mean_abs_velocity,0.0062969535133956984
random_forest,4,numeric__active_pair_min_distance_rel,0.006179467242654055
random_forest,4,numeric__USM3_joint_mean_joint_range,0.006088585856114072
random_forest,4,numeric__USM1_USM2_pose_rel_one_arm_only_active_fraction,0.00608806913799127
random_forest,4,numeric__USM2_pose_rel_rms_speed_l2,0.006016430282694109
random_forest,4,numeric__USM0_joint_raw_path_l2,0.006009363820123708
random_forest,4,numeric__active_pair_path_length_a_rel,0.005967421198461996
random_forest,4,numeric__USM2_joint_base_revolute_q0_q2_path_l1,0.005949429801136144
random_forest,4,numeric__USM3_joint_max_speed_l2,0.005895317760785902
random_forest,4,numeric__USM3_pose_rel_dimensionless_jerk,0.0058249340346306295
random_forest,4,numeric__USM1_joint_pause_duration_seconds,0.0056796709569313895
random_forest,4,numeric__USM0_joint_base_revolute_q0_q2_path_l1,0.0056624607807326255
random_forest,4,numeric__USM3_joint_jerk_cost,0.005648706953332421
random_forest,4,numeric__active_pair_mean_distance_rel,0.00556181062098556
random_forest,4,numeric__USM1_pose_rel_max_jerk_l2,0.005337306494676553
random_forest,4,numeric__USM1_USM3_pose_rel_max_distance_rel,0.005166806510044186
random_forest,4,numeric__USM0_joint_insertion_q3_mean_range,0.00488719524749071
random_forest,4,numeric__active_pair_path_length_imbalance,0.00476103592148979
random_forest,4,numeric__USM1_pose_rel_max_abs_angular_acceleration_rad_s2,0.004758389690624186
random_forest,4,numeric__USM1_pose_rel_rms_speed_l2,0.004653473336202683
random_forest,4,numeric__USM2_USM3_pose_rel_mean_distance_rel,0.004548282073978365
random_forest,4,numeric__USM3_pose_rel_pause_count,0.004484902571386818
random_forest,4,numeric__USM2_joint_tool_roll_q4_mean_abs_velocity,0.0044076099622505785
random_forest,4,numeric__USM0_joint_tool_roll_q4_mean_abs_velocity,0.004327407702449037
random_forest,4,numeric__USM3_pose_rel_pause_fraction,0.004272313691071222
random_forest,4,numeric__USM2_pose_rel_idle_threshold_relative,0.004218523367211028
random_forest,4,numeric__USM1_pose_rel_max_angular_speed_rad_s,0.004182184816253842
random_forest,4,numeric__USM1_joint_max_speed_l2,0.004178674636627045
random_forest,4,numeric__USM0_joint_jerk_cost,0.004121345336342143
random_forest,4,numeric__USM3_pose_rel_rotation_determinant_mean,0.0040597963912241885
random_forest,4,numeric__USM1_pose_rel_max_acceleration_l2,0.004035016335026297
random_forest,4,numeric__USM1_pose_rel_rotation_determinant_mean,0.003929937227825467
random_forest,4,numeric__USM2_pose_rel_mean_acceleration_l2,0.003734513488282261
random_forest,4,numeric__USM1_joint_max_abs_joint_velocity,0.0037305960733958004
random_forest,4,numeric__USM1_USM3_pose_rel_min_distance_rel,0.003678257344160016
random_forest,4,numeric__USM2_pose_rel_workspace_box_volume,0.003678211584972166
random_forest,4,numeric__USM1_USM3_pose_rel_both_idle_fraction,0.0036271266097327275
random_forest,4,numeric__USM0_joint_idle_fraction_relative,0.003598668474175047
random_forest,4,numeric__USM2_joint_mean_abs_joint_velocity,0.0035844979904815694
random_forest,4,numeric__USM1_joint_net_displacement_l2,0.0034943998441472972
random_forest,4,numeric__USM3_joint_tool_roll_q4_mean_abs_velocity,0.003454229474318174
random_forest,4,numeric__USM2_pose_rel_pause_fraction,0.0034373111825720315
random_forest,4,numeric__USM0_joint_pause_count,0.0034242724792866146
random_forest,4,numeric__USM2_USM3_pose_rel_simultaneous_active_fraction,0.003418147774489529
random_forest,4,numeric__USM0_joint_insertion_q3_path_l1,0.0033843772795568243
random_forest,4,numeric__USM3_pose_rel_idle_fraction_relative,0.0032441363973133163
random_forest,4,numeric__USM2_pose_rel_economy_area_yz,0.003228872678268216
random_forest,4,numeric__USM3_joint_tool_roll_q4_path_l1,0.0032087366085789383
random_forest,4,numeric__USM3_joint_base_revolute_q0_q2_path_l1,0.0031560898148932344
random_forest,4,numeric__USM1_USM3_pose_rel_simultaneous_active_fraction,0.0031302967537665703
random_forest,4,numeric__USM1_USM3_pose_rel_distance_range_rel,0.0031185054652116888
random_forest,4,numeric__USM0_joint_max_speed_l2,0.0030627262597524635
random_forest,4,numeric__USM1_USM2_pose_rel_distance_range_rel,0.003028493737053674
random_forest,4,numeric__USM1_USM3_pose_rel_one_arm_only_active_fraction,0.0030232204038592838
random_forest,4,numeric__USM3_pose_rel_z_range,0.0029416175170819824
random_forest,4,numeric__USM0_joint_movement_economy,0.0029020211299699756
random_forest,4,numeric__USM3_pose_rel_x_range,0.002887562364464201
random_forest,4,numeric__USM2_pose_rel_rotation_determinant_mean,0.0028116760683325826
random_forest,4,numeric__USM1_pose_rel_jerk_cost,0.0027879260034020486
random_forest,4,numeric__USM2_joint_insertion_q3_mean_range,0.0027811511417545013
random_forest,4,numeric__USM0_joint_rms_speed_l2,0.0026977818467110925
random_forest,4,numeric__USM2_pose_rel_y_range,0.002663845323823316
random_forest,4,numeric__USM3_joint_mean_speed_l2,0.0026551802076950235
random_forest,4,numeric__USM2_pose_rel_z_range,0.002604406087866991
random_forest,4,numeric__USM3_pose_rel_mean_speed_l2,0.002587133498141343
random_forest,4,numeric__USM2_joint_pause_count,0.0025824205563132778
random_forest,4,numeric__USM2_pose_rel_max_jerk_l2,0.0025562694031768776
random_forest,4,numeric__USM3_pose_rel_rms_speed_l2,0.0025443853674735335
random_forest,4,numeric__USM3_pose_rel_max_speed_l2,0.0025188449023623204
random_forest,4,numeric__USM1_USM3_pose_rel_path_length_imbalance,0.0025187435352309914
random_forest,4,numeric__USM1_pose_rel_z_range,0.002502293180000943
random_forest,4,numeric__USM1_USM2_pose_rel_mean_distance_rel,0.0024583728767384795
random_forest,4,numeric__USM0_joint_insertion_q3_mean_abs_velocity,0.0024329105825034707
random_forest,4,numeric__USM1_USM2_pose_rel_std_distance_rel,0.0024181915086511846
random_forest,4,numeric__USM2_pose_rel_economy_area_xz,0.0023879108103326335
random_forest,4,numeric__USM1_USM2_pose_rel_simultaneous_active_fraction,0.0023655725161928886
random_forest,4,numeric__USM0_joint_mean_acceleration_l2,0.002343752509527079
random_forest,4,numeric__USM2_pose_rel_max_acceleration_l2,0.0023163179763195005
random_forest,4,numeric__active_pair_speed_correlation,0.0022874826927536535
random_forest,4,numeric__USM1_joint_distal_q5_q9_mean_range,0.002264806119588202
random_forest,4,numeric__USM1_pose_rel_idle_threshold_relative,0.002253851393192392
random_forest,4,numeric__USM3_pose_rel_economy_area_xy,0.002226918923832242
random_forest,4,numeric__USM2_joint_movement_economy,0.002217606835502982
random_forest,4,numeric__USM2_joint_insertion_q3_path_l1,0.002203454442649796
random_forest,4,numeric__USM2_pose_rel_net_displacement_l2,0.0021847742379417848
random_forest,4,numeric__USM2_pose_rel_economy_volume,0.002177236885708538
random_forest,4,numeric__USM3_joint_max_acceleration_l2,0.0021160860412461763
random_forest,4,numeric__USM3_joint_idle_fraction_relative,0.0020829526298589106
random_forest,4,numeric__USM2_pose_rel_rotation_path_radians,0.0020804400821125696
random_forest,4,numeric__USM2_pose_rel_x_range,0.0020799495327071507
random_forest,4,numeric__USM3_joint_max_joint_range,0.0020562168117421726
random_forest,4,numeric__USM0_joint_max_jerk_l2,0.002023514419078226
random_forest,4,numeric__USM2_pose_rel_economy_area_xy,0.0020003349276747776
random_forest,4,numeric__USM1_USM3_pose_rel_mean_distance_rel,0.0019952909839258508
random_forest,4,numeric__USM3_pose_rel_max_acceleration_l2,0.0019475325456061118
random_forest,4,numeric__USM0_joint_base_revolute_q0_q2_mean_range,0.0019451632997018798
random_forest,4,numeric__USM1_pose_rel_pause_fraction,0.0019192997618753022
random_forest,4,numeric__USM1_pose_rel_economy_area_xy,0.0019094642836726115
random_forest,4,numeric__USM1_joint_max_jerk_l2,0.0019064104476479943
random_forest,4,numeric__USM3_joint_net_displacement_l2,0.0018843135590397124
random_forest,4,numeric__USM2_joint_mean_joint_range,0.001860429905315123
random_forest,4,numeric__USM0_joint_max_acceleration_l2,0.0018356463229215552
random_forest,4,numeric__USM2_joint_mean_acceleration_l2,0.0018052950789181246
random_forest,4,numeric__USM1_USM2_pose_rel_max_distance_rel,0.0017689511509864713
random_forest,4,numeric__USM1_pose_rel_y_range,0.0017626485808377866
random_forest,4,numeric__USM1_USM2_pose_rel_min_distance_rel,0.0017352925586255146
random_forest,4,numeric__active_pair_one_arm_only_active_fraction,0.0017289349711798125
random_forest,4,numeric__USM1_USM3_pose_rel_std_distance_rel,0.0017247454332876791
random_forest,4,numeric__USM0_joint_idle_threshold_relative,0.0017221127793875391
random_forest,4,numeric__USM1_pose_rel_economy_area_xz,0.001705701133895347
random_forest,4,numeric__USM2_pose_rel_pause_count,0.0017040882463154531
random_forest,4,numeric__USM1_joint_insertion_q3_mean_range,0.0017009877478044708
random_forest,4,numeric__USM2_pose_rel_idle_fraction_relative,0.001700646605669835
random_forest,4,numeric__USM3_pose_rel_pause_duration_seconds,0.0016797282791186459
random_forest,4,numeric__USM0_joint_tool_roll_q4_path_l1,0.0016485074034161085
random_forest,4,numeric__USM1_joint_movement_economy,0.001630864437917483
random_forest,4,numeric__USM2_USM3_pose_rel_both_idle_fraction,0.0015983406605231479
random_forest,4,numeric__USM1_pose_rel_x_range,0.0015944297511004057
random_forest,4,numeric__all_psm_pose_rel_path_total,0.0015896022689206855
random_forest,4,numeric__USM1_pose_rel_workspace_box_volume,0.0015890466766293953
random_forest,4,numeric__USM3_pose_rel_movement_economy,0.001583637822516058
random_forest,4,numeric__USM2_joint_base_revolute_q0_q2_mean_range,0.0015567431229100328
random_forest,4,numeric__USM2_USM3_pose_rel_one_arm_only_active_fraction,0.0015531953351995637
random_forest,4,numeric__USM3_pose_rel_economy_area_xz,0.0015406813356215797
random_forest,4,numeric__USM2_pose_rel_max_speed_l2,0.001528093405457084
random_forest,4,numeric__USM2_joint_net_displacement_l2,0.0015258585613375014
random_forest,4,numeric__active_pair_both_idle_fraction,0.001479340829526591
random_forest,4,numeric__USM2_joint_distal_q5_q9_mean_range,0.0014587008028573991
random_forest,4,numeric__USM2_joint_mean_speed_l2,0.001452646651768574
random_forest,4,numeric__USM1_joint_raw_path_l2,0.0014356668893060094
random_forest,4,numeric__USM2_USM3_pose_rel_speed_correlation,0.0014253798450901355
random_forest,4,numeric__USM0_joint_net_displacement_l2,0.0014130431795564202
random_forest,4,numeric__USM3_joint_insertion_q3_path_l1,0.0014102228253394763
random_forest,4,numeric__USM1_joint_mean_joint_range,0.0014101113757164247
random_forest,4,numeric__USM0_joint_distal_q5_q9_mean_range,0.0014038425336016834
random_forest,4,numeric__USM2_pose_rel_max_abs_angular_acceleration_rad_s2,0.0013727891507007799
random_forest,4,numeric__USM1_pose_rel_net_displacement_l2,0.00135542145063044
random_forest,4,numeric__USM0_joint_mean_speed_l2,0.001342692505026716
random_forest,4,numeric__USM1_joint_max_joint_range,0.0013254437255673867
random_forest,4,numeric__USM2_pose_rel_movement_economy,0.0012947770735217874
random_forest,4,numeric__USM1_USM2_pose_rel_speed_correlation,0.0012694284704677893
random_forest,4,numeric__USM0_joint_max_joint_range,0.001257474425526248
random_forest,4,numeric__USM2_pose_rel_jerk_cost,0.0012500462598791157
random_forest,4,numeric__USM1_joint_pause_fraction,0.0012409706898474664
random_forest,4,numeric__USM1_joint_max_acceleration_l2,0.0012370818562862987
random_forest,4,numeric__USM1_joint_pause_count,0.0012084504953511941
random_forest,4,numeric__USM2_joint_rms_speed_l2,0.001202342323118677
random_forest,4,numeric__USM3_pose_rel_jerk_cost,0.0012015314364653715
random_forest,4,numeric__USM1_joint_idle_fraction_relative,0.0011990333029661584
random_forest,4,numeric__USM1_joint_base_revolute_q0_q2_mean_range,0.0011887778475641935
random_forest,4,numeric__USM2_joint_max_jerk_l2,0.0011846929614478233
random_forest,4,numeric__USM2_USM3_pose_rel_distance_range_rel,0.0011821036727960499
random_forest,4,numeric__USM2_joint_max_abs_joint_velocity,0.0011586038381589988
random_forest,4,numeric__USM3_joint_movement_economy,0.0011577971140057208
random_forest,4,numeric__USM3_pose_rel_max_abs_angular_acceleration_rad_s2,0.0011198029847832827
random_forest,4,numeric__USM3_pose_rel_economy_volume,0.0011021807533905153
random_forest,4,numeric__USM2_joint_jerk_cost,0.0010857277528061736
random_forest,4,numeric__USM2_joint_max_acceleration_l2,0.0010708169379140316
random_forest,4,numeric__USM3_pose_rel_y_range,0.0010679159561116554
random_forest,4,numeric__USM1_pose_rel_pause_count,0.0010435289771696344
random_forest,4,numeric__USM2_joint_max_joint_range,0.00103786329955127
random_forest,4,numeric__USM0_joint_mean_joint_range,0.0010360284463399436
random_forest,4,numeric__USM3_pose_rel_net_displacement_l2,0.0010271138122245795
random_forest,4,numeric__USM3_pose_rel_workspace_box_volume,0.0010053935177537965
random_forest,4,numeric__USM1_pose_rel_idle_fraction_relative,0.0009771338213498445
random_forest,4,numeric__USM1_joint_insertion_q3_path_l1,0.0009742420519520235
random_forest,4,numeric__USM0_joint_tool_roll_q4_mean_range,0.0009615421253525981
random_forest,4,numeric__USM3_pose_rel_raw_path_l2,0.0009411978725214542
random_forest,4,numeric__USM2_joint_raw_path_l2,0.0009257321795306405
random_forest,4,numeric__USM2_joint_idle_threshold_relative,0.0009172149797707633
random_forest,4,numeric__USM1_pose_rel_economy_volume,0.0009167573005762245
random_forest,4,numeric__USM0_joint_max_gap_seconds,0.0009068187174834157
random_forest,4,numeric__USM2_joint_tool_roll_q4_path_l1,0.0008983352968226448
random_forest,4,numeric__USM1_joint_insertion_q3_mean_abs_velocity,0.0008902454449181696
random_forest,4,numeric__USM1_joint_mean_acceleration_l2,0.0008898747056896835
random_forest,4,numeric__USM3_pose_rel_max_angular_speed_rad_s,0.0008637512992427525
random_forest,4,numeric__USM3_joint_base_revolute_q0_q2_mean_abs_velocity,0.000855037680859222
random_forest,4,numeric__USM1_pose_rel_movement_economy,0.0008486402583767734
random_forest,4,numeric__USM3_pose_rel_mean_abs_angular_acceleration_rad_s2,0.0008308999279052491
random_forest,4,numeric__USM1_pose_rel_rotation_path_radians,0.0008178315196551211
random_forest,4,numeric__USM3_pose_rel_mean_angular_speed_rad_s,0.0008165044570765127
random_forest,4,numeric__USM2_joint_max_speed_l2,0.0008147863191020604
random_forest,4,numeric__USM3_pose_rel_rotation_path_radians,0.0008126745736517366
random_forest,4,numeric__USM1_joint_base_revolute_q0_q2_mean_abs_velocity,0.0008041552096822698
random_forest,4,numeric__USM1_joint_tool_roll_q4_mean_abs_velocity,0.0007883195351010547
random_forest,4,numeric__USM1_USM2_pose_rel_path_length_imbalance,0.0007670156961133707
random_forest,4,numeric__USM2_USM3_pose_rel_std_distance_rel,0.0007607748720760703
random_forest,4,numeric__USM2_pose_rel_max_angular_speed_rad_s,0.0007195004201285395
random_forest,4,numeric__USM1_pose_rel_mean_speed_l2,0.0006460795570762862
random_forest,4,numeric__USM1_pose_rel_mean_acceleration_l2,0.0006460101047000757
random_forest,4,numeric__USM1_joint_tool_roll_q4_path_l1,0.0005558801099357018
random_forest,4,numeric__USM1_pose_rel_mean_abs_angular_acceleration_rad_s2,0.0005032063996077823
random_forest,4,numeric__USM1_joint_base_revolute_q0_q2_path_l1,0.0004894339921274412
random_forest,4,numeric__USM3_pose_rel_idle_threshold_relative,0.0004016222648921152
random_forest,4,numeric__USM1_joint_mean_speed_l2,0.00040125888028303504
random_forest,4,numeric__USM3_joint_insertion_q3_mean_abs_velocity,0.0004003338787157673
random_forest,4,numeric__USM1_pose_rel_mean_angular_speed_rad_s,0.0003840949038393395
random_forest,4,numeric__USM1_pose_rel_economy_area_yz,0.00036247756451976003
random_forest,4,numeric__USM1_pose_rel_raw_path_l2,0.00033077097736572967
random_forest,4,numeric__USM3_pose_rel_economy_area_yz,0.00029333453023996025
random_forest,4,numeric__USM1_USM2_pose_rel_alignment_coverage,0.000266646796872718
random_forest,4,task__task_clean_suture,0.00016942205546944958
random_forest,4,numeric__USM3_joint_insertion_q3_mean_range,0.00014890803949544815
random_forest,4,task__task_clean_ring_rollercoaster,6.368830442114482e-05
random_forest,4,task__task_clean_camera_target,4.6501173812967614e-05
random_forest,4,numeric__USM3_joint_pause_duration_seconds,1.3212770999417056e-05
random_forest,4,task__task_clean_sea_spikes,2.8600359384075726e-06
random_forest,4,task__task_clean_glove_cut,1.2385574617292285e-06
random_forest,4,numeric__USM0_joint_median_dt_seconds,0.0
random_forest,4,numeric__USM3_joint_pause_count,0.0
random_forest,4,numeric__USM1_pose_rel_active,0.0
random_forest,4,numeric__active_pair_usm_a,0.0
random_forest,4,numeric__active_pair_usm_b,0.0
random_forest,5,numeric__duration_seconds,0.021749374296008546
random_forest,5,numeric__USM2_joint_pause_duration_seconds,0.021566795981613967
random_forest,5,numeric__USM2_pose_rel_pause_duration_seconds,0.020763367098915
random_forest,5,numeric__USM2_pose_rel_log_dimensionless_jerk,0.019569023896914048
random_forest,5,numeric__USM1_pose_rel_log_dimensionless_jerk,0.019354766059336517
random_forest,5,numeric__USM3_pose_rel_dimensionless_jerk,0.018609337799764838
random_forest,5,numeric__USM3_joint_raw_path_l2,0.018166826729024237
random_forest,5,numeric__USM2_pose_rel_dimensionless_jerk,0.018071229172095325
random_forest,5,numeric__USM2_pose_rel_mean_angular_speed_rad_s,0.016454208803542664
random_forest,5,numeric__USM1_pose_rel_pause_duration_seconds,0.016016871174672334
random_forest,5,numeric__USM3_pose_rel_log_dimensionless_jerk,0.015586865534441115
random_forest,5,numeric__USM1_pose_rel_dimensionless_jerk,0.015401568221874341
random_forest,5,numeric__USM2_joint_tool_roll_q4_mean_abs_velocity,0.013485399256485175
random_forest,5,numeric__USM2_joint_pause_count,0.012155184619089312
random_forest,5,numeric__USM3_joint_jerk_cost,0.012139998282662531
random_forest,5,numeric__USM0_joint_pause_duration_seconds,0.011761697961693185
random_forest,5,numeric__USM0_joint_base_revolute_q0_q2_mean_abs_velocity,0.010746932834532139
random_forest,5,numeric__USM2_pose_rel_pause_fraction,0.009869661741073243
random_forest,5,numeric__active_pair_both_idle_fraction,0.009864244060198488
random_forest,5,numeric__USM1_pose_rel_rms_speed_l2,0.00982046125001164
random_forest,5,numeric__USM2_joint_base_revolute_q0_q2_mean_abs_velocity,0.009503472093749315
random_forest,5,numeric__USM2_pose_rel_rotation_determinant_mean,0.009492216062831196
random_forest,5,numeric__USM0_joint_pause_count,0.009389574030597227
random_forest,5,numeric__USM3_joint_distal_q5_q9_mean_range,0.009232873618845883
random_forest,5,numeric__USM2_joint_idle_fraction_relative,0.009077921307963335
random_forest,5,numeric__USM2_pose_rel_rms_speed_l2,0.008802026803328977
random_forest,5,numeric__USM1_pose_rel_max_speed_l2,0.00878941484279943
random_forest,5,numeric__USM0_joint_raw_path_l2,0.00873331323319641
random_forest,5,numeric__USM1_joint_pause_duration_seconds,0.008693203305875979
random_forest,5,numeric__USM1_USM2_pose_rel_both_idle_fraction,0.008654786550340327
random_forest,5,numeric__USM1_USM2_pose_rel_mean_abs_relative_speed,0.008633424143838428
random_forest,5,numeric__USM2_pose_rel_mean_speed_l2,0.008514227189322406
random_forest,5,numeric__USM2_pose_rel_mean_abs_angular_acceleration_rad_s2,0.007729610648846429
random_forest,5,numeric__all_usm_joint_path_l1_total,0.007653997009818966
random_forest,5,numeric__USM2_joint_pause_fraction,0.007469437016192883
random_forest,5,numeric__USM3_joint_mean_joint_range,0.007282463244380535
random_forest,5,numeric__USM2_pose_rel_idle_fraction_relative,0.007129174046614454
random_forest,5,numeric__USM2_USM3_pose_rel_both_idle_fraction,0.006796240730194942
random_forest,5,numeric__USM3_pose_rel_pause_count,0.006693613039700725
random_forest,5,numeric__USM2_joint_insertion_q3_mean_abs_velocity,0.006686165278050935
random_forest,5,numeric__USM1_USM3_pose_rel_speed_correlation,0.006580332703077027
random_forest,5,numeric__USM2_pose_rel_idle_threshold_relative,0.0062659608139828855
random_forest,5,numeric__USM0_joint_base_revolute_q0_q2_path_l1,0.006115527631366504
random_forest,5,numeric__USM1_pose_rel_idle_threshold_relative,0.006049675014936323
random_forest,5,numeric__USM3_joint_tool_roll_q4_path_l1,0.005926975253246652
random_forest,5,numeric__USM1_USM2_pose_rel_distance_range_rel,0.005427362248588713
random_forest,5,numeric__USM0_joint_jerk_cost,0.0053166994389006825
random_forest,5,numeric__USM3_pose_rel_rms_speed_l2,0.005232517054810736
random_forest,5,numeric__USM0_joint_idle_fraction_relative,0.005219618409527377
random_forest,5,numeric__USM3_pose_rel_idle_threshold_relative,0.005017432360257053
random_forest,5,numeric__USM0_joint_tool_roll_q4_mean_abs_velocity,0.0050125281366041954
random_forest,5,numeric__USM1_USM2_pose_rel_mean_distance_rel,0.0049949482941500645
random_forest,5,numeric__USM2_joint_mean_acceleration_l2,0.004961063650603697
random_forest,5,numeric__USM2_pose_rel_pause_count,0.004944538632790606
random_forest,5,numeric__USM0_joint_insertion_q3_path_l1,0.004921238765052811
random_forest,5,numeric__USM2_joint_movement_economy,0.004920292824141113
random_forest,5,numeric__USM1_pose_rel_max_acceleration_l2,0.004918349184027497
random_forest,5,numeric__USM2_pose_rel_mean_acceleration_l2,0.004864913831514967
random_forest,5,numeric__USM1_USM3_pose_rel_std_distance_rel,0.004701199620713416
random_forest,5,numeric__USM0_joint_tool_roll_q4_path_l1,0.004671107470980325
random_forest,5,numeric__USM2_joint_mean_abs_joint_velocity,0.004566885878350218
random_forest,5,numeric__USM2_pose_rel_raw_path_l2,0.004471351058217458
random_forest,5,numeric__active_pair_mean_distance_rel,0.004463771126455866
random_forest,5,numeric__USM2_USM3_pose_rel_min_distance_rel,0.004384804258978542
random_forest,5,numeric__active_pair_path_length_a_rel,0.004289024588214707
random_forest,5,numeric__USM1_USM2_pose_rel_std_distance_rel,0.004258154930480751
random_forest,5,numeric__USM1_USM3_pose_rel_path_length_imbalance,0.004218156566956016
random_forest,5,numeric__USM2_pose_rel_economy_volume,0.00420517770652726
random_forest,5,numeric__USM3_pose_rel_rotation_determinant_mean,0.004149645249695385
random_forest,5,numeric__USM2_pose_rel_economy_area_xz,0.004137808797867012
random_forest,5,numeric__active_pair_one_arm_only_active_fraction,0.004110301224779008
random_forest,5,numeric__USM2_pose_rel_workspace_box_volume,0.004041488920987174
random_forest,5,numeric__USM1_joint_net_displacement_l2,0.003992192763520667
random_forest,5,numeric__active_pair_simultaneous_active_fraction,0.0039736599386700966
random_forest,5,numeric__USM1_USM3_pose_rel_mean_distance_rel,0.00396456675689203
random_forest,5,numeric__USM1_USM3_pose_rel_max_distance_rel,0.003871223210473051
random_forest,5,numeric__USM3_pose_rel_z_range,0.003860554627212027
random_forest,5,numeric__USM2_pose_rel_max_jerk_l2,0.003805323441920864
random_forest,5,numeric__USM0_joint_insertion_q3_mean_abs_velocity,0.003794605904731105
random_forest,5,numeric__USM2_pose_rel_jerk_cost,0.0037541120643463668
random_forest,5,numeric__USM2_pose_rel_z_range,0.0037396261256072683
random_forest,5,numeric__USM2_pose_rel_max_speed_l2,0.003692587182105234
random_forest,5,numeric__USM1_USM3_pose_rel_simultaneous_active_fraction,0.003584309055449846
random_forest,5,numeric__USM0_joint_insertion_q3_mean_range,0.0035510905728908717
random_forest,5,numeric__USM2_pose_rel_x_range,0.0035322528522873857
random_forest,5,numeric__USM3_pose_rel_mean_speed_l2,0.0035176621221790784
random_forest,5,numeric__USM2_joint_base_revolute_q0_q2_path_l1,0.003509763616787581
random_forest,5,numeric__USM0_joint_base_revolute_q0_q2_mean_range,0.003508950041399939
random_forest,5,numeric__USM3_pose_rel_idle_fraction_relative,0.003492689228615906
random_forest,5,numeric__USM2_joint_idle_threshold_relative,0.003350905583426658
random_forest,5,numeric__USM3_pose_rel_pause_fraction,0.0033394795821286615
random_forest,5,numeric__active_pair_min_distance_rel,0.0033329791135878408
random_forest,5,numeric__USM1_USM2_pose_rel_simultaneous_active_fraction,0.0033164751221152443
random_forest,5,numeric__USM1_USM3_pose_rel_both_idle_fraction,0.003295065637872889
random_forest,5,numeric__USM1_USM2_pose_rel_one_arm_only_active_fraction,0.0032663343774482936
random_forest,5,numeric__USM3_pose_rel_x_range,0.0032587464675979346
random_forest,5,numeric__USM2_pose_rel_y_range,0.003241942028144705
random_forest,5,numeric__USM2_joint_distal_q5_q9_mean_range,0.0031706198552009335
random_forest,5,numeric__USM3_joint_tool_roll_q4_mean_abs_velocity,0.00309625016731092
random_forest,5,numeric__USM1_pose_rel_y_range,0.0030872770620331623
random_forest,5,numeric__USM2_pose_rel_economy_area_yz,0.0030776961209866135
random_forest,5,numeric__USM2_USM3_pose_rel_mean_distance_rel,0.003066571481219778
random_forest,5,numeric__USM3_pose_rel_max_speed_l2,0.003062293190563136
random_forest,5,numeric__USM1_joint_pause_fraction,0.0030161483377235776
random_forest,5,numeric__USM2_USM3_pose_rel_speed_correlation,0.0029721772807258695
random_forest,5,numeric__USM1_USM3_pose_rel_distance_range_rel,0.002956298387575416
random_forest,5,numeric__USM1_joint_distal_q5_q9_mean_range,0.002952826649076316
random_forest,5,numeric__USM3_joint_max_speed_l2,0.0029522165117657345
random_forest,5,numeric__USM1_pose_rel_mean_acceleration_l2,0.0029433619912745397
random_forest,5,numeric__USM2_pose_rel_rotation_path_radians,0.002886412808815999
random_forest,5,numeric__USM2_pose_rel_net_displacement_l2,0.00288166095444933
random_forest,5,numeric__USM0_joint_tool_roll_q4_mean_range,0.0028759151681880014
random_forest,5,numeric__USM3_joint_base_revolute_q0_q2_mean_range,0.002840241584221373
random_forest,5,numeric__USM0_joint_distal_q5_q9_mean_range,0.0028035524139160372
random_forest,5,numeric__USM2_joint_base_revolute_q0_q2_mean_range,0.0027903879772389535
random_forest,5,numeric__USM2_USM3_pose_rel_simultaneous_active_fraction,0.0027865190501244913
random_forest,5,numeric__active_pair_path_length_imbalance,0.002782863143549188
random_forest,5,numeric__USM2_pose_rel_max_acceleration_l2,0.0027609828923199718
random_forest,5,numeric__USM3_pose_rel_max_acceleration_l2,0.0027366875699697357
random_forest,5,numeric__USM0_joint_mean_acceleration_l2,0.0026969768254725517
random_forest,5,numeric__USM1_pose_rel_z_range,0.0026847683755670793
random_forest,5,numeric__active_pair_speed_correlation,0.002648823199680202
random_forest,5,numeric__USM2_joint_tool_roll_q4_path_l1,0.002631894307946244
random_forest,5,numeric__USM1_pose_rel_economy_area_xz,0.002601477008301891
random_forest,5,numeric__USM2_joint_raw_path_l2,0.0026005054070547652
random_forest,5,numeric__USM1_joint_max_acceleration_l2,0.002589268712574045
random_forest,5,numeric__USM2_joint_mean_joint_range,0.0025872211186623094
random_forest,5,numeric__USM1_USM3_pose_rel_one_arm_only_active_fraction,0.0025767586138748457
random_forest,5,numeric__USM3_pose_rel_workspace_box_volume,0.002563756287670756
random_forest,5,numeric__USM0_joint_net_displacement_l2,0.00251433588601912
random_forest,5,numeric__USM3_pose_rel_y_range,0.0025129477192530683
random_forest,5,numeric__USM1_joint_base_revolute_q0_q2_mean_abs_velocity,0.0024994435201788905
random_forest,5,numeric__USM1_pose_rel_mean_speed_l2,0.002489608478931677
random_forest,5,numeric__USM3_joint_idle_fraction_relative,0.00248812175847128
random_forest,5,numeric__USM1_joint_base_revolute_q0_q2_mean_range,0.002476326570333859
random_forest,5,numeric__USM1_pose_rel_economy_area_xy,0.00247081143879596
random_forest,5,numeric__USM2_joint_jerk_cost,0.0024539836720441394
random_forest,5,numeric__USM0_joint_max_jerk_l2,0.002453418937260466
random_forest,5,numeric__USM2_pose_rel_movement_economy,0.0024474591301694455
random_forest,5,numeric__USM1_joint_distal_q5_q9_path_l1,0.0024138389880178036
random_forest,5,numeric__USM2_USM3_pose_rel_path_length_imbalance,0.0023668707031955756
random_forest,5,numeric__USM1_pose_rel_idle_fraction_relative,0.0023644471911113884
random_forest,5,numeric__USM3_pose_rel_jerk_cost,0.0023504566634236558
random_forest,5,numeric__USM1_USM2_pose_rel_path_length_imbalance,0.0023414933586978813
random_forest,5,numeric__USM2_USM3_pose_rel_std_distance_rel,0.0023394467099836073
random_forest,5,numeric__USM3_pose_rel_economy_area_xz,0.0023354337503395115
random_forest,5,numeric__USM1_pose_rel_max_abs_angular_acceleration_rad_s2,0.002333324116227899
random_forest,5,numeric__USM2_joint_mean_speed_l2,0.0023216446420107582
random_forest,5,numeric__USM1_pose_rel_pause_count,0.0023145746978195116
random_forest,5,numeric__USM2_joint_insertion_q3_path_l1,0.0022881962445235704
random_forest,5,numeric__USM3_pose_rel_movement_economy,0.002281394865165261
random_forest,5,numeric__USM3_joint_movement_economy,0.0022633718176410657
random_forest,5,numeric__USM2_joint_rms_speed_l2,0.002261148083562906
random_forest,5,numeric__USM3_pose_rel_net_displacement_l2,0.0022307205200104967
random_forest,5,numeric__USM1_joint_max_joint_range,0.002205159111361002
random_forest,5,numeric__USM1_joint_idle_fraction_relative,0.002193469525994047
random_forest,5,numeric__USM3_pose_rel_pause_duration_seconds,0.002193312468557481
random_forest,5,numeric__USM0_joint_movement_economy,0.002191110894568211
random_forest,5,numeric__USM1_pose_rel_economy_volume,0.002190417241137191
random_forest,5,numeric__USM1_joint_movement_economy,0.002188792659970346
random_forest,5,numeric__USM3_pose_rel_max_abs_angular_acceleration_rad_s2,0.0021491552925110985
random_forest,5,numeric__USM3_pose_rel_mean_abs_angular_acceleration_rad_s2,0.0021434695426350275
random_forest,5,numeric__USM2_pose_rel_max_angular_speed_rad_s,0.002139760634152972
random_forest,5,numeric__USM1_pose_rel_max_angular_speed_rad_s,0.0021379145323408436
random_forest,5,numeric__USM2_joint_insertion_q3_mean_range,0.0021225519683961184
random_forest,5,numeric__USM1_pose_rel_workspace_box_volume,0.0021101406040589135
random_forest,5,numeric__USM2_joint_max_speed_l2,0.0020997815969149712
random_forest,5,numeric__USM0_joint_idle_threshold_relative,0.0020914384838327635
random_forest,5,numeric__USM1_joint_max_speed_l2,0.002048350158393728
random_forest,5,numeric__USM1_pose_rel_mean_abs_angular_acceleration_rad_s2,0.0020378607666976007
random_forest,5,numeric__USM3_pose_rel_max_angular_speed_rad_s,0.0020065078774070227
random_forest,5,numeric__USM1_pose_rel_movement_economy,0.0019936947549321913
random_forest,5,numeric__USM3_joint_net_displacement_l2,0.0019919603497258217
random_forest,5,numeric__USM1_joint_max_abs_joint_velocity,0.0019884043417122015
random_forest,5,numeric__USM2_USM3_pose_rel_distance_range_rel,0.0019575691450132186
random_forest,5,numeric__USM1_USM2_pose_rel_max_distance_rel,0.0019308943859058408
random_forest,5,numeric__USM1_pose_rel_economy_area_yz,0.001925445756412127
random_forest,5,numeric__USM0_joint_max_speed_l2,0.001922009376226429
random_forest,5,numeric__USM1_joint_pause_count,0.0019191457891051538
random_forest,5,numeric__USM0_joint_max_joint_range,0.0019145466845872847
random_forest,5,numeric__USM2_joint_max_abs_joint_velocity,0.0019121284599356771
random_forest,5,numeric__USM1_pose_rel_pause_fraction,0.0018984985686209264
random_forest,5,numeric__USM3_joint_max_acceleration_l2,0.001895350371533838
random_forest,5,numeric__USM1_USM2_pose_rel_speed_correlation,0.0018713308565027906
random_forest,5,numeric__USM3_joint_base_revolute_q0_q2_path_l1,0.001862455181808284
random_forest,5,numeric__USM1_joint_tool_roll_q4_path_l1,0.0018325247476159662
random_forest,5,numeric__USM1_joint_base_revolute_q0_q2_path_l1,0.0018316802481082716
random_forest,5,numeric__USM1_USM2_pose_rel_min_distance_rel,0.0017966031717765291
random_forest,5,numeric__USM1_joint_max_jerk_l2,0.001779892320479036
random_forest,5,numeric__USM2_joint_max_acceleration_l2,0.0017741333530755007
random_forest,5,numeric__USM1_USM3_pose_rel_min_distance_rel,0.001756757827047206
random_forest,5,numeric__USM3_joint_mean_speed_l2,0.0017377911373803892
random_forest,5,numeric__USM0_joint_rms_speed_l2,0.0017313612509966016
random_forest,5,numeric__USM0_joint_mean_speed_l2,0.0016774074201588035
random_forest,5,numeric__USM0_joint_mean_joint_range,0.0016732724446777358
random_forest,5,numeric__USM1_joint_insertion_q3_mean_abs_velocity,0.001658207698055253
random_forest,5,numeric__USM3_pose_rel_economy_area_xy,0.0016527316157273503
random_forest,5,numeric__USM1_pose_rel_net_displacement_l2,0.001644364222077791
random_forest,5,numeric__USM1_joint_mean_acceleration_l2,0.001626641164808001
random_forest,5,numeric__USM1_joint_jerk_cost,0.0016163213899364063
random_forest,5,numeric__USM1_joint_insertion_q3_mean_range,0.0016108608352099728
random_forest,5,numeric__USM3_pose_rel_economy_volume,0.0015646223715904063
random_forest,5,numeric__USM2_joint_max_jerk_l2,0.0015495693114059887
random_forest,5,numeric__all_psm_pose_rel_path_total,0.0015475818445422561
random_forest,5,numeric__USM1_pose_rel_x_range,0.0015303540649302975
random_forest,5,numeric__USM2_joint_net_displacement_l2,0.0015167032235458373
random_forest,5,numeric__USM1_joint_insertion_q3_path_l1,0.0014677215833424245
random_forest,5,numeric__USM2_pose_rel_max_abs_angular_acceleration_rad_s2,0.0014154120925874043
random_forest,5,numeric__USM3_pose_rel_economy_area_yz,0.0013270812124743481
random_forest,5,numeric__USM2_joint_max_joint_range,0.0013261608908342324
random_forest,5,numeric__USM2_USM3_pose_rel_one_arm_only_active_fraction,0.0013172506874250941
random_forest,5,numeric__USM1_joint_mean_joint_range,0.0013063859357706432
random_forest,5,numeric__USM3_joint_max_joint_range,0.0012895122110060976
random_forest,5,numeric__USM3_pose_rel_mean_angular_speed_rad_s,0.0012738680244906485
random_forest,5,numeric__USM3_pose_rel_raw_path_l2,0.001267941915256897
random_forest,5,numeric__USM1_pose_rel_jerk_cost,0.0012346618577864933
random_forest,5,numeric__USM2_pose_rel_economy_area_xy,0.0011738599877214215
random_forest,5,numeric__USM1_joint_tool_roll_q4_mean_abs_velocity,0.001165515163134053
random_forest,5,numeric__USM3_joint_insertion_q3_path_l1,0.0011561472653654023
random_forest,5,numeric__USM0_joint_max_acceleration_l2,0.0011072268337713805
random_forest,5,numeric__USM1_pose_rel_rotation_path_radians,0.0010631138333457827
random_forest,5,numeric__USM1_joint_raw_path_l2,0.00104380586490851
random_forest,5,numeric__USM1_joint_rms_speed_l2,0.0010380017059563402
random_forest,5,numeric__USM1_pose_rel_rotation_determinant_mean,0.0010347988290494896
random_forest,5,numeric__USM3_pose_rel_rotation_path_radians,0.0009244989360822637
random_forest,5,numeric__USM1_joint_mean_speed_l2,0.0009192568560862219
random_forest,5,numeric__USM1_pose_rel_mean_angular_speed_rad_s,0.0007632992119671078
random_forest,5,numeric__USM3_joint_base_revolute_q0_q2_mean_abs_velocity,0.0007505626173188846
random_forest,5,numeric__USM1_pose_rel_raw_path_l2,0.0006663982329452511
random_forest,5,numeric__USM0_joint_max_gap_seconds,0.000533984272612824
random_forest,5,numeric__USM1_USM2_pose_rel_alignment_coverage,0.0005144786737783687
random_forest,5,numeric__USM3_joint_insertion_q3_mean_abs_velocity,0.0004605094407623677
random_forest,5,numeric__USM3_joint_insertion_q3_mean_range,0.0002815099267580939
random_forest,5,task__task_clean_suture,0.0002598272879954635
random_forest,5,task__task_clean_ring_rollercoaster,6.825333575561057e-05
random_forest,5,task__task_clean_camera_target,6.663084979577756e-05
random_forest,5,numeric__active_pair_usm_a,6.284722538469833e-05
random_forest,5,task__task_clean_sea_spikes,4.160511823885771e-05
random_forest,5,numeric__USM3_joint_pause_count,2.5715123321238228e-05
random_forest,5,numeric__USM0_joint_median_dt_seconds,0.0
random_forest,5,numeric__USM3_joint_pause_duration_seconds,0.0
random_forest,5,numeric__USM1_pose_rel_active,0.0
random_forest,5,numeric__active_pair_usm_b,0.0
random_forest,5,task__task_clean_glove_cut,0.0
extra_trees,1,numeric__USM2_pose_rel_pause_duration_seconds,0.01902656367010289
extra_trees,1,numeric__USM1_USM2_pose_rel_mean_abs_relative_speed,0.016322978297671608
extra_trees,1,numeric__USM2_joint_pause_duration_seconds,0.015986588532243117
extra_trees,1,numeric__USM1_pose_rel_pause_duration_seconds,0.015588881137580212
extra_trees,1,numeric__USM2_pose_rel_log_dimensionless_jerk,0.014897957107295415
extra_trees,1,task__task_clean_suture,0.013704814904033528
extra_trees,1,numeric__USM0_joint_pause_duration_seconds,0.013509051368578936
extra_trees,1,numeric__USM2_joint_base_revolute_q0_q2_mean_abs_velocity,0.013408429166134554
extra_trees,1,numeric__USM1_pose_rel_log_dimensionless_jerk,0.01299610951894173
extra_trees,1,numeric__USM3_pose_rel_log_dimensionless_jerk,0.01285094371296624
extra_trees,1,numeric__USM2_pose_rel_idle_threshold_relative,0.012796173517172896
extra_trees,1,numeric__duration_seconds,0.012709204580555236
extra_trees,1,numeric__USM0_joint_base_revolute_q0_q2_mean_abs_velocity,0.012633377620564065
extra_trees,1,numeric__USM2_pose_rel_mean_speed_l2,0.011474363159764906
extra_trees,1,numeric__USM1_joint_pause_duration_seconds,0.01138229432343896
extra_trees,1,numeric__USM2_pose_rel_mean_acceleration_l2,0.011182752788140828
extra_trees,1,numeric__USM2_pose_rel_rotation_determinant_mean,0.010727054679446745
extra_trees,1,numeric__USM3_pose_rel_rotation_determinant_mean,0.00985113277238217
extra_trees,1,numeric__USM2_pose_rel_rms_speed_l2,0.009727112152794036
extra_trees,1,numeric__USM1_pose_rel_rms_speed_l2,0.009613636466276072
extra_trees,1,numeric__USM1_pose_rel_rotation_determinant_mean,0.009599044299104634
extra_trees,1,numeric__USM2_joint_pause_count,0.009273250682136497
extra_trees,1,numeric__USM2_pose_rel_dimensionless_jerk,0.009220758333630041
extra_trees,1,numeric__USM2_joint_insertion_q3_mean_abs_velocity,0.008480015307304484
extra_trees,1,numeric__USM1_USM2_pose_rel_mean_distance_rel,0.008477362985366554
extra_trees,1,numeric__USM1_USM2_pose_rel_max_distance_rel,0.008465471030039383
extra_trees,1,numeric__USM0_joint_idle_fraction_relative,0.0081671627573218
extra_trees,1,numeric__USM0_joint_pause_count,0.00812920261854958
extra_trees,1,numeric__USM0_joint_tool_roll_q4_mean_abs_velocity,0.008043206546235556
extra_trees,1,numeric__USM1_pose_rel_idle_threshold_relative,0.007666688162828983
extra_trees,1,numeric__USM2_joint_idle_fraction_relative,0.007561097743878982
extra_trees,1,numeric__USM2_pose_rel_mean_angular_speed_rad_s,0.007440679457803623
extra_trees,1,numeric__USM2_pose_rel_pause_count,0.007417401351411145
extra_trees,1,numeric__USM3_pose_rel_pause_count,0.007038270223734811
extra_trees,1,numeric__USM3_pose_rel_dimensionless_jerk,0.00697602960738839
extra_trees,1,numeric__all_usm_joint_path_l1_total,0.006832093730612161
extra_trees,1,numeric__USM1_USM2_pose_rel_one_arm_only_active_fraction,0.0068230885363750006
extra_trees,1,numeric__USM2_pose_rel_mean_abs_angular_acceleration_rad_s2,0.006365874425040866
extra_trees,1,numeric__USM1_pose_rel_max_speed_l2,0.006264126782990469
extra_trees,1,numeric__USM2_joint_pause_fraction,0.006261333029341226
extra_trees,1,numeric__USM1_USM2_pose_rel_both_idle_fraction,0.006233432498020229
extra_trees,1,numeric__USM1_USM3_pose_rel_path_length_imbalance,0.006030366558266439
extra_trees,1,numeric__USM0_joint_raw_path_l2,0.0059939080981105865
extra_trees,1,numeric__USM2_joint_tool_roll_q4_mean_abs_velocity,0.005987997983158646
extra_trees,1,numeric__USM1_joint_base_revolute_q0_q2_mean_abs_velocity,0.005945906791702495
extra_trees,1,numeric__USM3_pose_rel_pause_fraction,0.00591599933948517
extra_trees,1,numeric__USM0_joint_insertion_q3_mean_abs_velocity,0.005897094229545336
extra_trees,1,numeric__USM0_joint_insertion_q3_mean_range,0.005883407415956852
extra_trees,1,numeric__USM0_joint_insertion_q3_path_l1,0.005779070487003176
extra_trees,1,numeric__USM3_pose_rel_idle_fraction_relative,0.0057649672018922115
extra_trees,1,numeric__USM1_joint_insertion_q3_mean_abs_velocity,0.005700572639341344
extra_trees,1,numeric__USM2_USM3_pose_rel_mean_distance_rel,0.005531585872210538
extra_trees,1,numeric__USM0_joint_jerk_cost,0.00541415457443054
extra_trees,1,numeric__USM1_pose_rel_dimensionless_jerk,0.005384120181253038
extra_trees,1,numeric__USM1_pose_rel_mean_acceleration_l2,0.0051954104320797515
extra_trees,1,numeric__USM2_joint_insertion_q3_path_l1,0.005152880196437126
extra_trees,1,numeric__USM1_USM3_pose_rel_speed_correlation,0.005150089329276425
extra_trees,1,numeric__USM3_pose_rel_mean_speed_l2,0.005147315488807078
extra_trees,1,numeric__USM2_pose_rel_raw_path_l2,0.004862988420685263
extra_trees,1,numeric__active_pair_one_arm_only_active_fraction,0.0048064868171852435
extra_trees,1,numeric__active_pair_mean_distance_rel,0.0047529512732099296
extra_trees,1,numeric__USM1_pose_rel_mean_speed_l2,0.004740811799425814
extra_trees,1,numeric__USM2_USM3_pose_rel_path_length_imbalance,0.004735667476946626
extra_trees,1,numeric__USM1_USM3_pose_rel_distance_range_rel,0.004710091414790892
extra_trees,1,numeric__USM1_pose_rel_max_acceleration_l2,0.004683806959498028
extra_trees,1,numeric__USM1_USM3_pose_rel_std_distance_rel,0.004625337724081682
extra_trees,1,numeric__USM0_joint_base_revolute_q0_q2_path_l1,0.004620181423987478
extra_trees,1,numeric__USM2_pose_rel_pause_fraction,0.0045561725916547354
extra_trees,1,numeric__USM2_pose_rel_rotation_path_radians,0.004503167288997311
extra_trees,1,numeric__USM1_USM3_pose_rel_both_idle_fraction,0.0042889017260650825
extra_trees,1,numeric__active_pair_simultaneous_active_fraction,0.0042703411088704565
extra_trees,1,numeric__USM2_joint_base_revolute_q0_q2_path_l1,0.0042377741722624184
extra_trees,1,numeric__USM1_USM3_pose_rel_one_arm_only_active_fraction,0.004210383268644141
extra_trees,1,numeric__USM2_USM3_pose_rel_simultaneous_active_fraction,0.004182145726897378
extra_trees,1,numeric__USM1_USM3_pose_rel_mean_distance_rel,0.0041182032653299125
extra_trees,1,numeric__USM0_joint_base_revolute_q0_q2_mean_range,0.004114492208355744
extra_trees,1,numeric__USM1_USM3_pose_rel_max_distance_rel,0.0040142239707724415
extra_trees,1,numeric__USM1_pose_rel_economy_volume,0.003956524418055082
extra_trees,1,numeric__USM3_pose_rel_mean_abs_angular_acceleration_rad_s2,0.003954347841080725
extra_trees,1,numeric__USM2_pose_rel_idle_fraction_relative,0.003919266295457433
extra_trees,1,numeric__USM3_pose_rel_z_range,0.0038096479700342576
extra_trees,1,numeric__USM1_pose_rel_economy_area_xz,0.00379501413539299
extra_trees,1,numeric__USM2_joint_raw_path_l2,0.0037836647670070837
extra_trees,1,numeric__active_pair_path_length_imbalance,0.00367492428219575
extra_trees,1,numeric__USM3_pose_rel_rms_speed_l2,0.0036520652046937246
extra_trees,1,numeric__USM2_USM3_pose_rel_both_idle_fraction,0.003597737523771274
extra_trees,1,numeric__USM2_joint_tool_roll_q4_path_l1,0.0035767529932626456
extra_trees,1,numeric__active_pair_path_length_a_rel,0.0035260350517938546
extra_trees,1,numeric__USM2_joint_mean_abs_joint_velocity,0.0035187581106834826
extra_trees,1,numeric__USM0_joint_tool_roll_q4_path_l1,0.003481884989874716
extra_trees,1,numeric__USM1_pose_rel_max_jerk_l2,0.0034348606462210308
extra_trees,1,numeric__USM3_joint_tool_roll_q4_mean_abs_velocity,0.0033977198790278115
extra_trees,1,numeric__USM2_joint_jerk_cost,0.0033963349691573147
extra_trees,1,numeric__USM3_joint_raw_path_l2,0.0033598423287579376
extra_trees,1,numeric__USM1_USM2_pose_rel_min_distance_rel,0.003327371755410051
extra_trees,1,numeric__USM3_pose_rel_economy_area_xy,0.0032993033228390224
extra_trees,1,numeric__USM1_pose_rel_economy_area_xy,0.0032950896166972295
extra_trees,1,numeric__USM2_pose_rel_max_acceleration_l2,0.0032909765605188906
extra_trees,1,numeric__USM1_joint_base_revolute_q0_q2_mean_range,0.003273996578529941
extra_trees,1,numeric__USM2_USM3_pose_rel_one_arm_only_active_fraction,0.00322731315774436
extra_trees,1,numeric__USM1_USM3_pose_rel_simultaneous_active_fraction,0.003204104469314322
extra_trees,1,numeric__USM2_USM3_pose_rel_std_distance_rel,0.0031905204589339877
extra_trees,1,numeric__USM3_pose_rel_max_speed_l2,0.0031841823997817015
extra_trees,1,numeric__USM1_pose_rel_economy_area_yz,0.003174377997422431
extra_trees,1,numeric__USM0_joint_mean_speed_l2,0.0031499620018177123
extra_trees,1,numeric__USM3_pose_rel_pause_duration_seconds,0.003124413384437255
extra_trees,1,numeric__USM0_joint_max_speed_l2,0.0031210465578714814
extra_trees,1,numeric__USM1_joint_net_displacement_l2,0.0030535780947976003
extra_trees,1,numeric__USM2_USM3_pose_rel_speed_correlation,0.0030416920598034113
extra_trees,1,numeric__USM1_pose_rel_y_range,0.003036379845486871
extra_trees,1,numeric__USM3_pose_rel_idle_threshold_relative,0.003030911823551352
extra_trees,1,numeric__USM2_USM3_pose_rel_distance_range_rel,0.003029169877722912
extra_trees,1,numeric__USM1_USM3_pose_rel_min_distance_rel,0.0030108207477126093
extra_trees,1,numeric__USM0_joint_max_jerk_l2,0.0029998325364896973
extra_trees,1,numeric__active_pair_speed_correlation,0.0029788154700019767
extra_trees,1,numeric__USM2_joint_insertion_q3_mean_range,0.0029618484806903937
extra_trees,1,numeric__USM2_pose_rel_max_angular_speed_rad_s,0.002960697776117793
extra_trees,1,numeric__USM1_joint_idle_fraction_relative,0.0029527206919402554
extra_trees,1,numeric__USM0_joint_rms_speed_l2,0.0029393736589493577
extra_trees,1,numeric__USM1_joint_pause_count,0.002881468597703891
extra_trees,1,numeric__USM2_joint_mean_joint_range,0.0028606488185936377
extra_trees,1,numeric__USM1_pose_rel_pause_count,0.0028601828273906436
extra_trees,1,numeric__USM2_pose_rel_z_range,0.0028600650678317725
extra_trees,1,numeric__USM3_pose_rel_max_acceleration_l2,0.0028549897837012923
extra_trees,1,numeric__USM0_joint_tool_roll_q4_mean_range,0.002826654373777756
extra_trees,1,numeric__USM0_joint_mean_acceleration_l2,0.002818497459630929
extra_trees,1,numeric__USM1_pose_rel_jerk_cost,0.0028087854278163716
extra_trees,1,numeric__active_pair_usm_a,0.002772237393482442
extra_trees,1,numeric__USM2_joint_rms_speed_l2,0.0027661736143196965
extra_trees,1,numeric__USM2_pose_rel_max_jerk_l2,0.0027559364839771622
extra_trees,1,numeric__USM2_pose_rel_x_range,0.002734702844121851
extra_trees,1,numeric__USM1_joint_max_joint_range,0.0027302140050236017
extra_trees,1,numeric__USM0_joint_idle_threshold_relative,0.0027268314565008734
extra_trees,1,numeric__USM2_pose_rel_economy_area_xz,0.002721429046938689
extra_trees,1,numeric__USM2_joint_idle_threshold_relative,0.002705922060082331
extra_trees,1,numeric__USM3_pose_rel_economy_volume,0.0026944429785834465
extra_trees,1,numeric__all_psm_pose_rel_path_total,0.002683123884912534
extra_trees,1,numeric__USM3_pose_rel_economy_area_xz,0.0026675097662117804
extra_trees,1,numeric__USM1_joint_pause_fraction,0.002652689583300312
extra_trees,1,numeric__USM1_joint_insertion_q3_mean_range,0.0026465400624573103
extra_trees,1,numeric__active_pair_both_idle_fraction,0.00264197698963075
extra_trees,1,numeric__USM2_joint_mean_acceleration_l2,0.002640154680249996
extra_trees,1,numeric__USM1_USM2_pose_rel_distance_range_rel,0.002638736776407753
extra_trees,1,numeric__USM2_pose_rel_max_speed_l2,0.0026373654129682425
extra_trees,1,numeric__USM0_joint_max_acceleration_l2,0.002633478478243821
extra_trees,1,numeric__USM1_USM2_pose_rel_std_distance_rel,0.0026044800242405407
extra_trees,1,numeric__USM3_pose_rel_mean_angular_speed_rad_s,0.002603186274903483
extra_trees,1,numeric__USM1_joint_max_acceleration_l2,0.0025770471806339504
extra_trees,1,numeric__USM3_joint_mean_speed_l2,0.0025634461976753605
extra_trees,1,numeric__USM3_joint_distal_q5_q9_mean_range,0.002552578607850884
extra_trees,1,numeric__USM2_pose_rel_economy_volume,0.0025388698416638185
extra_trees,1,numeric__USM1_joint_insertion_q3_path_l1,0.0025260577913019324
extra_trees,1,numeric__USM0_joint_movement_economy,0.002513462069198154
extra_trees,1,numeric__USM2_pose_rel_max_abs_angular_acceleration_rad_s2,0.0025042189436839356
extra_trees,1,numeric__USM1_pose_rel_raw_path_l2,0.0024929909470323176
extra_trees,1,numeric__USM3_pose_rel_max_jerk_l2,0.0024777594067644662
extra_trees,1,numeric__USM1_joint_base_revolute_q0_q2_path_l1,0.002470748088920807
extra_trees,1,numeric__USM1_pose_rel_workspace_box_volume,0.002467427182750998
extra_trees,1,numeric__USM2_joint_max_joint_range,0.002440488925154056
extra_trees,1,task__task_clean_sea_spikes,0.0024366519059727827
extra_trees,1,numeric__USM2_joint_net_displacement_l2,0.002407414896181153
extra_trees,1,numeric__USM3_pose_rel_y_range,0.0023637822671455366
extra_trees,1,numeric__USM2_joint_mean_speed_l2,0.0023592256936130953
extra_trees,1,numeric__USM1_pose_rel_idle_fraction_relative,0.0023473329394314555
extra_trees,1,numeric__USM0_joint_mean_joint_range,0.002329729483382041
extra_trees,1,numeric__USM1_pose_rel_x_range,0.0023289550122140737
extra_trees,1,numeric__USM1_pose_rel_pause_fraction,0.0023157617205910434
extra_trees,1,numeric__USM0_joint_distal_q5_q9_mean_range,0.0022999957360610233
extra_trees,1,numeric__USM3_joint_idle_fraction_relative,0.002290743480334021
extra_trees,1,numeric__USM2_joint_max_acceleration_l2,0.002276899303411318
extra_trees,1,numeric__USM3_joint_rms_speed_l2,0.002273169339204961
extra_trees,1,numeric__USM2_pose_rel_y_range,0.0022560722773906894
extra_trees,1,numeric__USM1_pose_rel_rotation_path_radians,0.0022495457226126454
extra_trees,1,numeric__USM3_pose_rel_economy_area_yz,0.002249176813328691
extra_trees,1,numeric__USM0_joint_net_displacement_l2,0.0022442858023964856
extra_trees,1,numeric__USM1_pose_rel_mean_abs_angular_acceleration_rad_s2,0.0022371605426936554
extra_trees,1,numeric__USM2_pose_rel_workspace_box_volume,0.002235050061519658
extra_trees,1,numeric__USM1_pose_rel_max_abs_angular_acceleration_rad_s2,0.002228927730286186
extra_trees,1,numeric__USM1_pose_rel_max_angular_speed_rad_s,0.0022286318223371545
extra_trees,1,numeric__USM2_pose_rel_movement_economy,0.002204635917403382
extra_trees,1,numeric__USM1_joint_movement_economy,0.002200121080981271
extra_trees,1,numeric__USM2_joint_base_revolute_q0_q2_mean_range,0.0021992513680093536
extra_trees,1,numeric__USM1_pose_rel_mean_angular_speed_rad_s,0.0021984510878303096
extra_trees,1,numeric__USM2_pose_rel_economy_area_yz,0.0021984121353817295
extra_trees,1,numeric__USM3_joint_mean_joint_range,0.002193049258926274
extra_trees,1,numeric__USM2_joint_max_speed_l2,0.0021828285527851423
extra_trees,1,numeric__USM0_joint_max_joint_range,0.0021780958415554726
extra_trees,1,numeric__USM2_pose_rel_jerk_cost,0.002160481964254309
extra_trees,1,numeric__USM2_pose_rel_economy_area_xy,0.002156849470429945
extra_trees,1,numeric__USM3_pose_rel_rotation_path_radians,0.002131971679929653
extra_trees,1,numeric__USM3_pose_rel_max_abs_angular_acceleration_rad_s2,0.002114327422188676
extra_trees,1,numeric__USM3_pose_rel_x_range,0.0021101393156092124
extra_trees,1,numeric__USM1_pose_rel_movement_economy,0.0020475175434808116
extra_trees,1,numeric__USM3_pose_rel_max_angular_speed_rad_s,0.002046580746633502
extra_trees,1,numeric__USM3_pose_rel_raw_path_l2,0.0020310828943458483
extra_trees,1,numeric__USM1_USM2_pose_rel_speed_correlation,0.0020308047643508276
extra_trees,1,numeric__USM1_pose_rel_z_range,0.0019964321086821577
extra_trees,1,numeric__USM2_joint_distal_q5_q9_mean_range,0.0019901538533568237
extra_trees,1,numeric__USM2_joint_movement_economy,0.001968094588319455
extra_trees,1,numeric__USM3_pose_rel_movement_economy,0.0019620325137164
extra_trees,1,numeric__USM3_pose_rel_workspace_box_volume,0.0019551802605601992
extra_trees,1,numeric__USM1_joint_max_abs_joint_velocity,0.0019419125070922125
extra_trees,1,numeric__USM1_pose_rel_net_displacement_l2,0.0019411944669434499
extra_trees,1,numeric__USM3_joint_insertion_q3_mean_range,0.0019022513181608843
extra_trees,1,numeric__USM1_USM2_pose_rel_simultaneous_active_fraction,0.0019009542051999187
extra_trees,1,numeric__USM2_joint_max_jerk_l2,0.0018892101719506775
extra_trees,1,numeric__USM1_joint_idle_threshold_relative,0.0018705756331751898
extra_trees,1,numeric__USM1_joint_distal_q5_q9_mean_range,0.0018617343970037147
extra_trees,1,numeric__USM2_joint_max_abs_joint_velocity,0.0018539047215719508
extra_trees,1,numeric__USM3_pose_rel_jerk_cost,0.001844518483831565
extra_trees,1,numeric__USM1_joint_raw_path_l2,0.0018246336586675398
extra_trees,1,numeric__USM1_USM2_pose_rel_path_length_imbalance,0.0017828764666536303
extra_trees,1,numeric__USM1_joint_mean_speed_l2,0.0017729153780367748
extra_trees,1,numeric__USM1_joint_mean_acceleration_l2,0.001767046886853633
extra_trees,1,numeric__USM1_joint_max_speed_l2,0.0017590937179326424
extra_trees,1,numeric__USM3_joint_max_speed_l2,0.0017460396321136464
extra_trees,1,numeric__USM1_joint_jerk_cost,0.0017442998101841077
extra_trees,1,task__task_clean_glove_cut,0.001697024592786908
extra_trees,1,numeric__USM3_joint_base_revolute_q0_q2_mean_range,0.0016882463928216136
extra_trees,1,numeric__USM1_joint_tool_roll_q4_path_l1,0.0016711565261721627
extra_trees,1,numeric__USM1_joint_max_jerk_l2,0.001627335329355369
extra_trees,1,numeric__USM2_pose_rel_net_displacement_l2,0.00160657520920925
extra_trees,1,numeric__USM3_joint_base_revolute_q0_q2_mean_abs_velocity,0.0015890995263723037
extra_trees,1,numeric__USM3_joint_movement_economy,0.0015834095761661443
extra_trees,1,task__task_clean_ring_rollercoaster,0.0015786505252659646
extra_trees,1,numeric__USM1_joint_mean_joint_range,0.0015555528352721695
extra_trees,1,numeric__USM3_joint_net_displacement_l2,0.001546300905652536
extra_trees,1,numeric__USM3_joint_insertion_q3_mean_abs_velocity,0.00153354971631827
extra_trees,1,numeric__USM3_joint_max_joint_range,0.0015132692170282099
extra_trees,1,numeric__USM0_joint_max_gap_seconds,0.0014648185059372375
extra_trees,1,numeric__USM1_joint_tool_roll_q4_mean_abs_velocity,0.0014395749500763
extra_trees,1,numeric__USM3_pose_rel_net_displacement_l2,0.0014339831989165865
extra_trees,1,numeric__USM3_joint_base_revolute_q0_q2_path_l1,0.0014008948432456102
extra_trees,1,numeric__USM3_joint_insertion_q3_path_l1,0.001355766694220419
extra_trees,1,numeric__USM3_joint_max_acceleration_l2,0.0012637388340446172
extra_trees,1,numeric__USM1_USM2_pose_rel_alignment_coverage,0.0010975685614829638
extra_trees,1,task__task_clean_camera_target,0.001089863921583734
extra_trees,1,numeric__USM3_joint_pause_count,0.00021151701765487055
extra_trees,1,numeric__USM3_joint_pause_duration_seconds,0.00013060735464536446
extra_trees,1,numeric__active_pair_usm_b,2.194226306227083e-05
extra_trees,1,numeric__USM0_joint_median_dt_seconds,0.0
extra_trees,1,numeric__active_psm_count,0.0
extra_trees,1,numeric__USM1_pose_rel_active,0.0
extra_trees,2,numeric__USM2_pose_rel_mean_speed_l2,0.035929344209670554
extra_trees,2,numeric__USM2_pose_rel_pause_duration_seconds,0.033994004591766463
extra_trees,2,numeric__USM2_joint_insertion_q3_mean_abs_velocity,0.03397960644853778
extra_trees,2,numeric__USM2_pose_rel_log_dimensionless_jerk,0.029114848457274828
extra_trees,2,numeric__USM2_pose_rel_mean_angular_speed_rad_s,0.02700840820613696
extra_trees,2,numeric__USM2_joint_pause_duration_seconds,0.022792573348772834
extra_trees,2,numeric__USM1_pose_rel_rotation_determinant_mean,0.02271373784183383
extra_trees,2,numeric__USM2_joint_base_revolute_q0_q2_mean_abs_velocity,0.02261305360917708
extra_trees,2,numeric__USM0_joint_pause_duration_seconds,0.022231194598091402
extra_trees,2,numeric__duration_seconds,0.021410558101748075
extra_trees,2,numeric__USM1_USM2_pose_rel_mean_abs_relative_speed,0.020184240170297223
extra_trees,2,numeric__USM0_joint_base_revolute_q0_q2_mean_abs_velocity,0.018368489305538742
extra_trees,2,numeric__USM1_USM2_pose_rel_both_idle_fraction,0.016339243405296945
extra_trees,2,numeric__USM1_USM2_pose_rel_one_arm_only_active_fraction,0.015264774526895748
extra_trees,2,numeric__USM1_pose_rel_pause_duration_seconds,0.013500462389792979
extra_trees,2,numeric__USM3_pose_rel_rotation_determinant_mean,0.012502656078762501
extra_trees,2,numeric__USM1_pose_rel_log_dimensionless_jerk,0.012313922138858355
extra_trees,2,numeric__USM2_pose_rel_mean_acceleration_l2,0.012280078727916428
extra_trees,2,task__task_clean_suture,0.012052388985524826
extra_trees,2,numeric__USM2_pose_rel_mean_abs_angular_acceleration_rad_s2,0.010868215756243265
extra_trees,2,numeric__USM1_pose_rel_max_speed_l2,0.010465377876395779
extra_trees,2,numeric__USM2_pose_rel_workspace_box_volume,0.009262038589267853
extra_trees,2,numeric__USM2_pose_rel_idle_threshold_relative,0.00923270016522358
extra_trees,2,numeric__USM1_pose_rel_rms_speed_l2,0.008887447207038953
extra_trees,2,numeric__USM1_joint_pause_duration_seconds,0.008784342001912741
extra_trees,2,numeric__USM2_joint_tool_roll_q4_mean_abs_velocity,0.008417512784809636
extra_trees,2,numeric__USM3_pose_rel_log_dimensionless_jerk,0.008387404195572582
extra_trees,2,numeric__USM2_joint_idle_fraction_relative,0.008352864718656143
extra_trees,2,numeric__USM1_pose_rel_max_acceleration_l2,0.006898716561639498
extra_trees,2,numeric__USM2_pose_rel_rms_speed_l2,0.006858747391201233
extra_trees,2,numeric__USM2_pose_rel_rotation_determinant_mean,0.006814707873585598
extra_trees,2,numeric__USM1_pose_rel_max_jerk_l2,0.006390061186224479
extra_trees,2,numeric__USM2_pose_rel_dimensionless_jerk,0.006284753673905536
extra_trees,2,numeric__USM2_pose_rel_raw_path_l2,0.00613526683152488
extra_trees,2,numeric__USM3_pose_rel_z_range,0.0060332361963918125
extra_trees,2,numeric__USM0_joint_jerk_cost,0.0060205550582150625
extra_trees,2,numeric__USM0_joint_base_revolute_q0_q2_path_l1,0.005988184815447045
extra_trees,2,numeric__USM2_joint_pause_fraction,0.005836103811541413
extra_trees,2,numeric__USM2_pose_rel_idle_fraction_relative,0.005774537370621883
extra_trees,2,numeric__USM0_joint_tool_roll_q4_mean_abs_velocity,0.005769473646353159
extra_trees,2,numeric__USM2_USM3_pose_rel_min_distance_rel,0.005730104856192699
extra_trees,2,numeric__active_pair_min_distance_rel,0.0056849620919242165
extra_trees,2,numeric__active_pair_mean_distance_rel,0.005673102404658306
extra_trees,2,numeric__USM1_pose_rel_idle_threshold_relative,0.005488247620803431
extra_trees,2,numeric__USM0_joint_raw_path_l2,0.005332738803882141
extra_trees,2,numeric__USM2_joint_base_revolute_q0_q2_path_l1,0.005204145977786997
extra_trees,2,numeric__USM1_USM2_pose_rel_mean_distance_rel,0.005079151305877463
extra_trees,2,numeric__USM1_USM3_pose_rel_distance_range_rel,0.005056183186651226
extra_trees,2,numeric__all_usm_joint_path_l1_total,0.005045940543121727
extra_trees,2,numeric__USM0_joint_idle_fraction_relative,0.0050037608362213095
extra_trees,2,numeric__USM2_USM3_pose_rel_path_length_imbalance,0.004939341019503139
extra_trees,2,numeric__USM3_pose_rel_pause_fraction,0.00485899367012318
extra_trees,2,numeric__USM3_pose_rel_idle_fraction_relative,0.0048191744618259645
extra_trees,2,numeric__USM2_pose_rel_pause_count,0.0048076045984188605
extra_trees,2,numeric__USM1_pose_rel_dimensionless_jerk,0.0048022558409292464
extra_trees,2,numeric__active_pair_path_length_imbalance,0.004745886347303604
extra_trees,2,numeric__USM2_USM3_pose_rel_mean_distance_rel,0.004680387326306393
extra_trees,2,numeric__USM1_USM3_pose_rel_path_length_imbalance,0.004637901118878207
extra_trees,2,numeric__USM3_pose_rel_dimensionless_jerk,0.004522092972923601
extra_trees,2,numeric__active_pair_path_length_a_rel,0.004484722238445842
extra_trees,2,numeric__USM0_joint_insertion_q3_mean_range,0.004380117030352201
extra_trees,2,numeric__USM3_joint_distal_q5_q9_mean_range,0.004261207063808025
extra_trees,2,numeric__USM1_USM3_pose_rel_max_distance_rel,0.004121764157729261
extra_trees,2,numeric__USM0_joint_insertion_q3_mean_abs_velocity,0.004093492811886533
extra_trees,2,numeric__USM0_joint_base_revolute_q0_q2_mean_range,0.003972013196266613
extra_trees,2,numeric__USM0_joint_pause_count,0.00395932425047892
extra_trees,2,numeric__USM2_joint_pause_count,0.003881772186311157
extra_trees,2,numeric__USM1_pose_rel_movement_economy,0.0037584081408840904
extra_trees,2,numeric__USM2_joint_mean_speed_l2,0.003699609046325177
extra_trees,2,numeric__USM1_USM3_pose_rel_mean_distance_rel,0.0036913546148073565
extra_trees,2,numeric__USM2_pose_rel_y_range,0.0036666387429594056
extra_trees,2,numeric__USM1_pose_rel_y_range,0.0036380732284641746
extra_trees,2,numeric__USM1_USM3_pose_rel_std_distance_rel,0.003558464471860185
extra_trees,2,numeric__USM2_pose_rel_rotation_path_radians,0.0035567508436615196
extra_trees,2,numeric__USM2_joint_insertion_q3_path_l1,0.003505313910866096
extra_trees,2,numeric__USM0_joint_insertion_q3_path_l1,0.0034959658061994078
extra_trees,2,numeric__USM2_joint_mean_abs_joint_velocity,0.003414610086112662
extra_trees,2,numeric__USM1_USM2_pose_rel_std_distance_rel,0.003364295433448568
extra_trees,2,task__task_clean_sea_spikes,0.0032720917386277137
extra_trees,2,numeric__USM0_joint_rms_speed_l2,0.0032675671757249657
extra_trees,2,numeric__USM1_USM3_pose_rel_one_arm_only_active_fraction,0.003158114805375427
extra_trees,2,numeric__active_pair_one_arm_only_active_fraction,0.003089242252414552
extra_trees,2,numeric__USM1_pose_rel_max_abs_angular_acceleration_rad_s2,0.0030447159744643056
extra_trees,2,numeric__USM1_joint_pause_count,0.0030215786899142026
extra_trees,2,numeric__USM2_joint_insertion_q3_mean_range,0.0029953075709231534
extra_trees,2,numeric__USM2_pose_rel_net_displacement_l2,0.0029492698594712034
extra_trees,2,numeric__USM1_pose_rel_jerk_cost,0.002939918347158413
extra_trees,2,numeric__USM2_joint_net_displacement_l2,0.002886145809670462
extra_trees,2,numeric__USM1_joint_movement_economy,0.0028447020781965857
extra_trees,2,numeric__USM1_USM3_pose_rel_both_idle_fraction,0.0027908377263280567
extra_trees,2,numeric__USM1_pose_rel_idle_fraction_relative,0.0027661444361449833
extra_trees,2,numeric__USM2_joint_raw_path_l2,0.0027565731679607543
extra_trees,2,numeric__USM3_pose_rel_pause_count,0.00265899096886729
extra_trees,2,numeric__active_pair_simultaneous_active_fraction,0.002630023948429219
extra_trees,2,numeric__USM1_pose_rel_pause_count,0.002629251629836485
extra_trees,2,numeric__USM1_USM2_pose_rel_max_distance_rel,0.0026184723683105276
extra_trees,2,numeric__USM3_joint_raw_path_l2,0.0025747839451802576
extra_trees,2,numeric__USM1_pose_rel_economy_area_xy,0.002554600911204483
extra_trees,2,numeric__USM3_pose_rel_max_acceleration_l2,0.0024805734665048597
extra_trees,2,numeric__USM2_pose_rel_z_range,0.002476951391390135
extra_trees,2,numeric__USM1_pose_rel_pause_fraction,0.002466102662162215
extra_trees,2,numeric__USM2_joint_movement_economy,0.0024354154441696323
extra_trees,2,numeric__USM1_USM3_pose_rel_speed_correlation,0.0023944740919948355
extra_trees,2,numeric__USM3_pose_rel_economy_area_xy,0.002379935886514357
extra_trees,2,numeric__USM3_pose_rel_pause_duration_seconds,0.0023665306837064217
extra_trees,2,numeric__USM2_USM3_pose_rel_distance_range_rel,0.002339298059338715
extra_trees,2,numeric__USM2_joint_mean_acceleration_l2,0.0023291866605182443
extra_trees,2,numeric__USM2_pose_rel_max_angular_speed_rad_s,0.0023254018452403295
extra_trees,2,numeric__USM1_pose_rel_mean_speed_l2,0.0022869046340496892
extra_trees,2,numeric__USM2_pose_rel_x_range,0.0022815734803373964
extra_trees,2,numeric__USM2_joint_rms_speed_l2,0.002268694736437027
extra_trees,2,numeric__USM2_joint_mean_joint_range,0.0022647285095079525
extra_trees,2,numeric__USM2_USM3_pose_rel_one_arm_only_active_fraction,0.002213830300612761
extra_trees,2,numeric__USM2_joint_max_speed_l2,0.002143596751227176
extra_trees,2,numeric__USM0_joint_distal_q5_q9_mean_range,0.0021405175104124937
extra_trees,2,numeric__USM2_pose_rel_max_abs_angular_acceleration_rad_s2,0.00213332021211556
extra_trees,2,numeric__USM2_pose_rel_movement_economy,0.002128815419823907
extra_trees,2,numeric__USM2_pose_rel_economy_area_xz,0.002126039296874875
extra_trees,2,numeric__USM0_joint_idle_threshold_relative,0.002115037903329298
extra_trees,2,numeric__USM1_pose_rel_economy_area_xz,0.002094225309854262
extra_trees,2,numeric__USM0_joint_net_displacement_l2,0.002086514263847812
extra_trees,2,numeric__USM1_joint_max_acceleration_l2,0.002081008180829539
extra_trees,2,numeric__USM2_pose_rel_jerk_cost,0.0020782325762356696
extra_trees,2,numeric__USM3_joint_mean_joint_range,0.0020718561284934034
extra_trees,2,numeric__USM1_USM2_pose_rel_simultaneous_active_fraction,0.0020562593401701745
extra_trees,2,numeric__USM0_joint_max_speed_l2,0.0020464841822612177
extra_trees,2,numeric__USM3_pose_rel_rms_speed_l2,0.0020340170753937285
extra_trees,2,numeric__USM3_pose_rel_y_range,0.002004604473912472
extra_trees,2,numeric__USM1_pose_rel_max_angular_speed_rad_s,0.0019924247153918473
extra_trees,2,numeric__USM3_pose_rel_idle_threshold_relative,0.001983108499132589
extra_trees,2,numeric__USM1_USM3_pose_rel_min_distance_rel,0.001980578393340979
extra_trees,2,numeric__USM0_joint_max_jerk_l2,0.001972496226235891
extra_trees,2,numeric__active_pair_both_idle_fraction,0.00192144717043909
extra_trees,2,numeric__USM1_USM3_pose_rel_simultaneous_active_fraction,0.0019204754826437722
extra_trees,2,numeric__USM1_joint_net_displacement_l2,0.0018921430005305515
extra_trees,2,numeric__USM3_pose_rel_mean_speed_l2,0.00189015160869505
extra_trees,2,numeric__USM2_joint_max_jerk_l2,0.001885066230325999
extra_trees,2,numeric__USM1_pose_rel_mean_acceleration_l2,0.001882442443249082
extra_trees,2,numeric__USM3_pose_rel_max_angular_speed_rad_s,0.0018596223027090453
extra_trees,2,numeric__active_pair_speed_correlation,0.0018326093468516115
extra_trees,2,numeric__USM2_pose_rel_economy_area_yz,0.001828111294852482
extra_trees,2,numeric__USM1_USM2_pose_rel_min_distance_rel,0.0017969329877936535
extra_trees,2,numeric__USM2_joint_idle_threshold_relative,0.0017830381792683727
extra_trees,2,numeric__USM3_joint_tool_roll_q4_path_l1,0.0017573864600696557
extra_trees,2,numeric__USM2_pose_rel_economy_area_xy,0.0017497521220977267
extra_trees,2,numeric__USM2_pose_rel_max_acceleration_l2,0.001729677223517842
extra_trees,2,numeric__USM1_joint_max_abs_joint_velocity,0.0016989146292967342
extra_trees,2,numeric__USM1_joint_max_joint_range,0.0016941017531266497
extra_trees,2,numeric__USM1_joint_insertion_q3_mean_abs_velocity,0.001683451475881423
extra_trees,2,numeric__USM0_joint_tool_roll_q4_path_l1,0.0016490134823102913
extra_trees,2,numeric__USM1_joint_base_revolute_q0_q2_mean_range,0.0016345213406983945
extra_trees,2,numeric__USM2_joint_jerk_cost,0.0016241486137625095
extra_trees,2,numeric__USM0_joint_max_acceleration_l2,0.0016112509434251406
extra_trees,2,numeric__USM2_pose_rel_economy_volume,0.001609278562844449
extra_trees,2,numeric__USM1_pose_rel_economy_volume,0.0016037593259762863
extra_trees,2,numeric__active_pair_usm_a,0.0015973228973172307
extra_trees,2,numeric__USM1_joint_idle_fraction_relative,0.001592022096380119
extra_trees,2,numeric__USM0_joint_max_gap_seconds,0.0015790275875796657
extra_trees,2,numeric__USM2_joint_tool_roll_q4_path_l1,0.0015435827450946623
extra_trees,2,numeric__USM2_USM3_pose_rel_simultaneous_active_fraction,0.0015431399878153558
extra_trees,2,numeric__USM1_USM2_pose_rel_speed_correlation,0.0015419697782586201
extra_trees,2,numeric__USM2_joint_max_acceleration_l2,0.0015379119734707204
extra_trees,2,numeric__USM3_pose_rel_max_abs_angular_acceleration_rad_s2,0.001527930512829084
extra_trees,2,numeric__USM1_pose_rel_economy_area_yz,0.0015073529907632611
extra_trees,2,numeric__USM1_joint_distal_q5_q9_mean_range,0.0014942843366883278
extra_trees,2,numeric__USM3_joint_mean_speed_l2,0.0014849853195838623
extra_trees,2,numeric__USM2_joint_max_abs_joint_velocity,0.0014846808926272913
extra_trees,2,numeric__USM0_joint_movement_economy,0.0014838948358132397
extra_trees,2,numeric__USM0_joint_mean_speed_l2,0.0014829094035900172
extra_trees,2,numeric__USM1_USM2_pose_rel_distance_range_rel,0.0014729565633114492
extra_trees,2,numeric__USM1_joint_mean_joint_range,0.0014587068871417621
extra_trees,2,numeric__USM1_joint_pause_fraction,0.0014541886600123565
extra_trees,2,numeric__USM0_joint_mean_acceleration_l2,0.0014502073425475134
extra_trees,2,numeric__USM3_pose_rel_mean_angular_speed_rad_s,0.0014422020225257058
extra_trees,2,numeric__USM1_joint_insertion_q3_mean_range,0.0014319573024510583
extra_trees,2,numeric__USM3_pose_rel_economy_area_xz,0.0014174281079456965
extra_trees,2,numeric__USM2_USM3_pose_rel_speed_correlation,0.0014135225466381828
extra_trees,2,numeric__USM3_joint_tool_roll_q4_mean_abs_velocity,0.0013891557892142987
extra_trees,2,numeric__all_psm_pose_rel_path_total,0.0013789511711237042
extra_trees,2,numeric__USM0_joint_max_joint_range,0.0013786326645539649
extra_trees,2,numeric__USM1_pose_rel_net_displacement_l2,0.0013303579469059286
extra_trees,2,numeric__USM3_pose_rel_mean_abs_angular_acceleration_rad_s2,0.0013059996226512745
extra_trees,2,numeric__USM1_pose_rel_z_range,0.0012918193185698231
extra_trees,2,numeric__USM1_joint_max_jerk_l2,0.0012902382203640063
extra_trees,2,numeric__USM3_pose_rel_max_speed_l2,0.0012706420346830986
extra_trees,2,numeric__USM2_pose_rel_max_speed_l2,0.0012604715754240188
extra_trees,2,numeric__USM2_joint_distal_q5_q9_mean_range,0.0012571636769979665
extra_trees,2,numeric__USM2_USM3_pose_rel_both_idle_fraction,0.001255384487044825
extra_trees,2,numeric__USM1_USM2_pose_rel_path_length_imbalance,0.0012435641287623072
extra_trees,2,numeric__USM1_pose_rel_mean_abs_angular_acceleration_rad_s2,0.001236040546057972
extra_trees,2,numeric__USM1_joint_mean_speed_l2,0.0012256319058547103
extra_trees,2,numeric__USM3_pose_rel_jerk_cost,0.0012135809701598586
extra_trees,2,numeric__USM2_joint_base_revolute_q0_q2_mean_range,0.0011936149049272008
extra_trees,2,numeric__USM3_pose_rel_economy_volume,0.0011889822233303613
extra_trees,2,numeric__USM3_joint_base_revolute_q0_q2_mean_range,0.0011879215498117423
extra_trees,2,numeric__USM1_pose_rel_workspace_box_volume,0.0011769243380566688
extra_trees,2,numeric__USM1_USM2_pose_rel_alignment_coverage,0.0011764790970307428
extra_trees,2,numeric__USM2_USM3_pose_rel_std_distance_rel,0.001167548723133232
extra_trees,2,numeric__USM3_pose_rel_movement_economy,0.0011664602913874853
extra_trees,2,numeric__USM3_pose_rel_raw_path_l2,0.0011476608582523715
extra_trees,2,numeric__USM3_joint_base_revolute_q0_q2_path_l1,0.0011384211622813972
extra_trees,2,numeric__USM3_pose_rel_net_displacement_l2,0.0011259521571650524
extra_trees,2,numeric__USM3_joint_max_acceleration_l2,0.0011257032086880536
extra_trees,2,numeric__USM1_pose_rel_x_range,0.0011114213603672237
extra_trees,2,numeric__USM1_joint_base_revolute_q0_q2_mean_abs_velocity,0.0010948624463665197
extra_trees,2,numeric__USM3_joint_net_displacement_l2,0.0010943542165095042
extra_trees,2,numeric__USM3_joint_insertion_q3_mean_abs_velocity,0.0010943365704910474
extra_trees,2,numeric__USM0_joint_tool_roll_q4_mean_range,0.0010817832214413126
extra_trees,2,numeric__USM2_pose_rel_max_jerk_l2,0.0010811560944381728
extra_trees,2,numeric__USM3_pose_rel_rotation_path_radians,0.0010687042789751767
extra_trees,2,numeric__USM0_joint_mean_joint_range,0.0009980274241068456
extra_trees,2,numeric__USM1_joint_raw_path_l2,0.0009941036640800317
extra_trees,2,numeric__USM1_joint_max_speed_l2,0.0009934517713962642
extra_trees,2,numeric__USM3_joint_base_revolute_q0_q2_mean_abs_velocity,0.0009816511962615104
extra_trees,2,task__task_clean_ring_rollercoaster,0.0009785454188399557
extra_trees,2,numeric__USM3_joint_max_joint_range,0.0009611473636117726
extra_trees,2,numeric__USM3_pose_rel_economy_area_yz,0.0009571005347514292
extra_trees,2,numeric__USM3_joint_insertion_q3_path_l1,0.0009569527151389105
extra_trees,2,numeric__active_pair_usm_b,0.0009470122537696206
extra_trees,2,numeric__USM2_joint_max_joint_range,0.0009469696123217943
extra_trees,2,numeric__USM1_joint_insertion_q3_path_l1,0.0009467240787438599
extra_trees,2,numeric__USM1_joint_jerk_cost,0.0009162486725409083
extra_trees,2,numeric__USM1_joint_tool_roll_q4_path_l1,0.0008886670014143243
extra_trees,2,numeric__USM3_joint_idle_fraction_relative,0.0008872648357561178
extra_trees,2,numeric__USM1_joint_idle_threshold_relative,0.0008602693983012361
extra_trees,2,numeric__USM3_pose_rel_workspace_box_volume,0.0008501839884215571
extra_trees,2,numeric__USM3_joint_insertion_q3_mean_range,0.0008434794036942167
extra_trees,2,numeric__USM3_joint_rms_speed_l2,0.0008300818916993209
extra_trees,2,task__task_clean_glove_cut,0.0007701371380644473
extra_trees,2,numeric__USM1_joint_base_revolute_q0_q2_path_l1,0.0007616971636446911
extra_trees,2,numeric__USM3_pose_rel_x_range,0.0007097073899336574
extra_trees,2,numeric__USM1_pose_rel_mean_angular_speed_rad_s,0.0006883983315581977
extra_trees,2,numeric__USM3_joint_max_speed_l2,0.0006660811849756844
extra_trees,2,numeric__USM1_pose_rel_rotation_path_radians,0.0006385314661378357
extra_trees,2,numeric__USM3_joint_movement_economy,0.0006178118467457394
extra_trees,2,numeric__USM1_joint_mean_acceleration_l2,0.0005733468741745012
extra_trees,2,numeric__USM1_pose_rel_raw_path_l2,0.0005695865855690036
extra_trees,2,numeric__USM1_joint_tool_roll_q4_mean_abs_velocity,0.0005588552028437333
extra_trees,2,task__task_clean_camera_target,0.0003814134135012392
extra_trees,2,numeric__USM3_joint_pause_count,0.00025138958570278643
extra_trees,2,numeric__USM3_joint_pause_duration_seconds,0.00014698424709169057
extra_trees,2,numeric__USM0_joint_median_dt_seconds,0.0
extra_trees,2,numeric__USM1_pose_rel_active,0.0
extra_trees,3,numeric__USM2_pose_rel_pause_duration_seconds,0.04771954476106668
extra_trees,3,numeric__USM2_pose_rel_mean_angular_speed_rad_s,0.03877315729132946
extra_trees,3,numeric__USM2_joint_pause_duration_seconds,0.03208516660609539
extra_trees,3,numeric__USM2_joint_base_revolute_q0_q2_mean_abs_velocity,0.0255617869675174
extra_trees,3,numeric__USM1_USM2_pose_rel_mean_abs_relative_speed,0.024278491470490958
extra_trees,3,numeric__USM0_joint_pause_duration_seconds,0.023523403536555538
extra_trees,3,numeric__USM2_pose_rel_mean_speed_l2,0.023449007150056912
extra_trees,3,numeric__USM1_pose_rel_log_dimensionless_jerk,0.023361114632006318
extra_trees,3,numeric__duration_seconds,0.022816576559667893
extra_trees,3,numeric__USM2_pose_rel_log_dimensionless_jerk,0.02254359901260407
extra_trees,3,numeric__USM1_pose_rel_rotation_determinant_mean,0.018945755729609593
extra_trees,3,numeric__USM2_joint_tool_roll_q4_mean_abs_velocity,0.016119733188067985
extra_trees,3,numeric__USM3_pose_rel_rotation_determinant_mean,0.015057263347799074
extra_trees,3,numeric__USM0_joint_base_revolute_q0_q2_mean_abs_velocity,0.01416586571416241
extra_trees,3,numeric__USM1_pose_rel_pause_duration_seconds,0.013459767108326337
extra_trees,3,task__task_clean_suture,0.013336807845802602
extra_trees,3,numeric__USM2_joint_insertion_q3_mean_abs_velocity,0.012551683211624498
extra_trees,3,numeric__USM2_pose_rel_mean_abs_angular_acceleration_rad_s2,0.01200699104676998
extra_trees,3,numeric__USM2_pose_rel_idle_threshold_relative,0.011583035033268416
extra_trees,3,numeric__USM3_pose_rel_log_dimensionless_jerk,0.011183375841577773
extra_trees,3,numeric__USM2_pose_rel_rotation_determinant_mean,0.00942315749569306
extra_trees,3,numeric__USM1_pose_rel_max_speed_l2,0.008143029652826086
extra_trees,3,numeric__USM2_pose_rel_mean_acceleration_l2,0.008093751150901139
extra_trees,3,numeric__USM1_USM2_pose_rel_one_arm_only_active_fraction,0.007481191936211821
extra_trees,3,numeric__USM2_joint_pause_count,0.00732960487572087
extra_trees,3,numeric__USM1_pose_rel_idle_threshold_relative,0.00705349986084781
extra_trees,3,numeric__USM0_joint_idle_fraction_relative,0.007008033592051131
extra_trees,3,numeric__USM1_joint_pause_duration_seconds,0.0069641762611389315
extra_trees,3,numeric__USM1_USM2_pose_rel_both_idle_fraction,0.006900168752848315
extra_trees,3,numeric__USM1_USM3_pose_rel_distance_range_rel,0.006809781764291896
extra_trees,3,numeric__USM2_pose_rel_dimensionless_jerk,0.0067405942573163825
extra_trees,3,numeric__USM2_joint_idle_fraction_relative,0.0065356006376210965
extra_trees,3,numeric__USM1_USM3_pose_rel_path_length_imbalance,0.006031135652901343
extra_trees,3,numeric__USM0_joint_base_revolute_q0_q2_path_l1,0.005956378105932197
extra_trees,3,numeric__all_usm_joint_path_l1_total,0.005900046107443108
extra_trees,3,numeric__USM2_joint_pause_fraction,0.0058552077632819085
extra_trees,3,numeric__USM1_pose_rel_dimensionless_jerk,0.005764623410662418
extra_trees,3,numeric__USM0_joint_insertion_q3_path_l1,0.005735642304130731
extra_trees,3,numeric__USM2_joint_base_revolute_q0_q2_path_l1,0.00571582317094575
extra_trees,3,numeric__USM0_joint_insertion_q3_mean_abs_velocity,0.0056957080493036695
extra_trees,3,numeric__USM0_joint_insertion_q3_mean_range,0.0056638919191484855
extra_trees,3,numeric__USM3_pose_rel_pause_count,0.005553630476394271
extra_trees,3,numeric__USM2_pose_rel_rms_speed_l2,0.005423398051360157
extra_trees,3,numeric__USM3_pose_rel_z_range,0.005411332285625131
extra_trees,3,numeric__USM1_pose_rel_rms_speed_l2,0.005389114781171352
extra_trees,3,numeric__active_pair_mean_distance_rel,0.005321258649388465
extra_trees,3,numeric__USM0_joint_pause_count,0.005054888391892102
extra_trees,3,numeric__USM0_joint_tool_roll_q4_mean_abs_velocity,0.00498994838431633
extra_trees,3,numeric__USM3_pose_rel_dimensionless_jerk,0.004969455538901079
extra_trees,3,numeric__USM1_USM3_pose_rel_max_distance_rel,0.004909941483947958
extra_trees,3,numeric__USM1_USM2_pose_rel_mean_distance_rel,0.004859889697616869
extra_trees,3,numeric__USM1_USM2_pose_rel_max_distance_rel,0.00479994071428762
extra_trees,3,numeric__USM2_pose_rel_idle_fraction_relative,0.004773904974762809
extra_trees,3,numeric__USM2_pose_rel_pause_fraction,0.004642322358218151
extra_trees,3,numeric__USM1_USM3_pose_rel_std_distance_rel,0.004395055647673024
extra_trees,3,numeric__USM0_joint_jerk_cost,0.00439242341990818
extra_trees,3,numeric__USM2_pose_rel_z_range,0.004363281651034657
extra_trees,3,numeric__USM2_USM3_pose_rel_mean_distance_rel,0.004338895389172042
extra_trees,3,numeric__USM3_pose_rel_mean_speed_l2,0.004244231019225749
extra_trees,3,numeric__USM0_joint_raw_path_l2,0.004214158323019165
extra_trees,3,numeric__USM3_pose_rel_idle_fraction_relative,0.004039966006756355
extra_trees,3,numeric__USM1_pose_rel_y_range,0.004036598006460427
extra_trees,3,numeric__USM3_pose_rel_pause_duration_seconds,0.003997568136939424
extra_trees,3,numeric__USM1_pose_rel_max_acceleration_l2,0.003953559102162543
extra_trees,3,numeric__USM2_pose_rel_net_displacement_l2,0.0038192066463370827
extra_trees,3,numeric__USM2_USM3_pose_rel_path_length_imbalance,0.003730191453892813
extra_trees,3,numeric__USM2_pose_rel_x_range,0.003670313157096931
extra_trees,3,numeric__USM1_USM2_pose_rel_std_distance_rel,0.0036591755747378643
extra_trees,3,numeric__USM1_USM2_pose_rel_distance_range_rel,0.0035953166106408507
extra_trees,3,numeric__USM3_pose_rel_pause_fraction,0.003558020146086232
extra_trees,3,numeric__USM1_USM2_pose_rel_min_distance_rel,0.0035092249872794496
extra_trees,3,numeric__USM2_pose_rel_raw_path_l2,0.003503694164706842
extra_trees,3,numeric__active_pair_path_length_imbalance,0.003431189755580228
extra_trees,3,numeric__USM0_joint_net_displacement_l2,0.003390816279359825
extra_trees,3,numeric__USM2_pose_rel_workspace_box_volume,0.0033583138845470427
extra_trees,3,numeric__USM1_pose_rel_mean_acceleration_l2,0.00331975170357051
extra_trees,3,numeric__USM1_pose_rel_economy_volume,0.0031780668198982303
extra_trees,3,numeric__USM2_pose_rel_pause_count,0.0031674926980897536
extra_trees,3,numeric__active_pair_path_length_a_rel,0.0030583477120489653
extra_trees,3,numeric__USM1_joint_insertion_q3_mean_range,0.00301493563990772
extra_trees,3,numeric__USM0_joint_tool_roll_q4_path_l1,0.0029248524436469034
extra_trees,3,numeric__USM1_joint_net_displacement_l2,0.002890923603399652
extra_trees,3,numeric__USM1_USM3_pose_rel_mean_distance_rel,0.002887552055889556
extra_trees,3,numeric__USM1_pose_rel_economy_area_xy,0.0028860877668354574
extra_trees,3,numeric__USM1_pose_rel_pause_count,0.002872736673468041
extra_trees,3,numeric__USM1_USM3_pose_rel_one_arm_only_active_fraction,0.002808543590561991
extra_trees,3,numeric__USM1_joint_pause_count,0.0027840192997713293
extra_trees,3,numeric__active_pair_both_idle_fraction,0.002745529526073656
extra_trees,3,numeric__USM1_USM3_pose_rel_min_distance_rel,0.0027072336860451424
extra_trees,3,numeric__USM2_joint_insertion_q3_mean_range,0.0026794837254930327
extra_trees,3,numeric__USM2_joint_tool_roll_q4_path_l1,0.0026513933993290184
extra_trees,3,numeric__active_pair_one_arm_only_active_fraction,0.00265012071436133
extra_trees,3,numeric__USM0_joint_movement_economy,0.00259960480966963
extra_trees,3,numeric__USM1_USM3_pose_rel_speed_correlation,0.002588352133120795
extra_trees,3,numeric__USM2_USM3_pose_rel_std_distance_rel,0.0025837882780710532
extra_trees,3,numeric__USM1_pose_rel_economy_area_xz,0.0025665240116215897
extra_trees,3,numeric__USM1_pose_rel_mean_speed_l2,0.0025366698925548643
extra_trees,3,numeric__USM0_joint_base_revolute_q0_q2_mean_range,0.0025270828753770694
extra_trees,3,numeric__USM2_joint_mean_abs_joint_velocity,0.002486097578612619
extra_trees,3,numeric__USM1_joint_base_revolute_q0_q2_mean_range,0.002474561867873281
extra_trees,3,numeric__USM1_USM2_pose_rel_speed_correlation,0.00246140973261859
extra_trees,3,numeric__USM1_pose_rel_workspace_box_volume,0.002449870261007737
extra_trees,3,numeric__USM1_USM3_pose_rel_simultaneous_active_fraction,0.002446628362625514
extra_trees,3,numeric__active_pair_speed_correlation,0.0024434725920669184
extra_trees,3,numeric__USM2_USM3_pose_rel_simultaneous_active_fraction,0.0024328560865570052
extra_trees,3,numeric__USM2_joint_insertion_q3_path_l1,0.002431193216320626
extra_trees,3,numeric__USM0_joint_mean_acceleration_l2,0.0023920946526787583
extra_trees,3,numeric__USM2_pose_rel_y_range,0.002386207582047746
extra_trees,3,numeric__USM1_joint_base_revolute_q0_q2_mean_abs_velocity,0.0023788962371486043
extra_trees,3,numeric__USM2_pose_rel_max_angular_speed_rad_s,0.0023299313325434038
extra_trees,3,numeric__USM3_pose_rel_economy_area_xy,0.0022987869271908004
extra_trees,3,numeric__USM1_USM3_pose_rel_both_idle_fraction,0.0022805670569288647
extra_trees,3,numeric__USM2_pose_rel_max_speed_l2,0.0022618906732326935
extra_trees,3,numeric__active_pair_usm_a,0.002253274668062408
extra_trees,3,numeric__USM1_USM2_pose_rel_path_length_imbalance,0.0022522668069854123
extra_trees,3,numeric__USM2_joint_raw_path_l2,0.002237439255965452
extra_trees,3,numeric__USM2_USM3_pose_rel_both_idle_fraction,0.002234132293503416
extra_trees,3,numeric__USM2_pose_rel_economy_area_yz,0.002165701340951924
extra_trees,3,numeric__USM3_pose_rel_economy_area_xz,0.0021652504650752085
extra_trees,3,numeric__USM0_joint_rms_speed_l2,0.0021563648371910873
extra_trees,3,numeric__USM0_joint_max_jerk_l2,0.002131162160981285
extra_trees,3,numeric__USM2_pose_rel_economy_area_xz,0.0021210518464665853
extra_trees,3,numeric__USM2_USM3_pose_rel_speed_correlation,0.002119164889962569
extra_trees,3,numeric__USM1_pose_rel_jerk_cost,0.002104930523121132
extra_trees,3,numeric__USM1_joint_max_speed_l2,0.002094503203930468
extra_trees,3,numeric__USM1_pose_rel_economy_area_yz,0.0020911133508731417
extra_trees,3,numeric__USM1_pose_rel_z_range,0.0020713800817127705
extra_trees,3,numeric__active_pair_simultaneous_active_fraction,0.0020574047570456333
extra_trees,3,numeric__USM2_USM3_pose_rel_distance_range_rel,0.002055478045844796
extra_trees,3,numeric__USM1_joint_max_jerk_l2,0.0020486867473076802
extra_trees,3,numeric__USM1_pose_rel_idle_fraction_relative,0.002025674418295409
extra_trees,3,numeric__USM2_pose_rel_max_jerk_l2,0.001971733097872106
extra_trees,3,numeric__USM2_USM3_pose_rel_one_arm_only_active_fraction,0.0019691742852411486
extra_trees,3,numeric__USM1_joint_insertion_q3_mean_abs_velocity,0.001958448674491491
extra_trees,3,numeric__USM1_USM2_pose_rel_simultaneous_active_fraction,0.0019518050431374288
extra_trees,3,numeric__USM1_joint_pause_fraction,0.00194648469545231
extra_trees,3,numeric__USM2_pose_rel_rotation_path_radians,0.0019434418264066004
extra_trees,3,numeric__USM2_joint_mean_speed_l2,0.0018979501541420188
extra_trees,3,numeric__USM1_pose_rel_x_range,0.0018717329492721514
extra_trees,3,numeric__USM1_joint_base_revolute_q0_q2_path_l1,0.001871458302778676
extra_trees,3,numeric__USM1_joint_movement_economy,0.0018700278251743425
extra_trees,3,numeric__USM1_pose_rel_net_displacement_l2,0.001850162906116085
extra_trees,3,numeric__USM2_joint_net_displacement_l2,0.0018479425861288863
extra_trees,3,numeric__USM3_joint_distal_q5_q9_mean_range,0.0018423011076715613
extra_trees,3,numeric__USM3_joint_base_revolute_q0_q2_mean_abs_velocity,0.0018413974210013278
extra_trees,3,numeric__USM2_joint_max_joint_range,0.001824054224617254
extra_trees,3,numeric__USM2_joint_movement_economy,0.0018053099272575823
extra_trees,3,numeric__USM0_joint_max_speed_l2,0.0017950272658318635
extra_trees,3,numeric__USM2_joint_max_speed_l2,0.0017722985219585142
extra_trees,3,numeric__USM1_joint_max_abs_joint_velocity,0.0017719979717919204
extra_trees,3,numeric__USM1_pose_rel_rotation_path_radians,0.0017694703116006383
extra_trees,3,numeric__USM2_joint_max_acceleration_l2,0.001765883277185238
extra_trees,3,numeric__USM2_pose_rel_jerk_cost,0.001759933710324775
extra_trees,3,numeric__USM3_pose_rel_mean_abs_angular_acceleration_rad_s2,0.0017449568111695768
extra_trees,3,numeric__USM2_joint_mean_acceleration_l2,0.0017351889937692363
extra_trees,3,numeric__USM1_joint_max_acceleration_l2,0.0017140543294126322
extra_trees,3,numeric__USM1_pose_rel_pause_fraction,0.001709345785202954
extra_trees,3,numeric__USM3_joint_tool_roll_q4_mean_abs_velocity,0.0016984401456001628
extra_trees,3,numeric__USM3_pose_rel_net_displacement_l2,0.0016790444527326966
extra_trees,3,numeric__USM0_joint_max_acceleration_l2,0.0016778293381272962
extra_trees,3,numeric__USM2_joint_mean_joint_range,0.0016774598277669553
extra_trees,3,numeric__USM2_pose_rel_max_acceleration_l2,0.0016718240446608396
extra_trees,3,numeric__USM2_joint_distal_q5_q9_mean_range,0.0016671198740255428
extra_trees,3,numeric__USM1_pose_rel_max_angular_speed_rad_s,0.0016596731478263885
extra_trees,3,numeric__USM2_joint_max_abs_joint_velocity,0.0016558357828978254
extra_trees,3,numeric__USM1_pose_rel_movement_economy,0.0016378281786689573
extra_trees,3,numeric__USM1_joint_idle_fraction_relative,0.0016310438426992257
extra_trees,3,numeric__USM0_joint_distal_q5_q9_mean_range,0.0016273122726728974
extra_trees,3,numeric__USM2_joint_max_jerk_l2,0.0016191123135361634
extra_trees,3,numeric__USM3_pose_rel_idle_threshold_relative,0.001611587174053801
extra_trees,3,numeric__USM3_pose_rel_max_angular_speed_rad_s,0.001590797003128822
extra_trees,3,numeric__USM1_joint_distal_q5_q9_mean_range,0.0015792303293811322
extra_trees,3,numeric__USM0_joint_max_gap_seconds,0.0015789976860994146
extra_trees,3,numeric__USM2_joint_base_revolute_q0_q2_mean_range,0.001575162647008024
extra_trees,3,numeric__USM2_joint_idle_threshold_relative,0.0015596373247028746
extra_trees,3,numeric__USM3_joint_insertion_q3_mean_abs_velocity,0.0015493597605974652
extra_trees,3,numeric__USM0_joint_idle_threshold_relative,0.0015439044786760157
extra_trees,3,numeric__USM1_pose_rel_max_abs_angular_acceleration_rad_s2,0.0015373179310184616
extra_trees,3,numeric__USM3_pose_rel_rms_speed_l2,0.0015252101154037885
extra_trees,3,numeric__USM3_joint_insertion_q3_mean_range,0.0015244377815602937
extra_trees,3,numeric__USM3_pose_rel_max_abs_angular_acceleration_rad_s2,0.0015139883069255073
extra_trees,3,numeric__USM3_joint_mean_speed_l2,0.001503989388502941
extra_trees,3,numeric__USM3_pose_rel_raw_path_l2,0.0014967668176820057
extra_trees,3,numeric__USM3_joint_mean_joint_range,0.0014928733590975885
extra_trees,3,numeric__USM3_pose_rel_mean_angular_speed_rad_s,0.0014862948478977824
extra_trees,3,numeric__USM1_joint_mean_joint_range,0.0014728502878263799
extra_trees,3,numeric__USM0_joint_tool_roll_q4_mean_range,0.0014419001661998057
extra_trees,3,numeric__USM3_pose_rel_rotation_path_radians,0.0014376788503739153
extra_trees,3,numeric__USM1_joint_raw_path_l2,0.0014147975818422107
extra_trees,3,numeric__USM3_pose_rel_economy_volume,0.0013992731437889646
extra_trees,3,numeric__USM2_joint_rms_speed_l2,0.0013962011266055979
extra_trees,3,numeric__USM3_joint_raw_path_l2,0.0013906489102181643
extra_trees,3,numeric__USM3_pose_rel_max_speed_l2,0.0013877622651737875
extra_trees,3,task__task_clean_sea_spikes,0.0013605854672929473
extra_trees,3,numeric__USM1_USM2_pose_rel_alignment_coverage,0.001354664617901605
extra_trees,3,numeric__USM3_joint_movement_economy,0.0013521701517935005
extra_trees,3,numeric__USM3_pose_rel_max_acceleration_l2,0.00133248396864156
extra_trees,3,numeric__USM0_joint_mean_speed_l2,0.0013302639339640727
extra_trees,3,numeric__USM2_pose_rel_max_abs_angular_acceleration_rad_s2,0.0012951519673772666
extra_trees,3,numeric__USM3_pose_rel_economy_area_yz,0.001290573651058646
extra_trees,3,numeric__USM2_pose_rel_economy_volume,0.0012865714234309969
extra_trees,3,task__task_clean_ring_rollercoaster,0.0012852423603347174
extra_trees,3,numeric__USM1_joint_insertion_q3_path_l1,0.001280622202083563
extra_trees,3,numeric__USM2_joint_jerk_cost,0.0012773760453854584
extra_trees,3,numeric__USM1_pose_rel_mean_abs_angular_acceleration_rad_s2,0.0012656238538271806
extra_trees,3,numeric__USM0_joint_mean_joint_range,0.0012624096220168908
extra_trees,3,numeric__USM3_pose_rel_y_range,0.0012526703084568779
extra_trees,3,numeric__USM3_joint_rms_speed_l2,0.0012494673453525326
extra_trees,3,numeric__USM3_joint_net_displacement_l2,0.0012371376707705408
extra_trees,3,numeric__USM1_joint_max_joint_range,0.0012167769948591663
extra_trees,3,numeric__USM1_pose_rel_mean_angular_speed_rad_s,0.001207955566232159
extra_trees,3,numeric__USM1_joint_tool_roll_q4_path_l1,0.0011962380184007213
extra_trees,3,numeric__USM3_joint_max_joint_range,0.0011824567914626297
extra_trees,3,numeric__USM3_pose_rel_movement_economy,0.001171563806069227
extra_trees,3,numeric__USM2_pose_rel_movement_economy,0.0011704193466058482
extra_trees,3,numeric__all_psm_pose_rel_path_total,0.0011587975366826756
extra_trees,3,numeric__USM3_joint_idle_fraction_relative,0.0011472264602190958
extra_trees,3,numeric__USM3_joint_insertion_q3_path_l1,0.0011185869388877466
extra_trees,3,numeric__USM2_pose_rel_economy_area_xy,0.0011043973499078568
extra_trees,3,numeric__USM3_joint_max_speed_l2,0.0010722534911925773
extra_trees,3,numeric__USM3_pose_rel_workspace_box_volume,0.0010573191195160985
extra_trees,3,numeric__USM0_joint_max_joint_range,0.0010270819105981047
extra_trees,3,numeric__USM3_joint_base_revolute_q0_q2_mean_range,0.0010110951961600514
extra_trees,3,numeric__USM1_joint_jerk_cost,0.001004553495052792
extra_trees,3,numeric__USM3_joint_base_revolute_q0_q2_path_l1,0.0009731779699733603
extra_trees,3,numeric__USM1_joint_mean_speed_l2,0.0009688439488323841
extra_trees,3,numeric__USM3_joint_max_acceleration_l2,0.0008940909150807377
extra_trees,3,numeric__USM1_joint_tool_roll_q4_mean_abs_velocity,0.0008899331447017307
extra_trees,3,numeric__USM3_pose_rel_x_range,0.00085784270999393
extra_trees,3,numeric__USM3_pose_rel_jerk_cost,0.0007596042326822607
extra_trees,3,numeric__USM1_joint_mean_acceleration_l2,0.0007184651821490843
extra_trees,3,numeric__USM3_joint_tool_roll_q4_path_l1,0.000698129479387276
extra_trees,3,numeric__USM1_pose_rel_raw_path_l2,0.000617722922058811
extra_trees,3,task__task_clean_camera_target,0.0005253341017346698
extra_trees,3,numeric__active_pair_usm_b,0.0004070723891136219
extra_trees,3,task__task_clean_glove_cut,0.0003975775372299145
extra_trees,3,numeric__USM3_joint_pause_count,0.0002740442473929641
extra_trees,3,numeric__USM3_joint_pause_duration_seconds,0.00012486856883801406
extra_trees,3,numeric__USM1_pose_rel_active,2.6848691656812293e-05
extra_trees,3,numeric__USM0_joint_median_dt_seconds,0.0
extra_trees,4,numeric__USM2_pose_rel_pause_duration_seconds,0.03794178165213979
extra_trees,4,numeric__USM2_joint_pause_duration_seconds,0.03755042974256349
extra_trees,4,numeric__duration_seconds,0.027769138536252163
extra_trees,4,numeric__USM1_USM2_pose_rel_mean_abs_relative_speed,0.027000026195754732
extra_trees,4,numeric__USM1_pose_rel_pause_duration_seconds,0.025954139501221832
extra_trees,4,numeric__USM2_pose_rel_mean_speed_l2,0.025363717608463048
extra_trees,4,numeric__USM2_pose_rel_mean_angular_speed_rad_s,0.024860691311926347
extra_trees,4,numeric__USM2_pose_rel_log_dimensionless_jerk,0.02410312461025018
extra_trees,4,numeric__USM0_joint_pause_duration_seconds,0.023710998915975667
extra_trees,4,numeric__USM0_joint_base_revolute_q0_q2_mean_abs_velocity,0.022324316288682
extra_trees,4,numeric__USM2_joint_base_revolute_q0_q2_mean_abs_velocity,0.02177479754312478
extra_trees,4,numeric__USM1_pose_rel_log_dimensionless_jerk,0.021425319897491326
extra_trees,4,numeric__USM1_pose_rel_rotation_determinant_mean,0.0179460609486758
extra_trees,4,numeric__USM2_pose_rel_mean_abs_angular_acceleration_rad_s2,0.01648466768182979
extra_trees,4,numeric__USM2_pose_rel_rotation_determinant_mean,0.015177509857716775
extra_trees,4,numeric__USM1_joint_pause_duration_seconds,0.01258456311052115
extra_trees,4,numeric__USM2_pose_rel_mean_acceleration_l2,0.011232904760378288
extra_trees,4,numeric__USM3_pose_rel_log_dimensionless_jerk,0.010923407686961735
extra_trees,4,task__task_clean_suture,0.010568797996162728
extra_trees,4,numeric__USM2_joint_insertion_q3_mean_abs_velocity,0.009965951046119255
extra_trees,4,numeric__USM3_pose_rel_rotation_determinant_mean,0.009909564315732445
extra_trees,4,numeric__active_pair_mean_distance_rel,0.009190151532548943
extra_trees,4,numeric__USM1_USM2_pose_rel_both_idle_fraction,0.009082807181552776
extra_trees,4,numeric__USM1_USM2_pose_rel_one_arm_only_active_fraction,0.008962837548873505
extra_trees,4,numeric__USM1_pose_rel_dimensionless_jerk,0.008924543267143903
extra_trees,4,numeric__USM2_pose_rel_idle_threshold_relative,0.008546171482066097
extra_trees,4,numeric__USM2_joint_pause_count,0.008069972730571995
extra_trees,4,numeric__USM0_joint_insertion_q3_mean_range,0.007956890534319604
extra_trees,4,numeric__active_pair_min_distance_rel,0.007945410000851931
extra_trees,4,numeric__USM2_USM3_pose_rel_mean_distance_rel,0.007727048751310256
extra_trees,4,numeric__USM1_USM3_pose_rel_path_length_imbalance,0.007684245274851852
extra_trees,4,numeric__all_usm_joint_path_l1_total,0.007232595390007236
extra_trees,4,numeric__USM0_joint_pause_count,0.007036077508957905
extra_trees,4,numeric__USM2_pose_rel_rms_speed_l2,0.006967154571659823
extra_trees,4,numeric__USM2_joint_idle_fraction_relative,0.006794999518337047
extra_trees,4,numeric__USM2_joint_tool_roll_q4_mean_abs_velocity,0.006451961842794431
extra_trees,4,numeric__USM2_USM3_pose_rel_min_distance_rel,0.00643478949139484
extra_trees,4,numeric__USM2_joint_pause_fraction,0.006414160008842908
extra_trees,4,numeric__USM2_pose_rel_dimensionless_jerk,0.00635075807891562
extra_trees,4,numeric__USM3_pose_rel_z_range,0.0063219490665115275
extra_trees,4,numeric__USM0_joint_idle_fraction_relative,0.006320233464697773
extra_trees,4,numeric__USM1_pose_rel_max_speed_l2,0.006303822856097812
extra_trees,4,numeric__USM1_USM3_pose_rel_distance_range_rel,0.006199612692557819
extra_trees,4,numeric__USM0_joint_base_revolute_q0_q2_path_l1,0.005937244564653798
extra_trees,4,numeric__USM1_USM3_pose_rel_max_distance_rel,0.0058108535136722084
extra_trees,4,numeric__USM2_USM3_pose_rel_path_length_imbalance,0.005703772782320542
extra_trees,4,numeric__USM1_pose_rel_idle_threshold_relative,0.0051587799288537965
extra_trees,4,numeric__USM2_pose_rel_idle_fraction_relative,0.005146387125185724
extra_trees,4,numeric__USM3_pose_rel_dimensionless_jerk,0.005051142893238185
extra_trees,4,numeric__active_pair_path_length_imbalance,0.005050379760851976
extra_trees,4,numeric__USM0_joint_insertion_q3_path_l1,0.0050388092150012624
extra_trees,4,numeric__USM3_pose_rel_pause_count,0.004912283872855594
extra_trees,4,numeric__USM3_pose_rel_mean_speed_l2,0.004851874805319279
extra_trees,4,numeric__USM0_joint_tool_roll_q4_mean_abs_velocity,0.004504000325359609
extra_trees,4,numeric__USM0_joint_insertion_q3_mean_abs_velocity,0.004412136828333721
extra_trees,4,numeric__USM0_joint_raw_path_l2,0.004329881146444798
extra_trees,4,numeric__USM1_USM3_pose_rel_std_distance_rel,0.00427003998448934
extra_trees,4,numeric__USM2_pose_rel_raw_path_l2,0.0042635551109478885
extra_trees,4,numeric__USM1_pose_rel_rms_speed_l2,0.004222227491555376
extra_trees,4,numeric__USM2_pose_rel_pause_count,0.004103468768117448
extra_trees,4,numeric__USM2_pose_rel_workspace_box_volume,0.003889199709203611
extra_trees,4,numeric__USM0_joint_jerk_cost,0.0037422087482298413
extra_trees,4,numeric__USM3_pose_rel_idle_fraction_relative,0.0037367545332878446
extra_trees,4,numeric__USM2_joint_base_revolute_q0_q2_path_l1,0.003712176024120253
extra_trees,4,numeric__USM2_pose_rel_pause_fraction,0.0037110474609848166
extra_trees,4,numeric__active_pair_path_length_a_rel,0.0036966965681711505
extra_trees,4,numeric__USM1_pose_rel_max_acceleration_l2,0.0036579847334951687
extra_trees,4,numeric__USM2_USM3_pose_rel_simultaneous_active_fraction,0.003650655283561947
extra_trees,4,numeric__USM1_USM2_pose_rel_std_distance_rel,0.003624681257480373
extra_trees,4,numeric__USM1_pose_rel_max_angular_speed_rad_s,0.0036187093248517053
extra_trees,4,numeric__USM2_joint_insertion_q3_mean_range,0.0035814208129963964
extra_trees,4,numeric__USM3_pose_rel_pause_fraction,0.0035205141559395865
extra_trees,4,numeric__USM2_joint_mean_abs_joint_velocity,0.0032450088268706034
extra_trees,4,numeric__USM1_USM3_pose_rel_one_arm_only_active_fraction,0.00322343675048096
extra_trees,4,numeric__USM3_pose_rel_pause_duration_seconds,0.003161857826443516
extra_trees,4,numeric__active_pair_simultaneous_active_fraction,0.003112872260319631
extra_trees,4,numeric__USM0_joint_rms_speed_l2,0.0030873218502762267
extra_trees,4,numeric__USM1_joint_max_speed_l2,0.0029642686658326576
extra_trees,4,numeric__USM2_pose_rel_rotation_path_radians,0.002924443534268285
extra_trees,4,numeric__USM1_pose_rel_max_abs_angular_acceleration_rad_s2,0.0029075601008155968
extra_trees,4,numeric__USM1_USM3_pose_rel_speed_correlation,0.0026595810136166146
extra_trees,4,numeric__USM2_joint_insertion_q3_path_l1,0.002653190252525102
extra_trees,4,numeric__USM2_USM3_pose_rel_both_idle_fraction,0.0026510332430645977
extra_trees,4,numeric__USM2_joint_mean_acceleration_l2,0.0026417845879747126
extra_trees,4,numeric__USM2_joint_mean_speed_l2,0.002609291094956241
extra_trees,4,numeric__USM1_USM2_pose_rel_max_distance_rel,0.0026076333041498206
extra_trees,4,numeric__USM3_pose_rel_rms_speed_l2,0.0025664900219850785
extra_trees,4,numeric__USM0_joint_idle_threshold_relative,0.0025546683603401405
extra_trees,4,numeric__USM1_joint_max_acceleration_l2,0.002540525371624277
extra_trees,4,numeric__USM3_pose_rel_idle_threshold_relative,0.0025391833984011567
extra_trees,4,numeric__all_psm_pose_rel_path_total,0.0025237433035280674
extra_trees,4,numeric__USM1_USM2_pose_rel_mean_distance_rel,0.0025000176669688528
extra_trees,4,numeric__USM1_joint_movement_economy,0.002497487924562552
extra_trees,4,numeric__USM1_pose_rel_y_range,0.0024829712191135533
extra_trees,4,numeric__USM1_USM3_pose_rel_mean_distance_rel,0.002422307761588274
extra_trees,4,numeric__USM0_joint_base_revolute_q0_q2_mean_range,0.002411168858817831
extra_trees,4,numeric__USM2_pose_rel_y_range,0.0023905277685786915
extra_trees,4,numeric__USM1_pose_rel_max_jerk_l2,0.002367727076453179
extra_trees,4,numeric__USM1_pose_rel_mean_acceleration_l2,0.0023352253876641753
extra_trees,4,numeric__USM1_joint_base_revolute_q0_q2_mean_abs_velocity,0.002319680584997017
extra_trees,4,numeric__USM2_pose_rel_max_jerk_l2,0.002292300044655883
extra_trees,4,numeric__USM1_USM3_pose_rel_both_idle_fraction,0.002290798090874838
extra_trees,4,numeric__active_pair_one_arm_only_active_fraction,0.0022890547715521026
extra_trees,4,numeric__USM0_joint_mean_acceleration_l2,0.00223923397052477
extra_trees,4,numeric__USM1_joint_insertion_q3_mean_abs_velocity,0.0022076438442922906
extra_trees,4,numeric__USM1_USM3_pose_rel_min_distance_rel,0.0021686610522746556
extra_trees,4,numeric__USM3_pose_rel_raw_path_l2,0.0021566265445124447
extra_trees,4,task__task_clean_sea_spikes,0.0021558840742549015
extra_trees,4,numeric__USM1_joint_idle_fraction_relative,0.0021213559102216165
extra_trees,4,numeric__USM0_joint_tool_roll_q4_path_l1,0.0021081067507176996
extra_trees,4,numeric__USM2_joint_tool_roll_q4_path_l1,0.002089503216341965
extra_trees,4,numeric__USM2_pose_rel_x_range,0.002069844079154518
extra_trees,4,numeric__active_pair_speed_correlation,0.0020623206078921237
extra_trees,4,numeric__USM2_pose_rel_economy_area_xz,0.0020358248191227847
extra_trees,4,numeric__USM1_pose_rel_idle_fraction_relative,0.0020045921626422013
extra_trees,4,numeric__USM2_joint_idle_threshold_relative,0.001996514549215337
extra_trees,4,numeric__USM3_pose_rel_max_speed_l2,0.0019937435963732924
extra_trees,4,numeric__USM1_pose_rel_pause_count,0.001988889520057412
extra_trees,4,numeric__USM1_joint_pause_fraction,0.0019832618423214206
extra_trees,4,numeric__USM3_pose_rel_economy_area_xy,0.001971014778615654
extra_trees,4,numeric__USM2_joint_max_speed_l2,0.0019674337600253
extra_trees,4,numeric__USM1_pose_rel_jerk_cost,0.0019606513600228972
extra_trees,4,numeric__USM3_pose_rel_mean_abs_angular_acceleration_rad_s2,0.001960090400190152
extra_trees,4,numeric__USM1_USM3_pose_rel_simultaneous_active_fraction,0.001954725321196297
extra_trees,4,numeric__USM2_pose_rel_z_range,0.001953397497088216
extra_trees,4,numeric__USM1_pose_rel_economy_area_xz,0.001950376831997258
extra_trees,4,numeric__USM1_USM2_pose_rel_path_length_imbalance,0.0019437451244198776
extra_trees,4,numeric__USM1_joint_insertion_q3_path_l1,0.0019322510924866098
extra_trees,4,numeric__active_pair_both_idle_fraction,0.0019295305389881512
extra_trees,4,numeric__USM3_pose_rel_max_acceleration_l2,0.0019240351786124902
extra_trees,4,numeric__USM3_joint_raw_path_l2,0.0019179272140651435
extra_trees,4,numeric__USM3_joint_tool_roll_q4_mean_abs_velocity,0.0019174957635436512
extra_trees,4,numeric__USM2_pose_rel_economy_area_yz,0.0019134304340901122
extra_trees,4,numeric__USM0_joint_movement_economy,0.0019071593512259117
extra_trees,4,numeric__USM1_joint_max_abs_joint_velocity,0.0018734547401581699
extra_trees,4,numeric__USM2_USM3_pose_rel_one_arm_only_active_fraction,0.0018509707623931434
extra_trees,4,numeric__USM1_joint_insertion_q3_mean_range,0.0018461227481865164
extra_trees,4,numeric__USM2_joint_base_revolute_q0_q2_mean_range,0.0018375811033102926
extra_trees,4,numeric__USM0_joint_distal_q5_q9_mean_range,0.0018334573924584578
extra_trees,4,numeric__USM1_joint_base_revolute_q0_q2_mean_range,0.0018170055692072072
extra_trees,4,numeric__USM1_joint_max_jerk_l2,0.0018055100538537248
extra_trees,4,numeric__USM1_USM2_pose_rel_min_distance_rel,0.0018049171665052907
extra_trees,4,numeric__USM1_pose_rel_economy_volume,0.0017909068584560438
extra_trees,4,numeric__USM1_pose_rel_economy_area_xy,0.0017680136604845762
extra_trees,4,numeric__USM0_joint_max_acceleration_l2,0.0017427528021523285
extra_trees,4,numeric__USM0_joint_max_jerk_l2,0.0017415407958999768
extra_trees,4,numeric__USM2_joint_mean_joint_range,0.0017385127156628226
extra_trees,4,numeric__USM3_pose_rel_economy_area_xz,0.0016976860204448287
extra_trees,4,numeric__USM0_joint_net_displacement_l2,0.0016829859980147435
extra_trees,4,numeric__USM3_pose_rel_y_range,0.0016479339608163257
extra_trees,4,numeric__USM1_USM2_pose_rel_simultaneous_active_fraction,0.0016469003242022705
extra_trees,4,numeric__USM1_USM2_pose_rel_distance_range_rel,0.001640235850893236
extra_trees,4,numeric__USM2_joint_jerk_cost,0.0016366334541945246
extra_trees,4,numeric__USM1_USM2_pose_rel_speed_correlation,0.0016322610112820474
extra_trees,4,numeric__USM2_pose_rel_max_speed_l2,0.0016215193308569778
extra_trees,4,numeric__USM3_joint_distal_q5_q9_mean_range,0.0016161815854470816
extra_trees,4,numeric__USM2_pose_rel_max_acceleration_l2,0.0016065140849642128
extra_trees,4,numeric__USM2_pose_rel_economy_area_xy,0.0015979772608415927
extra_trees,4,numeric__USM2_USM3_pose_rel_speed_correlation,0.0015753832210366012
extra_trees,4,numeric__USM1_pose_rel_pause_fraction,0.0015686834941616324
extra_trees,4,numeric__USM2_pose_rel_economy_volume,0.0015427255740365193
extra_trees,4,numeric__USM2_joint_raw_path_l2,0.0015395508572069382
extra_trees,4,numeric__USM1_pose_rel_z_range,0.001527784840087545
extra_trees,4,numeric__USM2_joint_max_joint_range,0.001511804365972829
extra_trees,4,numeric__USM1_joint_mean_speed_l2,0.001499594366504758
extra_trees,4,numeric__USM0_joint_mean_speed_l2,0.0014993770809301444
extra_trees,4,numeric__USM3_pose_rel_x_range,0.0014922536036133726
extra_trees,4,numeric__USM1_pose_rel_workspace_box_volume,0.0014743799351985558
extra_trees,4,numeric__USM3_joint_mean_joint_range,0.0014730756913329118
extra_trees,4,numeric__USM2_joint_distal_q5_q9_mean_range,0.0014301937439292923
extra_trees,4,numeric__USM2_joint_max_jerk_l2,0.0014262444766662576
extra_trees,4,numeric__USM2_joint_rms_speed_l2,0.0014199778726430312
extra_trees,4,numeric__USM1_joint_max_joint_range,0.0014125527600773082
extra_trees,4,numeric__USM3_pose_rel_max_abs_angular_acceleration_rad_s2,0.0013956008959163386
extra_trees,4,numeric__USM0_joint_mean_joint_range,0.0013810183162043697
extra_trees,4,numeric__USM1_joint_pause_count,0.0013614039123156264
extra_trees,4,numeric__USM3_pose_rel_jerk_cost,0.001350794423876368
extra_trees,4,numeric__USM1_pose_rel_mean_speed_l2,0.0013493374787850536
extra_trees,4,numeric__USM2_USM3_pose_rel_std_distance_rel,0.001342614569396523
extra_trees,4,numeric__USM1_joint_net_displacement_l2,0.00133845309169872
extra_trees,4,numeric__USM0_joint_max_speed_l2,0.001334990229592666
extra_trees,4,numeric__USM1_joint_base_revolute_q0_q2_path_l1,0.0013283728481913429
extra_trees,4,numeric__USM2_USM3_pose_rel_distance_range_rel,0.001324166272775186
extra_trees,4,numeric__USM2_pose_rel_jerk_cost,0.001300563118080354
extra_trees,4,numeric__USM3_joint_tool_roll_q4_path_l1,0.0012982700121228414
extra_trees,4,numeric__USM2_joint_net_displacement_l2,0.001294261634510014
extra_trees,4,numeric__USM1_pose_rel_mean_abs_angular_acceleration_rad_s2,0.0012879462924303142
extra_trees,4,numeric__USM3_joint_base_revolute_q0_q2_mean_range,0.0012846290766192533
extra_trees,4,numeric__USM2_pose_rel_max_angular_speed_rad_s,0.0012838292937988678
extra_trees,4,numeric__USM1_pose_rel_economy_area_yz,0.0012803121137642118
extra_trees,4,numeric__USM1_pose_rel_movement_economy,0.0012800253195311571
extra_trees,4,numeric__USM3_pose_rel_economy_volume,0.0012791708310068196
extra_trees,4,numeric__USM3_pose_rel_workspace_box_volume,0.001277241908346038
extra_trees,4,numeric__USM3_pose_rel_max_angular_speed_rad_s,0.0012253382004013998
extra_trees,4,numeric__USM1_pose_rel_net_displacement_l2,0.0012247921363563031
extra_trees,4,numeric__USM2_pose_rel_max_abs_angular_acceleration_rad_s2,0.0012237471400940382
extra_trees,4,numeric__USM1_joint_mean_acceleration_l2,0.0012222388948027322
extra_trees,4,numeric__USM1_pose_rel_mean_angular_speed_rad_s,0.0012054324217590942
extra_trees,4,numeric__USM2_pose_rel_movement_economy,0.0011953717033737832
extra_trees,4,numeric__USM0_joint_max_joint_range,0.001187229270181262
extra_trees,4,numeric__USM1_pose_rel_x_range,0.0011846987796863705
extra_trees,4,numeric__USM2_joint_max_abs_joint_velocity,0.001183729501979354
extra_trees,4,numeric__USM3_joint_base_revolute_q0_q2_mean_abs_velocity,0.0011612291052642079
extra_trees,4,numeric__USM1_joint_jerk_cost,0.001153000606510533
extra_trees,4,numeric__USM2_pose_rel_net_displacement_l2,0.0011396334541887065
extra_trees,4,numeric__USM3_pose_rel_net_displacement_l2,0.0011248847096437873
extra_trees,4,numeric__USM0_joint_tool_roll_q4_mean_range,0.0010967062987757429
extra_trees,4,numeric__USM1_joint_distal_q5_q9_mean_range,0.0010850659558640158
extra_trees,4,numeric__USM1_pose_rel_rotation_path_radians,0.001073241552046912
extra_trees,4,numeric__USM2_joint_max_acceleration_l2,0.001070193308053436
extra_trees,4,numeric__USM3_pose_rel_economy_area_yz,0.0010685759036417985
extra_trees,4,numeric__USM1_pose_rel_raw_path_l2,0.0010601104698360403
extra_trees,4,numeric__USM3_joint_max_speed_l2,0.0010571454560321211
extra_trees,4,task__task_clean_ring_rollercoaster,0.0010560212135384587
extra_trees,4,numeric__USM1_joint_mean_joint_range,0.0010319342301321449
extra_trees,4,numeric__USM3_pose_rel_movement_economy,0.0010275980481376805
extra_trees,4,numeric__USM2_joint_movement_economy,0.0009877234586703832
extra_trees,4,numeric__USM1_joint_tool_roll_q4_path_l1,0.0009831995292551223
extra_trees,4,numeric__USM0_joint_max_gap_seconds,0.0008903904505642759
extra_trees,4,numeric__USM3_joint_mean_speed_l2,0.0008868003433803208
extra_trees,4,numeric__USM3_joint_jerk_cost,0.0008783822800447536
extra_trees,4,task__task_clean_glove_cut,0.000830805404244362
extra_trees,4,numeric__USM1_joint_tool_roll_q4_mean_abs_velocity,0.0008270747529278949
extra_trees,4,numeric__USM3_pose_rel_rotation_path_radians,0.0008014919487621952
extra_trees,4,numeric__USM3_joint_insertion_q3_mean_abs_velocity,0.0007516018430967046
extra_trees,4,numeric__USM3_joint_base_revolute_q0_q2_path_l1,0.0007468686059248101
extra_trees,4,numeric__USM3_joint_insertion_q3_path_l1,0.0007064005777900484
extra_trees,4,numeric__USM1_joint_raw_path_l2,0.000696863771817868
extra_trees,4,numeric__USM3_joint_idle_fraction_relative,0.0006887170067291395
extra_trees,4,numeric__USM3_pose_rel_mean_angular_speed_rad_s,0.0006840765406718671
extra_trees,4,numeric__USM3_joint_max_joint_range,0.0006231735145166529
extra_trees,4,numeric__USM3_joint_movement_economy,0.0006115329620002313
extra_trees,4,task__task_clean_camera_target,0.0006113506114503428
extra_trees,4,numeric__USM3_joint_insertion_q3_mean_range,0.00045123322476474983
extra_trees,4,numeric__USM3_joint_net_displacement_l2,0.0004054999654175326
extra_trees,4,numeric__USM1_USM2_pose_rel_alignment_coverage,0.0003919714881058224
extra_trees,4,numeric__USM3_joint_max_acceleration_l2,0.00032745231848653944
extra_trees,4,numeric__active_pair_usm_a,0.00018040767695277248
extra_trees,4,numeric__USM3_joint_pause_count,5.5368108005109504e-05
extra_trees,4,numeric__USM3_joint_pause_duration_seconds,2.2115640954922385e-05
extra_trees,4,numeric__USM0_joint_median_dt_seconds,0.0
extra_trees,4,numeric__USM1_pose_rel_active,0.0
extra_trees,4,numeric__active_pair_usm_b,0.0
extra_trees,5,numeric__USM2_pose_rel_mean_angular_speed_rad_s,0.028624532661014633
extra_trees,5,numeric__USM2_pose_rel_pause_duration_seconds,0.022214312342673636
extra_trees,5,numeric__USM2_pose_rel_rotation_determinant_mean,0.020885008663654895
extra_trees,5,numeric__duration_seconds,0.020008688451021158
extra_trees,5,numeric__USM2_joint_pause_duration_seconds,0.01848812665514114
extra_trees,5,numeric__USM1_pose_rel_pause_duration_seconds,0.018258944139147897
extra_trees,5,numeric__USM0_joint_pause_duration_seconds,0.017451184126810227
extra_trees,5,numeric__USM1_USM2_pose_rel_mean_abs_relative_speed,0.015028509844422425
extra_trees,5,numeric__USM2_pose_rel_mean_speed_l2,0.01404772925907918
extra_trees,5,numeric__USM1_pose_rel_log_dimensionless_jerk,0.013558561064722013
extra_trees,5,numeric__USM2_joint_tool_roll_q4_mean_abs_velocity,0.013265423099105824
extra_trees,5,numeric__USM2_pose_rel_mean_abs_angular_acceleration_rad_s2,0.013224520518521488
extra_trees,5,numeric__USM3_pose_rel_rotation_determinant_mean,0.012662399773404016
extra_trees,5,numeric__USM2_pose_rel_log_dimensionless_jerk,0.012578441619599312
extra_trees,5,numeric__USM2_joint_base_revolute_q0_q2_mean_abs_velocity,0.011988802968528712
extra_trees,5,numeric__USM1_joint_pause_duration_seconds,0.011626692952595353
extra_trees,5,numeric__USM2_pose_rel_pause_count,0.011039160562169874
extra_trees,5,numeric__USM0_joint_idle_fraction_relative,0.010242414053778851
extra_trees,5,numeric__USM2_pose_rel_idle_threshold_relative,0.009985689376582386
extra_trees,5,numeric__USM0_joint_base_revolute_q0_q2_mean_abs_velocity,0.009882232108304046
extra_trees,5,numeric__active_pair_min_distance_rel,0.009809760930313936
extra_trees,5,numeric__USM3_pose_rel_log_dimensionless_jerk,0.00964915852888115
extra_trees,5,numeric__USM1_pose_rel_idle_threshold_relative,0.009472124149332415
extra_trees,5,numeric__active_pair_mean_distance_rel,0.009459186109395062
extra_trees,5,numeric__USM2_pose_rel_mean_acceleration_l2,0.009417196856112113
extra_trees,5,numeric__USM2_joint_pause_count,0.009405690802704732
extra_trees,5,task__task_clean_suture,0.009321882857062118
extra_trees,5,numeric__USM2_pose_rel_dimensionless_jerk,0.009147005194886702
extra_trees,5,numeric__USM1_pose_rel_dimensionless_jerk,0.008979937775407159
extra_trees,5,numeric__USM2_pose_rel_rms_speed_l2,0.008782914538754573
extra_trees,5,numeric__USM3_pose_rel_dimensionless_jerk,0.008446752816192378
extra_trees,5,numeric__USM1_pose_rel_rotation_determinant_mean,0.008359269522542135
extra_trees,5,numeric__USM0_joint_insertion_q3_path_l1,0.008151833796126575
extra_trees,5,numeric__USM0_joint_pause_count,0.00809744894438229
extra_trees,5,numeric__USM0_joint_raw_path_l2,0.007784721154895992
extra_trees,5,numeric__USM1_pose_rel_rms_speed_l2,0.007735710272208974
extra_trees,5,numeric__all_usm_joint_path_l1_total,0.007693927879708733
extra_trees,5,numeric__USM2_joint_insertion_q3_mean_abs_velocity,0.007544924340823219
extra_trees,5,numeric__USM3_pose_rel_pause_count,0.007451354965387044
extra_trees,5,numeric__USM2_pose_rel_pause_fraction,0.007323831907681163
extra_trees,5,numeric__USM2_pose_rel_idle_fraction_relative,0.006993401186254686
extra_trees,5,numeric__USM0_joint_insertion_q3_mean_abs_velocity,0.00684989732635542
extra_trees,5,numeric__USM1_pose_rel_max_speed_l2,0.0067544276634253445
extra_trees,5,numeric__USM0_joint_jerk_cost,0.006709011589413228
extra_trees,5,numeric__USM1_USM2_pose_rel_both_idle_fraction,0.006602564211457052
extra_trees,5,numeric__USM1_USM3_pose_rel_distance_range_rel,0.006503162361686533
extra_trees,5,numeric__USM1_USM3_pose_rel_path_length_imbalance,0.006435656028390478
extra_trees,5,numeric__USM2_joint_idle_fraction_relative,0.006240075938298517
extra_trees,5,numeric__USM2_USM3_pose_rel_mean_distance_rel,0.006217321928579934
extra_trees,5,numeric__USM2_USM3_pose_rel_both_idle_fraction,0.0059307928426656905
extra_trees,5,numeric__USM3_pose_rel_mean_abs_angular_acceleration_rad_s2,0.005744147418444742
extra_trees,5,numeric__USM3_pose_rel_mean_speed_l2,0.005682720999539466
extra_trees,5,numeric__USM0_joint_insertion_q3_mean_range,0.005675805978201545
extra_trees,5,numeric__USM2_USM3_pose_rel_min_distance_rel,0.005304994956830648
extra_trees,5,numeric__USM3_pose_rel_idle_fraction_relative,0.005283745954088805
extra_trees,5,numeric__USM1_pose_rel_max_acceleration_l2,0.0052099776668264155
extra_trees,5,numeric__USM1_USM3_pose_rel_std_distance_rel,0.005015068968341213
extra_trees,5,numeric__USM2_joint_base_revolute_q0_q2_path_l1,0.0049517107557532246
extra_trees,5,numeric__USM1_USM3_pose_rel_max_distance_rel,0.004843469024624202
extra_trees,5,numeric__USM3_pose_rel_idle_threshold_relative,0.004784061579257016
extra_trees,5,numeric__USM3_pose_rel_z_range,0.004721053899100426
extra_trees,5,numeric__USM0_joint_tool_roll_q4_mean_abs_velocity,0.004708785466145681
extra_trees,5,numeric__USM2_joint_mean_abs_joint_velocity,0.004700150122631234
extra_trees,5,numeric__USM3_pose_rel_pause_fraction,0.004598708872409114
extra_trees,5,numeric__USM0_joint_base_revolute_q0_q2_path_l1,0.004499242935672437
extra_trees,5,numeric__USM1_joint_base_revolute_q0_q2_mean_abs_velocity,0.004463079609433931
extra_trees,5,numeric__USM1_joint_insertion_q3_mean_abs_velocity,0.004417394320573717
extra_trees,5,numeric__USM1_USM2_pose_rel_mean_distance_rel,0.0043645200127937385
extra_trees,5,numeric__USM1_USM2_pose_rel_one_arm_only_active_fraction,0.0043163558413488136
extra_trees,5,numeric__USM0_joint_tool_roll_q4_path_l1,0.0042009543171917145
extra_trees,5,numeric__USM1_USM3_pose_rel_mean_distance_rel,0.004159732945831377
extra_trees,5,numeric__USM2_pose_rel_raw_path_l2,0.004100264524776622
extra_trees,5,numeric__USM1_USM2_pose_rel_distance_range_rel,0.003946374211460283
extra_trees,5,numeric__USM2_joint_insertion_q3_path_l1,0.0039304210418577325
extra_trees,5,numeric__USM2_joint_raw_path_l2,0.0038271594897884556
extra_trees,5,numeric__USM1_USM2_pose_rel_std_distance_rel,0.0038111858554732043
extra_trees,5,numeric__USM3_pose_rel_rms_speed_l2,0.00377299081080826
extra_trees,5,numeric__USM2_joint_pause_fraction,0.0037460899430519484
extra_trees,5,numeric__USM0_joint_mean_acceleration_l2,0.003672955716649073
extra_trees,5,numeric__USM1_pose_rel_economy_area_xy,0.003668019528510679
extra_trees,5,numeric__USM1_pose_rel_mean_acceleration_l2,0.0036514893931570815
extra_trees,5,numeric__USM2_joint_mean_acceleration_l2,0.003598287208360383
extra_trees,5,numeric__USM1_pose_rel_mean_speed_l2,0.003565779010929088
extra_trees,5,numeric__active_pair_both_idle_fraction,0.0035200766312522436
extra_trees,5,numeric__USM2_pose_rel_x_range,0.0034998570331541187
extra_trees,5,numeric__USM2_pose_rel_workspace_box_volume,0.0034735716049299073
extra_trees,5,numeric__USM1_USM3_pose_rel_speed_correlation,0.003461957548941736
extra_trees,5,numeric__active_pair_one_arm_only_active_fraction,0.00342064089321953
extra_trees,5,numeric__USM2_USM3_pose_rel_path_length_imbalance,0.0034204554035855116
extra_trees,5,numeric__USM2_USM3_pose_rel_simultaneous_active_fraction,0.0034181620709748
extra_trees,5,numeric__USM0_joint_mean_speed_l2,0.0033104577745063993
extra_trees,5,numeric__USM2_joint_tool_roll_q4_path_l1,0.0032886580389061143
extra_trees,5,numeric__USM0_joint_rms_speed_l2,0.0032591500208196357
extra_trees,5,numeric__USM3_joint_tool_roll_q4_mean_abs_velocity,0.0031666766314420317
extra_trees,5,numeric__USM2_joint_insertion_q3_mean_range,0.0031632651830037243
extra_trees,5,numeric__USM0_joint_base_revolute_q0_q2_mean_range,0.0031356684229062693
extra_trees,5,numeric__active_pair_path_length_imbalance,0.00312445142435496
extra_trees,5,numeric__USM1_USM2_pose_rel_simultaneous_active_fraction,0.002991357162595109
extra_trees,5,numeric__USM3_pose_rel_raw_path_l2,0.002869714964595169
extra_trees,5,numeric__USM3_joint_tool_roll_q4_path_l1,0.002839329659768282
extra_trees,5,numeric__USM2_USM3_pose_rel_speed_correlation,0.002803677893744493
extra_trees,5,numeric__USM2_pose_rel_rotation_path_radians,0.0027948201524946206
extra_trees,5,numeric__USM1_pose_rel_jerk_cost,0.0027925242763252897
extra_trees,5,numeric__USM1_joint_max_joint_range,0.002791949816005233
extra_trees,5,numeric__active_pair_simultaneous_active_fraction,0.0027658991673099194
extra_trees,5,numeric__USM3_joint_raw_path_l2,0.0027443590982954213
extra_trees,5,numeric__USM1_USM3_pose_rel_both_idle_fraction,0.002742939429414923
extra_trees,5,numeric__USM2_pose_rel_max_speed_l2,0.002741248704857057
extra_trees,5,numeric__USM1_pose_rel_y_range,0.0026956542215391386
extra_trees,5,numeric__USM1_pose_rel_idle_fraction_relative,0.0026883987472659265
extra_trees,5,numeric__USM1_pose_rel_pause_fraction,0.0026786314744226447
extra_trees,5,numeric__USM0_joint_distal_q5_q9_mean_range,0.0026735316910847474
extra_trees,5,numeric__USM1_pose_rel_economy_volume,0.0026680046345569984
extra_trees,5,numeric__USM1_joint_pause_fraction,0.0026507022974108624
extra_trees,5,numeric__USM1_USM3_pose_rel_min_distance_rel,0.0026471155155993395
extra_trees,5,numeric__USM1_USM3_pose_rel_one_arm_only_active_fraction,0.0026470206803435497
extra_trees,5,numeric__USM0_joint_max_joint_range,0.0026077326787781905
extra_trees,5,numeric__USM2_joint_mean_speed_l2,0.002564033450724992
extra_trees,5,numeric__USM3_joint_jerk_cost,0.0025034298121004595
extra_trees,5,numeric__USM2_joint_jerk_cost,0.002503265744522111
extra_trees,5,numeric__USM1_joint_net_displacement_l2,0.0024983396101229322
extra_trees,5,numeric__USM1_pose_rel_pause_count,0.002494236441374896
extra_trees,5,numeric__USM1_USM2_pose_rel_max_distance_rel,0.002435365778502301
extra_trees,5,numeric__USM3_joint_distal_q5_q9_mean_range,0.0023968408018483762
extra_trees,5,numeric__USM1_pose_rel_workspace_box_volume,0.0023868007671969524
extra_trees,5,numeric__USM3_pose_rel_mean_angular_speed_rad_s,0.0023790869507266774
extra_trees,5,numeric__USM1_pose_rel_x_range,0.002338715942327812
extra_trees,5,numeric__USM2_pose_rel_z_range,0.0023141277322117513
extra_trees,5,numeric__USM1_joint_base_revolute_q0_q2_mean_range,0.002311809955777191
extra_trees,5,numeric__USM0_joint_net_displacement_l2,0.0023101952368037118
extra_trees,5,numeric__USM1_pose_rel_max_angular_speed_rad_s,0.0022959147616711333
extra_trees,5,numeric__USM2_pose_rel_economy_volume,0.002292362239084838
extra_trees,5,numeric__all_psm_pose_rel_path_total,0.0022920674830191777
extra_trees,5,numeric__USM1_USM3_pose_rel_simultaneous_active_fraction,0.0022884426222352827
extra_trees,5,numeric__USM2_joint_base_revolute_q0_q2_mean_range,0.0022372631335005845
extra_trees,5,numeric__USM2_joint_distal_q5_q9_mean_range,0.0022278046534180062
extra_trees,5,numeric__USM0_joint_max_jerk_l2,0.0022210012654316166
extra_trees,5,numeric__USM1_pose_rel_mean_abs_angular_acceleration_rad_s2,0.0022123886258876356
extra_trees,5,numeric__USM0_joint_idle_threshold_relative,0.002193841241142799
extra_trees,5,numeric__USM3_pose_rel_y_range,0.0021932636492853824
extra_trees,5,numeric__USM0_joint_tool_roll_q4_mean_range,0.0021913642678479542
extra_trees,5,numeric__USM1_joint_max_acceleration_l2,0.002185849094543062
extra_trees,5,numeric__USM3_joint_mean_joint_range,0.0021845803893947428
extra_trees,5,numeric__active_pair_path_length_a_rel,0.0021462052372152648
extra_trees,5,numeric__USM1_joint_rms_speed_l2,0.002119908276239607
extra_trees,5,numeric__USM1_pose_rel_mean_angular_speed_rad_s,0.0021087612884450567
extra_trees,5,numeric__USM1_joint_distal_q5_q9_mean_range,0.002090843552050846
extra_trees,5,numeric__USM2_joint_idle_threshold_relative,0.002077046711976715
extra_trees,5,numeric__USM1_USM2_pose_rel_speed_correlation,0.0020715484712040284
extra_trees,5,numeric__USM3_pose_rel_max_acceleration_l2,0.0020672814633108903
extra_trees,5,numeric__USM1_USM2_pose_rel_min_distance_rel,0.002066324446294266
extra_trees,5,numeric__USM1_joint_insertion_q3_path_l1,0.002059582898656839
extra_trees,5,numeric__USM1_joint_idle_fraction_relative,0.002046366553937636
extra_trees,5,numeric__USM3_pose_rel_economy_area_xy,0.002016799432725578
extra_trees,5,numeric__USM3_pose_rel_economy_area_xz,0.0019987941928144557
extra_trees,5,numeric__USM2_USM3_pose_rel_std_distance_rel,0.0019781410142536335
extra_trees,5,numeric__USM1_joint_mean_joint_range,0.0019688551124616236
extra_trees,5,numeric__USM1_pose_rel_economy_area_xz,0.0019663312991404567
extra_trees,5,numeric__USM2_pose_rel_max_jerk_l2,0.0019512285984621695
extra_trees,5,task__task_clean_sea_spikes,0.0019258740587179757
extra_trees,5,numeric__USM3_pose_rel_max_speed_l2,0.0019218509734884844
extra_trees,5,numeric__USM2_joint_mean_joint_range,0.0019134436101703725
extra_trees,5,numeric__USM1_USM2_pose_rel_path_length_imbalance,0.0018850658746958006
extra_trees,5,numeric__USM0_joint_max_acceleration_l2,0.0018833131869042132
extra_trees,5,numeric__USM1_pose_rel_economy_area_yz,0.0018653575846704512
extra_trees,5,numeric__USM1_joint_movement_economy,0.0018609917893439181
extra_trees,5,numeric__USM2_pose_rel_max_angular_speed_rad_s,0.0018511482587253917
extra_trees,5,numeric__active_pair_speed_correlation,0.0018484985393350361
extra_trees,5,numeric__USM3_pose_rel_x_range,0.001848456618390819
extra_trees,5,numeric__USM2_joint_net_displacement_l2,0.0018260424566151861
extra_trees,5,numeric__USM1_joint_pause_count,0.0017972224091687933
extra_trees,5,numeric__USM1_joint_mean_speed_l2,0.0017924844831405024
extra_trees,5,numeric__USM2_pose_rel_max_abs_angular_acceleration_rad_s2,0.0017867533905321065
extra_trees,5,numeric__USM1_joint_max_abs_joint_velocity,0.0017755055582138971
extra_trees,5,numeric__USM2_pose_rel_y_range,0.0017663949149331819
extra_trees,5,numeric__USM3_pose_rel_jerk_cost,0.0017551319319768811
extra_trees,5,numeric__USM2_USM3_pose_rel_distance_range_rel,0.0017450742646958422
extra_trees,5,numeric__USM3_pose_rel_max_angular_speed_rad_s,0.0017325073794482314
extra_trees,5,numeric__USM3_pose_rel_economy_volume,0.0017183289170550685
extra_trees,5,numeric__USM3_joint_max_joint_range,0.0017132704739029692
extra_trees,5,numeric__USM2_joint_rms_speed_l2,0.0017105147250997745
extra_trees,5,numeric__USM3_pose_rel_pause_duration_seconds,0.0017084068554092146
extra_trees,5,numeric__USM2_pose_rel_jerk_cost,0.0017060913100351047
extra_trees,5,numeric__USM2_joint_max_joint_range,0.0016987421058688914
extra_trees,5,numeric__USM3_pose_rel_workspace_box_volume,0.001686440762597842
extra_trees,5,numeric__USM2_pose_rel_economy_area_xy,0.0016746855156910987
extra_trees,5,numeric__USM1_joint_base_revolute_q0_q2_path_l1,0.001670847090328794
extra_trees,5,numeric__USM2_USM3_pose_rel_one_arm_only_active_fraction,0.0016700475625482365
extra_trees,5,numeric__USM2_pose_rel_max_acceleration_l2,0.0016619355343529363
extra_trees,5,numeric__USM3_joint_mean_speed_l2,0.0016489984599051292
extra_trees,5,numeric__USM1_pose_rel_z_range,0.0016377935916917442
extra_trees,5,numeric__USM1_joint_tool_roll_q4_mean_abs_velocity,0.0016305482979796168
extra_trees,5,numeric__USM2_joint_max_abs_joint_velocity,0.0015952129957353027
extra_trees,5,numeric__USM2_pose_rel_net_displacement_l2,0.0015942836083687557
extra_trees,5,numeric__USM3_pose_rel_max_abs_angular_acceleration_rad_s2,0.0015864404516460295
extra_trees,5,numeric__USM2_joint_max_acceleration_l2,0.0015455235238939484
extra_trees,5,numeric__USM3_joint_base_revolute_q0_q2_mean_range,0.0015346793465503196
extra_trees,5,numeric__USM1_joint_distal_q5_q9_path_l1,0.0015344166887032963
extra_trees,5,numeric__USM1_pose_rel_max_abs_angular_acceleration_rad_s2,0.0015331522750601956
extra_trees,5,numeric__USM3_pose_rel_movement_economy,0.0015268527374780537
extra_trees,5,numeric__USM3_pose_rel_net_displacement_l2,0.0015215936746710405
extra_trees,5,numeric__USM0_joint_max_speed_l2,0.0014915033744748838
extra_trees,5,numeric__USM1_joint_mean_acceleration_l2,0.0014888858828090508
extra_trees,5,numeric__USM1_joint_raw_path_l2,0.001484521496315418
extra_trees,5,numeric__USM1_joint_insertion_q3_mean_range,0.0014832214584842827
extra_trees,5,numeric__USM0_joint_mean_joint_range,0.0014812361343347668
extra_trees,5,numeric__USM1_joint_max_speed_l2,0.0014697748159947994
extra_trees,5,numeric__USM0_joint_movement_economy,0.0014692496958102644
extra_trees,5,numeric__USM3_joint_base_revolute_q0_q2_path_l1,0.0014446029740200123
extra_trees,5,task__task_clean_camera_target,0.0014067620682507464
extra_trees,5,numeric__USM3_joint_base_revolute_q0_q2_mean_abs_velocity,0.0013967767472686666
extra_trees,5,numeric__USM2_joint_max_jerk_l2,0.0013931882628275987
extra_trees,5,numeric__USM1_pose_rel_net_displacement_l2,0.0013869700477620352
extra_trees,5,numeric__USM2_joint_movement_economy,0.0013631703018550463
extra_trees,5,numeric__USM2_joint_max_speed_l2,0.00133839175257193
extra_trees,5,numeric__USM1_pose_rel_raw_path_l2,0.0013271889672165633
extra_trees,5,numeric__USM3_pose_rel_economy_area_yz,0.0012799570726751072
extra_trees,5,numeric__USM1_joint_jerk_cost,0.0012636424723144603
extra_trees,5,numeric__USM1_pose_rel_rotation_path_radians,0.0012410267647699892
extra_trees,5,numeric__USM1_pose_rel_movement_economy,0.0012218467307998381
extra_trees,5,numeric__USM2_pose_rel_economy_area_yz,0.001194985994795011
extra_trees,5,task__task_clean_ring_rollercoaster,0.0011747480543532764
extra_trees,5,numeric__USM3_pose_rel_rotation_path_radians,0.0011587380469205968
extra_trees,5,numeric__USM3_joint_idle_fraction_relative,0.0011454371011554473
extra_trees,5,task__task_clean_glove_cut,0.0011409547425715672
extra_trees,5,numeric__USM2_pose_rel_movement_economy,0.0010531239374376754
extra_trees,5,numeric__USM3_joint_max_speed_l2,0.001025102319271334
extra_trees,5,numeric__USM2_pose_rel_economy_area_xz,0.0010194646942237604
extra_trees,5,numeric__USM3_joint_insertion_q3_mean_range,0.0010097278814984031
extra_trees,5,numeric__USM3_joint_net_displacement_l2,0.0010012146062073385
extra_trees,5,numeric__USM1_joint_tool_roll_q4_path_l1,0.0009972487437278571
extra_trees,5,numeric__USM1_joint_max_jerk_l2,0.0008249782104069101
extra_trees,5,numeric__USM3_joint_insertion_q3_path_l1,0.0008128477604712107
extra_trees,5,numeric__USM3_joint_max_acceleration_l2,0.0008093958471571054
extra_trees,5,numeric__USM0_joint_max_gap_seconds,0.0007432515547357716
extra_trees,5,numeric__active_pair_usm_a,0.0007149774956589595
extra_trees,5,numeric__USM3_joint_movement_economy,0.0005707720000387579
extra_trees,5,numeric__USM3_joint_insertion_q3_mean_abs_velocity,0.000416901447379053
extra_trees,5,numeric__USM1_USM2_pose_rel_alignment_coverage,0.0002512959529090958
extra_trees,5,numeric__USM3_joint_pause_count,0.00022120690600183583
extra_trees,5,numeric__USM3_joint_pause_duration_seconds,3.8697707023119534e-05
extra_trees,5,numeric__USM0_joint_median_dt_seconds,0.0
extra_trees,5,numeric__USM1_pose_rel_active,0.0
extra_trees,5,numeric__active_pair_usm_b,0.0
