file_name,role,participant_id,participant_group,task_clean,trial,model,cv_fold,y_true,y_pred,residual,absolute_error
DVST_XI_11-14_Aug_2025_14_10.45.28_expert_8_camera target_1.csv,expert,8,expert__participant_8,camera_target,1,random_forest,1,28.0,24.581122107477547,3.4188778925224526,3.4188778925224526
DVST_XI_11-14_Aug_2025_14_10.45.28_expert_8_glove cut_1.csv,expert,8,expert__participant_8,glove_cut,1,random_forest,1,24.0,22.99387072097915,1.0061292790208505,1.0061292790208505
DVST_XI_11-14_Aug_2025_14_10.45.28_expert_8_ring rollercoaster_1.csv,expert,8,expert__participant_8,ring_rollercoaster,1,random_forest,1,24.0,24.80728329986612,-0.8072832998661212,0.8072832998661212
DVST_XI_11-14_Aug_2025_14_10.45.28_expert_8_sea spikes_1.csv,expert,8,expert__participant_8,sea_spikes,1,random_forest,1,22.0,22.548538798049336,-0.5485387980493357,0.5485387980493357
DVST_XI_11-14_Aug_2025_14_10.45.28_expert_8_suture_1.csv,expert,8,expert__participant_8,suture,1,random_forest,1,29.0,25.024254159495126,3.9757458405048745,3.9757458405048745
DVST_XI_14-16_Feb_2024_14_09.13.16_trainee_1_camera target_1.csv,trainee,1,trainee__participant_1,camera_target,1,random_forest,1,17.0,18.89136366896156,-1.89136366896156,1.89136366896156
DVST_XI_14-16_Feb_2024_14_09.13.16_trainee_1_glove cut_1.csv,trainee,1,trainee__participant_1,glove_cut,1,random_forest,1,15.0,16.49703875023905,-1.4970387502390494,1.4970387502390494
DVST_XI_14-16_Feb_2024_14_09.13.16_trainee_1_ring rollercoaster_1.csv,trainee,1,trainee__participant_1,ring_rollercoaster,1,random_forest,1,14.0,18.45779606521323,-4.4577960652132305,4.4577960652132305
DVST_XI_14-16_Feb_2024_14_09.13.16_trainee_1_sea spikes_1.csv,trainee,1,trainee__participant_1,sea_spikes,1,random_forest,1,13.0,16.65784094168883,-3.6578409416888285,3.6578409416888285
DVST_XI_14-16_Feb_2024_14_09.13.16_trainee_1_suture_1.csv,trainee,1,trainee__participant_1,suture,1,random_forest,1,19.0,16.474039610824235,2.525960389175765,2.525960389175765
DVST_XI_14-16_Feb_2024_14_09.13.16_trainee_5_camera target_1.csv,trainee,5,trainee__participant_5,camera_target,1,random_forest,1,7.0,14.960982620960046,-7.960982620960046,7.960982620960046
DVST_XI_14-16_Feb_2024_14_09.13.16_trainee_5_glove cut_1.csv,trainee,5,trainee__participant_5,glove_cut,1,random_forest,1,11.0,16.721129159495128,-5.721129159495128,5.721129159495128
DVST_XI_14-16_Feb_2024_14_09.13.16_trainee_5_ring rollercoaster_1.csv,trainee,5,trainee__participant_5,ring_rollercoaster,1,random_forest,1,17.0,15.7508020175942,1.2491979824058,1.2491979824058
DVST_XI_14-16_Feb_2024_14_09.13.16_trainee_5_sea spikes_1.csv,trainee,5,trainee__participant_5,sea_spikes,1,random_forest,1,16.0,16.97615163033083,-0.9761516303308291,0.9761516303308291
DVST_XI_14-16_Feb_2024_14_09.13.16_trainee_5_suture_1.csv,trainee,5,trainee__participant_5,suture,1,random_forest,1,16.0,17.038342656339644,-1.038342656339644,1.038342656339644
DVST_XI_14-16_Feb_2024_16_08.32.59_trainee_1_camera target_2.csv,trainee,1,trainee__participant_1,camera_target,2,random_forest,1,19.0,17.10368823779969,1.896311762200309,1.896311762200309
DVST_XI_14-16_Feb_2024_16_08.32.59_trainee_1_glove cut_2.csv,trainee,1,trainee__participant_1,glove_cut,2,random_forest,1,19.0,16.98656172308282,2.0134382769171815,2.0134382769171815
DVST_XI_14-16_Feb_2024_16_08.32.59_trainee_1_ring rollercoaster_2.csv,trainee,1,trainee__participant_1,ring_rollercoaster,2,random_forest,1,20.0,18.776717584624205,1.2232824153757953,1.2232824153757953
DVST_XI_14-16_Feb_2024_16_08.32.59_trainee_1_sea spikes_2.csv,trainee,1,trainee__participant_1,sea_spikes,2,random_forest,1,19.0,18.961259323006313,0.03874067699368666,0.03874067699368666
DVST_XI_14-16_Feb_2024_16_08.32.59_trainee_1_suture_2.csv,trainee,1,trainee__participant_1,suture,2,random_forest,1,17.0,18.95675141040353,-1.9567514104035304,1.9567514104035304
DVST_XI_14-16_Feb_2024_16_08.32.59_trainee_5_camera target_2.csv,trainee,5,trainee__participant_5,camera_target,2,random_forest,1,21.0,18.26552161025053,2.7344783897494693,2.7344783897494693
DVST_XI_14-16_Feb_2024_16_08.32.59_trainee_5_glove cut_2.csv,trainee,5,trainee__participant_5,glove_cut,2,random_forest,1,19.0,17.039515801300446,1.9604841986995538,1.9604841986995538
DVST_XI_14-16_Feb_2024_16_08.32.59_trainee_5_ring rollercoaster_2.csv,trainee,5,trainee__participant_5,ring_rollercoaster,2,random_forest,1,23.0,16.72010064065789,6.27989935934211,6.27989935934211
DVST_XI_14-16_Feb_2024_16_08.32.59_trainee_5_sea spikes_2.csv,trainee,5,trainee__participant_5,sea_spikes,2,random_forest,1,21.0,20.34312129470261,0.656878705297391,0.656878705297391
DVST_XI_14-16_Feb_2024_16_08.32.59_trainee_5_suture_2.csv,trainee,5,trainee__participant_5,suture,2,random_forest,1,21.0,17.564260613884116,3.435739386115884,3.435739386115884
DVST_XI_19-22_May_2025_22_09.34.36_trainee_37_camera target_2.csv,trainee,37,trainee__participant_37,camera_target,2,random_forest,1,16.0,18.242065284949323,-2.242065284949323,2.242065284949323
DVST_XI_19-22_May_2025_22_09.34.36_trainee_37_glove cut_2.csv,trainee,37,trainee__participant_37,glove_cut,2,random_forest,1,19.0,20.046748302734752,-1.046748302734752,1.046748302734752
DVST_XI_19-22_May_2025_22_09.34.36_trainee_41_camera target_2.csv,trainee,41,trainee__participant_41,camera_target,2,random_forest,1,20.0,19.24069014151845,0.7593098584815507,0.7593098584815507
DVST_XI_19-22_May_2025_22_09.34.36_trainee_41_glove cut_2.csv,trainee,41,trainee__participant_41,glove_cut,2,random_forest,1,19.0,18.666261474469298,0.33373852553070193,0.33373852553070193
DVST_XI_6-8_Mar_2025_06_10.41.14_trainee_32_camera target_1.csv,trainee,32,trainee__participant_32,camera_target,1,random_forest,1,20.0,20.904541379804932,-0.9045413798049324,0.9045413798049324
DVST_XI_6-8_Mar_2025_06_10.41.14_trainee_32_ring rollercoaster_1.csv,trainee,32,trainee__participant_32,ring_rollercoaster,1,random_forest,1,17.0,15.855874091604523,1.144125908395477,1.144125908395477
DVST_XI_6-8_Mar_2025_06_10.41.14_trainee_32_sea spikes_1.csv,trainee,32,trainee__participant_32,sea_spikes,1,random_forest,1,14.0,23.468964548670872,-9.468964548670872,9.468964548670872
DVST_XI_6-8_Mar_2025_07_11.56.53_trainee_32_glove cut_1.csv,trainee,32,trainee__participant_32,glove_cut,1,random_forest,1,13.0,19.232421352074976,-6.232421352074976,6.232421352074976
DVST_XI_6-8_Mar_2025_08_08.21.32_expert_3_camera target_1.csv,expert,3,expert__participant_3,camera_target,1,random_forest,1,27.0,21.357996868426085,5.642003131573915,5.642003131573915
DVST_XI_6-8_Mar_2025_08_08.21.32_expert_3_glove cut_1.csv,expert,3,expert__participant_3,glove_cut,1,random_forest,1,24.0,21.476157008988324,2.5238429910116764,2.5238429910116764
DVST_XI_6-8_Mar_2025_08_08.21.32_expert_3_ring rollercoaster_1.csv,expert,3,expert__participant_3,ring_rollercoaster,1,random_forest,1,21.0,20.27479322050105,0.7252067794989507,0.7252067794989507
DVST_XI_6-8_Mar_2025_08_08.21.32_expert_3_sea spikes_1.csv,expert,3,expert__participant_3,sea_spikes,1,random_forest,1,23.0,19.98989708835341,3.010102911646591,3.010102911646591
DVST_XI_6-8_Mar_2025_08_08.21.32_expert_3_suture_1.csv,expert,3,expert__participant_3,suture,1,random_forest,1,28.0,21.922871844520937,6.077128155479063,6.077128155479063
DVST_XI_Griffin_29_sep-1_oct_2024_01_10.39.05_trainee_18_camera target_2.csv,trainee,18,trainee__participant_18,camera_target,2,random_forest,1,18.0,21.145015179766684,-3.145015179766684,3.145015179766684
DVST_XI_Griffin_29_sep-1_oct_2024_01_10.39.05_trainee_20_camera target_2.csv,trainee,20,trainee__participant_20,camera_target,2,random_forest,1,14.0,19.22878418435647,-5.228784184356471,5.228784184356471
DVST_XI_Griffin_29_sep-1_oct_2024_29_09.07.40_trainee_18_camera target_1.csv,trainee,18,trainee__participant_18,camera_target,1,random_forest,1,19.0,21.542459719831704,-2.5424597198317045,2.5424597198317045
DVST_XI_Griffin_29_sep-1_oct_2024_29_09.07.40_trainee_18_suture_1.csv,trainee,18,trainee__participant_18,suture,1,random_forest,1,12.0,18.78110895964812,-6.781108959648119,6.781108959648119
DVST_XI_Griffin_29_sep-1_oct_2024_29_09.07.40_trainee_20_camera target_1.csv,trainee,20,trainee__participant_20,camera_target,1,random_forest,1,15.0,17.65886402753873,-2.65886402753873,2.65886402753873
DVST_XI_Griffin_29_sep-1_oct_2024_29_09.07.40_trainee_20_suture_1.csv,trainee,20,trainee__participant_20,suture,1,random_forest,1,13.0,18.287082257601845,-5.2870822576018455,5.2870822576018455
DVST_XI_Griffin_29_sep-1_oct_2024_30_12.18.00_trainee_18_glove cut_2.csv,trainee,18,trainee__participant_18,glove_cut,2,random_forest,1,22.0,21.928788965385348,0.07121103461465239,0.07121103461465239
DVST_XI_Griffin_29_sep-1_oct_2024_30_12.18.00_trainee_18_ring rollercoaster_2.csv,trainee,18,trainee__participant_18,ring_rollercoaster,2,random_forest,1,24.0,20.834804694970355,3.165195305029645,3.165195305029645
DVST_XI_Griffin_29_sep-1_oct_2024_30_12.18.00_trainee_18_sea spikes_2.csv,trainee,18,trainee__participant_18,sea_spikes,2,random_forest,1,22.0,21.01180615318418,0.9881938468158182,0.9881938468158182
DVST_XI_Griffin_29_sep-1_oct_2024_30_12.18.00_trainee_18_suture_2.csv,trainee,18,trainee__participant_18,suture,2,random_forest,1,22.0,20.44579030407343,1.5542096959265699,1.5542096959265699
DVST_XI_Griffin_29_sep-1_oct_2024_30_12.18.00_trainee_20_glove cut_2.csv,trainee,20,trainee__participant_20,glove_cut,2,random_forest,1,17.0,20.202009825014333,-3.2020098250143327,3.2020098250143327
DVST_XI_Griffin_29_sep-1_oct_2024_30_12.18.00_trainee_20_ring rollercoaster_2.csv,trainee,20,trainee__participant_20,ring_rollercoaster,2,random_forest,1,21.0,19.41897112258558,1.5810288774144183,1.5810288774144183
DVST_XI_Griffin_29_sep-1_oct_2024_30_12.18.00_trainee_20_sea spikes_2.csv,trainee,20,trainee__participant_20,sea_spikes,2,random_forest,1,21.0,20.398137843582123,0.6018621564178765,0.6018621564178765
DVST_XI_14-16_Feb_2024_14_09.13.16_trainee_4_camera target_1.csv,trainee,4,trainee__participant_4,camera_target,1,random_forest,2,16.0,16.301051493350737,-0.30105149335073733,0.30105149335073733
DVST_XI_14-16_Feb_2024_14_09.13.16_trainee_4_glove cut_1.csv,trainee,4,trainee__participant_4,glove_cut,1,random_forest,2,23.0,16.862917358483088,6.137082641516912,6.137082641516912
DVST_XI_14-16_Feb_2024_14_09.13.16_trainee_4_ring rollercoaster_1.csv,trainee,4,trainee__participant_4,ring_rollercoaster,1,random_forest,2,14.0,17.79922964883964,-3.7992296488396384,3.7992296488396384
DVST_XI_14-16_Feb_2024_14_09.13.16_trainee_4_sea spikes_1.csv,trainee,4,trainee__participant_4,sea_spikes,1,random_forest,2,18.0,17.037014044065884,0.9629859559341156,0.9629859559341156
DVST_XI_14-16_Feb_2024_14_09.13.16_trainee_4_suture_1.csv,trainee,4,trainee__participant_4,suture,1,random_forest,2,18.0,18.12401511802427,-0.12401511802427123,0.12401511802427123
DVST_XI_14-16_Feb_2024_16_08.32.59_trainee_4_camera target_2.csv,trainee,4,trainee__participant_4,camera_target,2,random_forest,2,23.0,18.824176602419843,4.175823397580157,4.175823397580157
DVST_XI_14-16_Feb_2024_16_08.32.59_trainee_4_glove cut_2.csv,trainee,4,trainee__participant_4,glove_cut,2,random_forest,2,24.0,17.85205297025688,6.1479470297431185,6.1479470297431185
DVST_XI_14-16_Feb_2024_16_08.32.59_trainee_4_ring rollercoaster_2.csv,trainee,4,trainee__participant_4,ring_rollercoaster,2,random_forest,2,24.0,18.45834064849203,5.54165935150797,5.54165935150797
DVST_XI_14-16_Feb_2024_16_08.32.59_trainee_4_sea spikes_2.csv,trainee,4,trainee__participant_4,sea_spikes,2,random_forest,2,24.0,18.642659887068664,5.357340112931336,5.357340112931336
DVST_XI_14-16_Feb_2024_16_08.32.59_trainee_4_suture_2.csv,trainee,4,trainee__participant_4,suture,2,random_forest,2,22.0,20.81662591322038,1.1833740867796188,1.1833740867796188
DVST_XI_6-8_Mar_2025_06_10.41.14_trainee_31_ring rollercoaster_1.csv,trainee,31,trainee__participant_31,ring_rollercoaster,1,random_forest,2,15.0,17.36516333596148,-2.36516333596148,2.36516333596148
DVST_XI_6-8_Mar_2025_06_10.41.14_trainee_31_sea spikes_1.csv,trainee,31,trainee__participant_31,sea_spikes,1,random_forest,2,13.0,18.118204103819316,-5.118204103819316,5.118204103819316
DVST_XI_6-8_Mar_2025_06_10.41.14_trainee_33_camera target_1.csv,trainee,33,trainee__participant_33,camera_target,1,random_forest,2,23.0,22.70756023766973,0.2924397623302717,0.2924397623302717
DVST_XI_6-8_Mar_2025_06_10.41.14_trainee_33_ring rollercoaster_1.csv,trainee,33,trainee__participant_33,ring_rollercoaster,1,random_forest,2,21.0,20.410133290707524,0.5898667092924761,0.5898667092924761
DVST_XI_6-8_Mar_2025_06_10.41.14_trainee_33_sea spikes_1.csv,trainee,33,trainee__participant_33,sea_spikes,1,random_forest,2,16.0,19.093377277017535,-3.0933772770175345,3.0933772770175345
DVST_XI_6-8_Mar_2025_06_10.41.14_trainee_36_ring rollercoaster_1.csv,trainee,36,trainee__participant_36,ring_rollercoaster,1,random_forest,2,19.0,16.349189331363938,2.650810668636062,2.650810668636062
DVST_XI_6-8_Mar_2025_06_10.41.14_trainee_36_sea spikes_1.csv,trainee,36,trainee__participant_36,sea_spikes,1,random_forest,2,16.0,16.79671142367499,-0.7967114236749886,0.7967114236749886
DVST_XI_6-8_Mar_2025_07_11.56.53_expert_2_camera target_1.csv,expert,2,expert__participant_2,camera_target,1,random_forest,2,25.0,23.033550178474655,1.9664498215253445,1.9664498215253445
DVST_XI_6-8_Mar_2025_07_11.56.53_expert_2_glove cut_1.csv,expert,2,expert__participant_2,glove_cut,1,random_forest,2,19.0,16.47111525922695,2.5288847407730515,2.5288847407730515
DVST_XI_6-8_Mar_2025_07_11.56.53_expert_2_ring rollercoaster_1.csv,expert,2,expert__participant_2,ring_rollercoaster,1,random_forest,2,20.0,20.690557658366103,-0.690557658366103,0.690557658366103
DVST_XI_6-8_Mar_2025_07_11.56.53_expert_2_sea spikes_1.csv,expert,2,expert__participant_2,sea_spikes,1,random_forest,2,18.0,21.477784943482575,-3.4777849434825754,3.4777849434825754
DVST_XI_6-8_Mar_2025_07_11.56.53_expert_2_suture_1.csv,expert,2,expert__participant_2,suture,1,random_forest,2,23.0,21.536632240544453,1.4633677594555472,1.4633677594555472
DVST_XI_6-8_Mar_2025_07_11.56.53_trainee_31_glove cut_1.csv,trainee,31,trainee__participant_31,glove_cut,1,random_forest,2,16.0,17.221074895198676,-1.2210748951986758,1.2210748951986758
DVST_XI_6-8_Mar_2025_07_11.56.53_trainee_33_camera target_2.csv,trainee,33,trainee__participant_33,camera_target,2,random_forest,2,19.0,20.60236759960472,-1.6023675996047189,1.6023675996047189
DVST_XI_6-8_Mar_2025_07_11.56.53_trainee_33_glove cut_1.csv,trainee,33,trainee__participant_33,glove_cut,1,random_forest,2,18.0,18.0424405213962,-0.04244052139619825,0.04244052139619825
DVST_XI_6-8_Mar_2025_07_11.56.53_trainee_33_sea spikes_2.csv,trainee,33,trainee__participant_33,sea_spikes,2,random_forest,2,20.0,18.223266664193947,1.7767333358060533,1.7767333358060533
DVST_XI_6-8_Mar_2025_07_11.56.53_trainee_36_glove cut_1.csv,trainee,36,trainee__participant_36,glove_cut,1,random_forest,2,18.0,17.34165877754914,0.6583412224508614,0.6583412224508614
DVST_XI_Griffin_16-19_07_2024_17_12.20.23_trainee_13_camera target_1.csv,trainee,13,trainee__participant_13,camera_target,1,random_forest,2,19.0,19.522209427597126,-0.5222094275971259,0.5222094275971259
DVST_XI_Griffin_16-19_07_2024_17_12.20.23_trainee_13_glove cut_1.csv,trainee,13,trainee__participant_13,glove_cut,1,random_forest,2,23.0,17.999327545469708,5.000672454530292,5.000672454530292
DVST_XI_Griffin_16-19_07_2024_17_12.20.23_trainee_13_ring rollercoaster_1.csv,trainee,13,trainee__participant_13,ring_rollercoaster,1,random_forest,2,17.0,20.572767212314602,-3.572767212314602,3.572767212314602
DVST_XI_Griffin_16-19_07_2024_17_12.20.23_trainee_13_ring rollercoaster_2.csv,trainee,13,trainee__participant_13,ring_rollercoaster,2,random_forest,2,22.0,19.45141525782543,2.548584742174569,2.548584742174569
DVST_XI_Griffin_16-19_07_2024_17_12.20.23_trainee_13_sea spikes_1.csv,trainee,13,trainee__participant_13,sea_spikes,1,random_forest,2,17.0,19.083868070233297,-2.0838680702332972,2.0838680702332972
DVST_XI_Griffin_16-19_07_2024_17_12.20.23_trainee_13_suture_1.csv,trainee,13,trainee__participant_13,suture,1,random_forest,2,23.0,17.806078744456062,5.193921255543938,5.193921255543938
DVST_XI_Griffin_16-19_07_2024_18_08.46.52_trainee_13_sea spikes_2.csv,trainee,13,trainee__participant_13,sea_spikes,2,random_forest,2,21.0,23.965298850499522,-2.965298850499522,2.965298850499522
DVST_XI_Griffin_16-19_07_2024_18_08.46.52_trainee_13_suture_2.csv,trainee,13,trainee__participant_13,suture,2,random_forest,2,28.0,21.081106933180408,6.918893066819592,6.918893066819592
DVST_XI_Griffin_16-19_07_2024_19_09.39.41_trainee_13_camera target_2.csv,trainee,13,trainee__participant_13,camera_target,2,random_forest,2,17.0,22.484311652146637,-5.484311652146637,5.484311652146637
DVST_XI_Griffin_29_sep-1_oct_2024_01_10.39.05_trainee_17_camera target_2.csv,trainee,17,trainee__participant_17,camera_target,2,random_forest,2,22.0,21.2965882296185,0.7034117703814999,0.7034117703814999
DVST_XI_Griffin_29_sep-1_oct_2024_01_10.39.05_trainee_21_camera target_2.csv,trainee,21,trainee__participant_21,camera_target,2,random_forest,2,23.0,20.215361778469077,2.7846382215309227,2.7846382215309227
DVST_XI_Griffin_29_sep-1_oct_2024_29_09.07.40_trainee_17_camera target_1.csv,trainee,17,trainee__participant_17,camera_target,1,random_forest,2,23.0,17.871709427460555,5.128290572539445,5.128290572539445
DVST_XI_Griffin_29_sep-1_oct_2024_29_09.07.40_trainee_17_suture_1.csv,trainee,17,trainee__participant_17,suture,1,random_forest,2,15.0,20.36006665390993,-5.360066653909929,5.360066653909929
DVST_XI_Griffin_29_sep-1_oct_2024_29_09.07.40_trainee_21_camera target_1.csv,trainee,21,trainee__participant_21,camera_target,1,random_forest,2,19.0,19.17692063509118,-0.17692063509117872,0.17692063509117872
DVST_XI_Griffin_29_sep-1_oct_2024_29_09.07.40_trainee_21_suture_1.csv,trainee,21,trainee__participant_21,suture,1,random_forest,2,18.0,16.584564126549978,1.415435873450022,1.415435873450022
DVST_XI_Griffin_29_sep-1_oct_2024_30_12.18.00_trainee_17_glove cut_2.csv,trainee,17,trainee__participant_17,glove_cut,2,random_forest,2,22.0,18.651940576874743,3.3480594231252567,3.3480594231252567
DVST_XI_Griffin_29_sep-1_oct_2024_30_12.18.00_trainee_17_ring rollercoaster_2.csv,trainee,17,trainee__participant_17,ring_rollercoaster,2,random_forest,2,22.0,19.751668911127013,2.2483310888729875,2.2483310888729875
DVST_XI_Griffin_29_sep-1_oct_2024_30_12.18.00_trainee_17_sea spikes_2.csv,trainee,17,trainee__participant_17,sea_spikes,2,random_forest,2,22.0,21.91801434321031,0.08198565678969061,0.08198565678969061
DVST_XI_Griffin_29_sep-1_oct_2024_30_12.18.00_trainee_21_glove cut_2.csv,trainee,21,trainee__participant_21,glove_cut,2,random_forest,2,25.0,18.91864280216559,6.081357197834411,6.081357197834411
DVST_XI_Griffin_29_sep-1_oct_2024_30_12.18.00_trainee_21_ring rollercoaster_2.csv,trainee,21,trainee__participant_21,ring_rollercoaster,2,random_forest,2,22.0,19.422821804914573,2.577178195085427,2.577178195085427
DVST_XI_Griffin_29_sep-1_oct_2024_30_12.18.00_trainee_21_sea spikes_2.csv,trainee,21,trainee__participant_21,sea_spikes,2,random_forest,2,22.0,21.394317650976507,0.6056823490234926,0.6056823490234926
DVST_XI_Griffin_29_sep-1_oct_2024_30_12.18.00_trainee_21_suture_2.csv,trainee,21,trainee__participant_21,suture,2,random_forest,2,23.0,21.378971923646738,1.6210280763532623,1.6210280763532623
DVST_XI_10-13_Nov_2025_12_10.36.46_expert_10_camera target_1.csv,expert,10,expert__participant_10,camera_target,1,random_forest,3,30.0,25.03852813852812,4.961471861471878,4.961471861471878
DVST_XI_10-13_Nov_2025_12_10.36.46_expert_10_glove cut_1.csv,expert,10,expert__participant_10,glove_cut,1,random_forest,3,28.0,24.478229467291968,3.5217705327080324,3.5217705327080324
DVST_XI_10-13_Nov_2025_12_10.36.46_expert_10_ring rollercoaster_1.csv,expert,10,expert__participant_10,ring_rollercoaster,1,random_forest,3,29.0,21.257253610236564,7.742746389763436,7.742746389763436
DVST_XI_10-13_Nov_2025_12_10.36.46_expert_10_sea spikes_1.csv,expert,10,expert__participant_10,sea_spikes,1,random_forest,3,29.0,21.948002344877345,7.051997655122655,7.051997655122655
DVST_XI_10-13_Nov_2025_12_10.36.46_expert_10_suture_1.csv,expert,10,expert__participant_10,suture,1,random_forest,3,30.0,24.314847883597874,5.685152116402126,5.685152116402126
DVST_XI_11-14_Aug_2025_13_11.33.24_expert_7_camera target_1.csv,expert,7,expert__participant_7,camera_target,1,random_forest,3,28.0,25.152210347522846,2.8477896524771538,2.8477896524771538
DVST_XI_11-14_Aug_2025_13_11.33.24_expert_7_glove cut_1.csv,expert,7,expert__participant_7,glove_cut,1,random_forest,3,25.0,20.601805254930262,4.398194745069738,4.398194745069738
DVST_XI_11-14_Aug_2025_13_11.33.24_expert_7_ring rollercoaster_1.csv,expert,7,expert__participant_7,ring_rollercoaster,1,random_forest,3,20.0,24.411488942454856,-4.411488942454856,4.411488942454856
DVST_XI_11-14_Aug_2025_13_11.33.24_expert_7_sea spikes_1.csv,expert,7,expert__participant_7,sea_spikes,1,random_forest,3,20.0,20.149310064935065,-0.14931006493506516,0.14931006493506516
DVST_XI_11-14_Aug_2025_13_11.33.24_expert_7_suture_1.csv,expert,7,expert__participant_7,suture,1,random_forest,3,29.0,24.126898448773456,4.873101551226544,4.873101551226544
DVST_XI_14-16_Feb_2024_14_09.13.16_trainee_3_camera target_1.csv,trainee,3,trainee__participant_3,camera_target,1,random_forest,3,15.0,18.950148809523807,-3.9501488095238066,3.9501488095238066
DVST_XI_14-16_Feb_2024_14_09.13.16_trainee_3_glove cut_1.csv,trainee,3,trainee__participant_3,glove_cut,1,random_forest,3,17.0,19.313160624098124,-2.313160624098124,2.313160624098124
DVST_XI_14-16_Feb_2024_14_09.13.16_trainee_3_ring rollercoaster_1.csv,trainee,3,trainee__participant_3,ring_rollercoaster,1,random_forest,3,12.0,17.745312500000008,-5.745312500000008,5.745312500000008
DVST_XI_14-16_Feb_2024_14_09.13.16_trainee_3_sea spikes_1.csv,trainee,3,trainee__participant_3,sea_spikes,1,random_forest,3,15.0,18.312599206349212,-3.312599206349212,3.312599206349212
DVST_XI_14-16_Feb_2024_14_09.13.16_trainee_3_suture_1.csv,trainee,3,trainee__participant_3,suture,1,random_forest,3,19.0,18.644473003848013,0.3555269961519869,0.3555269961519869
DVST_XI_14-16_Feb_2024_16_08.32.59_trainee_3_camera target_2.csv,trainee,3,trainee__participant_3,camera_target,2,random_forest,3,23.0,18.925360750360756,4.074639249639244,4.074639249639244
DVST_XI_14-16_Feb_2024_16_08.32.59_trainee_3_glove cut_2.csv,trainee,3,trainee__participant_3,glove_cut,2,random_forest,3,19.0,20.22349461880712,-1.2234946188071198,1.2234946188071198
DVST_XI_14-16_Feb_2024_16_08.32.59_trainee_3_ring rollercoaster_2.csv,trainee,3,trainee__participant_3,ring_rollercoaster,2,random_forest,3,21.0,19.460118296055793,1.5398817039442072,1.5398817039442072
DVST_XI_14-16_Feb_2024_16_08.32.59_trainee_3_sea spikes_2.csv,trainee,3,trainee__participant_3,sea_spikes,2,random_forest,3,17.0,19.81993569351525,-2.8199356935152515,2.8199356935152515
DVST_XI_14-16_Feb_2024_16_08.32.59_trainee_3_suture_2.csv,trainee,3,trainee__participant_3,suture,2,random_forest,3,22.0,23.7289254148629,-1.7289254148628999,1.7289254148628999
DVST_XI_19-22_May_2025_22_09.34.36_trainee_40_camera target_2.csv,trainee,40,trainee__participant_40,camera_target,2,random_forest,3,24.0,23.232512626262633,0.7674873737373673,0.7674873737373673
DVST_XI_19-22_May_2025_22_09.34.36_trainee_40_glove cut_2.csv,trainee,40,trainee__participant_40,glove_cut,2,random_forest,3,24.0,21.499674573112078,2.5003254268879225,2.5003254268879225
DVST_XI_6-8_Mar_2025_06_10.41.14_trainee_35_ring rollercoaster_1.csv,trainee,35,trainee__participant_35,ring_rollercoaster,1,random_forest,3,18.0,16.215791847041853,1.784208152958147,1.784208152958147
DVST_XI_6-8_Mar_2025_06_10.41.14_trainee_35_sea spikes_1.csv,trainee,35,trainee__participant_35,sea_spikes,1,random_forest,3,15.0,16.013052398989903,-1.0130523989899025,1.0130523989899025
DVST_XI_6-8_Mar_2025_07_11.56.53_trainee_35_camera target_2.csv,trainee,35,trainee__participant_35,camera_target,2,random_forest,3,18.0,21.346051013380546,-3.3460510133805457,3.3460510133805457
DVST_XI_6-8_Mar_2025_07_11.56.53_trainee_35_glove cut_1.csv,trainee,35,trainee__participant_35,glove_cut,1,random_forest,3,16.0,19.59405212842712,-3.594052128427119,3.594052128427119
DVST_XI_6-8_Mar_2025_07_11.56.53_trainee_35_sea spikes_2.csv,trainee,35,trainee__participant_35,sea_spikes,2,random_forest,3,21.0,20.732116279133326,0.2678837208666742,0.2678837208666742
DVST_XI_7-11_Mar_2024_08_13.12.17_trainee_11_ring rollercoaster_1.csv,trainee,11,trainee__participant_11,ring_rollercoaster,1,random_forest,3,18.0,17.386814574314585,0.6131854256854155,0.6131854256854155
DVST_XI_7-11_Mar_2024_08_13.12.17_trainee_11_sea spikes_1.csv,trainee,11,trainee__participant_11,sea_spikes,1,random_forest,3,18.0,19.3168943903319,-1.3168943903318997,1.3168943903318997
DVST_XI_7-11_Mar_2024_08_13.12.17_trainee_7_ring rollercoaster_1.csv,trainee,7,trainee__participant_7,ring_rollercoaster,1,random_forest,3,15.0,16.76581890331891,-1.765818903318909,1.765818903318909
DVST_XI_7-11_Mar_2024_08_13.12.17_trainee_7_sea spikes_1.csv,trainee,7,trainee__participant_7,sea_spikes,1,random_forest,3,19.0,16.442331048581043,2.5576689514189574,2.5576689514189574
DVST_XI_7-11_Mar_2024_09_10.19.01_trainee_11_camera target_1.csv,trainee,11,trainee__participant_11,camera_target,1,random_forest,3,10.0,14.368072089947086,-4.368072089947086,4.368072089947086
DVST_XI_7-11_Mar_2024_09_10.19.01_trainee_11_glove cut_1.csv,trainee,11,trainee__participant_11,glove_cut,1,random_forest,3,18.0,18.576988636363637,-0.5769886363636374,0.5769886363636374
DVST_XI_7-11_Mar_2024_09_10.19.01_trainee_7_camera target_1.csv,trainee,7,trainee__participant_7,camera_target,1,random_forest,3,17.0,18.624745971620953,-1.6247459716209534,1.6247459716209534
DVST_XI_7-11_Mar_2024_09_10.19.01_trainee_7_glove cut_1.csv,trainee,7,trainee__participant_7,glove_cut,1,random_forest,3,15.0,16.960528649591147,-1.9605286495911471,1.9605286495911471
DVST_XI_7-11_Mar_2024_09_13.46.11_trainee_11_suture_1.csv,trainee,11,trainee__participant_11,suture,1,random_forest,3,18.0,19.789386013817836,-1.7893860138178361,1.7893860138178361
DVST_XI_7-11_Mar_2024_09_13.46.11_trainee_7_suture_1.csv,trainee,7,trainee__participant_7,suture,1,random_forest,3,17.0,17.70331664862914,-0.7033166486291407,0.7033166486291407
DVST_XI_7-11_Mar_2024_10_08.59.30_trainee_11_ring rollercoaster_2.csv,trainee,11,trainee__participant_11,ring_rollercoaster,2,random_forest,3,16.0,19.015956439393936,-3.0159564393939355,3.0159564393939355
DVST_XI_7-11_Mar_2024_10_08.59.30_trainee_11_sea spikes_2.csv,trainee,11,trainee__participant_11,sea_spikes,2,random_forest,3,18.0,20.597487524050027,-2.5974875240500275,2.5974875240500275
DVST_XI_7-11_Mar_2024_10_08.59.30_trainee_7_ring rollercoaster_2.csv,trainee,7,trainee__participant_7,ring_rollercoaster,2,random_forest,3,18.0,19.22741176647427,-1.227411766474269,1.227411766474269
DVST_XI_7-11_Mar_2024_10_08.59.30_trainee_7_sea spikes_2.csv,trainee,7,trainee__participant_7,sea_spikes,2,random_forest,3,20.0,18.272046356421356,1.727953643578644,1.727953643578644
DVST_XI_Griffin_16-19_07_2024_16_08.46.09_trainee_14_glove cut_1.csv,trainee,14,trainee__participant_14,glove_cut,1,random_forest,3,11.0,17.702651515151516,-6.702651515151516,6.702651515151516
DVST_XI_Griffin_16-19_07_2024_16_08.46.09_trainee_14_ring rollercoaster_1.csv,trainee,14,trainee__participant_14,ring_rollercoaster,1,random_forest,3,16.0,19.087245220057717,-3.087245220057717,3.087245220057717
DVST_XI_Griffin_16-19_07_2024_16_08.46.09_trainee_14_sea spikes_1.csv,trainee,14,trainee__participant_14,sea_spikes,1,random_forest,3,12.0,14.007795965608468,-2.0077959656084676,2.0077959656084676
DVST_XI_Griffin_16-19_07_2024_16_08.46.09_trainee_14_suture_1.csv,trainee,14,trainee__participant_14,suture,1,random_forest,3,15.0,19.525224717412208,-4.5252247174122076,4.5252247174122076
DVST_XI_Griffin_16-19_07_2024_17_12.20.23_trainee_14_camera target_1.csv,trainee,14,trainee__participant_14,camera_target,1,random_forest,3,14.0,15.163777657527651,-1.1637776575276515,1.1637776575276515
DVST_XI_Griffin_16-19_07_2024_18_08.46.52_trainee_14_sea spikes_2.csv,trainee,14,trainee__participant_14,sea_spikes,2,random_forest,3,20.0,19.19882756132757,0.801172438672431,0.801172438672431
DVST_XI_Griffin_16-19_07_2024_18_08.46.52_trainee_14_suture_2.csv,trainee,14,trainee__participant_14,suture,2,random_forest,3,29.0,25.227270472582966,3.7727295274170345,3.7727295274170345
DVST_XI_Griffin_16-19_07_2024_19_09.39.41_trainee_14_glove cut_2.csv,trainee,14,trainee__participant_14,glove_cut,2,random_forest,3,18.0,18.187555615680623,-0.18755561568062262,0.18755561568062262
DVST_XI_10-13_Nov_2025_12_10.36.46_expert_9_camera target_1.csv,expert,9,expert__participant_9,camera_target,1,random_forest,4,28.0,23.785676750150447,4.214323249849553,4.214323249849553
DVST_XI_10-13_Nov_2025_12_10.36.46_expert_9_glove cut_1.csv,expert,9,expert__participant_9,glove_cut,1,random_forest,4,29.0,22.725702982914513,6.2742970170854875,6.2742970170854875
DVST_XI_10-13_Nov_2025_12_10.36.46_expert_9_ring rollercoaster_1.csv,expert,9,expert__participant_9,ring_rollercoaster,1,random_forest,4,29.0,22.613046771042693,6.3869532289573065,6.3869532289573065
DVST_XI_10-13_Nov_2025_12_10.36.46_expert_9_sea spikes_1.csv,expert,9,expert__participant_9,sea_spikes,1,random_forest,4,29.0,22.78713747453626,6.212862525463741,6.212862525463741
DVST_XI_10-13_Nov_2025_12_10.36.46_expert_9_suture_1.csv,expert,9,expert__participant_9,suture,1,random_forest,4,28.0,24.174718191165546,3.825281808834454,3.825281808834454
DVST_XI_14-16_Feb_2024_14_09.13.16_trainee_2_camera target_1.csv,trainee,2,trainee__participant_2,camera_target,1,random_forest,4,17.0,15.306180077232714,1.693819922767286,1.693819922767286
DVST_XI_14-16_Feb_2024_14_09.13.16_trainee_2_glove cut_1.csv,trainee,2,trainee__participant_2,glove_cut,1,random_forest,4,13.0,18.478477359347806,-5.478477359347806,5.478477359347806
DVST_XI_14-16_Feb_2024_14_09.13.16_trainee_2_ring rollercoaster_1.csv,trainee,2,trainee__participant_2,ring_rollercoaster,1,random_forest,4,14.0,17.88638735870518,-3.8863873587051785,3.8863873587051785
DVST_XI_14-16_Feb_2024_14_09.13.16_trainee_2_sea spikes_1.csv,trainee,2,trainee__participant_2,sea_spikes,1,random_forest,4,15.0,19.63161078687395,-4.631610786873949,4.631610786873949
DVST_XI_14-16_Feb_2024_14_09.13.16_trainee_2_suture_1.csv,trainee,2,trainee__participant_2,suture,1,random_forest,4,19.0,20.164635875820075,-1.1646358758200748,1.1646358758200748
DVST_XI_14-16_Feb_2024_16_08.32.59_trainee_2_camera target_2.csv,trainee,2,trainee__participant_2,camera_target,2,random_forest,4,16.0,19.306529098431934,-3.306529098431934,3.306529098431934
DVST_XI_14-16_Feb_2024_16_08.32.59_trainee_2_glove cut_2.csv,trainee,2,trainee__participant_2,glove_cut,2,random_forest,4,19.0,18.00017588686617,0.9998241131338297,0.9998241131338297
DVST_XI_14-16_Feb_2024_16_08.32.59_trainee_2_ring rollercoaster_2.csv,trainee,2,trainee__participant_2,ring_rollercoaster,2,random_forest,4,21.0,17.12050478761005,3.8794952123899513,3.8794952123899513
DVST_XI_14-16_Feb_2024_16_08.32.59_trainee_2_sea spikes_2.csv,trainee,2,trainee__participant_2,sea_spikes,2,random_forest,4,17.0,17.848367860209954,-0.8483678602099545,0.8483678602099545
DVST_XI_14-16_Feb_2024_16_08.32.59_trainee_2_suture_2.csv,trainee,2,trainee__participant_2,suture,2,random_forest,4,22.0,22.6153670890513,-0.6153670890513006,0.6153670890513006
DVST_XI_19-22_May_2025_22_09.34.36_trainee_39_camera target_2.csv,trainee,39,trainee__participant_39,camera_target,2,random_forest,4,19.0,22.45233549064521,-3.4523354906452113,3.4523354906452113
DVST_XI_19-22_May_2025_22_09.34.36_trainee_39_glove cut_2.csv,trainee,39,trainee__participant_39,glove_cut,2,random_forest,4,22.0,21.30588055949898,0.6941194405010194,0.6941194405010194
DVST_XI_6-8_Mar_2025_07_11.56.53_expert_1_camera target_1.csv,expert,1,expert__participant_1,camera_target,1,random_forest,4,26.0,23.829506458453828,2.170493541546172,2.170493541546172
DVST_XI_6-8_Mar_2025_07_11.56.53_expert_1_glove cut_1.csv,expert,1,expert__participant_1,glove_cut,1,random_forest,4,20.0,21.970317328869985,-1.9703173288699851,1.9703173288699851
DVST_XI_6-8_Mar_2025_07_11.56.53_expert_1_ring rollercoaster_1.csv,expert,1,expert__participant_1,ring_rollercoaster,1,random_forest,4,21.0,22.36055280189895,-1.360552801898951,1.360552801898951
DVST_XI_6-8_Mar_2025_07_11.56.53_expert_1_sea spikes_1.csv,expert,1,expert__participant_1,sea_spikes,1,random_forest,4,23.0,23.020935396137833,-0.02093539613783335,0.02093539613783335
DVST_XI_6-8_Mar_2025_07_11.56.53_expert_1_suture_1.csv,expert,1,expert__participant_1,suture,1,random_forest,4,26.0,24.432227326205062,1.5677726737949378,1.5677726737949378
DVST_XI_7-11_Jul_2025_10_09.40.17_expert_6_camera target_1.csv,expert,6,expert__participant_6,camera_target,1,random_forest,4,25.0,22.194344398291765,2.805655601708235,2.805655601708235
DVST_XI_7-11_Jul_2025_10_09.40.17_expert_6_glove cut_1.csv,expert,6,expert__participant_6,glove_cut,1,random_forest,4,23.0,20.91650038557933,2.0834996144206706,2.0834996144206706
DVST_XI_7-11_Jul_2025_10_09.40.17_expert_6_ring rollercoaster_1.csv,expert,6,expert__participant_6,ring_rollercoaster,1,random_forest,4,23.0,22.011097747281955,0.9889022527180451,0.9889022527180451
DVST_XI_7-11_Jul_2025_10_09.40.17_expert_6_sea spikes_1.csv,expert,6,expert__participant_6,sea_spikes,1,random_forest,4,23.0,21.208058675467583,1.7919413245324165,1.7919413245324165
DVST_XI_7-11_Jul_2025_10_09.40.17_expert_6_suture_1.csv,expert,6,expert__participant_6,suture,1,random_forest,4,26.0,22.604146876515298,3.3958531234847023,3.3958531234847023
DVST_XI_7-11_Mar_2024_08_13.12.17_trainee_10_ring rollercoaster_1.csv,trainee,10,trainee__participant_10,ring_rollercoaster,1,random_forest,4,14.0,19.19808084403227,-5.198080844032269,5.198080844032269
DVST_XI_7-11_Mar_2024_08_13.12.17_trainee_10_sea spikes_1.csv,trainee,10,trainee__participant_10,sea_spikes,1,random_forest,4,22.0,15.754192689339453,6.245807310660547,6.245807310660547
DVST_XI_7-11_Mar_2024_08_13.12.17_trainee_6_ring rollercoaster_1.csv,trainee,6,trainee__participant_6,ring_rollercoaster,1,random_forest,4,16.0,21.986749642620072,-5.986749642620072,5.986749642620072
DVST_XI_7-11_Mar_2024_08_13.12.17_trainee_6_sea spikes_1.csv,trainee,6,trainee__participant_6,sea_spikes,1,random_forest,4,16.0,16.90107636964924,-0.901076369649239,0.901076369649239
DVST_XI_7-11_Mar_2024_09_10.19.01_trainee_10_camera target_1.csv,trainee,10,trainee__participant_10,camera_target,1,random_forest,4,14.0,20.956489439485384,-6.9564894394853845,6.9564894394853845
DVST_XI_7-11_Mar_2024_09_10.19.01_trainee_10_glove cut_1.csv,trainee,10,trainee__participant_10,glove_cut,1,random_forest,4,18.0,14.846895721237829,3.1531042787621715,3.1531042787621715
DVST_XI_7-11_Mar_2024_09_10.19.01_trainee_6_camera target_1.csv,trainee,6,trainee__participant_6,camera_target,1,random_forest,4,16.0,18.435978146909346,-2.4359781469093456,2.4359781469093456
DVST_XI_7-11_Mar_2024_09_10.19.01_trainee_6_glove cut_1.csv,trainee,6,trainee__participant_6,glove_cut,1,random_forest,4,15.0,14.431398431752694,0.5686015682473062,0.5686015682473062
DVST_XI_7-11_Mar_2024_09_13.46.11_trainee_10_suture_1.csv,trainee,10,trainee__participant_10,suture,1,random_forest,4,19.0,19.700244857481696,-0.700244857481696,0.700244857481696
DVST_XI_7-11_Mar_2024_09_13.46.11_trainee_6_suture_1.csv,trainee,6,trainee__participant_6,suture,1,random_forest,4,12.0,18.305876203194025,-6.305876203194025,6.305876203194025
DVST_XI_7-11_Mar_2024_10_08.59.30_trainee_10_ring rollercoaster_2.csv,trainee,10,trainee__participant_10,ring_rollercoaster,2,random_forest,4,18.0,18.47735892088119,-0.4773589208811906,0.4773589208811906
DVST_XI_7-11_Mar_2024_10_08.59.30_trainee_10_sea spikes_2.csv,trainee,10,trainee__participant_10,sea_spikes,2,random_forest,4,22.0,19.855542270370197,2.144457729629803,2.144457729629803
DVST_XI_7-11_Mar_2024_10_08.59.30_trainee_6_ring rollercoaster_2.csv,trainee,6,trainee__participant_6,ring_rollercoaster,2,random_forest,4,18.0,21.34978034223985,-3.3497803422398498,3.3497803422398498
DVST_XI_7-11_Mar_2024_10_08.59.30_trainee_6_sea spikes_2.csv,trainee,6,trainee__participant_6,sea_spikes,2,random_forest,4,20.0,21.717301631117422,-1.7173016311174223,1.7173016311174223
DVST_XI_Griffin_16-19_07_2024_16_08.46.09_trainee_12_glove cut_1.csv,trainee,12,trainee__participant_12,glove_cut,1,random_forest,4,21.0,17.892915670699054,3.107084329300946,3.107084329300946
DVST_XI_Griffin_16-19_07_2024_16_08.46.09_trainee_12_ring rollercoaster_1.csv,trainee,12,trainee__participant_12,ring_rollercoaster,1,random_forest,4,16.0,20.437195845090603,-4.437195845090603,4.437195845090603
DVST_XI_Griffin_16-19_07_2024_16_08.46.09_trainee_12_sea spikes_1.csv,trainee,12,trainee__participant_12,sea_spikes,1,random_forest,4,12.0,19.433518146271194,-7.433518146271194,7.433518146271194
DVST_XI_Griffin_16-19_07_2024_16_08.46.09_trainee_12_suture_1.csv,trainee,12,trainee__participant_12,suture,1,random_forest,4,20.0,21.843518834966208,-1.8435188349662077,1.8435188349662077
DVST_XI_Griffin_16-19_07_2024_17_12.20.23_trainee_12_camera target_1.csv,trainee,12,trainee__participant_12,camera_target,1,random_forest,4,16.0,22.214321940991994,-6.214321940991994,6.214321940991994
DVST_XI_Griffin_16-19_07_2024_18_08.46.52_trainee_12_sea spikes_2.csv,trainee,12,trainee__participant_12,sea_spikes,2,random_forest,4,19.0,22.400791078017814,-3.4007910780178143,3.4007910780178143
DVST_XI_Griffin_16-19_07_2024_18_08.46.52_trainee_12_suture_2.csv,trainee,12,trainee__participant_12,suture,2,random_forest,4,28.0,25.17243799834893,2.8275620016510707,2.8275620016510707
DVST_XI_Griffin_16-19_07_2024_19_09.39.41_trainee_12_glove cut_2.csv,trainee,12,trainee__participant_12,glove_cut,2,random_forest,4,20.0,20.081764602918454,-0.08176460291845444,0.08176460291845444
DVST_XI_19-22_May_2025_21_09.43.23_expert_5_camera target_1.csv,expert,5,expert__participant_5,camera_target,1,random_forest,5,30.0,22.21042084231558,7.789579157684422,7.789579157684422
DVST_XI_19-22_May_2025_21_09.43.23_expert_5_glove cut_1.csv,expert,5,expert__participant_5,glove_cut,1,random_forest,5,24.0,19.357287753489963,4.642712246510037,4.642712246510037
DVST_XI_19-22_May_2025_21_09.43.23_expert_5_ring rollercoaster_1.csv,expert,5,expert__participant_5,ring_rollercoaster,1,random_forest,5,24.0,20.204428659367696,3.7955713406323035,3.7955713406323035
DVST_XI_19-22_May_2025_21_09.43.23_expert_5_sea spikes_1.csv,expert,5,expert__participant_5,sea_spikes,1,random_forest,5,24.0,22.44656913262177,1.5534308673782284,1.5534308673782284
DVST_XI_19-22_May_2025_21_09.43.23_expert_5_suture_1.csv,expert,5,expert__participant_5,suture,1,random_forest,5,29.0,21.933750289433195,7.0662497105668045,7.0662497105668045
DVST_XI_19-22_May_2025_22_09.34.36_trainee_38_camera target_2.csv,trainee,38,trainee__participant_38,camera_target,2,random_forest,5,22.0,25.627325732746765,-3.6273257327467654,3.6273257327467654
DVST_XI_19-22_May_2025_22_09.34.36_trainee_38_glove cut_2.csv,trainee,38,trainee__participant_38,glove_cut,2,random_forest,5,18.0,21.694043985254503,-3.6940439852545026,3.6940439852545026
DVST_XI_19-22_May_2025_22_09.34.36_trainee_42_camera target_2.csv,trainee,42,trainee__participant_42,camera_target,2,random_forest,5,19.0,17.96418591934381,1.0358140806561913,1.0358140806561913
DVST_XI_19-22_May_2025_22_09.34.36_trainee_42_glove cut_2.csv,trainee,42,trainee__participant_42,glove_cut,2,random_forest,5,16.0,18.995419779051346,-2.995419779051346,2.995419779051346
DVST_XI_6-8_Mar_2025_06_10.41.14_trainee_34_camera target_1.csv,trainee,34,trainee__participant_34,camera_target,1,random_forest,5,18.0,19.462071855609246,-1.4620718556092456,1.4620718556092456
DVST_XI_6-8_Mar_2025_06_10.41.14_trainee_34_ring rollercoaster_1.csv,trainee,34,trainee__participant_34,ring_rollercoaster,1,random_forest,5,14.0,15.612534276868628,-1.6125342768686277,1.6125342768686277
DVST_XI_6-8_Mar_2025_06_10.41.14_trainee_34_sea spikes_1.csv,trainee,34,trainee__participant_34,sea_spikes,1,random_forest,5,14.0,15.386286853497383,-1.3862868534973831,1.3862868534973831
DVST_XI_6-8_Mar_2025_07_11.56.53_trainee_34_glove cut_1.csv,trainee,34,trainee__participant_34,glove_cut,1,random_forest,5,12.0,15.195546706704592,-3.195546706704592,3.195546706704592
DVST_XI_7-11_Mar_2024_08_13.12.17_trainee_8_ring rollercoaster_1.csv,trainee,8,trainee__participant_8,ring_rollercoaster,1,random_forest,5,12.0,17.132573076046757,-5.132573076046757,5.132573076046757
DVST_XI_7-11_Mar_2024_08_13.12.17_trainee_8_sea spikes_1.csv,trainee,8,trainee__participant_8,sea_spikes,1,random_forest,5,18.0,16.82007730281415,1.1799226971858516,1.1799226971858516
DVST_XI_7-11_Mar_2024_08_13.12.17_trainee_9_ring rollercoaster_1.csv,trainee,9,trainee__participant_9,ring_rollercoaster,1,random_forest,5,14.0,18.857114283684922,-4.857114283684922,4.857114283684922
DVST_XI_7-11_Mar_2024_08_13.12.17_trainee_9_sea spikes_1.csv,trainee,9,trainee__participant_9,sea_spikes,1,random_forest,5,18.0,18.316741159425355,-0.3167411594253551,0.3167411594253551
DVST_XI_7-11_Mar_2024_09_10.19.01_trainee_8_camera target_1.csv,trainee,8,trainee__participant_8,camera_target,1,random_forest,5,10.0,14.626452646768444,-4.626452646768444,4.626452646768444
DVST_XI_7-11_Mar_2024_09_10.19.01_trainee_8_glove cut_1.csv,trainee,8,trainee__participant_8,glove_cut,1,random_forest,5,17.0,17.318740343477184,-0.3187403434771845,0.3187403434771845
DVST_XI_7-11_Mar_2024_09_10.19.01_trainee_9_camera target_1.csv,trainee,9,trainee__participant_9,camera_target,1,random_forest,5,19.0,19.517336589336583,-0.5173365893365833,0.5173365893365833
DVST_XI_7-11_Mar_2024_09_10.19.01_trainee_9_glove cut_1.csv,trainee,9,trainee__participant_9,glove_cut,1,random_forest,5,18.0,18.369073351828778,-0.3690733518287779,0.3690733518287779
DVST_XI_7-11_Mar_2024_09_13.46.11_trainee_8_suture_1.csv,trainee,8,trainee__participant_8,suture,1,random_forest,5,17.0,18.443360703623842,-1.443360703623842,1.443360703623842
DVST_XI_7-11_Mar_2024_09_13.46.11_trainee_9_suture_1.csv,trainee,9,trainee__participant_9,suture,1,random_forest,5,16.0,17.539841096832784,-1.5398410968327845,1.5398410968327845
DVST_XI_7-11_Mar_2024_10_08.59.30_trainee_8_ring rollercoaster_2.csv,trainee,8,trainee__participant_8,ring_rollercoaster,2,random_forest,5,16.0,17.582542066428484,-1.5825420664284842,1.5825420664284842
DVST_XI_7-11_Mar_2024_10_08.59.30_trainee_8_sea spikes_2.csv,trainee,8,trainee__participant_8,sea_spikes,2,random_forest,5,20.0,18.94849096548264,1.051509034517359,1.051509034517359
DVST_XI_7-11_Mar_2024_10_08.59.30_trainee_9_ring rollercoaster_2.csv,trainee,9,trainee__participant_9,ring_rollercoaster,2,random_forest,5,20.0,19.250364413364434,0.7496355866355664,0.7496355866355664
DVST_XI_7-11_Mar_2024_10_08.59.30_trainee_9_sea spikes_2.csv,trainee,9,trainee__participant_9,sea_spikes,2,random_forest,5,22.0,19.46178800956918,2.5382119904308205,2.5382119904308205
DVST_XI_Griffin_16-19_07_2024_16_08.46.09_trainee_15_glove cut_1.csv,trainee,15,trainee__participant_15,glove_cut,1,random_forest,5,17.0,17.52084615968826,-0.5208461596882614,0.5208461596882614
DVST_XI_Griffin_16-19_07_2024_16_08.46.09_trainee_15_ring rollercoaster_1.csv,trainee,15,trainee__participant_15,ring_rollercoaster,1,random_forest,5,18.0,19.410749670169423,-1.410749670169423,1.410749670169423
DVST_XI_Griffin_16-19_07_2024_16_08.46.09_trainee_15_sea spikes_1.csv,trainee,15,trainee__participant_15,sea_spikes,1,random_forest,5,20.0,17.658724561987725,2.341275438012275,2.341275438012275
DVST_XI_Griffin_16-19_07_2024_16_08.46.09_trainee_15_suture_1.csv,trainee,15,trainee__participant_15,suture,1,random_forest,5,15.0,16.259159524685845,-1.2591595246858454,1.2591595246858454
DVST_XI_Griffin_16-19_07_2024_16_08.46.09_trainee_16_glove cut_1.csv,trainee,16,trainee__participant_16,glove_cut,1,random_forest,5,15.0,16.799353412669188,-1.7993534126691877,1.7993534126691877
DVST_XI_Griffin_16-19_07_2024_16_08.46.09_trainee_16_ring rollercoaster_1.csv,trainee,16,trainee__participant_16,ring_rollercoaster,1,random_forest,5,20.0,17.08836532504122,2.91163467495878,2.91163467495878
DVST_XI_Griffin_16-19_07_2024_16_08.46.09_trainee_16_sea spikes_1.csv,trainee,16,trainee__participant_16,sea_spikes,1,random_forest,5,16.0,15.372181818181831,0.627818181818169,0.627818181818169
DVST_XI_Griffin_16-19_07_2024_16_08.46.09_trainee_16_suture_1.csv,trainee,16,trainee__participant_16,suture,1,random_forest,5,21.0,16.5240487641014,4.475951235898599,4.475951235898599
DVST_XI_Griffin_16-19_07_2024_17_12.20.23_trainee_15_camera target_1.csv,trainee,15,trainee__participant_15,camera_target,1,random_forest,5,18.0,19.910595978659686,-1.9105959786596856,1.9105959786596856
DVST_XI_Griffin_16-19_07_2024_17_12.20.23_trainee_16_camera target_1.csv,trainee,16,trainee__participant_16,camera_target,1,random_forest,5,23.0,19.69613551975879,3.3038644802412094,3.3038644802412094
DVST_XI_Griffin_16-19_07_2024_17_12.20.23_trainee_16_ring rollercoaster_2.csv,trainee,16,trainee__participant_16,ring_rollercoaster,2,random_forest,5,23.0,19.432183232280195,3.5678167677198047,3.5678167677198047
DVST_XI_Griffin_16-19_07_2024_18_08.46.52_trainee_15_sea spikes_2.csv,trainee,15,trainee__participant_15,sea_spikes,2,random_forest,5,23.0,21.558178882692822,1.4418211173071782,1.4418211173071782
DVST_XI_Griffin_16-19_07_2024_18_08.46.52_trainee_15_suture_2.csv,trainee,15,trainee__participant_15,suture,2,random_forest,5,26.0,22.196811603601077,3.803188396398923,3.803188396398923
DVST_XI_Griffin_16-19_07_2024_18_08.46.52_trainee_16_sea spikes_2.csv,trainee,16,trainee__participant_16,sea_spikes,2,random_forest,5,21.0,20.556025448235975,0.44397455176402545,0.44397455176402545
DVST_XI_Griffin_16-19_07_2024_18_08.46.52_trainee_16_suture_2.csv,trainee,16,trainee__participant_16,suture,2,random_forest,5,29.0,23.720855130421704,5.279144869578296,5.279144869578296
DVST_XI_Griffin_16-19_07_2024_19_09.39.41_trainee_16_camera target_2.csv,trainee,16,trainee__participant_16,camera_target,2,random_forest,5,23.0,19.857818059133837,3.1421819408661626,3.1421819408661626
DVST_XI_Griffin_16-19_07_2024_19_09.39.41_trainee_16_glove cut_2.csv,trainee,16,trainee__participant_16,glove_cut,2,random_forest,5,24.0,18.39473416795577,5.605265832044228,5.605265832044228
DVST_XI_Griffin_29_sep-1_oct_2024_01_10.39.05_trainee_19_camera target_2.csv,trainee,19,trainee__participant_19,camera_target,2,random_forest,5,18.0,17.95925175409386,0.04074824590614057,0.04074824590614057
DVST_XI_Griffin_29_sep-1_oct_2024_29_09.07.40_trainee_19_camera target_1.csv,trainee,19,trainee__participant_19,camera_target,1,random_forest,5,17.0,16.95140737040736,0.048592629592640435,0.048592629592640435
DVST_XI_Griffin_29_sep-1_oct_2024_29_09.07.40_trainee_19_suture_1.csv,trainee,19,trainee__participant_19,suture,1,random_forest,5,16.0,16.71355866940077,-0.7135586694007685,0.7135586694007685
DVST_XI_Griffin_29_sep-1_oct_2024_30_12.18.00_trainee_19_glove cut_2.csv,trainee,19,trainee__participant_19,glove_cut,2,random_forest,5,17.0,17.14788314609367,-0.14788314609366893,0.14788314609366893
DVST_XI_Griffin_29_sep-1_oct_2024_30_12.18.00_trainee_19_ring rollercoaster_2.csv,trainee,19,trainee__participant_19,ring_rollercoaster,2,random_forest,5,22.0,16.92366494939348,5.07633505060652,5.07633505060652
DVST_XI_Griffin_29_sep-1_oct_2024_30_12.18.00_trainee_19_sea spikes_2.csv,trainee,19,trainee__participant_19,sea_spikes,2,random_forest,5,21.0,19.182947748158266,1.8170522518417336,1.8170522518417336
DVST_XI_11-14_Aug_2025_14_10.45.28_expert_8_camera target_1.csv,expert,8,expert__participant_8,camera_target,1,extra_trees,1,28.0,25.590692124105026,2.4093078758949744,2.4093078758949744
DVST_XI_11-14_Aug_2025_14_10.45.28_expert_8_glove cut_1.csv,expert,8,expert__participant_8,glove_cut,1,extra_trees,1,24.0,23.691527446300725,0.30847255369927495,0.30847255369927495
DVST_XI_11-14_Aug_2025_14_10.45.28_expert_8_ring rollercoaster_1.csv,expert,8,expert__participant_8,ring_rollercoaster,1,extra_trees,1,24.0,25.231702466189336,-1.2317024661893363,1.2317024661893363
DVST_XI_11-14_Aug_2025_14_10.45.28_expert_8_sea spikes_1.csv,expert,8,expert__participant_8,sea_spikes,1,extra_trees,1,22.0,22.686754176610982,-0.6867541766109824,0.6867541766109824
DVST_XI_11-14_Aug_2025_14_10.45.28_expert_8_suture_1.csv,expert,8,expert__participant_8,suture,1,extra_trees,1,29.0,26.231901352426412,2.768098647573588,2.768098647573588
DVST_XI_14-16_Feb_2024_14_09.13.16_trainee_1_camera target_1.csv,trainee,1,trainee__participant_1,camera_target,1,extra_trees,1,17.0,18.88882259347653,-1.8888225934765295,1.8888225934765295
DVST_XI_14-16_Feb_2024_14_09.13.16_trainee_1_glove cut_1.csv,trainee,1,trainee__participant_1,glove_cut,1,extra_trees,1,15.0,16.63504375497216,-1.635043754972159,1.635043754972159
DVST_XI_14-16_Feb_2024_14_09.13.16_trainee_1_ring rollercoaster_1.csv,trainee,1,trainee__participant_1,ring_rollercoaster,1,extra_trees,1,14.0,17.70246618933969,-3.7024661893396917,3.7024661893396917
DVST_XI_14-16_Feb_2024_14_09.13.16_trainee_1_sea spikes_1.csv,trainee,1,trainee__participant_1,sea_spikes,1,extra_trees,1,13.0,16.388225934765316,-3.388225934765316,3.388225934765316
DVST_XI_14-16_Feb_2024_14_09.13.16_trainee_1_suture_1.csv,trainee,1,trainee__participant_1,suture,1,extra_trees,1,19.0,16.457836117740666,2.5421638822593344,2.5421638822593344
DVST_XI_14-16_Feb_2024_14_09.13.16_trainee_5_camera target_1.csv,trainee,5,trainee__participant_5,camera_target,1,extra_trees,1,7.0,13.641010342084334,-6.641010342084334,6.641010342084334
DVST_XI_14-16_Feb_2024_14_09.13.16_trainee_5_glove cut_1.csv,trainee,5,trainee__participant_5,glove_cut,1,extra_trees,1,11.0,16.969172633253784,-5.969172633253784,5.969172633253784
DVST_XI_14-16_Feb_2024_14_09.13.16_trainee_5_ring rollercoaster_1.csv,trainee,5,trainee__participant_5,ring_rollercoaster,1,extra_trees,1,17.0,14.845465393794747,2.154534606205253,2.154534606205253
DVST_XI_14-16_Feb_2024_14_09.13.16_trainee_5_sea spikes_1.csv,trainee,5,trainee__participant_5,sea_spikes,1,extra_trees,1,16.0,16.575178997613374,-0.5751789976133743,0.5751789976133743
DVST_XI_14-16_Feb_2024_14_09.13.16_trainee_5_suture_1.csv,trainee,5,trainee__participant_5,suture,1,extra_trees,1,16.0,16.727525855210825,-0.7275258552108248,0.7275258552108248
DVST_XI_14-16_Feb_2024_16_08.32.59_trainee_1_camera target_2.csv,trainee,1,trainee__participant_1,camera_target,2,extra_trees,1,19.0,17.117143993635636,1.8828560063643636,1.8828560063643636
DVST_XI_14-16_Feb_2024_16_08.32.59_trainee_1_glove cut_2.csv,trainee,1,trainee__participant_1,glove_cut,2,extra_trees,1,19.0,16.90950676213206,2.090493237867939,2.090493237867939
DVST_XI_14-16_Feb_2024_16_08.32.59_trainee_1_ring rollercoaster_2.csv,trainee,1,trainee__participant_1,ring_rollercoaster,2,extra_trees,1,20.0,18.833929992044546,1.1660700079554545,1.1660700079554545
DVST_XI_14-16_Feb_2024_16_08.32.59_trainee_1_sea spikes_2.csv,trainee,1,trainee__participant_1,sea_spikes,2,extra_trees,1,19.0,18.653341288782816,0.3466587112171844,0.3466587112171844
DVST_XI_14-16_Feb_2024_16_08.32.59_trainee_1_suture_2.csv,trainee,1,trainee__participant_1,suture,2,extra_trees,1,17.0,18.18615751789976,-1.1861575178997583,1.1861575178997583
DVST_XI_14-16_Feb_2024_16_08.32.59_trainee_5_camera target_2.csv,trainee,5,trainee__participant_5,camera_target,2,extra_trees,1,21.0,18.760938743038984,2.2390612569610155,2.2390612569610155
DVST_XI_14-16_Feb_2024_16_08.32.59_trainee_5_glove cut_2.csv,trainee,5,trainee__participant_5,glove_cut,2,extra_trees,1,19.0,16.97871917263325,2.0212808273667484,2.0212808273667484
DVST_XI_14-16_Feb_2024_16_08.32.59_trainee_5_ring rollercoaster_2.csv,trainee,5,trainee__participant_5,ring_rollercoaster,2,extra_trees,1,23.0,16.68257756563246,6.31742243436754,6.31742243436754
DVST_XI_14-16_Feb_2024_16_08.32.59_trainee_5_sea spikes_2.csv,trainee,5,trainee__participant_5,sea_spikes,2,extra_trees,1,21.0,20.30529037390612,0.6947096260938785,0.6947096260938785
DVST_XI_14-16_Feb_2024_16_08.32.59_trainee_5_suture_2.csv,trainee,5,trainee__participant_5,suture,2,extra_trees,1,21.0,17.3832537788385,3.616746221161499,3.616746221161499
DVST_XI_19-22_May_2025_22_09.34.36_trainee_37_camera target_2.csv,trainee,37,trainee__participant_37,camera_target,2,extra_trees,1,16.0,18.650357995226734,-2.6503579952267344,2.6503579952267344
DVST_XI_19-22_May_2025_22_09.34.36_trainee_37_glove cut_2.csv,trainee,37,trainee__participant_37,glove_cut,2,extra_trees,1,19.0,21.613762927605414,-2.613762927605414,2.613762927605414
DVST_XI_19-22_May_2025_22_09.34.36_trainee_41_camera target_2.csv,trainee,41,trainee__participant_41,camera_target,2,extra_trees,1,20.0,19.207040572792373,0.7929594272076272,0.7929594272076272
DVST_XI_19-22_May_2025_22_09.34.36_trainee_41_glove cut_2.csv,trainee,41,trainee__participant_41,glove_cut,2,extra_trees,1,19.0,18.80190930787589,0.19809069212411146,0.19809069212411146
DVST_XI_6-8_Mar_2025_06_10.41.14_trainee_32_camera target_1.csv,trainee,32,trainee__participant_32,camera_target,1,extra_trees,1,20.0,20.946499602227533,-0.9464996022275329,0.9464996022275329
DVST_XI_6-8_Mar_2025_06_10.41.14_trainee_32_ring rollercoaster_1.csv,trainee,32,trainee__participant_32,ring_rollercoaster,1,extra_trees,1,17.0,15.677605409705643,1.3223945902943566,1.3223945902943566
DVST_XI_6-8_Mar_2025_06_10.41.14_trainee_32_sea spikes_1.csv,trainee,32,trainee__participant_32,sea_spikes,1,extra_trees,1,14.0,23.552903739061268,-9.552903739061268,9.552903739061268
DVST_XI_6-8_Mar_2025_07_11.56.53_trainee_32_glove cut_1.csv,trainee,32,trainee__participant_32,glove_cut,1,extra_trees,1,13.0,19.857398568019093,-6.857398568019093,6.857398568019093
DVST_XI_6-8_Mar_2025_08_08.21.32_expert_3_camera target_1.csv,expert,3,expert__participant_3,camera_target,1,extra_trees,1,27.0,20.559665871121712,6.440334128878288,6.440334128878288
DVST_XI_6-8_Mar_2025_08_08.21.32_expert_3_glove cut_1.csv,expert,3,expert__participant_3,glove_cut,1,extra_trees,1,24.0,19.74980111376292,4.250198886237079,4.250198886237079
DVST_XI_6-8_Mar_2025_08_08.21.32_expert_3_ring rollercoaster_1.csv,expert,3,expert__participant_3,ring_rollercoaster,1,extra_trees,1,21.0,19.698687350835314,1.3013126491646858,1.3013126491646858
DVST_XI_6-8_Mar_2025_08_08.21.32_expert_3_sea spikes_1.csv,expert,3,expert__participant_3,sea_spikes,1,extra_trees,1,23.0,19.6376292760541,3.362370723945901,3.362370723945901
DVST_XI_6-8_Mar_2025_08_08.21.32_expert_3_suture_1.csv,expert,3,expert__participant_3,suture,1,extra_trees,1,28.0,22.01750198886237,5.982498011137629,5.982498011137629
DVST_XI_Griffin_29_sep-1_oct_2024_01_10.39.05_trainee_18_camera target_2.csv,trainee,18,trainee__participant_18,camera_target,2,extra_trees,1,18.0,20.97712808273668,-2.97712808273668,2.97712808273668
DVST_XI_Griffin_29_sep-1_oct_2024_01_10.39.05_trainee_20_camera target_2.csv,trainee,20,trainee__participant_20,camera_target,2,extra_trees,1,14.0,19.473548130469382,-5.473548130469382,5.473548130469382
DVST_XI_Griffin_29_sep-1_oct_2024_29_09.07.40_trainee_18_camera target_1.csv,trainee,18,trainee__participant_18,camera_target,1,extra_trees,1,19.0,19.647573587907715,-0.6475735879077149,0.6475735879077149
DVST_XI_Griffin_29_sep-1_oct_2024_29_09.07.40_trainee_18_suture_1.csv,trainee,18,trainee__participant_18,suture,1,extra_trees,1,12.0,18.414876690533013,-6.4148766905330135,6.4148766905330135
DVST_XI_Griffin_29_sep-1_oct_2024_29_09.07.40_trainee_20_camera target_1.csv,trainee,20,trainee__participant_20,camera_target,1,extra_trees,1,15.0,16.850835322195703,-1.850835322195703,1.850835322195703
DVST_XI_Griffin_29_sep-1_oct_2024_29_09.07.40_trainee_20_suture_1.csv,trainee,20,trainee__participant_20,suture,1,extra_trees,1,13.0,18.113166268894187,-5.113166268894187,5.113166268894187
DVST_XI_Griffin_29_sep-1_oct_2024_30_12.18.00_trainee_18_glove cut_2.csv,trainee,18,trainee__participant_18,glove_cut,2,extra_trees,1,22.0,23.161694510739853,-1.1616945107398529,1.1616945107398529
DVST_XI_Griffin_29_sep-1_oct_2024_30_12.18.00_trainee_18_ring rollercoaster_2.csv,trainee,18,trainee__participant_18,ring_rollercoaster,2,extra_trees,1,24.0,20.697692919649963,3.3023070803500367,3.3023070803500367
DVST_XI_Griffin_29_sep-1_oct_2024_30_12.18.00_trainee_18_sea spikes_2.csv,trainee,18,trainee__participant_18,sea_spikes,2,extra_trees,1,22.0,20.83492442322991,1.1650755767700893,1.1650755767700893
DVST_XI_Griffin_29_sep-1_oct_2024_30_12.18.00_trainee_18_suture_2.csv,trainee,18,trainee__participant_18,suture,2,extra_trees,1,22.0,20.99701670644392,1.0029832935560812,1.0029832935560812
DVST_XI_Griffin_29_sep-1_oct_2024_30_12.18.00_trainee_20_glove cut_2.csv,trainee,20,trainee__participant_20,glove_cut,2,extra_trees,1,17.0,20.28977724741447,-3.28977724741447,3.28977724741447
DVST_XI_Griffin_29_sep-1_oct_2024_30_12.18.00_trainee_20_ring rollercoaster_2.csv,trainee,20,trainee__participant_20,ring_rollercoaster,2,extra_trees,1,21.0,19.314240254574383,1.6857597454256172,1.6857597454256172
DVST_XI_Griffin_29_sep-1_oct_2024_30_12.18.00_trainee_20_sea spikes_2.csv,trainee,20,trainee__participant_20,sea_spikes,2,extra_trees,1,21.0,20.613961813842472,0.3860381861575277,0.3860381861575277
DVST_XI_14-16_Feb_2024_14_09.13.16_trainee_4_camera target_1.csv,trainee,4,trainee__participant_4,camera_target,1,extra_trees,2,16.0,15.900937131050766,0.09906286894923433,0.09906286894923433
DVST_XI_14-16_Feb_2024_14_09.13.16_trainee_4_glove cut_1.csv,trainee,4,trainee__participant_4,glove_cut,1,extra_trees,2,23.0,17.00375287176274,5.996247128237261,5.996247128237261
DVST_XI_14-16_Feb_2024_14_09.13.16_trainee_4_ring rollercoaster_1.csv,trainee,4,trainee__participant_4,ring_rollercoaster,1,extra_trees,2,14.0,17.729202176887227,-3.7292021768872274,3.7292021768872274
DVST_XI_14-16_Feb_2024_14_09.13.16_trainee_4_sea spikes_1.csv,trainee,4,trainee__participant_4,sea_spikes,1,extra_trees,2,18.0,17.07581237937759,0.9241876206224084,0.9241876206224084
DVST_XI_14-16_Feb_2024_14_09.13.16_trainee_4_suture_1.csv,trainee,4,trainee__participant_4,suture,1,extra_trees,2,18.0,17.92363505496748,0.07636494503251967,0.07636494503251967
DVST_XI_14-16_Feb_2024_16_08.32.59_trainee_4_camera target_2.csv,trainee,4,trainee__participant_4,camera_target,2,extra_trees,2,23.0,18.718399960729514,4.2816000392704865,4.2816000392704865
DVST_XI_14-16_Feb_2024_16_08.32.59_trainee_4_glove cut_2.csv,trainee,4,trainee__participant_4,glove_cut,2,extra_trees,2,24.0,17.998029775414647,6.001970224585353,6.001970224585353
DVST_XI_14-16_Feb_2024_16_08.32.59_trainee_4_ring rollercoaster_2.csv,trainee,4,trainee__participant_4,ring_rollercoaster,2,extra_trees,2,24.0,18.80840513653013,5.19159486346987,5.19159486346987
DVST_XI_14-16_Feb_2024_16_08.32.59_trainee_4_sea spikes_2.csv,trainee,4,trainee__participant_4,sea_spikes,2,extra_trees,2,24.0,19.066247124335362,4.933752875664638,4.933752875664638
DVST_XI_14-16_Feb_2024_16_08.32.59_trainee_4_suture_2.csv,trainee,4,trainee__participant_4,suture,2,extra_trees,2,22.0,21.790915436996645,0.20908456300335487,0.20908456300335487
DVST_XI_6-8_Mar_2025_06_10.41.14_trainee_31_ring rollercoaster_1.csv,trainee,31,trainee__participant_31,ring_rollercoaster,1,extra_trees,2,15.0,17.60256888906048,-2.6025688890604783,2.6025688890604783
DVST_XI_6-8_Mar_2025_06_10.41.14_trainee_31_sea spikes_1.csv,trainee,31,trainee__participant_31,sea_spikes,1,extra_trees,2,13.0,17.91625983361181,-4.916259833611811,4.916259833611811
DVST_XI_6-8_Mar_2025_06_10.41.14_trainee_33_camera target_1.csv,trainee,33,trainee__participant_33,camera_target,1,extra_trees,2,23.0,22.260700757575762,0.739299242424238,0.739299242424238
DVST_XI_6-8_Mar_2025_06_10.41.14_trainee_33_ring rollercoaster_1.csv,trainee,33,trainee__participant_33,ring_rollercoaster,1,extra_trees,2,21.0,20.417192873476292,0.5828071265237078,0.5828071265237078
DVST_XI_6-8_Mar_2025_06_10.41.14_trainee_33_sea spikes_1.csv,trainee,33,trainee__participant_33,sea_spikes,1,extra_trees,2,16.0,19.003822296306613,-3.0038222963066126,3.0038222963066126
DVST_XI_6-8_Mar_2025_06_10.41.14_trainee_36_ring rollercoaster_1.csv,trainee,36,trainee__participant_36,ring_rollercoaster,1,extra_trees,2,19.0,16.901331239566538,2.098668760433462,2.098668760433462
DVST_XI_6-8_Mar_2025_06_10.41.14_trainee_36_sea spikes_1.csv,trainee,36,trainee__participant_36,sea_spikes,1,extra_trees,2,16.0,15.851641414141417,0.14835858585858297,0.14835858585858297
DVST_XI_6-8_Mar_2025_07_11.56.53_expert_2_camera target_1.csv,expert,2,expert__participant_2,camera_target,1,extra_trees,2,25.0,23.307449494949502,1.692550505050498,1.692550505050498
DVST_XI_6-8_Mar_2025_07_11.56.53_expert_2_glove cut_1.csv,expert,2,expert__participant_2,glove_cut,1,extra_trees,2,19.0,16.541952783528863,2.4580472164711367,2.4580472164711367
DVST_XI_6-8_Mar_2025_07_11.56.53_expert_2_ring rollercoaster_1.csv,expert,2,expert__participant_2,ring_rollercoaster,1,extra_trees,2,20.0,20.809405882417256,-0.8094058824172556,0.8094058824172556
DVST_XI_6-8_Mar_2025_07_11.56.53_expert_2_sea spikes_1.csv,expert,2,expert__participant_2,sea_spikes,1,extra_trees,2,18.0,21.09231000481001,-3.0923100048100096,3.0923100048100096
DVST_XI_6-8_Mar_2025_07_11.56.53_expert_2_suture_1.csv,expert,2,expert__participant_2,suture,1,extra_trees,2,23.0,22.696563852813853,0.3034361471861473,0.3034361471861473
DVST_XI_6-8_Mar_2025_07_11.56.53_trainee_31_glove cut_1.csv,trainee,31,trainee__participant_31,glove_cut,1,extra_trees,2,16.0,16.829386964856262,-0.829386964856262,0.829386964856262
DVST_XI_6-8_Mar_2025_07_11.56.53_trainee_33_camera target_2.csv,trainee,33,trainee__participant_33,camera_target,2,extra_trees,2,19.0,20.61900895989725,-1.6190089598972506,1.6190089598972506
DVST_XI_6-8_Mar_2025_07_11.56.53_trainee_33_glove cut_1.csv,trainee,33,trainee__participant_33,glove_cut,1,extra_trees,2,18.0,17.31022237995922,0.689777620040779,0.689777620040779
DVST_XI_6-8_Mar_2025_07_11.56.53_trainee_33_sea spikes_2.csv,trainee,33,trainee__participant_33,sea_spikes,2,extra_trees,2,20.0,18.291467569069244,1.708532430930756,1.708532430930756
DVST_XI_6-8_Mar_2025_07_11.56.53_trainee_36_glove cut_1.csv,trainee,36,trainee__participant_36,glove_cut,1,extra_trees,2,18.0,17.386339639377532,0.6136603606224682,0.6136603606224682
DVST_XI_Griffin_16-19_07_2024_17_12.20.23_trainee_13_camera target_1.csv,trainee,13,trainee__participant_13,camera_target,1,extra_trees,2,19.0,19.834840610421416,-0.8348406104214163,0.8348406104214163
DVST_XI_Griffin_16-19_07_2024_17_12.20.23_trainee_13_glove cut_1.csv,trainee,13,trainee__participant_13,glove_cut,1,extra_trees,2,23.0,18.719956396773075,4.280043603226925,4.280043603226925
DVST_XI_Griffin_16-19_07_2024_17_12.20.23_trainee_13_ring rollercoaster_1.csv,trainee,13,trainee__participant_13,ring_rollercoaster,1,extra_trees,2,17.0,21.099104273251996,-4.099104273251996,4.099104273251996
DVST_XI_Griffin_16-19_07_2024_17_12.20.23_trainee_13_ring rollercoaster_2.csv,trainee,13,trainee__participant_13,ring_rollercoaster,2,extra_trees,2,22.0,19.38975336222997,2.610246637770029,2.610246637770029
DVST_XI_Griffin_16-19_07_2024_17_12.20.23_trainee_13_sea spikes_1.csv,trainee,13,trainee__participant_13,sea_spikes,1,extra_trees,2,17.0,19.161375395304482,-2.161375395304482,2.161375395304482
DVST_XI_Griffin_16-19_07_2024_17_12.20.23_trainee_13_suture_1.csv,trainee,13,trainee__participant_13,suture,1,extra_trees,2,23.0,17.944879914603593,5.055120085396407,5.055120085396407
DVST_XI_Griffin_16-19_07_2024_18_08.46.52_trainee_13_sea spikes_2.csv,trainee,13,trainee__participant_13,sea_spikes,2,extra_trees,2,21.0,23.117340067340074,-2.1173400673400735,2.1173400673400735
DVST_XI_Griffin_16-19_07_2024_18_08.46.52_trainee_13_suture_2.csv,trainee,13,trainee__participant_13,suture,2,extra_trees,2,28.0,24.495906986531995,3.5040930134680046,3.5040930134680046
DVST_XI_Griffin_16-19_07_2024_19_09.39.41_trainee_13_camera target_2.csv,trainee,13,trainee__participant_13,camera_target,2,extra_trees,2,17.0,21.871736849009576,-4.871736849009576,4.871736849009576
DVST_XI_Griffin_29_sep-1_oct_2024_01_10.39.05_trainee_17_camera target_2.csv,trainee,17,trainee__participant_17,camera_target,2,extra_trees,2,22.0,22.340855536792066,-0.34085553679206626,0.34085553679206626
DVST_XI_Griffin_29_sep-1_oct_2024_01_10.39.05_trainee_21_camera target_2.csv,trainee,21,trainee__participant_21,camera_target,2,extra_trees,2,23.0,20.452776933776263,2.5472230662237365,2.5472230662237365
DVST_XI_Griffin_29_sep-1_oct_2024_29_09.07.40_trainee_17_camera target_1.csv,trainee,17,trainee__participant_17,camera_target,1,extra_trees,2,23.0,17.945801767676762,5.0541982323232375,5.0541982323232375
DVST_XI_Griffin_29_sep-1_oct_2024_29_09.07.40_trainee_17_suture_1.csv,trainee,17,trainee__participant_17,suture,1,extra_trees,2,15.0,20.40214646464646,-5.40214646464646,5.40214646464646
DVST_XI_Griffin_29_sep-1_oct_2024_29_09.07.40_trainee_21_camera target_1.csv,trainee,21,trainee__participant_21,camera_target,1,extra_trees,2,19.0,19.063131313131308,-0.06313131313130782,0.06313131313130782
DVST_XI_Griffin_29_sep-1_oct_2024_29_09.07.40_trainee_21_suture_1.csv,trainee,21,trainee__participant_21,suture,1,extra_trees,2,18.0,16.383522727272723,1.616477272727277,1.616477272727277
DVST_XI_Griffin_29_sep-1_oct_2024_30_12.18.00_trainee_17_glove cut_2.csv,trainee,17,trainee__participant_17,glove_cut,2,extra_trees,2,22.0,18.974743640666798,3.025256359333202,3.025256359333202
DVST_XI_Griffin_29_sep-1_oct_2024_30_12.18.00_trainee_17_ring rollercoaster_2.csv,trainee,17,trainee__participant_17,ring_rollercoaster,2,extra_trees,2,22.0,19.110645937667996,2.8893540623320035,2.8893540623320035
DVST_XI_Griffin_29_sep-1_oct_2024_30_12.18.00_trainee_17_sea spikes_2.csv,trainee,17,trainee__participant_17,sea_spikes,2,extra_trees,2,22.0,22.16146352286058,-0.1614635228605792,0.1614635228605792
DVST_XI_Griffin_29_sep-1_oct_2024_30_12.18.00_trainee_21_glove cut_2.csv,trainee,21,trainee__participant_21,glove_cut,2,extra_trees,2,25.0,20.070404392596913,4.929595607403087,4.929595607403087
DVST_XI_Griffin_29_sep-1_oct_2024_30_12.18.00_trainee_21_ring rollercoaster_2.csv,trainee,21,trainee__participant_21,ring_rollercoaster,2,extra_trees,2,22.0,19.737089783112513,2.2629102168874873,2.2629102168874873
DVST_XI_Griffin_29_sep-1_oct_2024_30_12.18.00_trainee_21_sea spikes_2.csv,trainee,21,trainee__participant_21,sea_spikes,2,extra_trees,2,22.0,21.517546172509412,0.48245382749058763,0.48245382749058763
DVST_XI_Griffin_29_sep-1_oct_2024_30_12.18.00_trainee_21_suture_2.csv,trainee,21,trainee__participant_21,suture,2,extra_trees,2,23.0,21.331509742860376,1.6684902571396236,1.6684902571396236
DVST_XI_10-13_Nov_2025_12_10.36.46_expert_10_camera target_1.csv,expert,10,expert__participant_10,camera_target,1,extra_trees,3,30.0,24.919191919191913,5.080808080808087,5.080808080808087
DVST_XI_10-13_Nov_2025_12_10.36.46_expert_10_glove cut_1.csv,expert,10,expert__participant_10,glove_cut,1,extra_trees,3,28.0,23.441919191919208,4.558080808080792,4.558080808080792
DVST_XI_10-13_Nov_2025_12_10.36.46_expert_10_ring rollercoaster_1.csv,expert,10,expert__participant_10,ring_rollercoaster,1,extra_trees,3,29.0,21.36584595959597,7.634154040404031,7.634154040404031
DVST_XI_10-13_Nov_2025_12_10.36.46_expert_10_sea spikes_1.csv,expert,10,expert__participant_10,sea_spikes,1,extra_trees,3,29.0,22.203282828282816,6.796717171717184,6.796717171717184
DVST_XI_10-13_Nov_2025_12_10.36.46_expert_10_suture_1.csv,expert,10,expert__participant_10,suture,1,extra_trees,3,30.0,24.205176767676743,5.794823232323257,5.794823232323257
DVST_XI_11-14_Aug_2025_13_11.33.24_expert_7_camera target_1.csv,expert,7,expert__participant_7,camera_target,1,extra_trees,3,28.0,24.61079545454544,3.389204545454561,3.389204545454561
DVST_XI_11-14_Aug_2025_13_11.33.24_expert_7_glove cut_1.csv,expert,7,expert__participant_7,glove_cut,1,extra_trees,3,25.0,20.296717171717162,4.703282828282838,4.703282828282838
DVST_XI_11-14_Aug_2025_13_11.33.24_expert_7_ring rollercoaster_1.csv,expert,7,expert__participant_7,ring_rollercoaster,1,extra_trees,3,20.0,24.56502525252525,-4.565025252525249,4.565025252525249
DVST_XI_11-14_Aug_2025_13_11.33.24_expert_7_sea spikes_1.csv,expert,7,expert__participant_7,sea_spikes,1,extra_trees,3,20.0,20.295138888888882,-0.2951388888888822,0.2951388888888822
DVST_XI_11-14_Aug_2025_13_11.33.24_expert_7_suture_1.csv,expert,7,expert__participant_7,suture,1,extra_trees,3,29.0,23.685921717171713,5.314078282828287,5.314078282828287
DVST_XI_14-16_Feb_2024_14_09.13.16_trainee_3_camera target_1.csv,trainee,3,trainee__participant_3,camera_target,1,extra_trees,3,15.0,18.35574494949496,-3.3557449494949587,3.3557449494949587
DVST_XI_14-16_Feb_2024_14_09.13.16_trainee_3_glove cut_1.csv,trainee,3,trainee__participant_3,glove_cut,1,extra_trees,3,17.0,18.812184343434346,-1.812184343434346,1.812184343434346
DVST_XI_14-16_Feb_2024_14_09.13.16_trainee_3_ring rollercoaster_1.csv,trainee,3,trainee__participant_3,ring_rollercoaster,1,extra_trees,3,12.0,18.021780303030315,-6.021780303030315,6.021780303030315
DVST_XI_14-16_Feb_2024_14_09.13.16_trainee_3_sea spikes_1.csv,trainee,3,trainee__participant_3,sea_spikes,1,extra_trees,3,15.0,18.586805555555554,-3.5868055555555536,3.5868055555555536
DVST_XI_14-16_Feb_2024_14_09.13.16_trainee_3_suture_1.csv,trainee,3,trainee__participant_3,suture,1,extra_trees,3,19.0,18.526830808080813,0.4731691919191867,0.4731691919191867
DVST_XI_14-16_Feb_2024_16_08.32.59_trainee_3_camera target_2.csv,trainee,3,trainee__participant_3,camera_target,2,extra_trees,3,23.0,18.679924242424235,4.320075757575765,4.320075757575765
DVST_XI_14-16_Feb_2024_16_08.32.59_trainee_3_glove cut_2.csv,trainee,3,trainee__participant_3,glove_cut,2,extra_trees,3,19.0,19.962121212121204,-0.9621212121212039,0.9621212121212039
DVST_XI_14-16_Feb_2024_16_08.32.59_trainee_3_ring rollercoaster_2.csv,trainee,3,trainee__participant_3,ring_rollercoaster,2,extra_trees,3,21.0,19.360479797979796,1.6395202020202042,1.6395202020202042
DVST_XI_14-16_Feb_2024_16_08.32.59_trainee_3_sea spikes_2.csv,trainee,3,trainee__participant_3,sea_spikes,2,extra_trees,3,17.0,19.37563131313132,-2.3756313131313185,2.3756313131313185
DVST_XI_14-16_Feb_2024_16_08.32.59_trainee_3_suture_2.csv,trainee,3,trainee__participant_3,suture,2,extra_trees,3,22.0,23.36395202020202,-1.3639520202020208,1.3639520202020208
DVST_XI_19-22_May_2025_22_09.34.36_trainee_40_camera target_2.csv,trainee,40,trainee__participant_40,camera_target,2,extra_trees,3,24.0,22.71369949494949,1.2863005050505087,1.2863005050505087
DVST_XI_19-22_May_2025_22_09.34.36_trainee_40_glove cut_2.csv,trainee,40,trainee__participant_40,glove_cut,2,extra_trees,3,24.0,21.480744949494955,2.519255050505045,2.519255050505045
DVST_XI_6-8_Mar_2025_06_10.41.14_trainee_35_ring rollercoaster_1.csv,trainee,35,trainee__participant_35,ring_rollercoaster,1,extra_trees,3,18.0,15.925189393939391,2.074810606060609,2.074810606060609
DVST_XI_6-8_Mar_2025_06_10.41.14_trainee_35_sea spikes_1.csv,trainee,35,trainee__participant_35,sea_spikes,1,extra_trees,3,15.0,15.800820707070718,-0.8008207070707183,0.8008207070707183
DVST_XI_6-8_Mar_2025_07_11.56.53_trainee_35_camera target_2.csv,trainee,35,trainee__participant_35,camera_target,2,extra_trees,3,18.0,20.99968434343435,-2.9996843434343496,2.9996843434343496
DVST_XI_6-8_Mar_2025_07_11.56.53_trainee_35_glove cut_1.csv,trainee,35,trainee__participant_35,glove_cut,1,extra_trees,3,16.0,19.593750000000007,-3.593750000000007,3.593750000000007
DVST_XI_6-8_Mar_2025_07_11.56.53_trainee_35_sea spikes_2.csv,trainee,35,trainee__participant_35,sea_spikes,2,extra_trees,3,21.0,19.994002525252526,1.005997474747474,1.005997474747474
DVST_XI_7-11_Mar_2024_08_13.12.17_trainee_11_ring rollercoaster_1.csv,trainee,11,trainee__participant_11,ring_rollercoaster,1,extra_trees,3,18.0,17.91666666666666,0.08333333333333925,0.08333333333333925
DVST_XI_7-11_Mar_2024_08_13.12.17_trainee_11_sea spikes_1.csv,trainee,11,trainee__participant_11,sea_spikes,1,extra_trees,3,18.0,20.04861111111113,-2.0486111111111285,2.0486111111111285
DVST_XI_7-11_Mar_2024_08_13.12.17_trainee_7_ring rollercoaster_1.csv,trainee,7,trainee__participant_7,ring_rollercoaster,1,extra_trees,3,15.0,16.98579545454545,-1.9857954545454497,1.9857954545454497
DVST_XI_7-11_Mar_2024_08_13.12.17_trainee_7_sea spikes_1.csv,trainee,7,trainee__participant_7,sea_spikes,1,extra_trees,3,19.0,16.56723484848486,2.4327651515151416,2.4327651515151416
DVST_XI_7-11_Mar_2024_09_10.19.01_trainee_11_camera target_1.csv,trainee,11,trainee__participant_11,camera_target,1,extra_trees,3,10.0,13.521780303030297,-3.5217803030302974,3.5217803030302974
DVST_XI_7-11_Mar_2024_09_10.19.01_trainee_11_glove cut_1.csv,trainee,11,trainee__participant_11,glove_cut,1,extra_trees,3,18.0,18.89551767676767,-0.8955176767676711,0.8955176767676711
DVST_XI_7-11_Mar_2024_09_10.19.01_trainee_7_camera target_1.csv,trainee,7,trainee__participant_7,camera_target,1,extra_trees,3,17.0,17.818497474747474,-0.818497474747474,0.818497474747474
DVST_XI_7-11_Mar_2024_09_10.19.01_trainee_7_glove cut_1.csv,trainee,7,trainee__participant_7,glove_cut,1,extra_trees,3,15.0,16.903093434343443,-1.9030934343434431,1.9030934343434431
DVST_XI_7-11_Mar_2024_09_13.46.11_trainee_11_suture_1.csv,trainee,11,trainee__participant_11,suture,1,extra_trees,3,18.0,19.049242424242436,-1.0492424242424363,1.0492424242424363
DVST_XI_7-11_Mar_2024_09_13.46.11_trainee_7_suture_1.csv,trainee,7,trainee__participant_7,suture,1,extra_trees,3,17.0,17.47190656565657,-0.4719065656565711,0.4719065656565711
DVST_XI_7-11_Mar_2024_10_08.59.30_trainee_11_ring rollercoaster_2.csv,trainee,11,trainee__participant_11,ring_rollercoaster,2,extra_trees,3,16.0,18.943181818181827,-2.9431818181818272,2.9431818181818272
DVST_XI_7-11_Mar_2024_10_08.59.30_trainee_11_sea spikes_2.csv,trainee,11,trainee__participant_11,sea_spikes,2,extra_trees,3,18.0,20.330176767676775,-2.3301767676767753,2.3301767676767753
DVST_XI_7-11_Mar_2024_10_08.59.30_trainee_7_ring rollercoaster_2.csv,trainee,7,trainee__participant_7,ring_rollercoaster,2,extra_trees,3,18.0,19.27998737373737,-1.2799873737373701,1.2799873737373701
DVST_XI_7-11_Mar_2024_10_08.59.30_trainee_7_sea spikes_2.csv,trainee,7,trainee__participant_7,sea_spikes,2,extra_trees,3,20.0,18.775568181818176,1.2244318181818237,1.2244318181818237
DVST_XI_Griffin_16-19_07_2024_16_08.46.09_trainee_14_glove cut_1.csv,trainee,14,trainee__participant_14,glove_cut,1,extra_trees,3,11.0,17.45265151515152,-6.452651515151519,6.452651515151519
DVST_XI_Griffin_16-19_07_2024_16_08.46.09_trainee_14_ring rollercoaster_1.csv,trainee,14,trainee__participant_14,ring_rollercoaster,1,extra_trees,3,16.0,18.916982323232332,-2.9169823232323324,2.9169823232323324
DVST_XI_Griffin_16-19_07_2024_16_08.46.09_trainee_14_sea spikes_1.csv,trainee,14,trainee__participant_14,sea_spikes,1,extra_trees,3,12.0,13.864898989898984,-1.8648989898989843,1.8648989898989843
DVST_XI_Griffin_16-19_07_2024_16_08.46.09_trainee_14_suture_1.csv,trainee,14,trainee__participant_14,suture,1,extra_trees,3,15.0,19.619318181818187,-4.619318181818187,4.619318181818187
DVST_XI_Griffin_16-19_07_2024_17_12.20.23_trainee_14_camera target_1.csv,trainee,14,trainee__participant_14,camera_target,1,extra_trees,3,14.0,14.969696969696965,-0.9696969696969653,0.9696969696969653
DVST_XI_Griffin_16-19_07_2024_18_08.46.52_trainee_14_sea spikes_2.csv,trainee,14,trainee__participant_14,sea_spikes,2,extra_trees,3,20.0,19.84217171717172,0.1578282828282802,0.1578282828282802
DVST_XI_Griffin_16-19_07_2024_18_08.46.52_trainee_14_suture_2.csv,trainee,14,trainee__participant_14,suture,2,extra_trees,3,29.0,25.900252525252533,3.099747474747467,3.099747474747467
DVST_XI_Griffin_16-19_07_2024_19_09.39.41_trainee_14_glove cut_2.csv,trainee,14,trainee__participant_14,glove_cut,2,extra_trees,3,18.0,18.64330808080807,-0.6433080808080689,0.6433080808080689
DVST_XI_10-13_Nov_2025_12_10.36.46_expert_9_camera target_1.csv,expert,9,expert__participant_9,camera_target,1,extra_trees,4,28.0,23.36024677077308,4.639753229226919,4.639753229226919
DVST_XI_10-13_Nov_2025_12_10.36.46_expert_9_glove cut_1.csv,expert,9,expert__participant_9,glove_cut,1,extra_trees,4,29.0,22.004823758113233,6.995176241886767,6.995176241886767
DVST_XI_10-13_Nov_2025_12_10.36.46_expert_9_ring rollercoaster_1.csv,expert,9,expert__participant_9,ring_rollercoaster,1,extra_trees,4,29.0,21.910947239894597,7.089052760105403,7.089052760105403
DVST_XI_10-13_Nov_2025_12_10.36.46_expert_9_sea spikes_1.csv,expert,9,expert__participant_9,sea_spikes,1,extra_trees,4,29.0,22.811813186813183,6.188186813186817,6.188186813186817
DVST_XI_10-13_Nov_2025_12_10.36.46_expert_9_suture_1.csv,expert,9,expert__participant_9,suture,1,extra_trees,4,28.0,23.894025930210127,4.105974069789873,4.105974069789873
DVST_XI_14-16_Feb_2024_14_09.13.16_trainee_2_camera target_1.csv,trainee,2,trainee__participant_2,camera_target,1,extra_trees,4,17.0,14.508896038172352,2.4911039618276476,2.4911039618276476
DVST_XI_14-16_Feb_2024_14_09.13.16_trainee_2_glove cut_1.csv,trainee,2,trainee__participant_2,glove_cut,1,extra_trees,4,13.0,18.68595323367591,-5.68595323367591,5.68595323367591
DVST_XI_14-16_Feb_2024_14_09.13.16_trainee_2_ring rollercoaster_1.csv,trainee,2,trainee__participant_2,ring_rollercoaster,1,extra_trees,4,14.0,17.94110386914031,-3.94110386914031,3.94110386914031
DVST_XI_14-16_Feb_2024_14_09.13.16_trainee_2_sea spikes_1.csv,trainee,2,trainee__participant_2,sea_spikes,1,extra_trees,4,15.0,19.415254847491692,-4.415254847491692,4.415254847491692
DVST_XI_14-16_Feb_2024_14_09.13.16_trainee_2_suture_1.csv,trainee,2,trainee__participant_2,suture,1,extra_trees,4,19.0,19.68979178716022,-0.689791787160221,0.689791787160221
DVST_XI_14-16_Feb_2024_16_08.32.59_trainee_2_camera target_2.csv,trainee,2,trainee__participant_2,camera_target,2,extra_trees,4,16.0,19.196846714913526,-3.1968467149135265,3.1968467149135265
DVST_XI_14-16_Feb_2024_16_08.32.59_trainee_2_glove cut_2.csv,trainee,2,trainee__participant_2,glove_cut,2,extra_trees,4,19.0,18.071002024291513,0.9289979757084872,0.9289979757084872
DVST_XI_14-16_Feb_2024_16_08.32.59_trainee_2_ring rollercoaster_2.csv,trainee,2,trainee__participant_2,ring_rollercoaster,2,extra_trees,4,21.0,17.120261267073026,3.879738732926974,3.879738732926974
DVST_XI_14-16_Feb_2024_16_08.32.59_trainee_2_sea spikes_2.csv,trainee,2,trainee__participant_2,sea_spikes,2,extra_trees,4,17.0,17.78543715056872,-0.7854371505687183,0.7854371505687183
DVST_XI_14-16_Feb_2024_16_08.32.59_trainee_2_suture_2.csv,trainee,2,trainee__participant_2,suture,2,extra_trees,4,22.0,22.30600539811067,-0.3060053981106705,0.3060053981106705
DVST_XI_19-22_May_2025_22_09.34.36_trainee_39_camera target_2.csv,trainee,39,trainee__participant_39,camera_target,2,extra_trees,4,19.0,22.439928779048184,-3.4399287790481843,3.4399287790481843
DVST_XI_19-22_May_2025_22_09.34.36_trainee_39_glove cut_2.csv,trainee,39,trainee__participant_39,glove_cut,2,extra_trees,4,22.0,20.636336032388673,1.363663967611327,1.363663967611327
DVST_XI_6-8_Mar_2025_07_11.56.53_expert_1_camera target_1.csv,expert,1,expert__participant_1,camera_target,1,extra_trees,4,26.0,23.382340551107852,2.617659448892148,2.617659448892148
DVST_XI_6-8_Mar_2025_07_11.56.53_expert_1_glove cut_1.csv,expert,1,expert__participant_1,glove_cut,1,extra_trees,4,20.0,21.57456578509209,-1.5745657850920907,1.5745657850920907
DVST_XI_6-8_Mar_2025_07_11.56.53_expert_1_ring rollercoaster_1.csv,expert,1,expert__participant_1,ring_rollercoaster,1,extra_trees,4,21.0,22.11419654906496,-1.1141965490649604,1.1141965490649604
DVST_XI_6-8_Mar_2025_07_11.56.53_expert_1_sea spikes_1.csv,expert,1,expert__participant_1,sea_spikes,1,extra_trees,4,23.0,22.65852371312897,0.3414762868710284,0.3414762868710284
DVST_XI_6-8_Mar_2025_07_11.56.53_expert_1_suture_1.csv,expert,1,expert__participant_1,suture,1,extra_trees,4,26.0,24.193967290019927,1.806032709980073,1.806032709980073
DVST_XI_7-11_Jul_2025_10_09.40.17_expert_6_camera target_1.csv,expert,6,expert__participant_6,camera_target,1,extra_trees,4,25.0,22.480995758627344,2.519004241372656,2.519004241372656
DVST_XI_7-11_Jul_2025_10_09.40.17_expert_6_glove cut_1.csv,expert,6,expert__participant_6,glove_cut,1,extra_trees,4,23.0,20.740602391606544,2.2593976083934564,2.2593976083934564
DVST_XI_7-11_Jul_2025_10_09.40.17_expert_6_ring rollercoaster_1.csv,expert,6,expert__participant_6,ring_rollercoaster,1,extra_trees,4,23.0,21.701945653607694,1.2980543463923055,1.2980543463923055
DVST_XI_7-11_Jul_2025_10_09.40.17_expert_6_sea spikes_1.csv,expert,6,expert__participant_6,sea_spikes,1,extra_trees,4,23.0,20.740239652385387,2.2597603476146126,2.2597603476146126
DVST_XI_7-11_Jul_2025_10_09.40.17_expert_6_suture_1.csv,expert,6,expert__participant_6,suture,1,extra_trees,4,26.0,22.617344454650958,3.382655545349042,3.382655545349042
DVST_XI_7-11_Mar_2024_08_13.12.17_trainee_10_ring rollercoaster_1.csv,trainee,10,trainee__participant_10,ring_rollercoaster,1,extra_trees,4,14.0,19.108612075059455,-5.108612075059455,5.108612075059455
DVST_XI_7-11_Mar_2024_08_13.12.17_trainee_10_sea spikes_1.csv,trainee,10,trainee__participant_10,sea_spikes,1,extra_trees,4,22.0,15.97106157346808,6.028938426531919,6.028938426531919
DVST_XI_7-11_Mar_2024_08_13.12.17_trainee_6_ring rollercoaster_1.csv,trainee,6,trainee__participant_6,ring_rollercoaster,1,extra_trees,4,16.0,21.301508579140148,-5.3015085791401475,5.3015085791401475
DVST_XI_7-11_Mar_2024_08_13.12.17_trainee_6_sea spikes_1.csv,trainee,6,trainee__participant_6,sea_spikes,1,extra_trees,4,16.0,16.501211374746422,-0.501211374746422,0.501211374746422
DVST_XI_7-11_Mar_2024_09_10.19.01_trainee_10_camera target_1.csv,trainee,10,trainee__participant_10,camera_target,1,extra_trees,4,14.0,19.87419787814525,-5.8741978781452495,5.8741978781452495
DVST_XI_7-11_Mar_2024_09_10.19.01_trainee_10_glove cut_1.csv,trainee,10,trainee__participant_10,glove_cut,1,extra_trees,4,18.0,14.635413855150702,3.364586144849298,3.364586144849298
DVST_XI_7-11_Mar_2024_09_10.19.01_trainee_6_camera target_1.csv,trainee,6,trainee__participant_6,camera_target,1,extra_trees,4,16.0,18.384069548872176,-2.3840695488721764,2.3840695488721764
DVST_XI_7-11_Mar_2024_09_10.19.01_trainee_6_glove cut_1.csv,trainee,6,trainee__participant_6,glove_cut,1,extra_trees,4,15.0,14.216590354090364,0.7834096459096358,0.7834096459096358
DVST_XI_7-11_Mar_2024_09_13.46.11_trainee_10_suture_1.csv,trainee,10,trainee__participant_10,suture,1,extra_trees,4,19.0,20.20749463285781,-1.2074946328578093,1.2074946328578093
DVST_XI_7-11_Mar_2024_09_13.46.11_trainee_6_suture_1.csv,trainee,6,trainee__participant_6,suture,1,extra_trees,4,12.0,18.386292283964355,-6.386292283964355,6.386292283964355
DVST_XI_7-11_Mar_2024_10_08.59.30_trainee_10_ring rollercoaster_2.csv,trainee,10,trainee__participant_10,ring_rollercoaster,2,extra_trees,4,18.0,18.56929435274578,-0.5692943527457786,0.5692943527457786
DVST_XI_7-11_Mar_2024_10_08.59.30_trainee_10_sea spikes_2.csv,trainee,10,trainee__participant_10,sea_spikes,2,extra_trees,4,22.0,19.80922943453307,2.1907705654669307,2.1907705654669307
DVST_XI_7-11_Mar_2024_10_08.59.30_trainee_6_ring rollercoaster_2.csv,trainee,6,trainee__participant_6,ring_rollercoaster,2,extra_trees,4,18.0,21.301923964770218,-3.301923964770218,3.301923964770218
DVST_XI_7-11_Mar_2024_10_08.59.30_trainee_6_sea spikes_2.csv,trainee,6,trainee__participant_6,sea_spikes,2,extra_trees,4,20.0,21.60822488914593,-1.60822488914593,1.60822488914593
DVST_XI_Griffin_16-19_07_2024_16_08.46.09_trainee_12_glove cut_1.csv,trainee,12,trainee__participant_12,glove_cut,1,extra_trees,4,21.0,17.999635676963603,3.000364323036397,3.000364323036397
DVST_XI_Griffin_16-19_07_2024_16_08.46.09_trainee_12_ring rollercoaster_1.csv,trainee,12,trainee__participant_12,ring_rollercoaster,1,extra_trees,4,16.0,20.47438869609921,-4.474388696099211,4.474388696099211
DVST_XI_Griffin_16-19_07_2024_16_08.46.09_trainee_12_sea spikes_1.csv,trainee,12,trainee__participant_12,sea_spikes,1,extra_trees,4,12.0,19.17644592249852,-7.1764459224985195,7.1764459224985195
DVST_XI_Griffin_16-19_07_2024_16_08.46.09_trainee_12_suture_1.csv,trainee,12,trainee__participant_12,suture,1,extra_trees,4,20.0,21.309743107769417,-1.3097431077694175,1.3097431077694175
DVST_XI_Griffin_16-19_07_2024_17_12.20.23_trainee_12_camera target_1.csv,trainee,12,trainee__participant_12,camera_target,1,extra_trees,4,16.0,21.88422498554076,-5.884224985540762,5.884224985540762
DVST_XI_Griffin_16-19_07_2024_18_08.46.52_trainee_12_sea spikes_2.csv,trainee,12,trainee__participant_12,sea_spikes,2,extra_trees,4,19.0,22.039160401002523,-3.0391604010025226,3.0391604010025226
DVST_XI_Griffin_16-19_07_2024_18_08.46.52_trainee_12_suture_2.csv,trainee,12,trainee__participant_12,suture,2,extra_trees,4,28.0,25.997493837431907,2.0025061625680927,2.0025061625680927
DVST_XI_Griffin_16-19_07_2024_19_09.39.41_trainee_12_glove cut_2.csv,trainee,12,trainee__participant_12,glove_cut,2,extra_trees,4,20.0,19.77604588394063,0.223954116059371,0.223954116059371
DVST_XI_19-22_May_2025_21_09.43.23_expert_5_camera target_1.csv,expert,5,expert__participant_5,camera_target,1,extra_trees,5,30.0,22.054189310818707,7.945810689181293,7.945810689181293
DVST_XI_19-22_May_2025_21_09.43.23_expert_5_glove cut_1.csv,expert,5,expert__participant_5,glove_cut,1,extra_trees,5,24.0,19.770886738987883,4.229113261012117,4.229113261012117
DVST_XI_19-22_May_2025_21_09.43.23_expert_5_ring rollercoaster_1.csv,expert,5,expert__participant_5,ring_rollercoaster,1,extra_trees,5,24.0,20.20396166112233,3.7960383388776684,3.7960383388776684
DVST_XI_19-22_May_2025_21_09.43.23_expert_5_sea spikes_1.csv,expert,5,expert__participant_5,sea_spikes,1,extra_trees,5,24.0,22.191058289648918,1.8089417103510819,1.8089417103510819
DVST_XI_19-22_May_2025_21_09.43.23_expert_5_suture_1.csv,expert,5,expert__participant_5,suture,1,extra_trees,5,29.0,22.61274820023765,6.38725179976235,6.38725179976235
DVST_XI_19-22_May_2025_22_09.34.36_trainee_38_camera target_2.csv,trainee,38,trainee__participant_38,camera_target,2,extra_trees,5,22.0,27.30232558139535,-5.302325581395351,5.302325581395351
DVST_XI_19-22_May_2025_22_09.34.36_trainee_38_glove cut_2.csv,trainee,38,trainee__participant_38,glove_cut,2,extra_trees,5,18.0,22.3373095896352,-4.3373095896352005,4.3373095896352005
DVST_XI_19-22_May_2025_22_09.34.36_trainee_42_camera target_2.csv,trainee,42,trainee__participant_42,camera_target,2,extra_trees,5,19.0,17.251015275539583,1.748984724460417,1.748984724460417
DVST_XI_19-22_May_2025_22_09.34.36_trainee_42_glove cut_2.csv,trainee,42,trainee__participant_42,glove_cut,2,extra_trees,5,16.0,19.13122978326439,-3.1312297832643914,3.1312297832643914
DVST_XI_6-8_Mar_2025_06_10.41.14_trainee_34_camera target_1.csv,trainee,34,trainee__participant_34,camera_target,1,extra_trees,5,18.0,19.566159595513625,-1.566159595513625,1.566159595513625
DVST_XI_6-8_Mar_2025_06_10.41.14_trainee_34_ring rollercoaster_1.csv,trainee,34,trainee__participant_34,ring_rollercoaster,1,extra_trees,5,14.0,14.896825643576674,-0.8968256435766744,0.8968256435766744
DVST_XI_6-8_Mar_2025_06_10.41.14_trainee_34_sea spikes_1.csv,trainee,34,trainee__participant_34,sea_spikes,1,extra_trees,5,14.0,14.021037026508992,-0.021037026508992085,0.021037026508992085
DVST_XI_6-8_Mar_2025_07_11.56.53_trainee_34_glove cut_1.csv,trainee,34,trainee__participant_34,glove_cut,1,extra_trees,5,12.0,14.248590556730097,-2.248590556730097,2.248590556730097
DVST_XI_7-11_Mar_2024_08_13.12.17_trainee_8_ring rollercoaster_1.csv,trainee,8,trainee__participant_8,ring_rollercoaster,1,extra_trees,5,12.0,16.93139306777438,-4.93139306777438,4.93139306777438
DVST_XI_7-11_Mar_2024_08_13.12.17_trainee_8_sea spikes_1.csv,trainee,8,trainee__participant_8,sea_spikes,1,extra_trees,5,18.0,16.499003597421524,1.500996402578476,1.500996402578476
DVST_XI_7-11_Mar_2024_08_13.12.17_trainee_9_ring rollercoaster_1.csv,trainee,9,trainee__participant_9,ring_rollercoaster,1,extra_trees,5,14.0,18.891539903162013,-4.891539903162013,4.891539903162013
DVST_XI_7-11_Mar_2024_08_13.12.17_trainee_9_sea spikes_1.csv,trainee,9,trainee__participant_9,sea_spikes,1,extra_trees,5,18.0,18.848024638176884,-0.8480246381768843,0.8480246381768843
DVST_XI_7-11_Mar_2024_09_10.19.01_trainee_8_camera target_1.csv,trainee,8,trainee__participant_8,camera_target,1,extra_trees,5,10.0,11.272583125120127,-1.2725831251201267,1.2725831251201267
DVST_XI_7-11_Mar_2024_09_10.19.01_trainee_8_glove cut_1.csv,trainee,8,trainee__participant_8,glove_cut,1,extra_trees,5,17.0,17.391017343720044,-0.39101734372004415,0.39101734372004415
DVST_XI_7-11_Mar_2024_09_10.19.01_trainee_9_camera target_1.csv,trainee,9,trainee__participant_9,camera_target,1,extra_trees,5,19.0,19.641085799517302,-0.6410857995173025,0.6410857995173025
DVST_XI_7-11_Mar_2024_09_10.19.01_trainee_9_glove cut_1.csv,trainee,9,trainee__participant_9,glove_cut,1,extra_trees,5,18.0,19.129405843022056,-1.129405843022056,1.129405843022056
DVST_XI_7-11_Mar_2024_09_13.46.11_trainee_8_suture_1.csv,trainee,8,trainee__participant_8,suture,1,extra_trees,5,17.0,17.53890380358897,-0.538903803588969,0.538903803588969
DVST_XI_7-11_Mar_2024_09_13.46.11_trainee_9_suture_1.csv,trainee,9,trainee__participant_9,suture,1,extra_trees,5,16.0,18.032146000967902,-2.032146000967902,2.032146000967902
DVST_XI_7-11_Mar_2024_10_08.59.30_trainee_8_ring rollercoaster_2.csv,trainee,8,trainee__participant_8,ring_rollercoaster,2,extra_trees,5,16.0,17.264135935649225,-1.2641359356492252,1.2641359356492252
DVST_XI_7-11_Mar_2024_10_08.59.30_trainee_8_sea spikes_2.csv,trainee,8,trainee__participant_8,sea_spikes,2,extra_trees,5,20.0,18.748157204715156,1.251842795284844,1.251842795284844
DVST_XI_7-11_Mar_2024_10_08.59.30_trainee_9_ring rollercoaster_2.csv,trainee,9,trainee__participant_9,ring_rollercoaster,2,extra_trees,5,20.0,18.485844059010873,1.5141559409891272,1.5141559409891272
DVST_XI_7-11_Mar_2024_10_08.59.30_trainee_9_sea spikes_2.csv,trainee,9,trainee__participant_9,sea_spikes,2,extra_trees,5,22.0,19.172267554009988,2.827732445990012,2.827732445990012
DVST_XI_Griffin_16-19_07_2024_16_08.46.09_trainee_15_glove cut_1.csv,trainee,15,trainee__participant_15,glove_cut,1,extra_trees,5,17.0,16.717399020916915,0.28260097908308524,0.28260097908308524
DVST_XI_Griffin_16-19_07_2024_16_08.46.09_trainee_15_ring rollercoaster_1.csv,trainee,15,trainee__participant_15,ring_rollercoaster,1,extra_trees,5,18.0,19.329791489805835,-1.3297914898058352,1.3297914898058352
DVST_XI_Griffin_16-19_07_2024_16_08.46.09_trainee_15_sea spikes_1.csv,trainee,15,trainee__participant_15,sea_spikes,1,extra_trees,5,20.0,17.27371250576877,2.7262874942312294,2.7262874942312294
DVST_XI_Griffin_16-19_07_2024_16_08.46.09_trainee_15_suture_1.csv,trainee,15,trainee__participant_15,suture,1,extra_trees,5,15.0,16.432506465079175,-1.4325064650791752,1.4325064650791752
DVST_XI_Griffin_16-19_07_2024_16_08.46.09_trainee_16_glove cut_1.csv,trainee,16,trainee__participant_16,glove_cut,1,extra_trees,5,15.0,16.556816251064692,-1.5568162510646921,1.5568162510646921
DVST_XI_Griffin_16-19_07_2024_16_08.46.09_trainee_16_ring rollercoaster_1.csv,trainee,16,trainee__participant_16,ring_rollercoaster,1,extra_trees,5,20.0,16.646712621500793,3.353287378499207,3.353287378499207
DVST_XI_Griffin_16-19_07_2024_16_08.46.09_trainee_16_sea spikes_1.csv,trainee,16,trainee__participant_16,sea_spikes,1,extra_trees,5,16.0,15.54120852367086,0.4587914763291394,0.4587914763291394
DVST_XI_Griffin_16-19_07_2024_16_08.46.09_trainee_16_suture_1.csv,trainee,16,trainee__participant_16,suture,1,extra_trees,5,21.0,16.124550492608524,4.875449507391476,4.875449507391476
DVST_XI_Griffin_16-19_07_2024_17_12.20.23_trainee_15_camera target_1.csv,trainee,15,trainee__participant_15,camera_target,1,extra_trees,5,18.0,19.581518210563708,-1.5815182105637078,1.5815182105637078
DVST_XI_Griffin_16-19_07_2024_17_12.20.23_trainee_16_camera target_1.csv,trainee,16,trainee__participant_16,camera_target,1,extra_trees,5,23.0,18.60157421534653,4.398425784653469,4.398425784653469
DVST_XI_Griffin_16-19_07_2024_17_12.20.23_trainee_16_ring rollercoaster_2.csv,trainee,16,trainee__participant_16,ring_rollercoaster,2,extra_trees,5,23.0,18.812888300381395,4.187111699618605,4.187111699618605
DVST_XI_Griffin_16-19_07_2024_18_08.46.52_trainee_15_sea spikes_2.csv,trainee,15,trainee__participant_15,sea_spikes,2,extra_trees,5,23.0,21.640207916935612,1.359792083064388,1.359792083064388
DVST_XI_Griffin_16-19_07_2024_18_08.46.52_trainee_15_suture_2.csv,trainee,15,trainee__participant_15,suture,2,extra_trees,5,26.0,24.306659619450325,1.6933403805496745,1.6933403805496745
DVST_XI_Griffin_16-19_07_2024_18_08.46.52_trainee_16_sea spikes_2.csv,trainee,16,trainee__participant_16,sea_spikes,2,extra_trees,5,21.0,20.768354439685243,0.2316455603147567,0.2316455603147567
DVST_XI_Griffin_16-19_07_2024_18_08.46.52_trainee_16_suture_2.csv,trainee,16,trainee__participant_16,suture,2,extra_trees,5,29.0,26.084046063168696,2.915953936831304,2.915953936831304
DVST_XI_Griffin_16-19_07_2024_19_09.39.41_trainee_16_camera target_2.csv,trainee,16,trainee__participant_16,camera_target,2,extra_trees,5,23.0,18.86328011126887,4.136719888731129,4.136719888731129
DVST_XI_Griffin_16-19_07_2024_19_09.39.41_trainee_16_glove cut_2.csv,trainee,16,trainee__participant_16,glove_cut,2,extra_trees,5,24.0,18.5216462732295,5.4783537267705,5.4783537267705
DVST_XI_Griffin_29_sep-1_oct_2024_01_10.39.05_trainee_19_camera target_2.csv,trainee,19,trainee__participant_19,camera_target,2,extra_trees,5,18.0,17.83540702995417,0.16459297004583107,0.16459297004583107
DVST_XI_Griffin_29_sep-1_oct_2024_29_09.07.40_trainee_19_camera target_1.csv,trainee,19,trainee__participant_19,camera_target,1,extra_trees,5,17.0,15.398138207810502,1.6018617921894975,1.6018617921894975
DVST_XI_Griffin_29_sep-1_oct_2024_29_09.07.40_trainee_19_suture_1.csv,trainee,19,trainee__participant_19,suture,1,extra_trees,5,16.0,16.138056226719016,-0.13805622671901574,0.13805622671901574
DVST_XI_Griffin_29_sep-1_oct_2024_30_12.18.00_trainee_19_glove cut_2.csv,trainee,19,trainee__participant_19,glove_cut,2,extra_trees,5,17.0,17.185300456749577,-0.18530045674957663,0.18530045674957663
DVST_XI_Griffin_29_sep-1_oct_2024_30_12.18.00_trainee_19_ring rollercoaster_2.csv,trainee,19,trainee__participant_19,ring_rollercoaster,2,extra_trees,5,22.0,16.875827387306636,5.124172612693364,5.124172612693364
DVST_XI_Griffin_29_sep-1_oct_2024_30_12.18.00_trainee_19_sea spikes_2.csv,trainee,19,trainee__participant_19,sea_spikes,2,extra_trees,5,21.0,19.961405738156866,1.0385942618431336,1.0385942618431336
DVST_XI_11-14_Aug_2025_14_10.45.28_expert_8_camera target_1.csv,expert,8,expert__participant_8,camera_target,1,hist_gradient_boosting,1,28.0,24.178104434803807,3.8218955651961934,3.8218955651961934
DVST_XI_11-14_Aug_2025_14_10.45.28_expert_8_glove cut_1.csv,expert,8,expert__participant_8,glove_cut,1,hist_gradient_boosting,1,24.0,22.21876273463277,1.7812372653672313,1.7812372653672313
DVST_XI_11-14_Aug_2025_14_10.45.28_expert_8_ring rollercoaster_1.csv,expert,8,expert__participant_8,ring_rollercoaster,1,hist_gradient_boosting,1,24.0,23.269248890103817,0.7307511098961825,0.7307511098961825
DVST_XI_11-14_Aug_2025_14_10.45.28_expert_8_sea spikes_1.csv,expert,8,expert__participant_8,sea_spikes,1,hist_gradient_boosting,1,22.0,23.27412984004995,-1.2741298400499517,1.2741298400499517
DVST_XI_11-14_Aug_2025_14_10.45.28_expert_8_suture_1.csv,expert,8,expert__participant_8,suture,1,hist_gradient_boosting,1,29.0,23.977598861650495,5.022401138349505,5.022401138349505
DVST_XI_14-16_Feb_2024_14_09.13.16_trainee_1_camera target_1.csv,trainee,1,trainee__participant_1,camera_target,1,hist_gradient_boosting,1,17.0,18.42579880118499,-1.425798801184989,1.425798801184989
DVST_XI_14-16_Feb_2024_14_09.13.16_trainee_1_glove cut_1.csv,trainee,1,trainee__participant_1,glove_cut,1,hist_gradient_boosting,1,15.0,17.68299971001306,-2.6829997100130605,2.6829997100130605
DVST_XI_14-16_Feb_2024_14_09.13.16_trainee_1_ring rollercoaster_1.csv,trainee,1,trainee__participant_1,ring_rollercoaster,1,hist_gradient_boosting,1,14.0,20.164525756979298,-6.164525756979298,6.164525756979298
DVST_XI_14-16_Feb_2024_14_09.13.16_trainee_1_sea spikes_1.csv,trainee,1,trainee__participant_1,sea_spikes,1,hist_gradient_boosting,1,13.0,17.521368073164922,-4.521368073164922,4.521368073164922
DVST_XI_14-16_Feb_2024_14_09.13.16_trainee_1_suture_1.csv,trainee,1,trainee__participant_1,suture,1,hist_gradient_boosting,1,19.0,17.14870362354683,1.8512963764531705,1.8512963764531705
DVST_XI_14-16_Feb_2024_14_09.13.16_trainee_5_camera target_1.csv,trainee,5,trainee__participant_5,camera_target,1,hist_gradient_boosting,1,7.0,17.000201982284587,-10.000201982284587,10.000201982284587
DVST_XI_14-16_Feb_2024_14_09.13.16_trainee_5_glove cut_1.csv,trainee,5,trainee__participant_5,glove_cut,1,hist_gradient_boosting,1,11.0,17.488664410104064,-6.4886644101040645,6.4886644101040645
DVST_XI_14-16_Feb_2024_14_09.13.16_trainee_5_ring rollercoaster_1.csv,trainee,5,trainee__participant_5,ring_rollercoaster,1,hist_gradient_boosting,1,17.0,16.914009682591768,0.08599031740823193,0.08599031740823193
DVST_XI_14-16_Feb_2024_14_09.13.16_trainee_5_sea spikes_1.csv,trainee,5,trainee__participant_5,sea_spikes,1,hist_gradient_boosting,1,16.0,17.44756425315893,-1.4475642531589301,1.4475642531589301
DVST_XI_14-16_Feb_2024_14_09.13.16_trainee_5_suture_1.csv,trainee,5,trainee__participant_5,suture,1,hist_gradient_boosting,1,16.0,17.810194669350203,-1.810194669350203,1.810194669350203
DVST_XI_14-16_Feb_2024_16_08.32.59_trainee_1_camera target_2.csv,trainee,1,trainee__participant_1,camera_target,2,hist_gradient_boosting,1,19.0,17.862851759153,1.1371482408470008,1.1371482408470008
DVST_XI_14-16_Feb_2024_16_08.32.59_trainee_1_glove cut_2.csv,trainee,1,trainee__participant_1,glove_cut,2,hist_gradient_boosting,1,19.0,17.523968233982973,1.4760317660170266,1.4760317660170266
DVST_XI_14-16_Feb_2024_16_08.32.59_trainee_1_ring rollercoaster_2.csv,trainee,1,trainee__participant_1,ring_rollercoaster,2,hist_gradient_boosting,1,20.0,18.620134101093985,1.379865898906015,1.379865898906015
DVST_XI_14-16_Feb_2024_16_08.32.59_trainee_1_sea spikes_2.csv,trainee,1,trainee__participant_1,sea_spikes,2,hist_gradient_boosting,1,19.0,18.87294358838516,0.12705641161484138,0.12705641161484138
DVST_XI_14-16_Feb_2024_16_08.32.59_trainee_1_suture_2.csv,trainee,1,trainee__participant_1,suture,2,hist_gradient_boosting,1,17.0,19.936364755456086,-2.9363647554560863,2.9363647554560863
DVST_XI_14-16_Feb_2024_16_08.32.59_trainee_5_camera target_2.csv,trainee,5,trainee__participant_5,camera_target,2,hist_gradient_boosting,1,21.0,17.84790885584078,3.1520911441592183,3.1520911441592183
DVST_XI_14-16_Feb_2024_16_08.32.59_trainee_5_glove cut_2.csv,trainee,5,trainee__participant_5,glove_cut,2,hist_gradient_boosting,1,19.0,17.938975214603627,1.0610247853963735,1.0610247853963735
DVST_XI_14-16_Feb_2024_16_08.32.59_trainee_5_ring rollercoaster_2.csv,trainee,5,trainee__participant_5,ring_rollercoaster,2,hist_gradient_boosting,1,23.0,16.914009682591768,6.085990317408232,6.085990317408232
DVST_XI_14-16_Feb_2024_16_08.32.59_trainee_5_sea spikes_2.csv,trainee,5,trainee__participant_5,sea_spikes,2,hist_gradient_boosting,1,21.0,19.237716067265684,1.7622839327343165,1.7622839327343165
DVST_XI_14-16_Feb_2024_16_08.32.59_trainee_5_suture_2.csv,trainee,5,trainee__participant_5,suture,2,hist_gradient_boosting,1,21.0,17.943408663891237,3.056591336108763,3.056591336108763
DVST_XI_19-22_May_2025_22_09.34.36_trainee_37_camera target_2.csv,trainee,37,trainee__participant_37,camera_target,2,hist_gradient_boosting,1,16.0,19.018130811241342,-3.018130811241342,3.018130811241342
DVST_XI_19-22_May_2025_22_09.34.36_trainee_37_glove cut_2.csv,trainee,37,trainee__participant_37,glove_cut,2,hist_gradient_boosting,1,19.0,20.341852592407385,-1.3418525924073847,1.3418525924073847
DVST_XI_19-22_May_2025_22_09.34.36_trainee_41_camera target_2.csv,trainee,41,trainee__participant_41,camera_target,2,hist_gradient_boosting,1,20.0,18.542658247781784,1.4573417522182162,1.4573417522182162
DVST_XI_19-22_May_2025_22_09.34.36_trainee_41_glove cut_2.csv,trainee,41,trainee__participant_41,glove_cut,2,hist_gradient_boosting,1,19.0,19.422123683115114,-0.42212368311511383,0.42212368311511383
DVST_XI_6-8_Mar_2025_06_10.41.14_trainee_32_camera target_1.csv,trainee,32,trainee__participant_32,camera_target,1,hist_gradient_boosting,1,20.0,20.565899077744834,-0.5658990777448345,0.5658990777448345
DVST_XI_6-8_Mar_2025_06_10.41.14_trainee_32_ring rollercoaster_1.csv,trainee,32,trainee__participant_32,ring_rollercoaster,1,hist_gradient_boosting,1,17.0,17.655617442736954,-0.6556174427369541,0.6556174427369541
DVST_XI_6-8_Mar_2025_06_10.41.14_trainee_32_sea spikes_1.csv,trainee,32,trainee__participant_32,sea_spikes,1,hist_gradient_boosting,1,14.0,22.664973196856117,-8.664973196856117,8.664973196856117
DVST_XI_6-8_Mar_2025_07_11.56.53_trainee_32_glove cut_1.csv,trainee,32,trainee__participant_32,glove_cut,1,hist_gradient_boosting,1,13.0,19.95160356260984,-6.95160356260984,6.95160356260984
DVST_XI_6-8_Mar_2025_08_08.21.32_expert_3_camera target_1.csv,expert,3,expert__participant_3,camera_target,1,hist_gradient_boosting,1,27.0,19.331584439108585,7.668415560891415,7.668415560891415
DVST_XI_6-8_Mar_2025_08_08.21.32_expert_3_glove cut_1.csv,expert,3,expert__participant_3,glove_cut,1,hist_gradient_boosting,1,24.0,20.894216773318778,3.105783226681222,3.105783226681222
DVST_XI_6-8_Mar_2025_08_08.21.32_expert_3_ring rollercoaster_1.csv,expert,3,expert__participant_3,ring_rollercoaster,1,hist_gradient_boosting,1,21.0,19.42835638298396,1.57164361701604,1.57164361701604
DVST_XI_6-8_Mar_2025_08_08.21.32_expert_3_sea spikes_1.csv,expert,3,expert__participant_3,sea_spikes,1,hist_gradient_boosting,1,23.0,19.396438336056118,3.603561663943882,3.603561663943882
DVST_XI_6-8_Mar_2025_08_08.21.32_expert_3_suture_1.csv,expert,3,expert__participant_3,suture,1,hist_gradient_boosting,1,28.0,22.297560593407017,5.702439406592983,5.702439406592983
DVST_XI_Griffin_29_sep-1_oct_2024_01_10.39.05_trainee_18_camera target_2.csv,trainee,18,trainee__participant_18,camera_target,2,hist_gradient_boosting,1,18.0,19.578798189055163,-1.5787981890551634,1.5787981890551634
DVST_XI_Griffin_29_sep-1_oct_2024_01_10.39.05_trainee_20_camera target_2.csv,trainee,20,trainee__participant_20,camera_target,2,hist_gradient_boosting,1,14.0,18.029217818585273,-4.029217818585273,4.029217818585273
DVST_XI_Griffin_29_sep-1_oct_2024_29_09.07.40_trainee_18_camera target_1.csv,trainee,18,trainee__participant_18,camera_target,1,hist_gradient_boosting,1,19.0,20.21754589729024,-1.2175458972902398,1.2175458972902398
DVST_XI_Griffin_29_sep-1_oct_2024_29_09.07.40_trainee_18_suture_1.csv,trainee,18,trainee__participant_18,suture,1,hist_gradient_boosting,1,12.0,18.759651311571837,-6.759651311571837,6.759651311571837
DVST_XI_Griffin_29_sep-1_oct_2024_29_09.07.40_trainee_20_camera target_1.csv,trainee,20,trainee__participant_20,camera_target,1,hist_gradient_boosting,1,15.0,17.369808033327953,-2.3698080333279528,2.3698080333279528
DVST_XI_Griffin_29_sep-1_oct_2024_29_09.07.40_trainee_20_suture_1.csv,trainee,20,trainee__participant_20,suture,1,hist_gradient_boosting,1,13.0,17.514370396888953,-4.514370396888953,4.514370396888953
DVST_XI_Griffin_29_sep-1_oct_2024_30_12.18.00_trainee_18_glove cut_2.csv,trainee,18,trainee__participant_18,glove_cut,2,hist_gradient_boosting,1,22.0,20.43969863720955,1.560301362790451,1.560301362790451
DVST_XI_Griffin_29_sep-1_oct_2024_30_12.18.00_trainee_18_ring rollercoaster_2.csv,trainee,18,trainee__participant_18,ring_rollercoaster,2,hist_gradient_boosting,1,24.0,19.840363728742084,4.1596362712579165,4.1596362712579165
DVST_XI_Griffin_29_sep-1_oct_2024_30_12.18.00_trainee_18_sea spikes_2.csv,trainee,18,trainee__participant_18,sea_spikes,2,hist_gradient_boosting,1,22.0,20.33699578712206,1.66300421287794,1.66300421287794
DVST_XI_Griffin_29_sep-1_oct_2024_30_12.18.00_trainee_18_suture_2.csv,trainee,18,trainee__participant_18,suture,2,hist_gradient_boosting,1,22.0,20.49549396119294,1.5045060388070617,1.5045060388070617
DVST_XI_Griffin_29_sep-1_oct_2024_30_12.18.00_trainee_20_glove cut_2.csv,trainee,20,trainee__participant_20,glove_cut,2,hist_gradient_boosting,1,17.0,20.538332263727927,-3.538332263727927,3.538332263727927
DVST_XI_Griffin_29_sep-1_oct_2024_30_12.18.00_trainee_20_ring rollercoaster_2.csv,trainee,20,trainee__participant_20,ring_rollercoaster,2,hist_gradient_boosting,1,21.0,19.275525116332325,1.7244748836676749,1.7244748836676749
DVST_XI_Griffin_29_sep-1_oct_2024_30_12.18.00_trainee_20_sea spikes_2.csv,trainee,20,trainee__participant_20,sea_spikes,2,hist_gradient_boosting,1,21.0,21.792225141059422,-0.7922251410594221,0.7922251410594221
DVST_XI_14-16_Feb_2024_14_09.13.16_trainee_4_camera target_1.csv,trainee,4,trainee__participant_4,camera_target,1,hist_gradient_boosting,2,16.0,14.59488468350846,1.4051153164915409,1.4051153164915409
DVST_XI_14-16_Feb_2024_14_09.13.16_trainee_4_glove cut_1.csv,trainee,4,trainee__participant_4,glove_cut,1,hist_gradient_boosting,2,23.0,15.247967966955981,7.752032033044019,7.752032033044019
DVST_XI_14-16_Feb_2024_14_09.13.16_trainee_4_ring rollercoaster_1.csv,trainee,4,trainee__participant_4,ring_rollercoaster,1,hist_gradient_boosting,2,14.0,16.91853998152415,-2.9185399815241517,2.9185399815241517
DVST_XI_14-16_Feb_2024_14_09.13.16_trainee_4_sea spikes_1.csv,trainee,4,trainee__participant_4,sea_spikes,1,hist_gradient_boosting,2,18.0,16.009913316423848,1.990086683576152,1.990086683576152
DVST_XI_14-16_Feb_2024_14_09.13.16_trainee_4_suture_1.csv,trainee,4,trainee__participant_4,suture,1,hist_gradient_boosting,2,18.0,18.322019586404075,-0.3220195864040747,0.3220195864040747
DVST_XI_14-16_Feb_2024_16_08.32.59_trainee_4_camera target_2.csv,trainee,4,trainee__participant_4,camera_target,2,hist_gradient_boosting,2,23.0,19.53354657160696,3.4664534283930415,3.4664534283930415
DVST_XI_14-16_Feb_2024_16_08.32.59_trainee_4_glove cut_2.csv,trainee,4,trainee__participant_4,glove_cut,2,hist_gradient_boosting,2,24.0,16.835814552010042,7.164185447989958,7.164185447989958
DVST_XI_14-16_Feb_2024_16_08.32.59_trainee_4_ring rollercoaster_2.csv,trainee,4,trainee__participant_4,ring_rollercoaster,2,hist_gradient_boosting,2,24.0,17.523855829310143,6.476144170689857,6.476144170689857
DVST_XI_14-16_Feb_2024_16_08.32.59_trainee_4_sea spikes_2.csv,trainee,4,trainee__participant_4,sea_spikes,2,hist_gradient_boosting,2,24.0,18.458504685887327,5.541495314112673,5.541495314112673
DVST_XI_14-16_Feb_2024_16_08.32.59_trainee_4_suture_2.csv,trainee,4,trainee__participant_4,suture,2,hist_gradient_boosting,2,22.0,19.165894824105376,2.8341051758946243,2.8341051758946243
DVST_XI_6-8_Mar_2025_06_10.41.14_trainee_31_ring rollercoaster_1.csv,trainee,31,trainee__participant_31,ring_rollercoaster,1,hist_gradient_boosting,2,15.0,16.704960437166324,-1.7049604371663243,1.7049604371663243
DVST_XI_6-8_Mar_2025_06_10.41.14_trainee_31_sea spikes_1.csv,trainee,31,trainee__participant_31,sea_spikes,1,hist_gradient_boosting,2,13.0,16.666565918797243,-3.666565918797243,3.666565918797243
DVST_XI_6-8_Mar_2025_06_10.41.14_trainee_33_camera target_1.csv,trainee,33,trainee__participant_33,camera_target,1,hist_gradient_boosting,2,23.0,20.70451705102452,2.2954829489754793,2.2954829489754793
DVST_XI_6-8_Mar_2025_06_10.41.14_trainee_33_ring rollercoaster_1.csv,trainee,33,trainee__participant_33,ring_rollercoaster,1,hist_gradient_boosting,2,21.0,22.432713252489485,-1.432713252489485,1.432713252489485
DVST_XI_6-8_Mar_2025_06_10.41.14_trainee_33_sea spikes_1.csv,trainee,33,trainee__participant_33,sea_spikes,1,hist_gradient_boosting,2,16.0,21.663658168880612,-5.6636581688806125,5.6636581688806125
DVST_XI_6-8_Mar_2025_06_10.41.14_trainee_36_ring rollercoaster_1.csv,trainee,36,trainee__participant_36,ring_rollercoaster,1,hist_gradient_boosting,2,19.0,16.202575485084118,2.797424514915882,2.797424514915882
DVST_XI_6-8_Mar_2025_06_10.41.14_trainee_36_sea spikes_1.csv,trainee,36,trainee__participant_36,sea_spikes,1,hist_gradient_boosting,2,16.0,16.971024170827423,-0.9710241708274232,0.9710241708274232
DVST_XI_6-8_Mar_2025_07_11.56.53_expert_2_camera target_1.csv,expert,2,expert__participant_2,camera_target,1,hist_gradient_boosting,2,25.0,23.118067865546156,1.8819321344538444,1.8819321344538444
DVST_XI_6-8_Mar_2025_07_11.56.53_expert_2_glove cut_1.csv,expert,2,expert__participant_2,glove_cut,1,hist_gradient_boosting,2,19.0,16.40019637088267,2.5998036291173285,2.5998036291173285
DVST_XI_6-8_Mar_2025_07_11.56.53_expert_2_ring rollercoaster_1.csv,expert,2,expert__participant_2,ring_rollercoaster,1,hist_gradient_boosting,2,20.0,19.095688316200267,0.9043116837997331,0.9043116837997331
DVST_XI_6-8_Mar_2025_07_11.56.53_expert_2_sea spikes_1.csv,expert,2,expert__participant_2,sea_spikes,1,hist_gradient_boosting,2,18.0,21.047305867653506,-3.047305867653506,3.047305867653506
DVST_XI_6-8_Mar_2025_07_11.56.53_expert_2_suture_1.csv,expert,2,expert__participant_2,suture,1,hist_gradient_boosting,2,23.0,22.8270716151456,0.17292838485440143,0.17292838485440143
DVST_XI_6-8_Mar_2025_07_11.56.53_trainee_31_glove cut_1.csv,trainee,31,trainee__participant_31,glove_cut,1,hist_gradient_boosting,2,16.0,14.73525354546578,1.2647464545342206,1.2647464545342206
DVST_XI_6-8_Mar_2025_07_11.56.53_trainee_33_camera target_2.csv,trainee,33,trainee__participant_33,camera_target,2,hist_gradient_boosting,2,19.0,19.792102753945592,-0.792102753945592,0.792102753945592
DVST_XI_6-8_Mar_2025_07_11.56.53_trainee_33_glove cut_1.csv,trainee,33,trainee__participant_33,glove_cut,1,hist_gradient_boosting,2,18.0,15.380286279627676,2.6197137203723244,2.6197137203723244
DVST_XI_6-8_Mar_2025_07_11.56.53_trainee_33_sea spikes_2.csv,trainee,33,trainee__participant_33,sea_spikes,2,hist_gradient_boosting,2,20.0,18.96397716085803,1.036022839141971,1.036022839141971
DVST_XI_6-8_Mar_2025_07_11.56.53_trainee_36_glove cut_1.csv,trainee,36,trainee__participant_36,glove_cut,1,hist_gradient_boosting,2,18.0,15.474010361600058,2.525989638399942,2.525989638399942
DVST_XI_Griffin_16-19_07_2024_17_12.20.23_trainee_13_camera target_1.csv,trainee,13,trainee__participant_13,camera_target,1,hist_gradient_boosting,2,19.0,17.00419157329026,1.9958084267097398,1.9958084267097398
DVST_XI_Griffin_16-19_07_2024_17_12.20.23_trainee_13_glove cut_1.csv,trainee,13,trainee__participant_13,glove_cut,1,hist_gradient_boosting,2,23.0,15.590142514851932,7.409857485148068,7.409857485148068
DVST_XI_Griffin_16-19_07_2024_17_12.20.23_trainee_13_ring rollercoaster_1.csv,trainee,13,trainee__participant_13,ring_rollercoaster,1,hist_gradient_boosting,2,17.0,20.725720865460435,-3.725720865460435,3.725720865460435
DVST_XI_Griffin_16-19_07_2024_17_12.20.23_trainee_13_ring rollercoaster_2.csv,trainee,13,trainee__participant_13,ring_rollercoaster,2,hist_gradient_boosting,2,22.0,20.37354520076378,1.626454799236221,1.626454799236221
DVST_XI_Griffin_16-19_07_2024_17_12.20.23_trainee_13_sea spikes_1.csv,trainee,13,trainee__participant_13,sea_spikes,1,hist_gradient_boosting,2,17.0,19.247371198844647,-2.2473711988446468,2.2473711988446468
DVST_XI_Griffin_16-19_07_2024_17_12.20.23_trainee_13_suture_1.csv,trainee,13,trainee__participant_13,suture,1,hist_gradient_boosting,2,23.0,17.346188437859464,5.653811562140536,5.653811562140536
DVST_XI_Griffin_16-19_07_2024_18_08.46.52_trainee_13_sea spikes_2.csv,trainee,13,trainee__participant_13,sea_spikes,2,hist_gradient_boosting,2,21.0,23.169130079441853,-2.169130079441853,2.169130079441853
DVST_XI_Griffin_16-19_07_2024_18_08.46.52_trainee_13_suture_2.csv,trainee,13,trainee__participant_13,suture,2,hist_gradient_boosting,2,28.0,21.46555457514582,6.53444542485418,6.53444542485418
DVST_XI_Griffin_16-19_07_2024_19_09.39.41_trainee_13_camera target_2.csv,trainee,13,trainee__participant_13,camera_target,2,hist_gradient_boosting,2,17.0,21.788117669486617,-4.788117669486617,4.788117669486617
DVST_XI_Griffin_29_sep-1_oct_2024_01_10.39.05_trainee_17_camera target_2.csv,trainee,17,trainee__participant_17,camera_target,2,hist_gradient_boosting,2,22.0,22.76267110353711,-0.7626711035371088,0.7626711035371088
DVST_XI_Griffin_29_sep-1_oct_2024_01_10.39.05_trainee_21_camera target_2.csv,trainee,21,trainee__participant_21,camera_target,2,hist_gradient_boosting,2,23.0,18.45320876652186,4.546791233478139,4.546791233478139
DVST_XI_Griffin_29_sep-1_oct_2024_29_09.07.40_trainee_17_camera target_1.csv,trainee,17,trainee__participant_17,camera_target,1,hist_gradient_boosting,2,23.0,16.98035329094352,6.019646709056481,6.019646709056481
DVST_XI_Griffin_29_sep-1_oct_2024_29_09.07.40_trainee_17_suture_1.csv,trainee,17,trainee__participant_17,suture,1,hist_gradient_boosting,2,15.0,18.984141831325815,-3.9841418313258146,3.9841418313258146
DVST_XI_Griffin_29_sep-1_oct_2024_29_09.07.40_trainee_21_camera target_1.csv,trainee,21,trainee__participant_21,camera_target,1,hist_gradient_boosting,2,19.0,17.599736532173495,1.4002634678265053,1.4002634678265053
DVST_XI_Griffin_29_sep-1_oct_2024_29_09.07.40_trainee_21_suture_1.csv,trainee,21,trainee__participant_21,suture,1,hist_gradient_boosting,2,18.0,14.771526161479322,3.228473838520678,3.228473838520678
DVST_XI_Griffin_29_sep-1_oct_2024_30_12.18.00_trainee_17_glove cut_2.csv,trainee,17,trainee__participant_17,glove_cut,2,hist_gradient_boosting,2,22.0,20.10089581070679,1.8991041892932117,1.8991041892932117
DVST_XI_Griffin_29_sep-1_oct_2024_30_12.18.00_trainee_17_ring rollercoaster_2.csv,trainee,17,trainee__participant_17,ring_rollercoaster,2,hist_gradient_boosting,2,22.0,17.494232325003928,4.505767674996072,4.505767674996072
DVST_XI_Griffin_29_sep-1_oct_2024_30_12.18.00_trainee_17_sea spikes_2.csv,trainee,17,trainee__participant_17,sea_spikes,2,hist_gradient_boosting,2,22.0,22.857426448475074,-0.8574264484750742,0.8574264484750742
DVST_XI_Griffin_29_sep-1_oct_2024_30_12.18.00_trainee_21_glove cut_2.csv,trainee,21,trainee__participant_21,glove_cut,2,hist_gradient_boosting,2,25.0,19.79466231688103,5.2053376831189695,5.2053376831189695
DVST_XI_Griffin_29_sep-1_oct_2024_30_12.18.00_trainee_21_ring rollercoaster_2.csv,trainee,21,trainee__participant_21,ring_rollercoaster,2,hist_gradient_boosting,2,22.0,18.19092839102654,3.8090716089734613,3.8090716089734613
DVST_XI_Griffin_29_sep-1_oct_2024_30_12.18.00_trainee_21_sea spikes_2.csv,trainee,21,trainee__participant_21,sea_spikes,2,hist_gradient_boosting,2,22.0,22.080375388277137,-0.08037538827713675,0.08037538827713675
DVST_XI_Griffin_29_sep-1_oct_2024_30_12.18.00_trainee_21_suture_2.csv,trainee,21,trainee__participant_21,suture,2,hist_gradient_boosting,2,23.0,20.258062192994295,2.741937807005705,2.741937807005705
DVST_XI_10-13_Nov_2025_12_10.36.46_expert_10_camera target_1.csv,expert,10,expert__participant_10,camera_target,1,hist_gradient_boosting,3,30.0,23.51736178385771,6.482638216142291,6.482638216142291
DVST_XI_10-13_Nov_2025_12_10.36.46_expert_10_glove cut_1.csv,expert,10,expert__participant_10,glove_cut,1,hist_gradient_boosting,3,28.0,23.965591502758492,4.0344084972415075,4.0344084972415075
DVST_XI_10-13_Nov_2025_12_10.36.46_expert_10_ring rollercoaster_1.csv,expert,10,expert__participant_10,ring_rollercoaster,1,hist_gradient_boosting,3,29.0,22.77780723503991,6.222192764960091,6.222192764960091
DVST_XI_10-13_Nov_2025_12_10.36.46_expert_10_sea spikes_1.csv,expert,10,expert__participant_10,sea_spikes,1,hist_gradient_boosting,3,29.0,22.30962824885445,6.690371751145548,6.690371751145548
DVST_XI_10-13_Nov_2025_12_10.36.46_expert_10_suture_1.csv,expert,10,expert__participant_10,suture,1,hist_gradient_boosting,3,30.0,24.621175807770236,5.378824192229764,5.378824192229764
DVST_XI_11-14_Aug_2025_13_11.33.24_expert_7_camera target_1.csv,expert,7,expert__participant_7,camera_target,1,hist_gradient_boosting,3,28.0,24.48041929714195,3.5195807028580504,3.5195807028580504
DVST_XI_11-14_Aug_2025_13_11.33.24_expert_7_glove cut_1.csv,expert,7,expert__participant_7,glove_cut,1,hist_gradient_boosting,3,25.0,21.12221738444795,3.87778261555205,3.87778261555205
DVST_XI_11-14_Aug_2025_13_11.33.24_expert_7_ring rollercoaster_1.csv,expert,7,expert__participant_7,ring_rollercoaster,1,hist_gradient_boosting,3,20.0,22.834603202621867,-2.8346032026218673,2.8346032026218673
DVST_XI_11-14_Aug_2025_13_11.33.24_expert_7_sea spikes_1.csv,expert,7,expert__participant_7,sea_spikes,1,hist_gradient_boosting,3,20.0,21.90124725029498,-1.901247250294979,1.901247250294979
DVST_XI_11-14_Aug_2025_13_11.33.24_expert_7_suture_1.csv,expert,7,expert__participant_7,suture,1,hist_gradient_boosting,3,29.0,24.549830516954493,4.4501694830455065,4.4501694830455065
DVST_XI_14-16_Feb_2024_14_09.13.16_trainee_3_camera target_1.csv,trainee,3,trainee__participant_3,camera_target,1,hist_gradient_boosting,3,15.0,17.826731590825165,-2.8267315908251653,2.8267315908251653
DVST_XI_14-16_Feb_2024_14_09.13.16_trainee_3_glove cut_1.csv,trainee,3,trainee__participant_3,glove_cut,1,hist_gradient_boosting,3,17.0,19.389141423987223,-2.3891414239872226,2.3891414239872226
DVST_XI_14-16_Feb_2024_14_09.13.16_trainee_3_ring rollercoaster_1.csv,trainee,3,trainee__participant_3,ring_rollercoaster,1,hist_gradient_boosting,3,12.0,17.11879956538149,-5.11879956538149,5.11879956538149
DVST_XI_14-16_Feb_2024_14_09.13.16_trainee_3_sea spikes_1.csv,trainee,3,trainee__participant_3,sea_spikes,1,hist_gradient_boosting,3,15.0,18.01402487670325,-3.0140248767032496,3.0140248767032496
DVST_XI_14-16_Feb_2024_14_09.13.16_trainee_3_suture_1.csv,trainee,3,trainee__participant_3,suture,1,hist_gradient_boosting,3,19.0,17.23252794636275,1.767472053637249,1.767472053637249
DVST_XI_14-16_Feb_2024_16_08.32.59_trainee_3_camera target_2.csv,trainee,3,trainee__participant_3,camera_target,2,hist_gradient_boosting,3,23.0,19.486382109422458,3.5136178905775424,3.5136178905775424
DVST_XI_14-16_Feb_2024_16_08.32.59_trainee_3_glove cut_2.csv,trainee,3,trainee__participant_3,glove_cut,2,hist_gradient_boosting,3,19.0,21.04560153836971,-2.0456015383697093,2.0456015383697093
DVST_XI_14-16_Feb_2024_16_08.32.59_trainee_3_ring rollercoaster_2.csv,trainee,3,trainee__participant_3,ring_rollercoaster,2,hist_gradient_boosting,3,21.0,18.761269101386294,2.2387308986137064,2.2387308986137064
DVST_XI_14-16_Feb_2024_16_08.32.59_trainee_3_sea spikes_2.csv,trainee,3,trainee__participant_3,sea_spikes,2,hist_gradient_boosting,3,17.0,21.18515109347152,-4.1851510934715215,4.1851510934715215
DVST_XI_14-16_Feb_2024_16_08.32.59_trainee_3_suture_2.csv,trainee,3,trainee__participant_3,suture,2,hist_gradient_boosting,3,22.0,22.77948736171213,-0.7794873617121283,0.7794873617121283
DVST_XI_19-22_May_2025_22_09.34.36_trainee_40_camera target_2.csv,trainee,40,trainee__participant_40,camera_target,2,hist_gradient_boosting,3,24.0,24.10414062691057,-0.10414062691057069,0.10414062691057069
DVST_XI_19-22_May_2025_22_09.34.36_trainee_40_glove cut_2.csv,trainee,40,trainee__participant_40,glove_cut,2,hist_gradient_boosting,3,24.0,22.741273835674583,1.2587261643254166,1.2587261643254166
DVST_XI_6-8_Mar_2025_06_10.41.14_trainee_35_ring rollercoaster_1.csv,trainee,35,trainee__participant_35,ring_rollercoaster,1,hist_gradient_boosting,3,18.0,16.5337693364213,1.466230663578699,1.466230663578699
DVST_XI_6-8_Mar_2025_06_10.41.14_trainee_35_sea spikes_1.csv,trainee,35,trainee__participant_35,sea_spikes,1,hist_gradient_boosting,3,15.0,16.021758321812843,-1.0217583218128432,1.0217583218128432
DVST_XI_6-8_Mar_2025_07_11.56.53_trainee_35_camera target_2.csv,trainee,35,trainee__participant_35,camera_target,2,hist_gradient_boosting,3,18.0,22.4853161694508,-4.485316169450801,4.485316169450801
DVST_XI_6-8_Mar_2025_07_11.56.53_trainee_35_glove cut_1.csv,trainee,35,trainee__participant_35,glove_cut,1,hist_gradient_boosting,3,16.0,19.729580424334163,-3.729580424334163,3.729580424334163
DVST_XI_6-8_Mar_2025_07_11.56.53_trainee_35_sea spikes_2.csv,trainee,35,trainee__participant_35,sea_spikes,2,hist_gradient_boosting,3,21.0,20.109477525466495,0.8905224745335047,0.8905224745335047
DVST_XI_7-11_Mar_2024_08_13.12.17_trainee_11_ring rollercoaster_1.csv,trainee,11,trainee__participant_11,ring_rollercoaster,1,hist_gradient_boosting,3,18.0,17.426217034972137,0.5737829650278634,0.5737829650278634
DVST_XI_7-11_Mar_2024_08_13.12.17_trainee_11_sea spikes_1.csv,trainee,11,trainee__participant_11,sea_spikes,1,hist_gradient_boosting,3,18.0,17.63658953838984,0.36341046161016166,0.36341046161016166
DVST_XI_7-11_Mar_2024_08_13.12.17_trainee_7_ring rollercoaster_1.csv,trainee,7,trainee__participant_7,ring_rollercoaster,1,hist_gradient_boosting,3,15.0,16.64072471326689,-1.6407247132668914,1.6407247132668914
DVST_XI_7-11_Mar_2024_08_13.12.17_trainee_7_sea spikes_1.csv,trainee,7,trainee__participant_7,sea_spikes,1,hist_gradient_boosting,3,19.0,16.027697277802304,2.9723027221976963,2.9723027221976963
DVST_XI_7-11_Mar_2024_09_10.19.01_trainee_11_camera target_1.csv,trainee,11,trainee__participant_11,camera_target,1,hist_gradient_boosting,3,10.0,15.662178206402062,-5.6621782064020625,5.6621782064020625
DVST_XI_7-11_Mar_2024_09_10.19.01_trainee_11_glove cut_1.csv,trainee,11,trainee__participant_11,glove_cut,1,hist_gradient_boosting,3,18.0,20.220910992178197,-2.2209109921781973,2.2209109921781973
DVST_XI_7-11_Mar_2024_09_10.19.01_trainee_7_camera target_1.csv,trainee,7,trainee__participant_7,camera_target,1,hist_gradient_boosting,3,17.0,19.21839470960912,-2.2183947096091217,2.2183947096091217
DVST_XI_7-11_Mar_2024_09_10.19.01_trainee_7_glove cut_1.csv,trainee,7,trainee__participant_7,glove_cut,1,hist_gradient_boosting,3,15.0,16.45826982794737,-1.458269827947369,1.458269827947369
DVST_XI_7-11_Mar_2024_09_13.46.11_trainee_11_suture_1.csv,trainee,11,trainee__participant_11,suture,1,hist_gradient_boosting,3,18.0,19.0162940649063,-1.016294064906301,1.016294064906301
DVST_XI_7-11_Mar_2024_09_13.46.11_trainee_7_suture_1.csv,trainee,7,trainee__participant_7,suture,1,hist_gradient_boosting,3,17.0,18.2291805945378,-1.2291805945378016,1.2291805945378016
DVST_XI_7-11_Mar_2024_10_08.59.30_trainee_11_ring rollercoaster_2.csv,trainee,11,trainee__participant_11,ring_rollercoaster,2,hist_gradient_boosting,3,16.0,18.00717583203648,-2.0071758320364808,2.0071758320364808
DVST_XI_7-11_Mar_2024_10_08.59.30_trainee_11_sea spikes_2.csv,trainee,11,trainee__participant_11,sea_spikes,2,hist_gradient_boosting,3,18.0,20.92072404901337,-2.9207240490133692,2.9207240490133692
DVST_XI_7-11_Mar_2024_10_08.59.30_trainee_7_ring rollercoaster_2.csv,trainee,7,trainee__participant_7,ring_rollercoaster,2,hist_gradient_boosting,3,18.0,19.459256950301686,-1.4592569503016861,1.4592569503016861
DVST_XI_7-11_Mar_2024_10_08.59.30_trainee_7_sea spikes_2.csv,trainee,7,trainee__participant_7,sea_spikes,2,hist_gradient_boosting,3,20.0,18.741860608495216,1.258139391504784,1.258139391504784
DVST_XI_Griffin_16-19_07_2024_16_08.46.09_trainee_14_glove cut_1.csv,trainee,14,trainee__participant_14,glove_cut,1,hist_gradient_boosting,3,11.0,17.722516307637576,-6.7225163076375765,6.7225163076375765
DVST_XI_Griffin_16-19_07_2024_16_08.46.09_trainee_14_ring rollercoaster_1.csv,trainee,14,trainee__participant_14,ring_rollercoaster,1,hist_gradient_boosting,3,16.0,20.19644920455135,-4.1964492045513495,4.1964492045513495
DVST_XI_Griffin_16-19_07_2024_16_08.46.09_trainee_14_sea spikes_1.csv,trainee,14,trainee__participant_14,sea_spikes,1,hist_gradient_boosting,3,12.0,14.658823109257044,-2.6588231092570442,2.6588231092570442
DVST_XI_Griffin_16-19_07_2024_16_08.46.09_trainee_14_suture_1.csv,trainee,14,trainee__participant_14,suture,1,hist_gradient_boosting,3,15.0,19.817586290653114,-4.817586290653114,4.817586290653114
DVST_XI_Griffin_16-19_07_2024_17_12.20.23_trainee_14_camera target_1.csv,trainee,14,trainee__participant_14,camera_target,1,hist_gradient_boosting,3,14.0,15.617732303131074,-1.6177323031310742,1.6177323031310742
DVST_XI_Griffin_16-19_07_2024_18_08.46.52_trainee_14_sea spikes_2.csv,trainee,14,trainee__participant_14,sea_spikes,2,hist_gradient_boosting,3,20.0,20.11509179521526,-0.11509179521526036,0.11509179521526036
DVST_XI_Griffin_16-19_07_2024_18_08.46.52_trainee_14_suture_2.csv,trainee,14,trainee__participant_14,suture,2,hist_gradient_boosting,3,29.0,23.73112097067012,5.268879029329881,5.268879029329881
DVST_XI_Griffin_16-19_07_2024_19_09.39.41_trainee_14_glove cut_2.csv,trainee,14,trainee__participant_14,glove_cut,2,hist_gradient_boosting,3,18.0,17.569908778390595,0.4300912216094055,0.4300912216094055
DVST_XI_10-13_Nov_2025_12_10.36.46_expert_9_camera target_1.csv,expert,9,expert__participant_9,camera_target,1,hist_gradient_boosting,4,28.0,24.82846439989637,3.1715356001036312,3.1715356001036312
DVST_XI_10-13_Nov_2025_12_10.36.46_expert_9_glove cut_1.csv,expert,9,expert__participant_9,glove_cut,1,hist_gradient_boosting,4,29.0,26.046156022289594,2.953843977710406,2.953843977710406
DVST_XI_10-13_Nov_2025_12_10.36.46_expert_9_ring rollercoaster_1.csv,expert,9,expert__participant_9,ring_rollercoaster,1,hist_gradient_boosting,4,29.0,24.82365268367241,4.17634731632759,4.17634731632759
DVST_XI_10-13_Nov_2025_12_10.36.46_expert_9_sea spikes_1.csv,expert,9,expert__participant_9,sea_spikes,1,hist_gradient_boosting,4,29.0,22.9079559166214,6.0920440833786,6.0920440833786
DVST_XI_10-13_Nov_2025_12_10.36.46_expert_9_suture_1.csv,expert,9,expert__participant_9,suture,1,hist_gradient_boosting,4,28.0,24.25929754517948,3.7407024548205214,3.7407024548205214
DVST_XI_14-16_Feb_2024_14_09.13.16_trainee_2_camera target_1.csv,trainee,2,trainee__participant_2,camera_target,1,hist_gradient_boosting,4,17.0,14.768641034063819,2.231358965936181,2.231358965936181
DVST_XI_14-16_Feb_2024_14_09.13.16_trainee_2_glove cut_1.csv,trainee,2,trainee__participant_2,glove_cut,1,hist_gradient_boosting,4,13.0,17.82822328008813,-4.828223280088132,4.828223280088132
DVST_XI_14-16_Feb_2024_14_09.13.16_trainee_2_ring rollercoaster_1.csv,trainee,2,trainee__participant_2,ring_rollercoaster,1,hist_gradient_boosting,4,14.0,17.525565005374094,-3.5255650053740943,3.5255650053740943
DVST_XI_14-16_Feb_2024_14_09.13.16_trainee_2_sea spikes_1.csv,trainee,2,trainee__participant_2,sea_spikes,1,hist_gradient_boosting,4,15.0,20.524036074595816,-5.524036074595816,5.524036074595816
DVST_XI_14-16_Feb_2024_14_09.13.16_trainee_2_suture_1.csv,trainee,2,trainee__participant_2,suture,1,hist_gradient_boosting,4,19.0,20.88225666271738,-1.8822566627173813,1.8822566627173813
DVST_XI_14-16_Feb_2024_16_08.32.59_trainee_2_camera target_2.csv,trainee,2,trainee__participant_2,camera_target,2,hist_gradient_boosting,4,16.0,20.358361997469416,-4.358361997469416,4.358361997469416
DVST_XI_14-16_Feb_2024_16_08.32.59_trainee_2_glove cut_2.csv,trainee,2,trainee__participant_2,glove_cut,2,hist_gradient_boosting,4,19.0,18.1105645389852,0.8894354610147985,0.8894354610147985
DVST_XI_14-16_Feb_2024_16_08.32.59_trainee_2_ring rollercoaster_2.csv,trainee,2,trainee__participant_2,ring_rollercoaster,2,hist_gradient_boosting,4,21.0,16.089489925869255,4.910510074130745,4.910510074130745
DVST_XI_14-16_Feb_2024_16_08.32.59_trainee_2_sea spikes_2.csv,trainee,2,trainee__participant_2,sea_spikes,2,hist_gradient_boosting,4,17.0,19.134456125972914,-2.134456125972914,2.134456125972914
DVST_XI_14-16_Feb_2024_16_08.32.59_trainee_2_suture_2.csv,trainee,2,trainee__participant_2,suture,2,hist_gradient_boosting,4,22.0,22.91209339826269,-0.9120933982626909,0.9120933982626909
DVST_XI_19-22_May_2025_22_09.34.36_trainee_39_camera target_2.csv,trainee,39,trainee__participant_39,camera_target,2,hist_gradient_boosting,4,19.0,23.52685875423317,-4.526858754233171,4.526858754233171
DVST_XI_19-22_May_2025_22_09.34.36_trainee_39_glove cut_2.csv,trainee,39,trainee__participant_39,glove_cut,2,hist_gradient_boosting,4,22.0,21.746666163623924,0.25333383637607554,0.25333383637607554
DVST_XI_6-8_Mar_2025_07_11.56.53_expert_1_camera target_1.csv,expert,1,expert__participant_1,camera_target,1,hist_gradient_boosting,4,26.0,23.9014159477434,2.0985840522566015,2.0985840522566015
DVST_XI_6-8_Mar_2025_07_11.56.53_expert_1_glove cut_1.csv,expert,1,expert__participant_1,glove_cut,1,hist_gradient_boosting,4,20.0,21.41233846553408,-1.4123384655340807,1.4123384655340807
DVST_XI_6-8_Mar_2025_07_11.56.53_expert_1_ring rollercoaster_1.csv,expert,1,expert__participant_1,ring_rollercoaster,1,hist_gradient_boosting,4,21.0,21.72751105976912,-0.727511059769121,0.727511059769121
DVST_XI_6-8_Mar_2025_07_11.56.53_expert_1_sea spikes_1.csv,expert,1,expert__participant_1,sea_spikes,1,hist_gradient_boosting,4,23.0,22.955744426800877,0.04425557319912343,0.04425557319912343
DVST_XI_6-8_Mar_2025_07_11.56.53_expert_1_suture_1.csv,expert,1,expert__participant_1,suture,1,hist_gradient_boosting,4,26.0,24.35541098908018,1.6445890109198196,1.6445890109198196
DVST_XI_7-11_Jul_2025_10_09.40.17_expert_6_camera target_1.csv,expert,6,expert__participant_6,camera_target,1,hist_gradient_boosting,4,25.0,21.701500960794636,3.298499039205364,3.298499039205364
DVST_XI_7-11_Jul_2025_10_09.40.17_expert_6_glove cut_1.csv,expert,6,expert__participant_6,glove_cut,1,hist_gradient_boosting,4,23.0,22.648865736491363,0.3511342635086372,0.3511342635086372
DVST_XI_7-11_Jul_2025_10_09.40.17_expert_6_ring rollercoaster_1.csv,expert,6,expert__participant_6,ring_rollercoaster,1,hist_gradient_boosting,4,23.0,21.751586615341946,1.248413384658054,1.248413384658054
DVST_XI_7-11_Jul_2025_10_09.40.17_expert_6_sea spikes_1.csv,expert,6,expert__participant_6,sea_spikes,1,hist_gradient_boosting,4,23.0,19.98068567922714,3.0193143207728603,3.0193143207728603
DVST_XI_7-11_Jul_2025_10_09.40.17_expert_6_suture_1.csv,expert,6,expert__participant_6,suture,1,hist_gradient_boosting,4,26.0,23.387698717307853,2.6123012826921475,2.6123012826921475
DVST_XI_7-11_Mar_2024_08_13.12.17_trainee_10_ring rollercoaster_1.csv,trainee,10,trainee__participant_10,ring_rollercoaster,1,hist_gradient_boosting,4,14.0,18.918600112321755,-4.918600112321755,4.918600112321755
DVST_XI_7-11_Mar_2024_08_13.12.17_trainee_10_sea spikes_1.csv,trainee,10,trainee__participant_10,sea_spikes,1,hist_gradient_boosting,4,22.0,16.385549163026052,5.614450836973948,5.614450836973948
DVST_XI_7-11_Mar_2024_08_13.12.17_trainee_6_ring rollercoaster_1.csv,trainee,6,trainee__participant_6,ring_rollercoaster,1,hist_gradient_boosting,4,16.0,20.69573000830892,-4.695730008308921,4.695730008308921
DVST_XI_7-11_Mar_2024_08_13.12.17_trainee_6_sea spikes_1.csv,trainee,6,trainee__participant_6,sea_spikes,1,hist_gradient_boosting,4,16.0,15.88636879703389,0.11363120296610951,0.11363120296610951
DVST_XI_7-11_Mar_2024_09_10.19.01_trainee_10_camera target_1.csv,trainee,10,trainee__participant_10,camera_target,1,hist_gradient_boosting,4,14.0,24.217534537240535,-10.217534537240535,10.217534537240535
DVST_XI_7-11_Mar_2024_09_10.19.01_trainee_10_glove cut_1.csv,trainee,10,trainee__participant_10,glove_cut,1,hist_gradient_boosting,4,18.0,14.882284042841066,3.117715957158934,3.117715957158934
DVST_XI_7-11_Mar_2024_09_10.19.01_trainee_6_camera target_1.csv,trainee,6,trainee__participant_6,camera_target,1,hist_gradient_boosting,4,16.0,17.10715493368801,-1.1071549336880118,1.1071549336880118
DVST_XI_7-11_Mar_2024_09_10.19.01_trainee_6_glove cut_1.csv,trainee,6,trainee__participant_6,glove_cut,1,hist_gradient_boosting,4,15.0,14.220688734837607,0.7793112651623932,0.7793112651623932
DVST_XI_7-11_Mar_2024_09_13.46.11_trainee_10_suture_1.csv,trainee,10,trainee__participant_10,suture,1,hist_gradient_boosting,4,19.0,21.133306762278306,-2.1333067622783055,2.1333067622783055
DVST_XI_7-11_Mar_2024_09_13.46.11_trainee_6_suture_1.csv,trainee,6,trainee__participant_6,suture,1,hist_gradient_boosting,4,12.0,18.119495248413923,-6.119495248413923,6.119495248413923
DVST_XI_7-11_Mar_2024_10_08.59.30_trainee_10_ring rollercoaster_2.csv,trainee,10,trainee__participant_10,ring_rollercoaster,2,hist_gradient_boosting,4,18.0,18.63565665969774,-0.6356566596977409,0.6356566596977409
DVST_XI_7-11_Mar_2024_10_08.59.30_trainee_10_sea spikes_2.csv,trainee,10,trainee__participant_10,sea_spikes,2,hist_gradient_boosting,4,22.0,19.17680525060279,2.82319474939721,2.82319474939721
DVST_XI_7-11_Mar_2024_10_08.59.30_trainee_6_ring rollercoaster_2.csv,trainee,6,trainee__participant_6,ring_rollercoaster,2,hist_gradient_boosting,4,18.0,22.121482115821507,-4.121482115821507,4.121482115821507
DVST_XI_7-11_Mar_2024_10_08.59.30_trainee_6_sea spikes_2.csv,trainee,6,trainee__participant_6,sea_spikes,2,hist_gradient_boosting,4,20.0,21.272476396523125,-1.2724763965231247,1.2724763965231247
DVST_XI_Griffin_16-19_07_2024_16_08.46.09_trainee_12_glove cut_1.csv,trainee,12,trainee__participant_12,glove_cut,1,hist_gradient_boosting,4,21.0,16.895484543146647,4.104515456853353,4.104515456853353
DVST_XI_Griffin_16-19_07_2024_16_08.46.09_trainee_12_ring rollercoaster_1.csv,trainee,12,trainee__participant_12,ring_rollercoaster,1,hist_gradient_boosting,4,16.0,20.099481896888094,-4.0994818968880935,4.0994818968880935
DVST_XI_Griffin_16-19_07_2024_16_08.46.09_trainee_12_sea spikes_1.csv,trainee,12,trainee__participant_12,sea_spikes,1,hist_gradient_boosting,4,12.0,17.54730505054131,-5.547305050541311,5.547305050541311
DVST_XI_Griffin_16-19_07_2024_16_08.46.09_trainee_12_suture_1.csv,trainee,12,trainee__participant_12,suture,1,hist_gradient_boosting,4,20.0,22.458051671361126,-2.458051671361126,2.458051671361126
DVST_XI_Griffin_16-19_07_2024_17_12.20.23_trainee_12_camera target_1.csv,trainee,12,trainee__participant_12,camera_target,1,hist_gradient_boosting,4,16.0,23.382980706517866,-7.382980706517866,7.382980706517866
DVST_XI_Griffin_16-19_07_2024_18_08.46.52_trainee_12_sea spikes_2.csv,trainee,12,trainee__participant_12,sea_spikes,2,hist_gradient_boosting,4,19.0,23.146978209748912,-4.146978209748912,4.146978209748912
DVST_XI_Griffin_16-19_07_2024_18_08.46.52_trainee_12_suture_2.csv,trainee,12,trainee__participant_12,suture,2,hist_gradient_boosting,4,28.0,27.40637012785308,0.59362987214692,0.59362987214692
DVST_XI_Griffin_16-19_07_2024_19_09.39.41_trainee_12_glove cut_2.csv,trainee,12,trainee__participant_12,glove_cut,2,hist_gradient_boosting,4,20.0,18.601453546199306,1.3985464538006944,1.3985464538006944
DVST_XI_19-22_May_2025_21_09.43.23_expert_5_camera target_1.csv,expert,5,expert__participant_5,camera_target,1,hist_gradient_boosting,5,30.0,23.505512952389708,6.494487047610292,6.494487047610292
DVST_XI_19-22_May_2025_21_09.43.23_expert_5_glove cut_1.csv,expert,5,expert__participant_5,glove_cut,1,hist_gradient_boosting,5,24.0,19.567395511975832,4.432604488024168,4.432604488024168
DVST_XI_19-22_May_2025_21_09.43.23_expert_5_ring rollercoaster_1.csv,expert,5,expert__participant_5,ring_rollercoaster,1,hist_gradient_boosting,5,24.0,19.05069401675367,4.9493059832463295,4.9493059832463295
DVST_XI_19-22_May_2025_21_09.43.23_expert_5_sea spikes_1.csv,expert,5,expert__participant_5,sea_spikes,1,hist_gradient_boosting,5,24.0,22.837607319409425,1.1623926805905747,1.1623926805905747
DVST_XI_19-22_May_2025_21_09.43.23_expert_5_suture_1.csv,expert,5,expert__participant_5,suture,1,hist_gradient_boosting,5,29.0,21.17612848730068,7.82387151269932,7.82387151269932
DVST_XI_19-22_May_2025_22_09.34.36_trainee_38_camera target_2.csv,trainee,38,trainee__participant_38,camera_target,2,hist_gradient_boosting,5,22.0,28.088184822271398,-6.088184822271398,6.088184822271398
DVST_XI_19-22_May_2025_22_09.34.36_trainee_38_glove cut_2.csv,trainee,38,trainee__participant_38,glove_cut,2,hist_gradient_boosting,5,18.0,20.80139640146388,-2.8013964014638795,2.8013964014638795
DVST_XI_19-22_May_2025_22_09.34.36_trainee_42_camera target_2.csv,trainee,42,trainee__participant_42,camera_target,2,hist_gradient_boosting,5,19.0,15.470695916908346,3.529304083091654,3.529304083091654
DVST_XI_19-22_May_2025_22_09.34.36_trainee_42_glove cut_2.csv,trainee,42,trainee__participant_42,glove_cut,2,hist_gradient_boosting,5,16.0,18.13646750838404,-2.1364675083840403,2.1364675083840403
DVST_XI_6-8_Mar_2025_06_10.41.14_trainee_34_camera target_1.csv,trainee,34,trainee__participant_34,camera_target,1,hist_gradient_boosting,5,18.0,20.41184110837043,-2.4118411083704316,2.4118411083704316
DVST_XI_6-8_Mar_2025_06_10.41.14_trainee_34_ring rollercoaster_1.csv,trainee,34,trainee__participant_34,ring_rollercoaster,1,hist_gradient_boosting,5,14.0,16.621156024973537,-2.621156024973537,2.621156024973537
DVST_XI_6-8_Mar_2025_06_10.41.14_trainee_34_sea spikes_1.csv,trainee,34,trainee__participant_34,sea_spikes,1,hist_gradient_boosting,5,14.0,16.359900017446098,-2.3599000174460976,2.3599000174460976
DVST_XI_6-8_Mar_2025_07_11.56.53_trainee_34_glove cut_1.csv,trainee,34,trainee__participant_34,glove_cut,1,hist_gradient_boosting,5,12.0,16.03838866640723,-4.038388666407229,4.038388666407229
DVST_XI_7-11_Mar_2024_08_13.12.17_trainee_8_ring rollercoaster_1.csv,trainee,8,trainee__participant_8,ring_rollercoaster,1,hist_gradient_boosting,5,12.0,15.335856265529342,-3.3358562655293422,3.3358562655293422
DVST_XI_7-11_Mar_2024_08_13.12.17_trainee_8_sea spikes_1.csv,trainee,8,trainee__participant_8,sea_spikes,1,hist_gradient_boosting,5,18.0,16.423088675730565,1.5769113242694353,1.5769113242694353
DVST_XI_7-11_Mar_2024_08_13.12.17_trainee_9_ring rollercoaster_1.csv,trainee,9,trainee__participant_9,ring_rollercoaster,1,hist_gradient_boosting,5,14.0,19.07308542244316,-5.07308542244316,5.07308542244316
DVST_XI_7-11_Mar_2024_08_13.12.17_trainee_9_sea spikes_1.csv,trainee,9,trainee__participant_9,sea_spikes,1,hist_gradient_boosting,5,18.0,18.19524113630213,-0.1952411363021298,0.1952411363021298
DVST_XI_7-11_Mar_2024_09_10.19.01_trainee_8_camera target_1.csv,trainee,8,trainee__participant_8,camera_target,1,hist_gradient_boosting,5,10.0,14.703751870173233,-4.7037518701732335,4.7037518701732335
DVST_XI_7-11_Mar_2024_09_10.19.01_trainee_8_glove cut_1.csv,trainee,8,trainee__participant_8,glove_cut,1,hist_gradient_boosting,5,17.0,16.965697463772294,0.03430253622770607,0.03430253622770607
DVST_XI_7-11_Mar_2024_09_10.19.01_trainee_9_camera target_1.csv,trainee,9,trainee__participant_9,camera_target,1,hist_gradient_boosting,5,19.0,18.943991968690156,0.056008031309843886,0.056008031309843886
DVST_XI_7-11_Mar_2024_09_10.19.01_trainee_9_glove cut_1.csv,trainee,9,trainee__participant_9,glove_cut,1,hist_gradient_boosting,5,18.0,18.515375130707277,-0.5153751307072767,0.5153751307072767
DVST_XI_7-11_Mar_2024_09_13.46.11_trainee_8_suture_1.csv,trainee,8,trainee__participant_8,suture,1,hist_gradient_boosting,5,17.0,16.10530375245296,0.8946962475470386,0.8946962475470386
DVST_XI_7-11_Mar_2024_09_13.46.11_trainee_9_suture_1.csv,trainee,9,trainee__participant_9,suture,1,hist_gradient_boosting,5,16.0,17.420275717731606,-1.4202757177316059,1.4202757177316059
DVST_XI_7-11_Mar_2024_10_08.59.30_trainee_8_ring rollercoaster_2.csv,trainee,8,trainee__participant_8,ring_rollercoaster,2,hist_gradient_boosting,5,16.0,17.579324940696356,-1.579324940696356,1.579324940696356
DVST_XI_7-11_Mar_2024_10_08.59.30_trainee_8_sea spikes_2.csv,trainee,8,trainee__participant_8,sea_spikes,2,hist_gradient_boosting,5,20.0,19.051327998588953,0.9486720014110475,0.9486720014110475
DVST_XI_7-11_Mar_2024_10_08.59.30_trainee_9_ring rollercoaster_2.csv,trainee,9,trainee__participant_9,ring_rollercoaster,2,hist_gradient_boosting,5,20.0,19.358383443410858,0.6416165565891419,0.6416165565891419
DVST_XI_7-11_Mar_2024_10_08.59.30_trainee_9_sea spikes_2.csv,trainee,9,trainee__participant_9,sea_spikes,2,hist_gradient_boosting,5,22.0,20.534118831893416,1.4658811681065842,1.4658811681065842
DVST_XI_Griffin_16-19_07_2024_16_08.46.09_trainee_15_glove cut_1.csv,trainee,15,trainee__participant_15,glove_cut,1,hist_gradient_boosting,5,17.0,16.644214330375753,0.35578566962424674,0.35578566962424674
DVST_XI_Griffin_16-19_07_2024_16_08.46.09_trainee_15_ring rollercoaster_1.csv,trainee,15,trainee__participant_15,ring_rollercoaster,1,hist_gradient_boosting,5,18.0,17.983717306961353,0.016282693038647267,0.016282693038647267
DVST_XI_Griffin_16-19_07_2024_16_08.46.09_trainee_15_sea spikes_1.csv,trainee,15,trainee__participant_15,sea_spikes,1,hist_gradient_boosting,5,20.0,17.985075502713226,2.014924497286774,2.014924497286774
DVST_XI_Griffin_16-19_07_2024_16_08.46.09_trainee_15_suture_1.csv,trainee,15,trainee__participant_15,suture,1,hist_gradient_boosting,5,15.0,15.488658622997404,-0.4886586229974039,0.4886586229974039
DVST_XI_Griffin_16-19_07_2024_16_08.46.09_trainee_16_glove cut_1.csv,trainee,16,trainee__participant_16,glove_cut,1,hist_gradient_boosting,5,15.0,15.24838229754297,-0.24838229754296925,0.24838229754296925
DVST_XI_Griffin_16-19_07_2024_16_08.46.09_trainee_16_ring rollercoaster_1.csv,trainee,16,trainee__participant_16,ring_rollercoaster,1,hist_gradient_boosting,5,20.0,17.03278427922583,2.9672157207741705,2.9672157207741705
DVST_XI_Griffin_16-19_07_2024_16_08.46.09_trainee_16_sea spikes_1.csv,trainee,16,trainee__participant_16,sea_spikes,1,hist_gradient_boosting,5,16.0,14.417595666138364,1.5824043338616356,1.5824043338616356
DVST_XI_Griffin_16-19_07_2024_16_08.46.09_trainee_16_suture_1.csv,trainee,16,trainee__participant_16,suture,1,hist_gradient_boosting,5,21.0,17.698510335158574,3.3014896648414265,3.3014896648414265
DVST_XI_Griffin_16-19_07_2024_17_12.20.23_trainee_15_camera target_1.csv,trainee,15,trainee__participant_15,camera_target,1,hist_gradient_boosting,5,18.0,18.691312881916193,-0.6913128819161933,0.6913128819161933
DVST_XI_Griffin_16-19_07_2024_17_12.20.23_trainee_16_camera target_1.csv,trainee,16,trainee__participant_16,camera_target,1,hist_gradient_boosting,5,23.0,19.000009431588104,3.9999905684118957,3.9999905684118957
DVST_XI_Griffin_16-19_07_2024_17_12.20.23_trainee_16_ring rollercoaster_2.csv,trainee,16,trainee__participant_16,ring_rollercoaster,2,hist_gradient_boosting,5,23.0,17.18812611025917,5.811873889740831,5.811873889740831
DVST_XI_Griffin_16-19_07_2024_18_08.46.52_trainee_15_sea spikes_2.csv,trainee,15,trainee__participant_15,sea_spikes,2,hist_gradient_boosting,5,23.0,21.87744967469021,1.1225503253097884,1.1225503253097884
DVST_XI_Griffin_16-19_07_2024_18_08.46.52_trainee_15_suture_2.csv,trainee,15,trainee__participant_15,suture,2,hist_gradient_boosting,5,26.0,22.545621356124887,3.4543786438751134,3.4543786438751134
DVST_XI_Griffin_16-19_07_2024_18_08.46.52_trainee_16_sea spikes_2.csv,trainee,16,trainee__participant_16,sea_spikes,2,hist_gradient_boosting,5,21.0,21.201285291097175,-0.2012852910971752,0.2012852910971752
DVST_XI_Griffin_16-19_07_2024_18_08.46.52_trainee_16_suture_2.csv,trainee,16,trainee__participant_16,suture,2,hist_gradient_boosting,5,29.0,22.579988700977168,6.420011299022832,6.420011299022832
DVST_XI_Griffin_16-19_07_2024_19_09.39.41_trainee_16_camera target_2.csv,trainee,16,trainee__participant_16,camera_target,2,hist_gradient_boosting,5,23.0,20.803409040099186,2.1965909599008135,2.1965909599008135
DVST_XI_Griffin_16-19_07_2024_19_09.39.41_trainee_16_glove cut_2.csv,trainee,16,trainee__participant_16,glove_cut,2,hist_gradient_boosting,5,24.0,19.859794463716135,4.140205536283865,4.140205536283865
DVST_XI_Griffin_29_sep-1_oct_2024_01_10.39.05_trainee_19_camera target_2.csv,trainee,19,trainee__participant_19,camera_target,2,hist_gradient_boosting,5,18.0,15.894546044986523,2.105453955013477,2.105453955013477
DVST_XI_Griffin_29_sep-1_oct_2024_29_09.07.40_trainee_19_camera target_1.csv,trainee,19,trainee__participant_19,camera_target,1,hist_gradient_boosting,5,17.0,18.86422062689862,-1.8642206268986214,1.8642206268986214
DVST_XI_Griffin_29_sep-1_oct_2024_29_09.07.40_trainee_19_suture_1.csv,trainee,19,trainee__participant_19,suture,1,hist_gradient_boosting,5,16.0,18.622371511543044,-2.6223715115430437,2.6223715115430437
DVST_XI_Griffin_29_sep-1_oct_2024_30_12.18.00_trainee_19_glove cut_2.csv,trainee,19,trainee__participant_19,glove_cut,2,hist_gradient_boosting,5,17.0,16.904372940192673,0.09562705980732744,0.09562705980732744
DVST_XI_Griffin_29_sep-1_oct_2024_30_12.18.00_trainee_19_ring rollercoaster_2.csv,trainee,19,trainee__participant_19,ring_rollercoaster,2,hist_gradient_boosting,5,22.0,18.114632920758652,3.885367079241348,3.885367079241348
DVST_XI_Griffin_29_sep-1_oct_2024_30_12.18.00_trainee_19_sea spikes_2.csv,trainee,19,trainee__participant_19,sea_spikes,2,hist_gradient_boosting,5,21.0,18.01876834079632,2.9812316592036794,2.9812316592036794
