file_name,role,participant_id,participant_group,task_clean,trial,experiment,model,cv_fold,y_true,y_pred,residual,absolute_error
DVST_XI_11-14_Aug_2025_14_10.45.28_expert_8_camera target_1.csv,expert,8,expert__participant_8,camera_target,1,A_kinematics_all,ridge,1,28.0,23.954394467532303,4.045605532467697,4.045605532467697
DVST_XI_11-14_Aug_2025_14_10.45.28_expert_8_glove cut_1.csv,expert,8,expert__participant_8,glove_cut,1,A_kinematics_all,ridge,1,24.0,22.37352049242203,1.6264795075779688,1.6264795075779688
DVST_XI_11-14_Aug_2025_14_10.45.28_expert_8_ring rollercoaster_1.csv,expert,8,expert__participant_8,ring_rollercoaster,1,A_kinematics_all,ridge,1,24.0,23.71730235740628,0.2826976425937211,0.2826976425937211
DVST_XI_11-14_Aug_2025_14_10.45.28_expert_8_sea spikes_1.csv,expert,8,expert__participant_8,sea_spikes,1,A_kinematics_all,ridge,1,22.0,21.62373701086413,0.37626298913587064,0.37626298913587064
DVST_XI_11-14_Aug_2025_14_10.45.28_expert_8_suture_1.csv,expert,8,expert__participant_8,suture,1,A_kinematics_all,ridge,1,29.0,29.084838293171728,-0.0848382931717282,0.0848382931717282
DVST_XI_14-16_Feb_2024_14_09.13.16_trainee_5_camera target_1.csv,trainee,5,trainee__participant_5,camera_target,1,A_kinematics_all,ridge,1,7.0,13.016676889973262,-6.016676889973262,6.016676889973262
DVST_XI_14-16_Feb_2024_14_09.13.16_trainee_5_glove cut_1.csv,trainee,5,trainee__participant_5,glove_cut,1,A_kinematics_all,ridge,1,11.0,14.500623190377297,-3.500623190377297,3.500623190377297
DVST_XI_14-16_Feb_2024_14_09.13.16_trainee_5_ring rollercoaster_1.csv,trainee,5,trainee__participant_5,ring_rollercoaster,1,A_kinematics_all,ridge,1,17.0,12.342769224212752,4.657230775787248,4.657230775787248
DVST_XI_14-16_Feb_2024_14_09.13.16_trainee_5_sea spikes_1.csv,trainee,5,trainee__participant_5,sea_spikes,1,A_kinematics_all,ridge,1,16.0,15.20926512778973,0.7907348722102707,0.7907348722102707
DVST_XI_14-16_Feb_2024_14_09.13.16_trainee_5_suture_1.csv,trainee,5,trainee__participant_5,suture,1,A_kinematics_all,ridge,1,16.0,16.418964507155916,-0.41896450715591627,0.41896450715591627
DVST_XI_14-16_Feb_2024_16_08.32.59_trainee_5_camera target_2.csv,trainee,5,trainee__participant_5,camera_target,2,A_kinematics_all,ridge,1,21.0,18.197708587516026,2.8022914124839744,2.8022914124839744
DVST_XI_14-16_Feb_2024_16_08.32.59_trainee_5_glove cut_2.csv,trainee,5,trainee__participant_5,glove_cut,2,A_kinematics_all,ridge,1,19.0,14.377450917018159,4.622549082981841,4.622549082981841
DVST_XI_14-16_Feb_2024_16_08.32.59_trainee_5_ring rollercoaster_2.csv,trainee,5,trainee__participant_5,ring_rollercoaster,2,A_kinematics_all,ridge,1,23.0,15.405373327674305,7.594626672325695,7.594626672325695
DVST_XI_14-16_Feb_2024_16_08.32.59_trainee_5_sea spikes_2.csv,trainee,5,trainee__participant_5,sea_spikes,2,A_kinematics_all,ridge,1,21.0,19.418322109875042,1.5816778901249577,1.5816778901249577
DVST_XI_14-16_Feb_2024_16_08.32.59_trainee_5_suture_2.csv,trainee,5,trainee__participant_5,suture,2,A_kinematics_all,ridge,1,21.0,17.849054165468367,3.1509458345316332,3.1509458345316332
DVST_XI_19-22_May_2025_21_09.43.23_expert_5_camera target_1.csv,expert,5,expert__participant_5,camera_target,1,A_kinematics_all,ridge,1,30.0,24.52498544259401,5.475014557405991,5.475014557405991
DVST_XI_19-22_May_2025_21_09.43.23_expert_5_glove cut_1.csv,expert,5,expert__participant_5,glove_cut,1,A_kinematics_all,ridge,1,24.0,21.944062738481513,2.055937261518487,2.055937261518487
DVST_XI_19-22_May_2025_21_09.43.23_expert_5_ring rollercoaster_1.csv,expert,5,expert__participant_5,ring_rollercoaster,1,A_kinematics_all,ridge,1,24.0,21.850018345743756,2.149981654256244,2.149981654256244
DVST_XI_19-22_May_2025_21_09.43.23_expert_5_sea spikes_1.csv,expert,5,expert__participant_5,sea_spikes,1,A_kinematics_all,ridge,1,24.0,22.60752031537876,1.3924796846212395,1.3924796846212395
DVST_XI_19-22_May_2025_21_09.43.23_expert_5_suture_1.csv,expert,5,expert__participant_5,suture,1,A_kinematics_all,ridge,1,29.0,24.404331373161035,4.595668626838965,4.595668626838965
DVST_XI_19-22_May_2025_22_09.34.36_trainee_38_camera target_2.csv,trainee,38,trainee__participant_38,camera_target,2,A_kinematics_all,ridge,1,22.0,27.186231510261205,-5.186231510261205,5.186231510261205
DVST_XI_19-22_May_2025_22_09.34.36_trainee_38_glove cut_2.csv,trainee,38,trainee__participant_38,glove_cut,2,A_kinematics_all,ridge,1,18.0,21.457989817985307,-3.4579898179853075,3.4579898179853075
DVST_XI_19-22_May_2025_22_09.34.36_trainee_42_camera target_2.csv,trainee,42,trainee__participant_42,camera_target,2,A_kinematics_all,ridge,1,19.0,17.12229720509392,1.8777027949060816,1.8777027949060816
DVST_XI_19-22_May_2025_22_09.34.36_trainee_42_glove cut_2.csv,trainee,42,trainee__participant_42,glove_cut,2,A_kinematics_all,ridge,1,16.0,17.46614127968085,-1.4661412796808513,1.4661412796808513
DVST_XI_6-8_Mar_2025_06_10.41.14_trainee_34_camera target_1.csv,trainee,34,trainee__participant_34,camera_target,1,A_kinematics_all,ridge,1,18.0,19.583652049518594,-1.5836520495185944,1.5836520495185944
DVST_XI_6-8_Mar_2025_06_10.41.14_trainee_34_ring rollercoaster_1.csv,trainee,34,trainee__participant_34,ring_rollercoaster,1,A_kinematics_all,ridge,1,14.0,14.022548929936605,-0.022548929936604623,0.022548929936604623
DVST_XI_6-8_Mar_2025_06_10.41.14_trainee_34_sea spikes_1.csv,trainee,34,trainee__participant_34,sea_spikes,1,A_kinematics_all,ridge,1,14.0,13.609228385163583,0.3907716148364173,0.3907716148364173
DVST_XI_6-8_Mar_2025_07_11.56.53_trainee_34_glove cut_1.csv,trainee,34,trainee__participant_34,glove_cut,1,A_kinematics_all,ridge,1,12.0,12.225085796829555,-0.2250857968295552,0.2250857968295552
DVST_XI_7-11_Mar_2024_08_13.12.17_trainee_10_ring rollercoaster_1.csv,trainee,10,trainee__participant_10,ring_rollercoaster,1,A_kinematics_all,ridge,1,14.0,18.96665012475276,-4.966650124752761,4.966650124752761
DVST_XI_7-11_Mar_2024_08_13.12.17_trainee_10_sea spikes_1.csv,trainee,10,trainee__participant_10,sea_spikes,1,A_kinematics_all,ridge,1,22.0,15.029914890315123,6.970085109684877,6.970085109684877
DVST_XI_7-11_Mar_2024_09_10.19.01_trainee_10_camera target_1.csv,trainee,10,trainee__participant_10,camera_target,1,A_kinematics_all,ridge,1,14.0,24.40765118664717,-10.407651186647168,10.407651186647168
DVST_XI_7-11_Mar_2024_09_10.19.01_trainee_10_glove cut_1.csv,trainee,10,trainee__participant_10,glove_cut,1,A_kinematics_all,ridge,1,18.0,12.433795514186604,5.566204485813396,5.566204485813396
DVST_XI_7-11_Mar_2024_09_13.46.11_trainee_10_suture_1.csv,trainee,10,trainee__participant_10,suture,1,A_kinematics_all,ridge,1,19.0,20.35591680860989,-1.3559168086098907,1.3559168086098907
DVST_XI_7-11_Mar_2024_10_08.59.30_trainee_10_ring rollercoaster_2.csv,trainee,10,trainee__participant_10,ring_rollercoaster,2,A_kinematics_all,ridge,1,18.0,18.152900705046104,-0.15290070504610398,0.15290070504610398
DVST_XI_7-11_Mar_2024_10_08.59.30_trainee_10_sea spikes_2.csv,trainee,10,trainee__participant_10,sea_spikes,2,A_kinematics_all,ridge,1,22.0,19.687970325687356,2.312029674312644,2.312029674312644
DVST_XI_Griffin_16-19_07_2024_16_08.46.09_trainee_12_glove cut_1.csv,trainee,12,trainee__participant_12,glove_cut,1,A_kinematics_all,ridge,1,21.0,19.152635254213802,1.847364745786198,1.847364745786198
DVST_XI_Griffin_16-19_07_2024_16_08.46.09_trainee_12_ring rollercoaster_1.csv,trainee,12,trainee__participant_12,ring_rollercoaster,1,A_kinematics_all,ridge,1,16.0,20.2242652341291,-4.224265234129099,4.224265234129099
DVST_XI_Griffin_16-19_07_2024_16_08.46.09_trainee_12_sea spikes_1.csv,trainee,12,trainee__participant_12,sea_spikes,1,A_kinematics_all,ridge,1,12.0,18.791991951534314,-6.791991951534314,6.791991951534314
DVST_XI_Griffin_16-19_07_2024_16_08.46.09_trainee_12_suture_1.csv,trainee,12,trainee__participant_12,suture,1,A_kinematics_all,ridge,1,20.0,22.051066464097204,-2.051066464097204,2.051066464097204
DVST_XI_Griffin_16-19_07_2024_17_12.20.23_trainee_12_camera target_1.csv,trainee,12,trainee__participant_12,camera_target,1,A_kinematics_all,ridge,1,16.0,23.152454815393053,-7.152454815393053,7.152454815393053
DVST_XI_Griffin_16-19_07_2024_18_08.46.52_trainee_12_sea spikes_2.csv,trainee,12,trainee__participant_12,sea_spikes,2,A_kinematics_all,ridge,1,19.0,22.652688244927525,-3.652688244927525,3.652688244927525
DVST_XI_Griffin_16-19_07_2024_18_08.46.52_trainee_12_suture_2.csv,trainee,12,trainee__participant_12,suture,2,A_kinematics_all,ridge,1,28.0,23.904044365460862,4.095955634539138,4.095955634539138
DVST_XI_Griffin_16-19_07_2024_19_09.39.41_trainee_12_glove cut_2.csv,trainee,12,trainee__participant_12,glove_cut,2,A_kinematics_all,ridge,1,20.0,18.140325822120538,1.8596741778794623,1.8596741778794623
DVST_XI_Griffin_29_sep-1_oct_2024_01_10.39.05_trainee_19_camera target_2.csv,trainee,19,trainee__participant_19,camera_target,2,A_kinematics_all,ridge,1,18.0,20.09046481187253,-2.090464811872529,2.090464811872529
DVST_XI_Griffin_29_sep-1_oct_2024_29_09.07.40_trainee_19_camera target_1.csv,trainee,19,trainee__participant_19,camera_target,1,A_kinematics_all,ridge,1,17.0,13.960726922890263,3.039273077109737,3.039273077109737
DVST_XI_Griffin_29_sep-1_oct_2024_29_09.07.40_trainee_19_suture_1.csv,trainee,19,trainee__participant_19,suture,1,A_kinematics_all,ridge,1,16.0,13.242094175290415,2.757905824709585,2.757905824709585
DVST_XI_Griffin_29_sep-1_oct_2024_30_12.18.00_trainee_19_glove cut_2.csv,trainee,19,trainee__participant_19,glove_cut,2,A_kinematics_all,ridge,1,17.0,18.061193769101177,-1.0611937691011768,1.0611937691011768
DVST_XI_Griffin_29_sep-1_oct_2024_30_12.18.00_trainee_19_ring rollercoaster_2.csv,trainee,19,trainee__participant_19,ring_rollercoaster,2,A_kinematics_all,ridge,1,22.0,18.453302017493748,3.5466979825062523,3.5466979825062523
DVST_XI_Griffin_29_sep-1_oct_2024_30_12.18.00_trainee_19_sea spikes_2.csv,trainee,19,trainee__participant_19,sea_spikes,2,A_kinematics_all,ridge,1,21.0,21.790671539405185,-0.7906715394051851,0.7906715394051851
DVST_XI_14-16_Feb_2024_14_09.13.16_trainee_3_camera target_1.csv,trainee,3,trainee__participant_3,camera_target,1,A_kinematics_all,ridge,2,15.0,17.71760608356963,-2.717606083569631,2.717606083569631
DVST_XI_14-16_Feb_2024_14_09.13.16_trainee_3_glove cut_1.csv,trainee,3,trainee__participant_3,glove_cut,1,A_kinematics_all,ridge,2,17.0,19.69076951654717,-2.690769516547171,2.690769516547171
DVST_XI_14-16_Feb_2024_14_09.13.16_trainee_3_ring rollercoaster_1.csv,trainee,3,trainee__participant_3,ring_rollercoaster,1,A_kinematics_all,ridge,2,12.0,18.008734091556008,-6.008734091556008,6.008734091556008
DVST_XI_14-16_Feb_2024_14_09.13.16_trainee_3_sea spikes_1.csv,trainee,3,trainee__participant_3,sea_spikes,1,A_kinematics_all,ridge,2,15.0,18.27674165468287,-3.276741654682869,3.276741654682869
DVST_XI_14-16_Feb_2024_14_09.13.16_trainee_3_suture_1.csv,trainee,3,trainee__participant_3,suture,1,A_kinematics_all,ridge,2,19.0,18.462197315438953,0.5378026845610471,0.5378026845610471
DVST_XI_14-16_Feb_2024_16_08.32.59_trainee_3_camera target_2.csv,trainee,3,trainee__participant_3,camera_target,2,A_kinematics_all,ridge,2,23.0,18.4799576974135,4.5200423025865,4.5200423025865
DVST_XI_14-16_Feb_2024_16_08.32.59_trainee_3_glove cut_2.csv,trainee,3,trainee__participant_3,glove_cut,2,A_kinematics_all,ridge,2,19.0,19.736641839055363,-0.7366418390553626,0.7366418390553626
DVST_XI_14-16_Feb_2024_16_08.32.59_trainee_3_ring rollercoaster_2.csv,trainee,3,trainee__participant_3,ring_rollercoaster,2,A_kinematics_all,ridge,2,21.0,19.302846666582752,1.6971533334172477,1.6971533334172477
DVST_XI_14-16_Feb_2024_16_08.32.59_trainee_3_sea spikes_2.csv,trainee,3,trainee__participant_3,sea_spikes,2,A_kinematics_all,ridge,2,17.0,19.29878766432785,-2.2987876643278504,2.2987876643278504
DVST_XI_14-16_Feb_2024_16_08.32.59_trainee_3_suture_2.csv,trainee,3,trainee__participant_3,suture,2,A_kinematics_all,ridge,2,22.0,21.615500105812934,0.38449989418706565,0.38449989418706565
DVST_XI_19-22_May_2025_22_09.34.36_trainee_37_camera target_2.csv,trainee,37,trainee__participant_37,camera_target,2,A_kinematics_all,ridge,2,16.0,21.51540156733457,-5.515401567334571,5.515401567334571
DVST_XI_19-22_May_2025_22_09.34.36_trainee_37_glove cut_2.csv,trainee,37,trainee__participant_37,glove_cut,2,A_kinematics_all,ridge,2,19.0,23.392058286569366,-4.392058286569366,4.392058286569366
DVST_XI_19-22_May_2025_22_09.34.36_trainee_41_camera target_2.csv,trainee,41,trainee__participant_41,camera_target,2,A_kinematics_all,ridge,2,20.0,20.299680746267565,-0.29968074626756547,0.29968074626756547
DVST_XI_19-22_May_2025_22_09.34.36_trainee_41_glove cut_2.csv,trainee,41,trainee__participant_41,glove_cut,2,A_kinematics_all,ridge,2,19.0,18.571904891350005,0.42809510864999467,0.42809510864999467
DVST_XI_6-8_Mar_2025_06_10.41.14_trainee_32_camera target_1.csv,trainee,32,trainee__participant_32,camera_target,1,A_kinematics_all,ridge,2,20.0,21.341175784664976,-1.3411757846649763,1.3411757846649763
DVST_XI_6-8_Mar_2025_06_10.41.14_trainee_32_ring rollercoaster_1.csv,trainee,32,trainee__participant_32,ring_rollercoaster,1,A_kinematics_all,ridge,2,17.0,17.611557971151353,-0.6115579711513526,0.6115579711513526
DVST_XI_6-8_Mar_2025_06_10.41.14_trainee_32_sea spikes_1.csv,trainee,32,trainee__participant_32,sea_spikes,1,A_kinematics_all,ridge,2,14.0,21.410231105295832,-7.410231105295832,7.410231105295832
DVST_XI_6-8_Mar_2025_07_11.56.53_trainee_32_glove cut_1.csv,trainee,32,trainee__participant_32,glove_cut,1,A_kinematics_all,ridge,2,13.0,20.193718826729814,-7.193718826729814,7.193718826729814
DVST_XI_6-8_Mar_2025_08_08.21.32_expert_3_camera target_1.csv,expert,3,expert__participant_3,camera_target,1,A_kinematics_all,ridge,2,27.0,14.17308608742649,12.82691391257351,12.82691391257351
DVST_XI_6-8_Mar_2025_08_08.21.32_expert_3_glove cut_1.csv,expert,3,expert__participant_3,glove_cut,1,A_kinematics_all,ridge,2,24.0,18.89956299276955,5.10043700723045,5.10043700723045
DVST_XI_6-8_Mar_2025_08_08.21.32_expert_3_ring rollercoaster_1.csv,expert,3,expert__participant_3,ring_rollercoaster,1,A_kinematics_all,ridge,2,21.0,12.729137286543562,8.270862713456438,8.270862713456438
DVST_XI_6-8_Mar_2025_08_08.21.32_expert_3_sea spikes_1.csv,expert,3,expert__participant_3,sea_spikes,1,A_kinematics_all,ridge,2,23.0,10.74400379825281,12.25599620174719,12.25599620174719
DVST_XI_6-8_Mar_2025_08_08.21.32_expert_3_suture_1.csv,expert,3,expert__participant_3,suture,1,A_kinematics_all,ridge,2,28.0,18.996582314044336,9.003417685955664,9.003417685955664
DVST_XI_7-11_Mar_2024_08_13.12.17_trainee_6_ring rollercoaster_1.csv,trainee,6,trainee__participant_6,ring_rollercoaster,1,A_kinematics_all,ridge,2,16.0,21.085047638399487,-5.085047638399487,5.085047638399487
DVST_XI_7-11_Mar_2024_08_13.12.17_trainee_6_sea spikes_1.csv,trainee,6,trainee__participant_6,sea_spikes,1,A_kinematics_all,ridge,2,16.0,15.660187724612307,0.3398122753876933,0.3398122753876933
DVST_XI_7-11_Mar_2024_08_13.12.17_trainee_9_ring rollercoaster_1.csv,trainee,9,trainee__participant_9,ring_rollercoaster,1,A_kinematics_all,ridge,2,14.0,18.84156370594476,-4.841563705944761,4.841563705944761
DVST_XI_7-11_Mar_2024_08_13.12.17_trainee_9_sea spikes_1.csv,trainee,9,trainee__participant_9,sea_spikes,1,A_kinematics_all,ridge,2,18.0,16.547521972098384,1.4524780279016163,1.4524780279016163
DVST_XI_7-11_Mar_2024_09_10.19.01_trainee_6_glove cut_1.csv,trainee,6,trainee__participant_6,glove_cut,1,A_kinematics_all,ridge,2,15.0,13.78662623923592,1.21337376076408,1.21337376076408
DVST_XI_7-11_Mar_2024_09_10.19.01_trainee_9_camera target_1.csv,trainee,9,trainee__participant_9,camera_target,1,A_kinematics_all,ridge,2,19.0,18.68035662578943,0.3196433742105711,0.3196433742105711
DVST_XI_7-11_Mar_2024_09_10.19.01_trainee_9_glove cut_1.csv,trainee,9,trainee__participant_9,glove_cut,1,A_kinematics_all,ridge,2,18.0,17.983771245910397,0.016228754089603115,0.016228754089603115
DVST_XI_7-11_Mar_2024_09_13.46.11_trainee_6_suture_1.csv,trainee,6,trainee__participant_6,suture,1,A_kinematics_all,ridge,2,12.0,19.164638368661475,-7.164638368661475,7.164638368661475
DVST_XI_7-11_Mar_2024_09_13.46.11_trainee_9_suture_1.csv,trainee,9,trainee__participant_9,suture,1,A_kinematics_all,ridge,2,16.0,18.646037161967055,-2.6460371619670546,2.6460371619670546
DVST_XI_7-11_Mar_2024_10_08.59.30_trainee_6_ring rollercoaster_2.csv,trainee,6,trainee__participant_6,ring_rollercoaster,2,A_kinematics_all,ridge,2,18.0,21.974803784657254,-3.9748037846572544,3.9748037846572544
DVST_XI_7-11_Mar_2024_10_08.59.30_trainee_6_sea spikes_2.csv,trainee,6,trainee__participant_6,sea_spikes,2,A_kinematics_all,ridge,2,20.0,21.140313743010196,-1.1403137430101964,1.1403137430101964
DVST_XI_7-11_Mar_2024_10_08.59.30_trainee_9_ring rollercoaster_2.csv,trainee,9,trainee__participant_9,ring_rollercoaster,2,A_kinematics_all,ridge,2,20.0,20.10638228569691,-0.10638228569690966,0.10638228569690966
DVST_XI_7-11_Mar_2024_10_08.59.30_trainee_9_sea spikes_2.csv,trainee,9,trainee__participant_9,sea_spikes,2,A_kinematics_all,ridge,2,22.0,19.69270684276529,2.30729315723471,2.30729315723471
DVST_XI_Griffin_29_sep-1_oct_2024_01_10.39.05_trainee_17_camera target_2.csv,trainee,17,trainee__participant_17,camera_target,2,A_kinematics_all,ridge,2,22.0,25.951520036114424,-3.951520036114424,3.951520036114424
DVST_XI_Griffin_29_sep-1_oct_2024_01_10.39.05_trainee_21_camera target_2.csv,trainee,21,trainee__participant_21,camera_target,2,A_kinematics_all,ridge,2,23.0,21.444439846882,1.5555601531180017,1.5555601531180017
DVST_XI_Griffin_29_sep-1_oct_2024_29_09.07.40_trainee_17_camera target_1.csv,trainee,17,trainee__participant_17,camera_target,1,A_kinematics_all,ridge,2,23.0,14.672117023800466,8.327882976199534,8.327882976199534
DVST_XI_Griffin_29_sep-1_oct_2024_29_09.07.40_trainee_17_suture_1.csv,trainee,17,trainee__participant_17,suture,1,A_kinematics_all,ridge,2,15.0,15.649213951491973,-0.6492139514919728,0.6492139514919728
DVST_XI_Griffin_29_sep-1_oct_2024_29_09.07.40_trainee_21_camera target_1.csv,trainee,21,trainee__participant_21,camera_target,1,A_kinematics_all,ridge,2,19.0,19.7757596881455,-0.7757596881454987,0.7757596881454987
DVST_XI_Griffin_29_sep-1_oct_2024_29_09.07.40_trainee_21_suture_1.csv,trainee,21,trainee__participant_21,suture,1,A_kinematics_all,ridge,2,18.0,18.738359670115464,-0.7383596701154644,0.7383596701154644
DVST_XI_Griffin_29_sep-1_oct_2024_30_12.18.00_trainee_17_glove cut_2.csv,trainee,17,trainee__participant_17,glove_cut,2,A_kinematics_all,ridge,2,22.0,20.017563932092255,1.982436067907745,1.982436067907745
DVST_XI_Griffin_29_sep-1_oct_2024_30_12.18.00_trainee_17_ring rollercoaster_2.csv,trainee,17,trainee__participant_17,ring_rollercoaster,2,A_kinematics_all,ridge,2,22.0,20.931012513591998,1.0689874864080018,1.0689874864080018
DVST_XI_Griffin_29_sep-1_oct_2024_30_12.18.00_trainee_17_sea spikes_2.csv,trainee,17,trainee__participant_17,sea_spikes,2,A_kinematics_all,ridge,2,22.0,21.117226881080157,0.8827731189198431,0.8827731189198431
DVST_XI_Griffin_29_sep-1_oct_2024_30_12.18.00_trainee_21_glove cut_2.csv,trainee,21,trainee__participant_21,glove_cut,2,A_kinematics_all,ridge,2,25.0,19.443839712943383,5.556160287056617,5.556160287056617
DVST_XI_Griffin_29_sep-1_oct_2024_30_12.18.00_trainee_21_ring rollercoaster_2.csv,trainee,21,trainee__participant_21,ring_rollercoaster,2,A_kinematics_all,ridge,2,22.0,18.727663323293896,3.2723366767061037,3.2723366767061037
DVST_XI_Griffin_29_sep-1_oct_2024_30_12.18.00_trainee_21_sea spikes_2.csv,trainee,21,trainee__participant_21,sea_spikes,2,A_kinematics_all,ridge,2,22.0,20.206820363056313,1.7931796369436874,1.7931796369436874
DVST_XI_Griffin_29_sep-1_oct_2024_30_12.18.00_trainee_21_suture_2.csv,trainee,21,trainee__participant_21,suture,2,A_kinematics_all,ridge,2,23.0,21.233312265266242,1.7666877347337575,1.7666877347337575
DVST_XI_14-16_Feb_2024_14_09.13.16_trainee_1_camera target_1.csv,trainee,1,trainee__participant_1,camera_target,1,A_kinematics_all,ridge,3,17.0,17.80844588397767,-0.8084458839776687,0.8084458839776687
DVST_XI_14-16_Feb_2024_14_09.13.16_trainee_1_suture_1.csv,trainee,1,trainee__participant_1,suture,1,A_kinematics_all,ridge,3,19.0,16.341262750927367,2.658737249072633,2.658737249072633
DVST_XI_14-16_Feb_2024_14_09.13.16_trainee_2_camera target_1.csv,trainee,2,trainee__participant_2,camera_target,1,A_kinematics_all,ridge,3,17.0,14.953134085732538,2.046865914267462,2.046865914267462
DVST_XI_14-16_Feb_2024_14_09.13.16_trainee_2_glove cut_1.csv,trainee,2,trainee__participant_2,glove_cut,1,A_kinematics_all,ridge,3,13.0,18.25854924305305,-5.25854924305305,5.25854924305305
DVST_XI_14-16_Feb_2024_14_09.13.16_trainee_2_ring rollercoaster_1.csv,trainee,2,trainee__participant_2,ring_rollercoaster,1,A_kinematics_all,ridge,3,14.0,16.455929128323596,-2.4559291283235964,2.4559291283235964
DVST_XI_14-16_Feb_2024_14_09.13.16_trainee_2_sea spikes_1.csv,trainee,2,trainee__participant_2,sea_spikes,1,A_kinematics_all,ridge,3,15.0,16.881787941746765,-1.8817879417467651,1.8817879417467651
DVST_XI_14-16_Feb_2024_14_09.13.16_trainee_2_suture_1.csv,trainee,2,trainee__participant_2,suture,1,A_kinematics_all,ridge,3,19.0,16.648817099039746,2.3511829009602536,2.3511829009602536
DVST_XI_14-16_Feb_2024_14_09.13.16_trainee_4_camera target_1.csv,trainee,4,trainee__participant_4,camera_target,1,A_kinematics_all,ridge,3,16.0,16.553199533550664,-0.5531995335506643,0.5531995335506643
DVST_XI_14-16_Feb_2024_14_09.13.16_trainee_4_glove cut_1.csv,trainee,4,trainee__participant_4,glove_cut,1,A_kinematics_all,ridge,3,23.0,18.710680896762003,4.289319103237997,4.289319103237997
DVST_XI_14-16_Feb_2024_14_09.13.16_trainee_4_ring rollercoaster_1.csv,trainee,4,trainee__participant_4,ring_rollercoaster,1,A_kinematics_all,ridge,3,14.0,15.7968397161854,-1.7968397161853993,1.7968397161853993
DVST_XI_14-16_Feb_2024_14_09.13.16_trainee_4_sea spikes_1.csv,trainee,4,trainee__participant_4,sea_spikes,1,A_kinematics_all,ridge,3,18.0,17.42724530577918,0.5727546942208193,0.5727546942208193
DVST_XI_14-16_Feb_2024_14_09.13.16_trainee_4_suture_1.csv,trainee,4,trainee__participant_4,suture,1,A_kinematics_all,ridge,3,18.0,17.415556294703592,0.5844437052964082,0.5844437052964082
DVST_XI_14-16_Feb_2024_16_08.32.59_trainee_1_camera target_2.csv,trainee,1,trainee__participant_1,camera_target,2,A_kinematics_all,ridge,3,19.0,18.27091595769431,0.7290840423056899,0.7290840423056899
DVST_XI_14-16_Feb_2024_16_08.32.59_trainee_1_glove cut_2.csv,trainee,1,trainee__participant_1,glove_cut,2,A_kinematics_all,ridge,3,19.0,15.624687206878843,3.3753127931211573,3.3753127931211573
DVST_XI_14-16_Feb_2024_16_08.32.59_trainee_1_sea spikes_2.csv,trainee,1,trainee__participant_1,sea_spikes,2,A_kinematics_all,ridge,3,19.0,18.871633147794032,0.12836685220596777,0.12836685220596777
DVST_XI_14-16_Feb_2024_16_08.32.59_trainee_1_suture_2.csv,trainee,1,trainee__participant_1,suture,2,A_kinematics_all,ridge,3,17.0,17.116025449183947,-0.11602544918394742,0.11602544918394742
DVST_XI_14-16_Feb_2024_16_08.32.59_trainee_2_camera target_2.csv,trainee,2,trainee__participant_2,camera_target,2,A_kinematics_all,ridge,3,16.0,19.17799475911779,-3.177994759117791,3.177994759117791
DVST_XI_14-16_Feb_2024_16_08.32.59_trainee_2_glove cut_2.csv,trainee,2,trainee__participant_2,glove_cut,2,A_kinematics_all,ridge,3,19.0,16.61316156815252,2.3868384318474796,2.3868384318474796
DVST_XI_14-16_Feb_2024_16_08.32.59_trainee_2_ring rollercoaster_2.csv,trainee,2,trainee__participant_2,ring_rollercoaster,2,A_kinematics_all,ridge,3,21.0,16.614362172653227,4.385637827346773,4.385637827346773
DVST_XI_14-16_Feb_2024_16_08.32.59_trainee_2_sea spikes_2.csv,trainee,2,trainee__participant_2,sea_spikes,2,A_kinematics_all,ridge,3,17.0,18.714813087540936,-1.7148130875409358,1.7148130875409358
DVST_XI_14-16_Feb_2024_16_08.32.59_trainee_2_suture_2.csv,trainee,2,trainee__participant_2,suture,2,A_kinematics_all,ridge,3,22.0,20.800144056724083,1.1998559432759173,1.1998559432759173
DVST_XI_14-16_Feb_2024_16_08.32.59_trainee_4_camera target_2.csv,trainee,4,trainee__participant_4,camera_target,2,A_kinematics_all,ridge,3,23.0,17.918974171930593,5.081025828069407,5.081025828069407
DVST_XI_6-8_Mar_2025_06_10.41.14_trainee_31_ring rollercoaster_1.csv,trainee,31,trainee__participant_31,ring_rollercoaster,1,A_kinematics_all,ridge,3,15.0,18.40022964574924,-3.4002296457492385,3.4002296457492385
DVST_XI_6-8_Mar_2025_06_10.41.14_trainee_31_sea spikes_1.csv,trainee,31,trainee__participant_31,sea_spikes,1,A_kinematics_all,ridge,3,13.0,17.33704344442149,-4.337043444421489,4.337043444421489
DVST_XI_6-8_Mar_2025_06_10.41.14_trainee_36_ring rollercoaster_1.csv,trainee,36,trainee__participant_36,ring_rollercoaster,1,A_kinematics_all,ridge,3,19.0,16.730666602172917,2.269333397827083,2.269333397827083
DVST_XI_6-8_Mar_2025_06_10.41.14_trainee_36_sea spikes_1.csv,trainee,36,trainee__participant_36,sea_spikes,1,A_kinematics_all,ridge,3,16.0,15.990572347248168,0.009427652751831772,0.009427652751831772
DVST_XI_6-8_Mar_2025_07_11.56.53_expert_2_camera target_1.csv,expert,2,expert__participant_2,camera_target,1,A_kinematics_all,ridge,3,25.0,20.341810507519043,4.6581894924809575,4.6581894924809575
DVST_XI_6-8_Mar_2025_07_11.56.53_expert_2_glove cut_1.csv,expert,2,expert__participant_2,glove_cut,1,A_kinematics_all,ridge,3,19.0,19.504447549054532,-0.5044475490545324,0.5044475490545324
DVST_XI_6-8_Mar_2025_07_11.56.53_expert_2_ring rollercoaster_1.csv,expert,2,expert__participant_2,ring_rollercoaster,1,A_kinematics_all,ridge,3,20.0,19.452962673827844,0.5470373261721555,0.5470373261721555
DVST_XI_6-8_Mar_2025_07_11.56.53_expert_2_sea spikes_1.csv,expert,2,expert__participant_2,sea_spikes,1,A_kinematics_all,ridge,3,18.0,19.378107164677125,-1.3781071646771252,1.3781071646771252
DVST_XI_6-8_Mar_2025_07_11.56.53_expert_2_suture_1.csv,expert,2,expert__participant_2,suture,1,A_kinematics_all,ridge,3,23.0,22.30313786764104,0.6968621323589588,0.6968621323589588
DVST_XI_6-8_Mar_2025_07_11.56.53_trainee_31_glove cut_1.csv,trainee,31,trainee__participant_31,glove_cut,1,A_kinematics_all,ridge,3,16.0,18.418328147418126,-2.4183281474181264,2.4183281474181264
DVST_XI_6-8_Mar_2025_07_11.56.53_trainee_36_glove cut_1.csv,trainee,36,trainee__participant_36,glove_cut,1,A_kinematics_all,ridge,3,18.0,18.676919337250634,-0.6769193372506344,0.6769193372506344
DVST_XI_7-11_Mar_2024_08_13.12.17_trainee_8_ring rollercoaster_1.csv,trainee,8,trainee__participant_8,ring_rollercoaster,1,A_kinematics_all,ridge,3,12.0,16.362950248920168,-4.362950248920168,4.362950248920168
DVST_XI_7-11_Mar_2024_08_13.12.17_trainee_8_sea spikes_1.csv,trainee,8,trainee__participant_8,sea_spikes,1,A_kinematics_all,ridge,3,18.0,17.23677526646106,0.7632247335389408,0.7632247335389408
DVST_XI_7-11_Mar_2024_09_10.19.01_trainee_8_camera target_1.csv,trainee,8,trainee__participant_8,camera_target,1,A_kinematics_all,ridge,3,10.0,12.677202643904568,-2.677202643904568,2.677202643904568
DVST_XI_7-11_Mar_2024_09_10.19.01_trainee_8_glove cut_1.csv,trainee,8,trainee__participant_8,glove_cut,1,A_kinematics_all,ridge,3,17.0,16.524531264410573,0.4754687355894269,0.4754687355894269
DVST_XI_7-11_Mar_2024_09_13.46.11_trainee_8_suture_1.csv,trainee,8,trainee__participant_8,suture,1,A_kinematics_all,ridge,3,17.0,20.270189402571564,-3.270189402571564,3.270189402571564
DVST_XI_7-11_Mar_2024_10_08.59.30_trainee_8_ring rollercoaster_2.csv,trainee,8,trainee__participant_8,ring_rollercoaster,2,A_kinematics_all,ridge,3,16.0,18.544895962587063,-2.544895962587063,2.544895962587063
DVST_XI_7-11_Mar_2024_10_08.59.30_trainee_8_sea spikes_2.csv,trainee,8,trainee__participant_8,sea_spikes,2,A_kinematics_all,ridge,3,20.0,18.722147321385364,1.2778526786146358,1.2778526786146358
DVST_XI_Griffin_29_sep-1_oct_2024_01_10.39.05_trainee_18_camera target_2.csv,trainee,18,trainee__participant_18,camera_target,2,A_kinematics_all,ridge,3,18.0,22.506955553711986,-4.506955553711986,4.506955553711986
DVST_XI_Griffin_29_sep-1_oct_2024_29_09.07.40_trainee_18_camera target_1.csv,trainee,18,trainee__participant_18,camera_target,1,A_kinematics_all,ridge,3,19.0,37.88714318592368,-18.887143185923676,18.887143185923676
DVST_XI_Griffin_29_sep-1_oct_2024_29_09.07.40_trainee_18_suture_1.csv,trainee,18,trainee__participant_18,suture,1,A_kinematics_all,ridge,3,12.0,10.529727384515635,1.4702726154843653,1.4702726154843653
DVST_XI_Griffin_29_sep-1_oct_2024_30_12.18.00_trainee_18_glove cut_2.csv,trainee,18,trainee__participant_18,glove_cut,2,A_kinematics_all,ridge,3,22.0,19.716971724243454,2.2830282757565463,2.2830282757565463
DVST_XI_Griffin_29_sep-1_oct_2024_30_12.18.00_trainee_18_ring rollercoaster_2.csv,trainee,18,trainee__participant_18,ring_rollercoaster,2,A_kinematics_all,ridge,3,24.0,19.928575454880637,4.071424545119363,4.071424545119363
DVST_XI_Griffin_29_sep-1_oct_2024_30_12.18.00_trainee_18_sea spikes_2.csv,trainee,18,trainee__participant_18,sea_spikes,2,A_kinematics_all,ridge,3,22.0,20.3678979809984,1.6321020190016,1.6321020190016
DVST_XI_Griffin_29_sep-1_oct_2024_30_12.18.00_trainee_18_suture_2.csv,trainee,18,trainee__participant_18,suture,2,A_kinematics_all,ridge,3,22.0,20.516207992158915,1.4837920078410853,1.4837920078410853
DVST_XI_10-13_Nov_2025_12_10.36.46_expert_10_camera target_1.csv,expert,10,expert__participant_10,camera_target,1,A_kinematics_all,ridge,4,30.0,27.570241133447468,2.4297588665525325,2.4297588665525325
DVST_XI_10-13_Nov_2025_12_10.36.46_expert_10_glove cut_1.csv,expert,10,expert__participant_10,glove_cut,1,A_kinematics_all,ridge,4,28.0,25.504270795616453,2.4957292043835473,2.4957292043835473
DVST_XI_10-13_Nov_2025_12_10.36.46_expert_10_ring rollercoaster_1.csv,expert,10,expert__participant_10,ring_rollercoaster,1,A_kinematics_all,ridge,4,29.0,24.750205982696368,4.249794017303632,4.249794017303632
DVST_XI_10-13_Nov_2025_12_10.36.46_expert_10_sea spikes_1.csv,expert,10,expert__participant_10,sea_spikes,1,A_kinematics_all,ridge,4,29.0,23.46226773191178,5.53773226808822,5.53773226808822
DVST_XI_10-13_Nov_2025_12_10.36.46_expert_10_suture_1.csv,expert,10,expert__participant_10,suture,1,A_kinematics_all,ridge,4,30.0,27.909237473464835,2.0907625265351655,2.0907625265351655
DVST_XI_11-14_Aug_2025_13_11.33.24_expert_7_camera target_1.csv,expert,7,expert__participant_7,camera_target,1,A_kinematics_all,ridge,4,28.0,23.902453510530762,4.097546489469238,4.097546489469238
DVST_XI_11-14_Aug_2025_13_11.33.24_expert_7_glove cut_1.csv,expert,7,expert__participant_7,glove_cut,1,A_kinematics_all,ridge,4,25.0,21.69594081145201,3.3040591885479884,3.3040591885479884
DVST_XI_11-14_Aug_2025_13_11.33.24_expert_7_ring rollercoaster_1.csv,expert,7,expert__participant_7,ring_rollercoaster,1,A_kinematics_all,ridge,4,20.0,20.908982367394014,-0.9089823673940138,0.9089823673940138
DVST_XI_11-14_Aug_2025_13_11.33.24_expert_7_sea spikes_1.csv,expert,7,expert__participant_7,sea_spikes,1,A_kinematics_all,ridge,4,20.0,21.175724657112717,-1.175724657112717,1.175724657112717
DVST_XI_11-14_Aug_2025_13_11.33.24_expert_7_suture_1.csv,expert,7,expert__participant_7,suture,1,A_kinematics_all,ridge,4,29.0,24.546254346633567,4.453745653366433,4.453745653366433
DVST_XI_19-22_May_2025_22_09.34.36_trainee_40_camera target_2.csv,trainee,40,trainee__participant_40,camera_target,2,A_kinematics_all,ridge,4,24.0,24.646943614610272,-0.6469436146102723,0.6469436146102723
DVST_XI_19-22_May_2025_22_09.34.36_trainee_40_glove cut_2.csv,trainee,40,trainee__participant_40,glove_cut,2,A_kinematics_all,ridge,4,24.0,21.24557078410789,2.7544292158921095,2.7544292158921095
DVST_XI_6-8_Mar_2025_06_10.41.14_trainee_33_camera target_1.csv,trainee,33,trainee__participant_33,camera_target,1,A_kinematics_all,ridge,4,23.0,20.708466845619775,2.2915331543802253,2.2915331543802253
DVST_XI_6-8_Mar_2025_06_10.41.14_trainee_33_ring rollercoaster_1.csv,trainee,33,trainee__participant_33,ring_rollercoaster,1,A_kinematics_all,ridge,4,21.0,21.292904860891483,-0.2929048608914826,0.2929048608914826
DVST_XI_6-8_Mar_2025_06_10.41.14_trainee_33_sea spikes_1.csv,trainee,33,trainee__participant_33,sea_spikes,1,A_kinematics_all,ridge,4,16.0,17.345534012370734,-1.3455340123707344,1.3455340123707344
DVST_XI_6-8_Mar_2025_06_10.41.14_trainee_35_ring rollercoaster_1.csv,trainee,35,trainee__participant_35,ring_rollercoaster,1,A_kinematics_all,ridge,4,18.0,16.147133921745954,1.8528660782540456,1.8528660782540456
DVST_XI_6-8_Mar_2025_06_10.41.14_trainee_35_sea spikes_1.csv,trainee,35,trainee__participant_35,sea_spikes,1,A_kinematics_all,ridge,4,15.0,14.565739797209005,0.43426020279099475,0.43426020279099475
DVST_XI_6-8_Mar_2025_07_11.56.53_trainee_33_camera target_2.csv,trainee,33,trainee__participant_33,camera_target,2,A_kinematics_all,ridge,4,19.0,20.91683531277279,-1.9168353127727897,1.9168353127727897
DVST_XI_6-8_Mar_2025_07_11.56.53_trainee_33_glove cut_1.csv,trainee,33,trainee__participant_33,glove_cut,1,A_kinematics_all,ridge,4,18.0,20.254321079276288,-2.2543210792762878,2.2543210792762878
DVST_XI_6-8_Mar_2025_07_11.56.53_trainee_33_sea spikes_2.csv,trainee,33,trainee__participant_33,sea_spikes,2,A_kinematics_all,ridge,4,20.0,18.498892399343262,1.5011076006567379,1.5011076006567379
DVST_XI_6-8_Mar_2025_07_11.56.53_trainee_35_camera target_2.csv,trainee,35,trainee__participant_35,camera_target,2,A_kinematics_all,ridge,4,18.0,21.938856124969824,-3.938856124969824,3.938856124969824
DVST_XI_6-8_Mar_2025_07_11.56.53_trainee_35_glove cut_1.csv,trainee,35,trainee__participant_35,glove_cut,1,A_kinematics_all,ridge,4,16.0,19.220576535312624,-3.220576535312624,3.220576535312624
DVST_XI_6-8_Mar_2025_07_11.56.53_trainee_35_sea spikes_2.csv,trainee,35,trainee__participant_35,sea_spikes,2,A_kinematics_all,ridge,4,21.0,19.996187804927402,1.003812195072598,1.003812195072598
DVST_XI_7-11_Mar_2024_08_13.12.17_trainee_7_ring rollercoaster_1.csv,trainee,7,trainee__participant_7,ring_rollercoaster,1,A_kinematics_all,ridge,4,15.0,15.535522103112058,-0.5355221031120578,0.5355221031120578
DVST_XI_7-11_Mar_2024_08_13.12.17_trainee_7_sea spikes_1.csv,trainee,7,trainee__participant_7,sea_spikes,1,A_kinematics_all,ridge,4,19.0,15.17373919874004,3.8262608012599593,3.8262608012599593
DVST_XI_7-11_Mar_2024_09_10.19.01_trainee_7_camera target_1.csv,trainee,7,trainee__participant_7,camera_target,1,A_kinematics_all,ridge,4,17.0,19.081973489455947,-2.0819734894559474,2.0819734894559474
DVST_XI_7-11_Mar_2024_09_10.19.01_trainee_7_glove cut_1.csv,trainee,7,trainee__participant_7,glove_cut,1,A_kinematics_all,ridge,4,15.0,15.677830151482244,-0.6778301514822438,0.6778301514822438
DVST_XI_7-11_Mar_2024_09_13.46.11_trainee_7_suture_1.csv,trainee,7,trainee__participant_7,suture,1,A_kinematics_all,ridge,4,17.0,18.566742009391543,-1.5667420093915432,1.5667420093915432
DVST_XI_7-11_Mar_2024_10_08.59.30_trainee_7_ring rollercoaster_2.csv,trainee,7,trainee__participant_7,ring_rollercoaster,2,A_kinematics_all,ridge,4,18.0,18.957855161586057,-0.9578551615860569,0.9578551615860569
DVST_XI_7-11_Mar_2024_10_08.59.30_trainee_7_sea spikes_2.csv,trainee,7,trainee__participant_7,sea_spikes,2,A_kinematics_all,ridge,4,20.0,18.13177442124449,1.86822557875551,1.86822557875551
DVST_XI_Griffin_16-19_07_2024_16_08.46.09_trainee_15_glove cut_1.csv,trainee,15,trainee__participant_15,glove_cut,1,A_kinematics_all,ridge,4,17.0,20.004794273591372,-3.004794273591372,3.004794273591372
DVST_XI_Griffin_16-19_07_2024_16_08.46.09_trainee_15_ring rollercoaster_1.csv,trainee,15,trainee__participant_15,ring_rollercoaster,1,A_kinematics_all,ridge,4,18.0,19.83810416959558,-1.8381041695955815,1.8381041695955815
DVST_XI_Griffin_16-19_07_2024_16_08.46.09_trainee_15_sea spikes_1.csv,trainee,15,trainee__participant_15,sea_spikes,1,A_kinematics_all,ridge,4,20.0,18.642517120304298,1.3574828796957021,1.3574828796957021
DVST_XI_Griffin_16-19_07_2024_16_08.46.09_trainee_15_suture_1.csv,trainee,15,trainee__participant_15,suture,1,A_kinematics_all,ridge,4,15.0,17.951564714332395,-2.9515647143323953,2.9515647143323953
DVST_XI_Griffin_16-19_07_2024_16_08.46.09_trainee_16_glove cut_1.csv,trainee,16,trainee__participant_16,glove_cut,1,A_kinematics_all,ridge,4,15.0,18.59225587781457,-3.5922558778145692,3.5922558778145692
DVST_XI_Griffin_16-19_07_2024_16_08.46.09_trainee_16_ring rollercoaster_1.csv,trainee,16,trainee__participant_16,ring_rollercoaster,1,A_kinematics_all,ridge,4,20.0,18.354111321017147,1.6458886789828533,1.6458886789828533
DVST_XI_Griffin_16-19_07_2024_16_08.46.09_trainee_16_sea spikes_1.csv,trainee,16,trainee__participant_16,sea_spikes,1,A_kinematics_all,ridge,4,16.0,16.6177904293158,-0.6177904293158001,0.6177904293158001
DVST_XI_Griffin_16-19_07_2024_16_08.46.09_trainee_16_suture_1.csv,trainee,16,trainee__participant_16,suture,1,A_kinematics_all,ridge,4,21.0,16.97920591403429,4.020794085965711,4.020794085965711
DVST_XI_Griffin_16-19_07_2024_17_12.20.23_trainee_15_camera target_1.csv,trainee,15,trainee__participant_15,camera_target,1,A_kinematics_all,ridge,4,18.0,20.77447161967179,-2.7744716196717896,2.7744716196717896
DVST_XI_Griffin_16-19_07_2024_17_12.20.23_trainee_16_camera target_1.csv,trainee,16,trainee__participant_16,camera_target,1,A_kinematics_all,ridge,4,23.0,21.0930682404648,1.906931759535201,1.906931759535201
DVST_XI_Griffin_16-19_07_2024_17_12.20.23_trainee_16_ring rollercoaster_2.csv,trainee,16,trainee__participant_16,ring_rollercoaster,2,A_kinematics_all,ridge,4,23.0,20.897763410823288,2.1022365891767123,2.1022365891767123
DVST_XI_Griffin_16-19_07_2024_18_08.46.52_trainee_15_sea spikes_2.csv,trainee,15,trainee__participant_15,sea_spikes,2,A_kinematics_all,ridge,4,23.0,20.125740759077928,2.874259240922072,2.874259240922072
DVST_XI_Griffin_16-19_07_2024_18_08.46.52_trainee_15_suture_2.csv,trainee,15,trainee__participant_15,suture,2,A_kinematics_all,ridge,4,26.0,20.838164963231037,5.161835036768963,5.161835036768963
DVST_XI_Griffin_16-19_07_2024_18_08.46.52_trainee_16_sea spikes_2.csv,trainee,16,trainee__participant_16,sea_spikes,2,A_kinematics_all,ridge,4,21.0,19.292039346088217,1.7079606539117833,1.7079606539117833
DVST_XI_Griffin_16-19_07_2024_18_08.46.52_trainee_16_suture_2.csv,trainee,16,trainee__participant_16,suture,2,A_kinematics_all,ridge,4,29.0,22.392237628298105,6.607762371701895,6.607762371701895
DVST_XI_Griffin_16-19_07_2024_19_09.39.41_trainee_16_camera target_2.csv,trainee,16,trainee__participant_16,camera_target,2,A_kinematics_all,ridge,4,23.0,19.862934454266494,3.137065545733506,3.137065545733506
DVST_XI_Griffin_16-19_07_2024_19_09.39.41_trainee_16_glove cut_2.csv,trainee,16,trainee__participant_16,glove_cut,2,A_kinematics_all,ridge,4,24.0,17.75259860731735,6.247401392682651,6.247401392682651
DVST_XI_10-13_Nov_2025_12_10.36.46_expert_9_camera target_1.csv,expert,9,expert__participant_9,camera_target,1,A_kinematics_all,ridge,5,28.0,25.334917426736244,2.6650825732637564,2.6650825732637564
DVST_XI_10-13_Nov_2025_12_10.36.46_expert_9_glove cut_1.csv,expert,9,expert__participant_9,glove_cut,1,A_kinematics_all,ridge,5,29.0,24.379099866374034,4.620900133625966,4.620900133625966
DVST_XI_10-13_Nov_2025_12_10.36.46_expert_9_ring rollercoaster_1.csv,expert,9,expert__participant_9,ring_rollercoaster,1,A_kinematics_all,ridge,5,29.0,24.59967826275161,4.40032173724839,4.40032173724839
DVST_XI_10-13_Nov_2025_12_10.36.46_expert_9_sea spikes_1.csv,expert,9,expert__participant_9,sea_spikes,1,A_kinematics_all,ridge,5,29.0,23.897098640270656,5.102901359729344,5.102901359729344
DVST_XI_10-13_Nov_2025_12_10.36.46_expert_9_suture_1.csv,expert,9,expert__participant_9,suture,1,A_kinematics_all,ridge,5,28.0,25.26477776409166,2.7352222359083385,2.7352222359083385
DVST_XI_19-22_May_2025_22_09.34.36_trainee_39_camera target_2.csv,trainee,39,trainee__participant_39,camera_target,2,A_kinematics_all,ridge,5,19.0,23.377454635372683,-4.377454635372683,4.377454635372683
DVST_XI_19-22_May_2025_22_09.34.36_trainee_39_glove cut_2.csv,trainee,39,trainee__participant_39,glove_cut,2,A_kinematics_all,ridge,5,22.0,21.42155966746893,0.5784403325310699,0.5784403325310699
DVST_XI_6-8_Mar_2025_07_11.56.53_expert_1_camera target_1.csv,expert,1,expert__participant_1,camera_target,1,A_kinematics_all,ridge,5,26.0,23.015869251033244,2.9841307489667557,2.9841307489667557
DVST_XI_6-8_Mar_2025_07_11.56.53_expert_1_glove cut_1.csv,expert,1,expert__participant_1,glove_cut,1,A_kinematics_all,ridge,5,20.0,22.032695563136354,-2.032695563136354,2.032695563136354
DVST_XI_6-8_Mar_2025_07_11.56.53_expert_1_ring rollercoaster_1.csv,expert,1,expert__participant_1,ring_rollercoaster,1,A_kinematics_all,ridge,5,21.0,21.75379153362628,-0.7537915336262806,0.7537915336262806
DVST_XI_6-8_Mar_2025_07_11.56.53_expert_1_sea spikes_1.csv,expert,1,expert__participant_1,sea_spikes,1,A_kinematics_all,ridge,5,23.0,20.884625977012103,2.115374022987897,2.115374022987897
DVST_XI_6-8_Mar_2025_07_11.56.53_expert_1_suture_1.csv,expert,1,expert__participant_1,suture,1,A_kinematics_all,ridge,5,26.0,23.90778828851589,2.0922117114841114,2.0922117114841114
DVST_XI_7-11_Jul_2025_10_09.40.17_expert_6_camera target_1.csv,expert,6,expert__participant_6,camera_target,1,A_kinematics_all,ridge,5,25.0,23.432318881183047,1.567681118816953,1.567681118816953
DVST_XI_7-11_Jul_2025_10_09.40.17_expert_6_glove cut_1.csv,expert,6,expert__participant_6,glove_cut,1,A_kinematics_all,ridge,5,23.0,21.788748643116087,1.2112513568839134,1.2112513568839134
DVST_XI_7-11_Jul_2025_10_09.40.17_expert_6_ring rollercoaster_1.csv,expert,6,expert__participant_6,ring_rollercoaster,1,A_kinematics_all,ridge,5,23.0,22.043768329965662,0.9562316700343381,0.9562316700343381
DVST_XI_7-11_Jul_2025_10_09.40.17_expert_6_sea spikes_1.csv,expert,6,expert__participant_6,sea_spikes,1,A_kinematics_all,ridge,5,23.0,21.82500385150142,1.174996148498579,1.174996148498579
DVST_XI_7-11_Jul_2025_10_09.40.17_expert_6_suture_1.csv,expert,6,expert__participant_6,suture,1,A_kinematics_all,ridge,5,26.0,23.427325886817158,2.572674113182842,2.572674113182842
DVST_XI_7-11_Mar_2024_08_13.12.17_trainee_11_ring rollercoaster_1.csv,trainee,11,trainee__participant_11,ring_rollercoaster,1,A_kinematics_all,ridge,5,18.0,17.02969331255046,0.9703066874495399,0.9703066874495399
DVST_XI_7-11_Mar_2024_08_13.12.17_trainee_11_sea spikes_1.csv,trainee,11,trainee__participant_11,sea_spikes,1,A_kinematics_all,ridge,5,18.0,19.0692948497728,-1.069294849772799,1.069294849772799
DVST_XI_7-11_Mar_2024_09_10.19.01_trainee_11_camera target_1.csv,trainee,11,trainee__participant_11,camera_target,1,A_kinematics_all,ridge,5,10.0,13.649063944758009,-3.6490639447580087,3.6490639447580087
DVST_XI_7-11_Mar_2024_09_10.19.01_trainee_11_glove cut_1.csv,trainee,11,trainee__participant_11,glove_cut,1,A_kinematics_all,ridge,5,18.0,17.060196794253155,0.9398032057468448,0.9398032057468448
DVST_XI_7-11_Mar_2024_09_13.46.11_trainee_11_suture_1.csv,trainee,11,trainee__participant_11,suture,1,A_kinematics_all,ridge,5,18.0,18.928051125582215,-0.9280511255822148,0.9280511255822148
DVST_XI_7-11_Mar_2024_10_08.59.30_trainee_11_ring rollercoaster_2.csv,trainee,11,trainee__participant_11,ring_rollercoaster,2,A_kinematics_all,ridge,5,16.0,18.908233098514234,-2.908233098514234,2.908233098514234
DVST_XI_7-11_Mar_2024_10_08.59.30_trainee_11_sea spikes_2.csv,trainee,11,trainee__participant_11,sea_spikes,2,A_kinematics_all,ridge,5,18.0,20.241431091766103,-2.2414310917661027,2.2414310917661027
DVST_XI_Griffin_16-19_07_2024_16_08.46.09_trainee_14_glove cut_1.csv,trainee,14,trainee__participant_14,glove_cut,1,A_kinematics_all,ridge,5,11.0,18.276793491503163,-7.276793491503163,7.276793491503163
DVST_XI_Griffin_16-19_07_2024_16_08.46.09_trainee_14_ring rollercoaster_1.csv,trainee,14,trainee__participant_14,ring_rollercoaster,1,A_kinematics_all,ridge,5,16.0,19.617718075390584,-3.6177180753905844,3.6177180753905844
DVST_XI_Griffin_16-19_07_2024_16_08.46.09_trainee_14_sea spikes_1.csv,trainee,14,trainee__participant_14,sea_spikes,1,A_kinematics_all,ridge,5,12.0,13.388041090770908,-1.3880410907709084,1.3880410907709084
DVST_XI_Griffin_16-19_07_2024_16_08.46.09_trainee_14_suture_1.csv,trainee,14,trainee__participant_14,suture,1,A_kinematics_all,ridge,5,15.0,19.697130387742295,-4.697130387742295,4.697130387742295
DVST_XI_Griffin_16-19_07_2024_17_12.20.23_trainee_13_camera target_1.csv,trainee,13,trainee__participant_13,camera_target,1,A_kinematics_all,ridge,5,19.0,21.42378887580179,-2.4237888758017903,2.4237888758017903
DVST_XI_Griffin_16-19_07_2024_17_12.20.23_trainee_13_glove cut_1.csv,trainee,13,trainee__participant_13,glove_cut,1,A_kinematics_all,ridge,5,23.0,19.275738245199758,3.724261754800242,3.724261754800242
DVST_XI_Griffin_16-19_07_2024_17_12.20.23_trainee_13_ring rollercoaster_1.csv,trainee,13,trainee__participant_13,ring_rollercoaster,1,A_kinematics_all,ridge,5,17.0,20.702019932878382,-3.7020199328783825,3.7020199328783825
DVST_XI_Griffin_16-19_07_2024_17_12.20.23_trainee_13_ring rollercoaster_2.csv,trainee,13,trainee__participant_13,ring_rollercoaster,2,A_kinematics_all,ridge,5,22.0,20.96603083480252,1.0339691651974796,1.0339691651974796
DVST_XI_Griffin_16-19_07_2024_17_12.20.23_trainee_13_sea spikes_1.csv,trainee,13,trainee__participant_13,sea_spikes,1,A_kinematics_all,ridge,5,17.0,20.228068823311226,-3.228068823311226,3.228068823311226
DVST_XI_Griffin_16-19_07_2024_17_12.20.23_trainee_13_suture_1.csv,trainee,13,trainee__participant_13,suture,1,A_kinematics_all,ridge,5,23.0,21.14375066370669,1.8562493362933097,1.8562493362933097
DVST_XI_Griffin_16-19_07_2024_17_12.20.23_trainee_14_camera target_1.csv,trainee,14,trainee__participant_14,camera_target,1,A_kinematics_all,ridge,5,14.0,16.04137179144773,-2.0413717914477303,2.0413717914477303
DVST_XI_Griffin_16-19_07_2024_18_08.46.52_trainee_13_sea spikes_2.csv,trainee,13,trainee__participant_13,sea_spikes,2,A_kinematics_all,ridge,5,21.0,23.48437084103405,-2.4843708410340497,2.4843708410340497
DVST_XI_Griffin_16-19_07_2024_18_08.46.52_trainee_13_suture_2.csv,trainee,13,trainee__participant_13,suture,2,A_kinematics_all,ridge,5,28.0,23.06101186893914,4.93898813106086,4.93898813106086
DVST_XI_Griffin_16-19_07_2024_18_08.46.52_trainee_14_sea spikes_2.csv,trainee,14,trainee__participant_14,sea_spikes,2,A_kinematics_all,ridge,5,20.0,20.879591259417037,-0.8795912594170368,0.8795912594170368
DVST_XI_Griffin_16-19_07_2024_18_08.46.52_trainee_14_suture_2.csv,trainee,14,trainee__participant_14,suture,2,A_kinematics_all,ridge,5,29.0,24.68691179069625,4.31308820930375,4.31308820930375
DVST_XI_Griffin_16-19_07_2024_19_09.39.41_trainee_13_camera target_2.csv,trainee,13,trainee__participant_13,camera_target,2,A_kinematics_all,ridge,5,17.0,21.858545972575925,-4.858545972575925,4.858545972575925
DVST_XI_Griffin_16-19_07_2024_19_09.39.41_trainee_14_glove cut_2.csv,trainee,14,trainee__participant_14,glove_cut,2,A_kinematics_all,ridge,5,18.0,17.97004866191178,0.029951338088221036,0.029951338088221036
DVST_XI_Griffin_29_sep-1_oct_2024_01_10.39.05_trainee_20_camera target_2.csv,trainee,20,trainee__participant_20,camera_target,2,A_kinematics_all,ridge,5,14.0,20.7751365689661,-6.775136568966101,6.775136568966101
DVST_XI_Griffin_29_sep-1_oct_2024_29_09.07.40_trainee_20_camera target_1.csv,trainee,20,trainee__participant_20,camera_target,1,A_kinematics_all,ridge,5,15.0,14.685944169972657,0.3140558300273426,0.3140558300273426
DVST_XI_Griffin_29_sep-1_oct_2024_29_09.07.40_trainee_20_suture_1.csv,trainee,20,trainee__participant_20,suture,1,A_kinematics_all,ridge,5,13.0,15.62081452617884,-2.6208145261788403,2.6208145261788403
DVST_XI_Griffin_29_sep-1_oct_2024_30_12.18.00_trainee_20_glove cut_2.csv,trainee,20,trainee__participant_20,glove_cut,2,A_kinematics_all,ridge,5,17.0,20.849784857971397,-3.8497848579713967,3.8497848579713967
DVST_XI_Griffin_29_sep-1_oct_2024_30_12.18.00_trainee_20_ring rollercoaster_2.csv,trainee,20,trainee__participant_20,ring_rollercoaster,2,A_kinematics_all,ridge,5,21.0,18.889015605096557,2.1109843949034435,2.1109843949034435
DVST_XI_Griffin_29_sep-1_oct_2024_30_12.18.00_trainee_20_sea spikes_2.csv,trainee,20,trainee__participant_20,sea_spikes,2,A_kinematics_all,ridge,5,21.0,20.712895534668974,0.2871044653310264,0.2871044653310264
DVST_XI_11-14_Aug_2025_14_10.45.28_expert_8_camera target_1.csv,expert,8,expert__participant_8,camera_target,1,A_kinematics_all,elastic_net,1,28.0,23.483715906043905,4.516284093956095,4.516284093956095
DVST_XI_11-14_Aug_2025_14_10.45.28_expert_8_glove cut_1.csv,expert,8,expert__participant_8,glove_cut,1,A_kinematics_all,elastic_net,1,24.0,21.684513622411284,2.315486377588716,2.315486377588716
DVST_XI_11-14_Aug_2025_14_10.45.28_expert_8_ring rollercoaster_1.csv,expert,8,expert__participant_8,ring_rollercoaster,1,A_kinematics_all,elastic_net,1,24.0,22.680015804505416,1.319984195494584,1.319984195494584
DVST_XI_11-14_Aug_2025_14_10.45.28_expert_8_sea spikes_1.csv,expert,8,expert__participant_8,sea_spikes,1,A_kinematics_all,elastic_net,1,22.0,20.969963729485,1.0300362705150015,1.0300362705150015
DVST_XI_11-14_Aug_2025_14_10.45.28_expert_8_suture_1.csv,expert,8,expert__participant_8,suture,1,A_kinematics_all,elastic_net,1,29.0,28.680058681462825,0.31994131853717533,0.31994131853717533
DVST_XI_14-16_Feb_2024_14_09.13.16_trainee_5_camera target_1.csv,trainee,5,trainee__participant_5,camera_target,1,A_kinematics_all,elastic_net,1,7.0,12.134039474860133,-5.134039474860133,5.134039474860133
DVST_XI_14-16_Feb_2024_14_09.13.16_trainee_5_glove cut_1.csv,trainee,5,trainee__participant_5,glove_cut,1,A_kinematics_all,elastic_net,1,11.0,14.169624610402822,-3.1696246104028223,3.1696246104028223
DVST_XI_14-16_Feb_2024_14_09.13.16_trainee_5_ring rollercoaster_1.csv,trainee,5,trainee__participant_5,ring_rollercoaster,1,A_kinematics_all,elastic_net,1,17.0,12.18586004873751,4.81413995126249,4.81413995126249
DVST_XI_14-16_Feb_2024_14_09.13.16_trainee_5_sea spikes_1.csv,trainee,5,trainee__participant_5,sea_spikes,1,A_kinematics_all,elastic_net,1,16.0,15.144870465472463,0.8551295345275367,0.8551295345275367
DVST_XI_14-16_Feb_2024_14_09.13.16_trainee_5_suture_1.csv,trainee,5,trainee__participant_5,suture,1,A_kinematics_all,elastic_net,1,16.0,15.769275402860806,0.23072459713919358,0.23072459713919358
DVST_XI_14-16_Feb_2024_16_08.32.59_trainee_5_camera target_2.csv,trainee,5,trainee__participant_5,camera_target,2,A_kinematics_all,elastic_net,1,21.0,18.19190622462329,2.8080937753767117,2.8080937753767117
DVST_XI_14-16_Feb_2024_16_08.32.59_trainee_5_glove cut_2.csv,trainee,5,trainee__participant_5,glove_cut,2,A_kinematics_all,elastic_net,1,19.0,15.706015876657286,3.293984123342714,3.293984123342714
DVST_XI_14-16_Feb_2024_16_08.32.59_trainee_5_ring rollercoaster_2.csv,trainee,5,trainee__participant_5,ring_rollercoaster,2,A_kinematics_all,elastic_net,1,23.0,15.815452528920117,7.184547471079883,7.184547471079883
DVST_XI_14-16_Feb_2024_16_08.32.59_trainee_5_sea spikes_2.csv,trainee,5,trainee__participant_5,sea_spikes,2,A_kinematics_all,elastic_net,1,21.0,18.745418656702316,2.2545813432976836,2.2545813432976836
DVST_XI_14-16_Feb_2024_16_08.32.59_trainee_5_suture_2.csv,trainee,5,trainee__participant_5,suture,2,A_kinematics_all,elastic_net,1,21.0,18.475148851672742,2.524851148327258,2.524851148327258
DVST_XI_19-22_May_2025_21_09.43.23_expert_5_camera target_1.csv,expert,5,expert__participant_5,camera_target,1,A_kinematics_all,elastic_net,1,30.0,25.120758187227985,4.879241812772015,4.879241812772015
DVST_XI_19-22_May_2025_21_09.43.23_expert_5_glove cut_1.csv,expert,5,expert__participant_5,glove_cut,1,A_kinematics_all,elastic_net,1,24.0,22.121253837966393,1.8787461620336074,1.8787461620336074
DVST_XI_19-22_May_2025_21_09.43.23_expert_5_ring rollercoaster_1.csv,expert,5,expert__participant_5,ring_rollercoaster,1,A_kinematics_all,elastic_net,1,24.0,21.779913221611046,2.2200867783889535,2.2200867783889535
DVST_XI_19-22_May_2025_21_09.43.23_expert_5_sea spikes_1.csv,expert,5,expert__participant_5,sea_spikes,1,A_kinematics_all,elastic_net,1,24.0,22.970317703730807,1.0296822962691934,1.0296822962691934
DVST_XI_19-22_May_2025_21_09.43.23_expert_5_suture_1.csv,expert,5,expert__participant_5,suture,1,A_kinematics_all,elastic_net,1,29.0,25.11568640355807,3.884313596441931,3.884313596441931
DVST_XI_19-22_May_2025_22_09.34.36_trainee_38_camera target_2.csv,trainee,38,trainee__participant_38,camera_target,2,A_kinematics_all,elastic_net,1,22.0,27.194082335451238,-5.194082335451238,5.194082335451238
DVST_XI_19-22_May_2025_22_09.34.36_trainee_38_glove cut_2.csv,trainee,38,trainee__participant_38,glove_cut,2,A_kinematics_all,elastic_net,1,18.0,21.15475340002973,-3.1547534000297297,3.1547534000297297
DVST_XI_19-22_May_2025_22_09.34.36_trainee_42_camera target_2.csv,trainee,42,trainee__participant_42,camera_target,2,A_kinematics_all,elastic_net,1,19.0,17.71712948605378,1.2828705139462215,1.2828705139462215
DVST_XI_19-22_May_2025_22_09.34.36_trainee_42_glove cut_2.csv,trainee,42,trainee__participant_42,glove_cut,2,A_kinematics_all,elastic_net,1,16.0,18.190950424959016,-2.1909504249590164,2.1909504249590164
DVST_XI_6-8_Mar_2025_06_10.41.14_trainee_34_camera target_1.csv,trainee,34,trainee__participant_34,camera_target,1,A_kinematics_all,elastic_net,1,18.0,19.349832199936657,-1.3498321999366567,1.3498321999366567
DVST_XI_6-8_Mar_2025_06_10.41.14_trainee_34_ring rollercoaster_1.csv,trainee,34,trainee__participant_34,ring_rollercoaster,1,A_kinematics_all,elastic_net,1,14.0,13.59570217959827,0.40429782040173023,0.40429782040173023
DVST_XI_6-8_Mar_2025_06_10.41.14_trainee_34_sea spikes_1.csv,trainee,34,trainee__participant_34,sea_spikes,1,A_kinematics_all,elastic_net,1,14.0,13.735877874649818,0.2641221253501822,0.2641221253501822
DVST_XI_6-8_Mar_2025_07_11.56.53_trainee_34_glove cut_1.csv,trainee,34,trainee__participant_34,glove_cut,1,A_kinematics_all,elastic_net,1,12.0,11.913322009544839,0.08667799045516134,0.08667799045516134
DVST_XI_7-11_Mar_2024_08_13.12.17_trainee_10_ring rollercoaster_1.csv,trainee,10,trainee__participant_10,ring_rollercoaster,1,A_kinematics_all,elastic_net,1,14.0,18.889664492759337,-4.889664492759337,4.889664492759337
DVST_XI_7-11_Mar_2024_08_13.12.17_trainee_10_sea spikes_1.csv,trainee,10,trainee__participant_10,sea_spikes,1,A_kinematics_all,elastic_net,1,22.0,15.536057597681808,6.463942402318192,6.463942402318192
DVST_XI_7-11_Mar_2024_09_10.19.01_trainee_10_camera target_1.csv,trainee,10,trainee__participant_10,camera_target,1,A_kinematics_all,elastic_net,1,14.0,24.614096192335378,-10.614096192335378,10.614096192335378
DVST_XI_7-11_Mar_2024_09_10.19.01_trainee_10_glove cut_1.csv,trainee,10,trainee__participant_10,glove_cut,1,A_kinematics_all,elastic_net,1,18.0,11.272587758810651,6.727412241189349,6.727412241189349
DVST_XI_7-11_Mar_2024_09_13.46.11_trainee_10_suture_1.csv,trainee,10,trainee__participant_10,suture,1,A_kinematics_all,elastic_net,1,19.0,20.50142328548259,-1.5014232854825913,1.5014232854825913
DVST_XI_7-11_Mar_2024_10_08.59.30_trainee_10_ring rollercoaster_2.csv,trainee,10,trainee__participant_10,ring_rollercoaster,2,A_kinematics_all,elastic_net,1,18.0,18.210734772493574,-0.21073477249357353,0.21073477249357353
DVST_XI_7-11_Mar_2024_10_08.59.30_trainee_10_sea spikes_2.csv,trainee,10,trainee__participant_10,sea_spikes,2,A_kinematics_all,elastic_net,1,22.0,19.563690411636088,2.436309588363912,2.436309588363912
DVST_XI_Griffin_16-19_07_2024_16_08.46.09_trainee_12_glove cut_1.csv,trainee,12,trainee__participant_12,glove_cut,1,A_kinematics_all,elastic_net,1,21.0,19.10267490171626,1.8973250982837406,1.8973250982837406
DVST_XI_Griffin_16-19_07_2024_16_08.46.09_trainee_12_ring rollercoaster_1.csv,trainee,12,trainee__participant_12,ring_rollercoaster,1,A_kinematics_all,elastic_net,1,16.0,20.443809616373418,-4.443809616373418,4.443809616373418
DVST_XI_Griffin_16-19_07_2024_16_08.46.09_trainee_12_sea spikes_1.csv,trainee,12,trainee__participant_12,sea_spikes,1,A_kinematics_all,elastic_net,1,12.0,18.501142598793827,-6.501142598793827,6.501142598793827
DVST_XI_Griffin_16-19_07_2024_16_08.46.09_trainee_12_suture_1.csv,trainee,12,trainee__participant_12,suture,1,A_kinematics_all,elastic_net,1,20.0,22.122116747228276,-2.122116747228276,2.122116747228276
DVST_XI_Griffin_16-19_07_2024_17_12.20.23_trainee_12_camera target_1.csv,trainee,12,trainee__participant_12,camera_target,1,A_kinematics_all,elastic_net,1,16.0,23.74908439815469,-7.7490843981546895,7.7490843981546895
DVST_XI_Griffin_16-19_07_2024_18_08.46.52_trainee_12_sea spikes_2.csv,trainee,12,trainee__participant_12,sea_spikes,2,A_kinematics_all,elastic_net,1,19.0,22.480609922440348,-3.4806099224403475,3.4806099224403475
DVST_XI_Griffin_16-19_07_2024_18_08.46.52_trainee_12_suture_2.csv,trainee,12,trainee__participant_12,suture,2,A_kinematics_all,elastic_net,1,28.0,23.826433482472375,4.173566517527625,4.173566517527625
DVST_XI_Griffin_16-19_07_2024_19_09.39.41_trainee_12_glove cut_2.csv,trainee,12,trainee__participant_12,glove_cut,2,A_kinematics_all,elastic_net,1,20.0,18.257334385732538,1.7426656142674624,1.7426656142674624
DVST_XI_Griffin_29_sep-1_oct_2024_01_10.39.05_trainee_19_camera target_2.csv,trainee,19,trainee__participant_19,camera_target,2,A_kinematics_all,elastic_net,1,18.0,21.007191956023412,-3.007191956023412,3.007191956023412
DVST_XI_Griffin_29_sep-1_oct_2024_29_09.07.40_trainee_19_camera target_1.csv,trainee,19,trainee__participant_19,camera_target,1,A_kinematics_all,elastic_net,1,17.0,14.895471680040782,2.1045283199592184,2.1045283199592184
DVST_XI_Griffin_29_sep-1_oct_2024_29_09.07.40_trainee_19_suture_1.csv,trainee,19,trainee__participant_19,suture,1,A_kinematics_all,elastic_net,1,16.0,12.363066811401868,3.6369331885981317,3.6369331885981317
DVST_XI_Griffin_29_sep-1_oct_2024_30_12.18.00_trainee_19_glove cut_2.csv,trainee,19,trainee__participant_19,glove_cut,2,A_kinematics_all,elastic_net,1,17.0,18.53732514810669,-1.5373251481066887,1.5373251481066887
DVST_XI_Griffin_29_sep-1_oct_2024_30_12.18.00_trainee_19_ring rollercoaster_2.csv,trainee,19,trainee__participant_19,ring_rollercoaster,2,A_kinematics_all,elastic_net,1,22.0,18.880919931423666,3.1190800685763342,3.1190800685763342
DVST_XI_Griffin_29_sep-1_oct_2024_30_12.18.00_trainee_19_sea spikes_2.csv,trainee,19,trainee__participant_19,sea_spikes,2,A_kinematics_all,elastic_net,1,21.0,21.95218233677344,-0.9521823367734399,0.9521823367734399
DVST_XI_14-16_Feb_2024_14_09.13.16_trainee_3_camera target_1.csv,trainee,3,trainee__participant_3,camera_target,1,A_kinematics_all,elastic_net,2,15.0,17.259673385156457,-2.259673385156457,2.259673385156457
DVST_XI_14-16_Feb_2024_14_09.13.16_trainee_3_glove cut_1.csv,trainee,3,trainee__participant_3,glove_cut,1,A_kinematics_all,elastic_net,2,17.0,19.289168148536724,-2.2891681485367243,2.2891681485367243
DVST_XI_14-16_Feb_2024_14_09.13.16_trainee_3_ring rollercoaster_1.csv,trainee,3,trainee__participant_3,ring_rollercoaster,1,A_kinematics_all,elastic_net,2,12.0,17.37879875566941,-5.378798755669411,5.378798755669411
DVST_XI_14-16_Feb_2024_14_09.13.16_trainee_3_sea spikes_1.csv,trainee,3,trainee__participant_3,sea_spikes,1,A_kinematics_all,elastic_net,2,15.0,17.393686656250907,-2.3936866562509067,2.3936866562509067
DVST_XI_14-16_Feb_2024_14_09.13.16_trainee_3_suture_1.csv,trainee,3,trainee__participant_3,suture,1,A_kinematics_all,elastic_net,2,19.0,18.265197770697203,0.7348022293027974,0.7348022293027974
DVST_XI_14-16_Feb_2024_16_08.32.59_trainee_3_camera target_2.csv,trainee,3,trainee__participant_3,camera_target,2,A_kinematics_all,elastic_net,2,23.0,18.97076862608698,4.029231373913021,4.029231373913021
DVST_XI_14-16_Feb_2024_16_08.32.59_trainee_3_glove cut_2.csv,trainee,3,trainee__participant_3,glove_cut,2,A_kinematics_all,elastic_net,2,19.0,19.521834556622164,-0.5218345566221636,0.5218345566221636
DVST_XI_14-16_Feb_2024_16_08.32.59_trainee_3_ring rollercoaster_2.csv,trainee,3,trainee__participant_3,ring_rollercoaster,2,A_kinematics_all,elastic_net,2,21.0,18.898911726977037,2.101088273022963,2.101088273022963
DVST_XI_14-16_Feb_2024_16_08.32.59_trainee_3_sea spikes_2.csv,trainee,3,trainee__participant_3,sea_spikes,2,A_kinematics_all,elastic_net,2,17.0,19.150910095371,-2.1509100953709996,2.1509100953709996
DVST_XI_14-16_Feb_2024_16_08.32.59_trainee_3_suture_2.csv,trainee,3,trainee__participant_3,suture,2,A_kinematics_all,elastic_net,2,22.0,21.819725608818743,0.180274391181257,0.180274391181257
DVST_XI_19-22_May_2025_22_09.34.36_trainee_37_camera target_2.csv,trainee,37,trainee__participant_37,camera_target,2,A_kinematics_all,elastic_net,2,16.0,21.914936911801576,-5.9149369118015755,5.9149369118015755
DVST_XI_19-22_May_2025_22_09.34.36_trainee_37_glove cut_2.csv,trainee,37,trainee__participant_37,glove_cut,2,A_kinematics_all,elastic_net,2,19.0,22.787096633575786,-3.7870966335757856,3.7870966335757856
DVST_XI_19-22_May_2025_22_09.34.36_trainee_41_camera target_2.csv,trainee,41,trainee__participant_41,camera_target,2,A_kinematics_all,elastic_net,2,20.0,19.870715630300854,0.12928436969914614,0.12928436969914614
DVST_XI_19-22_May_2025_22_09.34.36_trainee_41_glove cut_2.csv,trainee,41,trainee__participant_41,glove_cut,2,A_kinematics_all,elastic_net,2,19.0,17.954164102346706,1.0458358976532942,1.0458358976532942
DVST_XI_6-8_Mar_2025_06_10.41.14_trainee_32_camera target_1.csv,trainee,32,trainee__participant_32,camera_target,1,A_kinematics_all,elastic_net,2,20.0,21.575198660837895,-1.575198660837895,1.575198660837895
DVST_XI_6-8_Mar_2025_06_10.41.14_trainee_32_ring rollercoaster_1.csv,trainee,32,trainee__participant_32,ring_rollercoaster,1,A_kinematics_all,elastic_net,2,17.0,17.78585017534246,-0.7858501753424605,0.7858501753424605
DVST_XI_6-8_Mar_2025_06_10.41.14_trainee_32_sea spikes_1.csv,trainee,32,trainee__participant_32,sea_spikes,1,A_kinematics_all,elastic_net,2,14.0,20.962068068042747,-6.962068068042747,6.962068068042747
DVST_XI_6-8_Mar_2025_07_11.56.53_trainee_32_glove cut_1.csv,trainee,32,trainee__participant_32,glove_cut,1,A_kinematics_all,elastic_net,2,13.0,20.2266859953758,-7.226685995375799,7.226685995375799
DVST_XI_6-8_Mar_2025_08_08.21.32_expert_3_camera target_1.csv,expert,3,expert__participant_3,camera_target,1,A_kinematics_all,elastic_net,2,27.0,21.98178235206594,5.018217647934058,5.018217647934058
DVST_XI_6-8_Mar_2025_08_08.21.32_expert_3_glove cut_1.csv,expert,3,expert__participant_3,glove_cut,1,A_kinematics_all,elastic_net,2,24.0,22.205832437442773,1.7941675625572273,1.7941675625572273
DVST_XI_6-8_Mar_2025_08_08.21.32_expert_3_ring rollercoaster_1.csv,expert,3,expert__participant_3,ring_rollercoaster,1,A_kinematics_all,elastic_net,2,21.0,18.179148829457596,2.8208511705424044,2.8208511705424044
DVST_XI_6-8_Mar_2025_08_08.21.32_expert_3_sea spikes_1.csv,expert,3,expert__participant_3,sea_spikes,1,A_kinematics_all,elastic_net,2,23.0,18.262757069322657,4.737242930677343,4.737242930677343
DVST_XI_6-8_Mar_2025_08_08.21.32_expert_3_suture_1.csv,expert,3,expert__participant_3,suture,1,A_kinematics_all,elastic_net,2,28.0,23.106052430971715,4.893947569028285,4.893947569028285
DVST_XI_7-11_Mar_2024_08_13.12.17_trainee_6_ring rollercoaster_1.csv,trainee,6,trainee__participant_6,ring_rollercoaster,1,A_kinematics_all,elastic_net,2,16.0,20.100145493358138,-4.100145493358138,4.100145493358138
DVST_XI_7-11_Mar_2024_08_13.12.17_trainee_6_sea spikes_1.csv,trainee,6,trainee__participant_6,sea_spikes,1,A_kinematics_all,elastic_net,2,16.0,15.452367496476617,0.5476325035233831,0.5476325035233831
DVST_XI_7-11_Mar_2024_08_13.12.17_trainee_9_ring rollercoaster_1.csv,trainee,9,trainee__participant_9,ring_rollercoaster,1,A_kinematics_all,elastic_net,2,14.0,17.926033475347236,-3.9260334753472357,3.9260334753472357
DVST_XI_7-11_Mar_2024_08_13.12.17_trainee_9_sea spikes_1.csv,trainee,9,trainee__participant_9,sea_spikes,1,A_kinematics_all,elastic_net,2,18.0,16.828377881090738,1.1716221189092622,1.1716221189092622
DVST_XI_7-11_Mar_2024_09_10.19.01_trainee_6_glove cut_1.csv,trainee,6,trainee__participant_6,glove_cut,1,A_kinematics_all,elastic_net,2,15.0,14.15326736646145,0.8467326335385508,0.8467326335385508
DVST_XI_7-11_Mar_2024_09_10.19.01_trainee_9_camera target_1.csv,trainee,9,trainee__participant_9,camera_target,1,A_kinematics_all,elastic_net,2,19.0,18.19514023107565,0.8048597689243486,0.8048597689243486
DVST_XI_7-11_Mar_2024_09_10.19.01_trainee_9_glove cut_1.csv,trainee,9,trainee__participant_9,glove_cut,1,A_kinematics_all,elastic_net,2,18.0,18.098054792260683,-0.09805479226068314,0.09805479226068314
DVST_XI_7-11_Mar_2024_09_13.46.11_trainee_6_suture_1.csv,trainee,6,trainee__participant_6,suture,1,A_kinematics_all,elastic_net,2,12.0,19.41018551899528,-7.410185518995281,7.410185518995281
DVST_XI_7-11_Mar_2024_09_13.46.11_trainee_9_suture_1.csv,trainee,9,trainee__participant_9,suture,1,A_kinematics_all,elastic_net,2,16.0,18.816857506827386,-2.816857506827386,2.816857506827386
DVST_XI_7-11_Mar_2024_10_08.59.30_trainee_6_ring rollercoaster_2.csv,trainee,6,trainee__participant_6,ring_rollercoaster,2,A_kinematics_all,elastic_net,2,18.0,21.655104406372555,-3.655104406372555,3.655104406372555
DVST_XI_7-11_Mar_2024_10_08.59.30_trainee_6_sea spikes_2.csv,trainee,6,trainee__participant_6,sea_spikes,2,A_kinematics_all,elastic_net,2,20.0,20.519756006396747,-0.5197560063967472,0.5197560063967472
DVST_XI_7-11_Mar_2024_10_08.59.30_trainee_9_ring rollercoaster_2.csv,trainee,9,trainee__participant_9,ring_rollercoaster,2,A_kinematics_all,elastic_net,2,20.0,19.725201538724612,0.2747984612753882,0.2747984612753882
DVST_XI_7-11_Mar_2024_10_08.59.30_trainee_9_sea spikes_2.csv,trainee,9,trainee__participant_9,sea_spikes,2,A_kinematics_all,elastic_net,2,22.0,19.17292509777037,2.8270749022296293,2.8270749022296293
DVST_XI_Griffin_29_sep-1_oct_2024_01_10.39.05_trainee_17_camera target_2.csv,trainee,17,trainee__participant_17,camera_target,2,A_kinematics_all,elastic_net,2,22.0,25.455449320250608,-3.455449320250608,3.455449320250608
DVST_XI_Griffin_29_sep-1_oct_2024_01_10.39.05_trainee_21_camera target_2.csv,trainee,21,trainee__participant_21,camera_target,2,A_kinematics_all,elastic_net,2,23.0,21.227168976044645,1.772831023955355,1.772831023955355
DVST_XI_Griffin_29_sep-1_oct_2024_29_09.07.40_trainee_17_camera target_1.csv,trainee,17,trainee__participant_17,camera_target,1,A_kinematics_all,elastic_net,2,23.0,13.887391713953994,9.112608286046006,9.112608286046006
DVST_XI_Griffin_29_sep-1_oct_2024_29_09.07.40_trainee_17_suture_1.csv,trainee,17,trainee__participant_17,suture,1,A_kinematics_all,elastic_net,2,15.0,18.961425699115335,-3.9614256991153347,3.9614256991153347
DVST_XI_Griffin_29_sep-1_oct_2024_29_09.07.40_trainee_21_camera target_1.csv,trainee,21,trainee__participant_21,camera_target,1,A_kinematics_all,elastic_net,2,19.0,20.47785212858372,-1.47785212858372,1.47785212858372
DVST_XI_Griffin_29_sep-1_oct_2024_29_09.07.40_trainee_21_suture_1.csv,trainee,21,trainee__participant_21,suture,1,A_kinematics_all,elastic_net,2,18.0,19.10372732713806,-1.1037273271380599,1.1037273271380599
DVST_XI_Griffin_29_sep-1_oct_2024_30_12.18.00_trainee_17_glove cut_2.csv,trainee,17,trainee__participant_17,glove_cut,2,A_kinematics_all,elastic_net,2,22.0,19.75520126771692,2.24479873228308,2.24479873228308
DVST_XI_Griffin_29_sep-1_oct_2024_30_12.18.00_trainee_17_ring rollercoaster_2.csv,trainee,17,trainee__participant_17,ring_rollercoaster,2,A_kinematics_all,elastic_net,2,22.0,20.59273059380517,1.4072694061948283,1.4072694061948283
DVST_XI_Griffin_29_sep-1_oct_2024_30_12.18.00_trainee_17_sea spikes_2.csv,trainee,17,trainee__participant_17,sea_spikes,2,A_kinematics_all,elastic_net,2,22.0,20.45269489151983,1.5473051084801703,1.5473051084801703
DVST_XI_Griffin_29_sep-1_oct_2024_30_12.18.00_trainee_21_glove cut_2.csv,trainee,21,trainee__participant_21,glove_cut,2,A_kinematics_all,elastic_net,2,25.0,18.960133616567052,6.039866383432948,6.039866383432948
DVST_XI_Griffin_29_sep-1_oct_2024_30_12.18.00_trainee_21_ring rollercoaster_2.csv,trainee,21,trainee__participant_21,ring_rollercoaster,2,A_kinematics_all,elastic_net,2,22.0,18.270084079375184,3.7299159206248156,3.7299159206248156
DVST_XI_Griffin_29_sep-1_oct_2024_30_12.18.00_trainee_21_sea spikes_2.csv,trainee,21,trainee__participant_21,sea_spikes,2,A_kinematics_all,elastic_net,2,22.0,19.54369614853088,2.4563038514691193,2.4563038514691193
DVST_XI_Griffin_29_sep-1_oct_2024_30_12.18.00_trainee_21_suture_2.csv,trainee,21,trainee__participant_21,suture,2,A_kinematics_all,elastic_net,2,23.0,21.034441081072565,1.9655589189274352,1.9655589189274352
DVST_XI_14-16_Feb_2024_14_09.13.16_trainee_1_camera target_1.csv,trainee,1,trainee__participant_1,camera_target,1,A_kinematics_all,elastic_net,3,17.0,17.771554909668794,-0.7715549096687937,0.7715549096687937
DVST_XI_14-16_Feb_2024_14_09.13.16_trainee_1_suture_1.csv,trainee,1,trainee__participant_1,suture,1,A_kinematics_all,elastic_net,3,19.0,15.861530051813382,3.138469948186618,3.138469948186618
DVST_XI_14-16_Feb_2024_14_09.13.16_trainee_2_camera target_1.csv,trainee,2,trainee__participant_2,camera_target,1,A_kinematics_all,elastic_net,3,17.0,14.432685371126542,2.567314628873458,2.567314628873458
DVST_XI_14-16_Feb_2024_14_09.13.16_trainee_2_glove cut_1.csv,trainee,2,trainee__participant_2,glove_cut,1,A_kinematics_all,elastic_net,3,13.0,18.054952503154972,-5.054952503154972,5.054952503154972
DVST_XI_14-16_Feb_2024_14_09.13.16_trainee_2_ring rollercoaster_1.csv,trainee,2,trainee__participant_2,ring_rollercoaster,1,A_kinematics_all,elastic_net,3,14.0,15.975553214151187,-1.9755532141511871,1.9755532141511871
DVST_XI_14-16_Feb_2024_14_09.13.16_trainee_2_sea spikes_1.csv,trainee,2,trainee__participant_2,sea_spikes,1,A_kinematics_all,elastic_net,3,15.0,16.05427394738088,-1.0542739473808815,1.0542739473808815
DVST_XI_14-16_Feb_2024_14_09.13.16_trainee_2_suture_1.csv,trainee,2,trainee__participant_2,suture,1,A_kinematics_all,elastic_net,3,19.0,14.365505177997942,4.634494822002058,4.634494822002058
DVST_XI_14-16_Feb_2024_14_09.13.16_trainee_4_camera target_1.csv,trainee,4,trainee__participant_4,camera_target,1,A_kinematics_all,elastic_net,3,16.0,17.006876240340624,-1.006876240340624,1.006876240340624
DVST_XI_14-16_Feb_2024_14_09.13.16_trainee_4_glove cut_1.csv,trainee,4,trainee__participant_4,glove_cut,1,A_kinematics_all,elastic_net,3,23.0,18.874840188816123,4.125159811183877,4.125159811183877
DVST_XI_14-16_Feb_2024_14_09.13.16_trainee_4_ring rollercoaster_1.csv,trainee,4,trainee__participant_4,ring_rollercoaster,1,A_kinematics_all,elastic_net,3,14.0,15.72858737116448,-1.7285873711644797,1.7285873711644797
DVST_XI_14-16_Feb_2024_14_09.13.16_trainee_4_sea spikes_1.csv,trainee,4,trainee__participant_4,sea_spikes,1,A_kinematics_all,elastic_net,3,18.0,16.885297764916075,1.114702235083925,1.114702235083925
DVST_XI_14-16_Feb_2024_14_09.13.16_trainee_4_suture_1.csv,trainee,4,trainee__participant_4,suture,1,A_kinematics_all,elastic_net,3,18.0,16.72060868905686,1.27939131094314,1.27939131094314
DVST_XI_14-16_Feb_2024_16_08.32.59_trainee_1_camera target_2.csv,trainee,1,trainee__participant_1,camera_target,2,A_kinematics_all,elastic_net,3,19.0,18.375076442281234,0.6249235577187662,0.6249235577187662
DVST_XI_14-16_Feb_2024_16_08.32.59_trainee_1_glove cut_2.csv,trainee,1,trainee__participant_1,glove_cut,2,A_kinematics_all,elastic_net,3,19.0,16.7075481260728,2.292451873927199,2.292451873927199
DVST_XI_14-16_Feb_2024_16_08.32.59_trainee_1_sea spikes_2.csv,trainee,1,trainee__participant_1,sea_spikes,2,A_kinematics_all,elastic_net,3,19.0,18.972646664214185,0.027353335785814892,0.027353335785814892
DVST_XI_14-16_Feb_2024_16_08.32.59_trainee_1_suture_2.csv,trainee,1,trainee__participant_1,suture,2,A_kinematics_all,elastic_net,3,17.0,17.002341685763522,-0.0023416857635218946,0.0023416857635218946
DVST_XI_14-16_Feb_2024_16_08.32.59_trainee_2_camera target_2.csv,trainee,2,trainee__participant_2,camera_target,2,A_kinematics_all,elastic_net,3,16.0,18.729873635960793,-2.729873635960793,2.729873635960793
DVST_XI_14-16_Feb_2024_16_08.32.59_trainee_2_glove cut_2.csv,trainee,2,trainee__participant_2,glove_cut,2,A_kinematics_all,elastic_net,3,19.0,16.8080187373577,2.191981262642301,2.191981262642301
DVST_XI_14-16_Feb_2024_16_08.32.59_trainee_2_ring rollercoaster_2.csv,trainee,2,trainee__participant_2,ring_rollercoaster,2,A_kinematics_all,elastic_net,3,21.0,15.911236294312069,5.088763705687931,5.088763705687931
DVST_XI_14-16_Feb_2024_16_08.32.59_trainee_2_sea spikes_2.csv,trainee,2,trainee__participant_2,sea_spikes,2,A_kinematics_all,elastic_net,3,17.0,18.728301807902202,-1.7283018079022021,1.7283018079022021
DVST_XI_14-16_Feb_2024_16_08.32.59_trainee_2_suture_2.csv,trainee,2,trainee__participant_2,suture,2,A_kinematics_all,elastic_net,3,22.0,21.26831837833742,0.731681621662581,0.731681621662581
DVST_XI_14-16_Feb_2024_16_08.32.59_trainee_4_camera target_2.csv,trainee,4,trainee__participant_4,camera_target,2,A_kinematics_all,elastic_net,3,23.0,18.424194180321056,4.575805819678944,4.575805819678944
DVST_XI_6-8_Mar_2025_06_10.41.14_trainee_31_ring rollercoaster_1.csv,trainee,31,trainee__participant_31,ring_rollercoaster,1,A_kinematics_all,elastic_net,3,15.0,18.104604580637147,-3.1046045806371474,3.1046045806371474
DVST_XI_6-8_Mar_2025_06_10.41.14_trainee_31_sea spikes_1.csv,trainee,31,trainee__participant_31,sea_spikes,1,A_kinematics_all,elastic_net,3,13.0,16.603967209593044,-3.603967209593044,3.603967209593044
DVST_XI_6-8_Mar_2025_06_10.41.14_trainee_36_ring rollercoaster_1.csv,trainee,36,trainee__participant_36,ring_rollercoaster,1,A_kinematics_all,elastic_net,3,19.0,17.19204865470235,1.8079513452976492,1.8079513452976492
DVST_XI_6-8_Mar_2025_06_10.41.14_trainee_36_sea spikes_1.csv,trainee,36,trainee__participant_36,sea_spikes,1,A_kinematics_all,elastic_net,3,16.0,15.412058434599011,0.587941565400989,0.587941565400989
DVST_XI_6-8_Mar_2025_07_11.56.53_expert_2_camera target_1.csv,expert,2,expert__participant_2,camera_target,1,A_kinematics_all,elastic_net,3,25.0,19.96225412860463,5.037745871395369,5.037745871395369
DVST_XI_6-8_Mar_2025_07_11.56.53_expert_2_glove cut_1.csv,expert,2,expert__participant_2,glove_cut,1,A_kinematics_all,elastic_net,3,19.0,19.36044420112668,-0.3604442011266791,0.3604442011266791
DVST_XI_6-8_Mar_2025_07_11.56.53_expert_2_ring rollercoaster_1.csv,expert,2,expert__participant_2,ring_rollercoaster,1,A_kinematics_all,elastic_net,3,20.0,19.234829488735976,0.7651705112640244,0.7651705112640244
DVST_XI_6-8_Mar_2025_07_11.56.53_expert_2_sea spikes_1.csv,expert,2,expert__participant_2,sea_spikes,1,A_kinematics_all,elastic_net,3,18.0,18.747263883133208,-0.7472638831332077,0.7472638831332077
DVST_XI_6-8_Mar_2025_07_11.56.53_expert_2_suture_1.csv,expert,2,expert__participant_2,suture,1,A_kinematics_all,elastic_net,3,23.0,21.985046853233836,1.0149531467661639,1.0149531467661639
DVST_XI_6-8_Mar_2025_07_11.56.53_trainee_31_glove cut_1.csv,trainee,31,trainee__participant_31,glove_cut,1,A_kinematics_all,elastic_net,3,16.0,18.292753824510054,-2.2927538245100543,2.2927538245100543
DVST_XI_6-8_Mar_2025_07_11.56.53_trainee_36_glove cut_1.csv,trainee,36,trainee__participant_36,glove_cut,1,A_kinematics_all,elastic_net,3,18.0,18.742110079848082,-0.7421100798480822,0.7421100798480822
DVST_XI_7-11_Mar_2024_08_13.12.17_trainee_8_ring rollercoaster_1.csv,trainee,8,trainee__participant_8,ring_rollercoaster,1,A_kinematics_all,elastic_net,3,12.0,16.085923617981905,-4.085923617981905,4.085923617981905
DVST_XI_7-11_Mar_2024_08_13.12.17_trainee_8_sea spikes_1.csv,trainee,8,trainee__participant_8,sea_spikes,1,A_kinematics_all,elastic_net,3,18.0,17.135945573934155,0.8640544260658451,0.8640544260658451
DVST_XI_7-11_Mar_2024_09_10.19.01_trainee_8_camera target_1.csv,trainee,8,trainee__participant_8,camera_target,1,A_kinematics_all,elastic_net,3,10.0,12.521180424245937,-2.5211804242459372,2.5211804242459372
DVST_XI_7-11_Mar_2024_09_10.19.01_trainee_8_glove cut_1.csv,trainee,8,trainee__participant_8,glove_cut,1,A_kinematics_all,elastic_net,3,17.0,16.60750477228015,0.39249522771984857,0.39249522771984857
DVST_XI_7-11_Mar_2024_09_13.46.11_trainee_8_suture_1.csv,trainee,8,trainee__participant_8,suture,1,A_kinematics_all,elastic_net,3,17.0,20.540879171059075,-3.540879171059075,3.540879171059075
DVST_XI_7-11_Mar_2024_10_08.59.30_trainee_8_ring rollercoaster_2.csv,trainee,8,trainee__participant_8,ring_rollercoaster,2,A_kinematics_all,elastic_net,3,16.0,18.321158109580036,-2.321158109580036,2.321158109580036
DVST_XI_7-11_Mar_2024_10_08.59.30_trainee_8_sea spikes_2.csv,trainee,8,trainee__participant_8,sea_spikes,2,A_kinematics_all,elastic_net,3,20.0,18.54497672935652,1.4550232706434798,1.4550232706434798
DVST_XI_Griffin_29_sep-1_oct_2024_01_10.39.05_trainee_18_camera target_2.csv,trainee,18,trainee__participant_18,camera_target,2,A_kinematics_all,elastic_net,3,18.0,22.327910040995047,-4.327910040995047,4.327910040995047
DVST_XI_Griffin_29_sep-1_oct_2024_29_09.07.40_trainee_18_camera target_1.csv,trainee,18,trainee__participant_18,camera_target,1,A_kinematics_all,elastic_net,3,19.0,40.23612640998061,-21.236126409980614,21.236126409980614
DVST_XI_Griffin_29_sep-1_oct_2024_29_09.07.40_trainee_18_suture_1.csv,trainee,18,trainee__participant_18,suture,1,A_kinematics_all,elastic_net,3,12.0,8.371291527028042,3.628708472971958,3.628708472971958
DVST_XI_Griffin_29_sep-1_oct_2024_30_12.18.00_trainee_18_glove cut_2.csv,trainee,18,trainee__participant_18,glove_cut,2,A_kinematics_all,elastic_net,3,22.0,19.209953974549034,2.790046025450966,2.790046025450966
DVST_XI_Griffin_29_sep-1_oct_2024_30_12.18.00_trainee_18_ring rollercoaster_2.csv,trainee,18,trainee__participant_18,ring_rollercoaster,2,A_kinematics_all,elastic_net,3,24.0,19.62764852541141,4.372351474588591,4.372351474588591
DVST_XI_Griffin_29_sep-1_oct_2024_30_12.18.00_trainee_18_sea spikes_2.csv,trainee,18,trainee__participant_18,sea_spikes,2,A_kinematics_all,elastic_net,3,22.0,19.972549719835985,2.0274502801640146,2.0274502801640146
DVST_XI_Griffin_29_sep-1_oct_2024_30_12.18.00_trainee_18_suture_2.csv,trainee,18,trainee__participant_18,suture,2,A_kinematics_all,elastic_net,3,22.0,20.881506184765733,1.1184938152342667,1.1184938152342667
DVST_XI_10-13_Nov_2025_12_10.36.46_expert_10_camera target_1.csv,expert,10,expert__participant_10,camera_target,1,A_kinematics_all,elastic_net,4,30.0,26.065720438040344,3.934279561959656,3.934279561959656
DVST_XI_10-13_Nov_2025_12_10.36.46_expert_10_glove cut_1.csv,expert,10,expert__participant_10,glove_cut,1,A_kinematics_all,elastic_net,4,28.0,23.89379073105024,4.106209268949758,4.106209268949758
DVST_XI_10-13_Nov_2025_12_10.36.46_expert_10_ring rollercoaster_1.csv,expert,10,expert__participant_10,ring_rollercoaster,1,A_kinematics_all,elastic_net,4,29.0,23.169847756023696,5.830152243976304,5.830152243976304
DVST_XI_10-13_Nov_2025_12_10.36.46_expert_10_sea spikes_1.csv,expert,10,expert__participant_10,sea_spikes,1,A_kinematics_all,elastic_net,4,29.0,22.95650677791806,6.043493222081938,6.043493222081938
DVST_XI_10-13_Nov_2025_12_10.36.46_expert_10_suture_1.csv,expert,10,expert__participant_10,suture,1,A_kinematics_all,elastic_net,4,30.0,25.677644187030126,4.3223558129698745,4.3223558129698745
DVST_XI_11-14_Aug_2025_13_11.33.24_expert_7_camera target_1.csv,expert,7,expert__participant_7,camera_target,1,A_kinematics_all,elastic_net,4,28.0,23.715201297514323,4.284798702485677,4.284798702485677
DVST_XI_11-14_Aug_2025_13_11.33.24_expert_7_glove cut_1.csv,expert,7,expert__participant_7,glove_cut,1,A_kinematics_all,elastic_net,4,25.0,21.065582900756798,3.934417099243202,3.934417099243202
DVST_XI_11-14_Aug_2025_13_11.33.24_expert_7_ring rollercoaster_1.csv,expert,7,expert__participant_7,ring_rollercoaster,1,A_kinematics_all,elastic_net,4,20.0,21.183567757179972,-1.183567757179972,1.183567757179972
DVST_XI_11-14_Aug_2025_13_11.33.24_expert_7_sea spikes_1.csv,expert,7,expert__participant_7,sea_spikes,1,A_kinematics_all,elastic_net,4,20.0,21.147620911217516,-1.1476209112175155,1.1476209112175155
DVST_XI_11-14_Aug_2025_13_11.33.24_expert_7_suture_1.csv,expert,7,expert__participant_7,suture,1,A_kinematics_all,elastic_net,4,29.0,23.637362930903592,5.362637069096408,5.362637069096408
DVST_XI_19-22_May_2025_22_09.34.36_trainee_40_camera target_2.csv,trainee,40,trainee__participant_40,camera_target,2,A_kinematics_all,elastic_net,4,24.0,23.98421031997784,0.015789680022159303,0.015789680022159303
DVST_XI_19-22_May_2025_22_09.34.36_trainee_40_glove cut_2.csv,trainee,40,trainee__participant_40,glove_cut,2,A_kinematics_all,elastic_net,4,24.0,21.578183466677814,2.421816533322186,2.421816533322186
DVST_XI_6-8_Mar_2025_06_10.41.14_trainee_33_camera target_1.csv,trainee,33,trainee__participant_33,camera_target,1,A_kinematics_all,elastic_net,4,23.0,20.647104916907793,2.352895083092207,2.352895083092207
DVST_XI_6-8_Mar_2025_06_10.41.14_trainee_33_ring rollercoaster_1.csv,trainee,33,trainee__participant_33,ring_rollercoaster,1,A_kinematics_all,elastic_net,4,21.0,20.703127460459672,0.29687253954032755,0.29687253954032755
DVST_XI_6-8_Mar_2025_06_10.41.14_trainee_33_sea spikes_1.csv,trainee,33,trainee__participant_33,sea_spikes,1,A_kinematics_all,elastic_net,4,16.0,18.165888232368545,-2.1658882323685447,2.1658882323685447
DVST_XI_6-8_Mar_2025_06_10.41.14_trainee_35_ring rollercoaster_1.csv,trainee,35,trainee__participant_35,ring_rollercoaster,1,A_kinematics_all,elastic_net,4,18.0,16.743175431846506,1.256824568153494,1.256824568153494
DVST_XI_6-8_Mar_2025_06_10.41.14_trainee_35_sea spikes_1.csv,trainee,35,trainee__participant_35,sea_spikes,1,A_kinematics_all,elastic_net,4,15.0,16.037769683593428,-1.037769683593428,1.037769683593428
DVST_XI_6-8_Mar_2025_07_11.56.53_trainee_33_camera target_2.csv,trainee,33,trainee__participant_33,camera_target,2,A_kinematics_all,elastic_net,4,19.0,20.653932812993915,-1.653932812993915,1.653932812993915
DVST_XI_6-8_Mar_2025_07_11.56.53_trainee_33_glove cut_1.csv,trainee,33,trainee__participant_33,glove_cut,1,A_kinematics_all,elastic_net,4,18.0,19.783450203726794,-1.7834502037267939,1.7834502037267939
DVST_XI_6-8_Mar_2025_07_11.56.53_trainee_33_sea spikes_2.csv,trainee,33,trainee__participant_33,sea_spikes,2,A_kinematics_all,elastic_net,4,20.0,18.90163617092596,1.0983638290740387,1.0983638290740387
DVST_XI_6-8_Mar_2025_07_11.56.53_trainee_35_camera target_2.csv,trainee,35,trainee__participant_35,camera_target,2,A_kinematics_all,elastic_net,4,18.0,21.31353203889336,-3.31353203889336,3.31353203889336
DVST_XI_6-8_Mar_2025_07_11.56.53_trainee_35_glove cut_1.csv,trainee,35,trainee__participant_35,glove_cut,1,A_kinematics_all,elastic_net,4,16.0,19.181444245196765,-3.181444245196765,3.181444245196765
DVST_XI_6-8_Mar_2025_07_11.56.53_trainee_35_sea spikes_2.csv,trainee,35,trainee__participant_35,sea_spikes,2,A_kinematics_all,elastic_net,4,21.0,20.248007971526835,0.7519920284731647,0.7519920284731647
DVST_XI_7-11_Mar_2024_08_13.12.17_trainee_7_ring rollercoaster_1.csv,trainee,7,trainee__participant_7,ring_rollercoaster,1,A_kinematics_all,elastic_net,4,15.0,16.058789866560627,-1.0587898665606268,1.0587898665606268
DVST_XI_7-11_Mar_2024_08_13.12.17_trainee_7_sea spikes_1.csv,trainee,7,trainee__participant_7,sea_spikes,1,A_kinematics_all,elastic_net,4,19.0,15.82960226335489,3.1703977366451106,3.1703977366451106
DVST_XI_7-11_Mar_2024_09_10.19.01_trainee_7_camera target_1.csv,trainee,7,trainee__participant_7,camera_target,1,A_kinematics_all,elastic_net,4,17.0,18.471124282332024,-1.471124282332024,1.471124282332024
DVST_XI_7-11_Mar_2024_09_10.19.01_trainee_7_glove cut_1.csv,trainee,7,trainee__participant_7,glove_cut,1,A_kinematics_all,elastic_net,4,15.0,15.773767218825142,-0.7737672188251423,0.7737672188251423
DVST_XI_7-11_Mar_2024_09_13.46.11_trainee_7_suture_1.csv,trainee,7,trainee__participant_7,suture,1,A_kinematics_all,elastic_net,4,17.0,18.65631881558502,-1.6563188155850206,1.6563188155850206
DVST_XI_7-11_Mar_2024_10_08.59.30_trainee_7_ring rollercoaster_2.csv,trainee,7,trainee__participant_7,ring_rollercoaster,2,A_kinematics_all,elastic_net,4,18.0,19.15033464303391,-1.1503346430339114,1.1503346430339114
DVST_XI_7-11_Mar_2024_10_08.59.30_trainee_7_sea spikes_2.csv,trainee,7,trainee__participant_7,sea_spikes,2,A_kinematics_all,elastic_net,4,20.0,18.437515892761326,1.5624841072386744,1.5624841072386744
DVST_XI_Griffin_16-19_07_2024_16_08.46.09_trainee_15_glove cut_1.csv,trainee,15,trainee__participant_15,glove_cut,1,A_kinematics_all,elastic_net,4,17.0,19.925805246108833,-2.9258052461088333,2.9258052461088333
DVST_XI_Griffin_16-19_07_2024_16_08.46.09_trainee_15_ring rollercoaster_1.csv,trainee,15,trainee__participant_15,ring_rollercoaster,1,A_kinematics_all,elastic_net,4,18.0,20.238002073105225,-2.238002073105225,2.238002073105225
DVST_XI_Griffin_16-19_07_2024_16_08.46.09_trainee_15_sea spikes_1.csv,trainee,15,trainee__participant_15,sea_spikes,1,A_kinematics_all,elastic_net,4,20.0,19.245545448870338,0.7544545511296619,0.7544545511296619
DVST_XI_Griffin_16-19_07_2024_16_08.46.09_trainee_15_suture_1.csv,trainee,15,trainee__participant_15,suture,1,A_kinematics_all,elastic_net,4,15.0,18.24434038569016,-3.2443403856901583,3.2443403856901583
DVST_XI_Griffin_16-19_07_2024_16_08.46.09_trainee_16_glove cut_1.csv,trainee,16,trainee__participant_16,glove_cut,1,A_kinematics_all,elastic_net,4,15.0,18.816997819279436,-3.816997819279436,3.816997819279436
DVST_XI_Griffin_16-19_07_2024_16_08.46.09_trainee_16_ring rollercoaster_1.csv,trainee,16,trainee__participant_16,ring_rollercoaster,1,A_kinematics_all,elastic_net,4,20.0,19.15589185663436,0.8441081433656414,0.8441081433656414
DVST_XI_Griffin_16-19_07_2024_16_08.46.09_trainee_16_sea spikes_1.csv,trainee,16,trainee__participant_16,sea_spikes,1,A_kinematics_all,elastic_net,4,16.0,17.4831789563138,-1.4831789563138003,1.4831789563138003
DVST_XI_Griffin_16-19_07_2024_16_08.46.09_trainee_16_suture_1.csv,trainee,16,trainee__participant_16,suture,1,A_kinematics_all,elastic_net,4,21.0,17.794272735330082,3.2057272646699175,3.2057272646699175
DVST_XI_Griffin_16-19_07_2024_17_12.20.23_trainee_15_camera target_1.csv,trainee,15,trainee__participant_15,camera_target,1,A_kinematics_all,elastic_net,4,18.0,20.86161290351524,-2.8616129035152404,2.8616129035152404
DVST_XI_Griffin_16-19_07_2024_17_12.20.23_trainee_16_camera target_1.csv,trainee,16,trainee__participant_16,camera_target,1,A_kinematics_all,elastic_net,4,23.0,20.938837785816343,2.061162214183657,2.061162214183657
DVST_XI_Griffin_16-19_07_2024_17_12.20.23_trainee_16_ring rollercoaster_2.csv,trainee,16,trainee__participant_16,ring_rollercoaster,2,A_kinematics_all,elastic_net,4,23.0,20.530506159742977,2.469493840257023,2.469493840257023
DVST_XI_Griffin_16-19_07_2024_18_08.46.52_trainee_15_sea spikes_2.csv,trainee,15,trainee__participant_15,sea_spikes,2,A_kinematics_all,elastic_net,4,23.0,20.047053934419857,2.952946065580143,2.952946065580143
DVST_XI_Griffin_16-19_07_2024_18_08.46.52_trainee_15_suture_2.csv,trainee,15,trainee__participant_15,suture,2,A_kinematics_all,elastic_net,4,26.0,20.801174641133766,5.198825358866234,5.198825358866234
DVST_XI_Griffin_16-19_07_2024_18_08.46.52_trainee_16_sea spikes_2.csv,trainee,16,trainee__participant_16,sea_spikes,2,A_kinematics_all,elastic_net,4,21.0,19.800673810834844,1.1993261891651557,1.1993261891651557
DVST_XI_Griffin_16-19_07_2024_18_08.46.52_trainee_16_suture_2.csv,trainee,16,trainee__participant_16,suture,2,A_kinematics_all,elastic_net,4,29.0,21.58957274346212,7.410427256537879,7.410427256537879
DVST_XI_Griffin_16-19_07_2024_19_09.39.41_trainee_16_camera target_2.csv,trainee,16,trainee__participant_16,camera_target,2,A_kinematics_all,elastic_net,4,23.0,20.549410737797132,2.450589262202868,2.450589262202868
DVST_XI_Griffin_16-19_07_2024_19_09.39.41_trainee_16_glove cut_2.csv,trainee,16,trainee__participant_16,glove_cut,2,A_kinematics_all,elastic_net,4,24.0,18.727631651351842,5.272368348648158,5.272368348648158
DVST_XI_10-13_Nov_2025_12_10.36.46_expert_9_camera target_1.csv,expert,9,expert__participant_9,camera_target,1,A_kinematics_all,elastic_net,5,28.0,26.367239442032247,1.632760557967753,1.632760557967753
DVST_XI_10-13_Nov_2025_12_10.36.46_expert_9_glove cut_1.csv,expert,9,expert__participant_9,glove_cut,1,A_kinematics_all,elastic_net,5,29.0,24.820273292788976,4.1797267072110245,4.1797267072110245
DVST_XI_10-13_Nov_2025_12_10.36.46_expert_9_ring rollercoaster_1.csv,expert,9,expert__participant_9,ring_rollercoaster,1,A_kinematics_all,elastic_net,5,29.0,25.98936694346503,3.010633056534971,3.010633056534971
DVST_XI_10-13_Nov_2025_12_10.36.46_expert_9_sea spikes_1.csv,expert,9,expert__participant_9,sea_spikes,1,A_kinematics_all,elastic_net,5,29.0,25.08012988497142,3.91987011502858,3.91987011502858
DVST_XI_10-13_Nov_2025_12_10.36.46_expert_9_suture_1.csv,expert,9,expert__participant_9,suture,1,A_kinematics_all,elastic_net,5,28.0,25.055363336640937,2.944636663359063,2.944636663359063
DVST_XI_19-22_May_2025_22_09.34.36_trainee_39_camera target_2.csv,trainee,39,trainee__participant_39,camera_target,2,A_kinematics_all,elastic_net,5,19.0,23.098547190436705,-4.098547190436705,4.098547190436705
DVST_XI_19-22_May_2025_22_09.34.36_trainee_39_glove cut_2.csv,trainee,39,trainee__participant_39,glove_cut,2,A_kinematics_all,elastic_net,5,22.0,21.803480381882743,0.19651961811725727,0.19651961811725727
DVST_XI_6-8_Mar_2025_07_11.56.53_expert_1_camera target_1.csv,expert,1,expert__participant_1,camera_target,1,A_kinematics_all,elastic_net,5,26.0,23.037531133019662,2.9624688669803376,2.9624688669803376
DVST_XI_6-8_Mar_2025_07_11.56.53_expert_1_glove cut_1.csv,expert,1,expert__participant_1,glove_cut,1,A_kinematics_all,elastic_net,5,20.0,22.644869875659055,-2.6448698756590545,2.6448698756590545
DVST_XI_6-8_Mar_2025_07_11.56.53_expert_1_ring rollercoaster_1.csv,expert,1,expert__participant_1,ring_rollercoaster,1,A_kinematics_all,elastic_net,5,21.0,21.027553221159476,-0.027553221159475783,0.027553221159475783
DVST_XI_6-8_Mar_2025_07_11.56.53_expert_1_sea spikes_1.csv,expert,1,expert__participant_1,sea_spikes,1,A_kinematics_all,elastic_net,5,23.0,20.008625739408977,2.991374260591023,2.991374260591023
DVST_XI_6-8_Mar_2025_07_11.56.53_expert_1_suture_1.csv,expert,1,expert__participant_1,suture,1,A_kinematics_all,elastic_net,5,26.0,23.71923799048689,2.2807620095131114,2.2807620095131114
DVST_XI_7-11_Jul_2025_10_09.40.17_expert_6_camera target_1.csv,expert,6,expert__participant_6,camera_target,1,A_kinematics_all,elastic_net,5,25.0,23.19345555700674,1.8065444429932604,1.8065444429932604
DVST_XI_7-11_Jul_2025_10_09.40.17_expert_6_glove cut_1.csv,expert,6,expert__participant_6,glove_cut,1,A_kinematics_all,elastic_net,5,23.0,22.375850065563863,0.6241499344361365,0.6241499344361365
DVST_XI_7-11_Jul_2025_10_09.40.17_expert_6_ring rollercoaster_1.csv,expert,6,expert__participant_6,ring_rollercoaster,1,A_kinematics_all,elastic_net,5,23.0,22.134522782899275,0.8654772171007252,0.8654772171007252
DVST_XI_7-11_Jul_2025_10_09.40.17_expert_6_sea spikes_1.csv,expert,6,expert__participant_6,sea_spikes,1,A_kinematics_all,elastic_net,5,23.0,21.765221124685052,1.234778875314948,1.234778875314948
DVST_XI_7-11_Jul_2025_10_09.40.17_expert_6_suture_1.csv,expert,6,expert__participant_6,suture,1,A_kinematics_all,elastic_net,5,26.0,24.452318599536724,1.5476814004632757,1.5476814004632757
DVST_XI_7-11_Mar_2024_08_13.12.17_trainee_11_ring rollercoaster_1.csv,trainee,11,trainee__participant_11,ring_rollercoaster,1,A_kinematics_all,elastic_net,5,18.0,16.50957751126635,1.4904224887336497,1.4904224887336497
DVST_XI_7-11_Mar_2024_08_13.12.17_trainee_11_sea spikes_1.csv,trainee,11,trainee__participant_11,sea_spikes,1,A_kinematics_all,elastic_net,5,18.0,18.411541188892997,-0.41154118889299696,0.41154118889299696
DVST_XI_7-11_Mar_2024_09_10.19.01_trainee_11_camera target_1.csv,trainee,11,trainee__participant_11,camera_target,1,A_kinematics_all,elastic_net,5,10.0,13.799916727367265,-3.7999167273672647,3.7999167273672647
DVST_XI_7-11_Mar_2024_09_10.19.01_trainee_11_glove cut_1.csv,trainee,11,trainee__participant_11,glove_cut,1,A_kinematics_all,elastic_net,5,18.0,16.55768388792119,1.4423161120788102,1.4423161120788102
DVST_XI_7-11_Mar_2024_09_13.46.11_trainee_11_suture_1.csv,trainee,11,trainee__participant_11,suture,1,A_kinematics_all,elastic_net,5,18.0,18.676670765816727,-0.676670765816727,0.676670765816727
DVST_XI_7-11_Mar_2024_10_08.59.30_trainee_11_ring rollercoaster_2.csv,trainee,11,trainee__participant_11,ring_rollercoaster,2,A_kinematics_all,elastic_net,5,16.0,18.900704820069738,-2.9007048200697376,2.9007048200697376
DVST_XI_7-11_Mar_2024_10_08.59.30_trainee_11_sea spikes_2.csv,trainee,11,trainee__participant_11,sea_spikes,2,A_kinematics_all,elastic_net,5,18.0,20.541032606412895,-2.5410326064128945,2.5410326064128945
DVST_XI_Griffin_16-19_07_2024_16_08.46.09_trainee_14_glove cut_1.csv,trainee,14,trainee__participant_14,glove_cut,1,A_kinematics_all,elastic_net,5,11.0,18.149299117821155,-7.149299117821155,7.149299117821155
DVST_XI_Griffin_16-19_07_2024_16_08.46.09_trainee_14_ring rollercoaster_1.csv,trainee,14,trainee__participant_14,ring_rollercoaster,1,A_kinematics_all,elastic_net,5,16.0,20.854146374757395,-4.854146374757395,4.854146374757395
DVST_XI_Griffin_16-19_07_2024_16_08.46.09_trainee_14_sea spikes_1.csv,trainee,14,trainee__participant_14,sea_spikes,1,A_kinematics_all,elastic_net,5,12.0,14.375723633658152,-2.3757236336581524,2.3757236336581524
DVST_XI_Griffin_16-19_07_2024_16_08.46.09_trainee_14_suture_1.csv,trainee,14,trainee__participant_14,suture,1,A_kinematics_all,elastic_net,5,15.0,20.122453107614426,-5.122453107614426,5.122453107614426
DVST_XI_Griffin_16-19_07_2024_17_12.20.23_trainee_13_camera target_1.csv,trainee,13,trainee__participant_13,camera_target,1,A_kinematics_all,elastic_net,5,19.0,21.444327613186765,-2.444327613186765,2.444327613186765
DVST_XI_Griffin_16-19_07_2024_17_12.20.23_trainee_13_glove cut_1.csv,trainee,13,trainee__participant_13,glove_cut,1,A_kinematics_all,elastic_net,5,23.0,20.05512601406369,2.9448739859363116,2.9448739859363116
DVST_XI_Griffin_16-19_07_2024_17_12.20.23_trainee_13_ring rollercoaster_1.csv,trainee,13,trainee__participant_13,ring_rollercoaster,1,A_kinematics_all,elastic_net,5,17.0,20.775395080361786,-3.775395080361786,3.775395080361786
DVST_XI_Griffin_16-19_07_2024_17_12.20.23_trainee_13_ring rollercoaster_2.csv,trainee,13,trainee__participant_13,ring_rollercoaster,2,A_kinematics_all,elastic_net,5,22.0,21.831378386228643,0.1686216137713572,0.1686216137713572
DVST_XI_Griffin_16-19_07_2024_17_12.20.23_trainee_13_sea spikes_1.csv,trainee,13,trainee__participant_13,sea_spikes,1,A_kinematics_all,elastic_net,5,17.0,20.620315397552385,-3.6203153975523854,3.6203153975523854
DVST_XI_Griffin_16-19_07_2024_17_12.20.23_trainee_13_suture_1.csv,trainee,13,trainee__participant_13,suture,1,A_kinematics_all,elastic_net,5,23.0,21.425944931125738,1.5740550688742623,1.5740550688742623
DVST_XI_Griffin_16-19_07_2024_17_12.20.23_trainee_14_camera target_1.csv,trainee,14,trainee__participant_14,camera_target,1,A_kinematics_all,elastic_net,5,14.0,16.733482617003634,-2.7334826170036344,2.7334826170036344
DVST_XI_Griffin_16-19_07_2024_18_08.46.52_trainee_13_sea spikes_2.csv,trainee,13,trainee__participant_13,sea_spikes,2,A_kinematics_all,elastic_net,5,21.0,24.06445049359529,-3.0644504935952916,3.0644504935952916
DVST_XI_Griffin_16-19_07_2024_18_08.46.52_trainee_13_suture_2.csv,trainee,13,trainee__participant_13,suture,2,A_kinematics_all,elastic_net,5,28.0,22.821162268068385,5.1788377319316155,5.1788377319316155
DVST_XI_Griffin_16-19_07_2024_18_08.46.52_trainee_14_sea spikes_2.csv,trainee,14,trainee__participant_14,sea_spikes,2,A_kinematics_all,elastic_net,5,20.0,21.082810129573467,-1.082810129573467,1.082810129573467
DVST_XI_Griffin_16-19_07_2024_18_08.46.52_trainee_14_suture_2.csv,trainee,14,trainee__participant_14,suture,2,A_kinematics_all,elastic_net,5,29.0,25.57918102427461,3.420818975725389,3.420818975725389
DVST_XI_Griffin_16-19_07_2024_19_09.39.41_trainee_13_camera target_2.csv,trainee,13,trainee__participant_13,camera_target,2,A_kinematics_all,elastic_net,5,17.0,22.485985399561336,-5.485985399561336,5.485985399561336
DVST_XI_Griffin_16-19_07_2024_19_09.39.41_trainee_14_glove cut_2.csv,trainee,14,trainee__participant_14,glove_cut,2,A_kinematics_all,elastic_net,5,18.0,18.11064479844529,-0.11064479844528918,0.11064479844528918
DVST_XI_Griffin_29_sep-1_oct_2024_01_10.39.05_trainee_20_camera target_2.csv,trainee,20,trainee__participant_20,camera_target,2,A_kinematics_all,elastic_net,5,14.0,21.37602054938204,-7.376020549382041,7.376020549382041
DVST_XI_Griffin_29_sep-1_oct_2024_29_09.07.40_trainee_20_camera target_1.csv,trainee,20,trainee__participant_20,camera_target,1,A_kinematics_all,elastic_net,5,15.0,17.02017124812407,-2.0201712481240683,2.0201712481240683
DVST_XI_Griffin_29_sep-1_oct_2024_29_09.07.40_trainee_20_suture_1.csv,trainee,20,trainee__participant_20,suture,1,A_kinematics_all,elastic_net,5,13.0,15.782302395137554,-2.7823023951375543,2.7823023951375543
DVST_XI_Griffin_29_sep-1_oct_2024_30_12.18.00_trainee_20_glove cut_2.csv,trainee,20,trainee__participant_20,glove_cut,2,A_kinematics_all,elastic_net,5,17.0,20.97339318346199,-3.97339318346199,3.97339318346199
DVST_XI_Griffin_29_sep-1_oct_2024_30_12.18.00_trainee_20_ring rollercoaster_2.csv,trainee,20,trainee__participant_20,ring_rollercoaster,2,A_kinematics_all,elastic_net,5,21.0,18.392147998443793,2.607852001556207,2.607852001556207
DVST_XI_Griffin_29_sep-1_oct_2024_30_12.18.00_trainee_20_sea spikes_2.csv,trainee,20,trainee__participant_20,sea_spikes,2,A_kinematics_all,elastic_net,5,21.0,21.054325900981787,-0.054325900981787356,0.054325900981787356
DVST_XI_11-14_Aug_2025_14_10.45.28_expert_8_camera target_1.csv,expert,8,expert__participant_8,camera_target,1,B_kinematics_no_qc,ridge,1,28.0,22.260093493460715,5.739906506539285,5.739906506539285
DVST_XI_11-14_Aug_2025_14_10.45.28_expert_8_glove cut_1.csv,expert,8,expert__participant_8,glove_cut,1,B_kinematics_no_qc,ridge,1,24.0,21.732221628519177,2.267778371480823,2.267778371480823
DVST_XI_11-14_Aug_2025_14_10.45.28_expert_8_ring rollercoaster_1.csv,expert,8,expert__participant_8,ring_rollercoaster,1,B_kinematics_no_qc,ridge,1,24.0,22.849268824172075,1.150731175827925,1.150731175827925
DVST_XI_11-14_Aug_2025_14_10.45.28_expert_8_sea spikes_1.csv,expert,8,expert__participant_8,sea_spikes,1,B_kinematics_no_qc,ridge,1,22.0,21.32470743004135,0.6752925699586498,0.6752925699586498
DVST_XI_11-14_Aug_2025_14_10.45.28_expert_8_suture_1.csv,expert,8,expert__participant_8,suture,1,B_kinematics_no_qc,ridge,1,29.0,25.217182485484514,3.782817514515486,3.782817514515486
DVST_XI_14-16_Feb_2024_14_09.13.16_trainee_5_camera target_1.csv,trainee,5,trainee__participant_5,camera_target,1,B_kinematics_no_qc,ridge,1,7.0,14.959328928929452,-7.959328928929452,7.959328928929452
DVST_XI_14-16_Feb_2024_14_09.13.16_trainee_5_glove cut_1.csv,trainee,5,trainee__participant_5,glove_cut,1,B_kinematics_no_qc,ridge,1,11.0,16.724462391894704,-5.724462391894704,5.724462391894704
DVST_XI_14-16_Feb_2024_14_09.13.16_trainee_5_ring rollercoaster_1.csv,trainee,5,trainee__participant_5,ring_rollercoaster,1,B_kinematics_no_qc,ridge,1,17.0,14.086797475469787,2.913202524530213,2.913202524530213
DVST_XI_14-16_Feb_2024_14_09.13.16_trainee_5_sea spikes_1.csv,trainee,5,trainee__participant_5,sea_spikes,1,B_kinematics_no_qc,ridge,1,16.0,16.741481056115298,-0.7414810561152976,0.7414810561152976
DVST_XI_14-16_Feb_2024_14_09.13.16_trainee_5_suture_1.csv,trainee,5,trainee__participant_5,suture,1,B_kinematics_no_qc,ridge,1,16.0,17.83156984090565,-1.831569840905651,1.831569840905651
DVST_XI_14-16_Feb_2024_16_08.32.59_trainee_5_camera target_2.csv,trainee,5,trainee__participant_5,camera_target,2,B_kinematics_no_qc,ridge,1,21.0,18.890741330880495,2.109258669119505,2.109258669119505
DVST_XI_14-16_Feb_2024_16_08.32.59_trainee_5_glove cut_2.csv,trainee,5,trainee__participant_5,glove_cut,2,B_kinematics_no_qc,ridge,1,19.0,15.347456081740052,3.6525439182599477,3.6525439182599477
DVST_XI_14-16_Feb_2024_16_08.32.59_trainee_5_ring rollercoaster_2.csv,trainee,5,trainee__participant_5,ring_rollercoaster,2,B_kinematics_no_qc,ridge,1,23.0,16.865968747003674,6.134031252996326,6.134031252996326
DVST_XI_14-16_Feb_2024_16_08.32.59_trainee_5_sea spikes_2.csv,trainee,5,trainee__participant_5,sea_spikes,2,B_kinematics_no_qc,ridge,1,21.0,20.356937866668428,0.643062133331572,0.643062133331572
DVST_XI_14-16_Feb_2024_16_08.32.59_trainee_5_suture_2.csv,trainee,5,trainee__participant_5,suture,2,B_kinematics_no_qc,ridge,1,21.0,18.606782798256805,2.3932172017431945,2.3932172017431945
DVST_XI_19-22_May_2025_21_09.43.23_expert_5_camera target_1.csv,expert,5,expert__participant_5,camera_target,1,B_kinematics_no_qc,ridge,1,30.0,21.833327590026926,8.166672409973074,8.166672409973074
DVST_XI_19-22_May_2025_21_09.43.23_expert_5_glove cut_1.csv,expert,5,expert__participant_5,glove_cut,1,B_kinematics_no_qc,ridge,1,24.0,19.601856253072082,4.398143746927918,4.398143746927918
DVST_XI_19-22_May_2025_21_09.43.23_expert_5_ring rollercoaster_1.csv,expert,5,expert__participant_5,ring_rollercoaster,1,B_kinematics_no_qc,ridge,1,24.0,20.396814867112504,3.6031851328874964,3.6031851328874964
DVST_XI_19-22_May_2025_21_09.43.23_expert_5_sea spikes_1.csv,expert,5,expert__participant_5,sea_spikes,1,B_kinematics_no_qc,ridge,1,24.0,20.973742225400933,3.026257774599067,3.026257774599067
DVST_XI_19-22_May_2025_21_09.43.23_expert_5_suture_1.csv,expert,5,expert__participant_5,suture,1,B_kinematics_no_qc,ridge,1,29.0,22.04685612138079,6.953143878619208,6.953143878619208
DVST_XI_19-22_May_2025_22_09.34.36_trainee_38_camera target_2.csv,trainee,38,trainee__participant_38,camera_target,2,B_kinematics_no_qc,ridge,1,22.0,24.154159331743674,-2.1541593317436742,2.1541593317436742
DVST_XI_19-22_May_2025_22_09.34.36_trainee_38_glove cut_2.csv,trainee,38,trainee__participant_38,glove_cut,2,B_kinematics_no_qc,ridge,1,18.0,21.919602388077724,-3.919602388077724,3.919602388077724
DVST_XI_19-22_May_2025_22_09.34.36_trainee_42_camera target_2.csv,trainee,42,trainee__participant_42,camera_target,2,B_kinematics_no_qc,ridge,1,19.0,19.208012292245744,-0.20801229224574413,0.20801229224574413
DVST_XI_19-22_May_2025_22_09.34.36_trainee_42_glove cut_2.csv,trainee,42,trainee__participant_42,glove_cut,2,B_kinematics_no_qc,ridge,1,16.0,19.50075374229258,-3.5007537422925807,3.5007537422925807
DVST_XI_6-8_Mar_2025_06_10.41.14_trainee_34_camera target_1.csv,trainee,34,trainee__participant_34,camera_target,1,B_kinematics_no_qc,ridge,1,18.0,19.738320481194666,-1.7383204811946662,1.7383204811946662
DVST_XI_6-8_Mar_2025_06_10.41.14_trainee_34_ring rollercoaster_1.csv,trainee,34,trainee__participant_34,ring_rollercoaster,1,B_kinematics_no_qc,ridge,1,14.0,14.119747492686706,-0.11974749268670593,0.11974749268670593
DVST_XI_6-8_Mar_2025_06_10.41.14_trainee_34_sea spikes_1.csv,trainee,34,trainee__participant_34,sea_spikes,1,B_kinematics_no_qc,ridge,1,14.0,14.565889538251158,-0.5658895382511577,0.5658895382511577
DVST_XI_6-8_Mar_2025_07_11.56.53_trainee_34_glove cut_1.csv,trainee,34,trainee__participant_34,glove_cut,1,B_kinematics_no_qc,ridge,1,12.0,12.971143107638095,-0.9711431076380954,0.9711431076380954
DVST_XI_7-11_Mar_2024_08_13.12.17_trainee_10_ring rollercoaster_1.csv,trainee,10,trainee__participant_10,ring_rollercoaster,1,B_kinematics_no_qc,ridge,1,14.0,19.526484426414346,-5.526484426414346,5.526484426414346
DVST_XI_7-11_Mar_2024_08_13.12.17_trainee_10_sea spikes_1.csv,trainee,10,trainee__participant_10,sea_spikes,1,B_kinematics_no_qc,ridge,1,22.0,16.136940960724303,5.863059039275697,5.863059039275697
DVST_XI_7-11_Mar_2024_09_10.19.01_trainee_10_camera target_1.csv,trainee,10,trainee__participant_10,camera_target,1,B_kinematics_no_qc,ridge,1,14.0,19.871046929716968,-5.871046929716968,5.871046929716968
DVST_XI_7-11_Mar_2024_09_10.19.01_trainee_10_glove cut_1.csv,trainee,10,trainee__participant_10,glove_cut,1,B_kinematics_no_qc,ridge,1,18.0,14.810356178075317,3.189643821924683,3.189643821924683
DVST_XI_7-11_Mar_2024_09_13.46.11_trainee_10_suture_1.csv,trainee,10,trainee__participant_10,suture,1,B_kinematics_no_qc,ridge,1,19.0,20.227512229108356,-1.2275122291083562,1.2275122291083562
DVST_XI_7-11_Mar_2024_10_08.59.30_trainee_10_ring rollercoaster_2.csv,trainee,10,trainee__participant_10,ring_rollercoaster,2,B_kinematics_no_qc,ridge,1,18.0,19.15209772988229,-1.1520977298822892,1.1520977298822892
DVST_XI_7-11_Mar_2024_10_08.59.30_trainee_10_sea spikes_2.csv,trainee,10,trainee__participant_10,sea_spikes,2,B_kinematics_no_qc,ridge,1,22.0,19.459195477685242,2.540804522314758,2.540804522314758
DVST_XI_Griffin_16-19_07_2024_16_08.46.09_trainee_12_glove cut_1.csv,trainee,12,trainee__participant_12,glove_cut,1,B_kinematics_no_qc,ridge,1,21.0,19.246001779216297,1.7539982207837035,1.7539982207837035
DVST_XI_Griffin_16-19_07_2024_16_08.46.09_trainee_12_ring rollercoaster_1.csv,trainee,12,trainee__participant_12,ring_rollercoaster,1,B_kinematics_no_qc,ridge,1,16.0,20.392863165134223,-4.392863165134223,4.392863165134223
DVST_XI_Griffin_16-19_07_2024_16_08.46.09_trainee_12_sea spikes_1.csv,trainee,12,trainee__participant_12,sea_spikes,1,B_kinematics_no_qc,ridge,1,12.0,19.047402097745554,-7.047402097745554,7.047402097745554
DVST_XI_Griffin_16-19_07_2024_16_08.46.09_trainee_12_suture_1.csv,trainee,12,trainee__participant_12,suture,1,B_kinematics_no_qc,ridge,1,20.0,22.605900330395396,-2.6059003303953965,2.6059003303953965
DVST_XI_Griffin_16-19_07_2024_17_12.20.23_trainee_12_camera target_1.csv,trainee,12,trainee__participant_12,camera_target,1,B_kinematics_no_qc,ridge,1,16.0,21.61930910283964,-5.61930910283964,5.61930910283964
DVST_XI_Griffin_16-19_07_2024_18_08.46.52_trainee_12_sea spikes_2.csv,trainee,12,trainee__participant_12,sea_spikes,2,B_kinematics_no_qc,ridge,1,19.0,22.837431742485958,-3.8374317424859576,3.8374317424859576
DVST_XI_Griffin_16-19_07_2024_18_08.46.52_trainee_12_suture_2.csv,trainee,12,trainee__participant_12,suture,2,B_kinematics_no_qc,ridge,1,28.0,21.937256271946403,6.062743728053597,6.062743728053597
DVST_XI_Griffin_16-19_07_2024_19_09.39.41_trainee_12_glove cut_2.csv,trainee,12,trainee__participant_12,glove_cut,2,B_kinematics_no_qc,ridge,1,20.0,19.62382865724326,0.37617134275674147,0.37617134275674147
DVST_XI_Griffin_29_sep-1_oct_2024_01_10.39.05_trainee_19_camera target_2.csv,trainee,19,trainee__participant_19,camera_target,2,B_kinematics_no_qc,ridge,1,18.0,19.431703118563245,-1.4317031185632452,1.4317031185632452
DVST_XI_Griffin_29_sep-1_oct_2024_29_09.07.40_trainee_19_camera target_1.csv,trainee,19,trainee__participant_19,camera_target,1,B_kinematics_no_qc,ridge,1,17.0,15.94207069215261,1.05792930784739,1.05792930784739
DVST_XI_Griffin_29_sep-1_oct_2024_29_09.07.40_trainee_19_suture_1.csv,trainee,19,trainee__participant_19,suture,1,B_kinematics_no_qc,ridge,1,16.0,15.914241912782764,0.08575808721723632,0.08575808721723632
DVST_XI_Griffin_29_sep-1_oct_2024_30_12.18.00_trainee_19_glove cut_2.csv,trainee,19,trainee__participant_19,glove_cut,2,B_kinematics_no_qc,ridge,1,17.0,18.42791261496726,-1.4279126149672585,1.4279126149672585
DVST_XI_Griffin_29_sep-1_oct_2024_30_12.18.00_trainee_19_ring rollercoaster_2.csv,trainee,19,trainee__participant_19,ring_rollercoaster,2,B_kinematics_no_qc,ridge,1,22.0,18.717664246256216,3.2823357537437836,3.2823357537437836
DVST_XI_Griffin_29_sep-1_oct_2024_30_12.18.00_trainee_19_sea spikes_2.csv,trainee,19,trainee__participant_19,sea_spikes,2,B_kinematics_no_qc,ridge,1,21.0,20.435753446962593,0.5642465530374068,0.5642465530374068
DVST_XI_14-16_Feb_2024_14_09.13.16_trainee_3_camera target_1.csv,trainee,3,trainee__participant_3,camera_target,1,B_kinematics_no_qc,ridge,2,15.0,17.922104542383515,-2.922104542383515,2.922104542383515
DVST_XI_14-16_Feb_2024_14_09.13.16_trainee_3_glove cut_1.csv,trainee,3,trainee__participant_3,glove_cut,1,B_kinematics_no_qc,ridge,2,17.0,20.07666979230903,-3.07666979230903,3.07666979230903
DVST_XI_14-16_Feb_2024_14_09.13.16_trainee_3_ring rollercoaster_1.csv,trainee,3,trainee__participant_3,ring_rollercoaster,1,B_kinematics_no_qc,ridge,2,12.0,18.401221632574938,-6.401221632574938,6.401221632574938
DVST_XI_14-16_Feb_2024_14_09.13.16_trainee_3_sea spikes_1.csv,trainee,3,trainee__participant_3,sea_spikes,1,B_kinematics_no_qc,ridge,2,15.0,18.554426745320878,-3.554426745320878,3.554426745320878
DVST_XI_14-16_Feb_2024_14_09.13.16_trainee_3_suture_1.csv,trainee,3,trainee__participant_3,suture,1,B_kinematics_no_qc,ridge,2,19.0,18.822224926973778,0.17777507302622197,0.17777507302622197
DVST_XI_14-16_Feb_2024_16_08.32.59_trainee_3_camera target_2.csv,trainee,3,trainee__participant_3,camera_target,2,B_kinematics_no_qc,ridge,2,23.0,18.525709177830596,4.474290822169404,4.474290822169404
DVST_XI_14-16_Feb_2024_16_08.32.59_trainee_3_glove cut_2.csv,trainee,3,trainee__participant_3,glove_cut,2,B_kinematics_no_qc,ridge,2,19.0,19.907379047068876,-0.9073790470688756,0.9073790470688756
DVST_XI_14-16_Feb_2024_16_08.32.59_trainee_3_ring rollercoaster_2.csv,trainee,3,trainee__participant_3,ring_rollercoaster,2,B_kinematics_no_qc,ridge,2,21.0,19.220804516474423,1.7791954835255765,1.7791954835255765
DVST_XI_14-16_Feb_2024_16_08.32.59_trainee_3_sea spikes_2.csv,trainee,3,trainee__participant_3,sea_spikes,2,B_kinematics_no_qc,ridge,2,17.0,19.442561500779995,-2.442561500779995,2.442561500779995
DVST_XI_14-16_Feb_2024_16_08.32.59_trainee_3_suture_2.csv,trainee,3,trainee__participant_3,suture,2,B_kinematics_no_qc,ridge,2,22.0,21.56221369223858,0.4377863077614208,0.4377863077614208
DVST_XI_19-22_May_2025_22_09.34.36_trainee_37_camera target_2.csv,trainee,37,trainee__participant_37,camera_target,2,B_kinematics_no_qc,ridge,2,16.0,20.9852247213592,-4.985224721359199,4.985224721359199
DVST_XI_19-22_May_2025_22_09.34.36_trainee_37_glove cut_2.csv,trainee,37,trainee__participant_37,glove_cut,2,B_kinematics_no_qc,ridge,2,19.0,23.833890342237446,-4.833890342237446,4.833890342237446
DVST_XI_19-22_May_2025_22_09.34.36_trainee_41_camera target_2.csv,trainee,41,trainee__participant_41,camera_target,2,B_kinematics_no_qc,ridge,2,20.0,20.304272688621516,-0.30427268862151635,0.30427268862151635
DVST_XI_19-22_May_2025_22_09.34.36_trainee_41_glove cut_2.csv,trainee,41,trainee__participant_41,glove_cut,2,B_kinematics_no_qc,ridge,2,19.0,19.018457730664927,-0.018457730664927396,0.018457730664927396
DVST_XI_6-8_Mar_2025_06_10.41.14_trainee_32_camera target_1.csv,trainee,32,trainee__participant_32,camera_target,1,B_kinematics_no_qc,ridge,2,20.0,21.48533934007289,-1.4853393400728905,1.4853393400728905
DVST_XI_6-8_Mar_2025_06_10.41.14_trainee_32_ring rollercoaster_1.csv,trainee,32,trainee__participant_32,ring_rollercoaster,1,B_kinematics_no_qc,ridge,2,17.0,17.563058411609077,-0.5630584116090773,0.5630584116090773
DVST_XI_6-8_Mar_2025_06_10.41.14_trainee_32_sea spikes_1.csv,trainee,32,trainee__participant_32,sea_spikes,1,B_kinematics_no_qc,ridge,2,14.0,22.263035498116277,-8.263035498116277,8.263035498116277
DVST_XI_6-8_Mar_2025_07_11.56.53_trainee_32_glove cut_1.csv,trainee,32,trainee__participant_32,glove_cut,1,B_kinematics_no_qc,ridge,2,13.0,20.418902436593577,-7.4189024365935765,7.4189024365935765
DVST_XI_6-8_Mar_2025_08_08.21.32_expert_3_camera target_1.csv,expert,3,expert__participant_3,camera_target,1,B_kinematics_no_qc,ridge,2,27.0,10.272222297006717,16.727777702993283,16.727777702993283
DVST_XI_6-8_Mar_2025_08_08.21.32_expert_3_glove cut_1.csv,expert,3,expert__participant_3,glove_cut,1,B_kinematics_no_qc,ridge,2,24.0,16.96654008730291,7.03345991269709,7.03345991269709
DVST_XI_6-8_Mar_2025_08_08.21.32_expert_3_ring rollercoaster_1.csv,expert,3,expert__participant_3,ring_rollercoaster,1,B_kinematics_no_qc,ridge,2,21.0,10.194820437218496,10.805179562781504,10.805179562781504
DVST_XI_6-8_Mar_2025_08_08.21.32_expert_3_sea spikes_1.csv,expert,3,expert__participant_3,sea_spikes,1,B_kinematics_no_qc,ridge,2,23.0,7.04577819193905,15.95422180806095,15.95422180806095
DVST_XI_6-8_Mar_2025_08_08.21.32_expert_3_suture_1.csv,expert,3,expert__participant_3,suture,1,B_kinematics_no_qc,ridge,2,28.0,16.370074817808792,11.629925182191208,11.629925182191208
DVST_XI_7-11_Mar_2024_08_13.12.17_trainee_6_ring rollercoaster_1.csv,trainee,6,trainee__participant_6,ring_rollercoaster,1,B_kinematics_no_qc,ridge,2,16.0,21.150997789619353,-5.150997789619353,5.150997789619353
DVST_XI_7-11_Mar_2024_08_13.12.17_trainee_6_sea spikes_1.csv,trainee,6,trainee__participant_6,sea_spikes,1,B_kinematics_no_qc,ridge,2,16.0,15.800894275859346,0.19910572414065442,0.19910572414065442
DVST_XI_7-11_Mar_2024_08_13.12.17_trainee_9_ring rollercoaster_1.csv,trainee,9,trainee__participant_9,ring_rollercoaster,1,B_kinematics_no_qc,ridge,2,14.0,19.297014415318426,-5.297014415318426,5.297014415318426
DVST_XI_7-11_Mar_2024_08_13.12.17_trainee_9_sea spikes_1.csv,trainee,9,trainee__participant_9,sea_spikes,1,B_kinematics_no_qc,ridge,2,18.0,16.461243196704487,1.538756803295513,1.538756803295513
DVST_XI_7-11_Mar_2024_09_10.19.01_trainee_6_glove cut_1.csv,trainee,6,trainee__participant_6,glove_cut,1,B_kinematics_no_qc,ridge,2,15.0,14.106923117616992,0.8930768823830082,0.8930768823830082
DVST_XI_7-11_Mar_2024_09_10.19.01_trainee_9_camera target_1.csv,trainee,9,trainee__participant_9,camera_target,1,B_kinematics_no_qc,ridge,2,19.0,19.14776165304153,-0.1477616530415311,0.1477616530415311
DVST_XI_7-11_Mar_2024_09_10.19.01_trainee_9_glove cut_1.csv,trainee,9,trainee__participant_9,glove_cut,1,B_kinematics_no_qc,ridge,2,18.0,18.181878432315404,-0.18187843231540413,0.18187843231540413
DVST_XI_7-11_Mar_2024_09_13.46.11_trainee_6_suture_1.csv,trainee,6,trainee__participant_6,suture,1,B_kinematics_no_qc,ridge,2,12.0,18.96568027451295,-6.965680274512948,6.965680274512948
DVST_XI_7-11_Mar_2024_09_13.46.11_trainee_9_suture_1.csv,trainee,9,trainee__participant_9,suture,1,B_kinematics_no_qc,ridge,2,16.0,18.37523296917478,-2.3752329691747818,2.3752329691747818
DVST_XI_7-11_Mar_2024_10_08.59.30_trainee_6_ring rollercoaster_2.csv,trainee,6,trainee__participant_6,ring_rollercoaster,2,B_kinematics_no_qc,ridge,2,18.0,22.127295196882237,-4.127295196882237,4.127295196882237
DVST_XI_7-11_Mar_2024_10_08.59.30_trainee_6_sea spikes_2.csv,trainee,6,trainee__participant_6,sea_spikes,2,B_kinematics_no_qc,ridge,2,20.0,21.393450106178665,-1.3934501061786655,1.3934501061786655
DVST_XI_7-11_Mar_2024_10_08.59.30_trainee_9_ring rollercoaster_2.csv,trainee,9,trainee__participant_9,ring_rollercoaster,2,B_kinematics_no_qc,ridge,2,20.0,20.33408801435978,-0.33408801435977864,0.33408801435977864
DVST_XI_7-11_Mar_2024_10_08.59.30_trainee_9_sea spikes_2.csv,trainee,9,trainee__participant_9,sea_spikes,2,B_kinematics_no_qc,ridge,2,22.0,19.786218976392412,2.213781023607588,2.213781023607588
DVST_XI_Griffin_29_sep-1_oct_2024_01_10.39.05_trainee_17_camera target_2.csv,trainee,17,trainee__participant_17,camera_target,2,B_kinematics_no_qc,ridge,2,22.0,26.30321673280491,-4.303216732804909,4.303216732804909
DVST_XI_Griffin_29_sep-1_oct_2024_01_10.39.05_trainee_21_camera target_2.csv,trainee,21,trainee__participant_21,camera_target,2,B_kinematics_no_qc,ridge,2,23.0,21.873084430160855,1.126915569839145,1.126915569839145
DVST_XI_Griffin_29_sep-1_oct_2024_29_09.07.40_trainee_17_camera target_1.csv,trainee,17,trainee__participant_17,camera_target,1,B_kinematics_no_qc,ridge,2,23.0,14.484488819043435,8.515511180956565,8.515511180956565
DVST_XI_Griffin_29_sep-1_oct_2024_29_09.07.40_trainee_17_suture_1.csv,trainee,17,trainee__participant_17,suture,1,B_kinematics_no_qc,ridge,2,15.0,15.886981603952078,-0.8869816039520781,0.8869816039520781
DVST_XI_Griffin_29_sep-1_oct_2024_29_09.07.40_trainee_21_camera target_1.csv,trainee,21,trainee__participant_21,camera_target,1,B_kinematics_no_qc,ridge,2,19.0,18.88028881227123,0.11971118772877176,0.11971118772877176
DVST_XI_Griffin_29_sep-1_oct_2024_29_09.07.40_trainee_21_suture_1.csv,trainee,21,trainee__participant_21,suture,1,B_kinematics_no_qc,ridge,2,18.0,18.088810949161267,-0.08881094916126742,0.08881094916126742
DVST_XI_Griffin_29_sep-1_oct_2024_30_12.18.00_trainee_17_glove cut_2.csv,trainee,17,trainee__participant_17,glove_cut,2,B_kinematics_no_qc,ridge,2,22.0,20.122655855545332,1.8773441444546677,1.8773441444546677
DVST_XI_Griffin_29_sep-1_oct_2024_30_12.18.00_trainee_17_ring rollercoaster_2.csv,trainee,17,trainee__participant_17,ring_rollercoaster,2,B_kinematics_no_qc,ridge,2,22.0,21.266227659999917,0.7337723400000833,0.7337723400000833
DVST_XI_Griffin_29_sep-1_oct_2024_30_12.18.00_trainee_17_sea spikes_2.csv,trainee,17,trainee__participant_17,sea_spikes,2,B_kinematics_no_qc,ridge,2,22.0,21.40555447941763,0.5944455205823687,0.5944455205823687
DVST_XI_Griffin_29_sep-1_oct_2024_30_12.18.00_trainee_21_glove cut_2.csv,trainee,21,trainee__participant_21,glove_cut,2,B_kinematics_no_qc,ridge,2,25.0,19.631588611764606,5.368411388235394,5.368411388235394
DVST_XI_Griffin_29_sep-1_oct_2024_30_12.18.00_trainee_21_ring rollercoaster_2.csv,trainee,21,trainee__participant_21,ring_rollercoaster,2,B_kinematics_no_qc,ridge,2,22.0,18.852189244982743,3.1478107550172574,3.1478107550172574
DVST_XI_Griffin_29_sep-1_oct_2024_30_12.18.00_trainee_21_sea spikes_2.csv,trainee,21,trainee__participant_21,sea_spikes,2,B_kinematics_no_qc,ridge,2,22.0,20.28557284556577,1.7144271544342295,1.7144271544342295
DVST_XI_Griffin_29_sep-1_oct_2024_30_12.18.00_trainee_21_suture_2.csv,trainee,21,trainee__participant_21,suture,2,B_kinematics_no_qc,ridge,2,23.0,21.73062894077365,1.2693710592263514,1.2693710592263514
DVST_XI_14-16_Feb_2024_14_09.13.16_trainee_1_camera target_1.csv,trainee,1,trainee__participant_1,camera_target,1,B_kinematics_no_qc,ridge,3,17.0,18.232041150406445,-1.2320411504064452,1.2320411504064452
DVST_XI_14-16_Feb_2024_14_09.13.16_trainee_1_suture_1.csv,trainee,1,trainee__participant_1,suture,1,B_kinematics_no_qc,ridge,3,19.0,16.98180892608461,2.018191073915389,2.018191073915389
DVST_XI_14-16_Feb_2024_14_09.13.16_trainee_2_camera target_1.csv,trainee,2,trainee__participant_2,camera_target,1,B_kinematics_no_qc,ridge,3,17.0,14.841394830367161,2.158605169632839,2.158605169632839
DVST_XI_14-16_Feb_2024_14_09.13.16_trainee_2_glove cut_1.csv,trainee,2,trainee__participant_2,glove_cut,1,B_kinematics_no_qc,ridge,3,13.0,18.572513752977667,-5.572513752977667,5.572513752977667
DVST_XI_14-16_Feb_2024_14_09.13.16_trainee_2_ring rollercoaster_1.csv,trainee,2,trainee__participant_2,ring_rollercoaster,1,B_kinematics_no_qc,ridge,3,14.0,17.166898857661078,-3.166898857661078,3.166898857661078
DVST_XI_14-16_Feb_2024_14_09.13.16_trainee_2_sea spikes_1.csv,trainee,2,trainee__participant_2,sea_spikes,1,B_kinematics_no_qc,ridge,3,15.0,17.342459968804146,-2.342459968804146,2.342459968804146
DVST_XI_14-16_Feb_2024_14_09.13.16_trainee_2_suture_1.csv,trainee,2,trainee__participant_2,suture,1,B_kinematics_no_qc,ridge,3,19.0,17.30290968302271,1.6970903169772917,1.6970903169772917
DVST_XI_14-16_Feb_2024_14_09.13.16_trainee_4_camera target_1.csv,trainee,4,trainee__participant_4,camera_target,1,B_kinematics_no_qc,ridge,3,16.0,16.84943041189897,-0.8494304118989717,0.8494304118989717
DVST_XI_14-16_Feb_2024_14_09.13.16_trainee_4_glove cut_1.csv,trainee,4,trainee__participant_4,glove_cut,1,B_kinematics_no_qc,ridge,3,23.0,18.884068827004608,4.115931172995392,4.115931172995392
DVST_XI_14-16_Feb_2024_14_09.13.16_trainee_4_ring rollercoaster_1.csv,trainee,4,trainee__participant_4,ring_rollercoaster,1,B_kinematics_no_qc,ridge,3,14.0,16.333322370729157,-2.3333223707291566,2.3333223707291566
DVST_XI_14-16_Feb_2024_14_09.13.16_trainee_4_sea spikes_1.csv,trainee,4,trainee__participant_4,sea_spikes,1,B_kinematics_no_qc,ridge,3,18.0,17.915799530597877,0.08420046940212345,0.08420046940212345
DVST_XI_14-16_Feb_2024_14_09.13.16_trainee_4_suture_1.csv,trainee,4,trainee__participant_4,suture,1,B_kinematics_no_qc,ridge,3,18.0,17.929569076932253,0.07043092306774668,0.07043092306774668
DVST_XI_14-16_Feb_2024_16_08.32.59_trainee_1_camera target_2.csv,trainee,1,trainee__participant_1,camera_target,2,B_kinematics_no_qc,ridge,3,19.0,18.228094537551378,0.7719054624486219,0.7719054624486219
DVST_XI_14-16_Feb_2024_16_08.32.59_trainee_1_glove cut_2.csv,trainee,1,trainee__participant_1,glove_cut,2,B_kinematics_no_qc,ridge,3,19.0,15.31942991367325,3.6805700863267496,3.6805700863267496
DVST_XI_14-16_Feb_2024_16_08.32.59_trainee_1_sea spikes_2.csv,trainee,1,trainee__participant_1,sea_spikes,2,B_kinematics_no_qc,ridge,3,19.0,18.988126415549065,0.011873584450935226,0.011873584450935226
DVST_XI_14-16_Feb_2024_16_08.32.59_trainee_1_suture_2.csv,trainee,1,trainee__participant_1,suture,2,B_kinematics_no_qc,ridge,3,17.0,17.19334050641818,-0.19334050641818123,0.19334050641818123
DVST_XI_14-16_Feb_2024_16_08.32.59_trainee_2_camera target_2.csv,trainee,2,trainee__participant_2,camera_target,2,B_kinematics_no_qc,ridge,3,16.0,19.227474175557457,-3.2274741755574574,3.2274741755574574
DVST_XI_14-16_Feb_2024_16_08.32.59_trainee_2_glove cut_2.csv,trainee,2,trainee__participant_2,glove_cut,2,B_kinematics_no_qc,ridge,3,19.0,16.410432375999996,2.5895676240000043,2.5895676240000043
DVST_XI_14-16_Feb_2024_16_08.32.59_trainee_2_ring rollercoaster_2.csv,trainee,2,trainee__participant_2,ring_rollercoaster,2,B_kinematics_no_qc,ridge,3,21.0,16.552680046091908,4.447319953908092,4.447319953908092
DVST_XI_14-16_Feb_2024_16_08.32.59_trainee_2_sea spikes_2.csv,trainee,2,trainee__participant_2,sea_spikes,2,B_kinematics_no_qc,ridge,3,17.0,18.567096471336857,-1.567096471336857,1.567096471336857
DVST_XI_14-16_Feb_2024_16_08.32.59_trainee_2_suture_2.csv,trainee,2,trainee__participant_2,suture,2,B_kinematics_no_qc,ridge,3,22.0,20.7803955142135,1.2196044857865012,1.2196044857865012
DVST_XI_14-16_Feb_2024_16_08.32.59_trainee_4_camera target_2.csv,trainee,4,trainee__participant_4,camera_target,2,B_kinematics_no_qc,ridge,3,23.0,18.037245194142734,4.962754805857266,4.962754805857266
DVST_XI_6-8_Mar_2025_06_10.41.14_trainee_31_ring rollercoaster_1.csv,trainee,31,trainee__participant_31,ring_rollercoaster,1,B_kinematics_no_qc,ridge,3,15.0,18.674411648685865,-3.674411648685865,3.674411648685865
DVST_XI_6-8_Mar_2025_06_10.41.14_trainee_31_sea spikes_1.csv,trainee,31,trainee__participant_31,sea_spikes,1,B_kinematics_no_qc,ridge,3,13.0,17.901233265292102,-4.9012332652921025,4.9012332652921025
DVST_XI_6-8_Mar_2025_06_10.41.14_trainee_36_ring rollercoaster_1.csv,trainee,36,trainee__participant_36,ring_rollercoaster,1,B_kinematics_no_qc,ridge,3,19.0,16.92785382539366,2.0721461746063383,2.0721461746063383
DVST_XI_6-8_Mar_2025_06_10.41.14_trainee_36_sea spikes_1.csv,trainee,36,trainee__participant_36,sea_spikes,1,B_kinematics_no_qc,ridge,3,16.0,16.372464213340848,-0.372464213340848,0.372464213340848
DVST_XI_6-8_Mar_2025_07_11.56.53_expert_2_camera target_1.csv,expert,2,expert__participant_2,camera_target,1,B_kinematics_no_qc,ridge,3,25.0,20.650149320921827,4.349850679078173,4.349850679078173
DVST_XI_6-8_Mar_2025_07_11.56.53_expert_2_glove cut_1.csv,expert,2,expert__participant_2,glove_cut,1,B_kinematics_no_qc,ridge,3,19.0,19.424819853822974,-0.4248198538229744,0.4248198538229744
DVST_XI_6-8_Mar_2025_07_11.56.53_expert_2_ring rollercoaster_1.csv,expert,2,expert__participant_2,ring_rollercoaster,1,B_kinematics_no_qc,ridge,3,20.0,19.61424169387712,0.38575830612288087,0.38575830612288087
DVST_XI_6-8_Mar_2025_07_11.56.53_expert_2_sea spikes_1.csv,expert,2,expert__participant_2,sea_spikes,1,B_kinematics_no_qc,ridge,3,18.0,19.45331201223826,-1.4533120122382606,1.4533120122382606
DVST_XI_6-8_Mar_2025_07_11.56.53_expert_2_suture_1.csv,expert,2,expert__participant_2,suture,1,B_kinematics_no_qc,ridge,3,23.0,22.753519649079653,0.24648035092034704,0.24648035092034704
DVST_XI_6-8_Mar_2025_07_11.56.53_trainee_31_glove cut_1.csv,trainee,31,trainee__participant_31,glove_cut,1,B_kinematics_no_qc,ridge,3,16.0,18.505613146600577,-2.5056131466005773,2.5056131466005773
DVST_XI_6-8_Mar_2025_07_11.56.53_trainee_36_glove cut_1.csv,trainee,36,trainee__participant_36,glove_cut,1,B_kinematics_no_qc,ridge,3,18.0,18.785794319269225,-0.7857943192692254,0.7857943192692254
DVST_XI_7-11_Mar_2024_08_13.12.17_trainee_8_ring rollercoaster_1.csv,trainee,8,trainee__participant_8,ring_rollercoaster,1,B_kinematics_no_qc,ridge,3,12.0,16.54023838028509,-4.540238380285089,4.540238380285089
DVST_XI_7-11_Mar_2024_08_13.12.17_trainee_8_sea spikes_1.csv,trainee,8,trainee__participant_8,sea_spikes,1,B_kinematics_no_qc,ridge,3,18.0,17.48188226296771,0.5181177370322914,0.5181177370322914
DVST_XI_7-11_Mar_2024_09_10.19.01_trainee_8_camera target_1.csv,trainee,8,trainee__participant_8,camera_target,1,B_kinematics_no_qc,ridge,3,10.0,12.780767303453299,-2.780767303453299,2.780767303453299
DVST_XI_7-11_Mar_2024_09_10.19.01_trainee_8_glove cut_1.csv,trainee,8,trainee__participant_8,glove_cut,1,B_kinematics_no_qc,ridge,3,17.0,16.90343643408734,0.09656356591266047,0.09656356591266047
DVST_XI_7-11_Mar_2024_09_13.46.11_trainee_8_suture_1.csv,trainee,8,trainee__participant_8,suture,1,B_kinematics_no_qc,ridge,3,17.0,20.245297434619342,-3.245297434619342,3.245297434619342
DVST_XI_7-11_Mar_2024_10_08.59.30_trainee_8_ring rollercoaster_2.csv,trainee,8,trainee__participant_8,ring_rollercoaster,2,B_kinematics_no_qc,ridge,3,16.0,18.2346896015489,-2.234689601548901,2.234689601548901
DVST_XI_7-11_Mar_2024_10_08.59.30_trainee_8_sea spikes_2.csv,trainee,8,trainee__participant_8,sea_spikes,2,B_kinematics_no_qc,ridge,3,20.0,18.593568214238537,1.4064317857614625,1.4064317857614625
DVST_XI_Griffin_29_sep-1_oct_2024_01_10.39.05_trainee_18_camera target_2.csv,trainee,18,trainee__participant_18,camera_target,2,B_kinematics_no_qc,ridge,3,18.0,22.507605195362814,-4.507605195362814,4.507605195362814
DVST_XI_Griffin_29_sep-1_oct_2024_29_09.07.40_trainee_18_camera target_1.csv,trainee,18,trainee__participant_18,camera_target,1,B_kinematics_no_qc,ridge,3,19.0,40.15416869067604,-21.154168690676038,21.154168690676038
DVST_XI_Griffin_29_sep-1_oct_2024_29_09.07.40_trainee_18_suture_1.csv,trainee,18,trainee__participant_18,suture,1,B_kinematics_no_qc,ridge,3,12.0,10.69702422588913,1.3029757741108696,1.3029757741108696
DVST_XI_Griffin_29_sep-1_oct_2024_30_12.18.00_trainee_18_glove cut_2.csv,trainee,18,trainee__participant_18,glove_cut,2,B_kinematics_no_qc,ridge,3,22.0,19.86386028093205,2.1361397190679483,2.1361397190679483
DVST_XI_Griffin_29_sep-1_oct_2024_30_12.18.00_trainee_18_ring rollercoaster_2.csv,trainee,18,trainee__participant_18,ring_rollercoaster,2,B_kinematics_no_qc,ridge,3,24.0,20.107809596027888,3.892190403972112,3.892190403972112
DVST_XI_Griffin_29_sep-1_oct_2024_30_12.18.00_trainee_18_sea spikes_2.csv,trainee,18,trainee__participant_18,sea_spikes,2,B_kinematics_no_qc,ridge,3,22.0,20.640125667247236,1.3598743327527636,1.3598743327527636
DVST_XI_Griffin_29_sep-1_oct_2024_30_12.18.00_trainee_18_suture_2.csv,trainee,18,trainee__participant_18,suture,2,B_kinematics_no_qc,ridge,3,22.0,20.8196041217149,1.1803958782851005,1.1803958782851005
DVST_XI_10-13_Nov_2025_12_10.36.46_expert_10_camera target_1.csv,expert,10,expert__participant_10,camera_target,1,B_kinematics_no_qc,ridge,4,30.0,27.093705677613723,2.9062943223862767,2.9062943223862767
DVST_XI_10-13_Nov_2025_12_10.36.46_expert_10_glove cut_1.csv,expert,10,expert__participant_10,glove_cut,1,B_kinematics_no_qc,ridge,4,28.0,24.290659334714043,3.709340665285957,3.709340665285957
DVST_XI_10-13_Nov_2025_12_10.36.46_expert_10_ring rollercoaster_1.csv,expert,10,expert__participant_10,ring_rollercoaster,1,B_kinematics_no_qc,ridge,4,29.0,23.157737851922946,5.8422621480770545,5.8422621480770545
DVST_XI_10-13_Nov_2025_12_10.36.46_expert_10_sea spikes_1.csv,expert,10,expert__participant_10,sea_spikes,1,B_kinematics_no_qc,ridge,4,29.0,22.391820681906992,6.608179318093008,6.608179318093008
DVST_XI_10-13_Nov_2025_12_10.36.46_expert_10_suture_1.csv,expert,10,expert__participant_10,suture,1,B_kinematics_no_qc,ridge,4,30.0,26.691685403541776,3.3083145964582243,3.3083145964582243
DVST_XI_11-14_Aug_2025_13_11.33.24_expert_7_camera target_1.csv,expert,7,expert__participant_7,camera_target,1,B_kinematics_no_qc,ridge,4,28.0,24.47490649428421,3.525093505715791,3.525093505715791
DVST_XI_11-14_Aug_2025_13_11.33.24_expert_7_glove cut_1.csv,expert,7,expert__participant_7,glove_cut,1,B_kinematics_no_qc,ridge,4,25.0,21.697418837185182,3.3025811628148176,3.3025811628148176
DVST_XI_11-14_Aug_2025_13_11.33.24_expert_7_ring rollercoaster_1.csv,expert,7,expert__participant_7,ring_rollercoaster,1,B_kinematics_no_qc,ridge,4,20.0,20.757150210937432,-0.7571502109374322,0.7571502109374322
DVST_XI_11-14_Aug_2025_13_11.33.24_expert_7_sea spikes_1.csv,expert,7,expert__participant_7,sea_spikes,1,B_kinematics_no_qc,ridge,4,20.0,21.148280253295297,-1.1482802532952974,1.1482802532952974
DVST_XI_11-14_Aug_2025_13_11.33.24_expert_7_suture_1.csv,expert,7,expert__participant_7,suture,1,B_kinematics_no_qc,ridge,4,29.0,24.360631038345055,4.639368961654945,4.639368961654945
DVST_XI_19-22_May_2025_22_09.34.36_trainee_40_camera target_2.csv,trainee,40,trainee__participant_40,camera_target,2,B_kinematics_no_qc,ridge,4,24.0,24.90021171223048,-0.9002117122304796,0.9002117122304796
DVST_XI_19-22_May_2025_22_09.34.36_trainee_40_glove cut_2.csv,trainee,40,trainee__participant_40,glove_cut,2,B_kinematics_no_qc,ridge,4,24.0,21.68437697342049,2.315623026579509,2.315623026579509
DVST_XI_6-8_Mar_2025_06_10.41.14_trainee_33_camera target_1.csv,trainee,33,trainee__participant_33,camera_target,1,B_kinematics_no_qc,ridge,4,23.0,20.918085447386492,2.081914552613508,2.081914552613508
DVST_XI_6-8_Mar_2025_06_10.41.14_trainee_33_ring rollercoaster_1.csv,trainee,33,trainee__participant_33,ring_rollercoaster,1,B_kinematics_no_qc,ridge,4,21.0,21.37324418298651,-0.37324418298651096,0.37324418298651096
DVST_XI_6-8_Mar_2025_06_10.41.14_trainee_33_sea spikes_1.csv,trainee,33,trainee__participant_33,sea_spikes,1,B_kinematics_no_qc,ridge,4,16.0,17.72807000377026,-1.7280700037702594,1.7280700037702594
DVST_XI_6-8_Mar_2025_06_10.41.14_trainee_35_ring rollercoaster_1.csv,trainee,35,trainee__participant_35,ring_rollercoaster,1,B_kinematics_no_qc,ridge,4,18.0,16.112056545757255,1.8879434542427447,1.8879434542427447
DVST_XI_6-8_Mar_2025_06_10.41.14_trainee_35_sea spikes_1.csv,trainee,35,trainee__participant_35,sea_spikes,1,B_kinematics_no_qc,ridge,4,15.0,14.897543462356975,0.10245653764302531,0.10245653764302531
DVST_XI_6-8_Mar_2025_07_11.56.53_trainee_33_camera target_2.csv,trainee,33,trainee__participant_33,camera_target,2,B_kinematics_no_qc,ridge,4,19.0,20.7898093002537,-1.789809300253701,1.789809300253701
DVST_XI_6-8_Mar_2025_07_11.56.53_trainee_33_glove cut_1.csv,trainee,33,trainee__participant_33,glove_cut,1,B_kinematics_no_qc,ridge,4,18.0,19.846704937742835,-1.8467049377428353,1.8467049377428353
DVST_XI_6-8_Mar_2025_07_11.56.53_trainee_33_sea spikes_2.csv,trainee,33,trainee__participant_33,sea_spikes,2,B_kinematics_no_qc,ridge,4,20.0,18.585158095682146,1.4148419043178535,1.4148419043178535
DVST_XI_6-8_Mar_2025_07_11.56.53_trainee_35_camera target_2.csv,trainee,35,trainee__participant_35,camera_target,2,B_kinematics_no_qc,ridge,4,18.0,21.85651823115124,-3.8565182311512416,3.8565182311512416
DVST_XI_6-8_Mar_2025_07_11.56.53_trainee_35_glove cut_1.csv,trainee,35,trainee__participant_35,glove_cut,1,B_kinematics_no_qc,ridge,4,16.0,19.25784396362146,-3.257843963621461,3.257843963621461
DVST_XI_6-8_Mar_2025_07_11.56.53_trainee_35_sea spikes_2.csv,trainee,35,trainee__participant_35,sea_spikes,2,B_kinematics_no_qc,ridge,4,21.0,19.95412109384189,1.0458789061581086,1.0458789061581086
DVST_XI_7-11_Mar_2024_08_13.12.17_trainee_7_ring rollercoaster_1.csv,trainee,7,trainee__participant_7,ring_rollercoaster,1,B_kinematics_no_qc,ridge,4,15.0,15.719234492072573,-0.7192344920725731,0.7192344920725731
DVST_XI_7-11_Mar_2024_08_13.12.17_trainee_7_sea spikes_1.csv,trainee,7,trainee__participant_7,sea_spikes,1,B_kinematics_no_qc,ridge,4,19.0,15.514257942809806,3.485742057190194,3.485742057190194
DVST_XI_7-11_Mar_2024_09_10.19.01_trainee_7_camera target_1.csv,trainee,7,trainee__participant_7,camera_target,1,B_kinematics_no_qc,ridge,4,17.0,18.674318305283048,-1.6743183052830481,1.6743183052830481
DVST_XI_7-11_Mar_2024_09_10.19.01_trainee_7_glove cut_1.csv,trainee,7,trainee__participant_7,glove_cut,1,B_kinematics_no_qc,ridge,4,15.0,15.612955459130411,-0.6129554591304114,0.6129554591304114
DVST_XI_7-11_Mar_2024_09_13.46.11_trainee_7_suture_1.csv,trainee,7,trainee__participant_7,suture,1,B_kinematics_no_qc,ridge,4,17.0,18.453210714887028,-1.4532107148870281,1.4532107148870281
DVST_XI_7-11_Mar_2024_10_08.59.30_trainee_7_ring rollercoaster_2.csv,trainee,7,trainee__participant_7,ring_rollercoaster,2,B_kinematics_no_qc,ridge,4,18.0,18.801122906997662,-0.8011229069976622,0.8011229069976622
DVST_XI_7-11_Mar_2024_10_08.59.30_trainee_7_sea spikes_2.csv,trainee,7,trainee__participant_7,sea_spikes,2,B_kinematics_no_qc,ridge,4,20.0,18.108819072128373,1.891180927871627,1.891180927871627
DVST_XI_Griffin_16-19_07_2024_16_08.46.09_trainee_15_glove cut_1.csv,trainee,15,trainee__participant_15,glove_cut,1,B_kinematics_no_qc,ridge,4,17.0,19.516434353054535,-2.5164343530545352,2.5164343530545352
DVST_XI_Griffin_16-19_07_2024_16_08.46.09_trainee_15_ring rollercoaster_1.csv,trainee,15,trainee__participant_15,ring_rollercoaster,1,B_kinematics_no_qc,ridge,4,18.0,19.705877607925686,-1.7058776079256859,1.7058776079256859
DVST_XI_Griffin_16-19_07_2024_16_08.46.09_trainee_15_sea spikes_1.csv,trainee,15,trainee__participant_15,sea_spikes,1,B_kinematics_no_qc,ridge,4,20.0,18.229174184053097,1.7708258159469032,1.7708258159469032
DVST_XI_Griffin_16-19_07_2024_16_08.46.09_trainee_15_suture_1.csv,trainee,15,trainee__participant_15,suture,1,B_kinematics_no_qc,ridge,4,15.0,17.42849148607012,-2.4284914860701186,2.4284914860701186
DVST_XI_Griffin_16-19_07_2024_16_08.46.09_trainee_16_glove cut_1.csv,trainee,16,trainee__participant_16,glove_cut,1,B_kinematics_no_qc,ridge,4,15.0,18.169458679187937,-3.1694586791879367,3.1694586791879367
DVST_XI_Griffin_16-19_07_2024_16_08.46.09_trainee_16_ring rollercoaster_1.csv,trainee,16,trainee__participant_16,ring_rollercoaster,1,B_kinematics_no_qc,ridge,4,20.0,18.228514349670405,1.7714856503295948,1.7714856503295948
DVST_XI_Griffin_16-19_07_2024_16_08.46.09_trainee_16_sea spikes_1.csv,trainee,16,trainee__participant_16,sea_spikes,1,B_kinematics_no_qc,ridge,4,16.0,16.279624037300188,-0.2796240373001879,0.2796240373001879
DVST_XI_Griffin_16-19_07_2024_16_08.46.09_trainee_16_suture_1.csv,trainee,16,trainee__participant_16,suture,1,B_kinematics_no_qc,ridge,4,21.0,16.650936916009037,4.349063083990963,4.349063083990963
DVST_XI_Griffin_16-19_07_2024_17_12.20.23_trainee_15_camera target_1.csv,trainee,15,trainee__participant_15,camera_target,1,B_kinematics_no_qc,ridge,4,18.0,20.757344871755052,-2.757344871755052,2.757344871755052
DVST_XI_Griffin_16-19_07_2024_17_12.20.23_trainee_16_camera target_1.csv,trainee,16,trainee__participant_16,camera_target,1,B_kinematics_no_qc,ridge,4,23.0,20.99961604163475,2.0003839583652514,2.0003839583652514
DVST_XI_Griffin_16-19_07_2024_17_12.20.23_trainee_16_ring rollercoaster_2.csv,trainee,16,trainee__participant_16,ring_rollercoaster,2,B_kinematics_no_qc,ridge,4,23.0,20.68822587898922,2.3117741210107816,2.3117741210107816
DVST_XI_Griffin_16-19_07_2024_18_08.46.52_trainee_15_sea spikes_2.csv,trainee,15,trainee__participant_15,sea_spikes,2,B_kinematics_no_qc,ridge,4,23.0,20.210742165350947,2.789257834649053,2.789257834649053
DVST_XI_Griffin_16-19_07_2024_18_08.46.52_trainee_15_suture_2.csv,trainee,15,trainee__participant_15,suture,2,B_kinematics_no_qc,ridge,4,26.0,20.85739110009564,5.14260889990436,5.14260889990436
DVST_XI_Griffin_16-19_07_2024_18_08.46.52_trainee_16_sea spikes_2.csv,trainee,16,trainee__participant_16,sea_spikes,2,B_kinematics_no_qc,ridge,4,21.0,19.462001764881006,1.5379982351189945,1.5379982351189945
DVST_XI_Griffin_16-19_07_2024_18_08.46.52_trainee_16_suture_2.csv,trainee,16,trainee__participant_16,suture,2,B_kinematics_no_qc,ridge,4,29.0,22.316217942329892,6.683782057670108,6.683782057670108
DVST_XI_Griffin_16-19_07_2024_19_09.39.41_trainee_16_camera target_2.csv,trainee,16,trainee__participant_16,camera_target,2,B_kinematics_no_qc,ridge,4,23.0,20.08653937063972,2.91346062936028,2.91346062936028
DVST_XI_Griffin_16-19_07_2024_19_09.39.41_trainee_16_glove cut_2.csv,trainee,16,trainee__participant_16,glove_cut,2,B_kinematics_no_qc,ridge,4,24.0,17.790355934146028,6.209644065853972,6.209644065853972
DVST_XI_10-13_Nov_2025_12_10.36.46_expert_9_camera target_1.csv,expert,9,expert__participant_9,camera_target,1,B_kinematics_no_qc,ridge,5,28.0,24.214080552477256,3.785919447522744,3.785919447522744
DVST_XI_10-13_Nov_2025_12_10.36.46_expert_9_glove cut_1.csv,expert,9,expert__participant_9,glove_cut,1,B_kinematics_no_qc,ridge,5,29.0,23.578675069709195,5.421324930290805,5.421324930290805
DVST_XI_10-13_Nov_2025_12_10.36.46_expert_9_ring rollercoaster_1.csv,expert,9,expert__participant_9,ring_rollercoaster,1,B_kinematics_no_qc,ridge,5,29.0,23.097357824940637,5.902642175059363,5.902642175059363
DVST_XI_10-13_Nov_2025_12_10.36.46_expert_9_sea spikes_1.csv,expert,9,expert__participant_9,sea_spikes,1,B_kinematics_no_qc,ridge,5,29.0,22.647218679032655,6.352781320967345,6.352781320967345
DVST_XI_10-13_Nov_2025_12_10.36.46_expert_9_suture_1.csv,expert,9,expert__participant_9,suture,1,B_kinematics_no_qc,ridge,5,28.0,24.515560686220518,3.4844393137794825,3.4844393137794825
DVST_XI_19-22_May_2025_22_09.34.36_trainee_39_camera target_2.csv,trainee,39,trainee__participant_39,camera_target,2,B_kinematics_no_qc,ridge,5,19.0,23.594522932715314,-4.594522932715314,4.594522932715314
DVST_XI_19-22_May_2025_22_09.34.36_trainee_39_glove cut_2.csv,trainee,39,trainee__participant_39,glove_cut,2,B_kinematics_no_qc,ridge,5,22.0,21.632585877181068,0.36741412281893204,0.36741412281893204
DVST_XI_6-8_Mar_2025_07_11.56.53_expert_1_camera target_1.csv,expert,1,expert__participant_1,camera_target,1,B_kinematics_no_qc,ridge,5,26.0,23.152235125598356,2.847764874401644,2.847764874401644
DVST_XI_6-8_Mar_2025_07_11.56.53_expert_1_glove cut_1.csv,expert,1,expert__participant_1,glove_cut,1,B_kinematics_no_qc,ridge,5,20.0,21.97780431361416,-1.9778043136141612,1.9778043136141612
DVST_XI_6-8_Mar_2025_07_11.56.53_expert_1_ring rollercoaster_1.csv,expert,1,expert__participant_1,ring_rollercoaster,1,B_kinematics_no_qc,ridge,5,21.0,22.12343875497011,-1.1234387549701097,1.1234387549701097
DVST_XI_6-8_Mar_2025_07_11.56.53_expert_1_sea spikes_1.csv,expert,1,expert__participant_1,sea_spikes,1,B_kinematics_no_qc,ridge,5,23.0,21.288968554757435,1.7110314452425648,1.7110314452425648
DVST_XI_6-8_Mar_2025_07_11.56.53_expert_1_suture_1.csv,expert,1,expert__participant_1,suture,1,B_kinematics_no_qc,ridge,5,26.0,24.26876456884807,1.73123543115193,1.73123543115193
DVST_XI_7-11_Jul_2025_10_09.40.17_expert_6_camera target_1.csv,expert,6,expert__participant_6,camera_target,1,B_kinematics_no_qc,ridge,5,25.0,23.24432399359112,1.7556760064088799,1.7556760064088799
DVST_XI_7-11_Jul_2025_10_09.40.17_expert_6_glove cut_1.csv,expert,6,expert__participant_6,glove_cut,1,B_kinematics_no_qc,ridge,5,23.0,21.327087257614526,1.6729127423854742,1.6729127423854742
DVST_XI_7-11_Jul_2025_10_09.40.17_expert_6_ring rollercoaster_1.csv,expert,6,expert__participant_6,ring_rollercoaster,1,B_kinematics_no_qc,ridge,5,23.0,21.63679801088526,1.3632019891147387,1.3632019891147387
DVST_XI_7-11_Jul_2025_10_09.40.17_expert_6_sea spikes_1.csv,expert,6,expert__participant_6,sea_spikes,1,B_kinematics_no_qc,ridge,5,23.0,21.260719019963858,1.739280980036142,1.739280980036142
DVST_XI_7-11_Jul_2025_10_09.40.17_expert_6_suture_1.csv,expert,6,expert__participant_6,suture,1,B_kinematics_no_qc,ridge,5,26.0,23.028654420341727,2.971345579658273,2.971345579658273
DVST_XI_7-11_Mar_2024_08_13.12.17_trainee_11_ring rollercoaster_1.csv,trainee,11,trainee__participant_11,ring_rollercoaster,1,B_kinematics_no_qc,ridge,5,18.0,17.096821116377598,0.9031788836224024,0.9031788836224024
DVST_XI_7-11_Mar_2024_08_13.12.17_trainee_11_sea spikes_1.csv,trainee,11,trainee__participant_11,sea_spikes,1,B_kinematics_no_qc,ridge,5,18.0,19.086640691258825,-1.0866406912588253,1.0866406912588253
DVST_XI_7-11_Mar_2024_09_10.19.01_trainee_11_camera target_1.csv,trainee,11,trainee__participant_11,camera_target,1,B_kinematics_no_qc,ridge,5,10.0,13.672630949338668,-3.672630949338668,3.672630949338668
DVST_XI_7-11_Mar_2024_09_10.19.01_trainee_11_glove cut_1.csv,trainee,11,trainee__participant_11,glove_cut,1,B_kinematics_no_qc,ridge,5,18.0,17.21912245332972,0.7808775466702791,0.7808775466702791
DVST_XI_7-11_Mar_2024_09_13.46.11_trainee_11_suture_1.csv,trainee,11,trainee__participant_11,suture,1,B_kinematics_no_qc,ridge,5,18.0,19.003481351795497,-1.0034813517954966,1.0034813517954966
DVST_XI_7-11_Mar_2024_10_08.59.30_trainee_11_ring rollercoaster_2.csv,trainee,11,trainee__participant_11,ring_rollercoaster,2,B_kinematics_no_qc,ridge,5,16.0,19.03249063726285,-3.0324906372628497,3.0324906372628497
DVST_XI_7-11_Mar_2024_10_08.59.30_trainee_11_sea spikes_2.csv,trainee,11,trainee__participant_11,sea_spikes,2,B_kinematics_no_qc,ridge,5,18.0,20.16270512446338,-2.162705124463379,2.162705124463379
DVST_XI_Griffin_16-19_07_2024_16_08.46.09_trainee_14_glove cut_1.csv,trainee,14,trainee__participant_14,glove_cut,1,B_kinematics_no_qc,ridge,5,11.0,17.744386195159493,-6.744386195159493,6.744386195159493
DVST_XI_Griffin_16-19_07_2024_16_08.46.09_trainee_14_ring rollercoaster_1.csv,trainee,14,trainee__participant_14,ring_rollercoaster,1,B_kinematics_no_qc,ridge,5,16.0,19.082338662650105,-3.0823386626501055,3.0823386626501055
DVST_XI_Griffin_16-19_07_2024_16_08.46.09_trainee_14_sea spikes_1.csv,trainee,14,trainee__participant_14,sea_spikes,1,B_kinematics_no_qc,ridge,5,12.0,12.635235801610381,-0.6352358016103814,0.6352358016103814
DVST_XI_Griffin_16-19_07_2024_16_08.46.09_trainee_14_suture_1.csv,trainee,14,trainee__participant_14,suture,1,B_kinematics_no_qc,ridge,5,15.0,19.47240028083426,-4.472400280834261,4.472400280834261
DVST_XI_Griffin_16-19_07_2024_17_12.20.23_trainee_13_camera target_1.csv,trainee,13,trainee__participant_13,camera_target,1,B_kinematics_no_qc,ridge,5,19.0,20.92520852632002,-1.92520852632002,1.92520852632002
DVST_XI_Griffin_16-19_07_2024_17_12.20.23_trainee_13_glove cut_1.csv,trainee,13,trainee__participant_13,glove_cut,1,B_kinematics_no_qc,ridge,5,23.0,18.90532746646439,4.094672533535611,4.094672533535611
DVST_XI_Griffin_16-19_07_2024_17_12.20.23_trainee_13_ring rollercoaster_1.csv,trainee,13,trainee__participant_13,ring_rollercoaster,1,B_kinematics_no_qc,ridge,5,17.0,20.642667274521354,-3.6426672745213544,3.6426672745213544
DVST_XI_Griffin_16-19_07_2024_17_12.20.23_trainee_13_ring rollercoaster_2.csv,trainee,13,trainee__participant_13,ring_rollercoaster,2,B_kinematics_no_qc,ridge,5,22.0,20.83217779127653,1.1678222087234715,1.1678222087234715
DVST_XI_Griffin_16-19_07_2024_17_12.20.23_trainee_13_sea spikes_1.csv,trainee,13,trainee__participant_13,sea_spikes,1,B_kinematics_no_qc,ridge,5,17.0,20.287452269721065,-3.287452269721065,3.287452269721065
DVST_XI_Griffin_16-19_07_2024_17_12.20.23_trainee_13_suture_1.csv,trainee,13,trainee__participant_13,suture,1,B_kinematics_no_qc,ridge,5,23.0,20.793114870729955,2.206885129270045,2.206885129270045
DVST_XI_Griffin_16-19_07_2024_17_12.20.23_trainee_14_camera target_1.csv,trainee,14,trainee__participant_14,camera_target,1,B_kinematics_no_qc,ridge,5,14.0,15.238209881735626,-1.2382098817356262,1.2382098817356262
DVST_XI_Griffin_16-19_07_2024_18_08.46.52_trainee_13_sea spikes_2.csv,trainee,13,trainee__participant_13,sea_spikes,2,B_kinematics_no_qc,ridge,5,21.0,23.363414567742183,-2.3634145677421827,2.3634145677421827
DVST_XI_Griffin_16-19_07_2024_18_08.46.52_trainee_13_suture_2.csv,trainee,13,trainee__participant_13,suture,2,B_kinematics_no_qc,ridge,5,28.0,23.01572192618202,4.984278073817979,4.984278073817979
DVST_XI_Griffin_16-19_07_2024_18_08.46.52_trainee_14_sea spikes_2.csv,trainee,14,trainee__participant_14,sea_spikes,2,B_kinematics_no_qc,ridge,5,20.0,20.77582929189729,-0.7758292918972884,0.7758292918972884
DVST_XI_Griffin_16-19_07_2024_18_08.46.52_trainee_14_suture_2.csv,trainee,14,trainee__participant_14,suture,2,B_kinematics_no_qc,ridge,5,29.0,24.98974415068167,4.01025584931833,4.01025584931833
DVST_XI_Griffin_16-19_07_2024_19_09.39.41_trainee_13_camera target_2.csv,trainee,13,trainee__participant_13,camera_target,2,B_kinematics_no_qc,ridge,5,17.0,22.045149957703853,-5.0451499577038526,5.0451499577038526
DVST_XI_Griffin_16-19_07_2024_19_09.39.41_trainee_14_glove cut_2.csv,trainee,14,trainee__participant_14,glove_cut,2,B_kinematics_no_qc,ridge,5,18.0,18.196305478922874,-0.19630547892287353,0.19630547892287353
DVST_XI_Griffin_29_sep-1_oct_2024_01_10.39.05_trainee_20_camera target_2.csv,trainee,20,trainee__participant_20,camera_target,2,B_kinematics_no_qc,ridge,5,14.0,20.407019231990237,-6.407019231990237,6.407019231990237
DVST_XI_Griffin_29_sep-1_oct_2024_29_09.07.40_trainee_20_camera target_1.csv,trainee,20,trainee__participant_20,camera_target,1,B_kinematics_no_qc,ridge,5,15.0,14.854512561666382,0.14548743833361755,0.14548743833361755
DVST_XI_Griffin_29_sep-1_oct_2024_29_09.07.40_trainee_20_suture_1.csv,trainee,20,trainee__participant_20,suture,1,B_kinematics_no_qc,ridge,5,13.0,16.265349349253803,-3.2653493492538033,3.2653493492538033
DVST_XI_Griffin_29_sep-1_oct_2024_30_12.18.00_trainee_20_glove cut_2.csv,trainee,20,trainee__participant_20,glove_cut,2,B_kinematics_no_qc,ridge,5,17.0,20.887224970014664,-3.887224970014664,3.887224970014664
DVST_XI_Griffin_29_sep-1_oct_2024_30_12.18.00_trainee_20_ring rollercoaster_2.csv,trainee,20,trainee__participant_20,ring_rollercoaster,2,B_kinematics_no_qc,ridge,5,21.0,18.95041650619144,2.0495834938085586,2.0495834938085586
DVST_XI_Griffin_29_sep-1_oct_2024_30_12.18.00_trainee_20_sea spikes_2.csv,trainee,20,trainee__participant_20,sea_spikes,2,B_kinematics_no_qc,ridge,5,21.0,20.751078692357495,0.24892130764250453,0.24892130764250453
DVST_XI_11-14_Aug_2025_14_10.45.28_expert_8_camera target_1.csv,expert,8,expert__participant_8,camera_target,1,B_kinematics_no_qc,elastic_net,1,28.0,22.539342508926033,5.460657491073967,5.460657491073967
DVST_XI_11-14_Aug_2025_14_10.45.28_expert_8_glove cut_1.csv,expert,8,expert__participant_8,glove_cut,1,B_kinematics_no_qc,elastic_net,1,24.0,20.897321880613806,3.1026781193861943,3.1026781193861943
DVST_XI_11-14_Aug_2025_14_10.45.28_expert_8_ring rollercoaster_1.csv,expert,8,expert__participant_8,ring_rollercoaster,1,B_kinematics_no_qc,elastic_net,1,24.0,22.43333766776604,1.5666623322339603,1.5666623322339603
DVST_XI_11-14_Aug_2025_14_10.45.28_expert_8_sea spikes_1.csv,expert,8,expert__participant_8,sea_spikes,1,B_kinematics_no_qc,elastic_net,1,22.0,20.165093681240297,1.8349063187597032,1.8349063187597032
DVST_XI_11-14_Aug_2025_14_10.45.28_expert_8_suture_1.csv,expert,8,expert__participant_8,suture,1,B_kinematics_no_qc,elastic_net,1,29.0,28.148361867642556,0.8516381323574436,0.8516381323574436
DVST_XI_14-16_Feb_2024_14_09.13.16_trainee_5_camera target_1.csv,trainee,5,trainee__participant_5,camera_target,1,B_kinematics_no_qc,elastic_net,1,7.0,12.299748503696385,-5.299748503696385,5.299748503696385
DVST_XI_14-16_Feb_2024_14_09.13.16_trainee_5_glove cut_1.csv,trainee,5,trainee__participant_5,glove_cut,1,B_kinematics_no_qc,elastic_net,1,11.0,14.196184778048082,-3.1961847780480817,3.1961847780480817
DVST_XI_14-16_Feb_2024_14_09.13.16_trainee_5_ring rollercoaster_1.csv,trainee,5,trainee__participant_5,ring_rollercoaster,1,B_kinematics_no_qc,elastic_net,1,17.0,12.021352187651999,4.978647812348001,4.978647812348001
DVST_XI_14-16_Feb_2024_14_09.13.16_trainee_5_sea spikes_1.csv,trainee,5,trainee__participant_5,sea_spikes,1,B_kinematics_no_qc,elastic_net,1,16.0,15.230161353935657,0.7698386460643434,0.7698386460643434
DVST_XI_14-16_Feb_2024_14_09.13.16_trainee_5_suture_1.csv,trainee,5,trainee__participant_5,suture,1,B_kinematics_no_qc,elastic_net,1,16.0,15.75591935447181,0.24408064552818942,0.24408064552818942
DVST_XI_14-16_Feb_2024_16_08.32.59_trainee_5_camera target_2.csv,trainee,5,trainee__participant_5,camera_target,2,B_kinematics_no_qc,elastic_net,1,21.0,18.224963723664548,2.7750362763354524,2.7750362763354524
DVST_XI_14-16_Feb_2024_16_08.32.59_trainee_5_glove cut_2.csv,trainee,5,trainee__participant_5,glove_cut,2,B_kinematics_no_qc,elastic_net,1,19.0,15.459058840567675,3.5409411594323252,3.5409411594323252
DVST_XI_14-16_Feb_2024_16_08.32.59_trainee_5_ring rollercoaster_2.csv,trainee,5,trainee__participant_5,ring_rollercoaster,2,B_kinematics_no_qc,elastic_net,1,23.0,15.589062655230457,7.410937344769543,7.410937344769543
DVST_XI_14-16_Feb_2024_16_08.32.59_trainee_5_sea spikes_2.csv,trainee,5,trainee__participant_5,sea_spikes,2,B_kinematics_no_qc,elastic_net,1,21.0,18.580821780908174,2.419178219091826,2.419178219091826
DVST_XI_14-16_Feb_2024_16_08.32.59_trainee_5_suture_2.csv,trainee,5,trainee__participant_5,suture,2,B_kinematics_no_qc,elastic_net,1,21.0,18.973131920475556,2.0268680795244443,2.0268680795244443
DVST_XI_19-22_May_2025_21_09.43.23_expert_5_camera target_1.csv,expert,5,expert__participant_5,camera_target,1,B_kinematics_no_qc,elastic_net,1,30.0,25.72212129978514,4.27787870021486,4.27787870021486
DVST_XI_19-22_May_2025_21_09.43.23_expert_5_glove cut_1.csv,expert,5,expert__participant_5,glove_cut,1,B_kinematics_no_qc,elastic_net,1,24.0,22.88502796596732,1.1149720340326787,1.1149720340326787
DVST_XI_19-22_May_2025_21_09.43.23_expert_5_ring rollercoaster_1.csv,expert,5,expert__participant_5,ring_rollercoaster,1,B_kinematics_no_qc,elastic_net,1,24.0,22.774712135082567,1.2252878649174335,1.2252878649174335
DVST_XI_19-22_May_2025_21_09.43.23_expert_5_sea spikes_1.csv,expert,5,expert__participant_5,sea_spikes,1,B_kinematics_no_qc,elastic_net,1,24.0,23.902065774792156,0.0979342252078439,0.0979342252078439
DVST_XI_19-22_May_2025_21_09.43.23_expert_5_suture_1.csv,expert,5,expert__participant_5,suture,1,B_kinematics_no_qc,elastic_net,1,29.0,25.772154840674503,3.227845159325497,3.227845159325497
DVST_XI_19-22_May_2025_22_09.34.36_trainee_38_camera target_2.csv,trainee,38,trainee__participant_38,camera_target,2,B_kinematics_no_qc,elastic_net,1,22.0,28.14817258461189,-6.148172584611888,6.148172584611888
DVST_XI_19-22_May_2025_22_09.34.36_trainee_38_glove cut_2.csv,trainee,38,trainee__participant_38,glove_cut,2,B_kinematics_no_qc,elastic_net,1,18.0,21.802443086244185,-3.8024430862441854,3.8024430862441854
DVST_XI_19-22_May_2025_22_09.34.36_trainee_42_camera target_2.csv,trainee,42,trainee__participant_42,camera_target,2,B_kinematics_no_qc,elastic_net,1,19.0,17.822982310977274,1.1770176890227262,1.1770176890227262
DVST_XI_19-22_May_2025_22_09.34.36_trainee_42_glove cut_2.csv,trainee,42,trainee__participant_42,glove_cut,2,B_kinematics_no_qc,elastic_net,1,16.0,18.478099815487546,-2.478099815487546,2.478099815487546
DVST_XI_6-8_Mar_2025_06_10.41.14_trainee_34_camera target_1.csv,trainee,34,trainee__participant_34,camera_target,1,B_kinematics_no_qc,elastic_net,1,18.0,19.698260964705604,-1.6982609647056037,1.6982609647056037
DVST_XI_6-8_Mar_2025_06_10.41.14_trainee_34_ring rollercoaster_1.csv,trainee,34,trainee__participant_34,ring_rollercoaster,1,B_kinematics_no_qc,elastic_net,1,14.0,13.69036616118248,0.30963383881752016,0.30963383881752016
DVST_XI_6-8_Mar_2025_06_10.41.14_trainee_34_sea spikes_1.csv,trainee,34,trainee__participant_34,sea_spikes,1,B_kinematics_no_qc,elastic_net,1,14.0,14.052649624373666,-0.05264962437366627,0.05264962437366627
DVST_XI_6-8_Mar_2025_07_11.56.53_trainee_34_glove cut_1.csv,trainee,34,trainee__participant_34,glove_cut,1,B_kinematics_no_qc,elastic_net,1,12.0,11.589039823830424,0.41096017616957603,0.41096017616957603
DVST_XI_7-11_Mar_2024_08_13.12.17_trainee_10_ring rollercoaster_1.csv,trainee,10,trainee__participant_10,ring_rollercoaster,1,B_kinematics_no_qc,elastic_net,1,14.0,19.136670525410736,-5.136670525410736,5.136670525410736
DVST_XI_7-11_Mar_2024_08_13.12.17_trainee_10_sea spikes_1.csv,trainee,10,trainee__participant_10,sea_spikes,1,B_kinematics_no_qc,elastic_net,1,22.0,15.46578024785354,6.534219752146459,6.534219752146459
DVST_XI_7-11_Mar_2024_09_10.19.01_trainee_10_camera target_1.csv,trainee,10,trainee__participant_10,camera_target,1,B_kinematics_no_qc,elastic_net,1,14.0,24.939577161227632,-10.939577161227632,10.939577161227632
DVST_XI_7-11_Mar_2024_09_10.19.01_trainee_10_glove cut_1.csv,trainee,10,trainee__participant_10,glove_cut,1,B_kinematics_no_qc,elastic_net,1,18.0,11.271344228123588,6.7286557718764115,6.7286557718764115
DVST_XI_7-11_Mar_2024_09_13.46.11_trainee_10_suture_1.csv,trainee,10,trainee__participant_10,suture,1,B_kinematics_no_qc,elastic_net,1,19.0,20.608084305757853,-1.6080843057578527,1.6080843057578527
DVST_XI_7-11_Mar_2024_10_08.59.30_trainee_10_ring rollercoaster_2.csv,trainee,10,trainee__participant_10,ring_rollercoaster,2,B_kinematics_no_qc,elastic_net,1,18.0,18.196032929848517,-0.19603292984851706,0.19603292984851706
DVST_XI_7-11_Mar_2024_10_08.59.30_trainee_10_sea spikes_2.csv,trainee,10,trainee__participant_10,sea_spikes,2,B_kinematics_no_qc,elastic_net,1,22.0,19.326504096935846,2.673495903064154,2.673495903064154
DVST_XI_Griffin_16-19_07_2024_16_08.46.09_trainee_12_glove cut_1.csv,trainee,12,trainee__participant_12,glove_cut,1,B_kinematics_no_qc,elastic_net,1,21.0,19.051259675488144,1.9487403245118564,1.9487403245118564
DVST_XI_Griffin_16-19_07_2024_16_08.46.09_trainee_12_ring rollercoaster_1.csv,trainee,12,trainee__participant_12,ring_rollercoaster,1,B_kinematics_no_qc,elastic_net,1,16.0,20.222321883657084,-4.222321883657084,4.222321883657084
DVST_XI_Griffin_16-19_07_2024_16_08.46.09_trainee_12_sea spikes_1.csv,trainee,12,trainee__participant_12,sea_spikes,1,B_kinematics_no_qc,elastic_net,1,12.0,18.24976925173396,-6.249769251733959,6.249769251733959
DVST_XI_Griffin_16-19_07_2024_16_08.46.09_trainee_12_suture_1.csv,trainee,12,trainee__participant_12,suture,1,B_kinematics_no_qc,elastic_net,1,20.0,21.4449914917545,-1.4449914917545001,1.4449914917545001
DVST_XI_Griffin_16-19_07_2024_17_12.20.23_trainee_12_camera target_1.csv,trainee,12,trainee__participant_12,camera_target,1,B_kinematics_no_qc,elastic_net,1,16.0,23.5556576230263,-7.555657623026299,7.555657623026299
DVST_XI_Griffin_16-19_07_2024_18_08.46.52_trainee_12_sea spikes_2.csv,trainee,12,trainee__participant_12,sea_spikes,2,B_kinematics_no_qc,elastic_net,1,19.0,22.28371260820945,-3.2837126082094485,3.2837126082094485
DVST_XI_Griffin_16-19_07_2024_18_08.46.52_trainee_12_suture_2.csv,trainee,12,trainee__participant_12,suture,2,B_kinematics_no_qc,elastic_net,1,28.0,23.697030031228387,4.302969968771613,4.302969968771613
DVST_XI_Griffin_16-19_07_2024_19_09.39.41_trainee_12_glove cut_2.csv,trainee,12,trainee__participant_12,glove_cut,2,B_kinematics_no_qc,elastic_net,1,20.0,18.224230373563113,1.7757696264368867,1.7757696264368867
DVST_XI_Griffin_29_sep-1_oct_2024_01_10.39.05_trainee_19_camera target_2.csv,trainee,19,trainee__participant_19,camera_target,2,B_kinematics_no_qc,elastic_net,1,18.0,20.947294631635355,-2.947294631635355,2.947294631635355
DVST_XI_Griffin_29_sep-1_oct_2024_29_09.07.40_trainee_19_camera target_1.csv,trainee,19,trainee__participant_19,camera_target,1,B_kinematics_no_qc,elastic_net,1,17.0,14.144543265967378,2.8554567340326216,2.8554567340326216
DVST_XI_Griffin_29_sep-1_oct_2024_29_09.07.40_trainee_19_suture_1.csv,trainee,19,trainee__participant_19,suture,1,B_kinematics_no_qc,elastic_net,1,16.0,11.902652296730082,4.097347703269918,4.097347703269918
DVST_XI_Griffin_29_sep-1_oct_2024_30_12.18.00_trainee_19_glove cut_2.csv,trainee,19,trainee__participant_19,glove_cut,2,B_kinematics_no_qc,elastic_net,1,17.0,18.307226138899143,-1.3072261388991429,1.3072261388991429
DVST_XI_Griffin_29_sep-1_oct_2024_30_12.18.00_trainee_19_ring rollercoaster_2.csv,trainee,19,trainee__participant_19,ring_rollercoaster,2,B_kinematics_no_qc,elastic_net,1,22.0,18.911891447343823,3.088108552656177,3.088108552656177
DVST_XI_Griffin_29_sep-1_oct_2024_30_12.18.00_trainee_19_sea spikes_2.csv,trainee,19,trainee__participant_19,sea_spikes,2,B_kinematics_no_qc,elastic_net,1,21.0,22.019359734720236,-1.0193597347202363,1.0193597347202363
DVST_XI_14-16_Feb_2024_14_09.13.16_trainee_3_camera target_1.csv,trainee,3,trainee__participant_3,camera_target,1,B_kinematics_no_qc,elastic_net,2,15.0,17.91591546356287,-2.9159154635628717,2.9159154635628717
DVST_XI_14-16_Feb_2024_14_09.13.16_trainee_3_glove cut_1.csv,trainee,3,trainee__participant_3,glove_cut,1,B_kinematics_no_qc,elastic_net,2,17.0,19.616694277761525,-2.6166942777615247,2.6166942777615247
DVST_XI_14-16_Feb_2024_14_09.13.16_trainee_3_ring rollercoaster_1.csv,trainee,3,trainee__participant_3,ring_rollercoaster,1,B_kinematics_no_qc,elastic_net,2,12.0,17.3992835121829,-5.399283512182901,5.399283512182901
DVST_XI_14-16_Feb_2024_14_09.13.16_trainee_3_sea spikes_1.csv,trainee,3,trainee__participant_3,sea_spikes,1,B_kinematics_no_qc,elastic_net,2,15.0,17.86317299874804,-2.863172998748041,2.863172998748041
DVST_XI_14-16_Feb_2024_14_09.13.16_trainee_3_suture_1.csv,trainee,3,trainee__participant_3,suture,1,B_kinematics_no_qc,elastic_net,2,19.0,18.12543298784626,0.8745670121537401,0.8745670121537401
DVST_XI_14-16_Feb_2024_16_08.32.59_trainee_3_camera target_2.csv,trainee,3,trainee__participant_3,camera_target,2,B_kinematics_no_qc,elastic_net,2,23.0,18.721912945075925,4.278087054924075,4.278087054924075
DVST_XI_14-16_Feb_2024_16_08.32.59_trainee_3_glove cut_2.csv,trainee,3,trainee__participant_3,glove_cut,2,B_kinematics_no_qc,elastic_net,2,19.0,19.202713509652522,-0.2027135096525221,0.2027135096525221
DVST_XI_14-16_Feb_2024_16_08.32.59_trainee_3_ring rollercoaster_2.csv,trainee,3,trainee__participant_3,ring_rollercoaster,2,B_kinematics_no_qc,elastic_net,2,21.0,18.58861125464705,2.4113887453529514,2.4113887453529514
DVST_XI_14-16_Feb_2024_16_08.32.59_trainee_3_sea spikes_2.csv,trainee,3,trainee__participant_3,sea_spikes,2,B_kinematics_no_qc,elastic_net,2,17.0,19.18548938660328,-2.1854893866032796,2.1854893866032796
DVST_XI_14-16_Feb_2024_16_08.32.59_trainee_3_suture_2.csv,trainee,3,trainee__participant_3,suture,2,B_kinematics_no_qc,elastic_net,2,22.0,21.347912119760476,0.6520878802395238,0.6520878802395238
DVST_XI_19-22_May_2025_22_09.34.36_trainee_37_camera target_2.csv,trainee,37,trainee__participant_37,camera_target,2,B_kinematics_no_qc,elastic_net,2,16.0,21.46254248720009,-5.462542487200089,5.462542487200089
DVST_XI_19-22_May_2025_22_09.34.36_trainee_37_glove cut_2.csv,trainee,37,trainee__participant_37,glove_cut,2,B_kinematics_no_qc,elastic_net,2,19.0,23.167549338826845,-4.167549338826845,4.167549338826845
DVST_XI_19-22_May_2025_22_09.34.36_trainee_41_camera target_2.csv,trainee,41,trainee__participant_41,camera_target,2,B_kinematics_no_qc,elastic_net,2,20.0,19.588378681399565,0.41162131860043516,0.41162131860043516
DVST_XI_19-22_May_2025_22_09.34.36_trainee_41_glove cut_2.csv,trainee,41,trainee__participant_41,glove_cut,2,B_kinematics_no_qc,elastic_net,2,19.0,19.003354832391192,-0.003354832391192275,0.003354832391192275
DVST_XI_6-8_Mar_2025_06_10.41.14_trainee_32_camera target_1.csv,trainee,32,trainee__participant_32,camera_target,1,B_kinematics_no_qc,elastic_net,2,20.0,21.794915519818424,-1.7949155198184243,1.7949155198184243
DVST_XI_6-8_Mar_2025_06_10.41.14_trainee_32_ring rollercoaster_1.csv,trainee,32,trainee__participant_32,ring_rollercoaster,1,B_kinematics_no_qc,elastic_net,2,17.0,18.07440067817803,-1.07440067817803,1.07440067817803
DVST_XI_6-8_Mar_2025_06_10.41.14_trainee_32_sea spikes_1.csv,trainee,32,trainee__participant_32,sea_spikes,1,B_kinematics_no_qc,elastic_net,2,14.0,21.739428716181738,-7.739428716181738,7.739428716181738
DVST_XI_6-8_Mar_2025_07_11.56.53_trainee_32_glove cut_1.csv,trainee,32,trainee__participant_32,glove_cut,1,B_kinematics_no_qc,elastic_net,2,13.0,20.244119936000956,-7.244119936000956,7.244119936000956
DVST_XI_6-8_Mar_2025_08_08.21.32_expert_3_camera target_1.csv,expert,3,expert__participant_3,camera_target,1,B_kinematics_no_qc,elastic_net,2,27.0,19.467661540888,7.532338459112001,7.532338459112001
DVST_XI_6-8_Mar_2025_08_08.21.32_expert_3_glove cut_1.csv,expert,3,expert__participant_3,glove_cut,1,B_kinematics_no_qc,elastic_net,2,24.0,20.036063522559793,3.963936477440207,3.963936477440207
DVST_XI_6-8_Mar_2025_08_08.21.32_expert_3_ring rollercoaster_1.csv,expert,3,expert__participant_3,ring_rollercoaster,1,B_kinematics_no_qc,elastic_net,2,21.0,16.975792159724506,4.024207840275494,4.024207840275494
DVST_XI_6-8_Mar_2025_08_08.21.32_expert_3_sea spikes_1.csv,expert,3,expert__participant_3,sea_spikes,1,B_kinematics_no_qc,elastic_net,2,23.0,17.017164914910822,5.982835085089178,5.982835085089178
DVST_XI_6-8_Mar_2025_08_08.21.32_expert_3_suture_1.csv,expert,3,expert__participant_3,suture,1,B_kinematics_no_qc,elastic_net,2,28.0,18.719326025896805,9.280673974103195,9.280673974103195
DVST_XI_7-11_Mar_2024_08_13.12.17_trainee_6_ring rollercoaster_1.csv,trainee,6,trainee__participant_6,ring_rollercoaster,1,B_kinematics_no_qc,elastic_net,2,16.0,19.704528739647373,-3.7045287396473725,3.7045287396473725
DVST_XI_7-11_Mar_2024_08_13.12.17_trainee_6_sea spikes_1.csv,trainee,6,trainee__participant_6,sea_spikes,1,B_kinematics_no_qc,elastic_net,2,16.0,15.72615026189344,0.2738497381065592,0.2738497381065592
DVST_XI_7-11_Mar_2024_08_13.12.17_trainee_9_ring rollercoaster_1.csv,trainee,9,trainee__participant_9,ring_rollercoaster,1,B_kinematics_no_qc,elastic_net,2,14.0,18.508374487927167,-4.508374487927167,4.508374487927167
DVST_XI_7-11_Mar_2024_08_13.12.17_trainee_9_sea spikes_1.csv,trainee,9,trainee__participant_9,sea_spikes,1,B_kinematics_no_qc,elastic_net,2,18.0,16.40779686533469,1.5922031346653114,1.5922031346653114
DVST_XI_7-11_Mar_2024_09_10.19.01_trainee_6_glove cut_1.csv,trainee,6,trainee__participant_6,glove_cut,1,B_kinematics_no_qc,elastic_net,2,15.0,14.724729012953421,0.2752709870465786,0.2752709870465786
DVST_XI_7-11_Mar_2024_09_10.19.01_trainee_9_camera target_1.csv,trainee,9,trainee__participant_9,camera_target,1,B_kinematics_no_qc,elastic_net,2,19.0,18.950725402540378,0.049274597459621816,0.049274597459621816
DVST_XI_7-11_Mar_2024_09_10.19.01_trainee_9_glove cut_1.csv,trainee,9,trainee__participant_9,glove_cut,1,B_kinematics_no_qc,elastic_net,2,18.0,18.365059308215386,-0.3650593082153861,0.3650593082153861
DVST_XI_7-11_Mar_2024_09_13.46.11_trainee_6_suture_1.csv,trainee,6,trainee__participant_6,suture,1,B_kinematics_no_qc,elastic_net,2,12.0,19.238401582595223,-7.238401582595223,7.238401582595223
DVST_XI_7-11_Mar_2024_09_13.46.11_trainee_9_suture_1.csv,trainee,9,trainee__participant_9,suture,1,B_kinematics_no_qc,elastic_net,2,16.0,18.645187598210867,-2.6451875982108675,2.6451875982108675
DVST_XI_7-11_Mar_2024_10_08.59.30_trainee_6_ring rollercoaster_2.csv,trainee,6,trainee__participant_6,ring_rollercoaster,2,B_kinematics_no_qc,elastic_net,2,18.0,21.775960541456186,-3.775960541456186,3.775960541456186
DVST_XI_7-11_Mar_2024_10_08.59.30_trainee_6_sea spikes_2.csv,trainee,6,trainee__participant_6,sea_spikes,2,B_kinematics_no_qc,elastic_net,2,20.0,20.571641462383134,-0.5716414623831341,0.5716414623831341
DVST_XI_7-11_Mar_2024_10_08.59.30_trainee_9_ring rollercoaster_2.csv,trainee,9,trainee__participant_9,ring_rollercoaster,2,B_kinematics_no_qc,elastic_net,2,20.0,19.730227552668573,0.2697724473314267,0.2697724473314267
DVST_XI_7-11_Mar_2024_10_08.59.30_trainee_9_sea spikes_2.csv,trainee,9,trainee__participant_9,sea_spikes,2,B_kinematics_no_qc,elastic_net,2,22.0,19.121955537296284,2.8780444627037163,2.8780444627037163
DVST_XI_Griffin_29_sep-1_oct_2024_01_10.39.05_trainee_17_camera target_2.csv,trainee,17,trainee__participant_17,camera_target,2,B_kinematics_no_qc,elastic_net,2,22.0,26.019885808621922,-4.019885808621922,4.019885808621922
DVST_XI_Griffin_29_sep-1_oct_2024_01_10.39.05_trainee_21_camera target_2.csv,trainee,21,trainee__participant_21,camera_target,2,B_kinematics_no_qc,elastic_net,2,23.0,21.805360746632488,1.1946392533675123,1.1946392533675123
DVST_XI_Griffin_29_sep-1_oct_2024_29_09.07.40_trainee_17_camera target_1.csv,trainee,17,trainee__participant_17,camera_target,1,B_kinematics_no_qc,elastic_net,2,23.0,14.592087226426177,8.407912773573823,8.407912773573823
DVST_XI_Griffin_29_sep-1_oct_2024_29_09.07.40_trainee_17_suture_1.csv,trainee,17,trainee__participant_17,suture,1,B_kinematics_no_qc,elastic_net,2,15.0,19.21764964745399,-4.217649647453989,4.217649647453989
DVST_XI_Griffin_29_sep-1_oct_2024_29_09.07.40_trainee_21_camera target_1.csv,trainee,21,trainee__participant_21,camera_target,1,B_kinematics_no_qc,elastic_net,2,19.0,19.242736436109727,-0.24273643610972684,0.24273643610972684
DVST_XI_Griffin_29_sep-1_oct_2024_29_09.07.40_trainee_21_suture_1.csv,trainee,21,trainee__participant_21,suture,1,B_kinematics_no_qc,elastic_net,2,18.0,17.699972795877823,0.300027204122177,0.300027204122177
DVST_XI_Griffin_29_sep-1_oct_2024_30_12.18.00_trainee_17_glove cut_2.csv,trainee,17,trainee__participant_17,glove_cut,2,B_kinematics_no_qc,elastic_net,2,22.0,19.626790380734292,2.373209619265708,2.373209619265708
DVST_XI_Griffin_29_sep-1_oct_2024_30_12.18.00_trainee_17_ring rollercoaster_2.csv,trainee,17,trainee__participant_17,ring_rollercoaster,2,B_kinematics_no_qc,elastic_net,2,22.0,21.199186017157615,0.800813982842385,0.800813982842385
DVST_XI_Griffin_29_sep-1_oct_2024_30_12.18.00_trainee_17_sea spikes_2.csv,trainee,17,trainee__participant_17,sea_spikes,2,B_kinematics_no_qc,elastic_net,2,22.0,20.722618480352185,1.2773815196478147,1.2773815196478147
DVST_XI_Griffin_29_sep-1_oct_2024_30_12.18.00_trainee_21_glove cut_2.csv,trainee,21,trainee__participant_21,glove_cut,2,B_kinematics_no_qc,elastic_net,2,25.0,19.137844970647098,5.862155029352902,5.862155029352902
DVST_XI_Griffin_29_sep-1_oct_2024_30_12.18.00_trainee_21_ring rollercoaster_2.csv,trainee,21,trainee__participant_21,ring_rollercoaster,2,B_kinematics_no_qc,elastic_net,2,22.0,18.57204063281913,3.4279593671808684,3.4279593671808684
DVST_XI_Griffin_29_sep-1_oct_2024_30_12.18.00_trainee_21_sea spikes_2.csv,trainee,21,trainee__participant_21,sea_spikes,2,B_kinematics_no_qc,elastic_net,2,22.0,19.55293145927347,2.44706854072653,2.44706854072653
DVST_XI_Griffin_29_sep-1_oct_2024_30_12.18.00_trainee_21_suture_2.csv,trainee,21,trainee__participant_21,suture,2,B_kinematics_no_qc,elastic_net,2,23.0,21.318483194674524,1.6815168053254759,1.6815168053254759
DVST_XI_14-16_Feb_2024_14_09.13.16_trainee_1_camera target_1.csv,trainee,1,trainee__participant_1,camera_target,1,B_kinematics_no_qc,elastic_net,3,17.0,17.874381094510085,-0.8743810945100847,0.8743810945100847
DVST_XI_14-16_Feb_2024_14_09.13.16_trainee_1_suture_1.csv,trainee,1,trainee__participant_1,suture,1,B_kinematics_no_qc,elastic_net,3,19.0,16.486657298390302,2.513342701609698,2.513342701609698
DVST_XI_14-16_Feb_2024_14_09.13.16_trainee_2_camera target_1.csv,trainee,2,trainee__participant_2,camera_target,1,B_kinematics_no_qc,elastic_net,3,17.0,14.1698675858688,2.8301324141311994,2.8301324141311994
DVST_XI_14-16_Feb_2024_14_09.13.16_trainee_2_glove cut_1.csv,trainee,2,trainee__participant_2,glove_cut,1,B_kinematics_no_qc,elastic_net,3,13.0,18.13760650224262,-5.137606502242619,5.137606502242619
DVST_XI_14-16_Feb_2024_14_09.13.16_trainee_2_ring rollercoaster_1.csv,trainee,2,trainee__participant_2,ring_rollercoaster,1,B_kinematics_no_qc,elastic_net,3,14.0,16.759643191246404,-2.759643191246404,2.759643191246404
DVST_XI_14-16_Feb_2024_14_09.13.16_trainee_2_sea spikes_1.csv,trainee,2,trainee__participant_2,sea_spikes,1,B_kinematics_no_qc,elastic_net,3,15.0,16.480842971415708,-1.4808429714157079,1.4808429714157079
DVST_XI_14-16_Feb_2024_14_09.13.16_trainee_2_suture_1.csv,trainee,2,trainee__participant_2,suture,1,B_kinematics_no_qc,elastic_net,3,19.0,14.824968866155153,4.175031133844847,4.175031133844847
DVST_XI_14-16_Feb_2024_14_09.13.16_trainee_4_camera target_1.csv,trainee,4,trainee__participant_4,camera_target,1,B_kinematics_no_qc,elastic_net,3,16.0,17.023385247544116,-1.023385247544116,1.023385247544116
DVST_XI_14-16_Feb_2024_14_09.13.16_trainee_4_glove cut_1.csv,trainee,4,trainee__participant_4,glove_cut,1,B_kinematics_no_qc,elastic_net,3,23.0,18.725703512767648,4.274296487232352,4.274296487232352
DVST_XI_14-16_Feb_2024_14_09.13.16_trainee_4_ring rollercoaster_1.csv,trainee,4,trainee__participant_4,ring_rollercoaster,1,B_kinematics_no_qc,elastic_net,3,14.0,16.49442069747375,-2.4944206974737497,2.4944206974737497
DVST_XI_14-16_Feb_2024_14_09.13.16_trainee_4_sea spikes_1.csv,trainee,4,trainee__participant_4,sea_spikes,1,B_kinematics_no_qc,elastic_net,3,18.0,17.167201788560092,0.8327982114399077,0.8327982114399077
DVST_XI_14-16_Feb_2024_14_09.13.16_trainee_4_suture_1.csv,trainee,4,trainee__participant_4,suture,1,B_kinematics_no_qc,elastic_net,3,18.0,17.014545934117717,0.9854540658822835,0.9854540658822835
DVST_XI_14-16_Feb_2024_16_08.32.59_trainee_1_camera target_2.csv,trainee,1,trainee__participant_1,camera_target,2,B_kinematics_no_qc,elastic_net,3,19.0,18.153902606318205,0.846097393681795,0.846097393681795
DVST_XI_14-16_Feb_2024_16_08.32.59_trainee_1_glove cut_2.csv,trainee,1,trainee__participant_1,glove_cut,2,B_kinematics_no_qc,elastic_net,3,19.0,16.331386939807196,2.668613060192804,2.668613060192804
DVST_XI_14-16_Feb_2024_16_08.32.59_trainee_1_sea spikes_2.csv,trainee,1,trainee__participant_1,sea_spikes,2,B_kinematics_no_qc,elastic_net,3,19.0,19.003425787757447,-0.003425787757446841,0.003425787757446841
DVST_XI_14-16_Feb_2024_16_08.32.59_trainee_1_suture_2.csv,trainee,1,trainee__participant_1,suture,2,B_kinematics_no_qc,elastic_net,3,17.0,16.84451026949275,0.15548973050724868,0.15548973050724868
DVST_XI_14-16_Feb_2024_16_08.32.59_trainee_2_camera target_2.csv,trainee,2,trainee__participant_2,camera_target,2,B_kinematics_no_qc,elastic_net,3,16.0,18.539443600176163,-2.5394436001761633,2.5394436001761633
DVST_XI_14-16_Feb_2024_16_08.32.59_trainee_2_glove cut_2.csv,trainee,2,trainee__participant_2,glove_cut,2,B_kinematics_no_qc,elastic_net,3,19.0,16.375362726862754,2.624637273137246,2.624637273137246
DVST_XI_14-16_Feb_2024_16_08.32.59_trainee_2_ring rollercoaster_2.csv,trainee,2,trainee__participant_2,ring_rollercoaster,2,B_kinematics_no_qc,elastic_net,3,21.0,15.58611874713355,5.4138812528664495,5.4138812528664495
DVST_XI_14-16_Feb_2024_16_08.32.59_trainee_2_sea spikes_2.csv,trainee,2,trainee__participant_2,sea_spikes,2,B_kinematics_no_qc,elastic_net,3,17.0,18.35023928038096,-1.3502392803809613,1.3502392803809613
DVST_XI_14-16_Feb_2024_16_08.32.59_trainee_2_suture_2.csv,trainee,2,trainee__participant_2,suture,2,B_kinematics_no_qc,elastic_net,3,22.0,21.333084957181665,0.666915042818335,0.666915042818335
DVST_XI_14-16_Feb_2024_16_08.32.59_trainee_4_camera target_2.csv,trainee,4,trainee__participant_4,camera_target,2,B_kinematics_no_qc,elastic_net,3,23.0,18.19039156896319,4.809608431036811,4.809608431036811
DVST_XI_6-8_Mar_2025_06_10.41.14_trainee_31_ring rollercoaster_1.csv,trainee,31,trainee__participant_31,ring_rollercoaster,1,B_kinematics_no_qc,elastic_net,3,15.0,18.400804911617936,-3.4008049116179357,3.4008049116179357
DVST_XI_6-8_Mar_2025_06_10.41.14_trainee_31_sea spikes_1.csv,trainee,31,trainee__participant_31,sea_spikes,1,B_kinematics_no_qc,elastic_net,3,13.0,16.92822742753079,-3.928227427530789,3.928227427530789
DVST_XI_6-8_Mar_2025_06_10.41.14_trainee_36_ring rollercoaster_1.csv,trainee,36,trainee__participant_36,ring_rollercoaster,1,B_kinematics_no_qc,elastic_net,3,19.0,17.53707551915754,1.4629244808424602,1.4629244808424602
DVST_XI_6-8_Mar_2025_06_10.41.14_trainee_36_sea spikes_1.csv,trainee,36,trainee__participant_36,sea_spikes,1,B_kinematics_no_qc,elastic_net,3,16.0,15.224394472617101,0.7756055273828988,0.7756055273828988
DVST_XI_6-8_Mar_2025_07_11.56.53_expert_2_camera target_1.csv,expert,2,expert__participant_2,camera_target,1,B_kinematics_no_qc,elastic_net,3,25.0,19.80795984593284,5.192040154067161,5.192040154067161
DVST_XI_6-8_Mar_2025_07_11.56.53_expert_2_glove cut_1.csv,expert,2,expert__participant_2,glove_cut,1,B_kinematics_no_qc,elastic_net,3,19.0,19.357593822426566,-0.35759382242656557,0.35759382242656557
DVST_XI_6-8_Mar_2025_07_11.56.53_expert_2_ring rollercoaster_1.csv,expert,2,expert__participant_2,ring_rollercoaster,1,B_kinematics_no_qc,elastic_net,3,20.0,19.46685099167558,0.5331490083244184,0.5331490083244184
DVST_XI_6-8_Mar_2025_07_11.56.53_expert_2_sea spikes_1.csv,expert,2,expert__participant_2,sea_spikes,1,B_kinematics_no_qc,elastic_net,3,18.0,18.614924316888704,-0.614924316888704,0.614924316888704
DVST_XI_6-8_Mar_2025_07_11.56.53_expert_2_suture_1.csv,expert,2,expert__participant_2,suture,1,B_kinematics_no_qc,elastic_net,3,23.0,22.079686999245535,0.9203130007544651,0.9203130007544651
DVST_XI_6-8_Mar_2025_07_11.56.53_trainee_31_glove cut_1.csv,trainee,31,trainee__participant_31,glove_cut,1,B_kinematics_no_qc,elastic_net,3,16.0,18.73586946018057,-2.73586946018057,2.73586946018057
DVST_XI_6-8_Mar_2025_07_11.56.53_trainee_36_glove cut_1.csv,trainee,36,trainee__participant_36,glove_cut,1,B_kinematics_no_qc,elastic_net,3,18.0,19.055371073043265,-1.0553710730432648,1.0553710730432648
DVST_XI_7-11_Mar_2024_08_13.12.17_trainee_8_ring rollercoaster_1.csv,trainee,8,trainee__participant_8,ring_rollercoaster,1,B_kinematics_no_qc,elastic_net,3,12.0,16.17223839575595,-4.172238395755951,4.172238395755951
DVST_XI_7-11_Mar_2024_08_13.12.17_trainee_8_sea spikes_1.csv,trainee,8,trainee__participant_8,sea_spikes,1,B_kinematics_no_qc,elastic_net,3,18.0,17.653662649076523,0.34633735092347706,0.34633735092347706
DVST_XI_7-11_Mar_2024_09_10.19.01_trainee_8_camera target_1.csv,trainee,8,trainee__participant_8,camera_target,1,B_kinematics_no_qc,elastic_net,3,10.0,12.811091606862625,-2.8110916068626253,2.8110916068626253
DVST_XI_7-11_Mar_2024_09_10.19.01_trainee_8_glove cut_1.csv,trainee,8,trainee__participant_8,glove_cut,1,B_kinematics_no_qc,elastic_net,3,17.0,17.11494739659089,-0.11494739659088893,0.11494739659088893
DVST_XI_7-11_Mar_2024_09_13.46.11_trainee_8_suture_1.csv,trainee,8,trainee__participant_8,suture,1,B_kinematics_no_qc,elastic_net,3,17.0,20.795886721008166,-3.7958867210081664,3.7958867210081664
DVST_XI_7-11_Mar_2024_10_08.59.30_trainee_8_ring rollercoaster_2.csv,trainee,8,trainee__participant_8,ring_rollercoaster,2,B_kinematics_no_qc,elastic_net,3,16.0,17.75757870270857,-1.757578702708571,1.757578702708571
DVST_XI_7-11_Mar_2024_10_08.59.30_trainee_8_sea spikes_2.csv,trainee,8,trainee__participant_8,sea_spikes,2,B_kinematics_no_qc,elastic_net,3,20.0,18.13157481697833,1.868425183021671,1.868425183021671
DVST_XI_Griffin_29_sep-1_oct_2024_01_10.39.05_trainee_18_camera target_2.csv,trainee,18,trainee__participant_18,camera_target,2,B_kinematics_no_qc,elastic_net,3,18.0,22.396397313439007,-4.396397313439007,4.396397313439007
DVST_XI_Griffin_29_sep-1_oct_2024_29_09.07.40_trainee_18_camera target_1.csv,trainee,18,trainee__participant_18,camera_target,1,B_kinematics_no_qc,elastic_net,3,19.0,41.53519155962853,-22.53519155962853,22.53519155962853
DVST_XI_Griffin_29_sep-1_oct_2024_29_09.07.40_trainee_18_suture_1.csv,trainee,18,trainee__participant_18,suture,1,B_kinematics_no_qc,elastic_net,3,12.0,8.305045252019756,3.694954747980244,3.694954747980244
DVST_XI_Griffin_29_sep-1_oct_2024_30_12.18.00_trainee_18_glove cut_2.csv,trainee,18,trainee__participant_18,glove_cut,2,B_kinematics_no_qc,elastic_net,3,22.0,19.19445596847476,2.8055440315252405,2.8055440315252405
DVST_XI_Griffin_29_sep-1_oct_2024_30_12.18.00_trainee_18_ring rollercoaster_2.csv,trainee,18,trainee__participant_18,ring_rollercoaster,2,B_kinematics_no_qc,elastic_net,3,24.0,19.706365164901143,4.293634835098857,4.293634835098857
DVST_XI_Griffin_29_sep-1_oct_2024_30_12.18.00_trainee_18_sea spikes_2.csv,trainee,18,trainee__participant_18,sea_spikes,2,B_kinematics_no_qc,elastic_net,3,22.0,20.22645579019937,1.7735442098006295,1.7735442098006295
DVST_XI_Griffin_29_sep-1_oct_2024_30_12.18.00_trainee_18_suture_2.csv,trainee,18,trainee__participant_18,suture,2,B_kinematics_no_qc,elastic_net,3,22.0,21.53308079534687,0.46691920465313075,0.46691920465313075
DVST_XI_10-13_Nov_2025_12_10.36.46_expert_10_camera target_1.csv,expert,10,expert__participant_10,camera_target,1,B_kinematics_no_qc,elastic_net,4,30.0,25.613453663881383,4.3865463361186166,4.3865463361186166
DVST_XI_10-13_Nov_2025_12_10.36.46_expert_10_glove cut_1.csv,expert,10,expert__participant_10,glove_cut,1,B_kinematics_no_qc,elastic_net,4,28.0,22.97530036544383,5.024699634556171,5.024699634556171
DVST_XI_10-13_Nov_2025_12_10.36.46_expert_10_ring rollercoaster_1.csv,expert,10,expert__participant_10,ring_rollercoaster,1,B_kinematics_no_qc,elastic_net,4,29.0,21.890239085617118,7.109760914382882,7.109760914382882
DVST_XI_10-13_Nov_2025_12_10.36.46_expert_10_sea spikes_1.csv,expert,10,expert__participant_10,sea_spikes,1,B_kinematics_no_qc,elastic_net,4,29.0,22.06617893130867,6.93382106869133,6.93382106869133
DVST_XI_10-13_Nov_2025_12_10.36.46_expert_10_suture_1.csv,expert,10,expert__participant_10,suture,1,B_kinematics_no_qc,elastic_net,4,30.0,24.880860031158416,5.1191399688415835,5.1191399688415835
DVST_XI_11-14_Aug_2025_13_11.33.24_expert_7_camera target_1.csv,expert,7,expert__participant_7,camera_target,1,B_kinematics_no_qc,elastic_net,4,28.0,24.059479225845074,3.940520774154926,3.940520774154926
DVST_XI_11-14_Aug_2025_13_11.33.24_expert_7_glove cut_1.csv,expert,7,expert__participant_7,glove_cut,1,B_kinematics_no_qc,elastic_net,4,25.0,21.149924493320157,3.8500755066798433,3.8500755066798433
DVST_XI_11-14_Aug_2025_13_11.33.24_expert_7_ring rollercoaster_1.csv,expert,7,expert__participant_7,ring_rollercoaster,1,B_kinematics_no_qc,elastic_net,4,20.0,21.123750057954172,-1.1237500579541724,1.1237500579541724
DVST_XI_11-14_Aug_2025_13_11.33.24_expert_7_sea spikes_1.csv,expert,7,expert__participant_7,sea_spikes,1,B_kinematics_no_qc,elastic_net,4,20.0,21.258639353714177,-1.2586393537141767,1.2586393537141767
DVST_XI_11-14_Aug_2025_13_11.33.24_expert_7_suture_1.csv,expert,7,expert__participant_7,suture,1,B_kinematics_no_qc,elastic_net,4,29.0,23.55557415378488,5.444425846215118,5.444425846215118
DVST_XI_19-22_May_2025_22_09.34.36_trainee_40_camera target_2.csv,trainee,40,trainee__participant_40,camera_target,2,B_kinematics_no_qc,elastic_net,4,24.0,24.079801314103946,-0.0798013141039462,0.0798013141039462
DVST_XI_19-22_May_2025_22_09.34.36_trainee_40_glove cut_2.csv,trainee,40,trainee__participant_40,glove_cut,2,B_kinematics_no_qc,elastic_net,4,24.0,21.722250402753716,2.2777495972462845,2.2777495972462845
DVST_XI_6-8_Mar_2025_06_10.41.14_trainee_33_camera target_1.csv,trainee,33,trainee__participant_33,camera_target,1,B_kinematics_no_qc,elastic_net,4,23.0,20.726777194174804,2.2732228058251955,2.2732228058251955
DVST_XI_6-8_Mar_2025_06_10.41.14_trainee_33_ring rollercoaster_1.csv,trainee,33,trainee__participant_33,ring_rollercoaster,1,B_kinematics_no_qc,elastic_net,4,21.0,20.72282848094453,0.27717151905547155,0.27717151905547155
DVST_XI_6-8_Mar_2025_06_10.41.14_trainee_33_sea spikes_1.csv,trainee,33,trainee__participant_33,sea_spikes,1,B_kinematics_no_qc,elastic_net,4,16.0,18.40586132794563,-2.4058613279456296,2.4058613279456296
DVST_XI_6-8_Mar_2025_06_10.41.14_trainee_35_ring rollercoaster_1.csv,trainee,35,trainee__participant_35,ring_rollercoaster,1,B_kinematics_no_qc,elastic_net,4,18.0,16.649801364162823,1.3501986358371774,1.3501986358371774
DVST_XI_6-8_Mar_2025_06_10.41.14_trainee_35_sea spikes_1.csv,trainee,35,trainee__participant_35,sea_spikes,1,B_kinematics_no_qc,elastic_net,4,15.0,16.190541503214376,-1.1905415032143765,1.1905415032143765
DVST_XI_6-8_Mar_2025_07_11.56.53_trainee_33_camera target_2.csv,trainee,33,trainee__participant_33,camera_target,2,B_kinematics_no_qc,elastic_net,4,19.0,20.52948708269979,-1.5294870826997915,1.5294870826997915
DVST_XI_6-8_Mar_2025_07_11.56.53_trainee_33_glove cut_1.csv,trainee,33,trainee__participant_33,glove_cut,1,B_kinematics_no_qc,elastic_net,4,18.0,19.442069245924035,-1.442069245924035,1.442069245924035
DVST_XI_6-8_Mar_2025_07_11.56.53_trainee_33_sea spikes_2.csv,trainee,33,trainee__participant_33,sea_spikes,2,B_kinematics_no_qc,elastic_net,4,20.0,18.940455424523048,1.0595445754769521,1.0595445754769521
DVST_XI_6-8_Mar_2025_07_11.56.53_trainee_35_camera target_2.csv,trainee,35,trainee__participant_35,camera_target,2,B_kinematics_no_qc,elastic_net,4,18.0,21.235683149730225,-3.2356831497302245,3.2356831497302245
DVST_XI_6-8_Mar_2025_07_11.56.53_trainee_35_glove cut_1.csv,trainee,35,trainee__participant_35,glove_cut,1,B_kinematics_no_qc,elastic_net,4,16.0,19.15229200733257,-3.1522920073325693,3.1522920073325693
DVST_XI_6-8_Mar_2025_07_11.56.53_trainee_35_sea spikes_2.csv,trainee,35,trainee__participant_35,sea_spikes,2,B_kinematics_no_qc,elastic_net,4,21.0,20.21630688147541,0.7836931185245888,0.7836931185245888
DVST_XI_7-11_Mar_2024_08_13.12.17_trainee_7_ring rollercoaster_1.csv,trainee,7,trainee__participant_7,ring_rollercoaster,1,B_kinematics_no_qc,elastic_net,4,15.0,16.194226547523662,-1.1942265475236624,1.1942265475236624
DVST_XI_7-11_Mar_2024_08_13.12.17_trainee_7_sea spikes_1.csv,trainee,7,trainee__participant_7,sea_spikes,1,B_kinematics_no_qc,elastic_net,4,19.0,16.08380531467796,2.91619468532204,2.91619468532204
DVST_XI_7-11_Mar_2024_09_10.19.01_trainee_7_camera target_1.csv,trainee,7,trainee__participant_7,camera_target,1,B_kinematics_no_qc,elastic_net,4,17.0,18.24620471762569,-1.246204717625691,1.246204717625691
DVST_XI_7-11_Mar_2024_09_10.19.01_trainee_7_glove cut_1.csv,trainee,7,trainee__participant_7,glove_cut,1,B_kinematics_no_qc,elastic_net,4,15.0,15.811377714563196,-0.8113777145631964,0.8113777145631964
DVST_XI_7-11_Mar_2024_09_13.46.11_trainee_7_suture_1.csv,trainee,7,trainee__participant_7,suture,1,B_kinematics_no_qc,elastic_net,4,17.0,18.62301548530444,-1.623015485304439,1.623015485304439
DVST_XI_7-11_Mar_2024_10_08.59.30_trainee_7_ring rollercoaster_2.csv,trainee,7,trainee__participant_7,ring_rollercoaster,2,B_kinematics_no_qc,elastic_net,4,18.0,19.077502573795286,-1.077502573795286,1.077502573795286
DVST_XI_7-11_Mar_2024_10_08.59.30_trainee_7_sea spikes_2.csv,trainee,7,trainee__participant_7,sea_spikes,2,B_kinematics_no_qc,elastic_net,4,20.0,18.47798406723696,1.5220159327630398,1.5220159327630398
DVST_XI_Griffin_16-19_07_2024_16_08.46.09_trainee_15_glove cut_1.csv,trainee,15,trainee__participant_15,glove_cut,1,B_kinematics_no_qc,elastic_net,4,17.0,19.538137352868837,-2.538137352868837,2.538137352868837
DVST_XI_Griffin_16-19_07_2024_16_08.46.09_trainee_15_ring rollercoaster_1.csv,trainee,15,trainee__participant_15,ring_rollercoaster,1,B_kinematics_no_qc,elastic_net,4,18.0,20.078637391767955,-2.0786373917679555,2.0786373917679555
DVST_XI_Griffin_16-19_07_2024_16_08.46.09_trainee_15_sea spikes_1.csv,trainee,15,trainee__participant_15,sea_spikes,1,B_kinematics_no_qc,elastic_net,4,20.0,18.95411813691011,1.045881863089889,1.045881863089889
DVST_XI_Griffin_16-19_07_2024_16_08.46.09_trainee_15_suture_1.csv,trainee,15,trainee__participant_15,suture,1,B_kinematics_no_qc,elastic_net,4,15.0,17.914873794116893,-2.914873794116893,2.914873794116893
DVST_XI_Griffin_16-19_07_2024_16_08.46.09_trainee_16_glove cut_1.csv,trainee,16,trainee__participant_16,glove_cut,1,B_kinematics_no_qc,elastic_net,4,15.0,18.51240916522461,-3.5124091652246108,3.5124091652246108
DVST_XI_Griffin_16-19_07_2024_16_08.46.09_trainee_16_ring rollercoaster_1.csv,trainee,16,trainee__participant_16,ring_rollercoaster,1,B_kinematics_no_qc,elastic_net,4,20.0,18.998648100749957,1.001351899250043,1.001351899250043
DVST_XI_Griffin_16-19_07_2024_16_08.46.09_trainee_16_sea spikes_1.csv,trainee,16,trainee__participant_16,sea_spikes,1,B_kinematics_no_qc,elastic_net,4,16.0,17.170424470663097,-1.1704244706630966,1.1704244706630966
DVST_XI_Griffin_16-19_07_2024_16_08.46.09_trainee_16_suture_1.csv,trainee,16,trainee__participant_16,suture,1,B_kinematics_no_qc,elastic_net,4,21.0,17.57307589237998,3.426924107620021,3.426924107620021
DVST_XI_Griffin_16-19_07_2024_17_12.20.23_trainee_15_camera target_1.csv,trainee,15,trainee__participant_15,camera_target,1,B_kinematics_no_qc,elastic_net,4,18.0,20.747093892549003,-2.747093892549003,2.747093892549003
DVST_XI_Griffin_16-19_07_2024_17_12.20.23_trainee_16_camera target_1.csv,trainee,16,trainee__participant_16,camera_target,1,B_kinematics_no_qc,elastic_net,4,23.0,20.784589784301634,2.215410215698366,2.215410215698366
DVST_XI_Griffin_16-19_07_2024_17_12.20.23_trainee_16_ring rollercoaster_2.csv,trainee,16,trainee__participant_16,ring_rollercoaster,2,B_kinematics_no_qc,elastic_net,4,23.0,20.368228963960497,2.6317710360395026,2.6317710360395026
DVST_XI_Griffin_16-19_07_2024_18_08.46.52_trainee_15_sea spikes_2.csv,trainee,15,trainee__participant_15,sea_spikes,2,B_kinematics_no_qc,elastic_net,4,23.0,20.091035846493867,2.9089641535061332,2.9089641535061332
DVST_XI_Griffin_16-19_07_2024_18_08.46.52_trainee_15_suture_2.csv,trainee,15,trainee__participant_15,suture,2,B_kinematics_no_qc,elastic_net,4,26.0,20.777415882803066,5.222584117196934,5.222584117196934
DVST_XI_Griffin_16-19_07_2024_18_08.46.52_trainee_16_sea spikes_2.csv,trainee,16,trainee__participant_16,sea_spikes,2,B_kinematics_no_qc,elastic_net,4,21.0,19.89954766780494,1.1004523321950614,1.1004523321950614
DVST_XI_Griffin_16-19_07_2024_18_08.46.52_trainee_16_suture_2.csv,trainee,16,trainee__participant_16,suture,2,B_kinematics_no_qc,elastic_net,4,29.0,21.545140032958905,7.454859967041095,7.454859967041095
DVST_XI_Griffin_16-19_07_2024_19_09.39.41_trainee_16_camera target_2.csv,trainee,16,trainee__participant_16,camera_target,2,B_kinematics_no_qc,elastic_net,4,23.0,20.654505721456516,2.345494278543484,2.345494278543484
DVST_XI_Griffin_16-19_07_2024_19_09.39.41_trainee_16_glove cut_2.csv,trainee,16,trainee__participant_16,glove_cut,2,B_kinematics_no_qc,elastic_net,4,24.0,18.765907544069098,5.234092455930902,5.234092455930902
DVST_XI_10-13_Nov_2025_12_10.36.46_expert_9_camera target_1.csv,expert,9,expert__participant_9,camera_target,1,B_kinematics_no_qc,elastic_net,5,28.0,24.9823416599506,3.017658340049401,3.017658340049401
DVST_XI_10-13_Nov_2025_12_10.36.46_expert_9_glove cut_1.csv,expert,9,expert__participant_9,glove_cut,1,B_kinematics_no_qc,elastic_net,5,29.0,24.10772465250588,4.89227534749412,4.89227534749412
DVST_XI_10-13_Nov_2025_12_10.36.46_expert_9_ring rollercoaster_1.csv,expert,9,expert__participant_9,ring_rollercoaster,1,B_kinematics_no_qc,elastic_net,5,29.0,24.319781401528054,4.680218598471946,4.680218598471946
DVST_XI_10-13_Nov_2025_12_10.36.46_expert_9_sea spikes_1.csv,expert,9,expert__participant_9,sea_spikes,1,B_kinematics_no_qc,elastic_net,5,29.0,24.31332434140765,4.68667565859235,4.68667565859235
DVST_XI_10-13_Nov_2025_12_10.36.46_expert_9_suture_1.csv,expert,9,expert__participant_9,suture,1,B_kinematics_no_qc,elastic_net,5,28.0,24.929766680523407,3.0702333194765927,3.0702333194765927
DVST_XI_19-22_May_2025_22_09.34.36_trainee_39_camera target_2.csv,trainee,39,trainee__participant_39,camera_target,2,B_kinematics_no_qc,elastic_net,5,19.0,23.51929069428785,-4.51929069428785,4.51929069428785
DVST_XI_19-22_May_2025_22_09.34.36_trainee_39_glove cut_2.csv,trainee,39,trainee__participant_39,glove_cut,2,B_kinematics_no_qc,elastic_net,5,22.0,22.027270776759813,-0.027270776759813486,0.027270776759813486
DVST_XI_6-8_Mar_2025_07_11.56.53_expert_1_camera target_1.csv,expert,1,expert__participant_1,camera_target,1,B_kinematics_no_qc,elastic_net,5,26.0,22.96331626138967,3.0366837386103285,3.0366837386103285
DVST_XI_6-8_Mar_2025_07_11.56.53_expert_1_glove cut_1.csv,expert,1,expert__participant_1,glove_cut,1,B_kinematics_no_qc,elastic_net,5,20.0,22.533833190228666,-2.533833190228666,2.533833190228666
DVST_XI_6-8_Mar_2025_07_11.56.53_expert_1_ring rollercoaster_1.csv,expert,1,expert__participant_1,ring_rollercoaster,1,B_kinematics_no_qc,elastic_net,5,21.0,21.203611917999893,-0.20361191799989342,0.20361191799989342
DVST_XI_6-8_Mar_2025_07_11.56.53_expert_1_sea spikes_1.csv,expert,1,expert__participant_1,sea_spikes,1,B_kinematics_no_qc,elastic_net,5,23.0,20.38399605627612,2.6160039437238787,2.6160039437238787
DVST_XI_6-8_Mar_2025_07_11.56.53_expert_1_suture_1.csv,expert,1,expert__participant_1,suture,1,B_kinematics_no_qc,elastic_net,5,26.0,23.992188101392962,2.007811898607038,2.007811898607038
DVST_XI_7-11_Jul_2025_10_09.40.17_expert_6_camera target_1.csv,expert,6,expert__participant_6,camera_target,1,B_kinematics_no_qc,elastic_net,5,25.0,22.850799216904885,2.1492007830951145,2.1492007830951145
DVST_XI_7-11_Jul_2025_10_09.40.17_expert_6_glove cut_1.csv,expert,6,expert__participant_6,glove_cut,1,B_kinematics_no_qc,elastic_net,5,23.0,21.874936041679543,1.1250639583204567,1.1250639583204567
DVST_XI_7-11_Jul_2025_10_09.40.17_expert_6_ring rollercoaster_1.csv,expert,6,expert__participant_6,ring_rollercoaster,1,B_kinematics_no_qc,elastic_net,5,23.0,21.73543220142018,1.2645677985798187,1.2645677985798187
DVST_XI_7-11_Jul_2025_10_09.40.17_expert_6_sea spikes_1.csv,expert,6,expert__participant_6,sea_spikes,1,B_kinematics_no_qc,elastic_net,5,23.0,20.88992612375052,2.11007387624948,2.11007387624948
DVST_XI_7-11_Jul_2025_10_09.40.17_expert_6_suture_1.csv,expert,6,expert__participant_6,suture,1,B_kinematics_no_qc,elastic_net,5,26.0,23.57814309399854,2.4218569060014588,2.4218569060014588
DVST_XI_7-11_Mar_2024_08_13.12.17_trainee_11_ring rollercoaster_1.csv,trainee,11,trainee__participant_11,ring_rollercoaster,1,B_kinematics_no_qc,elastic_net,5,18.0,16.338879969669073,1.6611200303309275,1.6611200303309275
DVST_XI_7-11_Mar_2024_08_13.12.17_trainee_11_sea spikes_1.csv,trainee,11,trainee__participant_11,sea_spikes,1,B_kinematics_no_qc,elastic_net,5,18.0,18.629199044488505,-0.6291990444885052,0.6291990444885052
DVST_XI_7-11_Mar_2024_09_10.19.01_trainee_11_camera target_1.csv,trainee,11,trainee__participant_11,camera_target,1,B_kinematics_no_qc,elastic_net,5,10.0,13.599377297792165,-3.5993772977921648,3.5993772977921648
DVST_XI_7-11_Mar_2024_09_10.19.01_trainee_11_glove cut_1.csv,trainee,11,trainee__participant_11,glove_cut,1,B_kinematics_no_qc,elastic_net,5,18.0,16.753012182626403,1.246987817373597,1.246987817373597
DVST_XI_7-11_Mar_2024_09_13.46.11_trainee_11_suture_1.csv,trainee,11,trainee__participant_11,suture,1,B_kinematics_no_qc,elastic_net,5,18.0,18.3898503552868,-0.3898503552868,0.3898503552868
DVST_XI_7-11_Mar_2024_10_08.59.30_trainee_11_ring rollercoaster_2.csv,trainee,11,trainee__participant_11,ring_rollercoaster,2,B_kinematics_no_qc,elastic_net,5,16.0,18.673973906540418,-2.673973906540418,2.673973906540418
DVST_XI_7-11_Mar_2024_10_08.59.30_trainee_11_sea spikes_2.csv,trainee,11,trainee__participant_11,sea_spikes,2,B_kinematics_no_qc,elastic_net,5,18.0,20.02726951300482,-2.0272695130048213,2.0272695130048213
DVST_XI_Griffin_16-19_07_2024_16_08.46.09_trainee_14_glove cut_1.csv,trainee,14,trainee__participant_14,glove_cut,1,B_kinematics_no_qc,elastic_net,5,11.0,17.77761119570704,-6.777611195707038,6.777611195707038
DVST_XI_Griffin_16-19_07_2024_16_08.46.09_trainee_14_ring rollercoaster_1.csv,trainee,14,trainee__participant_14,ring_rollercoaster,1,B_kinematics_no_qc,elastic_net,5,16.0,20.171343572501907,-4.1713435725019075,4.1713435725019075
DVST_XI_Griffin_16-19_07_2024_16_08.46.09_trainee_14_sea spikes_1.csv,trainee,14,trainee__participant_14,sea_spikes,1,B_kinematics_no_qc,elastic_net,5,12.0,13.66335058667618,-1.6633505866761809,1.6633505866761809
DVST_XI_Griffin_16-19_07_2024_16_08.46.09_trainee_14_suture_1.csv,trainee,14,trainee__participant_14,suture,1,B_kinematics_no_qc,elastic_net,5,15.0,20.358083720025526,-5.358083720025526,5.358083720025526
DVST_XI_Griffin_16-19_07_2024_17_12.20.23_trainee_13_camera target_1.csv,trainee,13,trainee__participant_13,camera_target,1,B_kinematics_no_qc,elastic_net,5,19.0,21.151387898509665,-2.1513878985096646,2.1513878985096646
DVST_XI_Griffin_16-19_07_2024_17_12.20.23_trainee_13_glove cut_1.csv,trainee,13,trainee__participant_13,glove_cut,1,B_kinematics_no_qc,elastic_net,5,23.0,19.592741679408814,3.407258320591186,3.407258320591186
DVST_XI_Griffin_16-19_07_2024_17_12.20.23_trainee_13_ring rollercoaster_1.csv,trainee,13,trainee__participant_13,ring_rollercoaster,1,B_kinematics_no_qc,elastic_net,5,17.0,20.111512137350765,-3.111512137350765,3.111512137350765
DVST_XI_Griffin_16-19_07_2024_17_12.20.23_trainee_13_ring rollercoaster_2.csv,trainee,13,trainee__participant_13,ring_rollercoaster,2,B_kinematics_no_qc,elastic_net,5,22.0,21.113490575847827,0.8865094241521732,0.8865094241521732
DVST_XI_Griffin_16-19_07_2024_17_12.20.23_trainee_13_sea spikes_1.csv,trainee,13,trainee__participant_13,sea_spikes,1,B_kinematics_no_qc,elastic_net,5,17.0,20.61964084120735,-3.6196408412073495,3.6196408412073495
DVST_XI_Griffin_16-19_07_2024_17_12.20.23_trainee_13_suture_1.csv,trainee,13,trainee__participant_13,suture,1,B_kinematics_no_qc,elastic_net,5,23.0,21.010088213838387,1.9899117861616133,1.9899117861616133
DVST_XI_Griffin_16-19_07_2024_17_12.20.23_trainee_14_camera target_1.csv,trainee,14,trainee__participant_14,camera_target,1,B_kinematics_no_qc,elastic_net,5,14.0,15.91668293833879,-1.9166829383387896,1.9166829383387896
DVST_XI_Griffin_16-19_07_2024_18_08.46.52_trainee_13_sea spikes_2.csv,trainee,13,trainee__participant_13,sea_spikes,2,B_kinematics_no_qc,elastic_net,5,21.0,24.21667929124397,-3.2166792912439703,3.2166792912439703
DVST_XI_Griffin_16-19_07_2024_18_08.46.52_trainee_13_suture_2.csv,trainee,13,trainee__participant_13,suture,2,B_kinematics_no_qc,elastic_net,5,28.0,23.134007121027977,4.865992878972023,4.865992878972023
DVST_XI_Griffin_16-19_07_2024_18_08.46.52_trainee_14_sea spikes_2.csv,trainee,14,trainee__participant_14,sea_spikes,2,B_kinematics_no_qc,elastic_net,5,20.0,21.147389317018128,-1.1473893170181277,1.1473893170181277
DVST_XI_Griffin_16-19_07_2024_18_08.46.52_trainee_14_suture_2.csv,trainee,14,trainee__participant_14,suture,2,B_kinematics_no_qc,elastic_net,5,29.0,26.100708010358137,2.8992919896418634,2.8992919896418634
DVST_XI_Griffin_16-19_07_2024_19_09.39.41_trainee_13_camera target_2.csv,trainee,13,trainee__participant_13,camera_target,2,B_kinematics_no_qc,elastic_net,5,17.0,22.95984348263401,-5.95984348263401,5.95984348263401
DVST_XI_Griffin_16-19_07_2024_19_09.39.41_trainee_14_glove cut_2.csv,trainee,14,trainee__participant_14,glove_cut,2,B_kinematics_no_qc,elastic_net,5,18.0,18.511572173358392,-0.5115721733583918,0.5115721733583918
DVST_XI_Griffin_29_sep-1_oct_2024_01_10.39.05_trainee_20_camera target_2.csv,trainee,20,trainee__participant_20,camera_target,2,B_kinematics_no_qc,elastic_net,5,14.0,21.190254433179277,-7.190254433179277,7.190254433179277
DVST_XI_Griffin_29_sep-1_oct_2024_29_09.07.40_trainee_20_camera target_1.csv,trainee,20,trainee__participant_20,camera_target,1,B_kinematics_no_qc,elastic_net,5,15.0,16.41824416982708,-1.41824416982708,1.41824416982708
DVST_XI_Griffin_29_sep-1_oct_2024_29_09.07.40_trainee_20_suture_1.csv,trainee,20,trainee__participant_20,suture,1,B_kinematics_no_qc,elastic_net,5,13.0,17.102712921572106,-4.102712921572106,4.102712921572106
DVST_XI_Griffin_29_sep-1_oct_2024_30_12.18.00_trainee_20_glove cut_2.csv,trainee,20,trainee__participant_20,glove_cut,2,B_kinematics_no_qc,elastic_net,5,17.0,20.959866019543664,-3.9598660195436644,3.9598660195436644
DVST_XI_Griffin_29_sep-1_oct_2024_30_12.18.00_trainee_20_ring rollercoaster_2.csv,trainee,20,trainee__participant_20,ring_rollercoaster,2,B_kinematics_no_qc,elastic_net,5,21.0,18.3329192650744,2.6670807349256016,2.6670807349256016
DVST_XI_Griffin_29_sep-1_oct_2024_30_12.18.00_trainee_20_sea spikes_2.csv,trainee,20,trainee__participant_20,sea_spikes,2,B_kinematics_no_qc,elastic_net,5,21.0,21.268882697522447,-0.26888269752244653,0.26888269752244653
DVST_XI_11-14_Aug_2025_14_10.45.28_expert_8_camera target_1.csv,expert,8,expert__participant_8,camera_target,1,C_kinematics_no_qc_plus_task,ridge,1,28.0,22.26067086165926,5.739329138340739,5.739329138340739
DVST_XI_11-14_Aug_2025_14_10.45.28_expert_8_glove cut_1.csv,expert,8,expert__participant_8,glove_cut,1,C_kinematics_no_qc_plus_task,ridge,1,24.0,21.731533113415324,2.268466886584676,2.268466886584676
DVST_XI_11-14_Aug_2025_14_10.45.28_expert_8_ring rollercoaster_1.csv,expert,8,expert__participant_8,ring_rollercoaster,1,C_kinematics_no_qc_plus_task,ridge,1,24.0,22.824545222642534,1.1754547773574657,1.1754547773574657
DVST_XI_11-14_Aug_2025_14_10.45.28_expert_8_sea spikes_1.csv,expert,8,expert__participant_8,sea_spikes,1,C_kinematics_no_qc_plus_task,ridge,1,22.0,21.315908288153047,0.6840917118469534,0.6840917118469534
DVST_XI_11-14_Aug_2025_14_10.45.28_expert_8_suture_1.csv,expert,8,expert__participant_8,suture,1,C_kinematics_no_qc_plus_task,ridge,1,29.0,25.231241593550727,3.7687584064492725,3.7687584064492725
DVST_XI_14-16_Feb_2024_14_09.13.16_trainee_5_camera target_1.csv,trainee,5,trainee__participant_5,camera_target,1,C_kinematics_no_qc_plus_task,ridge,1,7.0,14.961755598000371,-7.961755598000371,7.961755598000371
DVST_XI_14-16_Feb_2024_14_09.13.16_trainee_5_glove cut_1.csv,trainee,5,trainee__participant_5,glove_cut,1,C_kinematics_no_qc_plus_task,ridge,1,11.0,16.72867514991576,-5.728675149915759,5.728675149915759
DVST_XI_14-16_Feb_2024_14_09.13.16_trainee_5_ring rollercoaster_1.csv,trainee,5,trainee__participant_5,ring_rollercoaster,1,C_kinematics_no_qc_plus_task,ridge,1,17.0,14.072240084904381,2.927759915095619,2.927759915095619
DVST_XI_14-16_Feb_2024_14_09.13.16_trainee_5_sea spikes_1.csv,trainee,5,trainee__participant_5,sea_spikes,1,C_kinematics_no_qc_plus_task,ridge,1,16.0,16.734322308780236,-0.7343223087802357,0.7343223087802357
DVST_XI_14-16_Feb_2024_14_09.13.16_trainee_5_suture_1.csv,trainee,5,trainee__participant_5,suture,1,C_kinematics_no_qc_plus_task,ridge,1,16.0,17.85712342912498,-1.8571234291249787,1.8571234291249787
DVST_XI_14-16_Feb_2024_16_08.32.59_trainee_5_camera target_2.csv,trainee,5,trainee__participant_5,camera_target,2,C_kinematics_no_qc_plus_task,ridge,1,21.0,18.898367881929726,2.101632118070274,2.101632118070274
DVST_XI_14-16_Feb_2024_16_08.32.59_trainee_5_glove cut_2.csv,trainee,5,trainee__participant_5,glove_cut,2,C_kinematics_no_qc_plus_task,ridge,1,19.0,15.350624223372776,3.649375776627224,3.649375776627224
DVST_XI_14-16_Feb_2024_16_08.32.59_trainee_5_ring rollercoaster_2.csv,trainee,5,trainee__participant_5,ring_rollercoaster,2,C_kinematics_no_qc_plus_task,ridge,1,23.0,16.8531369666225,6.1468630333775,6.1468630333775
DVST_XI_14-16_Feb_2024_16_08.32.59_trainee_5_sea spikes_2.csv,trainee,5,trainee__participant_5,sea_spikes,2,C_kinematics_no_qc_plus_task,ridge,1,21.0,20.34920309390111,0.6507969060988898,0.6507969060988898
DVST_XI_14-16_Feb_2024_16_08.32.59_trainee_5_suture_2.csv,trainee,5,trainee__participant_5,suture,2,C_kinematics_no_qc_plus_task,ridge,1,21.0,18.6294387802526,2.370561219747401,2.370561219747401
DVST_XI_19-22_May_2025_21_09.43.23_expert_5_camera target_1.csv,expert,5,expert__participant_5,camera_target,1,C_kinematics_no_qc_plus_task,ridge,1,30.0,21.839483289675815,8.160516710324185,8.160516710324185
DVST_XI_19-22_May_2025_21_09.43.23_expert_5_glove cut_1.csv,expert,5,expert__participant_5,glove_cut,1,C_kinematics_no_qc_plus_task,ridge,1,24.0,19.605923805687187,4.394076194312813,4.394076194312813
DVST_XI_19-22_May_2025_21_09.43.23_expert_5_ring rollercoaster_1.csv,expert,5,expert__participant_5,ring_rollercoaster,1,C_kinematics_no_qc_plus_task,ridge,1,24.0,20.378175904811926,3.6218240951880745,3.6218240951880745
DVST_XI_19-22_May_2025_21_09.43.23_expert_5_sea spikes_1.csv,expert,5,expert__participant_5,sea_spikes,1,C_kinematics_no_qc_plus_task,ridge,1,24.0,20.967046044735703,3.032953955264297,3.032953955264297
DVST_XI_19-22_May_2025_21_09.43.23_expert_5_suture_1.csv,expert,5,expert__participant_5,suture,1,C_kinematics_no_qc_plus_task,ridge,1,29.0,22.070257457377775,6.929742542622225,6.929742542622225
DVST_XI_19-22_May_2025_22_09.34.36_trainee_38_camera target_2.csv,trainee,38,trainee__participant_38,camera_target,2,C_kinematics_no_qc_plus_task,ridge,1,22.0,24.15564432000585,-2.1556443200058517,2.1556443200058517
DVST_XI_19-22_May_2025_22_09.34.36_trainee_38_glove cut_2.csv,trainee,38,trainee__participant_38,glove_cut,2,C_kinematics_no_qc_plus_task,ridge,1,18.0,21.921043424083052,-3.9210434240830523,3.9210434240830523
DVST_XI_19-22_May_2025_22_09.34.36_trainee_42_camera target_2.csv,trainee,42,trainee__participant_42,camera_target,2,C_kinematics_no_qc_plus_task,ridge,1,19.0,19.212860423873025,-0.21286042387302473,0.21286042387302473
DVST_XI_19-22_May_2025_22_09.34.36_trainee_42_glove cut_2.csv,trainee,42,trainee__participant_42,glove_cut,2,C_kinematics_no_qc_plus_task,ridge,1,16.0,19.504652727529425,-3.5046527275294252,3.5046527275294252
DVST_XI_6-8_Mar_2025_06_10.41.14_trainee_34_camera target_1.csv,trainee,34,trainee__participant_34,camera_target,1,C_kinematics_no_qc_plus_task,ridge,1,18.0,19.74527317989029,-1.7452731798902903,1.7452731798902903
DVST_XI_6-8_Mar_2025_06_10.41.14_trainee_34_ring rollercoaster_1.csv,trainee,34,trainee__participant_34,ring_rollercoaster,1,C_kinematics_no_qc_plus_task,ridge,1,14.0,14.101194543614787,-0.10119454361478653,0.10119454361478653
DVST_XI_6-8_Mar_2025_06_10.41.14_trainee_34_sea spikes_1.csv,trainee,34,trainee__participant_34,sea_spikes,1,C_kinematics_no_qc_plus_task,ridge,1,14.0,14.5599745845766,-0.5599745845766009,0.5599745845766009
DVST_XI_6-8_Mar_2025_07_11.56.53_trainee_34_glove cut_1.csv,trainee,34,trainee__participant_34,glove_cut,1,C_kinematics_no_qc_plus_task,ridge,1,12.0,12.97923858508569,-0.9792385850856906,0.9792385850856906
DVST_XI_7-11_Mar_2024_08_13.12.17_trainee_10_ring rollercoaster_1.csv,trainee,10,trainee__participant_10,ring_rollercoaster,1,C_kinematics_no_qc_plus_task,ridge,1,14.0,19.506171169647395,-5.506171169647395,5.506171169647395
DVST_XI_7-11_Mar_2024_08_13.12.17_trainee_10_sea spikes_1.csv,trainee,10,trainee__participant_10,sea_spikes,1,C_kinematics_no_qc_plus_task,ridge,1,22.0,16.129397480576497,5.870602519423503,5.870602519423503
DVST_XI_7-11_Mar_2024_09_10.19.01_trainee_10_camera target_1.csv,trainee,10,trainee__participant_10,camera_target,1,C_kinematics_no_qc_plus_task,ridge,1,14.0,19.871621030929667,-5.871621030929667,5.871621030929667
DVST_XI_7-11_Mar_2024_09_10.19.01_trainee_10_glove cut_1.csv,trainee,10,trainee__participant_10,glove_cut,1,C_kinematics_no_qc_plus_task,ridge,1,18.0,14.812470651558968,3.187529348441032,3.187529348441032
DVST_XI_7-11_Mar_2024_09_13.46.11_trainee_10_suture_1.csv,trainee,10,trainee__participant_10,suture,1,C_kinematics_no_qc_plus_task,ridge,1,19.0,20.249039286513014,-1.249039286513014,1.249039286513014
DVST_XI_7-11_Mar_2024_10_08.59.30_trainee_10_ring rollercoaster_2.csv,trainee,10,trainee__participant_10,ring_rollercoaster,2,C_kinematics_no_qc_plus_task,ridge,1,18.0,19.131827684131412,-1.1318276841314123,1.1318276841314123
DVST_XI_7-11_Mar_2024_10_08.59.30_trainee_10_sea spikes_2.csv,trainee,10,trainee__participant_10,sea_spikes,2,C_kinematics_no_qc_plus_task,ridge,1,22.0,19.449506663343744,2.550493336656256,2.550493336656256
DVST_XI_Griffin_16-19_07_2024_16_08.46.09_trainee_12_glove cut_1.csv,trainee,12,trainee__participant_12,glove_cut,1,C_kinematics_no_qc_plus_task,ridge,1,21.0,19.24968372701932,1.7503162729806796,1.7503162729806796
DVST_XI_Griffin_16-19_07_2024_16_08.46.09_trainee_12_ring rollercoaster_1.csv,trainee,12,trainee__participant_12,ring_rollercoaster,1,C_kinematics_no_qc_plus_task,ridge,1,16.0,20.376416797511673,-4.3764167975116735,4.3764167975116735
DVST_XI_Griffin_16-19_07_2024_16_08.46.09_trainee_12_sea spikes_1.csv,trainee,12,trainee__participant_12,sea_spikes,1,C_kinematics_no_qc_plus_task,ridge,1,12.0,19.042737823814885,-7.0427378238148854,7.0427378238148854
DVST_XI_Griffin_16-19_07_2024_16_08.46.09_trainee_12_suture_1.csv,trainee,12,trainee__participant_12,suture,1,C_kinematics_no_qc_plus_task,ridge,1,20.0,22.63282555935405,-2.6328255593540497,2.6328255593540497
DVST_XI_Griffin_16-19_07_2024_17_12.20.23_trainee_12_camera target_1.csv,trainee,12,trainee__participant_12,camera_target,1,C_kinematics_no_qc_plus_task,ridge,1,16.0,21.627347936420392,-5.627347936420392,5.627347936420392
DVST_XI_Griffin_16-19_07_2024_18_08.46.52_trainee_12_sea spikes_2.csv,trainee,12,trainee__participant_12,sea_spikes,2,C_kinematics_no_qc_plus_task,ridge,1,19.0,22.823475409700244,-3.8234754097002437,3.8234754097002437
DVST_XI_Griffin_16-19_07_2024_18_08.46.52_trainee_12_suture_2.csv,trainee,12,trainee__participant_12,suture,2,C_kinematics_no_qc_plus_task,ridge,1,28.0,21.96022610884181,6.039773891158191,6.039773891158191
DVST_XI_Griffin_16-19_07_2024_19_09.39.41_trainee_12_glove cut_2.csv,trainee,12,trainee__participant_12,glove_cut,2,C_kinematics_no_qc_plus_task,ridge,1,20.0,19.623122513943095,0.3768774860569053,0.3768774860569053
DVST_XI_Griffin_29_sep-1_oct_2024_01_10.39.05_trainee_19_camera target_2.csv,trainee,19,trainee__participant_19,camera_target,2,C_kinematics_no_qc_plus_task,ridge,1,18.0,19.435163549489754,-1.4351635494897543,1.4351635494897543
DVST_XI_Griffin_29_sep-1_oct_2024_29_09.07.40_trainee_19_camera target_1.csv,trainee,19,trainee__participant_19,camera_target,1,C_kinematics_no_qc_plus_task,ridge,1,17.0,15.943126319585945,1.0568736804140553,1.0568736804140553
DVST_XI_Griffin_29_sep-1_oct_2024_29_09.07.40_trainee_19_suture_1.csv,trainee,19,trainee__participant_19,suture,1,C_kinematics_no_qc_plus_task,ridge,1,16.0,15.92503538281315,0.07496461718685055,0.07496461718685055
DVST_XI_Griffin_29_sep-1_oct_2024_30_12.18.00_trainee_19_glove cut_2.csv,trainee,19,trainee__participant_19,glove_cut,2,C_kinematics_no_qc_plus_task,ridge,1,17.0,18.432169887754988,-1.4321698877549878,1.4321698877549878
DVST_XI_Griffin_29_sep-1_oct_2024_30_12.18.00_trainee_19_ring rollercoaster_2.csv,trainee,19,trainee__participant_19,ring_rollercoaster,2,C_kinematics_no_qc_plus_task,ridge,1,22.0,18.701393796919362,3.298606203080638,3.298606203080638
DVST_XI_Griffin_29_sep-1_oct_2024_30_12.18.00_trainee_19_sea spikes_2.csv,trainee,19,trainee__participant_19,sea_spikes,2,C_kinematics_no_qc_plus_task,ridge,1,21.0,20.42776367664507,0.5722363233549288,0.5722363233549288
DVST_XI_14-16_Feb_2024_14_09.13.16_trainee_3_camera target_1.csv,trainee,3,trainee__participant_3,camera_target,1,C_kinematics_no_qc_plus_task,ridge,2,15.0,17.691561299395786,-2.6915612993957865,2.6915612993957865
DVST_XI_14-16_Feb_2024_14_09.13.16_trainee_3_glove cut_1.csv,trainee,3,trainee__participant_3,glove_cut,1,C_kinematics_no_qc_plus_task,ridge,2,17.0,19.915514864331556,-2.9155148643315556,2.9155148643315556
DVST_XI_14-16_Feb_2024_14_09.13.16_trainee_3_ring rollercoaster_1.csv,trainee,3,trainee__participant_3,ring_rollercoaster,1,C_kinematics_no_qc_plus_task,ridge,2,12.0,18.309967248626133,-6.309967248626133,6.309967248626133
DVST_XI_14-16_Feb_2024_14_09.13.16_trainee_3_sea spikes_1.csv,trainee,3,trainee__participant_3,sea_spikes,1,C_kinematics_no_qc_plus_task,ridge,2,15.0,18.49436699857464,-3.494366998574641,3.494366998574641
DVST_XI_14-16_Feb_2024_14_09.13.16_trainee_3_suture_1.csv,trainee,3,trainee__participant_3,suture,1,C_kinematics_no_qc_plus_task,ridge,2,19.0,19.027088617528683,-0.0270886175286833,0.0270886175286833
DVST_XI_14-16_Feb_2024_16_08.32.59_trainee_3_camera target_2.csv,trainee,3,trainee__participant_3,camera_target,2,C_kinematics_no_qc_plus_task,ridge,2,23.0,18.438369872144577,4.561630127855423,4.561630127855423
DVST_XI_14-16_Feb_2024_16_08.32.59_trainee_3_glove cut_2.csv,trainee,3,trainee__participant_3,glove_cut,2,C_kinematics_no_qc_plus_task,ridge,2,19.0,19.763730272810673,-0.7637302728106725,0.7637302728106725
DVST_XI_14-16_Feb_2024_16_08.32.59_trainee_3_ring rollercoaster_2.csv,trainee,3,trainee__participant_3,ring_rollercoaster,2,C_kinematics_no_qc_plus_task,ridge,2,21.0,19.1704607082417,1.8295392917583015,1.8295392917583015
DVST_XI_14-16_Feb_2024_16_08.32.59_trainee_3_sea spikes_2.csv,trainee,3,trainee__participant_3,sea_spikes,2,C_kinematics_no_qc_plus_task,ridge,2,17.0,19.47068689845128,-2.47068689845128,2.47068689845128
DVST_XI_14-16_Feb_2024_16_08.32.59_trainee_3_suture_2.csv,trainee,3,trainee__participant_3,suture,2,C_kinematics_no_qc_plus_task,ridge,2,22.0,21.58899725542423,0.4110027445757716,0.4110027445757716
DVST_XI_19-22_May_2025_22_09.34.36_trainee_37_camera target_2.csv,trainee,37,trainee__participant_37,camera_target,2,C_kinematics_no_qc_plus_task,ridge,2,16.0,20.870064957797858,-4.870064957797858,4.870064957797858
DVST_XI_19-22_May_2025_22_09.34.36_trainee_37_glove cut_2.csv,trainee,37,trainee__participant_37,glove_cut,2,C_kinematics_no_qc_plus_task,ridge,2,19.0,23.873521814802565,-4.873521814802565,4.873521814802565
DVST_XI_19-22_May_2025_22_09.34.36_trainee_41_camera target_2.csv,trainee,41,trainee__participant_41,camera_target,2,C_kinematics_no_qc_plus_task,ridge,2,20.0,20.198832254785422,-0.19883225478542244,0.19883225478542244
DVST_XI_19-22_May_2025_22_09.34.36_trainee_41_glove cut_2.csv,trainee,41,trainee__participant_41,glove_cut,2,C_kinematics_no_qc_plus_task,ridge,2,19.0,19.05737111437153,-0.05737111437153075,0.05737111437153075
DVST_XI_6-8_Mar_2025_06_10.41.14_trainee_32_camera target_1.csv,trainee,32,trainee__participant_32,camera_target,1,C_kinematics_no_qc_plus_task,ridge,2,20.0,21.280551713821712,-1.280551713821712,1.280551713821712
DVST_XI_6-8_Mar_2025_06_10.41.14_trainee_32_ring rollercoaster_1.csv,trainee,32,trainee__participant_32,ring_rollercoaster,1,C_kinematics_no_qc_plus_task,ridge,2,17.0,17.420324322016683,-0.42032432201668257,0.42032432201668257
DVST_XI_6-8_Mar_2025_06_10.41.14_trainee_32_sea spikes_1.csv,trainee,32,trainee__participant_32,sea_spikes,1,C_kinematics_no_qc_plus_task,ridge,2,14.0,22.317948075542315,-8.317948075542315,8.317948075542315
DVST_XI_6-8_Mar_2025_07_11.56.53_trainee_32_glove cut_1.csv,trainee,32,trainee__participant_32,glove_cut,1,C_kinematics_no_qc_plus_task,ridge,2,13.0,20.340137754780674,-7.340137754780674,7.340137754780674
DVST_XI_6-8_Mar_2025_08_08.21.32_expert_3_camera target_1.csv,expert,3,expert__participant_3,camera_target,1,C_kinematics_no_qc_plus_task,ridge,2,27.0,11.937952075647294,15.062047924352706,15.062047924352706
DVST_XI_6-8_Mar_2025_08_08.21.32_expert_3_glove cut_1.csv,expert,3,expert__participant_3,glove_cut,1,C_kinematics_no_qc_plus_task,ridge,2,24.0,17.577696448296727,6.422303551703273,6.422303551703273
DVST_XI_6-8_Mar_2025_08_08.21.32_expert_3_ring rollercoaster_1.csv,expert,3,expert__participant_3,ring_rollercoaster,1,C_kinematics_no_qc_plus_task,ridge,2,21.0,11.431748365412705,9.568251634587295,9.568251634587295
DVST_XI_6-8_Mar_2025_08_08.21.32_expert_3_sea spikes_1.csv,expert,3,expert__participant_3,sea_spikes,1,C_kinematics_no_qc_plus_task,ridge,2,23.0,8.88073502791242,14.11926497208758,14.11926497208758
DVST_XI_6-8_Mar_2025_08_08.21.32_expert_3_suture_1.csv,expert,3,expert__participant_3,suture,1,C_kinematics_no_qc_plus_task,ridge,2,28.0,17.57799858986076,10.422001410139242,10.422001410139242
DVST_XI_7-11_Mar_2024_08_13.12.17_trainee_6_ring rollercoaster_1.csv,trainee,6,trainee__participant_6,ring_rollercoaster,1,C_kinematics_no_qc_plus_task,ridge,2,16.0,20.955894565748068,-4.955894565748068,4.955894565748068
DVST_XI_7-11_Mar_2024_08_13.12.17_trainee_6_sea spikes_1.csv,trainee,6,trainee__participant_6,sea_spikes,1,C_kinematics_no_qc_plus_task,ridge,2,16.0,15.77050855188918,0.22949144811082078,0.22949144811082078
DVST_XI_7-11_Mar_2024_08_13.12.17_trainee_9_ring rollercoaster_1.csv,trainee,9,trainee__participant_9,ring_rollercoaster,1,C_kinematics_no_qc_plus_task,ridge,2,14.0,19.310023344756733,-5.310023344756733,5.310023344756733
DVST_XI_7-11_Mar_2024_08_13.12.17_trainee_9_sea spikes_1.csv,trainee,9,trainee__participant_9,sea_spikes,1,C_kinematics_no_qc_plus_task,ridge,2,18.0,16.585328194707586,1.4146718052924143,1.4146718052924143
DVST_XI_7-11_Mar_2024_09_10.19.01_trainee_6_glove cut_1.csv,trainee,6,trainee__participant_6,glove_cut,1,C_kinematics_no_qc_plus_task,ridge,2,15.0,14.113254209170854,0.8867457908291456,0.8867457908291456
DVST_XI_7-11_Mar_2024_09_10.19.01_trainee_9_camera target_1.csv,trainee,9,trainee__participant_9,camera_target,1,C_kinematics_no_qc_plus_task,ridge,2,19.0,19.010402556589003,-0.010402556589003353,0.010402556589003353
DVST_XI_7-11_Mar_2024_09_10.19.01_trainee_9_glove cut_1.csv,trainee,9,trainee__participant_9,glove_cut,1,C_kinematics_no_qc_plus_task,ridge,2,18.0,18.174484103657008,-0.17448410365700795,0.17448410365700795
DVST_XI_7-11_Mar_2024_09_13.46.11_trainee_6_suture_1.csv,trainee,6,trainee__participant_6,suture,1,C_kinematics_no_qc_plus_task,ridge,2,12.0,19.084532177466755,-7.084532177466755,7.084532177466755
DVST_XI_7-11_Mar_2024_09_13.46.11_trainee_9_suture_1.csv,trainee,9,trainee__participant_9,suture,1,C_kinematics_no_qc_plus_task,ridge,2,16.0,18.55735015691826,-2.557350156918261,2.557350156918261
DVST_XI_7-11_Mar_2024_10_08.59.30_trainee_6_ring rollercoaster_2.csv,trainee,6,trainee__participant_6,ring_rollercoaster,2,C_kinematics_no_qc_plus_task,ridge,2,18.0,22.114073287756185,-4.1140732877561845,4.1140732877561845
DVST_XI_7-11_Mar_2024_10_08.59.30_trainee_6_sea spikes_2.csv,trainee,6,trainee__participant_6,sea_spikes,2,C_kinematics_no_qc_plus_task,ridge,2,20.0,21.347713366367316,-1.3477133663673158,1.3477133663673158
DVST_XI_7-11_Mar_2024_10_08.59.30_trainee_9_ring rollercoaster_2.csv,trainee,9,trainee__participant_9,ring_rollercoaster,2,C_kinematics_no_qc_plus_task,ridge,2,20.0,20.37856871148951,-0.37856871148951043,0.37856871148951043
DVST_XI_7-11_Mar_2024_10_08.59.30_trainee_9_sea spikes_2.csv,trainee,9,trainee__participant_9,sea_spikes,2,C_kinematics_no_qc_plus_task,ridge,2,22.0,19.870247178170356,2.129752821829644,2.129752821829644
DVST_XI_Griffin_29_sep-1_oct_2024_01_10.39.05_trainee_17_camera target_2.csv,trainee,17,trainee__participant_17,camera_target,2,C_kinematics_no_qc_plus_task,ridge,2,22.0,26.338779201733903,-4.338779201733903,4.338779201733903
DVST_XI_Griffin_29_sep-1_oct_2024_01_10.39.05_trainee_21_camera target_2.csv,trainee,21,trainee__participant_21,camera_target,2,C_kinematics_no_qc_plus_task,ridge,2,23.0,21.83104924880141,1.1689507511985902,1.1689507511985902
DVST_XI_Griffin_29_sep-1_oct_2024_29_09.07.40_trainee_17_camera target_1.csv,trainee,17,trainee__participant_17,camera_target,1,C_kinematics_no_qc_plus_task,ridge,2,23.0,13.779311774625583,9.220688225374417,9.220688225374417
DVST_XI_Griffin_29_sep-1_oct_2024_29_09.07.40_trainee_17_suture_1.csv,trainee,17,trainee__participant_17,suture,1,C_kinematics_no_qc_plus_task,ridge,2,15.0,16.081228411930894,-1.0812284119308941,1.0812284119308941
DVST_XI_Griffin_29_sep-1_oct_2024_29_09.07.40_trainee_21_camera target_1.csv,trainee,21,trainee__participant_21,camera_target,1,C_kinematics_no_qc_plus_task,ridge,2,19.0,18.996275172773107,0.003724827226893268,0.003724827226893268
DVST_XI_Griffin_29_sep-1_oct_2024_29_09.07.40_trainee_21_suture_1.csv,trainee,21,trainee__participant_21,suture,1,C_kinematics_no_qc_plus_task,ridge,2,18.0,18.021833510893046,-0.021833510893046082,0.021833510893046082
DVST_XI_Griffin_29_sep-1_oct_2024_30_12.18.00_trainee_17_glove cut_2.csv,trainee,17,trainee__participant_17,glove_cut,2,C_kinematics_no_qc_plus_task,ridge,2,22.0,20.046480548845636,1.9535194511543637,1.9535194511543637
DVST_XI_Griffin_29_sep-1_oct_2024_30_12.18.00_trainee_17_ring rollercoaster_2.csv,trainee,17,trainee__participant_17,ring_rollercoaster,2,C_kinematics_no_qc_plus_task,ridge,2,22.0,21.2387176049365,0.7612823950634997,0.7612823950634997
DVST_XI_Griffin_29_sep-1_oct_2024_30_12.18.00_trainee_17_sea spikes_2.csv,trainee,17,trainee__participant_17,sea_spikes,2,C_kinematics_no_qc_plus_task,ridge,2,22.0,21.3870280557205,0.6129719442795007,0.6129719442795007
DVST_XI_Griffin_29_sep-1_oct_2024_30_12.18.00_trainee_21_glove cut_2.csv,trainee,21,trainee__participant_21,glove_cut,2,C_kinematics_no_qc_plus_task,ridge,2,25.0,19.585380603139413,5.414619396860587,5.414619396860587
DVST_XI_Griffin_29_sep-1_oct_2024_30_12.18.00_trainee_21_ring rollercoaster_2.csv,trainee,21,trainee__participant_21,ring_rollercoaster,2,C_kinematics_no_qc_plus_task,ridge,2,22.0,18.84970533945402,3.150294660545981,3.150294660545981
DVST_XI_Griffin_29_sep-1_oct_2024_30_12.18.00_trainee_21_sea spikes_2.csv,trainee,21,trainee__participant_21,sea_spikes,2,C_kinematics_no_qc_plus_task,ridge,2,22.0,20.34215952048214,1.6578404795178585,1.6578404795178585
DVST_XI_Griffin_29_sep-1_oct_2024_30_12.18.00_trainee_21_suture_2.csv,trainee,21,trainee__participant_21,suture,2,C_kinematics_no_qc_plus_task,ridge,2,23.0,21.835530443530384,1.1644695564696157,1.1644695564696157
DVST_XI_14-16_Feb_2024_14_09.13.16_trainee_1_camera target_1.csv,trainee,1,trainee__participant_1,camera_target,1,C_kinematics_no_qc_plus_task,ridge,3,17.0,18.155133903282096,-1.1551339032820955,1.1551339032820955
DVST_XI_14-16_Feb_2024_14_09.13.16_trainee_1_suture_1.csv,trainee,1,trainee__participant_1,suture,1,C_kinematics_no_qc_plus_task,ridge,3,19.0,17.157363850398887,1.8426361496011125,1.8426361496011125
DVST_XI_14-16_Feb_2024_14_09.13.16_trainee_2_camera target_1.csv,trainee,2,trainee__participant_2,camera_target,1,C_kinematics_no_qc_plus_task,ridge,3,17.0,14.71877085247904,2.2812291475209605,2.2812291475209605
DVST_XI_14-16_Feb_2024_14_09.13.16_trainee_2_glove cut_1.csv,trainee,2,trainee__participant_2,glove_cut,1,C_kinematics_no_qc_plus_task,ridge,3,13.0,18.49494681032557,-5.494946810325569,5.494946810325569
DVST_XI_14-16_Feb_2024_14_09.13.16_trainee_2_ring rollercoaster_1.csv,trainee,2,trainee__participant_2,ring_rollercoaster,1,C_kinematics_no_qc_plus_task,ridge,3,14.0,17.20033226918476,-3.2003322691847593,3.2003322691847593
DVST_XI_14-16_Feb_2024_14_09.13.16_trainee_2_sea spikes_1.csv,trainee,2,trainee__participant_2,sea_spikes,1,C_kinematics_no_qc_plus_task,ridge,3,15.0,17.376600379151366,-2.376600379151366,2.376600379151366
DVST_XI_14-16_Feb_2024_14_09.13.16_trainee_2_suture_1.csv,trainee,2,trainee__participant_2,suture,1,C_kinematics_no_qc_plus_task,ridge,3,19.0,17.564647873581407,1.4353521264185929,1.4353521264185929
DVST_XI_14-16_Feb_2024_14_09.13.16_trainee_4_camera target_1.csv,trainee,4,trainee__participant_4,camera_target,1,C_kinematics_no_qc_plus_task,ridge,3,16.0,16.77130085998105,-0.77130085998105,0.77130085998105
DVST_XI_14-16_Feb_2024_14_09.13.16_trainee_4_glove cut_1.csv,trainee,4,trainee__participant_4,glove_cut,1,C_kinematics_no_qc_plus_task,ridge,3,23.0,18.815321417598664,4.184678582401336,4.184678582401336
DVST_XI_14-16_Feb_2024_14_09.13.16_trainee_4_ring rollercoaster_1.csv,trainee,4,trainee__participant_4,ring_rollercoaster,1,C_kinematics_no_qc_plus_task,ridge,3,14.0,16.415728916763285,-2.4157289167632854,2.4157289167632854
DVST_XI_14-16_Feb_2024_14_09.13.16_trainee_4_sea spikes_1.csv,trainee,4,trainee__participant_4,sea_spikes,1,C_kinematics_no_qc_plus_task,ridge,3,18.0,17.888575830103843,0.11142416989615711,0.11142416989615711
DVST_XI_14-16_Feb_2024_14_09.13.16_trainee_4_suture_1.csv,trainee,4,trainee__participant_4,suture,1,C_kinematics_no_qc_plus_task,ridge,3,18.0,18.09552303266331,-0.09552303266330853,0.09552303266330853
DVST_XI_14-16_Feb_2024_16_08.32.59_trainee_1_camera target_2.csv,trainee,1,trainee__participant_1,camera_target,2,C_kinematics_no_qc_plus_task,ridge,3,19.0,18.11346823217715,0.8865317678228486,0.8865317678228486
DVST_XI_14-16_Feb_2024_16_08.32.59_trainee_1_glove cut_2.csv,trainee,1,trainee__participant_1,glove_cut,2,C_kinematics_no_qc_plus_task,ridge,3,19.0,15.347193757185405,3.652806242814595,3.652806242814595
DVST_XI_14-16_Feb_2024_16_08.32.59_trainee_1_sea spikes_2.csv,trainee,1,trainee__participant_1,sea_spikes,2,C_kinematics_no_qc_plus_task,ridge,3,19.0,19.038583777112553,-0.03858377711255301,0.03858377711255301
DVST_XI_14-16_Feb_2024_16_08.32.59_trainee_1_suture_2.csv,trainee,1,trainee__participant_1,suture,2,C_kinematics_no_qc_plus_task,ridge,3,17.0,17.382306856459497,-0.3823068564594969,0.3823068564594969
DVST_XI_14-16_Feb_2024_16_08.32.59_trainee_2_camera target_2.csv,trainee,2,trainee__participant_2,camera_target,2,C_kinematics_no_qc_plus_task,ridge,3,16.0,19.137935838089028,-3.137935838089028,3.137935838089028
DVST_XI_14-16_Feb_2024_16_08.32.59_trainee_2_glove cut_2.csv,trainee,2,trainee__participant_2,glove_cut,2,C_kinematics_no_qc_plus_task,ridge,3,19.0,16.389205851056357,2.6107941489436435,2.6107941489436435
DVST_XI_14-16_Feb_2024_16_08.32.59_trainee_2_ring rollercoaster_2.csv,trainee,2,trainee__participant_2,ring_rollercoaster,2,C_kinematics_no_qc_plus_task,ridge,3,21.0,16.55216866673412,4.447831333265881,4.447831333265881
DVST_XI_14-16_Feb_2024_16_08.32.59_trainee_2_sea spikes_2.csv,trainee,2,trainee__participant_2,sea_spikes,2,C_kinematics_no_qc_plus_task,ridge,3,17.0,18.606001008145704,-1.6060010081457037,1.6060010081457037
DVST_XI_14-16_Feb_2024_16_08.32.59_trainee_2_suture_2.csv,trainee,2,trainee__participant_2,suture,2,C_kinematics_no_qc_plus_task,ridge,3,22.0,20.898959137990968,1.1010408620090324,1.1010408620090324
DVST_XI_14-16_Feb_2024_16_08.32.59_trainee_4_camera target_2.csv,trainee,4,trainee__participant_4,camera_target,2,C_kinematics_no_qc_plus_task,ridge,3,23.0,17.963058797888507,5.0369412021114925,5.0369412021114925
DVST_XI_6-8_Mar_2025_06_10.41.14_trainee_31_ring rollercoaster_1.csv,trainee,31,trainee__participant_31,ring_rollercoaster,1,C_kinematics_no_qc_plus_task,ridge,3,15.0,18.734928799420068,-3.734928799420068,3.734928799420068
DVST_XI_6-8_Mar_2025_06_10.41.14_trainee_31_sea spikes_1.csv,trainee,31,trainee__participant_31,sea_spikes,1,C_kinematics_no_qc_plus_task,ridge,3,13.0,17.94163936837023,-4.941639368370229,4.941639368370229
DVST_XI_6-8_Mar_2025_06_10.41.14_trainee_36_ring rollercoaster_1.csv,trainee,36,trainee__participant_36,ring_rollercoaster,1,C_kinematics_no_qc_plus_task,ridge,3,19.0,17.095829282752245,1.904170717247755,1.904170717247755
DVST_XI_6-8_Mar_2025_06_10.41.14_trainee_36_sea spikes_1.csv,trainee,36,trainee__participant_36,sea_spikes,1,C_kinematics_no_qc_plus_task,ridge,3,16.0,16.483926690204946,-0.48392669020494594,0.48392669020494594
DVST_XI_6-8_Mar_2025_07_11.56.53_expert_2_camera target_1.csv,expert,2,expert__participant_2,camera_target,1,C_kinematics_no_qc_plus_task,ridge,3,25.0,20.790223731421356,4.2097762685786435,4.2097762685786435
DVST_XI_6-8_Mar_2025_07_11.56.53_expert_2_glove cut_1.csv,expert,2,expert__participant_2,glove_cut,1,C_kinematics_no_qc_plus_task,ridge,3,19.0,19.43141637653371,-0.43141637653371134,0.43141637653371134
DVST_XI_6-8_Mar_2025_07_11.56.53_expert_2_ring rollercoaster_1.csv,expert,2,expert__participant_2,ring_rollercoaster,1,C_kinematics_no_qc_plus_task,ridge,3,20.0,19.681734526622424,0.3182654733775756,0.3182654733775756
DVST_XI_6-8_Mar_2025_07_11.56.53_expert_2_sea spikes_1.csv,expert,2,expert__participant_2,sea_spikes,1,C_kinematics_no_qc_plus_task,ridge,3,18.0,19.67639271836474,-1.6763927183647382,1.6763927183647382
DVST_XI_6-8_Mar_2025_07_11.56.53_expert_2_suture_1.csv,expert,2,expert__participant_2,suture,1,C_kinematics_no_qc_plus_task,ridge,3,23.0,23.124396680514863,-0.12439668051486308,0.12439668051486308
DVST_XI_6-8_Mar_2025_07_11.56.53_trainee_31_glove cut_1.csv,trainee,31,trainee__participant_31,glove_cut,1,C_kinematics_no_qc_plus_task,ridge,3,16.0,18.438765203185653,-2.4387652031856533,2.4387652031856533
DVST_XI_6-8_Mar_2025_07_11.56.53_trainee_36_glove cut_1.csv,trainee,36,trainee__participant_36,glove_cut,1,C_kinematics_no_qc_plus_task,ridge,3,18.0,18.81790527135489,-0.8179052713548884,0.8179052713548884
DVST_XI_7-11_Mar_2024_08_13.12.17_trainee_8_ring rollercoaster_1.csv,trainee,8,trainee__participant_8,ring_rollercoaster,1,C_kinematics_no_qc_plus_task,ridge,3,12.0,16.498760397667585,-4.498760397667585,4.498760397667585
DVST_XI_7-11_Mar_2024_08_13.12.17_trainee_8_sea spikes_1.csv,trainee,8,trainee__participant_8,sea_spikes,1,C_kinematics_no_qc_plus_task,ridge,3,18.0,17.41842939975066,0.5815706002493393,0.5815706002493393
DVST_XI_7-11_Mar_2024_09_10.19.01_trainee_8_camera target_1.csv,trainee,8,trainee__participant_8,camera_target,1,C_kinematics_no_qc_plus_task,ridge,3,10.0,12.595693054411718,-2.5956930544117185,2.5956930544117185
DVST_XI_7-11_Mar_2024_09_10.19.01_trainee_8_glove cut_1.csv,trainee,8,trainee__participant_8,glove_cut,1,C_kinematics_no_qc_plus_task,ridge,3,17.0,16.845900906236114,0.15409909376388597,0.15409909376388597
DVST_XI_7-11_Mar_2024_09_13.46.11_trainee_8_suture_1.csv,trainee,8,trainee__participant_8,suture,1,C_kinematics_no_qc_plus_task,ridge,3,17.0,20.247695470406054,-3.247695470406054,3.247695470406054
DVST_XI_7-11_Mar_2024_10_08.59.30_trainee_8_ring rollercoaster_2.csv,trainee,8,trainee__participant_8,ring_rollercoaster,2,C_kinematics_no_qc_plus_task,ridge,3,16.0,18.202815504017867,-2.2028155040178667,2.2028155040178667
DVST_XI_7-11_Mar_2024_10_08.59.30_trainee_8_sea spikes_2.csv,trainee,8,trainee__participant_8,sea_spikes,2,C_kinematics_no_qc_plus_task,ridge,3,20.0,18.558732589737485,1.4412674102625154,1.4412674102625154
DVST_XI_Griffin_29_sep-1_oct_2024_01_10.39.05_trainee_18_camera target_2.csv,trainee,18,trainee__participant_18,camera_target,2,C_kinematics_no_qc_plus_task,ridge,3,18.0,22.424449828991666,-4.424449828991666,4.424449828991666
DVST_XI_Griffin_29_sep-1_oct_2024_29_09.07.40_trainee_18_camera target_1.csv,trainee,18,trainee__participant_18,camera_target,1,C_kinematics_no_qc_plus_task,ridge,3,19.0,40.23736276632368,-21.237362766323677,21.237362766323677
DVST_XI_Griffin_29_sep-1_oct_2024_29_09.07.40_trainee_18_suture_1.csv,trainee,18,trainee__participant_18,suture,1,C_kinematics_no_qc_plus_task,ridge,3,12.0,10.760464004216965,1.2395359957830347,1.2395359957830347
DVST_XI_Griffin_29_sep-1_oct_2024_30_12.18.00_trainee_18_glove cut_2.csv,trainee,18,trainee__participant_18,glove_cut,2,C_kinematics_no_qc_plus_task,ridge,3,22.0,19.782752175209524,2.2172478247904763,2.2172478247904763
DVST_XI_Griffin_29_sep-1_oct_2024_30_12.18.00_trainee_18_ring rollercoaster_2.csv,trainee,18,trainee__participant_18,ring_rollercoaster,2,C_kinematics_no_qc_plus_task,ridge,3,24.0,20.205733958755214,3.7942660412447857,3.7942660412447857
DVST_XI_Griffin_29_sep-1_oct_2024_30_12.18.00_trainee_18_sea spikes_2.csv,trainee,18,trainee__participant_18,sea_spikes,2,C_kinematics_no_qc_plus_task,ridge,3,22.0,20.641511592852936,1.358488407147064,1.358488407147064
DVST_XI_Griffin_29_sep-1_oct_2024_30_12.18.00_trainee_18_suture_2.csv,trainee,18,trainee__participant_18,suture,2,C_kinematics_no_qc_plus_task,ridge,3,22.0,20.922893989488625,1.0771060105113754,1.0771060105113754
DVST_XI_10-13_Nov_2025_12_10.36.46_expert_10_camera target_1.csv,expert,10,expert__participant_10,camera_target,1,C_kinematics_no_qc_plus_task,ridge,4,30.0,27.046706477381615,2.9532935226183845,2.9532935226183845
DVST_XI_10-13_Nov_2025_12_10.36.46_expert_10_glove cut_1.csv,expert,10,expert__participant_10,glove_cut,1,C_kinematics_no_qc_plus_task,ridge,4,28.0,24.247665174439106,3.7523348255608937,3.7523348255608937
DVST_XI_10-13_Nov_2025_12_10.36.46_expert_10_ring rollercoaster_1.csv,expert,10,expert__participant_10,ring_rollercoaster,1,C_kinematics_no_qc_plus_task,ridge,4,29.0,23.14325408680742,5.856745913192579,5.856745913192579
DVST_XI_10-13_Nov_2025_12_10.36.46_expert_10_sea spikes_1.csv,expert,10,expert__participant_10,sea_spikes,1,C_kinematics_no_qc_plus_task,ridge,4,29.0,22.523411875565525,6.476588124434475,6.476588124434475
DVST_XI_10-13_Nov_2025_12_10.36.46_expert_10_suture_1.csv,expert,10,expert__participant_10,suture,1,C_kinematics_no_qc_plus_task,ridge,4,30.0,26.815221529985024,3.184778470014976,3.184778470014976
DVST_XI_11-14_Aug_2025_13_11.33.24_expert_7_camera target_1.csv,expert,7,expert__participant_7,camera_target,1,C_kinematics_no_qc_plus_task,ridge,4,28.0,24.383480194996068,3.616519805003932,3.616519805003932
DVST_XI_11-14_Aug_2025_13_11.33.24_expert_7_glove cut_1.csv,expert,7,expert__participant_7,glove_cut,1,C_kinematics_no_qc_plus_task,ridge,4,25.0,21.659971237224656,3.3400287627753436,3.3400287627753436
DVST_XI_11-14_Aug_2025_13_11.33.24_expert_7_ring rollercoaster_1.csv,expert,7,expert__participant_7,ring_rollercoaster,1,C_kinematics_no_qc_plus_task,ridge,4,20.0,20.764221469333656,-0.7642214693336555,0.7642214693336555
DVST_XI_11-14_Aug_2025_13_11.33.24_expert_7_sea spikes_1.csv,expert,7,expert__participant_7,sea_spikes,1,C_kinematics_no_qc_plus_task,ridge,4,20.0,21.135946673314113,-1.1359466733141126,1.1359466733141126
DVST_XI_11-14_Aug_2025_13_11.33.24_expert_7_suture_1.csv,expert,7,expert__participant_7,suture,1,C_kinematics_no_qc_plus_task,ridge,4,29.0,24.442249316431905,4.557750683568095,4.557750683568095
DVST_XI_19-22_May_2025_22_09.34.36_trainee_40_camera target_2.csv,trainee,40,trainee__participant_40,camera_target,2,C_kinematics_no_qc_plus_task,ridge,4,24.0,24.804357233779335,-0.804357233779335,0.804357233779335
DVST_XI_19-22_May_2025_22_09.34.36_trainee_40_glove cut_2.csv,trainee,40,trainee__participant_40,glove_cut,2,C_kinematics_no_qc_plus_task,ridge,4,24.0,21.73146282011088,2.268537179889119,2.268537179889119
DVST_XI_6-8_Mar_2025_06_10.41.14_trainee_33_camera target_1.csv,trainee,33,trainee__participant_33,camera_target,1,C_kinematics_no_qc_plus_task,ridge,4,23.0,20.805970601255282,2.1940293987447177,2.1940293987447177
DVST_XI_6-8_Mar_2025_06_10.41.14_trainee_33_ring rollercoaster_1.csv,trainee,33,trainee__participant_33,ring_rollercoaster,1,C_kinematics_no_qc_plus_task,ridge,4,21.0,21.42806912799038,-0.4280691279903799,0.4280691279903799
DVST_XI_6-8_Mar_2025_06_10.41.14_trainee_33_sea spikes_1.csv,trainee,33,trainee__participant_33,sea_spikes,1,C_kinematics_no_qc_plus_task,ridge,4,16.0,17.775555891618787,-1.7755558916187866,1.7755558916187866
DVST_XI_6-8_Mar_2025_06_10.41.14_trainee_35_ring rollercoaster_1.csv,trainee,35,trainee__participant_35,ring_rollercoaster,1,C_kinematics_no_qc_plus_task,ridge,4,18.0,16.1247171117703,1.8752828882297017,1.8752828882297017
DVST_XI_6-8_Mar_2025_06_10.41.14_trainee_35_sea spikes_1.csv,trainee,35,trainee__participant_35,sea_spikes,1,C_kinematics_no_qc_plus_task,ridge,4,15.0,14.977634224969119,0.022365775030880997,0.022365775030880997
DVST_XI_6-8_Mar_2025_07_11.56.53_trainee_33_camera target_2.csv,trainee,33,trainee__participant_33,camera_target,2,C_kinematics_no_qc_plus_task,ridge,4,19.0,20.65827749505422,-1.6582774950542216,1.6582774950542216
DVST_XI_6-8_Mar_2025_07_11.56.53_trainee_33_glove cut_1.csv,trainee,33,trainee__participant_33,glove_cut,1,C_kinematics_no_qc_plus_task,ridge,4,18.0,19.885790859724985,-1.8857908597249846,1.8857908597249846
DVST_XI_6-8_Mar_2025_07_11.56.53_trainee_33_sea spikes_2.csv,trainee,33,trainee__participant_33,sea_spikes,2,C_kinematics_no_qc_plus_task,ridge,4,20.0,18.629865374748515,1.3701346252514846,1.3701346252514846
DVST_XI_6-8_Mar_2025_07_11.56.53_trainee_35_camera target_2.csv,trainee,35,trainee__participant_35,camera_target,2,C_kinematics_no_qc_plus_task,ridge,4,18.0,21.6950737138693,-3.6950737138692986,3.6950737138692986
DVST_XI_6-8_Mar_2025_07_11.56.53_trainee_35_glove cut_1.csv,trainee,35,trainee__participant_35,glove_cut,1,C_kinematics_no_qc_plus_task,ridge,4,16.0,19.251422960461706,-3.2514229604617064,3.2514229604617064
DVST_XI_6-8_Mar_2025_07_11.56.53_trainee_35_sea spikes_2.csv,trainee,35,trainee__participant_35,sea_spikes,2,C_kinematics_no_qc_plus_task,ridge,4,21.0,20.034880011430833,0.9651199885691675,0.9651199885691675
DVST_XI_7-11_Mar_2024_08_13.12.17_trainee_7_ring rollercoaster_1.csv,trainee,7,trainee__participant_7,ring_rollercoaster,1,C_kinematics_no_qc_plus_task,ridge,4,15.0,15.751581346231726,-0.7515813462317258,0.7515813462317258
DVST_XI_7-11_Mar_2024_08_13.12.17_trainee_7_sea spikes_1.csv,trainee,7,trainee__participant_7,sea_spikes,1,C_kinematics_no_qc_plus_task,ridge,4,19.0,15.547926935471052,3.452073064528948,3.452073064528948
DVST_XI_7-11_Mar_2024_09_10.19.01_trainee_7_camera target_1.csv,trainee,7,trainee__participant_7,camera_target,1,C_kinematics_no_qc_plus_task,ridge,4,17.0,18.640157796053888,-1.640157796053888,1.640157796053888
DVST_XI_7-11_Mar_2024_09_10.19.01_trainee_7_glove cut_1.csv,trainee,7,trainee__participant_7,glove_cut,1,C_kinematics_no_qc_plus_task,ridge,4,15.0,15.66761891077244,-0.6676189107724397,0.6676189107724397
DVST_XI_7-11_Mar_2024_09_13.46.11_trainee_7_suture_1.csv,trainee,7,trainee__participant_7,suture,1,C_kinematics_no_qc_plus_task,ridge,4,17.0,18.624241914618832,-1.6242419146188318,1.6242419146188318
DVST_XI_7-11_Mar_2024_10_08.59.30_trainee_7_ring rollercoaster_2.csv,trainee,7,trainee__participant_7,ring_rollercoaster,2,C_kinematics_no_qc_plus_task,ridge,4,18.0,18.830281465242972,-0.8302814652429724,0.8302814652429724
DVST_XI_7-11_Mar_2024_10_08.59.30_trainee_7_sea spikes_2.csv,trainee,7,trainee__participant_7,sea_spikes,2,C_kinematics_no_qc_plus_task,ridge,4,20.0,18.15823487651565,1.8417651234843504,1.8417651234843504
DVST_XI_Griffin_16-19_07_2024_16_08.46.09_trainee_15_glove cut_1.csv,trainee,15,trainee__participant_15,glove_cut,1,C_kinematics_no_qc_plus_task,ridge,4,17.0,19.509519596594767,-2.5095195965947674,2.5095195965947674
DVST_XI_Griffin_16-19_07_2024_16_08.46.09_trainee_15_ring rollercoaster_1.csv,trainee,15,trainee__participant_15,ring_rollercoaster,1,C_kinematics_no_qc_plus_task,ridge,4,18.0,19.659920345853468,-1.6599203458534681,1.6599203458534681
DVST_XI_Griffin_16-19_07_2024_16_08.46.09_trainee_15_sea spikes_1.csv,trainee,15,trainee__participant_15,sea_spikes,1,C_kinematics_no_qc_plus_task,ridge,4,20.0,18.24115635085726,1.7588436491427402,1.7588436491427402
DVST_XI_Griffin_16-19_07_2024_16_08.46.09_trainee_15_suture_1.csv,trainee,15,trainee__participant_15,suture,1,C_kinematics_no_qc_plus_task,ridge,4,15.0,17.625892260072742,-2.6258922600727423,2.6258922600727423
DVST_XI_Griffin_16-19_07_2024_16_08.46.09_trainee_16_glove cut_1.csv,trainee,16,trainee__participant_16,glove_cut,1,C_kinematics_no_qc_plus_task,ridge,4,15.0,18.163457979816165,-3.1634579798161653,3.1634579798161653
DVST_XI_Griffin_16-19_07_2024_16_08.46.09_trainee_16_ring rollercoaster_1.csv,trainee,16,trainee__participant_16,ring_rollercoaster,1,C_kinematics_no_qc_plus_task,ridge,4,20.0,18.25883458286537,1.7411654171346314,1.7411654171346314
DVST_XI_Griffin_16-19_07_2024_16_08.46.09_trainee_16_sea spikes_1.csv,trainee,16,trainee__participant_16,sea_spikes,1,C_kinematics_no_qc_plus_task,ridge,4,16.0,16.358224300455113,-0.3582243004551131,0.3582243004551131
DVST_XI_Griffin_16-19_07_2024_16_08.46.09_trainee_16_suture_1.csv,trainee,16,trainee__participant_16,suture,1,C_kinematics_no_qc_plus_task,ridge,4,21.0,16.778871904864154,4.221128095135846,4.221128095135846
DVST_XI_Griffin_16-19_07_2024_17_12.20.23_trainee_15_camera target_1.csv,trainee,15,trainee__participant_15,camera_target,1,C_kinematics_no_qc_plus_task,ridge,4,18.0,20.68762181861851,-2.68762181861851,2.68762181861851
DVST_XI_Griffin_16-19_07_2024_17_12.20.23_trainee_16_camera target_1.csv,trainee,16,trainee__participant_16,camera_target,1,C_kinematics_no_qc_plus_task,ridge,4,23.0,20.941828537394308,2.058171462605692,2.058171462605692
DVST_XI_Griffin_16-19_07_2024_17_12.20.23_trainee_16_ring rollercoaster_2.csv,trainee,16,trainee__participant_16,ring_rollercoaster,2,C_kinematics_no_qc_plus_task,ridge,4,23.0,20.757899008155974,2.2421009918440262,2.2421009918440262
DVST_XI_Griffin_16-19_07_2024_18_08.46.52_trainee_15_sea spikes_2.csv,trainee,15,trainee__participant_15,sea_spikes,2,C_kinematics_no_qc_plus_task,ridge,4,23.0,20.228391662752166,2.7716083372478337,2.7716083372478337
DVST_XI_Griffin_16-19_07_2024_18_08.46.52_trainee_15_suture_2.csv,trainee,15,trainee__participant_15,suture,2,C_kinematics_no_qc_plus_task,ridge,4,26.0,20.877802820069487,5.122197179930513,5.122197179930513
DVST_XI_Griffin_16-19_07_2024_18_08.46.52_trainee_16_sea spikes_2.csv,trainee,16,trainee__participant_16,sea_spikes,2,C_kinematics_no_qc_plus_task,ridge,4,21.0,19.455326367835898,1.544673632164102,1.544673632164102
DVST_XI_Griffin_16-19_07_2024_18_08.46.52_trainee_16_suture_2.csv,trainee,16,trainee__participant_16,suture,2,C_kinematics_no_qc_plus_task,ridge,4,29.0,22.47640302374461,6.523596976255391,6.523596976255391
DVST_XI_Griffin_16-19_07_2024_19_09.39.41_trainee_16_camera target_2.csv,trainee,16,trainee__participant_16,camera_target,2,C_kinematics_no_qc_plus_task,ridge,4,23.0,19.693229700573816,3.3067702994261836,3.3067702994261836
DVST_XI_Griffin_16-19_07_2024_19_09.39.41_trainee_16_glove cut_2.csv,trainee,16,trainee__participant_16,glove_cut,2,C_kinematics_no_qc_plus_task,ridge,4,24.0,17.66031616647111,6.339683833528891,6.339683833528891
DVST_XI_10-13_Nov_2025_12_10.36.46_expert_9_camera target_1.csv,expert,9,expert__participant_9,camera_target,1,C_kinematics_no_qc_plus_task,ridge,5,28.0,24.113066911872153,3.886933088127847,3.886933088127847
DVST_XI_10-13_Nov_2025_12_10.36.46_expert_9_glove cut_1.csv,expert,9,expert__participant_9,glove_cut,1,C_kinematics_no_qc_plus_task,ridge,5,29.0,23.612852408737712,5.387147591262288,5.387147591262288
DVST_XI_10-13_Nov_2025_12_10.36.46_expert_9_ring rollercoaster_1.csv,expert,9,expert__participant_9,ring_rollercoaster,1,C_kinematics_no_qc_plus_task,ridge,5,29.0,23.078208510692576,5.921791489307424,5.921791489307424
DVST_XI_10-13_Nov_2025_12_10.36.46_expert_9_sea spikes_1.csv,expert,9,expert__participant_9,sea_spikes,1,C_kinematics_no_qc_plus_task,ridge,5,29.0,22.676036619722936,6.323963380277064,6.323963380277064
DVST_XI_10-13_Nov_2025_12_10.36.46_expert_9_suture_1.csv,expert,9,expert__participant_9,suture,1,C_kinematics_no_qc_plus_task,ridge,5,28.0,24.667498411298368,3.332501588701632,3.332501588701632
DVST_XI_19-22_May_2025_22_09.34.36_trainee_39_camera target_2.csv,trainee,39,trainee__participant_39,camera_target,2,C_kinematics_no_qc_plus_task,ridge,5,19.0,23.51897097281076,-4.518970972810759,4.518970972810759
DVST_XI_19-22_May_2025_22_09.34.36_trainee_39_glove cut_2.csv,trainee,39,trainee__participant_39,glove_cut,2,C_kinematics_no_qc_plus_task,ridge,5,22.0,21.650453784719296,0.3495462152807036,0.3495462152807036
DVST_XI_6-8_Mar_2025_07_11.56.53_expert_1_camera target_1.csv,expert,1,expert__participant_1,camera_target,1,C_kinematics_no_qc_plus_task,ridge,5,26.0,23.093115535130032,2.906884464869968,2.906884464869968
DVST_XI_6-8_Mar_2025_07_11.56.53_expert_1_glove cut_1.csv,expert,1,expert__participant_1,glove_cut,1,C_kinematics_no_qc_plus_task,ridge,5,20.0,21.89018102558947,-1.8901810255894702,1.8901810255894702
DVST_XI_6-8_Mar_2025_07_11.56.53_expert_1_ring rollercoaster_1.csv,expert,1,expert__participant_1,ring_rollercoaster,1,C_kinematics_no_qc_plus_task,ridge,5,21.0,22.132025691229867,-1.1320256912298667,1.1320256912298667
DVST_XI_6-8_Mar_2025_07_11.56.53_expert_1_sea spikes_1.csv,expert,1,expert__participant_1,sea_spikes,1,C_kinematics_no_qc_plus_task,ridge,5,23.0,21.27491074417325,1.7250892558267488,1.7250892558267488
DVST_XI_6-8_Mar_2025_07_11.56.53_expert_1_suture_1.csv,expert,1,expert__participant_1,suture,1,C_kinematics_no_qc_plus_task,ridge,5,26.0,24.343197707185976,1.6568022928140245,1.6568022928140245
DVST_XI_7-11_Jul_2025_10_09.40.17_expert_6_camera target_1.csv,expert,6,expert__participant_6,camera_target,1,C_kinematics_no_qc_plus_task,ridge,5,25.0,23.18810881371472,1.8118911862852798,1.8118911862852798
DVST_XI_7-11_Jul_2025_10_09.40.17_expert_6_glove cut_1.csv,expert,6,expert__participant_6,glove_cut,1,C_kinematics_no_qc_plus_task,ridge,5,23.0,21.30832582075441,1.6916741792455916,1.6916741792455916
DVST_XI_7-11_Jul_2025_10_09.40.17_expert_6_ring rollercoaster_1.csv,expert,6,expert__participant_6,ring_rollercoaster,1,C_kinematics_no_qc_plus_task,ridge,5,23.0,21.637945125871642,1.3620548741283578,1.3620548741283578
DVST_XI_7-11_Jul_2025_10_09.40.17_expert_6_sea spikes_1.csv,expert,6,expert__participant_6,sea_spikes,1,C_kinematics_no_qc_plus_task,ridge,5,23.0,21.263631082280938,1.7363689177190622,1.7363689177190622
DVST_XI_7-11_Jul_2025_10_09.40.17_expert_6_suture_1.csv,expert,6,expert__participant_6,suture,1,C_kinematics_no_qc_plus_task,ridge,5,26.0,23.08855533636679,2.9114446636332083,2.9114446636332083
DVST_XI_7-11_Mar_2024_08_13.12.17_trainee_11_ring rollercoaster_1.csv,trainee,11,trainee__participant_11,ring_rollercoaster,1,C_kinematics_no_qc_plus_task,ridge,5,18.0,17.158715461338247,0.8412845386617533,0.8412845386617533
DVST_XI_7-11_Mar_2024_08_13.12.17_trainee_11_sea spikes_1.csv,trainee,11,trainee__participant_11,sea_spikes,1,C_kinematics_no_qc_plus_task,ridge,5,18.0,19.08395720630451,-1.083957206304511,1.083957206304511
DVST_XI_7-11_Mar_2024_09_10.19.01_trainee_11_camera target_1.csv,trainee,11,trainee__participant_11,camera_target,1,C_kinematics_no_qc_plus_task,ridge,5,10.0,13.604885388875742,-3.6048853888757417,3.6048853888757417
DVST_XI_7-11_Mar_2024_09_10.19.01_trainee_11_glove cut_1.csv,trainee,11,trainee__participant_11,glove_cut,1,C_kinematics_no_qc_plus_task,ridge,5,18.0,17.111614507625006,0.8883854923749936,0.8883854923749936
DVST_XI_7-11_Mar_2024_09_13.46.11_trainee_11_suture_1.csv,trainee,11,trainee__participant_11,suture,1,C_kinematics_no_qc_plus_task,ridge,5,18.0,19.084967926847796,-1.0849679268477956,1.0849679268477956
DVST_XI_7-11_Mar_2024_10_08.59.30_trainee_11_ring rollercoaster_2.csv,trainee,11,trainee__participant_11,ring_rollercoaster,2,C_kinematics_no_qc_plus_task,ridge,5,16.0,19.004843479290155,-3.0048434792901553,3.0048434792901553
DVST_XI_7-11_Mar_2024_10_08.59.30_trainee_11_sea spikes_2.csv,trainee,11,trainee__participant_11,sea_spikes,2,C_kinematics_no_qc_plus_task,ridge,5,18.0,20.126391857167896,-2.1263918571678957,2.1263918571678957
DVST_XI_Griffin_16-19_07_2024_16_08.46.09_trainee_14_glove cut_1.csv,trainee,14,trainee__participant_14,glove_cut,1,C_kinematics_no_qc_plus_task,ridge,5,11.0,17.667082898741846,-6.667082898741846,6.667082898741846
DVST_XI_Griffin_16-19_07_2024_16_08.46.09_trainee_14_ring rollercoaster_1.csv,trainee,14,trainee__participant_14,ring_rollercoaster,1,C_kinematics_no_qc_plus_task,ridge,5,16.0,19.03062456767806,-3.0306245676780605,3.0306245676780605
DVST_XI_Griffin_16-19_07_2024_16_08.46.09_trainee_14_sea spikes_1.csv,trainee,14,trainee__participant_14,sea_spikes,1,C_kinematics_no_qc_plus_task,ridge,5,12.0,12.609752134698851,-0.6097521346988515,0.6097521346988515
DVST_XI_Griffin_16-19_07_2024_16_08.46.09_trainee_14_suture_1.csv,trainee,14,trainee__participant_14,suture,1,C_kinematics_no_qc_plus_task,ridge,5,15.0,19.603875734685648,-4.603875734685648,4.603875734685648
DVST_XI_Griffin_16-19_07_2024_17_12.20.23_trainee_13_camera target_1.csv,trainee,13,trainee__participant_13,camera_target,1,C_kinematics_no_qc_plus_task,ridge,5,19.0,20.876761117064795,-1.8767611170647953,1.8767611170647953
DVST_XI_Griffin_16-19_07_2024_17_12.20.23_trainee_13_glove cut_1.csv,trainee,13,trainee__participant_13,glove_cut,1,C_kinematics_no_qc_plus_task,ridge,5,23.0,18.92898744072135,4.07101255927865,4.07101255927865
DVST_XI_Griffin_16-19_07_2024_17_12.20.23_trainee_13_ring rollercoaster_1.csv,trainee,13,trainee__participant_13,ring_rollercoaster,1,C_kinematics_no_qc_plus_task,ridge,5,17.0,20.70874782818478,-3.70874782818478,3.70874782818478
DVST_XI_Griffin_16-19_07_2024_17_12.20.23_trainee_13_ring rollercoaster_2.csv,trainee,13,trainee__participant_13,ring_rollercoaster,2,C_kinematics_no_qc_plus_task,ridge,5,22.0,20.76862634520904,1.2313736547909606,1.2313736547909606
DVST_XI_Griffin_16-19_07_2024_17_12.20.23_trainee_13_sea spikes_1.csv,trainee,13,trainee__participant_13,sea_spikes,1,C_kinematics_no_qc_plus_task,ridge,5,17.0,20.29155273415905,-3.291552734159051,3.291552734159051
DVST_XI_Griffin_16-19_07_2024_17_12.20.23_trainee_13_suture_1.csv,trainee,13,trainee__participant_13,suture,1,C_kinematics_no_qc_plus_task,ridge,5,23.0,20.93175544411187,2.0682445558881284,2.0682445558881284
DVST_XI_Griffin_16-19_07_2024_17_12.20.23_trainee_14_camera target_1.csv,trainee,14,trainee__participant_14,camera_target,1,C_kinematics_no_qc_plus_task,ridge,5,14.0,15.205771948061408,-1.2057719480614075,1.2057719480614075
DVST_XI_Griffin_16-19_07_2024_18_08.46.52_trainee_13_sea spikes_2.csv,trainee,13,trainee__participant_13,sea_spikes,2,C_kinematics_no_qc_plus_task,ridge,5,21.0,23.344683080064797,-2.3446830800647973,2.3446830800647973
DVST_XI_Griffin_16-19_07_2024_18_08.46.52_trainee_13_suture_2.csv,trainee,13,trainee__participant_13,suture,2,C_kinematics_no_qc_plus_task,ridge,5,28.0,23.163544660059504,4.836455339940496,4.836455339940496
DVST_XI_Griffin_16-19_07_2024_18_08.46.52_trainee_14_sea spikes_2.csv,trainee,14,trainee__participant_14,sea_spikes,2,C_kinematics_no_qc_plus_task,ridge,5,20.0,20.791711022583925,-0.7917110225839252,0.7917110225839252
DVST_XI_Griffin_16-19_07_2024_18_08.46.52_trainee_14_suture_2.csv,trainee,14,trainee__participant_14,suture,2,C_kinematics_no_qc_plus_task,ridge,5,29.0,25.119424512389728,3.8805754876102725,3.8805754876102725
DVST_XI_Griffin_16-19_07_2024_19_09.39.41_trainee_13_camera target_2.csv,trainee,13,trainee__participant_13,camera_target,2,C_kinematics_no_qc_plus_task,ridge,5,17.0,21.79207242697045,-4.792072426970449,4.792072426970449
DVST_XI_Griffin_16-19_07_2024_19_09.39.41_trainee_14_glove cut_2.csv,trainee,14,trainee__participant_14,glove_cut,2,C_kinematics_no_qc_plus_task,ridge,5,18.0,18.064542077717604,-0.06454207771760423,0.06454207771760423
DVST_XI_Griffin_29_sep-1_oct_2024_01_10.39.05_trainee_20_camera target_2.csv,trainee,20,trainee__participant_20,camera_target,2,C_kinematics_no_qc_plus_task,ridge,5,14.0,20.339308360963678,-6.339308360963678,6.339308360963678
DVST_XI_Griffin_29_sep-1_oct_2024_29_09.07.40_trainee_20_camera target_1.csv,trainee,20,trainee__participant_20,camera_target,1,C_kinematics_no_qc_plus_task,ridge,5,15.0,14.895546428032626,0.10445357196737426,0.10445357196737426
DVST_XI_Griffin_29_sep-1_oct_2024_29_09.07.40_trainee_20_suture_1.csv,trainee,20,trainee__participant_20,suture,1,C_kinematics_no_qc_plus_task,ridge,5,13.0,16.408707397619256,-3.4087073976192563,3.4087073976192563
DVST_XI_Griffin_29_sep-1_oct_2024_30_12.18.00_trainee_20_glove cut_2.csv,trainee,20,trainee__participant_20,glove_cut,2,C_kinematics_no_qc_plus_task,ridge,5,17.0,20.863385885085936,-3.863385885085936,3.863385885085936
DVST_XI_Griffin_29_sep-1_oct_2024_30_12.18.00_trainee_20_ring rollercoaster_2.csv,trainee,20,trainee__participant_20,ring_rollercoaster,2,C_kinematics_no_qc_plus_task,ridge,5,21.0,18.958757098624766,2.0412429013752345,2.0412429013752345
DVST_XI_Griffin_29_sep-1_oct_2024_30_12.18.00_trainee_20_sea spikes_2.csv,trainee,20,trainee__participant_20,sea_spikes,2,C_kinematics_no_qc_plus_task,ridge,5,21.0,20.706450308997766,0.2935496910022337,0.2935496910022337
DVST_XI_11-14_Aug_2025_14_10.45.28_expert_8_camera target_1.csv,expert,8,expert__participant_8,camera_target,1,C_kinematics_no_qc_plus_task,elastic_net,1,28.0,22.331366231731902,5.668633768268098,5.668633768268098
DVST_XI_11-14_Aug_2025_14_10.45.28_expert_8_glove cut_1.csv,expert,8,expert__participant_8,glove_cut,1,C_kinematics_no_qc_plus_task,elastic_net,1,24.0,20.775026639194216,3.224973360805784,3.224973360805784
DVST_XI_11-14_Aug_2025_14_10.45.28_expert_8_ring rollercoaster_1.csv,expert,8,expert__participant_8,ring_rollercoaster,1,C_kinematics_no_qc_plus_task,elastic_net,1,24.0,22.475773455943738,1.524226544056262,1.524226544056262
DVST_XI_11-14_Aug_2025_14_10.45.28_expert_8_sea spikes_1.csv,expert,8,expert__participant_8,sea_spikes,1,C_kinematics_no_qc_plus_task,elastic_net,1,22.0,20.228117267366713,1.771882732633287,1.771882732633287
DVST_XI_11-14_Aug_2025_14_10.45.28_expert_8_suture_1.csv,expert,8,expert__participant_8,suture,1,C_kinematics_no_qc_plus_task,elastic_net,1,29.0,28.10917967067316,0.8908203293268393,0.8908203293268393
DVST_XI_14-16_Feb_2024_14_09.13.16_trainee_5_camera target_1.csv,trainee,5,trainee__participant_5,camera_target,1,C_kinematics_no_qc_plus_task,elastic_net,1,7.0,12.084664413247902,-5.084664413247902,5.084664413247902
DVST_XI_14-16_Feb_2024_14_09.13.16_trainee_5_glove cut_1.csv,trainee,5,trainee__participant_5,glove_cut,1,C_kinematics_no_qc_plus_task,elastic_net,1,11.0,14.213371622706063,-3.213371622706063,3.213371622706063
DVST_XI_14-16_Feb_2024_14_09.13.16_trainee_5_ring rollercoaster_1.csv,trainee,5,trainee__participant_5,ring_rollercoaster,1,C_kinematics_no_qc_plus_task,elastic_net,1,17.0,12.151693839009182,4.848306160990818,4.848306160990818
DVST_XI_14-16_Feb_2024_14_09.13.16_trainee_5_sea spikes_1.csv,trainee,5,trainee__participant_5,sea_spikes,1,C_kinematics_no_qc_plus_task,elastic_net,1,16.0,15.284313509425935,0.7156864905740647,0.7156864905740647
DVST_XI_14-16_Feb_2024_14_09.13.16_trainee_5_suture_1.csv,trainee,5,trainee__participant_5,suture,1,C_kinematics_no_qc_plus_task,elastic_net,1,16.0,15.78647667342878,0.2135233265712202,0.2135233265712202
DVST_XI_14-16_Feb_2024_16_08.32.59_trainee_5_camera target_2.csv,trainee,5,trainee__participant_5,camera_target,2,C_kinematics_no_qc_plus_task,elastic_net,1,21.0,18.101062141493188,2.8989378585068124,2.8989378585068124
DVST_XI_14-16_Feb_2024_16_08.32.59_trainee_5_glove cut_2.csv,trainee,5,trainee__participant_5,glove_cut,2,C_kinematics_no_qc_plus_task,elastic_net,1,19.0,15.571071575349983,3.4289284246500173,3.4289284246500173
DVST_XI_14-16_Feb_2024_16_08.32.59_trainee_5_ring rollercoaster_2.csv,trainee,5,trainee__participant_5,ring_rollercoaster,2,C_kinematics_no_qc_plus_task,elastic_net,1,23.0,15.658690397698702,7.341309602301298,7.341309602301298
DVST_XI_14-16_Feb_2024_16_08.32.59_trainee_5_sea spikes_2.csv,trainee,5,trainee__participant_5,sea_spikes,2,C_kinematics_no_qc_plus_task,elastic_net,1,21.0,18.705325367974392,2.2946746320256075,2.2946746320256075
DVST_XI_14-16_Feb_2024_16_08.32.59_trainee_5_suture_2.csv,trainee,5,trainee__participant_5,suture,2,C_kinematics_no_qc_plus_task,elastic_net,1,21.0,19.045085269803252,1.954914730196748,1.954914730196748
DVST_XI_19-22_May_2025_21_09.43.23_expert_5_camera target_1.csv,expert,5,expert__participant_5,camera_target,1,C_kinematics_no_qc_plus_task,elastic_net,1,30.0,25.65506867261822,4.344931327381779,4.344931327381779
DVST_XI_19-22_May_2025_21_09.43.23_expert_5_glove cut_1.csv,expert,5,expert__participant_5,glove_cut,1,C_kinematics_no_qc_plus_task,elastic_net,1,24.0,22.930012524806834,1.069987475193166,1.069987475193166
DVST_XI_19-22_May_2025_21_09.43.23_expert_5_ring rollercoaster_1.csv,expert,5,expert__participant_5,ring_rollercoaster,1,C_kinematics_no_qc_plus_task,elastic_net,1,24.0,22.839943346040723,1.160056653959277,1.160056653959277
DVST_XI_19-22_May_2025_21_09.43.23_expert_5_sea spikes_1.csv,expert,5,expert__participant_5,sea_spikes,1,C_kinematics_no_qc_plus_task,elastic_net,1,24.0,24.047540180094906,-0.04754018009490579,0.04754018009490579
DVST_XI_19-22_May_2025_21_09.43.23_expert_5_suture_1.csv,expert,5,expert__participant_5,suture,1,C_kinematics_no_qc_plus_task,elastic_net,1,29.0,25.845539500456166,3.154460499543834,3.154460499543834
DVST_XI_19-22_May_2025_22_09.34.36_trainee_38_camera target_2.csv,trainee,38,trainee__participant_38,camera_target,2,C_kinematics_no_qc_plus_task,elastic_net,1,22.0,28.03712527946498,-6.037125279464981,6.037125279464981
DVST_XI_19-22_May_2025_22_09.34.36_trainee_38_glove cut_2.csv,trainee,38,trainee__participant_38,glove_cut,2,C_kinematics_no_qc_plus_task,elastic_net,1,18.0,21.76543682174811,-3.7654368217481107,3.7654368217481107
DVST_XI_19-22_May_2025_22_09.34.36_trainee_42_camera target_2.csv,trainee,42,trainee__participant_42,camera_target,2,C_kinematics_no_qc_plus_task,elastic_net,1,19.0,17.6031186233363,1.3968813766636998,1.3968813766636998
DVST_XI_19-22_May_2025_22_09.34.36_trainee_42_glove cut_2.csv,trainee,42,trainee__participant_42,glove_cut,2,C_kinematics_no_qc_plus_task,elastic_net,1,16.0,18.400851412598882,-2.4008514125988825,2.4008514125988825
DVST_XI_6-8_Mar_2025_06_10.41.14_trainee_34_camera target_1.csv,trainee,34,trainee__participant_34,camera_target,1,C_kinematics_no_qc_plus_task,elastic_net,1,18.0,19.570166035847272,-1.5701660358472722,1.5701660358472722
DVST_XI_6-8_Mar_2025_06_10.41.14_trainee_34_ring rollercoaster_1.csv,trainee,34,trainee__participant_34,ring_rollercoaster,1,C_kinematics_no_qc_plus_task,elastic_net,1,14.0,13.788789972135087,0.21121002786491339,0.21121002786491339
DVST_XI_6-8_Mar_2025_06_10.41.14_trainee_34_sea spikes_1.csv,trainee,34,trainee__participant_34,sea_spikes,1,C_kinematics_no_qc_plus_task,elastic_net,1,14.0,14.2736471359909,-0.27364713599090074,0.27364713599090074
DVST_XI_6-8_Mar_2025_07_11.56.53_trainee_34_glove cut_1.csv,trainee,34,trainee__participant_34,glove_cut,1,C_kinematics_no_qc_plus_task,elastic_net,1,12.0,11.613472443155805,0.3865275568441948,0.3865275568441948
DVST_XI_7-11_Mar_2024_08_13.12.17_trainee_10_ring rollercoaster_1.csv,trainee,10,trainee__participant_10,ring_rollercoaster,1,C_kinematics_no_qc_plus_task,elastic_net,1,14.0,19.14029151843462,-5.140291518434619,5.140291518434619
DVST_XI_7-11_Mar_2024_08_13.12.17_trainee_10_sea spikes_1.csv,trainee,10,trainee__participant_10,sea_spikes,1,C_kinematics_no_qc_plus_task,elastic_net,1,22.0,15.605281767260667,6.394718232739333,6.394718232739333
DVST_XI_7-11_Mar_2024_09_10.19.01_trainee_10_camera target_1.csv,trainee,10,trainee__participant_10,camera_target,1,C_kinematics_no_qc_plus_task,elastic_net,1,14.0,24.68924292136147,-10.689242921361469,10.689242921361469
DVST_XI_7-11_Mar_2024_09_10.19.01_trainee_10_glove cut_1.csv,trainee,10,trainee__participant_10,glove_cut,1,C_kinematics_no_qc_plus_task,elastic_net,1,18.0,11.127760415418397,6.872239584581603,6.872239584581603
DVST_XI_7-11_Mar_2024_09_13.46.11_trainee_10_suture_1.csv,trainee,10,trainee__participant_10,suture,1,C_kinematics_no_qc_plus_task,elastic_net,1,19.0,20.60495942315426,-1.6049594231542592,1.6049594231542592
DVST_XI_7-11_Mar_2024_10_08.59.30_trainee_10_ring rollercoaster_2.csv,trainee,10,trainee__participant_10,ring_rollercoaster,2,C_kinematics_no_qc_plus_task,elastic_net,1,18.0,18.273557456764397,-0.27355745676439724,0.27355745676439724
DVST_XI_7-11_Mar_2024_10_08.59.30_trainee_10_sea spikes_2.csv,trainee,10,trainee__participant_10,sea_spikes,2,C_kinematics_no_qc_plus_task,elastic_net,1,22.0,19.40756700108332,2.5924329989166814,2.5924329989166814
DVST_XI_Griffin_16-19_07_2024_16_08.46.09_trainee_12_glove cut_1.csv,trainee,12,trainee__participant_12,glove_cut,1,C_kinematics_no_qc_plus_task,elastic_net,1,21.0,19.051970554746887,1.9480294452531126,1.9480294452531126
DVST_XI_Griffin_16-19_07_2024_16_08.46.09_trainee_12_ring rollercoaster_1.csv,trainee,12,trainee__participant_12,ring_rollercoaster,1,C_kinematics_no_qc_plus_task,elastic_net,1,16.0,20.207157395255383,-4.207157395255383,4.207157395255383
DVST_XI_Griffin_16-19_07_2024_16_08.46.09_trainee_12_sea spikes_1.csv,trainee,12,trainee__participant_12,sea_spikes,1,C_kinematics_no_qc_plus_task,elastic_net,1,12.0,18.232662174197802,-6.232662174197802,6.232662174197802
DVST_XI_Griffin_16-19_07_2024_16_08.46.09_trainee_12_suture_1.csv,trainee,12,trainee__participant_12,suture,1,C_kinematics_no_qc_plus_task,elastic_net,1,20.0,21.449092905163887,-1.4490929051638872,1.4490929051638872
DVST_XI_Griffin_16-19_07_2024_17_12.20.23_trainee_12_camera target_1.csv,trainee,12,trainee__participant_12,camera_target,1,C_kinematics_no_qc_plus_task,elastic_net,1,16.0,23.417492383760397,-7.417492383760397,7.417492383760397
DVST_XI_Griffin_16-19_07_2024_18_08.46.52_trainee_12_sea spikes_2.csv,trainee,12,trainee__participant_12,sea_spikes,2,C_kinematics_no_qc_plus_task,elastic_net,1,19.0,22.24523741148772,-3.2452374114877216,3.2452374114877216
DVST_XI_Griffin_16-19_07_2024_18_08.46.52_trainee_12_suture_2.csv,trainee,12,trainee__participant_12,suture,2,C_kinematics_no_qc_plus_task,elastic_net,1,28.0,23.75690343611865,4.243096563881348,4.243096563881348
DVST_XI_Griffin_16-19_07_2024_19_09.39.41_trainee_12_glove cut_2.csv,trainee,12,trainee__participant_12,glove_cut,2,C_kinematics_no_qc_plus_task,elastic_net,1,20.0,18.171367016853353,1.8286329831466475,1.8286329831466475
DVST_XI_Griffin_29_sep-1_oct_2024_01_10.39.05_trainee_19_camera target_2.csv,trainee,19,trainee__participant_19,camera_target,2,C_kinematics_no_qc_plus_task,elastic_net,1,18.0,20.83329778208497,-2.833297782084969,2.833297782084969
DVST_XI_Griffin_29_sep-1_oct_2024_29_09.07.40_trainee_19_camera target_1.csv,trainee,19,trainee__participant_19,camera_target,1,C_kinematics_no_qc_plus_task,elastic_net,1,17.0,13.905698382797187,3.094301617202813,3.094301617202813
DVST_XI_Griffin_29_sep-1_oct_2024_29_09.07.40_trainee_19_suture_1.csv,trainee,19,trainee__participant_19,suture,1,C_kinematics_no_qc_plus_task,elastic_net,1,16.0,12.156356502592761,3.843643497407239,3.843643497407239
DVST_XI_Griffin_29_sep-1_oct_2024_30_12.18.00_trainee_19_glove cut_2.csv,trainee,19,trainee__participant_19,glove_cut,2,C_kinematics_no_qc_plus_task,elastic_net,1,17.0,18.274237912876774,-1.2742379128767745,1.2742379128767745
DVST_XI_Griffin_29_sep-1_oct_2024_30_12.18.00_trainee_19_ring rollercoaster_2.csv,trainee,19,trainee__participant_19,ring_rollercoaster,2,C_kinematics_no_qc_plus_task,elastic_net,1,22.0,18.898333863728723,3.1016661362712767,3.1016661362712767
DVST_XI_Griffin_29_sep-1_oct_2024_30_12.18.00_trainee_19_sea spikes_2.csv,trainee,19,trainee__participant_19,sea_spikes,2,C_kinematics_no_qc_plus_task,elastic_net,1,21.0,22.09274790543413,-1.0927479054341305,1.0927479054341305
DVST_XI_14-16_Feb_2024_14_09.13.16_trainee_3_camera target_1.csv,trainee,3,trainee__participant_3,camera_target,1,C_kinematics_no_qc_plus_task,elastic_net,2,15.0,17.410976322173198,-2.410976322173198,2.410976322173198
DVST_XI_14-16_Feb_2024_14_09.13.16_trainee_3_glove cut_1.csv,trainee,3,trainee__participant_3,glove_cut,1,C_kinematics_no_qc_plus_task,elastic_net,2,17.0,19.47160585483913,-2.4716058548391295,2.4716058548391295
DVST_XI_14-16_Feb_2024_14_09.13.16_trainee_3_ring rollercoaster_1.csv,trainee,3,trainee__participant_3,ring_rollercoaster,1,C_kinematics_no_qc_plus_task,elastic_net,2,12.0,17.388931374218522,-5.388931374218522,5.388931374218522
DVST_XI_14-16_Feb_2024_14_09.13.16_trainee_3_sea spikes_1.csv,trainee,3,trainee__participant_3,sea_spikes,1,C_kinematics_no_qc_plus_task,elastic_net,2,15.0,17.813857967326268,-2.8138579673262676,2.8138579673262676
DVST_XI_14-16_Feb_2024_14_09.13.16_trainee_3_suture_1.csv,trainee,3,trainee__participant_3,suture,1,C_kinematics_no_qc_plus_task,elastic_net,2,19.0,18.459245494560047,0.5407545054399527,0.5407545054399527
DVST_XI_14-16_Feb_2024_16_08.32.59_trainee_3_camera target_2.csv,trainee,3,trainee__participant_3,camera_target,2,C_kinematics_no_qc_plus_task,elastic_net,2,23.0,18.47364420877092,4.526355791229079,4.526355791229079
DVST_XI_14-16_Feb_2024_16_08.32.59_trainee_3_glove cut_2.csv,trainee,3,trainee__participant_3,glove_cut,2,C_kinematics_no_qc_plus_task,elastic_net,2,19.0,19.176375945470767,-0.17637594547076674,0.17637594547076674
DVST_XI_14-16_Feb_2024_16_08.32.59_trainee_3_ring rollercoaster_2.csv,trainee,3,trainee__participant_3,ring_rollercoaster,2,C_kinematics_no_qc_plus_task,elastic_net,2,21.0,18.544406051387423,2.4555939486125773,2.4555939486125773
DVST_XI_14-16_Feb_2024_16_08.32.59_trainee_3_sea spikes_2.csv,trainee,3,trainee__participant_3,sea_spikes,2,C_kinematics_no_qc_plus_task,elastic_net,2,17.0,19.22335332653082,-2.2233533265308196,2.2233533265308196
DVST_XI_14-16_Feb_2024_16_08.32.59_trainee_3_suture_2.csv,trainee,3,trainee__participant_3,suture,2,C_kinematics_no_qc_plus_task,elastic_net,2,22.0,21.36254020237684,0.6374597976231584,0.6374597976231584
DVST_XI_19-22_May_2025_22_09.34.36_trainee_37_camera target_2.csv,trainee,37,trainee__participant_37,camera_target,2,C_kinematics_no_qc_plus_task,elastic_net,2,16.0,21.081199222947706,-5.081199222947706,5.081199222947706
DVST_XI_19-22_May_2025_22_09.34.36_trainee_37_glove cut_2.csv,trainee,37,trainee__participant_37,glove_cut,2,C_kinematics_no_qc_plus_task,elastic_net,2,19.0,23.345024891080325,-4.345024891080325,4.345024891080325
DVST_XI_19-22_May_2025_22_09.34.36_trainee_41_camera target_2.csv,trainee,41,trainee__participant_41,camera_target,2,C_kinematics_no_qc_plus_task,elastic_net,2,20.0,19.36887063032391,0.6311293696760885,0.6311293696760885
DVST_XI_19-22_May_2025_22_09.34.36_trainee_41_glove cut_2.csv,trainee,41,trainee__participant_41,glove_cut,2,C_kinematics_no_qc_plus_task,elastic_net,2,19.0,19.176294005172256,-0.1762940051722559,0.1762940051722559
DVST_XI_6-8_Mar_2025_06_10.41.14_trainee_32_camera target_1.csv,trainee,32,trainee__participant_32,camera_target,1,C_kinematics_no_qc_plus_task,elastic_net,2,20.0,21.297000974746542,-1.2970009747465419,1.2970009747465419
DVST_XI_6-8_Mar_2025_06_10.41.14_trainee_32_ring rollercoaster_1.csv,trainee,32,trainee__participant_32,ring_rollercoaster,1,C_kinematics_no_qc_plus_task,elastic_net,2,17.0,18.029850410796314,-1.029850410796314,1.029850410796314
DVST_XI_6-8_Mar_2025_06_10.41.14_trainee_32_sea spikes_1.csv,trainee,32,trainee__participant_32,sea_spikes,1,C_kinematics_no_qc_plus_task,elastic_net,2,14.0,21.815246331848012,-7.815246331848012,7.815246331848012
DVST_XI_6-8_Mar_2025_07_11.56.53_trainee_32_glove cut_1.csv,trainee,32,trainee__participant_32,glove_cut,1,C_kinematics_no_qc_plus_task,elastic_net,2,13.0,20.044506760395972,-7.044506760395972,7.044506760395972
DVST_XI_6-8_Mar_2025_08_08.21.32_expert_3_camera target_1.csv,expert,3,expert__participant_3,camera_target,1,C_kinematics_no_qc_plus_task,elastic_net,2,27.0,19.295941380207246,7.704058619792754,7.704058619792754
DVST_XI_6-8_Mar_2025_08_08.21.32_expert_3_glove cut_1.csv,expert,3,expert__participant_3,glove_cut,1,C_kinematics_no_qc_plus_task,elastic_net,2,24.0,19.89846733678404,4.101532663215959,4.101532663215959
DVST_XI_6-8_Mar_2025_08_08.21.32_expert_3_ring rollercoaster_1.csv,expert,3,expert__participant_3,ring_rollercoaster,1,C_kinematics_no_qc_plus_task,elastic_net,2,21.0,17.508603437035724,3.491396562964276,3.491396562964276
DVST_XI_6-8_Mar_2025_08_08.21.32_expert_3_sea spikes_1.csv,expert,3,expert__participant_3,sea_spikes,1,C_kinematics_no_qc_plus_task,elastic_net,2,23.0,17.584198223145478,5.415801776854522,5.415801776854522
DVST_XI_6-8_Mar_2025_08_08.21.32_expert_3_suture_1.csv,expert,3,expert__participant_3,suture,1,C_kinematics_no_qc_plus_task,elastic_net,2,28.0,19.410557658911543,8.589442341088457,8.589442341088457
DVST_XI_7-11_Mar_2024_08_13.12.17_trainee_6_ring rollercoaster_1.csv,trainee,6,trainee__participant_6,ring_rollercoaster,1,C_kinematics_no_qc_plus_task,elastic_net,2,16.0,19.424162183167653,-3.4241621831676525,3.4241621831676525
DVST_XI_7-11_Mar_2024_08_13.12.17_trainee_6_sea spikes_1.csv,trainee,6,trainee__participant_6,sea_spikes,1,C_kinematics_no_qc_plus_task,elastic_net,2,16.0,15.671332087192477,0.32866791280752317,0.32866791280752317
DVST_XI_7-11_Mar_2024_08_13.12.17_trainee_9_ring rollercoaster_1.csv,trainee,9,trainee__participant_9,ring_rollercoaster,1,C_kinematics_no_qc_plus_task,elastic_net,2,14.0,18.68702162061267,-4.6870216206126685,4.6870216206126685
DVST_XI_7-11_Mar_2024_08_13.12.17_trainee_9_sea spikes_1.csv,trainee,9,trainee__participant_9,sea_spikes,1,C_kinematics_no_qc_plus_task,elastic_net,2,18.0,16.59746254590794,1.4025374540920588,1.4025374540920588
DVST_XI_7-11_Mar_2024_09_10.19.01_trainee_6_glove cut_1.csv,trainee,6,trainee__participant_6,glove_cut,1,C_kinematics_no_qc_plus_task,elastic_net,2,15.0,14.620836027535653,0.3791639724643474,0.3791639724643474
DVST_XI_7-11_Mar_2024_09_10.19.01_trainee_9_camera target_1.csv,trainee,9,trainee__participant_9,camera_target,1,C_kinematics_no_qc_plus_task,elastic_net,2,19.0,18.56778087562692,0.43221912437308063,0.43221912437308063
DVST_XI_7-11_Mar_2024_09_10.19.01_trainee_9_glove cut_1.csv,trainee,9,trainee__participant_9,glove_cut,1,C_kinematics_no_qc_plus_task,elastic_net,2,18.0,18.401974615179302,-0.4019746151793022,0.4019746151793022
DVST_XI_7-11_Mar_2024_09_13.46.11_trainee_6_suture_1.csv,trainee,6,trainee__participant_6,suture,1,C_kinematics_no_qc_plus_task,elastic_net,2,12.0,19.352078481226417,-7.3520784812264175,7.3520784812264175
DVST_XI_7-11_Mar_2024_09_13.46.11_trainee_9_suture_1.csv,trainee,9,trainee__participant_9,suture,1,C_kinematics_no_qc_plus_task,elastic_net,2,16.0,18.912346494934035,-2.9123464949340345,2.9123464949340345
DVST_XI_7-11_Mar_2024_10_08.59.30_trainee_6_ring rollercoaster_2.csv,trainee,6,trainee__participant_6,ring_rollercoaster,2,C_kinematics_no_qc_plus_task,elastic_net,2,18.0,21.91940739704671,-3.9194073970467116,3.9194073970467116
DVST_XI_7-11_Mar_2024_10_08.59.30_trainee_6_sea spikes_2.csv,trainee,6,trainee__participant_6,sea_spikes,2,C_kinematics_no_qc_plus_task,elastic_net,2,20.0,20.60927574647056,-0.6092757464705585,0.6092757464705585
DVST_XI_7-11_Mar_2024_10_08.59.30_trainee_9_ring rollercoaster_2.csv,trainee,9,trainee__participant_9,ring_rollercoaster,2,C_kinematics_no_qc_plus_task,elastic_net,2,20.0,20.047111049879746,-0.04711104987974579,0.04711104987974579
DVST_XI_7-11_Mar_2024_10_08.59.30_trainee_9_sea spikes_2.csv,trainee,9,trainee__participant_9,sea_spikes,2,C_kinematics_no_qc_plus_task,elastic_net,2,22.0,19.373725536188264,2.626274463811736,2.626274463811736
DVST_XI_Griffin_29_sep-1_oct_2024_01_10.39.05_trainee_17_camera target_2.csv,trainee,17,trainee__participant_17,camera_target,2,C_kinematics_no_qc_plus_task,elastic_net,2,22.0,25.846871778563333,-3.846871778563333,3.846871778563333
DVST_XI_Griffin_29_sep-1_oct_2024_01_10.39.05_trainee_21_camera target_2.csv,trainee,21,trainee__participant_21,camera_target,2,C_kinematics_no_qc_plus_task,elastic_net,2,23.0,21.73943731885346,1.2605626811465385,1.2605626811465385
DVST_XI_Griffin_29_sep-1_oct_2024_29_09.07.40_trainee_17_camera target_1.csv,trainee,17,trainee__participant_17,camera_target,1,C_kinematics_no_qc_plus_task,elastic_net,2,23.0,13.45726345414817,9.54273654585183,9.54273654585183
DVST_XI_Griffin_29_sep-1_oct_2024_29_09.07.40_trainee_17_suture_1.csv,trainee,17,trainee__participant_17,suture,1,C_kinematics_no_qc_plus_task,elastic_net,2,15.0,19.774335537220946,-4.774335537220946,4.774335537220946
DVST_XI_Griffin_29_sep-1_oct_2024_29_09.07.40_trainee_21_camera target_1.csv,trainee,21,trainee__participant_21,camera_target,1,C_kinematics_no_qc_plus_task,elastic_net,2,19.0,18.97473410862104,0.02526589137896096,0.02526589137896096
DVST_XI_Griffin_29_sep-1_oct_2024_29_09.07.40_trainee_21_suture_1.csv,trainee,21,trainee__participant_21,suture,1,C_kinematics_no_qc_plus_task,elastic_net,2,18.0,17.47904539411887,0.5209546058811299,0.5209546058811299
DVST_XI_Griffin_29_sep-1_oct_2024_30_12.18.00_trainee_17_glove cut_2.csv,trainee,17,trainee__participant_17,glove_cut,2,C_kinematics_no_qc_plus_task,elastic_net,2,22.0,19.363706373646274,2.6362936263537264,2.6362936263537264
DVST_XI_Griffin_29_sep-1_oct_2024_30_12.18.00_trainee_17_ring rollercoaster_2.csv,trainee,17,trainee__participant_17,ring_rollercoaster,2,C_kinematics_no_qc_plus_task,elastic_net,2,22.0,21.182021689872215,0.8179783101277849,0.8179783101277849
DVST_XI_Griffin_29_sep-1_oct_2024_30_12.18.00_trainee_17_sea spikes_2.csv,trainee,17,trainee__participant_17,sea_spikes,2,C_kinematics_no_qc_plus_task,elastic_net,2,22.0,20.687842087283347,1.3121579127166534,1.3121579127166534
DVST_XI_Griffin_29_sep-1_oct_2024_30_12.18.00_trainee_21_glove cut_2.csv,trainee,21,trainee__participant_21,glove_cut,2,C_kinematics_no_qc_plus_task,elastic_net,2,25.0,19.023667920780444,5.9763320792195564,5.9763320792195564
DVST_XI_Griffin_29_sep-1_oct_2024_30_12.18.00_trainee_21_ring rollercoaster_2.csv,trainee,21,trainee__participant_21,ring_rollercoaster,2,C_kinematics_no_qc_plus_task,elastic_net,2,22.0,18.5785316279741,3.421468372025899,3.421468372025899
DVST_XI_Griffin_29_sep-1_oct_2024_30_12.18.00_trainee_21_sea spikes_2.csv,trainee,21,trainee__participant_21,sea_spikes,2,C_kinematics_no_qc_plus_task,elastic_net,2,22.0,19.627686580068513,2.372313419931487,2.372313419931487
DVST_XI_Griffin_29_sep-1_oct_2024_30_12.18.00_trainee_21_suture_2.csv,trainee,21,trainee__participant_21,suture,2,C_kinematics_no_qc_plus_task,elastic_net,2,23.0,21.442631301903585,1.5573686980964148,1.5573686980964148
DVST_XI_14-16_Feb_2024_14_09.13.16_trainee_1_camera target_1.csv,trainee,1,trainee__participant_1,camera_target,1,C_kinematics_no_qc_plus_task,elastic_net,3,17.0,17.892379464568748,-0.892379464568748,0.892379464568748
DVST_XI_14-16_Feb_2024_14_09.13.16_trainee_1_suture_1.csv,trainee,1,trainee__participant_1,suture,1,C_kinematics_no_qc_plus_task,elastic_net,3,19.0,16.60101304618545,2.39898695381455,2.39898695381455
DVST_XI_14-16_Feb_2024_14_09.13.16_trainee_2_camera target_1.csv,trainee,2,trainee__participant_2,camera_target,1,C_kinematics_no_qc_plus_task,elastic_net,3,17.0,14.184099885544374,2.8159001144556264,2.8159001144556264
DVST_XI_14-16_Feb_2024_14_09.13.16_trainee_2_glove cut_1.csv,trainee,2,trainee__participant_2,glove_cut,1,C_kinematics_no_qc_plus_task,elastic_net,3,13.0,18.193665202669802,-5.193665202669802,5.193665202669802
DVST_XI_14-16_Feb_2024_14_09.13.16_trainee_2_ring rollercoaster_1.csv,trainee,2,trainee__participant_2,ring_rollercoaster,1,C_kinematics_no_qc_plus_task,elastic_net,3,14.0,16.951704479479233,-2.9517044794792326,2.9517044794792326
DVST_XI_14-16_Feb_2024_14_09.13.16_trainee_2_sea spikes_1.csv,trainee,2,trainee__participant_2,sea_spikes,1,C_kinematics_no_qc_plus_task,elastic_net,3,15.0,16.59239534756334,-1.5923953475633397,1.5923953475633397
DVST_XI_14-16_Feb_2024_14_09.13.16_trainee_2_suture_1.csv,trainee,2,trainee__participant_2,suture,1,C_kinematics_no_qc_plus_task,elastic_net,3,19.0,14.989065537938114,4.010934462061886,4.010934462061886
DVST_XI_14-16_Feb_2024_14_09.13.16_trainee_4_camera target_1.csv,trainee,4,trainee__participant_4,camera_target,1,C_kinematics_no_qc_plus_task,elastic_net,3,16.0,16.80915417771519,-0.8091541777151896,0.8091541777151896
DVST_XI_14-16_Feb_2024_14_09.13.16_trainee_4_glove cut_1.csv,trainee,4,trainee__participant_4,glove_cut,1,C_kinematics_no_qc_plus_task,elastic_net,3,23.0,18.50306442357722,4.4969355764227785,4.4969355764227785
DVST_XI_14-16_Feb_2024_14_09.13.16_trainee_4_ring rollercoaster_1.csv,trainee,4,trainee__participant_4,ring_rollercoaster,1,C_kinematics_no_qc_plus_task,elastic_net,3,14.0,16.813652839727066,-2.813652839727066,2.813652839727066
DVST_XI_14-16_Feb_2024_14_09.13.16_trainee_4_sea spikes_1.csv,trainee,4,trainee__participant_4,sea_spikes,1,C_kinematics_no_qc_plus_task,elastic_net,3,18.0,17.354800551129344,0.6451994488706561,0.6451994488706561
DVST_XI_14-16_Feb_2024_14_09.13.16_trainee_4_suture_1.csv,trainee,4,trainee__participant_4,suture,1,C_kinematics_no_qc_plus_task,elastic_net,3,18.0,17.10034830171101,0.8996516982889915,0.8996516982889915
DVST_XI_14-16_Feb_2024_16_08.32.59_trainee_1_camera target_2.csv,trainee,1,trainee__participant_1,camera_target,2,C_kinematics_no_qc_plus_task,elastic_net,3,19.0,17.9801008142241,1.0198991857758983,1.0198991857758983
DVST_XI_14-16_Feb_2024_16_08.32.59_trainee_1_glove cut_2.csv,trainee,1,trainee__participant_1,glove_cut,2,C_kinematics_no_qc_plus_task,elastic_net,3,19.0,16.39197967929826,2.6080203207017405,2.6080203207017405
DVST_XI_14-16_Feb_2024_16_08.32.59_trainee_1_sea spikes_2.csv,trainee,1,trainee__participant_1,sea_spikes,2,C_kinematics_no_qc_plus_task,elastic_net,3,19.0,19.25541511841196,-0.2554151184119604,0.2554151184119604
DVST_XI_14-16_Feb_2024_16_08.32.59_trainee_1_suture_2.csv,trainee,1,trainee__participant_1,suture,2,C_kinematics_no_qc_plus_task,elastic_net,3,17.0,16.761707209503356,0.23829279049664365,0.23829279049664365
DVST_XI_14-16_Feb_2024_16_08.32.59_trainee_2_camera target_2.csv,trainee,2,trainee__participant_2,camera_target,2,C_kinematics_no_qc_plus_task,elastic_net,3,16.0,18.377686985969103,-2.3776869859691026,2.3776869859691026
DVST_XI_14-16_Feb_2024_16_08.32.59_trainee_2_glove cut_2.csv,trainee,2,trainee__participant_2,glove_cut,2,C_kinematics_no_qc_plus_task,elastic_net,3,19.0,16.489790459090912,2.510209540909088,2.510209540909088
DVST_XI_14-16_Feb_2024_16_08.32.59_trainee_2_ring rollercoaster_2.csv,trainee,2,trainee__participant_2,ring_rollercoaster,2,C_kinematics_no_qc_plus_task,elastic_net,3,21.0,15.576624542337292,5.423375457662708,5.423375457662708
DVST_XI_14-16_Feb_2024_16_08.32.59_trainee_2_sea spikes_2.csv,trainee,2,trainee__participant_2,sea_spikes,2,C_kinematics_no_qc_plus_task,elastic_net,3,17.0,18.667381624688403,-1.667381624688403,1.667381624688403
DVST_XI_14-16_Feb_2024_16_08.32.59_trainee_2_suture_2.csv,trainee,2,trainee__participant_2,suture,2,C_kinematics_no_qc_plus_task,elastic_net,3,22.0,21.571256927759574,0.42874307224042596,0.42874307224042596
DVST_XI_14-16_Feb_2024_16_08.32.59_trainee_4_camera target_2.csv,trainee,4,trainee__participant_4,camera_target,2,C_kinematics_no_qc_plus_task,elastic_net,3,23.0,18.068465406888652,4.931534593111348,4.931534593111348
DVST_XI_6-8_Mar_2025_06_10.41.14_trainee_31_ring rollercoaster_1.csv,trainee,31,trainee__participant_31,ring_rollercoaster,1,C_kinematics_no_qc_plus_task,elastic_net,3,15.0,18.62820247154874,-3.6282024715487395,3.6282024715487395
DVST_XI_6-8_Mar_2025_06_10.41.14_trainee_31_sea spikes_1.csv,trainee,31,trainee__participant_31,sea_spikes,1,C_kinematics_no_qc_plus_task,elastic_net,3,13.0,16.997090735956498,-3.9970907359564976,3.9970907359564976
DVST_XI_6-8_Mar_2025_06_10.41.14_trainee_36_ring rollercoaster_1.csv,trainee,36,trainee__participant_36,ring_rollercoaster,1,C_kinematics_no_qc_plus_task,elastic_net,3,19.0,17.857014963749094,1.1429850362509058,1.1429850362509058
DVST_XI_6-8_Mar_2025_06_10.41.14_trainee_36_sea spikes_1.csv,trainee,36,trainee__participant_36,sea_spikes,1,C_kinematics_no_qc_plus_task,elastic_net,3,16.0,15.415719187847312,0.5842808121526879,0.5842808121526879
DVST_XI_6-8_Mar_2025_07_11.56.53_expert_2_camera target_1.csv,expert,2,expert__participant_2,camera_target,1,C_kinematics_no_qc_plus_task,elastic_net,3,25.0,19.99257341221772,5.00742658778228,5.00742658778228
DVST_XI_6-8_Mar_2025_07_11.56.53_expert_2_glove cut_1.csv,expert,2,expert__participant_2,glove_cut,1,C_kinematics_no_qc_plus_task,elastic_net,3,19.0,19.331703287676707,-0.33170328767670654,0.33170328767670654
DVST_XI_6-8_Mar_2025_07_11.56.53_expert_2_ring rollercoaster_1.csv,expert,2,expert__participant_2,ring_rollercoaster,1,C_kinematics_no_qc_plus_task,elastic_net,3,20.0,19.757413205414505,0.24258679458549537,0.24258679458549537
DVST_XI_6-8_Mar_2025_07_11.56.53_expert_2_sea spikes_1.csv,expert,2,expert__participant_2,sea_spikes,1,C_kinematics_no_qc_plus_task,elastic_net,3,18.0,18.963153064936076,-0.9631530649360762,0.9631530649360762
DVST_XI_6-8_Mar_2025_07_11.56.53_expert_2_suture_1.csv,expert,2,expert__participant_2,suture,1,C_kinematics_no_qc_plus_task,elastic_net,3,23.0,22.59603385278383,0.4039661472161704,0.4039661472161704
DVST_XI_6-8_Mar_2025_07_11.56.53_trainee_31_glove cut_1.csv,trainee,31,trainee__participant_31,glove_cut,1,C_kinematics_no_qc_plus_task,elastic_net,3,16.0,18.30240304254974,-2.3024030425497415,2.3024030425497415
DVST_XI_6-8_Mar_2025_07_11.56.53_trainee_36_glove cut_1.csv,trainee,36,trainee__participant_36,glove_cut,1,C_kinematics_no_qc_plus_task,elastic_net,3,18.0,19.204348101554473,-1.2043481015544728,1.2043481015544728
DVST_XI_7-11_Mar_2024_08_13.12.17_trainee_8_ring rollercoaster_1.csv,trainee,8,trainee__participant_8,ring_rollercoaster,1,C_kinematics_no_qc_plus_task,elastic_net,3,12.0,15.998720793077595,-3.998720793077595,3.998720793077595
DVST_XI_7-11_Mar_2024_08_13.12.17_trainee_8_sea spikes_1.csv,trainee,8,trainee__participant_8,sea_spikes,1,C_kinematics_no_qc_plus_task,elastic_net,3,18.0,17.417902163125895,0.5820978368741052,0.5820978368741052
DVST_XI_7-11_Mar_2024_09_10.19.01_trainee_8_camera target_1.csv,trainee,8,trainee__participant_8,camera_target,1,C_kinematics_no_qc_plus_task,elastic_net,3,10.0,12.40858310002623,-2.408583100026229,2.408583100026229
DVST_XI_7-11_Mar_2024_09_10.19.01_trainee_8_glove cut_1.csv,trainee,8,trainee__participant_8,glove_cut,1,C_kinematics_no_qc_plus_task,elastic_net,3,17.0,17.042781868061073,-0.042781868061073425,0.042781868061073425
DVST_XI_7-11_Mar_2024_09_13.46.11_trainee_8_suture_1.csv,trainee,8,trainee__participant_8,suture,1,C_kinematics_no_qc_plus_task,elastic_net,3,17.0,20.392053241912546,-3.3920532419125458,3.3920532419125458
DVST_XI_7-11_Mar_2024_10_08.59.30_trainee_8_ring rollercoaster_2.csv,trainee,8,trainee__participant_8,ring_rollercoaster,2,C_kinematics_no_qc_plus_task,elastic_net,3,16.0,17.508363381632474,-1.5083633816324742,1.5083633816324742
DVST_XI_7-11_Mar_2024_10_08.59.30_trainee_8_sea spikes_2.csv,trainee,8,trainee__participant_8,sea_spikes,2,C_kinematics_no_qc_plus_task,elastic_net,3,20.0,18.31093108586756,1.6890689141324415,1.6890689141324415
DVST_XI_Griffin_29_sep-1_oct_2024_01_10.39.05_trainee_18_camera target_2.csv,trainee,18,trainee__participant_18,camera_target,2,C_kinematics_no_qc_plus_task,elastic_net,3,18.0,22.123283307371953,-4.123283307371953,4.123283307371953
DVST_XI_Griffin_29_sep-1_oct_2024_29_09.07.40_trainee_18_camera target_1.csv,trainee,18,trainee__participant_18,camera_target,1,C_kinematics_no_qc_plus_task,elastic_net,3,19.0,41.40683337675593,-22.406833376755927,22.406833376755927
DVST_XI_Griffin_29_sep-1_oct_2024_29_09.07.40_trainee_18_suture_1.csv,trainee,18,trainee__participant_18,suture,1,C_kinematics_no_qc_plus_task,elastic_net,3,12.0,8.01218327222553,3.9878167277744705,3.9878167277744705
DVST_XI_Griffin_29_sep-1_oct_2024_30_12.18.00_trainee_18_glove cut_2.csv,trainee,18,trainee__participant_18,glove_cut,2,C_kinematics_no_qc_plus_task,elastic_net,3,22.0,18.98148331886744,3.01851668113256,3.01851668113256
DVST_XI_Griffin_29_sep-1_oct_2024_30_12.18.00_trainee_18_ring rollercoaster_2.csv,trainee,18,trainee__participant_18,ring_rollercoaster,2,C_kinematics_no_qc_plus_task,elastic_net,3,24.0,19.92581944759888,4.0741805524011205,4.0741805524011205
DVST_XI_Griffin_29_sep-1_oct_2024_30_12.18.00_trainee_18_sea spikes_2.csv,trainee,18,trainee__participant_18,sea_spikes,2,C_kinematics_no_qc_plus_task,elastic_net,3,22.0,20.203464718289656,1.7965352817103444,1.7965352817103444
DVST_XI_Griffin_29_sep-1_oct_2024_30_12.18.00_trainee_18_suture_2.csv,trainee,18,trainee__participant_18,suture,2,C_kinematics_no_qc_plus_task,elastic_net,3,22.0,21.1936670656747,0.806332934325301,0.806332934325301
DVST_XI_10-13_Nov_2025_12_10.36.46_expert_10_camera target_1.csv,expert,10,expert__participant_10,camera_target,1,C_kinematics_no_qc_plus_task,elastic_net,4,30.0,29.550337580372304,0.44966241962769615,0.44966241962769615
DVST_XI_10-13_Nov_2025_12_10.36.46_expert_10_glove cut_1.csv,expert,10,expert__participant_10,glove_cut,1,C_kinematics_no_qc_plus_task,elastic_net,4,28.0,25.164948772463372,2.8350512275366277,2.8350512275366277
DVST_XI_10-13_Nov_2025_12_10.36.46_expert_10_ring rollercoaster_1.csv,expert,10,expert__participant_10,ring_rollercoaster,1,C_kinematics_no_qc_plus_task,elastic_net,4,29.0,24.31928038069198,4.680719619308022,4.680719619308022
DVST_XI_10-13_Nov_2025_12_10.36.46_expert_10_sea spikes_1.csv,expert,10,expert__participant_10,sea_spikes,1,C_kinematics_no_qc_plus_task,elastic_net,4,29.0,23.248446174514008,5.751553825485992,5.751553825485992
DVST_XI_10-13_Nov_2025_12_10.36.46_expert_10_suture_1.csv,expert,10,expert__participant_10,suture,1,C_kinematics_no_qc_plus_task,elastic_net,4,30.0,28.65194913744387,1.3480508625561285,1.3480508625561285
DVST_XI_11-14_Aug_2025_13_11.33.24_expert_7_camera target_1.csv,expert,7,expert__participant_7,camera_target,1,C_kinematics_no_qc_plus_task,elastic_net,4,28.0,23.463542017963658,4.536457982036342,4.536457982036342
DVST_XI_11-14_Aug_2025_13_11.33.24_expert_7_glove cut_1.csv,expert,7,expert__participant_7,glove_cut,1,C_kinematics_no_qc_plus_task,elastic_net,4,25.0,20.927936895076947,4.072063104923053,4.072063104923053
DVST_XI_11-14_Aug_2025_13_11.33.24_expert_7_ring rollercoaster_1.csv,expert,7,expert__participant_7,ring_rollercoaster,1,C_kinematics_no_qc_plus_task,elastic_net,4,20.0,20.11358445672446,-0.11358445672446038,0.11358445672446038
DVST_XI_11-14_Aug_2025_13_11.33.24_expert_7_sea spikes_1.csv,expert,7,expert__participant_7,sea_spikes,1,C_kinematics_no_qc_plus_task,elastic_net,4,20.0,21.035909530884467,-1.0359095308844672,1.0359095308844672
DVST_XI_11-14_Aug_2025_13_11.33.24_expert_7_suture_1.csv,expert,7,expert__participant_7,suture,1,C_kinematics_no_qc_plus_task,elastic_net,4,29.0,25.39068111445076,3.6093188855492393,3.6093188855492393
DVST_XI_19-22_May_2025_22_09.34.36_trainee_40_camera target_2.csv,trainee,40,trainee__participant_40,camera_target,2,C_kinematics_no_qc_plus_task,elastic_net,4,24.0,24.653176642768614,-0.6531766427686136,0.6531766427686136
DVST_XI_19-22_May_2025_22_09.34.36_trainee_40_glove cut_2.csv,trainee,40,trainee__participant_40,glove_cut,2,C_kinematics_no_qc_plus_task,elastic_net,4,24.0,21.239612648130855,2.760387351869145,2.760387351869145
DVST_XI_6-8_Mar_2025_06_10.41.14_trainee_33_camera target_1.csv,trainee,33,trainee__participant_33,camera_target,1,C_kinematics_no_qc_plus_task,elastic_net,4,23.0,20.192076563575505,2.8079234364244954,2.8079234364244954
DVST_XI_6-8_Mar_2025_06_10.41.14_trainee_33_ring rollercoaster_1.csv,trainee,33,trainee__participant_33,ring_rollercoaster,1,C_kinematics_no_qc_plus_task,elastic_net,4,21.0,21.626412519946626,-0.6264125199466264,0.6264125199466264
DVST_XI_6-8_Mar_2025_06_10.41.14_trainee_33_sea spikes_1.csv,trainee,33,trainee__participant_33,sea_spikes,1,C_kinematics_no_qc_plus_task,elastic_net,4,16.0,16.756141803044123,-0.7561418030441232,0.7561418030441232
DVST_XI_6-8_Mar_2025_06_10.41.14_trainee_35_ring rollercoaster_1.csv,trainee,35,trainee__participant_35,ring_rollercoaster,1,C_kinematics_no_qc_plus_task,elastic_net,4,18.0,15.793623765487816,2.2063762345121845,2.2063762345121845
DVST_XI_6-8_Mar_2025_06_10.41.14_trainee_35_sea spikes_1.csv,trainee,35,trainee__participant_35,sea_spikes,1,C_kinematics_no_qc_plus_task,elastic_net,4,15.0,13.6332244442415,1.3667755557584993,1.3667755557584993
DVST_XI_6-8_Mar_2025_07_11.56.53_trainee_33_camera target_2.csv,trainee,33,trainee__participant_33,camera_target,2,C_kinematics_no_qc_plus_task,elastic_net,4,19.0,19.996930897454476,-0.9969308974544759,0.9969308974544759
DVST_XI_6-8_Mar_2025_07_11.56.53_trainee_33_glove cut_1.csv,trainee,33,trainee__participant_33,glove_cut,1,C_kinematics_no_qc_plus_task,elastic_net,4,18.0,20.68882216947995,-2.6888221694799483,2.6888221694799483
DVST_XI_6-8_Mar_2025_07_11.56.53_trainee_33_sea spikes_2.csv,trainee,33,trainee__participant_33,sea_spikes,2,C_kinematics_no_qc_plus_task,elastic_net,4,20.0,18.14895573645752,1.8510442635424802,1.8510442635424802
DVST_XI_6-8_Mar_2025_07_11.56.53_trainee_35_camera target_2.csv,trainee,35,trainee__participant_35,camera_target,2,C_kinematics_no_qc_plus_task,elastic_net,4,18.0,21.606540434111732,-3.606540434111732,3.606540434111732
DVST_XI_6-8_Mar_2025_07_11.56.53_trainee_35_glove cut_1.csv,trainee,35,trainee__participant_35,glove_cut,1,C_kinematics_no_qc_plus_task,elastic_net,4,16.0,19.196291436145447,-3.1962914361454473,3.1962914361454473
DVST_XI_6-8_Mar_2025_07_11.56.53_trainee_35_sea spikes_2.csv,trainee,35,trainee__participant_35,sea_spikes,2,C_kinematics_no_qc_plus_task,elastic_net,4,21.0,19.968390354636252,1.0316096453637478,1.0316096453637478
DVST_XI_7-11_Mar_2024_08_13.12.17_trainee_7_ring rollercoaster_1.csv,trainee,7,trainee__participant_7,ring_rollercoaster,1,C_kinematics_no_qc_plus_task,elastic_net,4,15.0,16.09195197813534,-1.0919519781353415,1.0919519781353415
DVST_XI_7-11_Mar_2024_08_13.12.17_trainee_7_sea spikes_1.csv,trainee,7,trainee__participant_7,sea_spikes,1,C_kinematics_no_qc_plus_task,elastic_net,4,19.0,15.480762140537282,3.5192378594627183,3.5192378594627183
DVST_XI_7-11_Mar_2024_09_10.19.01_trainee_7_camera target_1.csv,trainee,7,trainee__participant_7,camera_target,1,C_kinematics_no_qc_plus_task,elastic_net,4,17.0,18.145000192225343,-1.1450001922253428,1.1450001922253428
DVST_XI_7-11_Mar_2024_09_10.19.01_trainee_7_glove cut_1.csv,trainee,7,trainee__participant_7,glove_cut,1,C_kinematics_no_qc_plus_task,elastic_net,4,15.0,15.959323134423196,-0.9593231344231956,0.9593231344231956
DVST_XI_7-11_Mar_2024_09_13.46.11_trainee_7_suture_1.csv,trainee,7,trainee__participant_7,suture,1,C_kinematics_no_qc_plus_task,elastic_net,4,17.0,19.526510804212077,-2.5265108042120765,2.5265108042120765
DVST_XI_7-11_Mar_2024_10_08.59.30_trainee_7_ring rollercoaster_2.csv,trainee,7,trainee__participant_7,ring_rollercoaster,2,C_kinematics_no_qc_plus_task,elastic_net,4,18.0,18.535085553218433,-0.5350855532184333,0.5350855532184333
DVST_XI_7-11_Mar_2024_10_08.59.30_trainee_7_sea spikes_2.csv,trainee,7,trainee__participant_7,sea_spikes,2,C_kinematics_no_qc_plus_task,elastic_net,4,20.0,18.02834147866011,1.97165852133989,1.97165852133989
DVST_XI_Griffin_16-19_07_2024_16_08.46.09_trainee_15_glove cut_1.csv,trainee,15,trainee__participant_15,glove_cut,1,C_kinematics_no_qc_plus_task,elastic_net,4,17.0,19.68944860286348,-2.6894486028634788,2.6894486028634788
DVST_XI_Griffin_16-19_07_2024_16_08.46.09_trainee_15_ring rollercoaster_1.csv,trainee,15,trainee__participant_15,ring_rollercoaster,1,C_kinematics_no_qc_plus_task,elastic_net,4,18.0,19.80825266776953,-1.8082526677695299,1.8082526677695299
DVST_XI_Griffin_16-19_07_2024_16_08.46.09_trainee_15_sea spikes_1.csv,trainee,15,trainee__participant_15,sea_spikes,1,C_kinematics_no_qc_plus_task,elastic_net,4,20.0,17.71899486386321,2.281005136136791,2.281005136136791
DVST_XI_Griffin_16-19_07_2024_16_08.46.09_trainee_15_suture_1.csv,trainee,15,trainee__participant_15,suture,1,C_kinematics_no_qc_plus_task,elastic_net,4,15.0,18.450838502235182,-3.4508385022351824,3.4508385022351824
DVST_XI_Griffin_16-19_07_2024_16_08.46.09_trainee_16_glove cut_1.csv,trainee,16,trainee__participant_16,glove_cut,1,C_kinematics_no_qc_plus_task,elastic_net,4,15.0,18.29508162493297,-3.295081624932969,3.295081624932969
DVST_XI_Griffin_16-19_07_2024_16_08.46.09_trainee_16_ring rollercoaster_1.csv,trainee,16,trainee__participant_16,ring_rollercoaster,1,C_kinematics_no_qc_plus_task,elastic_net,4,20.0,17.949816699652985,2.0501833003470153,2.0501833003470153
DVST_XI_Griffin_16-19_07_2024_16_08.46.09_trainee_16_sea spikes_1.csv,trainee,16,trainee__participant_16,sea_spikes,1,C_kinematics_no_qc_plus_task,elastic_net,4,16.0,16.313457898477676,-0.3134578984776759,0.3134578984776759
DVST_XI_Griffin_16-19_07_2024_16_08.46.09_trainee_16_suture_1.csv,trainee,16,trainee__participant_16,suture,1,C_kinematics_no_qc_plus_task,elastic_net,4,21.0,16.610068159636675,4.3899318403633245,4.3899318403633245
DVST_XI_Griffin_16-19_07_2024_17_12.20.23_trainee_15_camera target_1.csv,trainee,15,trainee__participant_15,camera_target,1,C_kinematics_no_qc_plus_task,elastic_net,4,18.0,20.025801860470768,-2.025801860470768,2.025801860470768
DVST_XI_Griffin_16-19_07_2024_17_12.20.23_trainee_16_camera target_1.csv,trainee,16,trainee__participant_16,camera_target,1,C_kinematics_no_qc_plus_task,elastic_net,4,23.0,20.951797992332104,2.0482020076678964,2.0482020076678964
DVST_XI_Griffin_16-19_07_2024_17_12.20.23_trainee_16_ring rollercoaster_2.csv,trainee,16,trainee__participant_16,ring_rollercoaster,2,C_kinematics_no_qc_plus_task,elastic_net,4,23.0,21.28428267912625,1.7157173208737504,1.7157173208737504
DVST_XI_Griffin_16-19_07_2024_18_08.46.52_trainee_15_sea spikes_2.csv,trainee,15,trainee__participant_15,sea_spikes,2,C_kinematics_no_qc_plus_task,elastic_net,4,23.0,20.05569839605759,2.94430160394241,2.94430160394241
DVST_XI_Griffin_16-19_07_2024_18_08.46.52_trainee_15_suture_2.csv,trainee,15,trainee__participant_15,suture,2,C_kinematics_no_qc_plus_task,elastic_net,4,26.0,21.375960240707744,4.6240397592922555,4.6240397592922555
DVST_XI_Griffin_16-19_07_2024_18_08.46.52_trainee_16_sea spikes_2.csv,trainee,16,trainee__participant_16,sea_spikes,2,C_kinematics_no_qc_plus_task,elastic_net,4,21.0,19.253157003694277,1.7468429963057233,1.7468429963057233
DVST_XI_Griffin_16-19_07_2024_18_08.46.52_trainee_16_suture_2.csv,trainee,16,trainee__participant_16,suture,2,C_kinematics_no_qc_plus_task,elastic_net,4,29.0,23.67827476974429,5.3217252302557085,5.3217252302557085
DVST_XI_Griffin_16-19_07_2024_19_09.39.41_trainee_16_camera target_2.csv,trainee,16,trainee__participant_16,camera_target,2,C_kinematics_no_qc_plus_task,elastic_net,4,23.0,18.86615070222998,4.13384929777002,4.13384929777002
DVST_XI_Griffin_16-19_07_2024_19_09.39.41_trainee_16_glove cut_2.csv,trainee,16,trainee__participant_16,glove_cut,2,C_kinematics_no_qc_plus_task,elastic_net,4,24.0,17.097265374810455,6.902734625189545,6.902734625189545
DVST_XI_10-13_Nov_2025_12_10.36.46_expert_9_camera target_1.csv,expert,9,expert__participant_9,camera_target,1,C_kinematics_no_qc_plus_task,elastic_net,5,28.0,24.843541250683028,3.156458749316972,3.156458749316972
DVST_XI_10-13_Nov_2025_12_10.36.46_expert_9_glove cut_1.csv,expert,9,expert__participant_9,glove_cut,1,C_kinematics_no_qc_plus_task,elastic_net,5,29.0,24.187609045232804,4.812390954767196,4.812390954767196
DVST_XI_10-13_Nov_2025_12_10.36.46_expert_9_ring rollercoaster_1.csv,expert,9,expert__participant_9,ring_rollercoaster,1,C_kinematics_no_qc_plus_task,elastic_net,5,29.0,24.29687018858631,4.703129811413689,4.703129811413689
DVST_XI_10-13_Nov_2025_12_10.36.46_expert_9_sea spikes_1.csv,expert,9,expert__participant_9,sea_spikes,1,C_kinematics_no_qc_plus_task,elastic_net,5,29.0,24.281818744614256,4.718181255385744,4.718181255385744
DVST_XI_10-13_Nov_2025_12_10.36.46_expert_9_suture_1.csv,expert,9,expert__participant_9,suture,1,C_kinematics_no_qc_plus_task,elastic_net,5,28.0,25.12167336873928,2.8783266312607196,2.8783266312607196
DVST_XI_19-22_May_2025_22_09.34.36_trainee_39_camera target_2.csv,trainee,39,trainee__participant_39,camera_target,2,C_kinematics_no_qc_plus_task,elastic_net,5,19.0,23.43479827425572,-4.434798274255719,4.434798274255719
DVST_XI_19-22_May_2025_22_09.34.36_trainee_39_glove cut_2.csv,trainee,39,trainee__participant_39,glove_cut,2,C_kinematics_no_qc_plus_task,elastic_net,5,22.0,22.050738535443305,-0.050738535443304755,0.050738535443304755
DVST_XI_6-8_Mar_2025_07_11.56.53_expert_1_camera target_1.csv,expert,1,expert__participant_1,camera_target,1,C_kinematics_no_qc_plus_task,elastic_net,5,26.0,22.93497924187251,3.0650207581274884,3.0650207581274884
DVST_XI_6-8_Mar_2025_07_11.56.53_expert_1_glove cut_1.csv,expert,1,expert__participant_1,glove_cut,1,C_kinematics_no_qc_plus_task,elastic_net,5,20.0,22.355333526677256,-2.3553335266772564,2.3553335266772564
DVST_XI_6-8_Mar_2025_07_11.56.53_expert_1_ring rollercoaster_1.csv,expert,1,expert__participant_1,ring_rollercoaster,1,C_kinematics_no_qc_plus_task,elastic_net,5,21.0,21.208978354720127,-0.20897835472012716,0.20897835472012716
DVST_XI_6-8_Mar_2025_07_11.56.53_expert_1_sea spikes_1.csv,expert,1,expert__participant_1,sea_spikes,1,C_kinematics_no_qc_plus_task,elastic_net,5,23.0,20.303343927906774,2.6966560720932264,2.6966560720932264
DVST_XI_6-8_Mar_2025_07_11.56.53_expert_1_suture_1.csv,expert,1,expert__participant_1,suture,1,C_kinematics_no_qc_plus_task,elastic_net,5,26.0,24.037956029330147,1.9620439706698534,1.9620439706698534
DVST_XI_7-11_Jul_2025_10_09.40.17_expert_6_camera target_1.csv,expert,6,expert__participant_6,camera_target,1,C_kinematics_no_qc_plus_task,elastic_net,5,25.0,22.77707897020794,2.2229210297920616,2.2229210297920616
DVST_XI_7-11_Jul_2025_10_09.40.17_expert_6_glove cut_1.csv,expert,6,expert__participant_6,glove_cut,1,C_kinematics_no_qc_plus_task,elastic_net,5,23.0,21.804632569421276,1.1953674305787239,1.1953674305787239
DVST_XI_7-11_Jul_2025_10_09.40.17_expert_6_ring rollercoaster_1.csv,expert,6,expert__participant_6,ring_rollercoaster,1,C_kinematics_no_qc_plus_task,elastic_net,5,23.0,21.689750504500246,1.310249495499754,1.310249495499754
DVST_XI_7-11_Jul_2025_10_09.40.17_expert_6_sea spikes_1.csv,expert,6,expert__participant_6,sea_spikes,1,C_kinematics_no_qc_plus_task,elastic_net,5,23.0,20.81176719272131,2.188232807278691,2.188232807278691
DVST_XI_7-11_Jul_2025_10_09.40.17_expert_6_suture_1.csv,expert,6,expert__participant_6,suture,1,C_kinematics_no_qc_plus_task,elastic_net,5,26.0,23.627430692821534,2.372569307178466,2.372569307178466
DVST_XI_7-11_Mar_2024_08_13.12.17_trainee_11_ring rollercoaster_1.csv,trainee,11,trainee__participant_11,ring_rollercoaster,1,C_kinematics_no_qc_plus_task,elastic_net,5,18.0,16.374278700373456,1.6257212996265444,1.6257212996265444
DVST_XI_7-11_Mar_2024_08_13.12.17_trainee_11_sea spikes_1.csv,trainee,11,trainee__participant_11,sea_spikes,1,C_kinematics_no_qc_plus_task,elastic_net,5,18.0,18.61201305275358,-0.6120130527535785,0.6120130527535785
DVST_XI_7-11_Mar_2024_09_10.19.01_trainee_11_camera target_1.csv,trainee,11,trainee__participant_11,camera_target,1,C_kinematics_no_qc_plus_task,elastic_net,5,10.0,13.546221940033131,-3.5462219400331314,3.5462219400331314
DVST_XI_7-11_Mar_2024_09_10.19.01_trainee_11_glove cut_1.csv,trainee,11,trainee__participant_11,glove_cut,1,C_kinematics_no_qc_plus_task,elastic_net,5,18.0,16.600521910750338,1.399478089249662,1.399478089249662
DVST_XI_7-11_Mar_2024_09_13.46.11_trainee_11_suture_1.csv,trainee,11,trainee__participant_11,suture,1,C_kinematics_no_qc_plus_task,elastic_net,5,18.0,18.45866307422353,-0.45866307422353003,0.45866307422353003
DVST_XI_7-11_Mar_2024_10_08.59.30_trainee_11_ring rollercoaster_2.csv,trainee,11,trainee__participant_11,ring_rollercoaster,2,C_kinematics_no_qc_plus_task,elastic_net,5,16.0,18.595410337793798,-2.5954103377937976,2.5954103377937976
DVST_XI_7-11_Mar_2024_10_08.59.30_trainee_11_sea spikes_2.csv,trainee,11,trainee__participant_11,sea_spikes,2,C_kinematics_no_qc_plus_task,elastic_net,5,18.0,19.909548243257916,-1.909548243257916,1.909548243257916
DVST_XI_Griffin_16-19_07_2024_16_08.46.09_trainee_14_glove cut_1.csv,trainee,14,trainee__participant_14,glove_cut,1,C_kinematics_no_qc_plus_task,elastic_net,5,11.0,17.672691310191137,-6.672691310191137,6.672691310191137
DVST_XI_Griffin_16-19_07_2024_16_08.46.09_trainee_14_ring rollercoaster_1.csv,trainee,14,trainee__participant_14,ring_rollercoaster,1,C_kinematics_no_qc_plus_task,elastic_net,5,16.0,20.07384952632119,-4.07384952632119,4.07384952632119
DVST_XI_Griffin_16-19_07_2024_16_08.46.09_trainee_14_sea spikes_1.csv,trainee,14,trainee__participant_14,sea_spikes,1,C_kinematics_no_qc_plus_task,elastic_net,5,12.0,13.681315780336949,-1.6813157803369485,1.6813157803369485
DVST_XI_Griffin_16-19_07_2024_16_08.46.09_trainee_14_suture_1.csv,trainee,14,trainee__participant_14,suture,1,C_kinematics_no_qc_plus_task,elastic_net,5,15.0,20.546613686505733,-5.546613686505733,5.546613686505733
DVST_XI_Griffin_16-19_07_2024_17_12.20.23_trainee_13_camera target_1.csv,trainee,13,trainee__participant_13,camera_target,1,C_kinematics_no_qc_plus_task,elastic_net,5,19.0,21.171898302132636,-2.171898302132636,2.171898302132636
DVST_XI_Griffin_16-19_07_2024_17_12.20.23_trainee_13_glove cut_1.csv,trainee,13,trainee__participant_13,glove_cut,1,C_kinematics_no_qc_plus_task,elastic_net,5,23.0,19.644777431881106,3.3552225681188936,3.3552225681188936
DVST_XI_Griffin_16-19_07_2024_17_12.20.23_trainee_13_ring rollercoaster_1.csv,trainee,13,trainee__participant_13,ring_rollercoaster,1,C_kinematics_no_qc_plus_task,elastic_net,5,17.0,20.126971324363396,-3.126971324363396,3.126971324363396
DVST_XI_Griffin_16-19_07_2024_17_12.20.23_trainee_13_ring rollercoaster_2.csv,trainee,13,trainee__participant_13,ring_rollercoaster,2,C_kinematics_no_qc_plus_task,elastic_net,5,22.0,20.89467271100749,1.105327288992509,1.105327288992509
DVST_XI_Griffin_16-19_07_2024_17_12.20.23_trainee_13_sea spikes_1.csv,trainee,13,trainee__participant_13,sea_spikes,1,C_kinematics_no_qc_plus_task,elastic_net,5,17.0,20.612834698946912,-3.6128346989469122,3.6128346989469122
DVST_XI_Griffin_16-19_07_2024_17_12.20.23_trainee_13_suture_1.csv,trainee,13,trainee__participant_13,suture,1,C_kinematics_no_qc_plus_task,elastic_net,5,23.0,21.242871592255643,1.7571284077443572,1.7571284077443572
DVST_XI_Griffin_16-19_07_2024_17_12.20.23_trainee_14_camera target_1.csv,trainee,14,trainee__participant_14,camera_target,1,C_kinematics_no_qc_plus_task,elastic_net,5,14.0,15.960895012970731,-1.960895012970731,1.960895012970731
DVST_XI_Griffin_16-19_07_2024_18_08.46.52_trainee_13_sea spikes_2.csv,trainee,13,trainee__participant_13,sea_spikes,2,C_kinematics_no_qc_plus_task,elastic_net,5,21.0,24.21803817761253,-3.218038177612531,3.218038177612531
DVST_XI_Griffin_16-19_07_2024_18_08.46.52_trainee_13_suture_2.csv,trainee,13,trainee__participant_13,suture,2,C_kinematics_no_qc_plus_task,elastic_net,5,28.0,23.374265540718532,4.6257344592814675,4.6257344592814675
DVST_XI_Griffin_16-19_07_2024_18_08.46.52_trainee_14_sea spikes_2.csv,trainee,14,trainee__participant_14,sea_spikes,2,C_kinematics_no_qc_plus_task,elastic_net,5,20.0,21.168725717051167,-1.1687257170511671,1.1687257170511671
DVST_XI_Griffin_16-19_07_2024_18_08.46.52_trainee_14_suture_2.csv,trainee,14,trainee__participant_14,suture,2,C_kinematics_no_qc_plus_task,elastic_net,5,29.0,26.241819355174634,2.758180644825366,2.758180644825366
DVST_XI_Griffin_16-19_07_2024_19_09.39.41_trainee_13_camera target_2.csv,trainee,13,trainee__participant_13,camera_target,2,C_kinematics_no_qc_plus_task,elastic_net,5,17.0,22.755090639980935,-5.755090639980935,5.755090639980935
DVST_XI_Griffin_16-19_07_2024_19_09.39.41_trainee_14_glove cut_2.csv,trainee,14,trainee__participant_14,glove_cut,2,C_kinematics_no_qc_plus_task,elastic_net,5,18.0,18.32195481704048,-0.32195481704048134,0.32195481704048134
DVST_XI_Griffin_29_sep-1_oct_2024_01_10.39.05_trainee_20_camera target_2.csv,trainee,20,trainee__participant_20,camera_target,2,C_kinematics_no_qc_plus_task,elastic_net,5,14.0,21.259772903939165,-7.259772903939165,7.259772903939165
DVST_XI_Griffin_29_sep-1_oct_2024_29_09.07.40_trainee_20_camera target_1.csv,trainee,20,trainee__participant_20,camera_target,1,C_kinematics_no_qc_plus_task,elastic_net,5,15.0,16.48249054092027,-1.4824905409202707,1.4824905409202707
DVST_XI_Griffin_29_sep-1_oct_2024_29_09.07.40_trainee_20_suture_1.csv,trainee,20,trainee__participant_20,suture,1,C_kinematics_no_qc_plus_task,elastic_net,5,13.0,17.41618995386258,-4.416189953862581,4.416189953862581
DVST_XI_Griffin_29_sep-1_oct_2024_30_12.18.00_trainee_20_glove cut_2.csv,trainee,20,trainee__participant_20,glove_cut,2,C_kinematics_no_qc_plus_task,elastic_net,5,17.0,20.928433909987238,-3.9284339099872376,3.9284339099872376
DVST_XI_Griffin_29_sep-1_oct_2024_30_12.18.00_trainee_20_ring rollercoaster_2.csv,trainee,20,trainee__participant_20,ring_rollercoaster,2,C_kinematics_no_qc_plus_task,elastic_net,5,21.0,18.28610938561573,2.713890614384269,2.713890614384269
DVST_XI_Griffin_29_sep-1_oct_2024_30_12.18.00_trainee_20_sea spikes_2.csv,trainee,20,trainee__participant_20,sea_spikes,2,C_kinematics_no_qc_plus_task,elastic_net,5,21.0,21.225903847636324,-0.22590384763632443,0.22590384763632443
