model,cv_fold,feature,coefficient,abs_coefficient
linear_regression,1,active_pair_one_arm_only_active_fraction,241.67051301065706,241.67051301065706
linear_regression,1,active_pair_simultaneous_active_fraction,182.4738153029095,182.4738153029095
linear_regression,1,USM0_USM2_pose_global_both_idle_fraction,150.57531753723845,150.57531753723845
linear_regression,1,USM0_USM2_pose_global_one_arm_only_active_fraction,-122.37472055484616,122.37472055484616
linear_regression,1,USM0_USM2_pose_global_simultaneous_active_fraction,-73.92262610834179,73.92262610834179
linear_regression,1,active_pair_path_length_imbalance,-35.909690754232955,35.909690754232955
linear_regression,1,USM0_USM2_pose_global_path_length_imbalance,34.306209875326054,34.306209875326054
linear_regression,1,USM0_pose_global_active,30.879809403440536,30.879809403440536
linear_regression,1,USM0_pose_global_dimensionless_jerk,29.48590495635359,29.48590495635359
linear_regression,1,USM0_pose_global_economy_volume,27.800678039611753,27.800678039611753
linear_regression,1,USM2_USM3_pose_global_mean_distance_rel,-22.15353378439351,22.15353378439351
linear_regression,1,USM2_pose_global_economy_volume,-21.376757501147225,21.376757501147225
linear_regression,1,USM0_pose_global_economy_area_xy,-20.404390017502305,20.404390017502305
linear_regression,1,USM0_pose_global_economy_area_yz,-20.194720380539387,20.194720380539387
linear_regression,1,USM2_pose_global_economy_area_yz,18.152899573549618,18.152899573549618
linear_regression,1,USM2_pose_global_economy_area_xy,16.781879206253464,16.781879206253464
linear_regression,1,USM0_USM3_pose_global_mean_distance_rel,16.0557341174038,16.0557341174038
linear_regression,1,USM3_pose_global_mean_abs_angular_acceleration_rad_s2,13.405043653994124,13.405043653994124
linear_regression,1,USM0_USM2_pose_global_speed_correlation,13.045531507824307,13.045531507824307
linear_regression,1,USM0_pose_global_rms_speed_l2,12.30857040540828,12.30857040540828
linear_regression,1,USM3_pose_global_jerk_cost,12.044196984331268,12.044196984331268
linear_regression,1,USM3_pose_global_mean_angular_speed_rad_s,-11.96243165417548,11.96243165417548
linear_regression,1,active_pair_speed_correlation,-11.80937212983536,11.80937212983536
linear_regression,1,USM2_pose_global_y_range_m,-10.811142504451045,10.811142504451045
linear_regression,1,USM3_pose_global_max_abs_angular_acceleration_rad_s2,-10.808574329804404,10.808574329804404
linear_regression,1,USM0_USM2_pose_global_std_distance_rel,-10.608009824320618,10.608009824320618
linear_regression,1,USM0_pose_global_y_range_m,10.386706456808069,10.386706456808069
linear_regression,1,USM0_pose_global_max_speed_l2,10.035273548595182,10.035273548595182
linear_regression,1,USM3_pose_global_rotation_path_radians,9.913506725538326,9.913506725538326
linear_regression,1,USM2_USM3_pose_global_mean_abs_relative_speed,8.150054496036084,8.150054496036084
linear_regression,1,USM0_USM3_pose_global_mean_abs_relative_speed,-8.058673980057751,8.058673980057751
linear_regression,1,USM2_pose_global_raw_path_l2,-7.276864585202485,7.276864585202485
linear_regression,1,active_pair_usm_b,6.269355301883039,6.269355301883039
linear_regression,1,USM2_pose_global_z_range_m,6.112386574794673,6.112386574794673
linear_regression,1,USM0_pose_global_idle_fraction_relative,5.877068904115712,5.877068904115712
linear_regression,1,USM3_pose_global_rms_speed_l2,5.658065023502134,5.658065023502134
linear_regression,1,USM3_pose_global_workspace_box_volume_m3,-4.972319508203045,4.972319508203045
linear_regression,1,active_pair_path_length_b_rel,4.8816176464154,4.8816176464154
linear_regression,1,USM3_pose_global_active,-4.855886005912335,4.855886005912335
linear_regression,1,active_pair_mean_distance_rel,4.829944195277203,4.829944195277203
linear_regression,1,USM2_USM3_pose_global_path_length_imbalance,4.7547693001057905,4.7547693001057905
linear_regression,1,USM0_USM3_pose_global_path_length_imbalance,-4.638129551705388,4.638129551705388
linear_regression,1,USM0_pose_global_rotation_orthogonality_error_mean,-4.59893476071929,4.59893476071929
linear_regression,1,USM0_pose_global_mean_acceleration_l2,-4.546955564724611,4.546955564724611
linear_regression,1,USM0_pose_global_rotation_orthogonality_error_max,4.340108188639585,4.340108188639585
linear_regression,1,USM2_pose_global_max_angular_speed_rad_s,4.226870287419894,4.226870287419894
linear_regression,1,active_pair_usm_a,-4.0591075292630805,4.0591075292630805
linear_regression,1,USM0_pose_global_z_range_m,-3.9115938382278475,3.9115938382278475
linear_regression,1,USM2_pose_global_mean_speed_l2,-3.7289167977968294,3.7289167977968294
linear_regression,1,USM2_pose_global_idle_threshold_relative,3.6895371631361567,3.6895371631361567
linear_regression,1,USM0_USM2_pose_global_mean_abs_relative_speed,-3.5652200907348464,3.5652200907348464
linear_regression,1,USM3_pose_global_log_dimensionless_jerk,3.4712900221764227,3.4712900221764227
linear_regression,1,USM2_pose_global_max_abs_angular_acceleration_rad_s2,-3.467830915422674,3.467830915422674
linear_regression,1,USM2_pose_global_pause_count,3.4269768285735034,3.4269768285735034
linear_regression,1,USM2_pose_global_pause_fraction,3.408418440783694,3.408418440783694
linear_regression,1,USM2_pose_global_movement_economy,-3.2947070210735876,3.2947070210735876
linear_regression,1,USM3_pose_global_economy_volume,3.121085032164629,3.121085032164629
linear_regression,1,USM2_pose_global_rotation_orthogonality_error_mean,3.103005364056265,3.103005364056265
linear_regression,1,USM0_pose_global_raw_path_l2,3.086450297306464,3.086450297306464
linear_regression,1,USM3_pose_global_raw_path_l2,-2.875004903104238,2.875004903104238
linear_regression,1,USM3_pose_global_max_angular_speed_rad_s,2.865219145021709,2.865219145021709
linear_regression,1,USM0_pose_global_pause_count,-2.8370121115100906,2.8370121115100906
linear_regression,1,USM0_pose_global_movement_economy,2.7219302063970585,2.7219302063970585
linear_regression,1,USM2_pose_global_economy_area_xz,-2.6009895570492882,2.6009895570492882
linear_regression,1,active_psm_count,2.5498199105728534,2.5498199105728534
linear_regression,1,USM0_pose_global_pause_fraction,-2.4156943590099487,2.4156943590099487
linear_regression,1,USM3_pose_global_mean_speed_l2,-2.306285215300379,2.306285215300379
linear_regression,1,USM3_pose_global_economy_area_xy,-2.237873057231038,2.237873057231038
linear_regression,1,USM3_pose_global_max_jerk_l2,-2.191806354132699,2.191806354132699
linear_regression,1,USM2_pose_global_idle_fraction_relative,-2.1624604900020823,2.1624604900020823
linear_regression,1,USM0_pose_global_idle_threshold_relative,-1.9641983614301384,1.9641983614301384
linear_regression,1,USM2_pose_global_mean_angular_speed_rad_s,1.9609083412695245,1.9609083412695245
linear_regression,1,USM2_pose_global_rotation_determinant_mean,1.9572557624557234,1.9572557624557234
linear_regression,1,USM0_pose_global_economy_area_xz,1.7388998504183713,1.7388998504183713
linear_regression,1,USM3_pose_global_economy_area_xz,-1.6751072626328405,1.6751072626328405
linear_regression,1,USM3_pose_global_max_speed_l2,-1.5746444558249635,1.5746444558249635
linear_regression,1,USM3_pose_global_max_acceleration_l2,1.5651541845522106,1.5651541845522106
linear_regression,1,USM0_pose_global_n_samples,-1.5641705089667544,1.5641705089667544
linear_regression,1,USM2_pose_global_pause_duration_seconds,-1.5494161189264615,1.5494161189264615
linear_regression,1,USM2_pose_global_mean_abs_angular_acceleration_rad_s2,-1.5039235678595615,1.5039235678595615
linear_regression,1,USM0_pose_global_max_angular_speed_rad_s,1.4988398324783323,1.4988398324783323
linear_regression,1,USM2_pose_global_x_range_m,1.4977159295133875,1.4977159295133875
linear_regression,1,USM3_pose_global_y_range_m,-1.4931969568682302,1.4931969568682302
linear_regression,1,USM0_pose_global_net_displacement_l2,-1.4414600341321206,1.4414600341321206
linear_regression,1,USM0_pose_global_pause_duration_seconds,-1.3470258858228012,1.3470258858228012
linear_regression,1,USM3_pose_global_pause_duration_seconds,1.3250048742636764,1.3250048742636764
linear_regression,1,USM3_pose_global_pause_fraction,-1.3133334689933758,1.3133334689933758
linear_regression,1,USM3_pose_global_idle_fraction_relative,-1.2929267118649594,1.2929267118649594
linear_regression,1,USM3_pose_global_rotation_orthogonality_error_mean,-1.2085552248662648,1.2085552248662648
linear_regression,1,USM0_USM3_pose_global_std_distance_rel,-1.1527430992903893,1.1527430992903893
linear_regression,1,USM0_pose_global_max_abs_angular_acceleration_rad_s2,-1.132049457188292,1.132049457188292
linear_regression,1,USM0_pose_global_median_dt_seconds,-1.115904577258729,1.115904577258729
linear_regression,1,USM3_pose_global_rotation_orthogonality_error_max,1.0853201969103088,1.0853201969103088
linear_regression,1,USM2_pose_global_rotation_orthogonality_error_max,-1.057028858782025,1.057028858782025
linear_regression,1,USM2_pose_global_mean_acceleration_l2,1.045551884958462,1.045551884958462
linear_regression,1,USM0_USM3_pose_global_both_idle_fraction,0.9786623756858694,0.9786623756858694
linear_regression,1,USM0_pose_global_x_range_m,-0.9783619715305569,0.9783619715305569
linear_regression,1,USM3_pose_global_pause_count,-0.9554722216058753,0.9554722216058753
linear_regression,1,USM2_pose_global_dimensionless_jerk,-0.9080348879197944,0.9080348879197944
linear_regression,1,USM0_USM3_pose_global_simultaneous_active_fraction,-0.899954501749316,0.899954501749316
linear_regression,1,USM2_pose_global_rotation_determinant_std,-0.8733446420321833,0.8733446420321833
linear_regression,1,USM0_pose_global_rotation_determinant_mean,-0.8572086357620342,0.8572086357620342
linear_regression,1,USM3_pose_global_rotation_determinant_std,0.80021222369328,0.80021222369328
linear_regression,1,USM3_pose_global_idle_threshold_relative,0.7969642987190202,0.7969642987190202
linear_regression,1,all_psm_pose_global_path_total_m,0.7912271063211516,0.7912271063211516
linear_regression,1,USM3_pose_global_net_displacement_l2,0.7819870092807504,0.7819870092807504
linear_regression,1,USM2_USM3_pose_global_speed_correlation,0.7278223521172862,0.7278223521172862
linear_regression,1,USM0_pose_global_mean_abs_angular_acceleration_rad_s2,0.672032969740905,0.672032969740905
linear_regression,1,USM3_pose_global_rotation_determinant_mean,-0.6674882391439172,0.6674882391439172
linear_regression,1,USM0_pose_global_mean_angular_speed_rad_s,-0.6547926698978754,0.6547926698978754
linear_regression,1,USM2_USM3_pose_global_std_distance_rel,0.6305588114314142,0.6305588114314142
linear_regression,1,USM2_pose_global_rotation_path_radians,-0.5945809299123219,0.5945809299123219
linear_regression,1,USM3_pose_global_economy_area_yz,-0.5557225002945065,0.5557225002945065
linear_regression,1,USM3_pose_global_z_range_m,-0.5397550001712901,0.5397550001712901
linear_regression,1,USM0_pose_global_log_dimensionless_jerk,0.5305574158360306,0.5305574158360306
linear_regression,1,USM0_USM3_pose_global_one_arm_only_active_fraction,-0.5077753684304684,0.5077753684304684
linear_regression,1,USM2_pose_global_log_dimensionless_jerk,-0.50376454125052,0.50376454125052
linear_regression,1,USM3_pose_global_movement_economy,0.4931632156403234,0.4931632156403234
linear_regression,1,USM0_pose_global_rotation_determinant_std,0.4683451039039982,0.4683451039039982
linear_regression,1,USM2_USM3_pose_global_both_idle_fraction,-0.42051577405854657,0.42051577405854657
linear_regression,1,USM0_USM3_pose_global_speed_correlation,-0.3904706599355059,0.3904706599355059
linear_regression,1,USM0_pose_global_rotation_path_radians,0.35973081995349976,0.35973081995349976
linear_regression,1,USM0_pose_global_max_gap_seconds,0.35573633839430713,0.35573633839430713
linear_regression,1,USM2_USM3_pose_global_one_arm_only_active_fraction,0.3288781166946002,0.3288781166946002
linear_regression,1,USM0_USM3_pose_global_distance_range_rel,0.2558996460566041,0.2558996460566041
linear_regression,1,USM0_USM2_pose_global_alignment_coverage,0.2425096442125234,0.2425096442125234
linear_regression,1,USM2_USM3_pose_global_simultaneous_active_fraction,0.23380984777200187,0.23380984777200187
linear_regression,1,USM2_USM3_pose_global_distance_range_rel,0.1916460521849257,0.1916460521849257
linear_regression,1,USM3_pose_global_x_range_m,-0.18796483521891227,0.18796483521891227
linear_regression,1,USM0_pose_global_mean_speed_l2,-0.17075606466107618,0.17075606466107618
linear_regression,1,USM3_pose_global_dimensionless_jerk,-0.11541428444764179,0.11541428444764179
linear_regression,2,USM2_pose_global_path_l2,-105.57362274113451,105.57362274113451
linear_regression,2,USM2_pose_global_raw_path_l2,61.68242325201862,61.68242325201862
linear_regression,2,USM0_pose_global_raw_path_l2,-57.98734833260818,57.98734833260818
linear_regression,2,USM0_pose_global_path_l2,54.27700133194998,54.27700133194998
linear_regression,2,all_psm_pose_global_path_total_m,32.73580282494065,32.73580282494065
linear_regression,2,USM0_USM2_pose_global_both_idle_fraction,-28.066324761741768,28.066324761741768
linear_regression,2,USM0_USM2_pose_global_simultaneous_active_fraction,24.776328903915367,24.776328903915367
linear_regression,2,USM2_USM3_pose_global_mean_distance_rel,-21.28864969533299,21.28864969533299
linear_regression,2,USM2_pose_global_economy_volume,20.93207428879282,20.93207428879282
linear_regression,2,active_pair_both_idle_fraction,20.45665489790403,20.45665489790403
linear_regression,2,USM2_pose_global_mean_speed_l2,17.323986557298202,17.323986557298202
linear_regression,2,active_pair_simultaneous_active_fraction,-15.860204958250534,15.860204958250534
linear_regression,2,USM0_USM3_pose_global_mean_abs_relative_speed,-15.438040125687222,15.438040125687222
linear_regression,2,USM0_USM2_pose_global_speed_correlation,14.662432865973594,14.662432865973594
linear_regression,2,USM0_pose_global_max_speed_l2,14.463128624488448,14.463128624488448
linear_regression,2,USM0_USM2_pose_global_path_length_imbalance,14.225094995187465,14.225094995187465
linear_regression,2,active_pair_path_length_b_rel,13.4079334548992,13.4079334548992
linear_regression,2,USM0_USM2_pose_global_one_arm_only_active_fraction,12.688049874355187,12.688049874355187
linear_regression,2,USM0_USM3_pose_global_mean_distance_rel,12.21041325010341,12.21041325010341
linear_regression,2,active_pair_one_arm_only_active_fraction,-11.993888173754252,11.993888173754252
linear_regression,2,USM2_pose_global_x_range_m,11.86599790894833,11.86599790894833
linear_regression,2,active_pair_speed_correlation,-11.753517187896641,11.753517187896641
linear_regression,2,USM3_pose_global_rms_speed_l2,11.3665463264901,11.3665463264901
linear_regression,2,active_pair_path_length_imbalance,-11.096412222136854,11.096412222136854
linear_regression,2,USM0_pose_global_x_range_m,-9.884199451179622,9.884199451179622
linear_regression,2,USM3_pose_global_raw_path_l2,-9.643513580116647,9.643513580116647
linear_regression,2,USM0_pose_global_n_samples,-8.178710209626606,8.178710209626606
linear_regression,2,USM2_pose_global_economy_area_xy,-8.139835185828828,8.139835185828828
linear_regression,2,USM2_pose_global_economy_area_yz,-7.5132980128087095,7.5132980128087095
linear_regression,2,USM2_pose_global_idle_fraction_relative,5.452491481056342,5.452491481056342
linear_regression,2,USM2_pose_global_economy_area_xz,-5.415426995931914,5.415426995931914
linear_regression,2,USM3_pose_global_mean_angular_speed_rad_s,-5.351811124846999,5.351811124846999
linear_regression,2,USM3_pose_global_mean_acceleration_l2,5.244766213999825,5.244766213999825
linear_regression,2,active_pair_usm_b,5.153246691542186,5.153246691542186
linear_regression,2,USM3_pose_global_rotation_path_radians,5.127928440015232,5.127928440015232
linear_regression,2,USM2_pose_global_mean_abs_angular_acceleration_rad_s2,-4.9893557973078995,4.9893557973078995
linear_regression,2,USM3_pose_global_mean_speed_l2,-4.946464633636939,4.946464633636939
linear_regression,2,USM2_USM3_pose_global_path_length_imbalance,4.714536834809638,4.714536834809638
linear_regression,2,USM2_pose_global_pause_count,4.682856786170088,4.682856786170088
linear_regression,2,USM3_pose_global_idle_threshold_relative,-4.565500048524685,4.565500048524685
linear_regression,2,USM3_pose_global_mean_abs_angular_acceleration_rad_s2,4.480402957685897,4.480402957685897
linear_regression,2,USM0_pose_global_idle_fraction_relative,4.408495276655941,4.408495276655941
linear_regression,2,USM0_pose_global_economy_volume,-3.834792481782948,3.834792481782948
linear_regression,2,USM0_pose_global_max_jerk_l2,-3.733878645382706,3.733878645382706
linear_regression,2,USM3_pose_global_log_dimensionless_jerk,3.6688727348099306,3.6688727348099306
linear_regression,2,USM0_pose_global_pause_fraction,3.623404947062022,3.623404947062022
linear_regression,2,USM2_USM3_pose_global_simultaneous_active_fraction,-3.594028138324491,3.594028138324491
linear_regression,2,USM0_pose_global_pause_duration_seconds,3.484898594995607,3.484898594995607
linear_regression,2,USM3_pose_global_active,-3.4587979803128635,3.4587979803128635
linear_regression,2,USM0_pose_global_movement_economy,-3.366078745517476,3.366078745517476
linear_regression,2,USM0_USM3_pose_global_std_distance_rel,-3.132726000979418,3.132726000979418
linear_regression,2,USM0_pose_global_mean_abs_angular_acceleration_rad_s2,3.122169294140655,3.122169294140655
linear_regression,2,USM2_pose_global_log_dimensionless_jerk,-3.0805110919487078,3.0805110919487078
linear_regression,2,USM3_pose_global_max_speed_l2,-3.060000744385664,3.060000744385664
linear_regression,2,USM3_pose_global_economy_volume,-3.014511339512177,3.014511339512177
linear_regression,2,USM0_USM3_pose_global_simultaneous_active_fraction,2.8134355865602863,2.8134355865602863
linear_regression,2,USM0_USM3_pose_global_path_length_imbalance,-2.741392368946168,2.741392368946168
linear_regression,2,USM2_USM3_pose_global_both_idle_fraction,2.7393795678908965,2.7393795678908965
linear_regression,2,USM2_pose_global_mean_angular_speed_rad_s,2.648128241429159,2.648128241429159
linear_regression,2,USM0_pose_global_economy_area_xz,2.5430138476346267,2.5430138476346267
linear_regression,2,USM0_pose_global_y_range_m,2.4368172240859,2.4368172240859
linear_regression,2,USM2_pose_global_movement_economy,2.305670501378902,2.305670501378902
linear_regression,2,USM2_pose_global_y_range_m,-2.1038389395144614,2.1038389395144614
linear_regression,2,USM0_pose_global_pause_count,-2.054071906744301,2.054071906744301
linear_regression,2,USM3_pose_global_pause_duration_seconds,2.011219201197699,2.011219201197699
linear_regression,2,USM0_pose_global_rotation_determinant_mean,-1.9924925839517553,1.9924925839517553
linear_regression,2,USM3_pose_global_economy_area_xz,1.9913058311880265,1.9913058311880265
linear_regression,2,USM3_pose_global_economy_area_yz,1.7907797042977602,1.7907797042977602
linear_regression,2,USM3_pose_global_max_angular_speed_rad_s,-1.749289612143789,1.749289612143789
linear_regression,2,USM3_pose_global_z_range_m,-1.6961228930831638,1.6961228930831638
linear_regression,2,USM3_pose_global_max_acceleration_l2,1.6454878066330547,1.6454878066330547
linear_regression,2,USM3_pose_global_idle_fraction_relative,-1.6410199103028207,1.6410199103028207
linear_regression,2,USM0_pose_global_dimensionless_jerk,1.6331244115753454,1.6331244115753454
linear_regression,2,USM3_pose_global_x_range_m,1.6290195735844444,1.6290195735844444
linear_regression,2,USM3_pose_global_pause_fraction,-1.6120818223264193,1.6120818223264193
linear_regression,2,USM3_pose_global_rotation_orthogonality_error_mean,-1.5708477914782486,1.5708477914782486
linear_regression,2,USM2_pose_global_z_range_m,-1.5689852655706105,1.5689852655706105
linear_regression,2,USM3_pose_global_rotation_orthogonality_error_max,1.5609286103850342,1.5609286103850342
linear_regression,2,USM2_USM3_pose_global_std_distance_rel,1.5521538946812452,1.5521538946812452
linear_regression,2,USM0_USM3_pose_global_both_idle_fraction,-1.5052103307522886,1.5052103307522886
linear_regression,2,USM0_pose_global_mean_speed_l2,-1.4837197516360108,1.4837197516360108
linear_regression,2,USM2_pose_global_rotation_determinant_mean,1.4153509911280437,1.4153509911280437
linear_regression,2,USM3_pose_global_movement_economy,1.4041080039095668,1.4041080039095668
linear_regression,2,USM0_pose_global_mean_angular_speed_rad_s,-1.4039765654849543,1.4039765654849543
linear_regression,2,USM0_pose_global_max_abs_angular_acceleration_rad_s2,-1.3878426647279032,1.3878426647279032
linear_regression,2,USM0_pose_global_net_displacement_l2,-1.3380685903672132,1.3380685903672132
linear_regression,2,USM3_pose_global_economy_area_xy,-1.3347984992544806,1.3347984992544806
linear_regression,2,USM0_pose_global_max_angular_speed_rad_s,1.3128266941360325,1.3128266941360325
linear_regression,2,USM2_pose_global_rotation_orthogonality_error_max,1.2272691259045372,1.2272691259045372
linear_regression,2,USM2_pose_global_rotation_path_radians,1.1777094953881075,1.1777094953881075
linear_regression,2,USM3_pose_global_pause_count,-1.140561343466164,1.140561343466164
linear_regression,2,USM0_pose_global_rotation_orthogonality_error_mean,-1.1356306076270104,1.1356306076270104
linear_regression,2,USM0_USM3_pose_global_speed_correlation,-1.1276254378405337,1.1276254378405337
linear_regression,2,USM0_pose_global_log_dimensionless_jerk,1.1036091456236792,1.1036091456236792
linear_regression,2,USM0_pose_global_economy_area_xy,1.067342979778619,1.067342979778619
linear_regression,2,USM2_pose_global_idle_threshold_relative,-1.0296241875413203,1.0296241875413203
linear_regression,2,USM0_USM3_pose_global_one_arm_only_active_fraction,-0.9538002457728787,0.9538002457728787
linear_regression,2,USM2_USM3_pose_global_distance_range_rel,0.9376653519468743,0.9376653519468743
linear_regression,2,USM2_pose_global_pause_duration_seconds,-0.8016193576187443,0.8016193576187443
linear_regression,2,USM3_pose_global_y_range_m,0.800770688401272,0.800770688401272
linear_regression,2,USM0_pose_global_max_gap_seconds,0.7319672226125794,0.7319672226125794
linear_regression,2,USM0_USM2_pose_global_alignment_coverage,0.6658093125632103,0.6658093125632103
linear_regression,2,USM0_pose_global_rms_speed_l2,0.6094698836355046,0.6094698836355046
linear_regression,2,USM0_pose_global_rotation_orthogonality_error_max,-0.6006705560914942,0.6006705560914942
linear_regression,2,USM2_USM3_pose_global_speed_correlation,0.5717862245982186,0.5717862245982186
linear_regression,2,USM3_pose_global_rotation_determinant_mean,-0.5630526119465378,0.5630526119465378
linear_regression,2,USM2_pose_global_rotation_orthogonality_error_mean,0.544620774589021,0.544620774589021
linear_regression,2,USM3_pose_global_max_jerk_l2,-0.5425213241021347,0.5425213241021347
linear_regression,2,active_pair_usm_a,0.5387656651902404,0.5387656651902404
linear_regression,2,USM0_pose_global_median_dt_seconds,-0.5252626534176612,0.5252626534176612
linear_regression,2,USM3_pose_global_jerk_cost,-0.512555659385745,0.512555659385745
linear_regression,2,USM3_pose_global_rotation_determinant_std,0.47714204041563146,0.47714204041563146
linear_regression,2,USM2_USM3_pose_global_one_arm_only_active_fraction,0.47005397127469895,0.47005397127469895
linear_regression,2,USM2_pose_global_rotation_determinant_std,-0.4314255273647767,0.4314255273647767
linear_regression,2,USM2_pose_global_dimensionless_jerk,-0.4118062490841619,0.4118062490841619
linear_regression,2,USM0_pose_global_idle_threshold_relative,0.3245761577880928,0.3245761577880928
linear_regression,2,USM0_pose_global_economy_area_yz,-0.30927207814325985,0.30927207814325985
linear_regression,2,USM0_pose_global_rotation_path_radians,-0.2669681686085157,0.2669681686085157
linear_regression,2,USM2_pose_global_max_abs_angular_acceleration_rad_s2,0.2580688557122919,0.2580688557122919
linear_regression,2,USM2_pose_global_max_angular_speed_rad_s,0.17300158255743447,0.17300158255743447
linear_regression,2,USM0_USM3_pose_global_distance_range_rel,0.16655696631501282,0.16655696631501282
linear_regression,2,USM0_pose_global_rotation_determinant_std,-0.0853441639505581,0.0853441639505581
linear_regression,2,USM3_pose_global_dimensionless_jerk,0.0055541132646510505,0.0055541132646510505
linear_regression,2,USM3_pose_global_net_displacement_l2,-0.0016760284939882908,0.0016760284939882908
linear_regression,2,USM0_pose_global_active,-8.704148513061227e-14,8.704148513061227e-14
linear_regression,3,USM2_pose_global_path_l2,-122.20256063278407,122.20256063278407
linear_regression,3,USM2_pose_global_raw_path_l2,120.32670629372932,120.32670629372932
linear_regression,3,USM0_pose_global_path_l2,103.88591357052876,103.88591357052876
linear_regression,3,USM0_pose_global_raw_path_l2,-102.54657202806732,102.54657202806732
linear_regression,3,USM2_pose_global_workspace_box_volume_m3,82.16537341586992,82.16537341586992
linear_regression,3,USM2_USM3_pose_global_mean_distance_rel,-50.26994162688148,50.26994162688148
linear_regression,3,USM0_pose_global_dimensionless_jerk,45.87182315653151,45.87182315653151
linear_regression,3,USM0_pose_global_active,44.20213777243919,44.20213777243919
linear_regression,3,USM3_pose_global_workspace_box_volume_m3,-38.30633881126798,38.30633881126798
linear_regression,3,USM0_pose_global_economy_volume,33.93018547891789,33.93018547891789
linear_regression,3,active_pair_path_length_b_rel,-32.371452475743254,32.371452475743254
linear_regression,3,USM0_pose_global_z_range_m,-31.5877477820393,31.5877477820393
linear_regression,3,USM2_pose_global_economy_volume,-30.690108798512004,30.690108798512004
linear_regression,3,all_psm_pose_global_path_total_m,30.620429093947315,30.620429093947315
linear_regression,3,USM0_USM3_pose_global_mean_distance_rel,26.94919415726185,26.94919415726185
linear_regression,3,USM0_pose_global_economy_area_xy,-21.32427691301908,21.32427691301908
linear_regression,3,USM0_pose_global_idle_fraction_relative,19.67020435804935,19.67020435804935
linear_regression,3,USM2_pose_global_economy_area_xy,17.18348480553598,17.18348480553598
linear_regression,3,USM0_pose_global_rms_speed_l2,15.88840392398765,15.88840392398765
linear_regression,3,USM0_pose_global_mean_speed_l2,-15.232614837538172,15.232614837538172
linear_regression,3,USM0_pose_global_economy_area_yz,-15.038552268830063,15.038552268830063
linear_regression,3,USM3_pose_global_mean_angular_speed_rad_s,-13.760426992074681,13.760426992074681
linear_regression,3,USM2_pose_global_economy_area_yz,12.363071547304685,12.363071547304685
linear_regression,3,USM3_pose_global_raw_path_l2,-12.026964089029967,12.026964089029967
linear_regression,3,active_pair_one_arm_only_active_fraction,-11.611218825873415,11.611218825873415
linear_regression,3,USM0_USM2_pose_global_one_arm_only_active_fraction,11.524632670321807,11.524632670321807
linear_regression,3,USM3_pose_global_jerk_cost,11.112410165284025,11.112410165284025
linear_regression,3,USM0_USM2_pose_global_both_idle_fraction,-10.931054088496904,10.931054088496904
linear_regression,3,USM2_USM3_pose_global_simultaneous_active_fraction,-10.842339908525446,10.842339908525446
linear_regression,3,USM0_USM3_pose_global_simultaneous_active_fraction,10.458020539197054,10.458020539197054
linear_regression,3,USM0_pose_global_pause_duration_seconds,10.221531065785811,10.221531065785811
linear_regression,3,USM2_USM3_pose_global_both_idle_fraction,9.89981693425515,9.89981693425515
linear_regression,3,USM0_pose_global_n_samples,-9.82709526622218,9.82709526622218
linear_regression,3,USM0_pose_global_pause_fraction,-9.55705459023674,9.55705459023674
linear_regression,3,USM3_pose_global_idle_threshold_relative,9.206980593404822,9.206980593404822
linear_regression,3,USM2_pose_global_idle_fraction_relative,-8.921729557683689,8.921729557683689
linear_regression,3,USM0_USM3_pose_global_both_idle_fraction,-8.191375912074893,8.191375912074893
linear_regression,3,USM2_pose_global_z_range_m,8.096038022099325,8.096038022099325
linear_regression,3,USM0_USM2_pose_global_speed_correlation,-7.737595437671628,7.737595437671628
linear_regression,3,active_pair_both_idle_fraction,7.573495261091267,7.573495261091267
linear_regression,3,USM0_pose_global_log_dimensionless_jerk,7.367284814817105,7.367284814817105
linear_regression,3,USM0_pose_global_max_jerk_l2,7.265673299290524,7.265673299290524
linear_regression,3,USM3_pose_global_mean_abs_angular_acceleration_rad_s2,7.149278916399976,7.149278916399976
linear_regression,3,USM2_pose_global_idle_threshold_relative,6.52340926130959,6.52340926130959
linear_regression,3,USM2_pose_global_log_dimensionless_jerk,-6.248124430353531,6.248124430353531
linear_regression,3,USM3_pose_global_active,-6.016736774658162,6.016736774658162
linear_regression,3,USM2_pose_global_net_displacement_l2,-5.817220143385618,5.817220143385618
linear_regression,3,active_pair_speed_correlation,5.790715648751451,5.790715648751451
linear_regression,3,USM2_pose_global_pause_duration_seconds,-5.182087242071585,5.182087242071585
linear_regression,3,USM3_pose_global_economy_volume,-5.138226731077919,5.138226731077919
linear_regression,3,USM2_pose_global_pause_count,4.869754493474257,4.869754493474257
linear_regression,3,USM3_pose_global_rotation_orthogonality_error_mean,-4.7128718208218565,4.7128718208218565
linear_regression,3,USM0_pose_global_y_range_m,4.494931952821258,4.494931952821258
linear_regression,3,USM3_pose_global_mean_acceleration_l2,-4.492420048313614,4.492420048313614
linear_regression,3,USM0_pose_global_rotation_path_radians,4.456103199292197,4.456103199292197
linear_regression,3,USM2_pose_global_economy_area_xz,4.390299505591811,4.390299505591811
linear_regression,3,active_psm_count,4.28270001804784,4.28270001804784
linear_regression,3,USM3_pose_global_rotation_path_radians,4.274478828782391,4.274478828782391
linear_regression,3,USM2_pose_global_rotation_orthogonality_error_mean,4.235608547288719,4.235608547288719
linear_regression,3,USM3_pose_global_max_jerk_l2,-4.049207563882234,4.049207563882234
linear_regression,3,USM0_pose_global_movement_economy,3.845512272656359,3.845512272656359
linear_regression,3,USM3_pose_global_max_abs_angular_acceleration_rad_s2,3.8127748085025317,3.8127748085025317
linear_regression,3,USM3_pose_global_economy_area_xz,3.7608654008198155,3.7608654008198155
linear_regression,3,USM0_USM2_pose_global_path_length_imbalance,3.724968877774497,3.724968877774497
linear_regression,3,active_pair_usm_b,-3.504505825126884,3.504505825126884
linear_regression,3,USM0_pose_global_rotation_determinant_mean,-3.386150340312769,3.386150340312769
linear_regression,3,USM3_pose_global_mean_speed_l2,3.357379264306692,3.357379264306692
linear_regression,3,USM2_pose_global_dimensionless_jerk,-3.346076622188414,3.346076622188414
linear_regression,3,active_pair_usm_a,3.2613860688952947,3.2613860688952947
linear_regression,3,USM0_pose_global_idle_threshold_relative,-3.1386801861334126,3.1386801861334126
linear_regression,3,USM3_pose_global_rotation_orthogonality_error_max,3.130102539899168,3.130102539899168
linear_regression,3,USM3_pose_global_max_angular_speed_rad_s,-3.0866432977175364,3.0866432977175364
linear_regression,3,USM2_pose_global_max_angular_speed_rad_s,3.0450300874897813,3.0450300874897813
linear_regression,3,USM2_pose_global_mean_abs_angular_acceleration_rad_s2,-2.993614520278186,2.993614520278186
linear_regression,3,active_pair_path_length_imbalance,-2.993051419876677,2.993051419876677
linear_regression,3,USM3_pose_global_economy_area_yz,2.9513038238462492,2.9513038238462492
linear_regression,3,USM2_pose_global_mean_angular_speed_rad_s,2.7613102374275478,2.7613102374275478
linear_regression,3,USM0_pose_global_pause_count,-2.7377581725326428,2.7377581725326428
linear_regression,3,USM2_pose_global_movement_economy,-2.718292444112345,2.718292444112345
linear_regression,3,USM3_pose_global_log_dimensionless_jerk,2.676609540610536,2.676609540610536
linear_regression,3,USM0_pose_global_net_displacement_l2,-2.650648478794461,2.650648478794461
linear_regression,3,USM2_pose_global_rotation_determinant_mean,2.451833798272592,2.451833798272592
linear_regression,3,USM0_USM2_pose_global_simultaneous_active_fraction,2.4457038147400993,2.4457038147400993
linear_regression,3,USM3_pose_global_x_range_m,2.3861935712279703,2.3861935712279703
linear_regression,3,USM2_pose_global_rotation_path_radians,-2.3848652011553853,2.3848652011553853
linear_regression,3,USM2_pose_global_max_abs_angular_acceleration_rad_s2,-2.2371994302649787,2.2371994302649787
linear_regression,3,USM3_pose_global_y_range_m,2.1854599059533566,2.1854599059533566
linear_regression,3,USM0_pose_global_max_speed_l2,-1.9437627743549555,1.9437627743549555
linear_regression,3,USM3_pose_global_max_acceleration_l2,1.8547101817023801,1.8547101817023801
linear_regression,3,USM3_pose_global_pause_duration_seconds,1.7147750989834876,1.7147750989834876
linear_regression,3,USM2_USM3_pose_global_path_length_imbalance,-1.6969234418728387,1.6969234418728387
linear_regression,3,USM0_USM3_pose_global_std_distance_rel,-1.6958213953729029,1.6958213953729029
linear_regression,3,active_pair_simultaneous_active_fraction,1.6760942004353954,1.6760942004353954
linear_regression,3,USM0_pose_global_max_angular_speed_rad_s,-1.6724101294884273,1.6724101294884273
linear_regression,3,USM2_pose_global_x_range_m,1.6077802713799656,1.6077802713799656
linear_regression,3,USM3_pose_global_rotation_determinant_mean,-1.5874741277062476,1.5874741277062476
linear_regression,3,USM0_USM3_pose_global_path_length_imbalance,1.5633924463949533,1.5633924463949533
linear_regression,3,USM2_USM3_pose_global_std_distance_rel,1.5059331282078539,1.5059331282078539
linear_regression,3,USM3_pose_global_pause_fraction,-1.49353233341321,1.49353233341321
linear_regression,3,USM0_pose_global_rotation_orthogonality_error_mean,-1.4540397170026478,1.4540397170026478
linear_regression,3,USM0_pose_global_mean_angular_speed_rad_s,-1.4325637552586374,1.4325637552586374
linear_regression,3,USM3_pose_global_pause_count,-1.4310490532576772,1.4310490532576772
linear_regression,3,USM0_pose_global_max_abs_angular_acceleration_rad_s2,1.4201836482033272,1.4201836482033272
linear_regression,3,USM0_pose_global_economy_area_xz,1.3604327743222997,1.3604327743222997
linear_regression,3,USM0_USM3_pose_global_distance_range_rel,-1.2706095780335858,1.2706095780335858
linear_regression,3,USM2_pose_global_rotation_orthogonality_error_max,-1.244502270230523,1.244502270230523
linear_regression,3,USM2_pose_global_pause_fraction,1.2160445453240207,1.2160445453240207
linear_regression,3,USM0_pose_global_x_range_m,-1.15680304991842,1.15680304991842
linear_regression,3,USM3_pose_global_rms_speed_l2,1.1428521166659422,1.1428521166659422
linear_regression,3,USM2_USM3_pose_global_speed_correlation,1.134372252962205,1.134372252962205
linear_regression,3,USM0_USM3_pose_global_mean_abs_relative_speed,1.0520690516490045,1.0520690516490045
linear_regression,3,USM2_USM3_pose_global_one_arm_only_active_fraction,-0.8198720427332375,0.8198720427332375
linear_regression,3,USM2_USM3_pose_global_distance_range_rel,0.7533811450876975,0.7533811450876975
linear_regression,3,USM0_pose_global_median_dt_seconds,-0.7500348483812065,0.7500348483812065
linear_regression,3,USM0_pose_global_rotation_orthogonality_error_max,-0.6936869888505326,0.6936869888505326
linear_regression,3,USM0_USM3_pose_global_one_arm_only_active_fraction,0.6702502062112643,0.6702502062112643
linear_regression,3,USM3_pose_global_max_speed_l2,-0.5734199718414139,0.5734199718414139
linear_regression,3,USM0_pose_global_mean_abs_angular_acceleration_rad_s2,0.5379404130528043,0.5379404130528043
linear_regression,3,USM3_pose_global_economy_area_xy,0.5028906745086754,0.5028906745086754
linear_regression,3,USM2_pose_global_y_range_m,-0.46367777224451334,0.46367777224451334
linear_regression,3,USM2_pose_global_rotation_determinant_std,-0.4519513760993661,0.4519513760993661
linear_regression,3,USM3_pose_global_movement_economy,0.3672231660996328,0.3672231660996328
linear_regression,3,USM3_pose_global_idle_fraction_relative,0.2999920624043142,0.2999920624043142
linear_regression,3,USM3_pose_global_z_range_m,-0.28934684305792,0.28934684305792
linear_regression,3,USM3_pose_global_rotation_determinant_std,0.26529373243737453,0.26529373243737453
linear_regression,3,USM0_USM3_pose_global_speed_correlation,-0.22048852119668805,0.22048852119668805
linear_regression,3,USM0_pose_global_rotation_determinant_std,-0.19589549900791692,0.19589549900791692
linear_regression,3,USM3_pose_global_dimensionless_jerk,-0.16514468610485533,0.16514468610485533
linear_regression,3,USM2_pose_global_mean_speed_l2,-0.09682494046629087,0.09682494046629087
linear_regression,3,USM3_pose_global_net_displacement_l2,-0.08083864752278025,0.08083864752278025
linear_regression,3,USM0_USM2_pose_global_alignment_coverage,0.04189217917756505,0.04189217917756505
linear_regression,3,USM0_pose_global_max_gap_seconds,-0.00237875610911642,0.00237875610911642
linear_regression,4,USM0_pose_global_path_l2,100.85432402575755,100.85432402575755
linear_regression,4,USM0_pose_global_raw_path_l2,-71.89359564582531,71.89359564582531
linear_regression,4,USM2_pose_global_raw_path_l2,64.08518209582535,64.08518209582535
linear_regression,4,USM2_pose_global_path_l2,-51.30470582706383,51.30470582706383
linear_regression,4,USM0_pose_global_economy_volume,49.519764439485805,49.519764439485805
linear_regression,4,USM2_USM3_pose_global_mean_distance_rel,-38.57705977445033,38.57705977445033
linear_regression,4,USM2_pose_global_mean_speed_l2,37.805195368406245,37.805195368406245
linear_regression,4,USM2_pose_global_economy_volume,-32.12402739105386,32.12402739105386
linear_regression,4,USM0_pose_global_max_speed_l2,30.957622469538087,30.957622469538087
linear_regression,4,USM0_pose_global_mean_speed_l2,-30.230477917629543,30.230477917629543
linear_regression,4,USM0_pose_global_rms_speed_l2,-29.336932734765387,29.336932734765387
linear_regression,4,USM0_pose_global_dimensionless_jerk,-28.10502632300719,28.10502632300719
linear_regression,4,all_psm_pose_global_path_total_m,-27.955155600369444,27.955155600369444
linear_regression,4,USM2_pose_global_workspace_box_volume_m3,27.21956709392186,27.21956709392186
linear_regression,4,USM3_pose_global_mean_speed_l2,-23.824922310157046,23.824922310157046
linear_regression,4,USM0_pose_global_active,-22.142234747250765,22.142234747250765
linear_regression,4,USM0_pose_global_economy_area_xy,-22.076125962647602,22.076125962647602
linear_regression,4,USM3_pose_global_mean_acceleration_l2,21.195371869766085,21.195371869766085
linear_regression,4,USM0_pose_global_economy_area_yz,-20.794233143018555,20.794233143018555
linear_regression,4,USM0_pose_global_z_range_m,-20.675387671190173,20.675387671190173
linear_regression,4,USM0_USM3_pose_global_mean_distance_rel,20.25774056923195,20.25774056923195
linear_regression,4,active_pair_path_length_b_rel,-19.08794338282616,19.08794338282616
linear_regression,4,USM2_pose_global_economy_area_xy,18.251115287615676,18.251115287615676
linear_regression,4,USM2_pose_global_economy_area_yz,13.638818585689997,13.638818585689997
linear_regression,4,USM0_pose_global_x_range_m,-13.145121201481237,13.145121201481237
linear_regression,4,USM2_pose_global_idle_fraction_relative,11.791305966207169,11.791305966207169
linear_regression,4,USM0_pose_global_net_displacement_l2,-11.624615572448917,11.624615572448917
linear_regression,4,USM0_pose_global_idle_fraction_relative,-11.034303445762333,11.034303445762333
linear_regression,4,USM2_pose_global_net_displacement_l2,10.328648758115913,10.328648758115913
linear_regression,4,USM2_USM3_pose_global_simultaneous_active_fraction,10.306638951114154,10.306638951114154
linear_regression,4,USM0_pose_global_n_samples,-10.17649889287533,10.17649889287533
linear_regression,4,USM0_USM2_pose_global_simultaneous_active_fraction,-9.97484981443747,9.97484981443747
linear_regression,4,USM2_pose_global_x_range_m,9.661864776624405,9.661864776624405
linear_regression,4,USM2_pose_global_y_range_m,-9.555571917589912,9.555571917589912
linear_regression,4,USM3_pose_global_workspace_box_volume_m3,9.208153681221738,9.208153681221738
linear_regression,4,USM0_USM2_pose_global_both_idle_fraction,9.041555185995879,9.041555185995879
linear_regression,4,USM2_USM3_pose_global_both_idle_fraction,-9.016659342412728,9.016659342412728
linear_regression,4,USM0_pose_global_y_range_m,8.985215612289998,8.985215612289998
linear_regression,4,USM0_USM3_pose_global_path_length_imbalance,-8.972902747910162,8.972902747910162
linear_regression,4,USM0_USM3_pose_global_simultaneous_active_fraction,-8.939319170928247,8.939319170928247
linear_regression,4,active_pair_simultaneous_active_fraction,8.873723488282902,8.873723488282902
linear_regression,4,USM2_pose_global_z_range_m,8.47601976285757,8.47601976285757
linear_regression,4,USM2_USM3_pose_global_path_length_imbalance,8.453812516509323,8.453812516509323
linear_regression,4,USM3_pose_global_rms_speed_l2,8.250899088208932,8.250899088208932
linear_regression,4,USM3_pose_global_idle_threshold_relative,7.86873503161448,7.86873503161448
linear_regression,4,USM0_pose_global_pause_duration_seconds,7.724574636029323,7.724574636029323
linear_regression,4,USM0_USM3_pose_global_both_idle_fraction,7.601439919183793,7.601439919183793
linear_regression,4,active_pair_both_idle_fraction,-6.942709526642453,6.942709526642453
linear_regression,4,USM0_pose_global_log_dimensionless_jerk,-6.794957574120499,6.794957574120499
linear_regression,4,USM3_pose_global_max_angular_speed_rad_s,6.450798652508793,6.450798652508793
linear_regression,4,USM2_pose_global_log_dimensionless_jerk,6.396824694237713,6.396824694237713
linear_regression,4,USM0_USM2_pose_global_path_length_imbalance,-6.271399364640635,6.271399364640635
linear_regression,4,USM3_pose_global_pause_duration_seconds,5.606737682928772,5.606737682928772
linear_regression,4,USM3_pose_global_rotation_orthogonality_error_mean,-5.591360509770492,5.591360509770492
linear_regression,4,USM3_pose_global_raw_path_l2,5.50591957182362,5.50591957182362
linear_regression,4,USM3_pose_global_pause_fraction,-5.4833502233505795,5.4833502233505795
linear_regression,4,USM0_pose_global_max_jerk_l2,-5.378411075251124,5.378411075251124
linear_regression,4,USM2_pose_global_rotation_orthogonality_error_mean,5.153410733248776,5.153410733248776
linear_regression,4,USM2_pose_global_pause_duration_seconds,-5.140835596508689,5.140835596508689
linear_regression,4,USM2_pose_global_pause_count,5.074599964984677,5.074599964984677
linear_regression,4,USM0_pose_global_economy_area_xz,-4.9971377561456185,4.9971377561456185
linear_regression,4,USM2_pose_global_pause_fraction,-4.260444395065445,4.260444395065445
linear_regression,4,USM3_pose_global_idle_fraction_relative,4.176963031701032,4.176963031701032
linear_regression,4,USM0_pose_global_movement_economy,-3.946969932419002,3.946969932419002
linear_regression,4,USM2_pose_global_economy_area_xz,3.9055547817982053,3.9055547817982053
linear_regression,4,USM0_USM3_pose_global_std_distance_rel,-3.880297547816772,3.880297547816772
linear_regression,4,USM3_pose_global_max_acceleration_l2,3.7887640600854002,3.7887640600854002
linear_regression,4,USM3_pose_global_max_jerk_l2,-3.6222338124164146,3.6222338124164146
linear_regression,4,active_psm_count,-3.488236927584863,3.488236927584863
linear_regression,4,USM3_pose_global_z_range_m,-3.468764437748989,3.468764437748989
linear_regression,4,active_pair_path_length_imbalance,3.458118109522726,3.458118109522726
linear_regression,4,USM2_pose_global_max_angular_speed_rad_s,3.2226640386889427,3.2226640386889427
linear_regression,4,USM3_pose_global_rotation_orthogonality_error_max,3.221020716475895,3.221020716475895
linear_regression,4,USM3_pose_global_mean_abs_angular_acceleration_rad_s2,-3.0766905196516454,3.0766905196516454
linear_regression,4,USM2_pose_global_rotation_determinant_mean,2.9640090193939344,2.9640090193939344
linear_regression,4,USM0_USM3_pose_global_distance_range_rel,2.9056646447276204,2.9056646447276204
linear_regression,4,active_pair_usm_a,2.886023529859127,2.886023529859127
linear_regression,4,USM2_pose_global_max_abs_angular_acceleration_rad_s2,-2.875001178390468,2.875001178390468
linear_regression,4,USM3_pose_global_max_speed_l2,-2.8191782003851937,2.8191782003851937
linear_regression,4,USM0_pose_global_pause_count,-2.644091969078861,2.644091969078861
linear_regression,4,USM3_pose_global_economy_volume,-2.353644777687654,2.353644777687654
linear_regression,4,active_pair_usm_b,2.3516338981898013,2.3516338981898013
linear_regression,4,USM0_pose_global_idle_threshold_relative,2.132881586137773,2.132881586137773
linear_regression,4,USM3_pose_global_economy_area_yz,2.1173464022039568,2.1173464022039568
linear_regression,4,USM0_USM2_pose_global_one_arm_only_active_fraction,-2.1128474998087867,2.1128474998087867
linear_regression,4,USM2_pose_global_rotation_orthogonality_error_max,-2.050714269169987,2.050714269169987
linear_regression,4,USM3_pose_global_rotation_determinant_mean,-2.03687617978113,2.03687617978113
linear_regression,4,USM3_pose_global_max_abs_angular_acceleration_rad_s2,-2.000554738395519,2.000554738395519
linear_regression,4,USM2_pose_global_movement_economy,1.8478960004000022,1.8478960004000022
linear_regression,4,USM0_USM2_pose_global_speed_correlation,-1.7790695714547553,1.7790695714547553
linear_regression,4,USM0_pose_global_mean_abs_angular_acceleration_rad_s2,-1.7421625557315896,1.7421625557315896
linear_regression,4,USM0_pose_global_rotation_determinant_mean,-1.7055611139797362,1.7055611139797362
linear_regression,4,USM3_pose_global_economy_area_xz,1.620604308102008,1.620604308102008
linear_regression,4,USM0_pose_global_mean_angular_speed_rad_s,1.5942357715258435,1.5942357715258435
linear_regression,4,USM0_USM3_pose_global_one_arm_only_active_fraction,-1.5705214356252188,1.5705214356252188
linear_regression,4,USM2_pose_global_dimensionless_jerk,1.5130383836746515,1.5130383836746515
linear_regression,4,USM3_pose_global_movement_economy,1.4519520585439807,1.4519520585439807
linear_regression,4,active_pair_speed_correlation,1.3401080318493683,1.3401080318493683
linear_regression,4,USM0_pose_global_rotation_path_radians,1.317290063966622,1.317290063966622
linear_regression,4,USM3_pose_global_active,1.265650729171897,1.265650729171897
linear_regression,4,USM0_USM3_pose_global_mean_abs_relative_speed,1.198315793844877,1.198315793844877
linear_regression,4,USM3_pose_global_log_dimensionless_jerk,0.9557837450765962,0.9557837450765962
linear_regression,4,USM3_pose_global_rotation_path_radians,-0.9371905241718088,0.9371905241718088
linear_regression,4,USM3_pose_global_jerk_cost,-0.8897846363563238,0.8897846363563238
linear_regression,4,USM2_USM3_pose_global_one_arm_only_active_fraction,0.8896525273252678,0.8896525273252678
linear_regression,4,USM0_USM3_pose_global_speed_correlation,0.8108214097070459,0.8108214097070459
linear_regression,4,USM2_pose_global_idle_threshold_relative,-0.7732301145993157,0.7732301145993157
linear_regression,4,USM0_pose_global_max_gap_seconds,0.7590076866194572,0.7590076866194572
linear_regression,4,USM2_USM3_pose_global_distance_range_rel,-0.7368173920076195,0.7368173920076195
linear_regression,4,active_pair_one_arm_only_active_fraction,0.7298047574040183,0.7298047574040183
linear_regression,4,USM0_pose_global_rotation_orthogonality_error_mean,-0.7039944991205007,0.7039944991205007
linear_regression,4,USM0_pose_global_median_dt_seconds,-0.7020039709088404,0.7020039709088404
linear_regression,4,USM3_pose_global_economy_area_xy,-0.6980230683672204,0.6980230683672204
linear_regression,4,USM3_pose_global_pause_count,-0.6561601636550307,0.6561601636550307
linear_regression,4,USM2_USM3_pose_global_speed_correlation,0.5386189378554223,0.5386189378554223
linear_regression,4,USM0_USM2_pose_global_alignment_coverage,0.5323187183966667,0.5323187183966667
linear_regression,4,USM2_pose_global_rotation_determinant_std,0.45992737502360725,0.45992737502360725
linear_regression,4,USM2_pose_global_mean_angular_speed_rad_s,0.45903592103899626,0.45903592103899626
linear_regression,4,USM3_pose_global_dimensionless_jerk,-0.3033016331959608,0.3033016331959608
linear_regression,4,USM2_USM3_pose_global_std_distance_rel,-0.27225435980648527,0.27225435980648527
linear_regression,4,USM3_pose_global_y_range_m,-0.2591732969095659,0.2591732969095659
linear_regression,4,USM0_pose_global_max_abs_angular_acceleration_rad_s2,0.25666573910762214,0.25666573910762214
linear_regression,4,USM3_pose_global_net_displacement_l2,-0.24369044982887722,0.24369044982887722
linear_regression,4,USM2_pose_global_mean_abs_angular_acceleration_rad_s2,-0.20916955777139812,0.20916955777139812
linear_regression,4,USM3_pose_global_mean_angular_speed_rad_s,-0.16848710206016548,0.16848710206016548
linear_regression,4,USM3_pose_global_rotation_determinant_std,0.14118965127847005,0.14118965127847005
linear_regression,4,USM0_pose_global_rotation_determinant_std,-0.13508186544008227,0.13508186544008227
linear_regression,4,USM0_pose_global_rotation_orthogonality_error_max,0.13182299946620013,0.13182299946620013
linear_regression,4,USM0_pose_global_max_angular_speed_rad_s,-0.12638691651476686,0.12638691651476686
linear_regression,4,USM0_pose_global_pause_fraction,-0.02796469498274612,0.02796469498274612
linear_regression,4,USM2_pose_global_rotation_path_radians,-0.010986119883336087,0.010986119883336087
linear_regression,4,USM3_pose_global_x_range_m,0.002438341325806448,0.002438341325806448
linear_regression,5,active_psm_count,485.37689765646945,485.37689765646945
linear_regression,5,USM3_pose_global_active,-458.0015693844055,458.0015693844055
linear_regression,5,USM0_pose_global_dimensionless_jerk,100.000569189644,100.000569189644
linear_regression,5,USM2_pose_global_path_l2,-82.07480996592885,82.07480996592885
linear_regression,5,USM2_USM3_pose_global_mean_distance_rel,-80.83824453222915,80.83824453222915
linear_regression,5,USM2_pose_global_raw_path_l2,75.83444520242831,75.83444520242831
linear_regression,5,USM0_pose_global_raw_path_l2,-68.26102655702573,68.26102655702573
linear_regression,5,USM0_pose_global_path_l2,67.31170117660085,67.31170117660085
linear_regression,5,USM2_pose_global_workspace_box_volume_m3,63.44892969002754,63.44892969002754
linear_regression,5,USM0_pose_global_max_speed_l2,50.10481580728588,50.10481580728588
linear_regression,5,USM0_pose_global_economy_volume,46.84155466605489,46.84155466605489
linear_regression,5,USM2_pose_global_y_range_m,-42.98517168027356,42.98517168027356
linear_regression,5,USM0_USM3_pose_global_mean_distance_rel,41.4914452865791,41.4914452865791
linear_regression,5,USM0_pose_global_economy_area_xy,-32.807110129667485,32.807110129667485
linear_regression,5,USM2_pose_global_net_displacement_l2,29.953236609782472,29.953236609782472
linear_regression,5,USM0_pose_global_z_range_m,-27.199939608357994,27.199939608357994
linear_regression,5,USM0_pose_global_net_displacement_l2,-25.498135737554218,25.498135737554218
linear_regression,5,USM0_pose_global_economy_area_yz,-23.61439351777145,23.61439351777145
linear_regression,5,USM2_pose_global_economy_area_xy,23.431395670606424,23.431395670606424
linear_regression,5,USM0_pose_global_max_jerk_l2,-22.154320065882228,22.154320065882228
linear_regression,5,USM0_USM2_pose_global_simultaneous_active_fraction,21.09353072891996,21.09353072891996
linear_regression,5,USM3_pose_global_workspace_box_volume_m3,-19.02833783966931,19.02833783966931
linear_regression,5,USM2_pose_global_economy_volume,-17.924315819869825,17.924315819869825
linear_regression,5,USM2_pose_global_idle_fraction_relative,16.34572198894752,16.34572198894752
linear_regression,5,USM0_USM2_pose_global_path_length_imbalance,16.23901991687999,16.23901991687999
linear_regression,5,USM0_USM2_pose_global_both_idle_fraction,-15.639577326367085,15.639577326367085
linear_regression,5,USM0_pose_global_y_range_m,14.873138894883157,14.873138894883157
linear_regression,5,active_pair_simultaneous_active_fraction,-14.010613718401355,14.010613718401355
linear_regression,5,all_psm_pose_global_path_total_m,13.569138547660362,13.569138547660362
linear_regression,5,USM2_pose_global_economy_area_yz,13.528125798935758,13.528125798935758
linear_regression,5,active_pair_path_length_imbalance,-11.870526335912924,11.870526335912924
linear_regression,5,USM2_pose_global_economy_area_xz,-11.785216567594695,11.785216567594695
linear_regression,5,USM0_pose_global_rms_speed_l2,11.645035424293834,11.645035424293834
linear_regression,5,active_pair_both_idle_fraction,10.415710643342116,10.415710643342116
linear_regression,5,USM3_pose_global_mean_angular_speed_rad_s,9.6391434805156,9.6391434805156
linear_regression,5,USM0_USM3_pose_global_mean_abs_relative_speed,-8.29828391697151,8.29828391697151
linear_regression,5,USM2_pose_global_z_range_m,8.188831944725514,8.188831944725514
linear_regression,5,USM0_USM3_pose_global_simultaneous_active_fraction,-8.12979437219384,8.12979437219384
linear_regression,5,USM3_pose_global_idle_fraction_relative,-8.010534241124006,8.010534241124006
linear_regression,5,USM2_USM3_pose_global_simultaneous_active_fraction,7.958738863997601,7.958738863997601
linear_regression,5,USM0_USM3_pose_global_both_idle_fraction,7.568412910457141,7.568412910457141
linear_regression,5,USM2_USM3_pose_global_both_idle_fraction,-7.56012105562613,7.56012105562613
linear_regression,5,USM3_pose_global_raw_path_l2,-7.362192713259548,7.362192713259548
linear_regression,5,USM0_pose_global_mean_speed_l2,7.219195257143814,7.219195257143814
linear_regression,5,USM2_pose_global_dimensionless_jerk,-7.003189639283354,7.003189639283354
linear_regression,5,active_pair_path_length_b_rel,-6.760794552351523,6.760794552351523
linear_regression,5,USM2_pose_global_mean_speed_l2,-6.58428325310335,6.58428325310335
linear_regression,5,USM3_pose_global_jerk_cost,6.449388283315901,6.449388283315901
linear_regression,5,USM3_pose_global_rotation_path_radians,-6.44064010976353,6.44064010976353
linear_regression,5,USM0_pose_global_economy_area_xz,6.318650397434641,6.318650397434641
linear_regression,5,USM0_pose_global_idle_fraction_relative,5.895426492644929,5.895426492644929
linear_regression,5,USM2_pose_global_movement_economy,-5.570936650982212,5.570936650982212
linear_regression,5,USM2_pose_global_pause_fraction,-5.5137559876963245,5.5137559876963245
linear_regression,5,USM3_pose_global_rotation_orthogonality_error_mean,-5.004577474063339,5.004577474063339
linear_regression,5,USM0_pose_global_pause_fraction,-4.870682891817695,4.870682891817695
linear_regression,5,USM3_pose_global_rotation_orthogonality_error_max,4.794113225885376,4.794113225885376
linear_regression,5,USM2_pose_global_idle_threshold_relative,4.73015020872357,4.73015020872357
linear_regression,5,active_pair_usm_a,-4.547963674386142,4.547963674386142
linear_regression,5,USM3_pose_global_pause_fraction,4.4989013714155455,4.4989013714155455
linear_regression,5,USM3_pose_global_x_range_m,4.348300289234302,4.348300289234302
linear_regression,5,USM0_pose_global_log_dimensionless_jerk,3.9849063909858238,3.9849063909858238
linear_regression,5,USM3_pose_global_mean_abs_angular_acceleration_rad_s2,-3.95842981537469,3.95842981537469
linear_regression,5,USM0_pose_global_movement_economy,3.8322878730344927,3.8322878730344927
linear_regression,5,USM3_pose_global_pause_duration_seconds,3.82120281747752,3.82120281747752
linear_regression,5,USM2_USM3_pose_global_path_length_imbalance,-3.588305755356041,3.588305755356041
linear_regression,5,USM0_pose_global_idle_threshold_relative,-3.536761378789591,3.536761378789591
linear_regression,5,USM3_pose_global_economy_volume,-3.5124176610280244,3.5124176610280244
linear_regression,5,USM2_pose_global_mean_abs_angular_acceleration_rad_s2,-3.497678076888847,3.497678076888847
linear_regression,5,USM3_pose_global_mean_speed_l2,-3.3350936738911345,3.3350936738911345
linear_regression,5,USM2_pose_global_mean_angular_speed_rad_s,3.2227414406732926,3.2227414406732926
linear_regression,5,USM2_pose_global_pause_count,3.016785917321604,3.016785917321604
linear_regression,5,USM3_pose_global_log_dimensionless_jerk,2.9347570254429423,2.9347570254429423
linear_regression,5,USM0_pose_global_mean_abs_angular_acceleration_rad_s2,2.8140614006348272,2.8140614006348272
linear_regression,5,USM0_pose_global_max_angular_speed_rad_s,2.72102308821171,2.72102308821171
linear_regression,5,USM2_pose_global_rotation_path_radians,-2.643906071658165,2.643906071658165
linear_regression,5,USM3_pose_global_economy_area_xz,2.5892854823548497,2.5892854823548497
linear_regression,5,USM3_pose_global_max_acceleration_l2,2.5438875316542475,2.5438875316542475
linear_regression,5,USM0_pose_global_max_abs_angular_acceleration_rad_s2,-2.5339194804437675,2.5339194804437675
linear_regression,5,USM0_USM3_pose_global_one_arm_only_active_fraction,-2.4007900673946807,2.4007900673946807
linear_regression,5,USM2_pose_global_rotation_orthogonality_error_max,-2.3990175591831058,2.3990175591831058
linear_regression,5,USM0_pose_global_pause_count,-2.3305634836541915,2.3305634836541915
linear_regression,5,USM2_USM3_pose_global_distance_range_rel,2.314956968047058,2.314956968047058
linear_regression,5,USM0_USM3_pose_global_path_length_imbalance,2.2758257792856735,2.2758257792856735
linear_regression,5,USM0_pose_global_n_samples,-2.268376037595315,2.268376037595315
linear_regression,5,USM3_pose_global_economy_area_yz,2.157127893062423,2.157127893062423
linear_regression,5,USM2_pose_global_x_range_m,2.1261084357137983,2.1261084357137983
linear_regression,5,USM3_pose_global_idle_threshold_relative,1.9858983773803232,1.9858983773803232
linear_regression,5,USM3_pose_global_movement_economy,1.9277608910011566,1.9277608910011566
linear_regression,5,USM2_pose_global_max_abs_angular_acceleration_rad_s2,1.8199481026229307,1.8199481026229307
linear_regression,5,USM3_pose_global_mean_acceleration_l2,1.755539783797974,1.755539783797974
linear_regression,5,USM0_pose_global_x_range_m,-1.666624504713745,1.666624504713745
linear_regression,5,USM2_pose_global_max_angular_speed_rad_s,-1.6568020058165622,1.6568020058165622
linear_regression,5,USM3_pose_global_y_range_m,1.6091995022179137,1.6091995022179137
linear_regression,5,USM2_pose_global_log_dimensionless_jerk,-1.5961422860634584,1.5961422860634584
linear_regression,5,USM2_USM3_pose_global_one_arm_only_active_fraction,1.563581553421244,1.563581553421244
linear_regression,5,USM0_pose_global_rotation_determinant_mean,-1.457652442603636,1.457652442603636
linear_regression,5,USM2_USM3_pose_global_std_distance_rel,-1.3990175084629026,1.3990175084629026
linear_regression,5,active_pair_usm_b,1.3969768957098907,1.3969768957098907
linear_regression,5,USM3_pose_global_net_displacement_l2,-1.3363320119928268,1.3363320119928268
linear_regression,5,USM2_pose_global_rotation_determinant_mean,-1.3236844143795619,1.3236844143795619
linear_regression,5,USM0_pose_global_rotation_orthogonality_error_mean,-1.3172194262843453,1.3172194262843453
linear_regression,5,USM2_USM3_pose_global_speed_correlation,1.2480699383608993,1.2480699383608993
linear_regression,5,USM3_pose_global_max_abs_angular_acceleration_rad_s2,-1.2315521532075095,1.2315521532075095
linear_regression,5,USM0_pose_global_rotation_path_radians,0.9484993773894266,0.9484993773894266
linear_regression,5,USM0_pose_global_median_dt_seconds,-0.9225154269743266,0.9225154269743266
linear_regression,5,USM3_pose_global_z_range_m,0.9133825547497318,0.9133825547497318
linear_regression,5,USM0_pose_global_max_gap_seconds,0.8768888208870194,0.8768888208870194
linear_regression,5,USM3_pose_global_economy_area_xy,-0.843135353962424,0.843135353962424
linear_regression,5,USM3_pose_global_max_jerk_l2,-0.8279519602988135,0.8279519602988135
linear_regression,5,USM0_USM3_pose_global_std_distance_rel,-0.791495424525678,0.791495424525678
linear_regression,5,USM3_pose_global_max_speed_l2,-0.7496583841866986,0.7496583841866986
linear_regression,5,USM2_pose_global_rotation_orthogonality_error_mean,0.7143363495388018,0.7143363495388018
linear_regression,5,USM0_USM2_pose_global_alignment_coverage,0.7129166724311222,0.7129166724311222
linear_regression,5,USM0_pose_global_mean_angular_speed_rad_s,-0.6678855711881502,0.6678855711881502
linear_regression,5,USM3_pose_global_pause_count,-0.6149338548513512,0.6149338548513512
linear_regression,5,USM0_pose_global_rotation_orthogonality_error_max,0.47922295151990696,0.47922295151990696
linear_regression,5,active_pair_one_arm_only_active_fraction,-0.4750678427659949,0.4750678427659949
linear_regression,5,USM0_USM2_pose_global_speed_correlation,0.46531608214820963,0.46531608214820963
linear_regression,5,USM0_pose_global_rotation_determinant_std,-0.46147473374421044,0.46147473374421044
linear_regression,5,USM0_USM3_pose_global_distance_range_rel,-0.3919932339405374,0.3919932339405374
linear_regression,5,USM0_pose_global_pause_duration_seconds,-0.3863684528206346,0.3863684528206346
linear_regression,5,USM3_pose_global_dimensionless_jerk,-0.35667008962211355,0.35667008962211355
linear_regression,5,USM2_pose_global_pause_duration_seconds,0.31368588488158267,0.31368588488158267
linear_regression,5,USM0_USM3_pose_global_speed_correlation,0.29651908904859425,0.29651908904859425
linear_regression,5,active_pair_speed_correlation,0.2657451456615725,0.2657451456615725
linear_regression,5,USM0_USM2_pose_global_one_arm_only_active_fraction,0.17807805612481076,0.17807805612481076
linear_regression,5,USM3_pose_global_rotation_determinant_mean,-0.15469356898480946,0.15469356898480946
linear_regression,5,USM3_pose_global_rms_speed_l2,-0.08292911235568301,0.08292911235568301
linear_regression,5,USM3_pose_global_rotation_determinant_std,-0.05718253485700586,0.05718253485700586
linear_regression,5,USM3_pose_global_max_angular_speed_rad_s,-0.03539429547400896,0.03539429547400896
linear_regression,5,USM2_pose_global_rotation_determinant_std,-0.01426208826569364,0.01426208826569364
ridge,1,USM0_pose_global_rotation_determinant_mean,-0.1722016303037949,0.1722016303037949
ridge,1,USM2_pose_global_mean_angular_speed_rad_s,0.1616525305733843,0.1616525305733843
ridge,1,USM0_pose_global_rotation_orthogonality_error_max,0.15340584477106214,0.15340584477106214
ridge,1,USM2_pose_global_mean_abs_angular_acceleration_rad_s2,0.1384753864798448,0.1384753864798448
ridge,1,USM0_pose_global_rotation_orthogonality_error_mean,0.136394393358674,0.136394393358674
ridge,1,USM3_pose_global_pause_duration_seconds,-0.13618903632033627,0.13618903632033627
ridge,1,USM2_pose_global_pause_duration_seconds,-0.13028568899119788,0.13028568899119788
ridge,1,USM0_pose_global_n_samples,-0.11981434085459183,0.11981434085459183
ridge,1,USM0_pose_global_pause_duration_seconds,-0.10950003852769327,0.10950003852769327
ridge,1,USM3_pose_global_pause_fraction,-0.10817091031819911,0.10817091031819911
ridge,1,USM2_pose_global_pause_fraction,-0.10119291906648208,0.10119291906648208
ridge,1,USM0_USM2_pose_global_simultaneous_active_fraction,0.09841312841168985,0.09841312841168985
ridge,1,USM0_pose_global_raw_path_l2,-0.09792086686761535,0.09792086686761535
ridge,1,USM3_pose_global_idle_fraction_relative,-0.09715610155488393,0.09715610155488393
ridge,1,USM3_pose_global_pause_count,-0.09402256974177059,0.09402256974177059
ridge,1,active_pair_simultaneous_active_fraction,0.09324297419923405,0.09324297419923405
ridge,1,USM0_pose_global_mean_angular_speed_rad_s,0.08989345981925051,0.08989345981925051
ridge,1,USM2_pose_global_rotation_orthogonality_error_mean,0.08791009202488498,0.08791009202488498
ridge,1,USM2_pose_global_idle_fraction_relative,-0.08657879972744825,0.08657879972744825
ridge,1,USM2_pose_global_rotation_orthogonality_error_max,0.08519225666191706,0.08519225666191706
ridge,1,USM0_pose_global_mean_abs_angular_acceleration_rad_s2,0.08484626936634011,0.08484626936634011
ridge,1,USM2_pose_global_raw_path_l2,-0.08349547166455663,0.08349547166455663
ridge,1,USM2_pose_global_mean_acceleration_l2,0.0833743246452228,0.0833743246452228
ridge,1,USM0_pose_global_movement_economy,-0.08308801237078452,0.08308801237078452
ridge,1,USM2_pose_global_rotation_determinant_mean,-0.08162312844329321,0.08162312844329321
ridge,1,USM0_pose_global_mean_acceleration_l2,0.08026855854323298,0.08026855854323298
ridge,1,USM2_USM3_pose_global_distance_range_rel,0.08014373536107429,0.08014373536107429
ridge,1,active_psm_count,-0.07682185236136069,0.07682185236136069
ridge,1,USM2_pose_global_pause_count,-0.07476523281558649,0.07476523281558649
ridge,1,active_pair_path_length_b_rel,-0.07464499067119987,0.07464499067119987
ridge,1,all_psm_pose_global_path_total_m,-0.07206259409863981,0.07206259409863981
ridge,1,USM3_pose_global_active,-0.07019998259134802,0.07019998259134802
ridge,1,USM0_pose_global_rotation_path_radians,-0.06963295406587636,0.06963295406587636
ridge,1,USM2_USM3_pose_global_both_idle_fraction,-0.06770727803040102,0.06770727803040102
ridge,1,USM0_USM3_pose_global_mean_abs_relative_speed,0.06735366653062974,0.06735366653062974
ridge,1,USM0_USM2_pose_global_one_arm_only_active_fraction,-0.06706900252641958,0.06706900252641958
ridge,1,USM2_pose_global_mean_speed_l2,0.06645708909583403,0.06645708909583403
ridge,1,USM2_pose_global_movement_economy,-0.06533047318600334,0.06533047318600334
ridge,1,active_pair_one_arm_only_active_fraction,-0.06485660455181151,0.06485660455181151
ridge,1,USM2_pose_global_max_angular_speed_rad_s,0.06455966425621895,0.06455966425621895
ridge,1,USM2_pose_global_idle_threshold_relative,0.06445815707028871,0.06445815707028871
ridge,1,USM2_USM3_pose_global_simultaneous_active_fraction,0.06298128648834722,0.06298128648834722
ridge,1,USM2_USM3_pose_global_mean_abs_relative_speed,0.062618579319601,0.062618579319601
ridge,1,USM0_pose_global_median_dt_seconds,0.06199250106537273,0.06199250106537273
ridge,1,active_pair_speed_correlation,0.06027191129433042,0.06027191129433042
ridge,1,USM0_pose_global_pause_count,-0.06017881956439026,0.06017881956439026
ridge,1,USM0_USM2_pose_global_speed_correlation,0.0593406708414696,0.0593406708414696
ridge,1,USM2_USM3_pose_global_speed_correlation,-0.05933808067888396,0.05933808067888396
ridge,1,USM3_pose_global_dimensionless_jerk,-0.05776826671161648,0.05776826671161648
ridge,1,USM2_pose_global_log_dimensionless_jerk,0.057325702404810164,0.057325702404810164
ridge,1,USM3_pose_global_rotation_orthogonality_error_max,-0.057186318683161395,0.057186318683161395
ridge,1,USM3_pose_global_max_acceleration_l2,0.05573178083478604,0.05573178083478604
ridge,1,USM3_pose_global_rotation_determinant_std,-0.053645718720611406,0.053645718720611406
ridge,1,USM0_pose_global_mean_speed_l2,0.05330175387057415,0.05330175387057415
ridge,1,USM0_USM3_pose_global_path_length_imbalance,-0.052740215226167605,0.052740215226167605
ridge,1,USM3_pose_global_max_jerk_l2,0.0527241412561997,0.0527241412561997
ridge,1,USM0_pose_global_active,-0.05256433909329327,0.05256433909329327
ridge,1,USM3_pose_global_rotation_orthogonality_error_mean,-0.05134738285017529,0.05134738285017529
ridge,1,USM0_USM3_pose_global_distance_range_rel,0.050152775746871894,0.050152775746871894
ridge,1,USM3_pose_global_rms_speed_l2,0.05013985851164656,0.05013985851164656
ridge,1,USM0_pose_global_idle_threshold_relative,0.049477379209703215,0.049477379209703215
ridge,1,USM0_USM3_pose_global_speed_correlation,-0.049078835303306347,0.049078835303306347
ridge,1,USM3_pose_global_max_speed_l2,0.04903815945291252,0.04903815945291252
ridge,1,USM0_pose_global_net_displacement_l2,-0.04891633137846665,0.04891633137846665
ridge,1,USM0_pose_global_dimensionless_jerk,0.04798205763798031,0.04798205763798031
ridge,1,USM0_USM2_pose_global_std_distance_rel,-0.0462657711880181,0.0462657711880181
ridge,1,USM2_pose_global_dimensionless_jerk,-0.04589549881917157,0.04589549881917157
ridge,1,USM0_pose_global_log_dimensionless_jerk,0.04493555406781574,0.04493555406781574
ridge,1,active_pair_mean_distance_rel,-0.04341275844627503,0.04341275844627503
ridge,1,USM0_USM3_pose_global_simultaneous_active_fraction,0.04328521048467148,0.04328521048467148
ridge,1,active_pair_usm_a,0.043029171791788334,0.043029171791788334
ridge,1,USM0_pose_global_x_range_m,-0.04233797661657741,0.04233797661657741
ridge,1,USM3_pose_global_log_dimensionless_jerk,0.041643710184103205,0.041643710184103205
ridge,1,USM3_pose_global_economy_area_xz,0.04144867557302433,0.04144867557302433
ridge,1,USM3_pose_global_movement_economy,0.03977111182330919,0.03977111182330919
ridge,1,USM3_pose_global_economy_area_xy,0.037911051455217185,0.037911051455217185
ridge,1,USM2_pose_global_max_abs_angular_acceleration_rad_s2,0.03696557961377987,0.03696557961377987
ridge,1,USM0_USM2_pose_global_alignment_coverage,0.036774270126319654,0.036774270126319654
ridge,1,USM0_pose_global_z_range_m,-0.036460079875952636,0.036460079875952636
ridge,1,active_pair_path_length_imbalance,-0.03503017790179282,0.03503017790179282
ridge,1,USM3_pose_global_mean_speed_l2,0.033582680933839204,0.033582680933839204
ridge,1,USM2_pose_global_x_range_m,-0.031796368907055096,0.031796368907055096
ridge,1,USM0_pose_global_y_range_m,-0.0313790066724363,0.0313790066724363
ridge,1,USM2_USM3_pose_global_std_distance_rel,0.03128800483508772,0.03128800483508772
ridge,1,USM2_USM3_pose_global_path_length_imbalance,-0.029398979540849385,0.029398979540849385
ridge,1,USM2_pose_global_z_range_m,-0.027165971490804002,0.027165971490804002
ridge,1,USM0_USM2_pose_global_mean_abs_relative_speed,-0.027106654938256612,0.027106654938256612
ridge,1,USM0_pose_global_max_gap_seconds,-0.025182753635845854,0.025182753635845854
ridge,1,USM3_pose_global_workspace_box_volume_m3,-0.02492500106614898,0.02492500106614898
ridge,1,USM2_pose_global_y_range_m,-0.024033373543534988,0.024033373543534988
ridge,1,USM3_pose_global_rotation_determinant_mean,0.022091492015824797,0.022091492015824797
ridge,1,USM0_USM3_pose_global_both_idle_fraction,-0.02132040188144848,0.02132040188144848
ridge,1,USM2_pose_global_rotation_path_radians,-0.020838787844771764,0.020838787844771764
ridge,1,USM2_USM3_pose_global_one_arm_only_active_fraction,0.01971502248772619,0.01971502248772619
ridge,1,USM2_USM3_pose_global_mean_distance_rel,-0.019417574403681248,0.019417574403681248
ridge,1,USM3_pose_global_economy_volume,0.019417013935611713,0.019417013935611713
ridge,1,USM0_USM3_pose_global_one_arm_only_active_fraction,-0.01900299268279855,0.01900299268279855
ridge,1,USM0_pose_global_max_speed_l2,-0.018870247599234922,0.018870247599234922
ridge,1,USM0_USM2_pose_global_path_length_imbalance,-0.017768165845595662,0.017768165845595662
ridge,1,USM0_pose_global_economy_area_xy,-0.016805313213548095,0.016805313213548095
ridge,1,USM3_pose_global_y_range_m,0.01583806550166776,0.01583806550166776
ridge,1,USM0_USM2_pose_global_both_idle_fraction,-0.01522462580024442,0.01522462580024442
ridge,1,USM2_pose_global_rotation_determinant_std,-0.014766604638906713,0.014766604638906713
ridge,1,USM0_USM3_pose_global_mean_distance_rel,-0.014189119706941396,0.014189119706941396
ridge,1,USM2_pose_global_economy_area_xz,0.013795948545451278,0.013795948545451278
ridge,1,USM3_pose_global_net_displacement_l2,-0.013730499390344323,0.013730499390344323
ridge,1,USM2_pose_global_economy_area_yz,0.01283756670205264,0.01283756670205264
ridge,1,USM2_pose_global_economy_volume,0.01265684855867521,0.01265684855867521
ridge,1,USM3_pose_global_mean_angular_speed_rad_s,0.010515553587658748,0.010515553587658748
ridge,1,USM3_pose_global_mean_abs_angular_acceleration_rad_s2,0.010246504157037964,0.010246504157037964
ridge,1,USM3_pose_global_jerk_cost,0.009845278288434098,0.009845278288434098
ridge,1,USM0_pose_global_max_abs_angular_acceleration_rad_s2,0.009569785088698012,0.009569785088698012
ridge,1,USM3_pose_global_max_angular_speed_rad_s,0.008612199230632143,0.008612199230632143
ridge,1,USM0_pose_global_economy_volume,-0.008202600347283661,0.008202600347283661
ridge,1,USM3_pose_global_rotation_path_radians,0.008075169295020664,0.008075169295020664
ridge,1,USM3_pose_global_idle_threshold_relative,-0.007692108073045589,0.007692108073045589
ridge,1,USM0_pose_global_rotation_determinant_std,0.006845069020014337,0.006845069020014337
ridge,1,USM0_USM3_pose_global_std_distance_rel,0.006670706628463081,0.006670706628463081
ridge,1,USM0_pose_global_max_angular_speed_rad_s,0.006466105338898955,0.006466105338898955
ridge,1,USM3_pose_global_x_range_m,0.006030923430914274,0.006030923430914274
ridge,1,USM3_pose_global_raw_path_l2,-0.005508871404828406,0.005508871404828406
ridge,1,USM3_pose_global_z_range_m,0.005047742687735813,0.005047742687735813
ridge,1,USM0_pose_global_rms_speed_l2,0.004904013447999298,0.004904013447999298
ridge,1,USM0_pose_global_economy_area_yz,-0.00482834464274544,0.00482834464274544
ridge,1,USM0_pose_global_pause_fraction,-0.004695705117322299,0.004695705117322299
ridge,1,USM0_pose_global_economy_area_xz,0.004681149223859151,0.004681149223859151
ridge,1,USM3_pose_global_economy_area_yz,0.004246924943251005,0.004246924943251005
ridge,1,USM3_pose_global_max_abs_angular_acceleration_rad_s2,0.003262011859538138,0.003262011859538138
ridge,1,USM2_pose_global_economy_area_xy,0.0031886961110892307,0.0031886961110892307
ridge,1,USM0_pose_global_idle_fraction_relative,-0.002085084481562395,0.002085084481562395
ridge,1,active_pair_usm_b,0.0002844142401308732,0.0002844142401308732
ridge,2,USM0_pose_global_rotation_determinant_mean,-0.16207794140868662,0.16207794140868662
ridge,2,USM2_pose_global_mean_angular_speed_rad_s,0.15527368057815163,0.15527368057815163
ridge,2,USM0_pose_global_rotation_orthogonality_error_mean,0.1532131741207271,0.1532131741207271
ridge,2,USM0_pose_global_rotation_orthogonality_error_max,0.14696028815163278,0.14696028815163278
ridge,2,active_pair_simultaneous_active_fraction,0.14690362003300567,0.14690362003300567
ridge,2,USM2_pose_global_mean_abs_angular_acceleration_rad_s2,0.14592571946529062,0.14592571946529062
ridge,2,USM0_pose_global_n_samples,-0.13654894093560535,0.13654894093560535
ridge,2,USM2_pose_global_pause_duration_seconds,-0.1325187601720805,0.1325187601720805
ridge,2,USM2_pose_global_rotation_orthogonality_error_mean,0.1271781931057979,0.1271781931057979
ridge,2,USM0_pose_global_mean_abs_angular_acceleration_rad_s2,0.1263434537769813,0.1263434537769813
ridge,2,USM3_pose_global_pause_duration_seconds,-0.12603774970706555,0.12603774970706555
ridge,2,USM0_pose_global_pause_duration_seconds,-0.11706304365554333,0.11706304365554333
ridge,2,USM0_pose_global_mean_angular_speed_rad_s,0.11487531604908842,0.11487531604908842
ridge,2,USM2_pose_global_rotation_orthogonality_error_max,0.11301432947950535,0.11301432947950535
ridge,2,USM2_USM3_pose_global_distance_range_rel,0.1099322957711302,0.1099322957711302
ridge,2,USM2_pose_global_pause_count,-0.1071681168305929,0.1071681168305929
ridge,2,USM0_USM2_pose_global_simultaneous_active_fraction,0.10444778997371716,0.10444778997371716
ridge,2,USM2_pose_global_rotation_determinant_mean,-0.10399168100434572,0.10399168100434572
ridge,2,USM0_pose_global_log_dimensionless_jerk,0.10268188411839821,0.10268188411839821
ridge,2,USM0_pose_global_idle_threshold_relative,0.10111758972300104,0.10111758972300104
ridge,2,USM0_pose_global_rotation_path_radians,-0.10040843982722665,0.10040843982722665
ridge,2,USM3_pose_global_pause_fraction,-0.09787067038926084,0.09787067038926084
ridge,2,USM3_pose_global_pause_count,-0.09395752750112217,0.09395752750112217
ridge,2,USM2_pose_global_log_dimensionless_jerk,0.09380570109407085,0.09380570109407085
ridge,2,active_pair_path_length_imbalance,-0.09314961776980303,0.09314961776980303
ridge,2,USM0_pose_global_movement_economy,-0.09282115883012898,0.09282115883012898
ridge,2,USM0_pose_global_pause_count,-0.08803563998589317,0.08803563998589317
ridge,2,USM2_USM3_pose_global_std_distance_rel,0.08355959827471716,0.08355959827471716
ridge,2,USM3_pose_global_idle_fraction_relative,-0.08015144809007244,0.08015144809007244
ridge,2,active_pair_one_arm_only_active_fraction,-0.07948144660196632,0.07948144660196632
ridge,2,USM2_USM3_pose_global_speed_correlation,-0.07689916309478646,0.07689916309478646
ridge,2,USM3_pose_global_mean_angular_speed_rad_s,0.07666266090238535,0.07666266090238535
ridge,2,USM2_USM3_pose_global_one_arm_only_active_fraction,0.07661309171648559,0.07661309171648559
ridge,2,USM3_pose_global_active,-0.07429451093267596,0.07429451093267596
ridge,2,USM2_pose_global_max_angular_speed_rad_s,0.07392755482416993,0.07392755482416993
ridge,2,USM3_pose_global_log_dimensionless_jerk,0.07384669775132748,0.07384669775132748
ridge,2,USM0_pose_global_raw_path_l2,-0.07245926547185026,0.07245926547185026
ridge,2,USM0_pose_global_median_dt_seconds,0.07242636724922608,0.07242636724922608
ridge,2,USM3_pose_global_idle_threshold_relative,0.06993808786201208,0.06993808786201208
ridge,2,USM2_USM3_pose_global_both_idle_fraction,-0.06857933412271694,0.06857933412271694
ridge,2,USM2_pose_global_max_abs_angular_acceleration_rad_s2,0.06833137719710598,0.06833137719710598
ridge,2,USM2_pose_global_raw_path_l2,-0.06828727126272252,0.06828727126272252
ridge,2,USM3_pose_global_mean_abs_angular_acceleration_rad_s2,0.06535724201261062,0.06535724201261062
ridge,2,USM3_pose_global_movement_economy,0.06450411226164567,0.06450411226164567
ridge,2,USM2_pose_global_idle_fraction_relative,-0.06136630383535955,0.06136630383535955
ridge,2,USM2_pose_global_movement_economy,-0.05987740128385792,0.05987740128385792
ridge,2,active_pair_speed_correlation,0.05726913515056014,0.05726913515056014
ridge,2,USM3_pose_global_mean_speed_l2,0.05630023673962413,0.05630023673962413
ridge,2,USM0_pose_global_path_l2,-0.05629609743042114,0.05629609743042114
ridge,2,USM3_pose_global_rotation_orthogonality_error_max,-0.056042023284792714,0.056042023284792714
ridge,2,USM0_USM2_pose_global_one_arm_only_active_fraction,-0.05367638153070221,0.05367638153070221
ridge,2,USM2_pose_global_path_l2,-0.05360279973294811,0.05360279973294811
ridge,2,USM0_pose_global_rotation_determinant_std,0.05342296287055878,0.05342296287055878
ridge,2,USM0_USM3_pose_global_mean_abs_relative_speed,0.05294067284227078,0.05294067284227078
ridge,2,USM3_pose_global_rotation_orthogonality_error_mean,-0.05187913317088179,0.05187913317088179
ridge,2,USM2_pose_global_dimensionless_jerk,-0.051413495468692824,0.051413495468692824
ridge,2,all_psm_pose_global_path_total_m,-0.05093180928119875,0.05093180928119875
ridge,2,USM3_pose_global_rotation_determinant_std,-0.0507794506569887,0.0507794506569887
ridge,2,USM3_pose_global_rotation_path_radians,0.050481063642265935,0.050481063642265935
ridge,2,USM0_USM3_pose_global_distance_range_rel,0.050059242172881456,0.050059242172881456
ridge,2,active_pair_path_length_b_rel,-0.048954114500071484,0.048954114500071484
ridge,2,USM3_pose_global_dimensionless_jerk,-0.04764712389706773,0.04764712389706773
ridge,2,USM0_USM3_pose_global_simultaneous_active_fraction,0.04719323951664421,0.04719323951664421
ridge,2,USM3_pose_global_mean_acceleration_l2,0.046038540293794616,0.046038540293794616
ridge,2,USM3_pose_global_economy_area_xy,0.04513171584074931,0.04513171584074931
ridge,2,USM0_pose_global_mean_speed_l2,0.04208600052560512,0.04208600052560512
ridge,2,active_pair_both_idle_fraction,-0.04096679219767737,0.04096679219767737
ridge,2,USM2_pose_global_rotation_path_radians,-0.04004626828093785,0.04004626828093785
ridge,2,USM3_pose_global_rms_speed_l2,0.039016011030263864,0.039016011030263864
ridge,2,USM0_pose_global_economy_area_yz,-0.03642182914871029,0.03642182914871029
ridge,2,USM3_pose_global_max_speed_l2,0.03429403946904893,0.03429403946904893
ridge,2,USM2_pose_global_idle_threshold_relative,0.03386466810179399,0.03386466810179399
ridge,2,USM0_USM3_pose_global_one_arm_only_active_fraction,-0.033508002963146086,0.033508002963146086
ridge,2,USM3_pose_global_max_acceleration_l2,0.03183206283532403,0.03183206283532403
ridge,2,USM3_pose_global_economy_area_xz,0.03168901217849149,0.03168901217849149
ridge,2,USM0_USM2_pose_global_both_idle_fraction,-0.03114796795635037,0.03114796795635037
ridge,2,USM0_pose_global_idle_fraction_relative,-0.030008273655359827,0.030008273655359827
ridge,2,USM0_USM2_pose_global_alignment_coverage,0.02966400370884399,0.02966400370884399
ridge,2,USM0_pose_global_net_displacement_l2,-0.028137485260511026,0.028137485260511026
ridge,2,USM0_pose_global_economy_volume,-0.028109218091854574,0.028109218091854574
ridge,2,USM2_pose_global_economy_area_xz,0.02791526475360621,0.02791526475360621
ridge,2,USM0_USM3_pose_global_std_distance_rel,0.0271222770423512,0.0271222770423512
ridge,2,USM2_USM3_pose_global_path_length_imbalance,0.026783146433510274,0.026783146433510274
ridge,2,USM0_pose_global_pause_fraction,-0.02648518700723737,0.02648518700723737
ridge,2,USM0_pose_global_economy_area_xz,-0.026184814041479144,0.026184814041479144
ridge,2,USM3_pose_global_max_jerk_l2,0.02465171494978009,0.02465171494978009
ridge,2,USM0_pose_global_dimensionless_jerk,-0.024268318651465313,0.024268318651465313
ridge,2,USM0_pose_global_economy_area_xy,-0.023894030184779088,0.023894030184779088
ridge,2,USM3_pose_global_z_range_m,-0.023390845314166634,0.023390845314166634
ridge,2,USM3_pose_global_max_angular_speed_rad_s,-0.02327243462338263,0.02327243462338263
ridge,2,USM3_pose_global_rotation_determinant_mean,0.021583199541896716,0.021583199541896716
ridge,2,USM0_pose_global_x_range_m,-0.020034880488694763,0.020034880488694763
ridge,2,USM2_pose_global_economy_volume,0.019601027730596757,0.019601027730596757
ridge,2,USM3_pose_global_economy_area_yz,-0.019319568576459594,0.019319568576459594
ridge,2,USM2_pose_global_mean_speed_l2,0.019301919344653515,0.019301919344653515
ridge,2,USM0_pose_global_max_gap_seconds,-0.01917509957150231,0.01917509957150231
ridge,2,USM2_pose_global_economy_area_xy,0.018828473267745605,0.018828473267745605
ridge,2,USM2_USM3_pose_global_simultaneous_active_fraction,0.01772223592372574,0.01772223592372574
ridge,2,active_pair_usm_b,0.015432513873902615,0.015432513873902615
ridge,2,USM0_pose_global_rms_speed_l2,0.015411500070364147,0.015411500070364147
ridge,2,USM2_pose_global_z_range_m,-0.014878650085018614,0.014878650085018614
ridge,2,USM0_USM3_pose_global_both_idle_fraction,-0.014013952964375555,0.014013952964375555
ridge,2,USM2_pose_global_y_range_m,-0.013354925036830879,0.013354925036830879
ridge,2,USM0_pose_global_max_abs_angular_acceleration_rad_s2,0.012024156542922002,0.012024156542922002
ridge,2,USM0_pose_global_max_jerk_l2,0.01157327993607215,0.01157327993607215
ridge,2,USM2_pose_global_x_range_m,-0.011310172280673285,0.011310172280673285
ridge,2,USM0_USM3_pose_global_path_length_imbalance,-0.009177327875653849,0.009177327875653849
ridge,2,USM0_pose_global_y_range_m,-0.008261160343406498,0.008261160343406498
ridge,2,USM2_pose_global_rotation_determinant_std,0.00824978263484821,0.00824978263484821
ridge,2,USM0_USM3_pose_global_mean_distance_rel,0.005682787082692182,0.005682787082692182
ridge,2,USM3_pose_global_economy_volume,0.005514536615064151,0.005514536615064151
ridge,2,USM3_pose_global_net_displacement_l2,-0.004854486614480874,0.004854486614480874
ridge,2,USM0_pose_global_max_angular_speed_rad_s,0.0047553211525897315,0.0047553211525897315
ridge,2,USM3_pose_global_raw_path_l2,0.004561747891715777,0.004561747891715777
ridge,2,USM0_USM2_pose_global_speed_correlation,0.004154040492998623,0.004154040492998623
ridge,2,USM2_pose_global_economy_area_yz,0.004071337293363872,0.004071337293363872
ridge,2,USM0_pose_global_max_speed_l2,0.004042641184577942,0.004042641184577942
ridge,2,USM0_USM2_pose_global_path_length_imbalance,-0.003650560453931478,0.003650560453931478
ridge,2,active_pair_usm_a,-0.0020977146550614566,0.0020977146550614566
ridge,2,USM3_pose_global_y_range_m,0.0010478777894154798,0.0010478777894154798
ridge,2,USM2_USM3_pose_global_mean_distance_rel,-0.0009697498922405179,0.0009697498922405179
ridge,2,USM3_pose_global_jerk_cost,-0.0006908947329403286,0.0006908947329403286
ridge,2,USM3_pose_global_x_range_m,-0.0003203221845662285,0.0003203221845662285
ridge,2,USM0_USM3_pose_global_speed_correlation,0.00013652687672631323,0.00013652687672631323
ridge,2,USM0_pose_global_active,0.0,0.0
ridge,3,USM0_pose_global_rotation_determinant_mean,-0.43075661952189587,0.43075661952189587
ridge,3,USM0_pose_global_rotation_orthogonality_error_mean,0.40044323604971005,0.40044323604971005
ridge,3,USM2_pose_global_rotation_orthogonality_error_mean,0.3719659055914588,0.3719659055914588
ridge,3,USM0_USM3_pose_global_one_arm_only_active_fraction,-0.3702877471812006,0.3702877471812006
ridge,3,USM0_pose_global_rotation_orthogonality_error_max,0.3671456234216649,0.3671456234216649
ridge,3,USM3_pose_global_pause_count,-0.3127369371054153,0.3127369371054153
ridge,3,USM0_pose_global_mean_angular_speed_rad_s,0.30368335905004185,0.30368335905004185
ridge,3,USM2_pose_global_mean_angular_speed_rad_s,0.2984378459146482,0.2984378459146482
ridge,3,USM2_pose_global_rotation_orthogonality_error_max,0.2544646088882608,0.2544646088882608
ridge,3,active_pair_simultaneous_active_fraction,0.23121341885128718,0.23121341885128718
ridge,3,USM0_pose_global_raw_path_l2,-0.22452656284754682,0.22452656284754682
ridge,3,USM2_pose_global_pause_fraction,-0.21604551202439695,0.21604551202439695
ridge,3,USM0_USM3_pose_global_path_length_imbalance,-0.21434622308816945,0.21434622308816945
ridge,3,USM0_pose_global_movement_economy,-0.2112762340516667,0.2112762340516667
ridge,3,USM2_pose_global_max_angular_speed_rad_s,0.20946314045859582,0.20946314045859582
ridge,3,USM2_pose_global_rotation_determinant_mean,-0.2027624948735469,0.2027624948735469
ridge,3,USM0_USM2_pose_global_simultaneous_active_fraction,0.19909819167443527,0.19909819167443527
ridge,3,USM0_USM3_pose_global_mean_distance_rel,0.1973185652994834,0.1973185652994834
ridge,3,USM2_pose_global_idle_fraction_relative,-0.19337093207287812,0.19337093207287812
ridge,3,USM0_pose_global_idle_threshold_relative,0.1871472025035048,0.1871472025035048
ridge,3,USM2_pose_global_movement_economy,-0.18239972813195224,0.18239972813195224
ridge,3,USM3_pose_global_mean_angular_speed_rad_s,0.18206603945255945,0.18206603945255945
ridge,3,active_pair_path_length_imbalance,-0.17838367270811908,0.17838367270811908
ridge,3,USM0_pose_global_rotation_path_radians,-0.17806346011224322,0.17806346011224322
ridge,3,USM0_pose_global_dimensionless_jerk,0.1722772098340612,0.1722772098340612
ridge,3,USM2_USM3_pose_global_distance_range_rel,0.17016630919561423,0.17016630919561423
ridge,3,USM0_pose_global_active,-0.16894848539474622,0.16894848539474622
ridge,3,USM0_pose_global_path_l2,-0.16854367272355378,0.16854367272355378
ridge,3,active_pair_speed_correlation,0.16783931321093326,0.16783931321093326
ridge,3,USM3_pose_global_rotation_path_radians,0.16440528706716198,0.16440528706716198
ridge,3,active_pair_usm_a,0.1575190899625327,0.1575190899625327
ridge,3,USM3_pose_global_max_acceleration_l2,0.15747907034800224,0.15747907034800224
ridge,3,USM3_pose_global_mean_speed_l2,0.1551940958589576,0.1551940958589576
ridge,3,USM3_pose_global_economy_area_xy,-0.15435528242217061,0.15435528242217061
ridge,3,USM3_pose_global_idle_threshold_relative,0.15187555030873978,0.15187555030873978
ridge,3,USM0_pose_global_n_samples,-0.148218824192844,0.148218824192844
ridge,3,USM2_pose_global_mean_abs_angular_acceleration_rad_s2,0.1456340454238878,0.1456340454238878
ridge,3,USM3_pose_global_rms_speed_l2,0.14520955204699917,0.14520955204699917
ridge,3,USM3_pose_global_mean_abs_angular_acceleration_rad_s2,0.14208698788057542,0.14208698788057542
ridge,3,USM0_USM3_pose_global_simultaneous_active_fraction,0.14109916406293574,0.14109916406293574
ridge,3,USM0_pose_global_mean_abs_angular_acceleration_rad_s2,0.13804187962462972,0.13804187962462972
ridge,3,USM2_pose_global_pause_duration_seconds,-0.1377335807452787,0.1377335807452787
ridge,3,USM2_pose_global_raw_path_l2,-0.13772069139836607,0.13772069139836607
ridge,3,USM3_pose_global_dimensionless_jerk,-0.13075590229071127,0.13075590229071127
ridge,3,USM0_pose_global_economy_area_xy,-0.13050008992149034,0.13050008992149034
ridge,3,USM3_pose_global_mean_acceleration_l2,0.1275117957682805,0.1275117957682805
ridge,3,USM0_USM3_pose_global_both_idle_fraction,0.1271716116507948,0.1271716116507948
ridge,3,USM3_pose_global_movement_economy,0.12417657148132326,0.12417657148132326
ridge,3,USM0_pose_global_pause_count,-0.12015177607019553,0.12015177607019553
ridge,3,USM2_pose_global_idle_threshold_relative,0.11920430259158114,0.11920430259158114
ridge,3,all_psm_pose_global_path_total_m,-0.11644690591073381,0.11644690591073381
ridge,3,active_psm_count,-0.11614554649353986,0.11614554649353986
ridge,3,USM0_pose_global_rotation_determinant_std,0.11360340192389247,0.11360340192389247
ridge,3,USM2_USM3_pose_global_both_idle_fraction,-0.11199060879819826,0.11199060879819826
ridge,3,USM2_pose_global_pause_count,-0.10759733974534856,0.10759733974534856
ridge,3,USM2_USM3_pose_global_simultaneous_active_fraction,0.10740541724283734,0.10740541724283734
ridge,3,USM0_USM2_pose_global_alignment_coverage,0.10418324548240188,0.10418324548240188
ridge,3,active_pair_one_arm_only_active_fraction,-0.09881603860500968,0.09881603860500968
ridge,3,USM0_USM3_pose_global_mean_abs_relative_speed,0.09843710878999216,0.09843710878999216
ridge,3,USM2_pose_global_path_l2,-0.09727647501947585,0.09727647501947585
ridge,3,active_pair_path_length_b_rel,-0.09505956274391082,0.09505956274391082
ridge,3,USM2_USM3_pose_global_mean_distance_rel,0.09174317361509157,0.09174317361509157
ridge,3,active_pair_both_idle_fraction,-0.09121097406052392,0.09121097406052392
ridge,3,USM0_USM2_pose_global_both_idle_fraction,-0.09079240851304962,0.09079240851304962
ridge,3,USM2_pose_global_rotation_determinant_std,-0.09063197493272328,0.09063197493272328
ridge,3,USM3_pose_global_economy_area_yz,0.09021785866982984,0.09021785866982984
ridge,3,USM0_pose_global_max_gap_seconds,0.08813248917630852,0.08813248917630852
ridge,3,USM3_pose_global_economy_volume,-0.08591647030001047,0.08591647030001047
ridge,3,USM3_pose_global_active,-0.08461149295759625,0.08461149295759625
ridge,3,USM2_USM3_pose_global_std_distance_rel,0.08404551672103917,0.08404551672103917
ridge,3,USM2_pose_global_economy_area_xz,0.08149586253633534,0.08149586253633534
ridge,3,USM2_pose_global_rotation_path_radians,-0.0809037425065272,0.0809037425065272
ridge,3,USM0_USM2_pose_global_speed_correlation,0.08064715951924957,0.08064715951924957
ridge,3,USM3_pose_global_idle_fraction_relative,-0.07623853322529071,0.07623853322529071
ridge,3,USM2_pose_global_max_abs_angular_acceleration_rad_s2,0.07580827797500558,0.07580827797500558
ridge,3,USM3_pose_global_rotation_determinant_mean,-0.07554713100149048,0.07554713100149048
ridge,3,USM3_pose_global_pause_duration_seconds,-0.07524820192293574,0.07524820192293574
ridge,3,USM0_pose_global_max_abs_angular_acceleration_rad_s2,-0.07473304002355163,0.07473304002355163
ridge,3,USM0_pose_global_x_range_m,-0.07380429000744393,0.07380429000744393
ridge,3,USM2_USM3_pose_global_path_length_imbalance,-0.073621244252343,0.073621244252343
ridge,3,USM0_USM2_pose_global_one_arm_only_active_fraction,-0.07064512433817093,0.07064512433817093
ridge,3,USM0_pose_global_mean_speed_l2,0.06835191919445575,0.06835191919445575
ridge,3,USM3_pose_global_pause_fraction,-0.0673683464323864,0.0673683464323864
ridge,3,USM2_pose_global_economy_volume,0.0673582728613321,0.0673582728613321
ridge,3,USM2_pose_global_economy_area_yz,0.06310720891401504,0.06310720891401504
ridge,3,USM0_USM3_pose_global_speed_correlation,0.06308934805513315,0.06308934805513315
ridge,3,USM3_pose_global_max_speed_l2,0.059792037216135255,0.059792037216135255
ridge,3,USM2_pose_global_mean_speed_l2,0.05714180876535229,0.05714180876535229
ridge,3,USM0_pose_global_max_angular_speed_rad_s,-0.054120527984558145,0.054120527984558145
ridge,3,USM0_pose_global_net_displacement_l2,-0.05410027397080882,0.05410027397080882
ridge,3,active_pair_usm_b,-0.05400855774243162,0.05400855774243162
ridge,3,USM2_pose_global_dimensionless_jerk,-0.05318170583775389,0.05318170583775389
ridge,3,USM3_pose_global_max_abs_angular_acceleration_rad_s2,-0.05101407883526724,0.05101407883526724
ridge,3,USM2_pose_global_net_displacement_l2,-0.044525375678980676,0.044525375678980676
ridge,3,USM3_pose_global_y_range_m,0.04368537265452319,0.04368537265452319
ridge,3,USM3_pose_global_economy_area_xz,0.043466959452602046,0.043466959452602046
ridge,3,USM3_pose_global_rotation_orthogonality_error_mean,-0.043229320243511005,0.043229320243511005
ridge,3,USM0_pose_global_pause_duration_seconds,-0.04295945094301548,0.04295945094301548
ridge,3,USM0_pose_global_z_range_m,-0.042417799712985677,0.042417799712985677
ridge,3,USM2_pose_global_z_range_m,-0.036793913792627427,0.036793913792627427
ridge,3,USM0_USM2_pose_global_path_length_imbalance,0.03399687620538108,0.03399687620538108
ridge,3,USM0_pose_global_rms_speed_l2,0.032401602145961134,0.032401602145961134
ridge,3,USM3_pose_global_rotation_determinant_std,0.03231174097579621,0.03231174097579621
ridge,3,USM0_pose_global_median_dt_seconds,-0.03224522391665311,0.03224522391665311
ridge,3,USM3_pose_global_z_range_m,-0.03211256670877791,0.03211256670877791
ridge,3,USM0_USM3_pose_global_std_distance_rel,-0.03191489288500513,0.03191489288500513
ridge,3,USM0_pose_global_idle_fraction_relative,0.030490699798691272,0.030490699798691272
ridge,3,USM3_pose_global_max_jerk_l2,0.03044560387599482,0.03044560387599482
ridge,3,USM0_pose_global_y_range_m,-0.02988703161274939,0.02988703161274939
ridge,3,USM2_USM3_pose_global_one_arm_only_active_fraction,0.029405705524161545,0.029405705524161545
ridge,3,USM0_pose_global_pause_fraction,0.02908832030579649,0.02908832030579649
ridge,3,USM0_pose_global_economy_volume,-0.029046475459797817,0.029046475459797817
ridge,3,USM3_pose_global_raw_path_l2,0.028537064183732534,0.028537064183732534
ridge,3,USM3_pose_global_workspace_box_volume_m3,-0.027882084456913953,0.027882084456913953
ridge,3,USM0_pose_global_economy_area_xz,0.022375919657075544,0.022375919657075544
ridge,3,USM3_pose_global_net_displacement_l2,-0.021419435894996907,0.021419435894996907
ridge,3,USM3_pose_global_log_dimensionless_jerk,0.021020963284046918,0.021020963284046918
ridge,3,USM2_USM3_pose_global_speed_correlation,-0.014469160009681205,0.014469160009681205
ridge,3,USM2_pose_global_log_dimensionless_jerk,-0.01363584506752424,0.01363584506752424
ridge,3,USM0_pose_global_log_dimensionless_jerk,-0.013380095684757792,0.013380095684757792
ridge,3,USM2_pose_global_y_range_m,-0.012658095607802096,0.012658095607802096
ridge,3,USM3_pose_global_jerk_cost,0.011989969382204571,0.011989969382204571
ridge,3,USM2_pose_global_workspace_box_volume_m3,-0.011812109056537557,0.011812109056537557
ridge,3,USM3_pose_global_max_angular_speed_rad_s,-0.011579678444678707,0.011579678444678707
ridge,3,USM0_pose_global_economy_area_yz,-0.011444599704158032,0.011444599704158032
ridge,3,USM2_pose_global_x_range_m,-0.008842240370320463,0.008842240370320463
ridge,3,USM2_pose_global_economy_area_xy,0.007350954830700963,0.007350954830700963
ridge,3,USM3_pose_global_rotation_orthogonality_error_max,0.007150414072800822,0.007150414072800822
ridge,3,USM0_pose_global_max_jerk_l2,0.001729199788819923,0.001729199788819923
ridge,3,USM3_pose_global_x_range_m,-0.0010068605753959041,0.0010068605753959041
ridge,3,USM0_USM3_pose_global_distance_range_rel,-0.0006667509056278762,0.0006667509056278762
ridge,3,USM0_pose_global_max_speed_l2,-0.0005018764381331946,0.0005018764381331946
ridge,4,USM2_pose_global_mean_angular_speed_rad_s,0.39212091356511847,0.39212091356511847
ridge,4,USM0_pose_global_rotation_orthogonality_error_mean,0.3909213156252953,0.3909213156252953
ridge,4,USM0_pose_global_rotation_determinant_mean,-0.35526279117148146,0.35526279117148146
ridge,4,USM3_pose_global_pause_count,-0.3418784199375421,0.3418784199375421
ridge,4,USM0_pose_global_movement_economy,-0.3376362488339245,0.3376362488339245
ridge,4,USM0_pose_global_rotation_orthogonality_error_max,0.3088619972629853,0.3088619972629853
ridge,4,USM2_pose_global_rotation_orthogonality_error_mean,0.29898779063052966,0.29898779063052966
ridge,4,USM0_USM3_pose_global_one_arm_only_active_fraction,-0.2909955361737493,0.2909955361737493
ridge,4,USM2_pose_global_mean_abs_angular_acceleration_rad_s2,0.269857407370279,0.269857407370279
ridge,4,USM2_pose_global_movement_economy,-0.2689293124007274,0.2689293124007274
ridge,4,USM0_pose_global_mean_angular_speed_rad_s,0.25749913234628424,0.25749913234628424
ridge,4,USM0_pose_global_rotation_path_radians,-0.2545121196638173,0.2545121196638173
ridge,4,USM0_pose_global_idle_threshold_relative,0.2523713129620371,0.2523713129620371
ridge,4,USM2_pose_global_rotation_determinant_mean,-0.24913848515471623,0.24913848515471623
ridge,4,USM0_pose_global_raw_path_l2,-0.22859129982511722,0.22859129982511722
ridge,4,USM2_USM3_pose_global_speed_correlation,0.22662949194661583,0.22662949194661583
ridge,4,USM0_USM3_pose_global_mean_distance_rel,0.20082978911334246,0.20082978911334246
ridge,4,active_pair_simultaneous_active_fraction,0.2007070392418625,0.2007070392418625
ridge,4,active_pair_path_length_imbalance,-0.20064511117219402,0.20064511117219402
ridge,4,USM3_pose_global_movement_economy,0.19759268507403338,0.19759268507403338
ridge,4,USM0_pose_global_mean_abs_angular_acceleration_rad_s2,0.1939786253119861,0.1939786253119861
ridge,4,USM0_USM3_pose_global_path_length_imbalance,-0.1938790900389349,0.1938790900389349
ridge,4,USM2_pose_global_max_angular_speed_rad_s,0.18971882367902418,0.18971882367902418
ridge,4,USM2_USM3_pose_global_simultaneous_active_fraction,0.18435454665960602,0.18435454665960602
ridge,4,USM2_pose_global_raw_path_l2,-0.18396539794521596,0.18396539794521596
ridge,4,USM0_pose_global_dimensionless_jerk,0.18240383674933655,0.18240383674933655
ridge,4,USM0_pose_global_n_samples,-0.17948369291375366,0.17948369291375366
ridge,4,USM3_pose_global_max_acceleration_l2,0.1763787578155616,0.1763787578155616
ridge,4,USM0_pose_global_active,-0.17500696831451232,0.17500696831451232
ridge,4,active_pair_speed_correlation,0.17440562702121817,0.17440562702121817
ridge,4,USM2_pose_global_pause_fraction,-0.173547411965497,0.173547411965497
ridge,4,USM2_pose_global_rotation_orthogonality_error_max,0.1710562230755205,0.1710562230755205
ridge,4,USM3_pose_global_mean_angular_speed_rad_s,0.17013667546285496,0.17013667546285496
ridge,4,USM0_pose_global_path_l2,-0.16720356770199502,0.16720356770199502
ridge,4,USM0_USM3_pose_global_simultaneous_active_fraction,0.16637318377869534,0.16637318377869534
ridge,4,USM2_USM3_pose_global_distance_range_rel,0.16545237705365387,0.16545237705365387
ridge,4,USM3_pose_global_idle_threshold_relative,0.16488333287860912,0.16488333287860912
ridge,4,USM0_USM2_pose_global_simultaneous_active_fraction,0.16073070865546996,0.16073070865546996
ridge,4,all_psm_pose_global_path_total_m,-0.15155445282292757,0.15155445282292757
ridge,4,USM2_pose_global_idle_fraction_relative,-0.15079871794506775,0.15079871794506775
ridge,4,USM0_USM3_pose_global_speed_correlation,0.14908479297233787,0.14908479297233787
ridge,4,USM2_pose_global_pause_duration_seconds,-0.14553141153108146,0.14553141153108146
ridge,4,USM3_pose_global_rotation_path_radians,0.14265090570279598,0.14265090570279598
ridge,4,USM2_pose_global_rotation_determinant_std,-0.1417743854240754,0.1417743854240754
ridge,4,USM3_pose_global_max_jerk_l2,0.13895991054524437,0.13895991054524437
ridge,4,USM3_pose_global_max_speed_l2,0.13267144430127484,0.13267144430127484
ridge,4,USM2_pose_global_path_l2,-0.13255143570949152,0.13255143570949152
ridge,4,USM0_USM2_pose_global_speed_correlation,0.13023569972129664,0.13023569972129664
ridge,4,USM3_pose_global_economy_volume,-0.1298746983583638,0.1298746983583638
ridge,4,active_pair_one_arm_only_active_fraction,-0.12895896117669994,0.12895896117669994
ridge,4,active_pair_path_length_b_rel,-0.12878175133922806,0.12878175133922806
ridge,4,active_psm_count,-0.12709226821629258,0.12709226821629258
ridge,4,USM2_USM3_pose_global_both_idle_fraction,-0.12203429226659893,0.12203429226659893
ridge,4,USM2_pose_global_idle_threshold_relative,0.12058404303714403,0.12058404303714403
ridge,4,active_pair_usm_a,0.11802085175886012,0.11802085175886012
ridge,4,USM3_pose_global_rms_speed_l2,0.11552009627650098,0.11552009627650098
ridge,4,USM3_pose_global_log_dimensionless_jerk,0.11546427495443201,0.11546427495443201
ridge,4,USM3_pose_global_net_displacement_l2,0.11439894633771933,0.11439894633771933
ridge,4,USM0_pose_global_log_dimensionless_jerk,0.11125233562671297,0.11125233562671297
ridge,4,USM3_pose_global_economy_area_xy,-0.1111137607608686,0.1111137607608686
ridge,4,USM3_pose_global_mean_speed_l2,0.10999764638936373,0.10999764638936373
ridge,4,USM3_pose_global_mean_abs_angular_acceleration_rad_s2,0.10876836708412502,0.10876836708412502
ridge,4,USM0_USM2_pose_global_one_arm_only_active_fraction,-0.10574503815927275,0.10574503815927275
ridge,4,USM0_pose_global_economy_area_yz,-0.10429087018759739,0.10429087018759739
ridge,4,USM3_pose_global_y_range_m,0.10211749568723555,0.10211749568723555
ridge,4,USM2_pose_global_log_dimensionless_jerk,0.09916295472967061,0.09916295472967061
ridge,4,USM3_pose_global_active,-0.09633892473407014,0.09633892473407014
ridge,4,USM0_USM2_pose_global_alignment_coverage,0.0944404750072589,0.0944404750072589
ridge,4,USM2_pose_global_pause_count,-0.09351876334869147,0.09351876334869147
ridge,4,USM3_pose_global_rotation_determinant_mean,-0.09304417712071691,0.09304417712071691
ridge,4,USM2_USM3_pose_global_mean_distance_rel,0.09302905272349996,0.09302905272349996
ridge,4,USM2_pose_global_economy_area_xy,0.09138202941028387,0.09138202941028387
ridge,4,USM2_pose_global_max_abs_angular_acceleration_rad_s2,0.09031114139660805,0.09031114139660805
ridge,4,USM0_USM3_pose_global_mean_abs_relative_speed,0.08964378778097676,0.08964378778097676
ridge,4,USM0_pose_global_pause_duration_seconds,-0.08721989230019739,0.08721989230019739
ridge,4,active_pair_usm_b,0.08650325620628448,0.08650325620628448
ridge,4,USM3_pose_global_max_abs_angular_acceleration_rad_s2,-0.08640598628444005,0.08640598628444005
ridge,4,USM3_pose_global_mean_acceleration_l2,0.08576278278273648,0.08576278278273648
ridge,4,USM3_pose_global_dimensionless_jerk,-0.08534229781550061,0.08534229781550061
ridge,4,USM2_pose_global_economy_volume,0.08523399514912619,0.08523399514912619
ridge,4,USM0_USM2_pose_global_path_length_imbalance,-0.08496965277411024,0.08496965277411024
ridge,4,USM0_pose_global_max_gap_seconds,0.0844619945313716,0.0844619945313716
ridge,4,USM2_pose_global_economy_area_xz,0.08168152226140368,0.08168152226140368
ridge,4,USM0_pose_global_mean_speed_l2,0.07651822380842975,0.07651822380842975
ridge,4,USM3_pose_global_pause_fraction,-0.0758164603471094,0.0758164603471094
ridge,4,USM3_pose_global_max_angular_speed_rad_s,-0.07463519437438863,0.07463519437438863
ridge,4,USM0_pose_global_pause_count,-0.07339614065141768,0.07339614065141768
ridge,4,USM3_pose_global_rotation_determinant_std,-0.07082650938020603,0.07082650938020603
ridge,4,USM0_pose_global_rotation_determinant_std,-0.07081224932162508,0.07081224932162508
ridge,4,USM3_pose_global_idle_fraction_relative,-0.0695780460668973,0.0695780460668973
ridge,4,USM0_pose_global_median_dt_seconds,0.0678973549022809,0.0678973549022809
ridge,4,USM3_pose_global_z_range_m,-0.06733656938863679,0.06733656938863679
ridge,4,USM0_USM3_pose_global_std_distance_rel,-0.06286034014105389,0.06286034014105389
ridge,4,USM0_pose_global_net_displacement_l2,-0.06046398520107058,0.06046398520107058
ridge,4,USM0_pose_global_x_range_m,-0.05607588256381967,0.05607588256381967
ridge,4,USM0_pose_global_idle_fraction_relative,0.05360841140614536,0.05360841140614536
ridge,4,USM2_pose_global_mean_speed_l2,0.050764499458281084,0.050764499458281084
ridge,4,USM0_USM3_pose_global_both_idle_fraction,0.049693951798007514,0.049693951798007514
ridge,4,USM2_USM3_pose_global_one_arm_only_active_fraction,-0.04879861721855119,0.04879861721855119
ridge,4,active_pair_both_idle_fraction,-0.04794608207323346,0.04794608207323346
ridge,4,USM2_pose_global_net_displacement_l2,-0.04566413139655636,0.04566413139655636
ridge,4,USM3_pose_global_x_range_m,-0.04457920335287446,0.04457920335287446
ridge,4,USM0_pose_global_economy_area_xy,-0.04270864550255242,0.04270864550255242
ridge,4,USM2_USM3_pose_global_std_distance_rel,0.041822413114051694,0.041822413114051694
ridge,4,USM0_pose_global_pause_fraction,0.04096933834892366,0.04096933834892366
ridge,4,USM2_pose_global_economy_area_yz,0.038686776330850346,0.038686776330850346
ridge,4,USM0_USM2_pose_global_both_idle_fraction,-0.03577289208646409,0.03577289208646409
ridge,4,USM2_pose_global_rotation_path_radians,-0.03267115164060216,0.03267115164060216
ridge,4,USM3_pose_global_workspace_box_volume_m3,-0.03165431324396061,0.03165431324396061
ridge,4,USM3_pose_global_raw_path_l2,-0.03141977271436132,0.03141977271436132
ridge,4,USM0_pose_global_economy_area_xz,0.03136864370401277,0.03136864370401277
ridge,4,USM3_pose_global_jerk_cost,0.03102002184271116,0.03102002184271116
ridge,4,USM0_pose_global_economy_volume,-0.028622821725392333,0.028622821725392333
ridge,4,USM0_pose_global_rms_speed_l2,0.027269037889830035,0.027269037889830035
ridge,4,USM2_USM3_pose_global_path_length_imbalance,-0.026280913086009734,0.026280913086009734
ridge,4,USM0_pose_global_z_range_m,-0.02552730367152365,0.02552730367152365
ridge,4,USM3_pose_global_pause_duration_seconds,-0.024080987737727984,0.024080987737727984
ridge,4,USM3_pose_global_economy_area_yz,0.023868020853222767,0.023868020853222767
ridge,4,USM3_pose_global_rotation_orthogonality_error_max,0.02332057085217943,0.02332057085217943
ridge,4,USM0_pose_global_y_range_m,-0.017203389840313787,0.017203389840313787
ridge,4,USM2_pose_global_workspace_box_volume_m3,-0.015780131285947838,0.015780131285947838
ridge,4,USM2_pose_global_dimensionless_jerk,-0.015564703934535355,0.015564703934535355
ridge,4,USM0_USM3_pose_global_distance_range_rel,0.015235519968742076,0.015235519968742076
ridge,4,USM2_pose_global_x_range_m,-0.01195159131268673,0.01195159131268673
ridge,4,USM3_pose_global_rotation_orthogonality_error_mean,0.011798859865939626,0.011798859865939626
ridge,4,USM2_pose_global_y_range_m,-0.006632903423875952,0.006632903423875952
ridge,4,USM0_pose_global_max_angular_speed_rad_s,-0.006280703335878819,0.006280703335878819
ridge,4,USM3_pose_global_economy_area_xz,0.005555060443599257,0.005555060443599257
ridge,4,USM0_pose_global_max_abs_angular_acceleration_rad_s2,-0.004446236440960591,0.004446236440960591
ridge,4,USM2_pose_global_z_range_m,0.003471511432338013,0.003471511432338013
ridge,4,USM0_pose_global_max_jerk_l2,-0.002827558332998063,0.002827558332998063
ridge,4,USM0_pose_global_max_speed_l2,-0.0015078754329528518,0.0015078754329528518
ridge,5,USM0_pose_global_rotation_orthogonality_error_mean,0.4396772124869483,0.4396772124869483
ridge,5,USM2_pose_global_rotation_orthogonality_error_mean,0.40478474311661455,0.40478474311661455
ridge,5,USM0_pose_global_rotation_determinant_mean,-0.3928584696775116,0.3928584696775116
ridge,5,USM2_pose_global_mean_angular_speed_rad_s,0.39281041708614894,0.39281041708614894
ridge,5,USM3_pose_global_pause_count,-0.3746190067471387,0.3746190067471387
ridge,5,USM0_pose_global_rotation_orthogonality_error_max,0.35337886988658895,0.35337886988658895
ridge,5,USM0_USM3_pose_global_mean_distance_rel,0.3410295746138177,0.3410295746138177
ridge,5,USM2_pose_global_mean_abs_angular_acceleration_rad_s2,0.3275906255398056,0.3275906255398056
ridge,5,USM0_USM3_pose_global_one_arm_only_active_fraction,-0.30424405863745724,0.30424405863745724
ridge,5,USM0_pose_global_mean_angular_speed_rad_s,0.29246379493862334,0.29246379493862334
ridge,5,USM0_pose_global_dimensionless_jerk,0.2693717052268695,0.2693717052268695
ridge,5,USM0_pose_global_movement_economy,-0.2671543534440941,0.2671543534440941
ridge,5,USM2_pose_global_pause_fraction,-0.2633069458789692,0.2633069458789692
ridge,5,active_pair_path_length_imbalance,-0.24616378146537327,0.24616378146537327
ridge,5,USM0_pose_global_mean_abs_angular_acceleration_rad_s2,0.24244945909356996,0.24244945909356996
ridge,5,USM2_pose_global_rotation_orthogonality_error_max,0.23864286192153536,0.23864286192153536
ridge,5,USM0_pose_global_rotation_path_radians,-0.21956825101129926,0.21956825101129926
ridge,5,USM2_USM3_pose_global_distance_range_rel,0.21531604422058548,0.21531604422058548
ridge,5,USM2_pose_global_idle_fraction_relative,-0.20604860134718037,0.20604860134718037
ridge,5,USM2_pose_global_rotation_determinant_std,-0.20382847190026174,0.20382847190026174
ridge,5,USM2_pose_global_rotation_determinant_mean,-0.19655353646712517,0.19655353646712517
ridge,5,USM0_USM3_pose_global_path_length_imbalance,-0.19198287611980377,0.19198287611980377
ridge,5,USM3_pose_global_mean_angular_speed_rad_s,0.18960692773407092,0.18960692773407092
ridge,5,USM0_pose_global_raw_path_l2,-0.1892286512784403,0.1892286512784403
ridge,5,USM2_pose_global_movement_economy,-0.18851749780843854,0.18851749780843854
ridge,5,USM3_pose_global_idle_threshold_relative,0.18665299255022058,0.18665299255022058
ridge,5,USM3_pose_global_movement_economy,0.18589027214835024,0.18589027214835024
ridge,5,USM3_pose_global_pause_fraction,-0.18527458287972665,0.18527458287972665
ridge,5,USM3_pose_global_idle_fraction_relative,-0.18368148310722293,0.18368148310722293
ridge,5,active_pair_usm_a,0.18251714546959158,0.18251714546959158
ridge,5,USM0_pose_global_idle_threshold_relative,0.18010145481604534,0.18010145481604534
ridge,5,USM2_pose_global_pause_duration_seconds,-0.1757301872135996,0.1757301872135996
ridge,5,USM0_pose_global_max_gap_seconds,0.1726265918576753,0.1726265918576753
ridge,5,USM3_pose_global_rotation_path_radians,0.16990073783807852,0.16990073783807852
ridge,5,active_psm_count,-0.16882993462428014,0.16882993462428014
ridge,5,active_pair_speed_correlation,0.16630444504159225,0.16630444504159225
ridge,5,active_pair_simultaneous_active_fraction,0.16100783470904173,0.16100783470904173
ridge,5,USM3_pose_global_max_acceleration_l2,0.16080856765636867,0.16080856765636867
ridge,5,USM3_pose_global_mean_abs_angular_acceleration_rad_s2,0.1574793015890783,0.1574793015890783
ridge,5,USM2_USM3_pose_global_mean_distance_rel,0.15496126450392297,0.15496126450392297
ridge,5,USM3_pose_global_dimensionless_jerk,-0.1524377522561876,0.1524377522561876
ridge,5,USM2_USM3_pose_global_speed_correlation,-0.14986819351957717,0.14986819351957717
ridge,5,USM3_pose_global_mean_speed_l2,0.14127952781443714,0.14127952781443714
ridge,5,USM3_pose_global_rms_speed_l2,0.14055913395537017,0.14055913395537017
ridge,5,USM0_pose_global_path_l2,-0.13208493600141435,0.13208493600141435
ridge,5,USM0_pose_global_idle_fraction_relative,0.13114141961588677,0.13114141961588677
ridge,5,USM2_USM3_pose_global_simultaneous_active_fraction,0.1310294015282094,0.1310294015282094
ridge,5,USM0_USM3_pose_global_both_idle_fraction,0.12682308677276993,0.12682308677276993
ridge,5,USM2_pose_global_raw_path_l2,-0.12417320678086476,0.12417320678086476
ridge,5,USM2_pose_global_economy_volume,0.12224055546972566,0.12224055546972566
ridge,5,USM3_pose_global_active,-0.1202286448778541,0.1202286448778541
ridge,5,USM2_pose_global_max_angular_speed_rad_s,0.11997606220353445,0.11997606220353445
ridge,5,USM3_pose_global_max_abs_angular_acceleration_rad_s2,-0.11995504510639901,0.11995504510639901
ridge,5,USM0_USM3_pose_global_mean_abs_relative_speed,0.11906931674042823,0.11906931674042823
ridge,5,USM3_pose_global_mean_acceleration_l2,0.11899115257999612,0.11899115257999612
ridge,5,USM2_pose_global_economy_area_xy,0.11852429389428747,0.11852429389428747
ridge,5,USM2_USM3_pose_global_both_idle_fraction,-0.1184078920665593,0.1184078920665593
ridge,5,USM0_pose_global_n_samples,-0.11497115730260966,0.11497115730260966
ridge,5,USM2_pose_global_economy_area_xz,0.11470270710606004,0.11470270710606004
ridge,5,USM3_pose_global_max_jerk_l2,0.11102113580056634,0.11102113580056634
ridge,5,USM0_USM2_pose_global_alignment_coverage,0.11012086779731367,0.11012086779731367
ridge,5,USM0_USM2_pose_global_simultaneous_active_fraction,0.10677008872770981,0.10677008872770981
ridge,5,USM2_pose_global_pause_count,-0.10665307758799844,0.10665307758799844
ridge,5,USM0_pose_global_x_range_m,-0.10611277295424515,0.10611277295424515
ridge,5,USM3_pose_global_economy_volume,-0.10166780978122036,0.10166780978122036
ridge,5,USM0_pose_global_net_displacement_l2,-0.09943011753315265,0.09943011753315265
ridge,5,active_pair_one_arm_only_active_fraction,-0.09922317131343913,0.09922317131343913
ridge,5,USM0_USM3_pose_global_simultaneous_active_fraction,0.09906236379006439,0.09906236379006439
ridge,5,USM2_USM3_pose_global_std_distance_rel,0.0949664197761358,0.0949664197761358
ridge,5,USM0_pose_global_pause_fraction,0.09481803587714302,0.09481803587714302
ridge,5,USM3_pose_global_rotation_determinant_std,-0.0929781773104325,0.0929781773104325
ridge,5,USM0_pose_global_rotation_determinant_std,0.09049747334734762,0.09049747334734762
ridge,5,USM0_pose_global_mean_speed_l2,0.088505457906139,0.088505457906139
ridge,5,USM3_pose_global_max_speed_l2,0.08709013681980386,0.08709013681980386
ridge,5,all_psm_pose_global_path_total_m,-0.08622129429584593,0.08622129429584593
ridge,5,USM2_pose_global_net_displacement_l2,-0.08616421886909723,0.08616421886909723
ridge,5,USM0_pose_global_max_abs_angular_acceleration_rad_s2,-0.08590900223180309,0.08590900223180309
ridge,5,USM2_pose_global_path_l2,-0.08063500461316325,0.08063500461316325
ridge,5,USM2_pose_global_economy_area_yz,0.07934492789097601,0.07934492789097601
ridge,5,USM0_USM3_pose_global_std_distance_rel,-0.07818535606950573,0.07818535606950573
ridge,5,USM0_pose_global_z_range_m,-0.07565104422030934,0.07565104422030934
ridge,5,USM3_pose_global_log_dimensionless_jerk,0.07525578825608191,0.07525578825608191
ridge,5,USM3_pose_global_max_angular_speed_rad_s,-0.07441781094126504,0.07441781094126504
ridge,5,USM0_pose_global_economy_area_xy,-0.07261593229109364,0.07261593229109364
ridge,5,USM0_USM2_pose_global_speed_correlation,0.07057667901739616,0.07057667901739616
ridge,5,active_pair_path_length_b_rel,-0.06891525079912915,0.06891525079912915
ridge,5,USM0_pose_global_economy_area_yz,-0.06743376163905489,0.06743376163905489
ridge,5,USM3_pose_global_raw_path_l2,0.06649883896606153,0.06649883896606153
ridge,5,USM3_pose_global_rotation_determinant_mean,-0.06141261569192944,0.06141261569192944
ridge,5,USM0_USM2_pose_global_one_arm_only_active_fraction,-0.058696159795612365,0.058696159795612365
ridge,5,USM2_pose_global_z_range_m,-0.05759285358612937,0.05759285358612937
ridge,5,USM2_pose_global_x_range_m,-0.04893645959736693,0.04893645959736693
ridge,5,USM3_pose_global_x_range_m,0.04847992298739893,0.04847992298739893
ridge,5,USM3_pose_global_workspace_box_volume_m3,-0.0476047628359508,0.0476047628359508
ridge,5,USM2_pose_global_dimensionless_jerk,-0.04536124455947991,0.04536124455947991
ridge,5,USM2_pose_global_mean_speed_l2,0.042229776442456894,0.042229776442456894
ridge,5,USM3_pose_global_y_range_m,0.041980311694637513,0.041980311694637513
ridge,5,USM2_pose_global_workspace_box_volume_m3,-0.04134046543004234,0.04134046543004234
ridge,5,USM2_pose_global_y_range_m,-0.0408316568095283,0.0408316568095283
ridge,5,USM3_pose_global_z_range_m,0.03942664012714445,0.03942664012714445
ridge,5,USM0_pose_global_y_range_m,-0.03894260681050182,0.03894260681050182
ridge,5,active_pair_both_idle_fraction,-0.03854778231277835,0.03854778231277835
ridge,5,USM2_pose_global_log_dimensionless_jerk,-0.03723253224552817,0.03723253224552817
ridge,5,USM2_pose_global_idle_threshold_relative,0.03718513465572387,0.03718513465572387
ridge,5,USM2_pose_global_max_abs_angular_acceleration_rad_s2,0.035099236228016535,0.035099236228016535
ridge,5,USM3_pose_global_pause_duration_seconds,-0.03378285451086696,0.03378285451086696
ridge,5,USM3_pose_global_economy_area_yz,-0.03339952662338279,0.03339952662338279
ridge,5,USM0_pose_global_economy_volume,-0.03317354571560507,0.03317354571560507
ridge,5,USM0_USM2_pose_global_both_idle_fraction,-0.03142192377027633,0.03142192377027633
ridge,5,USM0_pose_global_rms_speed_l2,0.031038633785100724,0.031038633785100724
ridge,5,USM0_pose_global_economy_area_xz,0.03102666411019136,0.03102666411019136
ridge,5,USM0_USM3_pose_global_distance_range_rel,0.029873097211228383,0.029873097211228383
ridge,5,USM0_pose_global_pause_duration_seconds,0.029620910716342708,0.029620910716342708
ridge,5,USM0_pose_global_log_dimensionless_jerk,-0.02910087434116288,0.02910087434116288
ridge,5,USM0_pose_global_max_angular_speed_rad_s,-0.02712304179690898,0.02712304179690898
ridge,5,USM3_pose_global_economy_area_xz,0.022934583781969015,0.022934583781969015
ridge,5,USM3_pose_global_economy_area_xy,-0.01954770338564447,0.01954770338564447
ridge,5,USM3_pose_global_rotation_orthogonality_error_max,0.018924015389374372,0.018924015389374372
ridge,5,USM2_USM3_pose_global_one_arm_only_active_fraction,0.017085599898233855,0.017085599898233855
ridge,5,USM2_USM3_pose_global_path_length_imbalance,-0.01699383368316614,0.01699383368316614
ridge,5,USM3_pose_global_rotation_orthogonality_error_mean,-0.01657928993253015,0.01657928993253015
ridge,5,USM3_pose_global_net_displacement_l2,-0.016429128046065347,0.016429128046065347
ridge,5,USM2_pose_global_rotation_path_radians,0.01574097610959785,0.01574097610959785
ridge,5,USM0_USM2_pose_global_path_length_imbalance,0.0132675326574673,0.0132675326574673
ridge,5,active_pair_usm_b,-0.008608066530396719,0.008608066530396719
ridge,5,USM0_pose_global_max_speed_l2,-0.004544304044538516,0.004544304044538516
ridge,5,USM3_pose_global_jerk_cost,-0.0033907694310540185,0.0033907694310540185
ridge,5,USM0_pose_global_median_dt_seconds,-0.002905755888787652,0.002905755888787652
ridge,5,USM0_USM3_pose_global_speed_correlation,-0.0012534905357110726,0.0012534905357110726
ridge,5,USM0_pose_global_pause_count,-0.000798368442090162,0.000798368442090162
ridge,5,USM0_pose_global_max_jerk_l2,0.00012557941318944673,0.00012557941318944673
elastic_net,1,USM0_pose_global_rotation_determinant_mean,-0.36755797272268015,0.36755797272268015
elastic_net,1,USM2_pose_global_mean_angular_speed_rad_s,0.3588018621272822,0.3588018621272822
elastic_net,1,USM0_pose_global_rotation_orthogonality_error_max,0.33021213441059444,0.33021213441059444
elastic_net,1,USM0_pose_global_rotation_orthogonality_error_mean,0.26796136466319187,0.26796136466319187
elastic_net,1,USM2_pose_global_mean_abs_angular_acceleration_rad_s2,0.2334332567690992,0.2334332567690992
elastic_net,1,USM3_pose_global_pause_duration_seconds,-0.21765083536713428,0.21765083536713428
elastic_net,1,USM2_pose_global_rotation_orthogonality_error_mean,0.20919641955404766,0.20919641955404766
elastic_net,1,USM2_pose_global_pause_duration_seconds,-0.20403976184249806,0.20403976184249806
elastic_net,1,USM3_pose_global_pause_count,-0.19890849401627697,0.19890849401627697
elastic_net,1,USM3_pose_global_pause_fraction,-0.1878292801210425,0.1878292801210425
elastic_net,1,USM0_pose_global_movement_economy,-0.18048798440956534,0.18048798440956534
elastic_net,1,USM0_pose_global_raw_path_l2,-0.17858444348173125,0.17858444348173125
elastic_net,1,USM2_pose_global_rotation_orthogonality_error_max,0.17676740653006648,0.17676740653006648
elastic_net,1,USM2_pose_global_pause_fraction,-0.17673643341663073,0.17673643341663073
elastic_net,1,USM0_pose_global_n_samples,-0.17604869024709455,0.17604869024709455
elastic_net,1,USM2_pose_global_rotation_determinant_mean,-0.169800171004416,0.169800171004416
elastic_net,1,USM2_USM3_pose_global_distance_range_rel,0.16517751770634198,0.16517751770634198
elastic_net,1,USM3_pose_global_idle_fraction_relative,-0.16493968524664424,0.16493968524664424
elastic_net,1,USM0_USM3_pose_global_path_length_imbalance,-0.16150599959223885,0.16150599959223885
elastic_net,1,USM2_pose_global_max_angular_speed_rad_s,0.15195255096150098,0.15195255096150098
elastic_net,1,USM0_USM2_pose_global_simultaneous_active_fraction,0.14921063254687458,0.14921063254687458
elastic_net,1,USM3_pose_global_dimensionless_jerk,-0.13577143831125238,0.13577143831125238
elastic_net,1,USM2_pose_global_raw_path_l2,-0.13547466815405698,0.13547466815405698
elastic_net,1,USM2_pose_global_idle_fraction_relative,-0.12964117591412438,0.12964117591412438
elastic_net,1,USM2_pose_global_mean_acceleration_l2,0.12816173887471147,0.12816173887471147
elastic_net,1,USM0_pose_global_pause_duration_seconds,-0.12671508060025455,0.12671508060025455
elastic_net,1,active_pair_simultaneous_active_fraction,0.1236462924801984,0.1236462924801984
elastic_net,1,USM0_USM2_pose_global_one_arm_only_active_fraction,-0.11747852048800952,0.11747852048800952
elastic_net,1,USM0_pose_global_mean_angular_speed_rad_s,0.1161007937755026,0.1161007937755026
elastic_net,1,USM3_pose_global_max_acceleration_l2,0.11448474565067554,0.11448474565067554
elastic_net,1,USM0_pose_global_mean_acceleration_l2,0.11240277362375758,0.11240277362375758
elastic_net,1,USM0_USM3_pose_global_one_arm_only_active_fraction,-0.11184233589594594,0.11184233589594594
elastic_net,1,active_pair_one_arm_only_active_fraction,-0.10735801142492024,0.10735801142492024
elastic_net,1,USM2_USM3_pose_global_simultaneous_active_fraction,0.10660534369054295,0.10660534369054295
elastic_net,1,active_pair_path_length_b_rel,-0.10658660953044412,0.10658660953044412
elastic_net,1,USM0_pose_global_active,-0.09804825930469738,0.09804825930469738
elastic_net,1,USM0_pose_global_rotation_path_radians,-0.09363542811762723,0.09363542811762723
elastic_net,1,USM2_pose_global_idle_threshold_relative,0.09354435573448908,0.09354435573448908
elastic_net,1,active_pair_speed_correlation,0.09168479341713749,0.09168479341713749
elastic_net,1,USM2_pose_global_movement_economy,-0.09078641036751915,0.09078641036751915
elastic_net,1,all_psm_pose_global_path_total_m,-0.08897439080895304,0.08897439080895304
elastic_net,1,USM0_pose_global_dimensionless_jerk,0.08831339331749986,0.08831339331749986
elastic_net,1,USM3_pose_global_max_jerk_l2,0.08720221189100105,0.08720221189100105
elastic_net,1,USM0_pose_global_net_displacement_l2,-0.0811724926872053,0.0811724926872053
elastic_net,1,USM3_pose_global_rms_speed_l2,0.0784228885364857,0.0784228885364857
elastic_net,1,active_pair_mean_distance_rel,-0.07581365117200242,0.07581365117200242
elastic_net,1,active_psm_count,-0.07553525423240437,0.07553525423240437
elastic_net,1,USM0_USM3_pose_global_mean_abs_relative_speed,0.07505922287889853,0.07505922287889853
elastic_net,1,USM2_USM3_pose_global_path_length_imbalance,-0.07306016570462512,0.07306016570462512
elastic_net,1,USM2_USM3_pose_global_speed_correlation,-0.07242617030712756,0.07242617030712756
elastic_net,1,USM0_USM2_pose_global_speed_correlation,0.07036382964879863,0.07036382964879863
elastic_net,1,USM2_USM3_pose_global_mean_abs_relative_speed,0.06960453652990028,0.06960453652990028
elastic_net,1,USM0_USM2_pose_global_std_distance_rel,-0.06795031457411572,0.06795031457411572
elastic_net,1,USM2_pose_global_mean_speed_l2,0.06772248850931098,0.06772248850931098
elastic_net,1,USM3_pose_global_max_speed_l2,0.06760492623474285,0.06760492623474285
elastic_net,1,USM0_pose_global_x_range_m,-0.06573962597297285,0.06573962597297285
elastic_net,1,active_pair_path_length_imbalance,-0.06514069452408161,0.06514069452408161
elastic_net,1,active_pair_usm_a,0.06513459109620975,0.06513459109620975
elastic_net,1,USM2_pose_global_rotation_determinant_std,-0.06289912724119714,0.06289912724119714
elastic_net,1,USM2_pose_global_pause_count,-0.0535972247054218,0.0535972247054218
elastic_net,1,USM0_USM2_pose_global_alignment_coverage,0.04632249898165598,0.04632249898165598
elastic_net,1,USM0_USM3_pose_global_speed_correlation,-0.04235370494124511,0.04235370494124511
elastic_net,1,USM0_pose_global_mean_abs_angular_acceleration_rad_s2,0.039427784324104584,0.039427784324104584
elastic_net,1,USM3_pose_global_active,-0.03935998811921538,0.03935998811921538
elastic_net,1,USM0_USM3_pose_global_simultaneous_active_fraction,0.036763719426314255,0.036763719426314255
elastic_net,1,USM2_USM3_pose_global_both_idle_fraction,-0.03621601325662804,0.03621601325662804
elastic_net,1,USM3_pose_global_movement_economy,0.03560847532419249,0.03560847532419249
elastic_net,1,USM3_pose_global_rotation_orthogonality_error_mean,-0.03489925650805326,0.03489925650805326
elastic_net,1,USM0_USM3_pose_global_distance_range_rel,0.03478135375409588,0.03478135375409588
elastic_net,1,USM0_pose_global_idle_threshold_relative,0.028240168958858485,0.028240168958858485
elastic_net,1,USM0_pose_global_z_range_m,-0.025749742773085636,0.025749742773085636
elastic_net,1,USM3_pose_global_log_dimensionless_jerk,0.022428175114247467,0.022428175114247467
elastic_net,1,USM0_pose_global_mean_speed_l2,0.01962442380627315,0.01962442380627315
elastic_net,1,USM2_pose_global_x_range_m,-0.019595572788813707,0.019595572788813707
elastic_net,1,USM3_pose_global_rotation_orthogonality_error_max,-0.019386630126883866,0.019386630126883866
elastic_net,1,USM3_pose_global_mean_speed_l2,0.015774727535542297,0.015774727535542297
elastic_net,1,USM2_pose_global_max_abs_angular_acceleration_rad_s2,0.014372955518657934,0.014372955518657934
elastic_net,1,USM0_USM2_pose_global_mean_abs_relative_speed,-0.014348918602365106,0.014348918602365106
elastic_net,1,USM3_pose_global_rotation_determinant_std,-0.010025036976648055,0.010025036976648055
elastic_net,1,USM0_pose_global_y_range_m,-0.008915082735603905,0.008915082735603905
elastic_net,1,USM0_pose_global_economy_area_xy,-0.007647232745046865,0.007647232745046865
elastic_net,1,USM0_USM3_pose_global_mean_distance_rel,0.0005557610149221956,0.0005557610149221956
elastic_net,1,USM0_pose_global_median_dt_seconds,0.0,0.0
elastic_net,1,USM0_pose_global_max_gap_seconds,-0.0,0.0
elastic_net,1,USM0_pose_global_log_dimensionless_jerk,0.0,0.0
elastic_net,1,USM0_pose_global_economy_area_xz,0.0,0.0
elastic_net,1,USM0_pose_global_idle_fraction_relative,0.0,0.0
elastic_net,1,USM0_pose_global_max_speed_l2,-0.0,0.0
elastic_net,1,USM0_pose_global_rms_speed_l2,-0.0,0.0
elastic_net,1,USM0_pose_global_pause_count,-0.0,0.0
elastic_net,1,USM0_pose_global_pause_fraction,0.0,0.0
elastic_net,1,USM2_pose_global_dimensionless_jerk,-0.0,0.0
elastic_net,1,USM2_pose_global_log_dimensionless_jerk,0.0,0.0
elastic_net,1,USM2_pose_global_y_range_m,-0.0,0.0
elastic_net,1,USM0_pose_global_economy_area_yz,0.0,0.0
elastic_net,1,USM0_pose_global_economy_volume,-0.0,0.0
elastic_net,1,USM0_pose_global_rotation_determinant_std,-0.0,0.0
elastic_net,1,USM0_pose_global_max_angular_speed_rad_s,-0.0,0.0
elastic_net,1,USM0_pose_global_max_abs_angular_acceleration_rad_s2,-0.0,0.0
elastic_net,1,USM3_pose_global_raw_path_l2,0.0,0.0
elastic_net,1,USM3_pose_global_net_displacement_l2,-0.0,0.0
elastic_net,1,USM2_pose_global_rotation_path_radians,-0.0,0.0
elastic_net,1,USM2_pose_global_z_range_m,-0.0,0.0
elastic_net,1,USM2_pose_global_economy_area_xy,-0.0,0.0
elastic_net,1,USM2_pose_global_economy_area_xz,0.0,0.0
elastic_net,1,USM2_pose_global_economy_area_yz,0.0,0.0
elastic_net,1,USM2_pose_global_economy_volume,0.0,0.0
elastic_net,1,USM3_pose_global_jerk_cost,0.0,0.0
elastic_net,1,USM3_pose_global_x_range_m,0.0,0.0
elastic_net,1,USM3_pose_global_y_range_m,0.0,0.0
elastic_net,1,USM3_pose_global_z_range_m,0.0,0.0
elastic_net,1,USM3_pose_global_workspace_box_volume_m3,-0.0,0.0
elastic_net,1,USM3_pose_global_economy_area_xy,0.0,0.0
elastic_net,1,USM3_pose_global_economy_area_xz,0.0,0.0
elastic_net,1,USM3_pose_global_economy_area_yz,0.0,0.0
elastic_net,1,USM3_pose_global_max_abs_angular_acceleration_rad_s2,0.0,0.0
elastic_net,1,USM3_pose_global_mean_abs_angular_acceleration_rad_s2,0.0,0.0
elastic_net,1,USM3_pose_global_mean_angular_speed_rad_s,0.0,0.0
elastic_net,1,USM3_pose_global_economy_volume,0.0,0.0
elastic_net,1,USM3_pose_global_rotation_determinant_mean,0.0,0.0
elastic_net,1,USM3_pose_global_rotation_path_radians,0.0,0.0
elastic_net,1,USM3_pose_global_max_angular_speed_rad_s,0.0,0.0
elastic_net,1,USM3_pose_global_idle_threshold_relative,0.0,0.0
elastic_net,1,USM2_USM3_pose_global_mean_distance_rel,0.0,0.0
elastic_net,1,USM0_USM3_pose_global_both_idle_fraction,0.0,0.0
elastic_net,1,USM0_USM2_pose_global_path_length_imbalance,-0.0,0.0
elastic_net,1,USM0_USM3_pose_global_std_distance_rel,-0.0,0.0
elastic_net,1,USM0_USM2_pose_global_both_idle_fraction,0.0,0.0
elastic_net,1,USM2_USM3_pose_global_std_distance_rel,0.0,0.0
elastic_net,1,USM2_USM3_pose_global_one_arm_only_active_fraction,-0.0,0.0
elastic_net,1,active_pair_usm_b,-0.0,0.0
elastic_net,2,USM0_pose_global_rotation_determinant_mean,-0.34564469460445085,0.34564469460445085
elastic_net,2,USM2_pose_global_mean_angular_speed_rad_s,0.34081024802125365,0.34081024802125365
elastic_net,2,USM0_pose_global_rotation_orthogonality_error_mean,0.3400920602815478,0.3400920602815478
elastic_net,2,active_pair_simultaneous_active_fraction,0.3115236935373704,0.3115236935373704
elastic_net,2,USM2_pose_global_rotation_orthogonality_error_mean,0.2909474839674902,0.2909474839674902
elastic_net,2,USM0_pose_global_rotation_orthogonality_error_max,0.2884901589081252,0.2884901589081252
elastic_net,2,USM2_pose_global_mean_abs_angular_acceleration_rad_s2,0.2381856288241462,0.2381856288241462
elastic_net,2,USM0_pose_global_rotation_path_radians,-0.23338614349748749,0.23338614349748749
elastic_net,2,USM2_pose_global_rotation_orthogonality_error_max,0.22010268748133818,0.22010268748133818
elastic_net,2,USM2_USM3_pose_global_distance_range_rel,0.21155115050150314,0.21155115050150314
elastic_net,2,USM0_pose_global_n_samples,-0.20878951600268292,0.20878951600268292
elastic_net,2,USM2_pose_global_pause_duration_seconds,-0.20159945507391083,0.20159945507391083
elastic_net,2,USM0_pose_global_movement_economy,-0.2011845383151202,0.2011845383151202
elastic_net,2,USM3_pose_global_pause_count,-0.19993717922563806,0.19993717922563806
elastic_net,2,active_pair_path_length_imbalance,-0.18356014000566542,0.18356014000566542
elastic_net,2,USM2_pose_global_rotation_determinant_mean,-0.18319223827289252,0.18319223827289252
elastic_net,2,USM0_USM2_pose_global_simultaneous_active_fraction,0.1739000943142738,0.1739000943142738
elastic_net,2,USM3_pose_global_mean_angular_speed_rad_s,0.16352563674745155,0.16352563674745155
elastic_net,2,USM0_USM3_pose_global_one_arm_only_active_fraction,-0.15212475440773604,0.15212475440773604
elastic_net,2,USM0_pose_global_mean_angular_speed_rad_s,0.14980186994973607,0.14980186994973607
elastic_net,2,USM3_pose_global_pause_duration_seconds,-0.14339723029446244,0.14339723029446244
elastic_net,2,USM3_pose_global_pause_fraction,-0.13840565176766562,0.13840565176766562
elastic_net,2,USM0_pose_global_mean_abs_angular_acceleration_rad_s2,0.13538266746110467,0.13538266746110467
elastic_net,2,USM3_pose_global_mean_abs_angular_acceleration_rad_s2,0.1300914181114737,0.1300914181114737
elastic_net,2,USM0_pose_global_raw_path_l2,-0.12660726250255286,0.12660726250255286
elastic_net,2,USM0_pose_global_idle_threshold_relative,0.12313909612888733,0.12313909612888733
elastic_net,2,USM0_pose_global_pause_duration_seconds,-0.12106109718497794,0.12106109718497794
elastic_net,2,USM3_pose_global_idle_threshold_relative,0.11392153544954714,0.11392153544954714
elastic_net,2,USM2_pose_global_max_angular_speed_rad_s,0.11347017555203581,0.11347017555203581
elastic_net,2,USM3_pose_global_log_dimensionless_jerk,0.11136489459259317,0.11136489459259317
elastic_net,2,USM0_pose_global_log_dimensionless_jerk,0.10709862250459172,0.10709862250459172
elastic_net,2,USM2_pose_global_movement_economy,-0.106868352431562,0.106868352431562
elastic_net,2,active_pair_one_arm_only_active_fraction,-0.10177955209625851,0.10177955209625851
elastic_net,2,USM2_pose_global_pause_count,-0.1010044796702485,0.1010044796702485
elastic_net,2,USM3_pose_global_mean_speed_l2,0.10007961776004681,0.10007961776004681
elastic_net,2,USM2_pose_global_raw_path_l2,-0.099329771691012,0.099329771691012
elastic_net,2,USM2_pose_global_idle_fraction_relative,-0.0985735684222893,0.0985735684222893
elastic_net,2,USM2_USM3_pose_global_speed_correlation,-0.09815675972544871,0.09815675972544871
elastic_net,2,USM2_USM3_pose_global_std_distance_rel,0.09810978123587422,0.09810978123587422
elastic_net,2,USM3_pose_global_movement_economy,0.09702721446612386,0.09702721446612386
elastic_net,2,USM3_pose_global_dimensionless_jerk,-0.09175196178002444,0.09175196178002444
elastic_net,2,USM3_pose_global_idle_fraction_relative,-0.09094613687349916,0.09094613687349916
elastic_net,2,USM3_pose_global_rotation_path_radians,0.0903990884092189,0.0903990884092189
elastic_net,2,USM2_pose_global_log_dimensionless_jerk,0.08570866094484503,0.08570866094484503
elastic_net,2,USM2_pose_global_max_abs_angular_acceleration_rad_s2,0.07810228466197607,0.07810228466197607
elastic_net,2,USM0_pose_global_path_l2,-0.07273163916405344,0.07273163916405344
elastic_net,2,USM2_USM3_pose_global_both_idle_fraction,-0.07119076818635035,0.07119076818635035
elastic_net,2,USM0_USM3_pose_global_simultaneous_active_fraction,0.07039216052694236,0.07039216052694236
elastic_net,2,USM3_pose_global_mean_acceleration_l2,0.070180884227174,0.070180884227174
elastic_net,2,USM0_pose_global_pause_count,-0.0699993974722817,0.0699993974722817
elastic_net,2,USM3_pose_global_rms_speed_l2,0.0600742868954265,0.0600742868954265
elastic_net,2,USM3_pose_global_max_acceleration_l2,0.05451821378123249,0.05451821378123249
elastic_net,2,USM2_pose_global_path_l2,-0.05367698504741289,0.05367698504741289
elastic_net,2,USM3_pose_global_max_speed_l2,0.0517669093306898,0.0517669093306898
elastic_net,2,USM0_pose_global_economy_area_xy,-0.04179858087360416,0.04179858087360416
elastic_net,2,USM2_USM3_pose_global_one_arm_only_active_fraction,0.04052684844324357,0.04052684844324357
elastic_net,2,USM3_pose_global_active,-0.039903213165515,0.039903213165515
elastic_net,2,USM0_USM3_pose_global_mean_distance_rel,0.03431288361606539,0.03431288361606539
elastic_net,2,all_psm_pose_global_path_total_m,-0.03279660774268796,0.03279660774268796
elastic_net,2,USM0_pose_global_rotation_determinant_std,0.032505915105045684,0.032505915105045684
elastic_net,2,USM0_USM3_pose_global_mean_abs_relative_speed,0.030633267944435563,0.030633267944435563
elastic_net,2,active_pair_path_length_b_rel,-0.0275801377938908,0.0275801377938908
elastic_net,2,USM0_USM2_pose_global_alignment_coverage,0.024407402524652656,0.024407402524652656
elastic_net,2,USM0_pose_global_economy_area_yz,-0.022199048797310474,0.022199048797310474
elastic_net,2,active_pair_speed_correlation,0.020069185970672424,0.020069185970672424
elastic_net,2,active_pair_both_idle_fraction,-0.019040944148622632,0.019040944148622632
elastic_net,2,USM0_USM3_pose_global_path_length_imbalance,-0.016108330418522266,0.016108330418522266
elastic_net,2,USM0_USM2_pose_global_one_arm_only_active_fraction,-0.015144984137400118,0.015144984137400118
elastic_net,2,USM3_pose_global_rotation_orthogonality_error_mean,-0.008440294876050681,0.008440294876050681
elastic_net,2,USM0_pose_global_economy_volume,-0.0016506819852042873,0.0016506819852042873
elastic_net,2,USM0_pose_global_median_dt_seconds,0.0006655942659443603,0.0006655942659443603
elastic_net,2,USM0_pose_global_max_angular_speed_rad_s,-0.0,0.0
elastic_net,2,USM0_pose_global_max_abs_angular_acceleration_rad_s2,-0.0,0.0
elastic_net,2,USM2_pose_global_z_range_m,-0.0,0.0
elastic_net,2,USM2_pose_global_mean_speed_l2,0.0,0.0
elastic_net,2,USM2_pose_global_economy_area_xy,-0.0,0.0
elastic_net,2,USM2_pose_global_economy_volume,0.0,0.0
elastic_net,2,USM0_pose_global_idle_fraction_relative,-0.0,0.0
elastic_net,2,USM0_pose_global_max_jerk_l2,0.0,0.0
elastic_net,2,USM0_pose_global_max_speed_l2,0.0,0.0
elastic_net,2,USM0_pose_global_dimensionless_jerk,-0.0,0.0
elastic_net,2,USM0_pose_global_net_displacement_l2,-0.0,0.0
elastic_net,2,USM0_pose_global_mean_speed_l2,0.0,0.0
elastic_net,2,USM0_pose_global_max_gap_seconds,-0.0,0.0
elastic_net,2,USM0_pose_global_rms_speed_l2,0.0,0.0
elastic_net,2,USM0_pose_global_y_range_m,-0.0,0.0
elastic_net,2,USM0_pose_global_x_range_m,-0.0,0.0
elastic_net,2,USM0_pose_global_pause_fraction,-0.0,0.0
elastic_net,2,USM0_pose_global_economy_area_xz,-0.0,0.0
elastic_net,2,USM2_pose_global_idle_threshold_relative,0.0,0.0
elastic_net,2,USM2_pose_global_dimensionless_jerk,-0.0,0.0
elastic_net,2,USM2_pose_global_x_range_m,-0.0,0.0
elastic_net,2,USM2_pose_global_y_range_m,-0.0,0.0
elastic_net,2,USM3_pose_global_net_displacement_l2,0.0,0.0
elastic_net,2,USM3_pose_global_raw_path_l2,0.0,0.0
elastic_net,2,USM2_pose_global_rotation_path_radians,-0.0,0.0
elastic_net,2,USM2_pose_global_rotation_determinant_std,-0.0,0.0
elastic_net,2,USM2_pose_global_economy_area_yz,-0.0,0.0
elastic_net,2,USM2_pose_global_economy_area_xz,0.0,0.0
elastic_net,2,USM3_pose_global_economy_area_xz,0.0,0.0
elastic_net,2,USM3_pose_global_economy_area_yz,-0.0,0.0
elastic_net,2,USM3_pose_global_z_range_m,-0.0,0.0
elastic_net,2,USM3_pose_global_economy_area_xy,0.0,0.0
elastic_net,2,USM3_pose_global_y_range_m,0.0,0.0
elastic_net,2,USM3_pose_global_x_range_m,0.0,0.0
elastic_net,2,USM3_pose_global_jerk_cost,0.0,0.0
elastic_net,2,USM3_pose_global_max_jerk_l2,0.0,0.0
elastic_net,2,USM3_pose_global_economy_volume,-0.0,0.0
elastic_net,2,USM3_pose_global_rotation_orthogonality_error_max,-0.0,0.0
elastic_net,2,USM0_pose_global_active,0.0,0.0
elastic_net,2,USM3_pose_global_max_angular_speed_rad_s,-0.0,0.0
elastic_net,2,USM3_pose_global_rotation_determinant_std,-0.0,0.0
elastic_net,2,USM3_pose_global_rotation_determinant_mean,0.0,0.0
elastic_net,2,USM0_USM2_pose_global_both_idle_fraction,-0.0,0.0
elastic_net,2,USM0_USM2_pose_global_speed_correlation,-0.0,0.0
elastic_net,2,USM0_USM2_pose_global_path_length_imbalance,-0.0,0.0
elastic_net,2,USM0_USM3_pose_global_speed_correlation,0.0,0.0
elastic_net,2,USM0_USM3_pose_global_both_idle_fraction,0.0,0.0
elastic_net,2,USM0_USM3_pose_global_std_distance_rel,0.0,0.0
elastic_net,2,USM0_USM3_pose_global_distance_range_rel,0.0,0.0
elastic_net,2,USM2_USM3_pose_global_mean_distance_rel,0.0,0.0
elastic_net,2,USM2_USM3_pose_global_path_length_imbalance,0.0,0.0
elastic_net,2,USM2_USM3_pose_global_simultaneous_active_fraction,0.0,0.0
elastic_net,2,active_pair_usm_a,-0.0,0.0
elastic_net,2,active_pair_usm_b,0.0,0.0
elastic_net,3,USM0_pose_global_rotation_determinant_mean,-0.30917661349243697,0.30917661349243697
elastic_net,3,USM0_pose_global_rotation_orthogonality_error_mean,0.2679621253107764,0.2679621253107764
elastic_net,3,USM2_pose_global_rotation_orthogonality_error_mean,0.2665007565495574,0.2665007565495574
elastic_net,3,USM0_pose_global_rotation_orthogonality_error_max,0.25814065255222846,0.25814065255222846
elastic_net,3,active_pair_simultaneous_active_fraction,0.23528804393122482,0.23528804393122482
elastic_net,3,USM3_pose_global_pause_count,-0.23513027897363536,0.23513027897363536
elastic_net,3,USM0_pose_global_mean_angular_speed_rad_s,0.23481373498629085,0.23481373498629085
elastic_net,3,USM0_pose_global_n_samples,-0.20447565566913922,0.20447565566913922
elastic_net,3,USM2_pose_global_pause_duration_seconds,-0.20315803289256612,0.20315803289256612
elastic_net,3,USM2_pose_global_mean_angular_speed_rad_s,0.19692963262394186,0.19692963262394186
elastic_net,3,USM0_USM3_pose_global_one_arm_only_active_fraction,-0.18910111897768211,0.18910111897768211
elastic_net,3,USM0_pose_global_movement_economy,-0.18141341975695663,0.18141341975695663
elastic_net,3,USM0_USM3_pose_global_path_length_imbalance,-0.17045073004790273,0.17045073004790273
elastic_net,3,USM2_pose_global_rotation_orthogonality_error_max,0.1687673770153864,0.1687673770153864
elastic_net,3,USM2_pose_global_rotation_determinant_mean,-0.14733849849026415,0.14733849849026415
elastic_net,3,USM3_pose_global_pause_duration_seconds,-0.1466531546388849,0.1466531546388849
elastic_net,3,USM2_pose_global_pause_count,-0.14146018841725602,0.14146018841725602
elastic_net,3,USM3_pose_global_mean_angular_speed_rad_s,0.14136191608742413,0.14136191608742413
elastic_net,3,USM0_pose_global_raw_path_l2,-0.141244615264483,0.141244615264483
elastic_net,3,active_pair_speed_correlation,0.13422202370432743,0.13422202370432743
elastic_net,3,USM0_USM2_pose_global_simultaneous_active_fraction,0.13258694537042937,0.13258694537042937
elastic_net,3,USM0_pose_global_idle_threshold_relative,0.13202303419353179,0.13202303419353179
elastic_net,3,USM0_pose_global_mean_abs_angular_acceleration_rad_s2,0.13160081306105173,0.13160081306105173
elastic_net,3,USM0_pose_global_rotation_path_radians,-0.11726233244941273,0.11726233244941273
elastic_net,3,USM0_pose_global_active,-0.11673169433096953,0.11673169433096953
elastic_net,3,USM3_pose_global_idle_threshold_relative,0.11420477048689641,0.11420477048689641
elastic_net,3,USM2_pose_global_mean_abs_angular_acceleration_rad_s2,0.11167586140303737,0.11167586140303737
elastic_net,3,USM0_pose_global_pause_duration_seconds,-0.10961536262316304,0.10961536262316304
elastic_net,3,USM3_pose_global_mean_speed_l2,0.10420188848118236,0.10420188848118236
elastic_net,3,USM2_pose_global_pause_fraction,-0.10151657023239767,0.10151657023239767
elastic_net,3,USM0_USM3_pose_global_simultaneous_active_fraction,0.09728143369337322,0.09728143369337322
elastic_net,3,USM0_pose_global_dimensionless_jerk,0.09653872358683088,0.09653872358683088
elastic_net,3,USM2_USM3_pose_global_distance_range_rel,0.09532048298554582,0.09532048298554582
elastic_net,3,USM2_pose_global_max_angular_speed_rad_s,0.09480915343272305,0.09480915343272305
elastic_net,3,USM0_pose_global_path_l2,-0.09361432580257908,0.09361432580257908
elastic_net,3,USM3_pose_global_mean_abs_angular_acceleration_rad_s2,0.09171601174375336,0.09171601174375336
elastic_net,3,USM2_pose_global_raw_path_l2,-0.08745414154556619,0.08745414154556619
elastic_net,3,active_psm_count,-0.08199039111950034,0.08199039111950034
elastic_net,3,USM2_pose_global_idle_fraction_relative,-0.08086111677958817,0.08086111677958817
elastic_net,3,USM0_pose_global_pause_count,-0.08042868231850343,0.08042868231850343
elastic_net,3,USM3_pose_global_mean_acceleration_l2,0.07757371139280762,0.07757371139280762
elastic_net,3,USM3_pose_global_max_acceleration_l2,0.0770672106147591,0.0770672106147591
elastic_net,3,USM2_USM3_pose_global_both_idle_fraction,-0.07378604664311536,0.07378604664311536
elastic_net,3,USM3_pose_global_dimensionless_jerk,-0.06631786206685207,0.06631786206685207
elastic_net,3,USM3_pose_global_rms_speed_l2,0.056660987333714205,0.056660987333714205
elastic_net,3,active_pair_usm_a,0.05485674370799346,0.05485674370799346
elastic_net,3,USM0_pose_global_rotation_determinant_std,0.05330810387759437,0.05330810387759437
elastic_net,3,active_pair_path_length_imbalance,-0.04890419273648116,0.04890419273648116
elastic_net,3,USM3_pose_global_rotation_path_radians,0.04745152269776289,0.04745152269776289
elastic_net,3,USM0_USM3_pose_global_mean_abs_relative_speed,0.04687717112793011,0.04687717112793011
elastic_net,3,USM2_pose_global_path_l2,-0.04412045868041781,0.04412045868041781
elastic_net,3,active_pair_path_length_b_rel,-0.043344017890300214,0.043344017890300214
elastic_net,3,USM2_pose_global_idle_threshold_relative,0.042926380191237706,0.042926380191237706
elastic_net,3,all_psm_pose_global_path_total_m,-0.042496430588742945,0.042496430588742945
elastic_net,3,USM3_pose_global_active,-0.042323115294991914,0.042323115294991914
elastic_net,3,USM2_pose_global_movement_economy,-0.04231066240226441,0.04231066240226441
elastic_net,3,USM2_pose_global_rotation_path_radians,-0.04223741772497578,0.04223741772497578
elastic_net,3,active_pair_both_idle_fraction,-0.03929468704924154,0.03929468704924154
elastic_net,3,USM0_pose_global_log_dimensionless_jerk,0.03877046095082585,0.03877046095082585
elastic_net,3,USM0_pose_global_economy_area_xy,-0.036060202594492344,0.036060202594492344
elastic_net,3,USM2_pose_global_log_dimensionless_jerk,0.03296870794246604,0.03296870794246604
elastic_net,3,USM3_pose_global_idle_fraction_relative,-0.03273655183997121,0.03273655183997121
elastic_net,3,USM3_pose_global_pause_fraction,-0.03195976253588964,0.03195976253588964
elastic_net,3,USM2_USM3_pose_global_one_arm_only_active_fraction,0.031342459316507774,0.031342459316507774
elastic_net,3,USM3_pose_global_rotation_orthogonality_error_mean,-0.027522263357187892,0.027522263357187892
elastic_net,3,USM0_USM2_pose_global_speed_correlation,0.02744202460761675,0.02744202460761675
elastic_net,3,USM3_pose_global_log_dimensionless_jerk,0.027211364882731792,0.027211364882731792
elastic_net,3,USM0_USM2_pose_global_alignment_coverage,0.019183035993312978,0.019183035993312978
elastic_net,3,active_pair_one_arm_only_active_fraction,-0.018731341409044686,0.018731341409044686
elastic_net,3,USM2_pose_global_dimensionless_jerk,-0.018318067750955076,0.018318067750955076
elastic_net,3,USM2_pose_global_max_abs_angular_acceleration_rad_s2,0.017729661907563855,0.017729661907563855
elastic_net,3,USM3_pose_global_max_speed_l2,0.01713076353044759,0.01713076353044759
elastic_net,3,USM0_pose_global_mean_speed_l2,0.015749390674260635,0.015749390674260635
elastic_net,3,USM0_USM2_pose_global_both_idle_fraction,-0.013299492473969388,0.013299492473969388
elastic_net,3,USM0_USM3_pose_global_mean_distance_rel,0.01306681331201423,0.01306681331201423
elastic_net,3,USM0_pose_global_median_dt_seconds,0.008436915889972875,0.008436915889972875
elastic_net,3,USM3_pose_global_rotation_orthogonality_error_max,-0.007972314278280681,0.007972314278280681
elastic_net,3,USM2_pose_global_economy_area_xz,0.003672107271180061,0.003672107271180061
elastic_net,3,USM0_pose_global_max_abs_angular_acceleration_rad_s2,-0.002305584720478178,0.002305584720478178
elastic_net,3,USM3_pose_global_y_range_m,0.0018419273865237647,0.0018419273865237647
elastic_net,3,USM2_USM3_pose_global_path_length_imbalance,-0.001692309203555512,0.001692309203555512
elastic_net,3,USM0_pose_global_max_gap_seconds,-0.0,0.0
elastic_net,3,USM2_pose_global_y_range_m,-0.0,0.0
elastic_net,3,USM2_pose_global_mean_speed_l2,0.0,0.0
elastic_net,3,USM0_pose_global_y_range_m,-0.0,0.0
elastic_net,3,USM0_pose_global_x_range_m,-0.0,0.0
elastic_net,3,USM0_pose_global_idle_fraction_relative,-0.0,0.0
elastic_net,3,USM0_pose_global_pause_fraction,-0.0,0.0
elastic_net,3,USM0_pose_global_net_displacement_l2,-0.0,0.0
elastic_net,3,USM0_pose_global_rms_speed_l2,0.0,0.0
elastic_net,3,USM0_pose_global_max_speed_l2,-0.0,0.0
elastic_net,3,USM0_pose_global_max_jerk_l2,-0.0,0.0
elastic_net,3,USM0_pose_global_economy_volume,-0.0,0.0
elastic_net,3,USM0_pose_global_economy_area_yz,-0.0,0.0
elastic_net,3,USM2_pose_global_net_displacement_l2,-0.0,0.0
elastic_net,3,USM2_pose_global_x_range_m,0.0,0.0
elastic_net,3,USM2_pose_global_z_range_m,-0.0,0.0
elastic_net,3,USM0_pose_global_z_range_m,-0.0,0.0
elastic_net,3,USM0_pose_global_economy_area_xz,-0.0,0.0
elastic_net,3,USM0_pose_global_max_angular_speed_rad_s,-0.0,0.0
elastic_net,3,USM3_pose_global_net_displacement_l2,-0.0,0.0
elastic_net,3,USM3_pose_global_movement_economy,0.0,0.0
elastic_net,3,USM3_pose_global_raw_path_l2,0.0,0.0
elastic_net,3,USM2_pose_global_rotation_determinant_std,-0.0,0.0
elastic_net,3,USM2_pose_global_economy_area_yz,0.0,0.0
elastic_net,3,USM2_pose_global_economy_volume,0.0,0.0
elastic_net,3,USM2_pose_global_workspace_box_volume_m3,0.0,0.0
elastic_net,3,USM2_pose_global_economy_area_xy,0.0,0.0
elastic_net,3,USM3_pose_global_jerk_cost,0.0,0.0
elastic_net,3,USM3_pose_global_x_range_m,-0.0,0.0
elastic_net,3,USM3_pose_global_z_range_m,-0.0,0.0
elastic_net,3,USM3_pose_global_max_jerk_l2,0.0,0.0
elastic_net,3,USM3_pose_global_workspace_box_volume_m3,-0.0,0.0
elastic_net,3,USM3_pose_global_economy_area_yz,0.0,0.0
elastic_net,3,USM3_pose_global_rotation_determinant_mean,0.0,0.0
elastic_net,3,USM3_pose_global_rotation_determinant_std,-0.0,0.0
elastic_net,3,USM3_pose_global_max_abs_angular_acceleration_rad_s2,-0.0,0.0
elastic_net,3,USM3_pose_global_max_angular_speed_rad_s,-0.0,0.0
elastic_net,3,USM3_pose_global_economy_area_xy,-0.0,0.0
elastic_net,3,USM3_pose_global_economy_area_xz,0.0,0.0
elastic_net,3,USM3_pose_global_economy_volume,-0.0,0.0
elastic_net,3,USM0_USM2_pose_global_path_length_imbalance,0.0,0.0
elastic_net,3,USM0_USM2_pose_global_one_arm_only_active_fraction,-0.0,0.0
elastic_net,3,USM0_USM3_pose_global_speed_correlation,0.0,0.0
elastic_net,3,USM0_USM3_pose_global_both_idle_fraction,0.0,0.0
elastic_net,3,USM0_USM3_pose_global_std_distance_rel,-0.0,0.0
elastic_net,3,USM0_USM3_pose_global_distance_range_rel,0.0,0.0
elastic_net,3,USM2_USM3_pose_global_speed_correlation,-0.0,0.0
elastic_net,3,USM2_USM3_pose_global_simultaneous_active_fraction,0.0,0.0
elastic_net,3,USM2_USM3_pose_global_mean_distance_rel,0.0,0.0
elastic_net,3,USM2_USM3_pose_global_std_distance_rel,0.0,0.0
elastic_net,3,active_pair_usm_b,0.0,0.0
elastic_net,4,USM2_pose_global_mean_angular_speed_rad_s,0.2944772766775157,0.2944772766775157
elastic_net,4,USM3_pose_global_pause_count,-0.2872190237554772,0.2872190237554772
elastic_net,4,USM0_pose_global_rotation_orthogonality_error_mean,0.2809987833417209,0.2809987833417209
elastic_net,4,USM0_pose_global_movement_economy,-0.26005382325879256,0.26005382325879256
elastic_net,4,USM0_pose_global_rotation_determinant_mean,-0.24451388407061864,0.24451388407061864
elastic_net,4,USM0_pose_global_n_samples,-0.23148444983655872,0.23148444983655872
elastic_net,4,USM2_pose_global_mean_abs_angular_acceleration_rad_s2,0.2284560441690062,0.2284560441690062
elastic_net,4,USM2_pose_global_rotation_orthogonality_error_mean,0.21818416333964433,0.21818416333964433
elastic_net,4,USM0_pose_global_mean_angular_speed_rad_s,0.2157703216921296,0.2157703216921296
elastic_net,4,USM0_pose_global_rotation_orthogonality_error_max,0.2068356838148819,0.2068356838148819
elastic_net,4,USM2_pose_global_pause_duration_seconds,-0.20219795778252125,0.20219795778252125
elastic_net,4,USM0_pose_global_mean_abs_angular_acceleration_rad_s2,0.1791115506361186,0.1791115506361186
elastic_net,4,active_pair_simultaneous_active_fraction,0.17832076131673355,0.17832076131673355
elastic_net,4,USM0_pose_global_rotation_path_radians,-0.17328867675548304,0.17328867675548304
elastic_net,4,USM0_USM3_pose_global_one_arm_only_active_fraction,-0.16739347524045262,0.16739347524045262
elastic_net,4,USM2_pose_global_rotation_determinant_mean,-0.1641554929640761,0.1641554929640761
elastic_net,4,USM0_pose_global_idle_threshold_relative,0.16327698198893975,0.16327698198893975
elastic_net,4,USM0_pose_global_raw_path_l2,-0.15471217926645828,0.15471217926645828
elastic_net,4,USM2_pose_global_pause_count,-0.14634147006727824,0.14634147006727824
elastic_net,4,USM0_pose_global_pause_duration_seconds,-0.13683196477741094,0.13683196477741094
elastic_net,4,USM0_USM3_pose_global_path_length_imbalance,-0.12952044071248486,0.12952044071248486
elastic_net,4,USM3_pose_global_pause_duration_seconds,-0.12933536874840293,0.12933536874840293
elastic_net,4,USM0_USM3_pose_global_simultaneous_active_fraction,0.12772345732595278,0.12772345732595278
elastic_net,4,USM0_pose_global_log_dimensionless_jerk,0.12645275029330585,0.12645275029330585
elastic_net,4,USM2_pose_global_raw_path_l2,-0.12562630428200403,0.12562630428200403
elastic_net,4,USM0_pose_global_active,-0.12113775448337244,0.12113775448337244
elastic_net,4,active_pair_speed_correlation,0.11944694678561596,0.11944694678561596
elastic_net,4,USM3_pose_global_mean_angular_speed_rad_s,0.11887426890024996,0.11887426890024996
elastic_net,4,USM3_pose_global_log_dimensionless_jerk,0.11548884533953398,0.11548884533953398
elastic_net,4,USM2_pose_global_movement_economy,-0.11498108437129859,0.11498108437129859
elastic_net,4,USM2_pose_global_log_dimensionless_jerk,0.11442854722233299,0.11442854722233299
elastic_net,4,USM0_pose_global_dimensionless_jerk,0.10611241373721436,0.10611241373721436
elastic_net,4,USM2_pose_global_max_angular_speed_rad_s,0.10447298292660388,0.10447298292660388
elastic_net,4,USM3_pose_global_idle_threshold_relative,0.10373235711344708,0.10373235711344708
elastic_net,4,USM0_pose_global_path_l2,-0.10257745574913409,0.10257745574913409
elastic_net,4,USM2_USM3_pose_global_distance_range_rel,0.10211175681532329,0.10211175681532329
elastic_net,4,USM2_pose_global_rotation_orthogonality_error_max,0.10080260157893062,0.10080260157893062
elastic_net,4,USM3_pose_global_pause_fraction,-0.08891097518712782,0.08891097518712782
elastic_net,4,USM0_USM2_pose_global_simultaneous_active_fraction,0.0886085378651962,0.0886085378651962
elastic_net,4,USM2_USM3_pose_global_simultaneous_active_fraction,0.08510086875798652,0.08510086875798652
elastic_net,4,active_pair_path_length_imbalance,-0.08059936165959139,0.08059936165959139
elastic_net,4,USM3_pose_global_max_acceleration_l2,0.07946654237785326,0.07946654237785326
elastic_net,4,USM0_pose_global_median_dt_seconds,0.07807273258748831,0.07807273258748831
elastic_net,4,USM3_pose_global_idle_fraction_relative,-0.07445817396646758,0.07445817396646758
elastic_net,4,active_psm_count,-0.07370439122005246,0.07370439122005246
elastic_net,4,all_psm_pose_global_path_total_m,-0.07317640525736333,0.07317640525736333
elastic_net,4,USM2_pose_global_path_l2,-0.07309405252657114,0.07309405252657114
elastic_net,4,active_pair_path_length_b_rel,-0.07254303468129553,0.07254303468129553
elastic_net,4,active_pair_one_arm_only_active_fraction,-0.07157364883184872,0.07157364883184872
elastic_net,4,USM3_pose_global_movement_economy,0.06938294945548112,0.06938294945548112
elastic_net,4,USM2_USM3_pose_global_both_idle_fraction,-0.0668121645129196,0.0668121645129196
elastic_net,4,USM3_pose_global_max_jerk_l2,0.06424083167900699,0.06424083167900699
elastic_net,4,USM2_pose_global_pause_fraction,-0.06302226554031574,0.06302226554031574
elastic_net,4,USM3_pose_global_mean_abs_angular_acceleration_rad_s2,0.061120033842443654,0.061120033842443654
elastic_net,4,USM3_pose_global_mean_speed_l2,0.06042913285185424,0.06042913285185424
elastic_net,4,USM0_pose_global_pause_count,-0.059203687068429156,0.059203687068429156
elastic_net,4,USM3_pose_global_max_speed_l2,0.0569402026621322,0.0569402026621322
elastic_net,4,USM0_USM2_pose_global_speed_correlation,0.05013316777260175,0.05013316777260175
elastic_net,4,USM2_pose_global_idle_threshold_relative,0.04806137695077877,0.04806137695077877
elastic_net,4,USM2_pose_global_economy_area_xy,0.04617977702086296,0.04617977702086296
elastic_net,4,active_pair_usm_a,0.04424814308321122,0.04424814308321122
elastic_net,4,USM0_USM3_pose_global_speed_correlation,0.043228193552001255,0.043228193552001255
elastic_net,4,USM3_pose_global_y_range_m,0.04079526649884841,0.04079526649884841
elastic_net,4,USM3_pose_global_dimensionless_jerk,-0.038750793262921565,0.038750793262921565
elastic_net,4,USM3_pose_global_rms_speed_l2,0.03872410661355885,0.03872410661355885
elastic_net,4,USM3_pose_global_mean_acceleration_l2,0.038387655949955676,0.038387655949955676
elastic_net,4,USM3_pose_global_rotation_path_radians,0.03752391812258628,0.03752391812258628
elastic_net,4,USM2_pose_global_idle_fraction_relative,-0.03654923572537083,0.03654923572537083
elastic_net,4,USM0_USM3_pose_global_mean_abs_relative_speed,0.036277518578386986,0.036277518578386986
elastic_net,4,USM3_pose_global_active,-0.03399012456759625,0.03399012456759625
elastic_net,4,USM2_USM3_pose_global_speed_correlation,0.0332180444070358,0.0332180444070358
elastic_net,4,USM2_pose_global_max_abs_angular_acceleration_rad_s2,0.030336013412263458,0.030336013412263458
elastic_net,4,USM3_pose_global_economy_volume,-0.028432573752087163,0.028432573752087163
elastic_net,4,USM0_pose_global_mean_speed_l2,0.027098913738329122,0.027098913738329122
elastic_net,4,USM2_pose_global_economy_volume,0.022350652904829932,0.022350652904829932
elastic_net,4,USM0_USM3_pose_global_mean_distance_rel,0.020889050969190717,0.020889050969190717
elastic_net,4,USM0_USM2_pose_global_one_arm_only_active_fraction,-0.018907561012279767,0.018907561012279767
elastic_net,4,USM0_pose_global_economy_area_yz,-0.01767981264352578,0.01767981264352578
elastic_net,4,USM2_pose_global_rotation_determinant_std,-0.01687470298590181,0.01687470298590181
elastic_net,4,USM2_pose_global_economy_area_xz,0.014962850096024249,0.014962850096024249
elastic_net,4,USM3_pose_global_rotation_determinant_std,-0.007709783172291974,0.007709783172291974
elastic_net,4,active_pair_usm_b,0.0063459339925036546,0.0063459339925036546
elastic_net,4,USM0_USM2_pose_global_alignment_coverage,0.004781607831493792,0.004781607831493792
elastic_net,4,USM2_pose_global_rotation_path_radians,-0.001699236124890609,0.001699236124890609
elastic_net,4,USM0_pose_global_max_gap_seconds,-0.0,0.0
elastic_net,4,USM0_pose_global_y_range_m,-0.0,0.0
elastic_net,4,USM0_pose_global_idle_fraction_relative,0.0,0.0
elastic_net,4,USM0_pose_global_pause_fraction,0.0,0.0
elastic_net,4,USM0_pose_global_net_displacement_l2,-0.0,0.0
elastic_net,4,USM0_pose_global_rms_speed_l2,0.0,0.0
elastic_net,4,USM0_pose_global_max_speed_l2,-0.0,0.0
elastic_net,4,USM0_pose_global_max_jerk_l2,-0.0,0.0
elastic_net,4,USM0_pose_global_z_range_m,-0.0,0.0
elastic_net,4,USM0_pose_global_x_range_m,-0.0,0.0
elastic_net,4,USM0_pose_global_economy_area_xy,-0.0,0.0
elastic_net,4,USM0_pose_global_economy_area_xz,-0.0,0.0
elastic_net,4,USM0_pose_global_economy_volume,-0.0,0.0
elastic_net,4,USM0_pose_global_rotation_determinant_std,-0.0,0.0
elastic_net,4,USM0_pose_global_max_angular_speed_rad_s,-0.0,0.0
elastic_net,4,USM0_pose_global_max_abs_angular_acceleration_rad_s2,-0.0,0.0
elastic_net,4,USM3_pose_global_net_displacement_l2,0.0,0.0
elastic_net,4,USM3_pose_global_raw_path_l2,0.0,0.0
elastic_net,4,USM2_pose_global_economy_area_yz,0.0,0.0
elastic_net,4,USM2_pose_global_dimensionless_jerk,-0.0,0.0
elastic_net,4,USM2_pose_global_y_range_m,0.0,0.0
elastic_net,4,USM2_pose_global_x_range_m,0.0,0.0
elastic_net,4,USM2_pose_global_workspace_box_volume_m3,0.0,0.0
elastic_net,4,USM2_pose_global_z_range_m,-0.0,0.0
elastic_net,4,USM2_pose_global_net_displacement_l2,-0.0,0.0
elastic_net,4,USM2_pose_global_mean_speed_l2,0.0,0.0
elastic_net,4,USM3_pose_global_z_range_m,-0.0,0.0
elastic_net,4,USM3_pose_global_workspace_box_volume_m3,0.0,0.0
elastic_net,4,USM3_pose_global_jerk_cost,0.0,0.0
elastic_net,4,USM3_pose_global_x_range_m,-0.0,0.0
elastic_net,4,USM3_pose_global_rotation_orthogonality_error_max,-0.0,0.0
elastic_net,4,USM3_pose_global_rotation_determinant_mean,-0.0,0.0
elastic_net,4,USM3_pose_global_max_abs_angular_acceleration_rad_s2,-0.0,0.0
elastic_net,4,USM3_pose_global_max_angular_speed_rad_s,-0.0,0.0
elastic_net,4,USM3_pose_global_economy_area_xz,-0.0,0.0
elastic_net,4,USM3_pose_global_economy_area_xy,0.0,0.0
elastic_net,4,USM3_pose_global_economy_area_yz,-0.0,0.0
elastic_net,4,USM3_pose_global_rotation_orthogonality_error_mean,0.0,0.0
elastic_net,4,USM0_USM2_pose_global_both_idle_fraction,-0.0,0.0
elastic_net,4,USM0_USM2_pose_global_path_length_imbalance,0.0,0.0
elastic_net,4,USM0_USM3_pose_global_both_idle_fraction,-0.0,0.0
elastic_net,4,USM0_USM3_pose_global_std_distance_rel,-0.0,0.0
elastic_net,4,USM0_USM3_pose_global_distance_range_rel,0.0,0.0
elastic_net,4,USM2_USM3_pose_global_mean_distance_rel,0.0,0.0
elastic_net,4,USM2_USM3_pose_global_path_length_imbalance,-0.0,0.0
elastic_net,4,USM2_USM3_pose_global_one_arm_only_active_fraction,0.0,0.0
elastic_net,4,USM2_USM3_pose_global_std_distance_rel,0.0,0.0
elastic_net,4,active_pair_both_idle_fraction,-0.0,0.0
elastic_net,5,USM0_pose_global_rotation_orthogonality_error_mean,0.3282186410371519,0.3282186410371519
elastic_net,5,USM2_pose_global_rotation_orthogonality_error_mean,0.32205892852296614,0.32205892852296614
elastic_net,5,USM2_pose_global_mean_angular_speed_rad_s,0.29907610016377195,0.29907610016377195
elastic_net,5,USM0_pose_global_rotation_determinant_mean,-0.2903062143339747,0.2903062143339747
elastic_net,5,USM3_pose_global_pause_count,-0.2902247254683964,0.2902247254683964
elastic_net,5,USM2_pose_global_mean_abs_angular_acceleration_rad_s2,0.28801384732217516,0.28801384732217516
elastic_net,5,USM0_pose_global_rotation_orthogonality_error_max,0.2843660727886332,0.2843660727886332
elastic_net,5,USM0_pose_global_movement_economy,-0.23648082587146102,0.23648082587146102
elastic_net,5,USM0_pose_global_mean_abs_angular_acceleration_rad_s2,0.22689681366527345,0.22689681366527345
elastic_net,5,USM2_pose_global_pause_duration_seconds,-0.22189094134930334,0.22189094134930334
elastic_net,5,USM0_pose_global_mean_angular_speed_rad_s,0.2035415550394087,0.2035415550394087
elastic_net,5,USM2_pose_global_rotation_orthogonality_error_max,0.1806280483511128,0.1806280483511128
elastic_net,5,USM0_pose_global_n_samples,-0.17717673730689307,0.17717673730689307
elastic_net,5,USM0_pose_global_rotation_path_radians,-0.16494718541028955,0.16494718541028955
elastic_net,5,USM2_USM3_pose_global_distance_range_rel,0.1590070031941528,0.1590070031941528
elastic_net,5,USM0_USM3_pose_global_one_arm_only_active_fraction,-0.15854180887238392,0.15854180887238392
elastic_net,5,active_pair_simultaneous_active_fraction,0.15789254690500887,0.15789254690500887
elastic_net,5,USM3_pose_global_pause_fraction,-0.15439255247324488,0.15439255247324488
elastic_net,5,USM3_pose_global_mean_angular_speed_rad_s,0.15310830584576512,0.15310830584576512
elastic_net,5,USM3_pose_global_idle_threshold_relative,0.1529222766600466,0.1529222766600466
elastic_net,5,USM2_pose_global_rotation_determinant_mean,-0.1480490181093287,0.1480490181093287
elastic_net,5,USM0_pose_global_dimensionless_jerk,0.14601469500765785,0.14601469500765785
elastic_net,5,USM0_pose_global_idle_threshold_relative,0.1409278512803251,0.1409278512803251
elastic_net,5,active_psm_count,-0.14050499077162248,0.14050499077162248
elastic_net,5,USM2_pose_global_pause_count,-0.13838554240792608,0.13838554240792608
elastic_net,5,USM3_pose_global_idle_fraction_relative,-0.1379763477138718,0.1379763477138718
elastic_net,5,USM0_pose_global_raw_path_l2,-0.1327780456346381,0.1327780456346381
elastic_net,5,USM0_USM3_pose_global_path_length_imbalance,-0.13058480766296404,0.13058480766296404
elastic_net,5,USM2_pose_global_pause_fraction,-0.12699810111416163,0.12699810111416163
elastic_net,5,USM3_pose_global_pause_duration_seconds,-0.12018248274095564,0.12018248274095564
elastic_net,5,active_pair_speed_correlation,0.11937011476350114,0.11937011476350114
elastic_net,5,USM0_USM3_pose_global_mean_distance_rel,0.11263777737740534,0.11263777737740534
elastic_net,5,active_pair_path_length_imbalance,-0.11020166711098558,0.11020166711098558
elastic_net,5,USM2_USM3_pose_global_speed_correlation,-0.1027365020585005,0.1027365020585005
elastic_net,5,USM3_pose_global_active,-0.09687722082006879,0.09687722082006879
elastic_net,5,USM3_pose_global_mean_abs_angular_acceleration_rad_s2,0.09626929780180166,0.09626929780180166
elastic_net,5,USM2_pose_global_raw_path_l2,-0.08504826898052026,0.08504826898052026
elastic_net,5,USM2_pose_global_movement_economy,-0.08085143840156533,0.08085143840156533
elastic_net,5,USM0_pose_global_path_l2,-0.0804188944233857,0.0804188944233857
elastic_net,5,USM3_pose_global_mean_speed_l2,0.07561441568977148,0.07561441568977148
elastic_net,5,USM2_pose_global_idle_fraction_relative,-0.07486585208384468,0.07486585208384468
elastic_net,5,USM3_pose_global_dimensionless_jerk,-0.07255205701772208,0.07255205701772208
elastic_net,5,USM2_USM3_pose_global_both_idle_fraction,-0.0719636024309574,0.0719636024309574
elastic_net,5,USM3_pose_global_max_acceleration_l2,0.06948351103628873,0.06948351103628873
elastic_net,5,USM3_pose_global_rotation_path_radians,0.06374932707515445,0.06374932707515445
elastic_net,5,active_pair_one_arm_only_active_fraction,-0.059324271552570945,0.059324271552570945
elastic_net,5,active_pair_usm_a,0.0580411823089489,0.0580411823089489
elastic_net,5,USM2_pose_global_rotation_determinant_std,-0.057573213359103974,0.057573213359103974
elastic_net,5,USM3_pose_global_rotation_determinant_std,-0.05744448548290197,0.05744448548290197
elastic_net,5,USM2_pose_global_economy_area_xy,0.054141120835578045,0.054141120835578045
elastic_net,5,USM3_pose_global_movement_economy,0.05392449447557465,0.05392449447557465
elastic_net,5,USM3_pose_global_max_jerk_l2,0.05064550116450312,0.05064550116450312
elastic_net,5,USM3_pose_global_log_dimensionless_jerk,0.048979408485199445,0.048979408485199445
elastic_net,5,USM3_pose_global_mean_acceleration_l2,0.047246982833516755,0.047246982833516755
elastic_net,5,USM0_USM3_pose_global_simultaneous_active_fraction,0.040997499467014066,0.040997499467014066
elastic_net,5,USM0_USM2_pose_global_simultaneous_active_fraction,0.04059954434847787,0.04059954434847787
elastic_net,5,USM3_pose_global_rms_speed_l2,0.03956113175002946,0.03956113175002946
elastic_net,5,USM2_pose_global_economy_area_xz,0.03816644926492225,0.03816644926492225
elastic_net,5,USM2_pose_global_path_l2,-0.036549455159833724,0.036549455159833724
elastic_net,5,USM3_pose_global_max_speed_l2,0.035516839760266684,0.035516839760266684
elastic_net,5,USM0_pose_global_pause_duration_seconds,-0.03510646160063625,0.03510646160063625
elastic_net,5,USM0_pose_global_rotation_determinant_std,0.03466669364855605,0.03466669364855605
elastic_net,5,USM0_pose_global_economy_area_yz,-0.03353144437585065,0.03353144437585065
elastic_net,5,USM2_pose_global_max_angular_speed_rad_s,0.03290347854694409,0.03290347854694409
elastic_net,5,USM0_USM3_pose_global_mean_abs_relative_speed,0.03204711751463233,0.03204711751463233
elastic_net,5,USM0_pose_global_pause_count,-0.031707814689506904,0.031707814689506904
elastic_net,5,USM0_pose_global_net_displacement_l2,-0.027551636351633352,0.027551636351633352
elastic_net,5,all_psm_pose_global_path_total_m,-0.025694513299955857,0.025694513299955857
elastic_net,5,USM2_pose_global_economy_volume,0.02555264029904322,0.02555264029904322
elastic_net,5,USM2_USM3_pose_global_std_distance_rel,0.022464868208729123,0.022464868208729123
elastic_net,5,USM2_pose_global_z_range_m,-0.0222953453440065,0.0222953453440065
elastic_net,5,USM2_USM3_pose_global_simultaneous_active_fraction,0.02220464348451574,0.02220464348451574
elastic_net,5,active_pair_path_length_b_rel,-0.021800445422913445,0.021800445422913445
elastic_net,5,USM0_pose_global_log_dimensionless_jerk,0.017225285257207366,0.017225285257207366
elastic_net,5,USM3_pose_global_max_abs_angular_acceleration_rad_s2,-0.0172185347752556,0.0172185347752556
elastic_net,5,USM2_pose_global_dimensionless_jerk,-0.01591636647168829,0.01591636647168829
elastic_net,5,USM0_USM2_pose_global_speed_correlation,0.006490865380441372,0.006490865380441372
elastic_net,5,USM2_pose_global_log_dimensionless_jerk,0.006266746085835529,0.006266746085835529
elastic_net,5,USM0_pose_global_idle_fraction_relative,0.006063717956904914,0.006063717956904914
elastic_net,5,USM3_pose_global_economy_area_yz,-0.005632715402838047,0.005632715402838047
elastic_net,5,USM0_pose_global_median_dt_seconds,0.005089681583828451,0.005089681583828451
elastic_net,5,USM0_pose_global_mean_speed_l2,0.004018091439174021,0.004018091439174021
elastic_net,5,USM0_pose_global_pause_fraction,0.002406770001597181,0.002406770001597181
elastic_net,5,USM0_pose_global_y_range_m,-1.9320962375440008e-05,1.9320962375440008e-05
elastic_net,5,USM0_pose_global_max_gap_seconds,0.0,0.0
elastic_net,5,USM0_pose_global_x_range_m,-0.0,0.0
elastic_net,5,USM0_pose_global_max_jerk_l2,-0.0,0.0
elastic_net,5,USM0_pose_global_max_speed_l2,-0.0,0.0
elastic_net,5,USM0_pose_global_rms_speed_l2,0.0,0.0
elastic_net,5,USM0_pose_global_economy_area_xy,-0.0,0.0
elastic_net,5,USM2_pose_global_workspace_box_volume_m3,-0.0,0.0
elastic_net,5,USM2_pose_global_idle_threshold_relative,0.0,0.0
elastic_net,5,USM2_pose_global_mean_speed_l2,0.0,0.0
elastic_net,5,USM2_pose_global_net_displacement_l2,-0.0,0.0
elastic_net,5,USM0_pose_global_economy_area_xz,-0.0,0.0
elastic_net,5,USM0_pose_global_economy_volume,-0.0,0.0
elastic_net,5,USM0_pose_global_z_range_m,-0.0,0.0
elastic_net,5,USM0_pose_global_max_angular_speed_rad_s,-0.0,0.0
elastic_net,5,USM0_pose_global_max_abs_angular_acceleration_rad_s2,-0.0,0.0
elastic_net,5,USM3_pose_global_raw_path_l2,0.0,0.0
elastic_net,5,USM3_pose_global_net_displacement_l2,-0.0,0.0
elastic_net,5,USM2_pose_global_max_abs_angular_acceleration_rad_s2,0.0,0.0
elastic_net,5,USM2_pose_global_rotation_path_radians,-0.0,0.0
elastic_net,5,USM2_pose_global_economy_area_yz,0.0,0.0
elastic_net,5,USM2_pose_global_x_range_m,-0.0,0.0
elastic_net,5,USM2_pose_global_y_range_m,-0.0,0.0
elastic_net,5,USM3_pose_global_economy_area_xz,0.0,0.0
elastic_net,5,USM3_pose_global_jerk_cost,0.0,0.0
elastic_net,5,USM3_pose_global_x_range_m,0.0,0.0
elastic_net,5,USM3_pose_global_y_range_m,0.0,0.0
elastic_net,5,USM3_pose_global_z_range_m,-0.0,0.0
elastic_net,5,USM3_pose_global_economy_volume,-0.0,0.0
elastic_net,5,USM3_pose_global_rotation_orthogonality_error_mean,-0.0,0.0
elastic_net,5,USM3_pose_global_rotation_orthogonality_error_max,-0.0,0.0
elastic_net,5,USM3_pose_global_rotation_determinant_mean,0.0,0.0
elastic_net,5,USM3_pose_global_max_angular_speed_rad_s,-0.0,0.0
elastic_net,5,USM3_pose_global_workspace_box_volume_m3,-0.0,0.0
elastic_net,5,USM3_pose_global_economy_area_xy,0.0,0.0
elastic_net,5,USM0_USM3_pose_global_speed_correlation,0.0,0.0
elastic_net,5,USM0_USM2_pose_global_alignment_coverage,0.0,0.0
elastic_net,5,USM0_USM2_pose_global_one_arm_only_active_fraction,-0.0,0.0
elastic_net,5,USM0_USM2_pose_global_both_idle_fraction,-0.0,0.0
elastic_net,5,USM0_USM2_pose_global_path_length_imbalance,0.0,0.0
elastic_net,5,USM0_USM3_pose_global_both_idle_fraction,0.0,0.0
elastic_net,5,USM0_USM3_pose_global_std_distance_rel,-0.0,0.0
elastic_net,5,USM0_USM3_pose_global_distance_range_rel,0.0,0.0
elastic_net,5,USM2_USM3_pose_global_mean_distance_rel,0.0,0.0
elastic_net,5,USM2_USM3_pose_global_path_length_imbalance,-0.0,0.0
elastic_net,5,USM2_USM3_pose_global_one_arm_only_active_fraction,0.0,0.0
elastic_net,5,active_pair_usm_b,0.0,0.0
elastic_net,5,active_pair_both_idle_fraction,-0.0,0.0
