file_name,role,participant_id,participant_group,task_clean,trial,model,cv_fold,y_true,y_pred,residual,absolute_error
DVST_XI_11-14_Aug_2025_14_10.45.28_expert_8_camera target_1.csv,expert,8,expert__participant_8,camera_target,1,dummy_mean,1,28.0,19.771573604060915,8.228426395939085,8.228426395939085
DVST_XI_11-14_Aug_2025_14_10.45.28_expert_8_glove cut_1.csv,expert,8,expert__participant_8,glove_cut,1,dummy_mean,1,24.0,19.771573604060915,4.228426395939085,4.228426395939085
DVST_XI_11-14_Aug_2025_14_10.45.28_expert_8_ring rollercoaster_1.csv,expert,8,expert__participant_8,ring_rollercoaster,1,dummy_mean,1,24.0,19.771573604060915,4.228426395939085,4.228426395939085
DVST_XI_11-14_Aug_2025_14_10.45.28_expert_8_sea spikes_1.csv,expert,8,expert__participant_8,sea_spikes,1,dummy_mean,1,22.0,19.771573604060915,2.228426395939085,2.228426395939085
DVST_XI_11-14_Aug_2025_14_10.45.28_expert_8_suture_1.csv,expert,8,expert__participant_8,suture,1,dummy_mean,1,29.0,19.771573604060915,9.228426395939085,9.228426395939085
DVST_XI_14-16_Feb_2024_14_09.13.16_trainee_1_camera target_1.csv,trainee,1,trainee__participant_1,camera_target,1,dummy_mean,1,17.0,19.771573604060915,-2.771573604060915,2.771573604060915
DVST_XI_14-16_Feb_2024_14_09.13.16_trainee_1_glove cut_1.csv,trainee,1,trainee__participant_1,glove_cut,1,dummy_mean,1,15.0,19.771573604060915,-4.771573604060915,4.771573604060915
DVST_XI_14-16_Feb_2024_14_09.13.16_trainee_1_ring rollercoaster_1.csv,trainee,1,trainee__participant_1,ring_rollercoaster,1,dummy_mean,1,14.0,19.771573604060915,-5.771573604060915,5.771573604060915
DVST_XI_14-16_Feb_2024_14_09.13.16_trainee_1_sea spikes_1.csv,trainee,1,trainee__participant_1,sea_spikes,1,dummy_mean,1,13.0,19.771573604060915,-6.771573604060915,6.771573604060915
DVST_XI_14-16_Feb_2024_14_09.13.16_trainee_1_suture_1.csv,trainee,1,trainee__participant_1,suture,1,dummy_mean,1,19.0,19.771573604060915,-0.7715736040609151,0.7715736040609151
DVST_XI_14-16_Feb_2024_14_09.13.16_trainee_5_camera target_1.csv,trainee,5,trainee__participant_5,camera_target,1,dummy_mean,1,7.0,19.771573604060915,-12.771573604060915,12.771573604060915
DVST_XI_14-16_Feb_2024_14_09.13.16_trainee_5_glove cut_1.csv,trainee,5,trainee__participant_5,glove_cut,1,dummy_mean,1,11.0,19.771573604060915,-8.771573604060915,8.771573604060915
DVST_XI_14-16_Feb_2024_14_09.13.16_trainee_5_ring rollercoaster_1.csv,trainee,5,trainee__participant_5,ring_rollercoaster,1,dummy_mean,1,17.0,19.771573604060915,-2.771573604060915,2.771573604060915
DVST_XI_14-16_Feb_2024_14_09.13.16_trainee_5_sea spikes_1.csv,trainee,5,trainee__participant_5,sea_spikes,1,dummy_mean,1,16.0,19.771573604060915,-3.771573604060915,3.771573604060915
DVST_XI_14-16_Feb_2024_14_09.13.16_trainee_5_suture_1.csv,trainee,5,trainee__participant_5,suture,1,dummy_mean,1,16.0,19.771573604060915,-3.771573604060915,3.771573604060915
DVST_XI_14-16_Feb_2024_16_08.32.59_trainee_1_camera target_2.csv,trainee,1,trainee__participant_1,camera_target,2,dummy_mean,1,19.0,19.771573604060915,-0.7715736040609151,0.7715736040609151
DVST_XI_14-16_Feb_2024_16_08.32.59_trainee_1_glove cut_2.csv,trainee,1,trainee__participant_1,glove_cut,2,dummy_mean,1,19.0,19.771573604060915,-0.7715736040609151,0.7715736040609151
DVST_XI_14-16_Feb_2024_16_08.32.59_trainee_1_ring rollercoaster_2.csv,trainee,1,trainee__participant_1,ring_rollercoaster,2,dummy_mean,1,20.0,19.771573604060915,0.22842639593908487,0.22842639593908487
DVST_XI_14-16_Feb_2024_16_08.32.59_trainee_1_sea spikes_2.csv,trainee,1,trainee__participant_1,sea_spikes,2,dummy_mean,1,19.0,19.771573604060915,-0.7715736040609151,0.7715736040609151
DVST_XI_14-16_Feb_2024_16_08.32.59_trainee_1_suture_2.csv,trainee,1,trainee__participant_1,suture,2,dummy_mean,1,17.0,19.771573604060915,-2.771573604060915,2.771573604060915
DVST_XI_14-16_Feb_2024_16_08.32.59_trainee_5_camera target_2.csv,trainee,5,trainee__participant_5,camera_target,2,dummy_mean,1,21.0,19.771573604060915,1.2284263959390849,1.2284263959390849
DVST_XI_14-16_Feb_2024_16_08.32.59_trainee_5_glove cut_2.csv,trainee,5,trainee__participant_5,glove_cut,2,dummy_mean,1,19.0,19.771573604060915,-0.7715736040609151,0.7715736040609151
DVST_XI_14-16_Feb_2024_16_08.32.59_trainee_5_ring rollercoaster_2.csv,trainee,5,trainee__participant_5,ring_rollercoaster,2,dummy_mean,1,23.0,19.771573604060915,3.228426395939085,3.228426395939085
DVST_XI_14-16_Feb_2024_16_08.32.59_trainee_5_sea spikes_2.csv,trainee,5,trainee__participant_5,sea_spikes,2,dummy_mean,1,21.0,19.771573604060915,1.2284263959390849,1.2284263959390849
DVST_XI_14-16_Feb_2024_16_08.32.59_trainee_5_suture_2.csv,trainee,5,trainee__participant_5,suture,2,dummy_mean,1,21.0,19.771573604060915,1.2284263959390849,1.2284263959390849
DVST_XI_19-22_May_2025_22_09.34.36_trainee_37_camera target_2.csv,trainee,37,trainee__participant_37,camera_target,2,dummy_mean,1,16.0,19.771573604060915,-3.771573604060915,3.771573604060915
DVST_XI_19-22_May_2025_22_09.34.36_trainee_37_glove cut_2.csv,trainee,37,trainee__participant_37,glove_cut,2,dummy_mean,1,19.0,19.771573604060915,-0.7715736040609151,0.7715736040609151
DVST_XI_19-22_May_2025_22_09.34.36_trainee_41_camera target_2.csv,trainee,41,trainee__participant_41,camera_target,2,dummy_mean,1,20.0,19.771573604060915,0.22842639593908487,0.22842639593908487
DVST_XI_19-22_May_2025_22_09.34.36_trainee_41_glove cut_2.csv,trainee,41,trainee__participant_41,glove_cut,2,dummy_mean,1,19.0,19.771573604060915,-0.7715736040609151,0.7715736040609151
DVST_XI_6-8_Mar_2025_06_10.41.14_trainee_32_camera target_1.csv,trainee,32,trainee__participant_32,camera_target,1,dummy_mean,1,20.0,19.771573604060915,0.22842639593908487,0.22842639593908487
DVST_XI_6-8_Mar_2025_06_10.41.14_trainee_32_ring rollercoaster_1.csv,trainee,32,trainee__participant_32,ring_rollercoaster,1,dummy_mean,1,17.0,19.771573604060915,-2.771573604060915,2.771573604060915
DVST_XI_6-8_Mar_2025_06_10.41.14_trainee_32_sea spikes_1.csv,trainee,32,trainee__participant_32,sea_spikes,1,dummy_mean,1,14.0,19.771573604060915,-5.771573604060915,5.771573604060915
DVST_XI_6-8_Mar_2025_07_11.56.53_trainee_32_glove cut_1.csv,trainee,32,trainee__participant_32,glove_cut,1,dummy_mean,1,13.0,19.771573604060915,-6.771573604060915,6.771573604060915
DVST_XI_6-8_Mar_2025_08_08.21.32_expert_3_camera target_1.csv,expert,3,expert__participant_3,camera_target,1,dummy_mean,1,27.0,19.771573604060915,7.228426395939085,7.228426395939085
DVST_XI_6-8_Mar_2025_08_08.21.32_expert_3_glove cut_1.csv,expert,3,expert__participant_3,glove_cut,1,dummy_mean,1,24.0,19.771573604060915,4.228426395939085,4.228426395939085
DVST_XI_6-8_Mar_2025_08_08.21.32_expert_3_ring rollercoaster_1.csv,expert,3,expert__participant_3,ring_rollercoaster,1,dummy_mean,1,21.0,19.771573604060915,1.2284263959390849,1.2284263959390849
DVST_XI_6-8_Mar_2025_08_08.21.32_expert_3_sea spikes_1.csv,expert,3,expert__participant_3,sea_spikes,1,dummy_mean,1,23.0,19.771573604060915,3.228426395939085,3.228426395939085
DVST_XI_6-8_Mar_2025_08_08.21.32_expert_3_suture_1.csv,expert,3,expert__participant_3,suture,1,dummy_mean,1,28.0,19.771573604060915,8.228426395939085,8.228426395939085
DVST_XI_Griffin_29_sep-1_oct_2024_01_10.39.05_trainee_18_camera target_2.csv,trainee,18,trainee__participant_18,camera_target,2,dummy_mean,1,18.0,19.771573604060915,-1.7715736040609151,1.7715736040609151
DVST_XI_Griffin_29_sep-1_oct_2024_01_10.39.05_trainee_20_camera target_2.csv,trainee,20,trainee__participant_20,camera_target,2,dummy_mean,1,14.0,19.771573604060915,-5.771573604060915,5.771573604060915
DVST_XI_Griffin_29_sep-1_oct_2024_29_09.07.40_trainee_18_camera target_1.csv,trainee,18,trainee__participant_18,camera_target,1,dummy_mean,1,19.0,19.771573604060915,-0.7715736040609151,0.7715736040609151
DVST_XI_Griffin_29_sep-1_oct_2024_29_09.07.40_trainee_18_suture_1.csv,trainee,18,trainee__participant_18,suture,1,dummy_mean,1,12.0,19.771573604060915,-7.771573604060915,7.771573604060915
DVST_XI_Griffin_29_sep-1_oct_2024_29_09.07.40_trainee_20_camera target_1.csv,trainee,20,trainee__participant_20,camera_target,1,dummy_mean,1,15.0,19.771573604060915,-4.771573604060915,4.771573604060915
DVST_XI_Griffin_29_sep-1_oct_2024_29_09.07.40_trainee_20_suture_1.csv,trainee,20,trainee__participant_20,suture,1,dummy_mean,1,13.0,19.771573604060915,-6.771573604060915,6.771573604060915
DVST_XI_Griffin_29_sep-1_oct_2024_30_12.18.00_trainee_18_glove cut_2.csv,trainee,18,trainee__participant_18,glove_cut,2,dummy_mean,1,22.0,19.771573604060915,2.228426395939085,2.228426395939085
DVST_XI_Griffin_29_sep-1_oct_2024_30_12.18.00_trainee_18_ring rollercoaster_2.csv,trainee,18,trainee__participant_18,ring_rollercoaster,2,dummy_mean,1,24.0,19.771573604060915,4.228426395939085,4.228426395939085
DVST_XI_Griffin_29_sep-1_oct_2024_30_12.18.00_trainee_18_sea spikes_2.csv,trainee,18,trainee__participant_18,sea_spikes,2,dummy_mean,1,22.0,19.771573604060915,2.228426395939085,2.228426395939085
DVST_XI_Griffin_29_sep-1_oct_2024_30_12.18.00_trainee_18_suture_2.csv,trainee,18,trainee__participant_18,suture,2,dummy_mean,1,22.0,19.771573604060915,2.228426395939085,2.228426395939085
DVST_XI_Griffin_29_sep-1_oct_2024_30_12.18.00_trainee_20_glove cut_2.csv,trainee,20,trainee__participant_20,glove_cut,2,dummy_mean,1,17.0,19.771573604060915,-2.771573604060915,2.771573604060915
DVST_XI_Griffin_29_sep-1_oct_2024_30_12.18.00_trainee_20_ring rollercoaster_2.csv,trainee,20,trainee__participant_20,ring_rollercoaster,2,dummy_mean,1,21.0,19.771573604060915,1.2284263959390849,1.2284263959390849
DVST_XI_Griffin_29_sep-1_oct_2024_30_12.18.00_trainee_20_sea spikes_2.csv,trainee,20,trainee__participant_20,sea_spikes,2,dummy_mean,1,21.0,19.771573604060915,1.2284263959390849,1.2284263959390849
DVST_XI_14-16_Feb_2024_14_09.13.16_trainee_4_camera target_1.csv,trainee,4,trainee__participant_4,camera_target,1,dummy_mean,2,16.0,19.482412060301506,-3.482412060301506,3.482412060301506
DVST_XI_14-16_Feb_2024_14_09.13.16_trainee_4_glove cut_1.csv,trainee,4,trainee__participant_4,glove_cut,1,dummy_mean,2,23.0,19.482412060301506,3.517587939698494,3.517587939698494
DVST_XI_14-16_Feb_2024_14_09.13.16_trainee_4_ring rollercoaster_1.csv,trainee,4,trainee__participant_4,ring_rollercoaster,1,dummy_mean,2,14.0,19.482412060301506,-5.482412060301506,5.482412060301506
DVST_XI_14-16_Feb_2024_14_09.13.16_trainee_4_sea spikes_1.csv,trainee,4,trainee__participant_4,sea_spikes,1,dummy_mean,2,18.0,19.482412060301506,-1.482412060301506,1.482412060301506
DVST_XI_14-16_Feb_2024_14_09.13.16_trainee_4_suture_1.csv,trainee,4,trainee__participant_4,suture,1,dummy_mean,2,18.0,19.482412060301506,-1.482412060301506,1.482412060301506
DVST_XI_14-16_Feb_2024_16_08.32.59_trainee_4_camera target_2.csv,trainee,4,trainee__participant_4,camera_target,2,dummy_mean,2,23.0,19.482412060301506,3.517587939698494,3.517587939698494
DVST_XI_14-16_Feb_2024_16_08.32.59_trainee_4_glove cut_2.csv,trainee,4,trainee__participant_4,glove_cut,2,dummy_mean,2,24.0,19.482412060301506,4.517587939698494,4.517587939698494
DVST_XI_14-16_Feb_2024_16_08.32.59_trainee_4_ring rollercoaster_2.csv,trainee,4,trainee__participant_4,ring_rollercoaster,2,dummy_mean,2,24.0,19.482412060301506,4.517587939698494,4.517587939698494
DVST_XI_14-16_Feb_2024_16_08.32.59_trainee_4_sea spikes_2.csv,trainee,4,trainee__participant_4,sea_spikes,2,dummy_mean,2,24.0,19.482412060301506,4.517587939698494,4.517587939698494
DVST_XI_14-16_Feb_2024_16_08.32.59_trainee_4_suture_2.csv,trainee,4,trainee__participant_4,suture,2,dummy_mean,2,22.0,19.482412060301506,2.517587939698494,2.517587939698494
DVST_XI_6-8_Mar_2025_06_10.41.14_trainee_31_ring rollercoaster_1.csv,trainee,31,trainee__participant_31,ring_rollercoaster,1,dummy_mean,2,15.0,19.482412060301506,-4.482412060301506,4.482412060301506
DVST_XI_6-8_Mar_2025_06_10.41.14_trainee_31_sea spikes_1.csv,trainee,31,trainee__participant_31,sea_spikes,1,dummy_mean,2,13.0,19.482412060301506,-6.482412060301506,6.482412060301506
DVST_XI_6-8_Mar_2025_06_10.41.14_trainee_33_camera target_1.csv,trainee,33,trainee__participant_33,camera_target,1,dummy_mean,2,23.0,19.482412060301506,3.517587939698494,3.517587939698494
DVST_XI_6-8_Mar_2025_06_10.41.14_trainee_33_ring rollercoaster_1.csv,trainee,33,trainee__participant_33,ring_rollercoaster,1,dummy_mean,2,21.0,19.482412060301506,1.517587939698494,1.517587939698494
DVST_XI_6-8_Mar_2025_06_10.41.14_trainee_33_sea spikes_1.csv,trainee,33,trainee__participant_33,sea_spikes,1,dummy_mean,2,16.0,19.482412060301506,-3.482412060301506,3.482412060301506
DVST_XI_6-8_Mar_2025_06_10.41.14_trainee_36_ring rollercoaster_1.csv,trainee,36,trainee__participant_36,ring_rollercoaster,1,dummy_mean,2,19.0,19.482412060301506,-0.4824120603015061,0.4824120603015061
DVST_XI_6-8_Mar_2025_06_10.41.14_trainee_36_sea spikes_1.csv,trainee,36,trainee__participant_36,sea_spikes,1,dummy_mean,2,16.0,19.482412060301506,-3.482412060301506,3.482412060301506
DVST_XI_6-8_Mar_2025_07_11.56.53_expert_2_camera target_1.csv,expert,2,expert__participant_2,camera_target,1,dummy_mean,2,25.0,19.482412060301506,5.517587939698494,5.517587939698494
DVST_XI_6-8_Mar_2025_07_11.56.53_expert_2_glove cut_1.csv,expert,2,expert__participant_2,glove_cut,1,dummy_mean,2,19.0,19.482412060301506,-0.4824120603015061,0.4824120603015061
DVST_XI_6-8_Mar_2025_07_11.56.53_expert_2_ring rollercoaster_1.csv,expert,2,expert__participant_2,ring_rollercoaster,1,dummy_mean,2,20.0,19.482412060301506,0.5175879396984939,0.5175879396984939
DVST_XI_6-8_Mar_2025_07_11.56.53_expert_2_sea spikes_1.csv,expert,2,expert__participant_2,sea_spikes,1,dummy_mean,2,18.0,19.482412060301506,-1.482412060301506,1.482412060301506
DVST_XI_6-8_Mar_2025_07_11.56.53_expert_2_suture_1.csv,expert,2,expert__participant_2,suture,1,dummy_mean,2,23.0,19.482412060301506,3.517587939698494,3.517587939698494
DVST_XI_6-8_Mar_2025_07_11.56.53_trainee_31_glove cut_1.csv,trainee,31,trainee__participant_31,glove_cut,1,dummy_mean,2,16.0,19.482412060301506,-3.482412060301506,3.482412060301506
DVST_XI_6-8_Mar_2025_07_11.56.53_trainee_33_camera target_2.csv,trainee,33,trainee__participant_33,camera_target,2,dummy_mean,2,19.0,19.482412060301506,-0.4824120603015061,0.4824120603015061
DVST_XI_6-8_Mar_2025_07_11.56.53_trainee_33_glove cut_1.csv,trainee,33,trainee__participant_33,glove_cut,1,dummy_mean,2,18.0,19.482412060301506,-1.482412060301506,1.482412060301506
DVST_XI_6-8_Mar_2025_07_11.56.53_trainee_33_sea spikes_2.csv,trainee,33,trainee__participant_33,sea_spikes,2,dummy_mean,2,20.0,19.482412060301506,0.5175879396984939,0.5175879396984939
DVST_XI_6-8_Mar_2025_07_11.56.53_trainee_36_glove cut_1.csv,trainee,36,trainee__participant_36,glove_cut,1,dummy_mean,2,18.0,19.482412060301506,-1.482412060301506,1.482412060301506
DVST_XI_Griffin_16-19_07_2024_17_12.20.23_trainee_13_camera target_1.csv,trainee,13,trainee__participant_13,camera_target,1,dummy_mean,2,19.0,19.482412060301506,-0.4824120603015061,0.4824120603015061
DVST_XI_Griffin_16-19_07_2024_17_12.20.23_trainee_13_glove cut_1.csv,trainee,13,trainee__participant_13,glove_cut,1,dummy_mean,2,23.0,19.482412060301506,3.517587939698494,3.517587939698494
DVST_XI_Griffin_16-19_07_2024_17_12.20.23_trainee_13_ring rollercoaster_1.csv,trainee,13,trainee__participant_13,ring_rollercoaster,1,dummy_mean,2,17.0,19.482412060301506,-2.482412060301506,2.482412060301506
DVST_XI_Griffin_16-19_07_2024_17_12.20.23_trainee_13_ring rollercoaster_2.csv,trainee,13,trainee__participant_13,ring_rollercoaster,2,dummy_mean,2,22.0,19.482412060301506,2.517587939698494,2.517587939698494
DVST_XI_Griffin_16-19_07_2024_17_12.20.23_trainee_13_sea spikes_1.csv,trainee,13,trainee__participant_13,sea_spikes,1,dummy_mean,2,17.0,19.482412060301506,-2.482412060301506,2.482412060301506
DVST_XI_Griffin_16-19_07_2024_17_12.20.23_trainee_13_suture_1.csv,trainee,13,trainee__participant_13,suture,1,dummy_mean,2,23.0,19.482412060301506,3.517587939698494,3.517587939698494
DVST_XI_Griffin_16-19_07_2024_18_08.46.52_trainee_13_sea spikes_2.csv,trainee,13,trainee__participant_13,sea_spikes,2,dummy_mean,2,21.0,19.482412060301506,1.517587939698494,1.517587939698494
DVST_XI_Griffin_16-19_07_2024_18_08.46.52_trainee_13_suture_2.csv,trainee,13,trainee__participant_13,suture,2,dummy_mean,2,28.0,19.482412060301506,8.517587939698494,8.517587939698494
DVST_XI_Griffin_16-19_07_2024_19_09.39.41_trainee_13_camera target_2.csv,trainee,13,trainee__participant_13,camera_target,2,dummy_mean,2,17.0,19.482412060301506,-2.482412060301506,2.482412060301506
DVST_XI_Griffin_29_sep-1_oct_2024_01_10.39.05_trainee_17_camera target_2.csv,trainee,17,trainee__participant_17,camera_target,2,dummy_mean,2,22.0,19.482412060301506,2.517587939698494,2.517587939698494
DVST_XI_Griffin_29_sep-1_oct_2024_01_10.39.05_trainee_21_camera target_2.csv,trainee,21,trainee__participant_21,camera_target,2,dummy_mean,2,23.0,19.482412060301506,3.517587939698494,3.517587939698494
DVST_XI_Griffin_29_sep-1_oct_2024_29_09.07.40_trainee_17_camera target_1.csv,trainee,17,trainee__participant_17,camera_target,1,dummy_mean,2,23.0,19.482412060301506,3.517587939698494,3.517587939698494
DVST_XI_Griffin_29_sep-1_oct_2024_29_09.07.40_trainee_17_suture_1.csv,trainee,17,trainee__participant_17,suture,1,dummy_mean,2,15.0,19.482412060301506,-4.482412060301506,4.482412060301506
DVST_XI_Griffin_29_sep-1_oct_2024_29_09.07.40_trainee_21_camera target_1.csv,trainee,21,trainee__participant_21,camera_target,1,dummy_mean,2,19.0,19.482412060301506,-0.4824120603015061,0.4824120603015061
DVST_XI_Griffin_29_sep-1_oct_2024_29_09.07.40_trainee_21_suture_1.csv,trainee,21,trainee__participant_21,suture,1,dummy_mean,2,18.0,19.482412060301506,-1.482412060301506,1.482412060301506
DVST_XI_Griffin_29_sep-1_oct_2024_30_12.18.00_trainee_17_glove cut_2.csv,trainee,17,trainee__participant_17,glove_cut,2,dummy_mean,2,22.0,19.482412060301506,2.517587939698494,2.517587939698494
DVST_XI_Griffin_29_sep-1_oct_2024_30_12.18.00_trainee_17_ring rollercoaster_2.csv,trainee,17,trainee__participant_17,ring_rollercoaster,2,dummy_mean,2,22.0,19.482412060301506,2.517587939698494,2.517587939698494
DVST_XI_Griffin_29_sep-1_oct_2024_30_12.18.00_trainee_17_sea spikes_2.csv,trainee,17,trainee__participant_17,sea_spikes,2,dummy_mean,2,22.0,19.482412060301506,2.517587939698494,2.517587939698494
DVST_XI_Griffin_29_sep-1_oct_2024_30_12.18.00_trainee_21_glove cut_2.csv,trainee,21,trainee__participant_21,glove_cut,2,dummy_mean,2,25.0,19.482412060301506,5.517587939698494,5.517587939698494
DVST_XI_Griffin_29_sep-1_oct_2024_30_12.18.00_trainee_21_ring rollercoaster_2.csv,trainee,21,trainee__participant_21,ring_rollercoaster,2,dummy_mean,2,22.0,19.482412060301506,2.517587939698494,2.517587939698494
DVST_XI_Griffin_29_sep-1_oct_2024_30_12.18.00_trainee_21_sea spikes_2.csv,trainee,21,trainee__participant_21,sea_spikes,2,dummy_mean,2,22.0,19.482412060301506,2.517587939698494,2.517587939698494
DVST_XI_Griffin_29_sep-1_oct_2024_30_12.18.00_trainee_21_suture_2.csv,trainee,21,trainee__participant_21,suture,2,dummy_mean,2,23.0,19.482412060301506,3.517587939698494,3.517587939698494
DVST_XI_10-13_Nov_2025_12_10.36.46_expert_10_camera target_1.csv,expert,10,expert__participant_10,camera_target,1,dummy_mean,3,30.0,19.65326633165829,10.34673366834171,10.34673366834171
DVST_XI_10-13_Nov_2025_12_10.36.46_expert_10_glove cut_1.csv,expert,10,expert__participant_10,glove_cut,1,dummy_mean,3,28.0,19.65326633165829,8.34673366834171,8.34673366834171
DVST_XI_10-13_Nov_2025_12_10.36.46_expert_10_ring rollercoaster_1.csv,expert,10,expert__participant_10,ring_rollercoaster,1,dummy_mean,3,29.0,19.65326633165829,9.34673366834171,9.34673366834171
DVST_XI_10-13_Nov_2025_12_10.36.46_expert_10_sea spikes_1.csv,expert,10,expert__participant_10,sea_spikes,1,dummy_mean,3,29.0,19.65326633165829,9.34673366834171,9.34673366834171
DVST_XI_10-13_Nov_2025_12_10.36.46_expert_10_suture_1.csv,expert,10,expert__participant_10,suture,1,dummy_mean,3,30.0,19.65326633165829,10.34673366834171,10.34673366834171
DVST_XI_11-14_Aug_2025_13_11.33.24_expert_7_camera target_1.csv,expert,7,expert__participant_7,camera_target,1,dummy_mean,3,28.0,19.65326633165829,8.34673366834171,8.34673366834171
DVST_XI_11-14_Aug_2025_13_11.33.24_expert_7_glove cut_1.csv,expert,7,expert__participant_7,glove_cut,1,dummy_mean,3,25.0,19.65326633165829,5.3467336683417095,5.3467336683417095
DVST_XI_11-14_Aug_2025_13_11.33.24_expert_7_ring rollercoaster_1.csv,expert,7,expert__participant_7,ring_rollercoaster,1,dummy_mean,3,20.0,19.65326633165829,0.3467336683417095,0.3467336683417095
DVST_XI_11-14_Aug_2025_13_11.33.24_expert_7_sea spikes_1.csv,expert,7,expert__participant_7,sea_spikes,1,dummy_mean,3,20.0,19.65326633165829,0.3467336683417095,0.3467336683417095
DVST_XI_11-14_Aug_2025_13_11.33.24_expert_7_suture_1.csv,expert,7,expert__participant_7,suture,1,dummy_mean,3,29.0,19.65326633165829,9.34673366834171,9.34673366834171
DVST_XI_14-16_Feb_2024_14_09.13.16_trainee_3_camera target_1.csv,trainee,3,trainee__participant_3,camera_target,1,dummy_mean,3,15.0,19.65326633165829,-4.6532663316582905,4.6532663316582905
DVST_XI_14-16_Feb_2024_14_09.13.16_trainee_3_glove cut_1.csv,trainee,3,trainee__participant_3,glove_cut,1,dummy_mean,3,17.0,19.65326633165829,-2.6532663316582905,2.6532663316582905
DVST_XI_14-16_Feb_2024_14_09.13.16_trainee_3_ring rollercoaster_1.csv,trainee,3,trainee__participant_3,ring_rollercoaster,1,dummy_mean,3,12.0,19.65326633165829,-7.6532663316582905,7.6532663316582905
DVST_XI_14-16_Feb_2024_14_09.13.16_trainee_3_sea spikes_1.csv,trainee,3,trainee__participant_3,sea_spikes,1,dummy_mean,3,15.0,19.65326633165829,-4.6532663316582905,4.6532663316582905
DVST_XI_14-16_Feb_2024_14_09.13.16_trainee_3_suture_1.csv,trainee,3,trainee__participant_3,suture,1,dummy_mean,3,19.0,19.65326633165829,-0.6532663316582905,0.6532663316582905
DVST_XI_14-16_Feb_2024_16_08.32.59_trainee_3_camera target_2.csv,trainee,3,trainee__participant_3,camera_target,2,dummy_mean,3,23.0,19.65326633165829,3.3467336683417095,3.3467336683417095
DVST_XI_14-16_Feb_2024_16_08.32.59_trainee_3_glove cut_2.csv,trainee,3,trainee__participant_3,glove_cut,2,dummy_mean,3,19.0,19.65326633165829,-0.6532663316582905,0.6532663316582905
DVST_XI_14-16_Feb_2024_16_08.32.59_trainee_3_ring rollercoaster_2.csv,trainee,3,trainee__participant_3,ring_rollercoaster,2,dummy_mean,3,21.0,19.65326633165829,1.3467336683417095,1.3467336683417095
DVST_XI_14-16_Feb_2024_16_08.32.59_trainee_3_sea spikes_2.csv,trainee,3,trainee__participant_3,sea_spikes,2,dummy_mean,3,17.0,19.65326633165829,-2.6532663316582905,2.6532663316582905
DVST_XI_14-16_Feb_2024_16_08.32.59_trainee_3_suture_2.csv,trainee,3,trainee__participant_3,suture,2,dummy_mean,3,22.0,19.65326633165829,2.3467336683417095,2.3467336683417095
DVST_XI_19-22_May_2025_22_09.34.36_trainee_40_camera target_2.csv,trainee,40,trainee__participant_40,camera_target,2,dummy_mean,3,24.0,19.65326633165829,4.3467336683417095,4.3467336683417095
DVST_XI_19-22_May_2025_22_09.34.36_trainee_40_glove cut_2.csv,trainee,40,trainee__participant_40,glove_cut,2,dummy_mean,3,24.0,19.65326633165829,4.3467336683417095,4.3467336683417095
DVST_XI_6-8_Mar_2025_06_10.41.14_trainee_35_ring rollercoaster_1.csv,trainee,35,trainee__participant_35,ring_rollercoaster,1,dummy_mean,3,18.0,19.65326633165829,-1.6532663316582905,1.6532663316582905
DVST_XI_6-8_Mar_2025_06_10.41.14_trainee_35_sea spikes_1.csv,trainee,35,trainee__participant_35,sea_spikes,1,dummy_mean,3,15.0,19.65326633165829,-4.6532663316582905,4.6532663316582905
DVST_XI_6-8_Mar_2025_07_11.56.53_trainee_35_camera target_2.csv,trainee,35,trainee__participant_35,camera_target,2,dummy_mean,3,18.0,19.65326633165829,-1.6532663316582905,1.6532663316582905
DVST_XI_6-8_Mar_2025_07_11.56.53_trainee_35_glove cut_1.csv,trainee,35,trainee__participant_35,glove_cut,1,dummy_mean,3,16.0,19.65326633165829,-3.6532663316582905,3.6532663316582905
DVST_XI_6-8_Mar_2025_07_11.56.53_trainee_35_sea spikes_2.csv,trainee,35,trainee__participant_35,sea_spikes,2,dummy_mean,3,21.0,19.65326633165829,1.3467336683417095,1.3467336683417095
DVST_XI_7-11_Mar_2024_08_13.12.17_trainee_11_ring rollercoaster_1.csv,trainee,11,trainee__participant_11,ring_rollercoaster,1,dummy_mean,3,18.0,19.65326633165829,-1.6532663316582905,1.6532663316582905
DVST_XI_7-11_Mar_2024_08_13.12.17_trainee_11_sea spikes_1.csv,trainee,11,trainee__participant_11,sea_spikes,1,dummy_mean,3,18.0,19.65326633165829,-1.6532663316582905,1.6532663316582905
DVST_XI_7-11_Mar_2024_08_13.12.17_trainee_7_ring rollercoaster_1.csv,trainee,7,trainee__participant_7,ring_rollercoaster,1,dummy_mean,3,15.0,19.65326633165829,-4.6532663316582905,4.6532663316582905
DVST_XI_7-11_Mar_2024_08_13.12.17_trainee_7_sea spikes_1.csv,trainee,7,trainee__participant_7,sea_spikes,1,dummy_mean,3,19.0,19.65326633165829,-0.6532663316582905,0.6532663316582905
DVST_XI_7-11_Mar_2024_09_10.19.01_trainee_11_camera target_1.csv,trainee,11,trainee__participant_11,camera_target,1,dummy_mean,3,10.0,19.65326633165829,-9.65326633165829,9.65326633165829
DVST_XI_7-11_Mar_2024_09_10.19.01_trainee_11_glove cut_1.csv,trainee,11,trainee__participant_11,glove_cut,1,dummy_mean,3,18.0,19.65326633165829,-1.6532663316582905,1.6532663316582905
DVST_XI_7-11_Mar_2024_09_10.19.01_trainee_7_camera target_1.csv,trainee,7,trainee__participant_7,camera_target,1,dummy_mean,3,17.0,19.65326633165829,-2.6532663316582905,2.6532663316582905
DVST_XI_7-11_Mar_2024_09_10.19.01_trainee_7_glove cut_1.csv,trainee,7,trainee__participant_7,glove_cut,1,dummy_mean,3,15.0,19.65326633165829,-4.6532663316582905,4.6532663316582905
DVST_XI_7-11_Mar_2024_09_13.46.11_trainee_11_suture_1.csv,trainee,11,trainee__participant_11,suture,1,dummy_mean,3,18.0,19.65326633165829,-1.6532663316582905,1.6532663316582905
DVST_XI_7-11_Mar_2024_09_13.46.11_trainee_7_suture_1.csv,trainee,7,trainee__participant_7,suture,1,dummy_mean,3,17.0,19.65326633165829,-2.6532663316582905,2.6532663316582905
DVST_XI_7-11_Mar_2024_10_08.59.30_trainee_11_ring rollercoaster_2.csv,trainee,11,trainee__participant_11,ring_rollercoaster,2,dummy_mean,3,16.0,19.65326633165829,-3.6532663316582905,3.6532663316582905
DVST_XI_7-11_Mar_2024_10_08.59.30_trainee_11_sea spikes_2.csv,trainee,11,trainee__participant_11,sea_spikes,2,dummy_mean,3,18.0,19.65326633165829,-1.6532663316582905,1.6532663316582905
DVST_XI_7-11_Mar_2024_10_08.59.30_trainee_7_ring rollercoaster_2.csv,trainee,7,trainee__participant_7,ring_rollercoaster,2,dummy_mean,3,18.0,19.65326633165829,-1.6532663316582905,1.6532663316582905
DVST_XI_7-11_Mar_2024_10_08.59.30_trainee_7_sea spikes_2.csv,trainee,7,trainee__participant_7,sea_spikes,2,dummy_mean,3,20.0,19.65326633165829,0.3467336683417095,0.3467336683417095
DVST_XI_Griffin_16-19_07_2024_16_08.46.09_trainee_14_glove cut_1.csv,trainee,14,trainee__participant_14,glove_cut,1,dummy_mean,3,11.0,19.65326633165829,-8.65326633165829,8.65326633165829
DVST_XI_Griffin_16-19_07_2024_16_08.46.09_trainee_14_ring rollercoaster_1.csv,trainee,14,trainee__participant_14,ring_rollercoaster,1,dummy_mean,3,16.0,19.65326633165829,-3.6532663316582905,3.6532663316582905
DVST_XI_Griffin_16-19_07_2024_16_08.46.09_trainee_14_sea spikes_1.csv,trainee,14,trainee__participant_14,sea_spikes,1,dummy_mean,3,12.0,19.65326633165829,-7.6532663316582905,7.6532663316582905
DVST_XI_Griffin_16-19_07_2024_16_08.46.09_trainee_14_suture_1.csv,trainee,14,trainee__participant_14,suture,1,dummy_mean,3,15.0,19.65326633165829,-4.6532663316582905,4.6532663316582905
DVST_XI_Griffin_16-19_07_2024_17_12.20.23_trainee_14_camera target_1.csv,trainee,14,trainee__participant_14,camera_target,1,dummy_mean,3,14.0,19.65326633165829,-5.6532663316582905,5.6532663316582905
DVST_XI_Griffin_16-19_07_2024_18_08.46.52_trainee_14_sea spikes_2.csv,trainee,14,trainee__participant_14,sea_spikes,2,dummy_mean,3,20.0,19.65326633165829,0.3467336683417095,0.3467336683417095
DVST_XI_Griffin_16-19_07_2024_18_08.46.52_trainee_14_suture_2.csv,trainee,14,trainee__participant_14,suture,2,dummy_mean,3,29.0,19.65326633165829,9.34673366834171,9.34673366834171
DVST_XI_Griffin_16-19_07_2024_19_09.39.41_trainee_14_glove cut_2.csv,trainee,14,trainee__participant_14,glove_cut,2,dummy_mean,3,18.0,19.65326633165829,-1.6532663316582905,1.6532663316582905
DVST_XI_10-13_Nov_2025_12_10.36.46_expert_9_camera target_1.csv,expert,9,expert__participant_9,camera_target,1,dummy_mean,4,28.0,19.507537688442213,8.492462311557787,8.492462311557787
DVST_XI_10-13_Nov_2025_12_10.36.46_expert_9_glove cut_1.csv,expert,9,expert__participant_9,glove_cut,1,dummy_mean,4,29.0,19.507537688442213,9.492462311557787,9.492462311557787
DVST_XI_10-13_Nov_2025_12_10.36.46_expert_9_ring rollercoaster_1.csv,expert,9,expert__participant_9,ring_rollercoaster,1,dummy_mean,4,29.0,19.507537688442213,9.492462311557787,9.492462311557787
DVST_XI_10-13_Nov_2025_12_10.36.46_expert_9_sea spikes_1.csv,expert,9,expert__participant_9,sea_spikes,1,dummy_mean,4,29.0,19.507537688442213,9.492462311557787,9.492462311557787
DVST_XI_10-13_Nov_2025_12_10.36.46_expert_9_suture_1.csv,expert,9,expert__participant_9,suture,1,dummy_mean,4,28.0,19.507537688442213,8.492462311557787,8.492462311557787
DVST_XI_14-16_Feb_2024_14_09.13.16_trainee_2_camera target_1.csv,trainee,2,trainee__participant_2,camera_target,1,dummy_mean,4,17.0,19.507537688442213,-2.5075376884422127,2.5075376884422127
DVST_XI_14-16_Feb_2024_14_09.13.16_trainee_2_glove cut_1.csv,trainee,2,trainee__participant_2,glove_cut,1,dummy_mean,4,13.0,19.507537688442213,-6.507537688442213,6.507537688442213
DVST_XI_14-16_Feb_2024_14_09.13.16_trainee_2_ring rollercoaster_1.csv,trainee,2,trainee__participant_2,ring_rollercoaster,1,dummy_mean,4,14.0,19.507537688442213,-5.507537688442213,5.507537688442213
DVST_XI_14-16_Feb_2024_14_09.13.16_trainee_2_sea spikes_1.csv,trainee,2,trainee__participant_2,sea_spikes,1,dummy_mean,4,15.0,19.507537688442213,-4.507537688442213,4.507537688442213
DVST_XI_14-16_Feb_2024_14_09.13.16_trainee_2_suture_1.csv,trainee,2,trainee__participant_2,suture,1,dummy_mean,4,19.0,19.507537688442213,-0.5075376884422127,0.5075376884422127
DVST_XI_14-16_Feb_2024_16_08.32.59_trainee_2_camera target_2.csv,trainee,2,trainee__participant_2,camera_target,2,dummy_mean,4,16.0,19.507537688442213,-3.5075376884422127,3.5075376884422127
DVST_XI_14-16_Feb_2024_16_08.32.59_trainee_2_glove cut_2.csv,trainee,2,trainee__participant_2,glove_cut,2,dummy_mean,4,19.0,19.507537688442213,-0.5075376884422127,0.5075376884422127
DVST_XI_14-16_Feb_2024_16_08.32.59_trainee_2_ring rollercoaster_2.csv,trainee,2,trainee__participant_2,ring_rollercoaster,2,dummy_mean,4,21.0,19.507537688442213,1.4924623115577873,1.4924623115577873
DVST_XI_14-16_Feb_2024_16_08.32.59_trainee_2_sea spikes_2.csv,trainee,2,trainee__participant_2,sea_spikes,2,dummy_mean,4,17.0,19.507537688442213,-2.5075376884422127,2.5075376884422127
DVST_XI_14-16_Feb_2024_16_08.32.59_trainee_2_suture_2.csv,trainee,2,trainee__participant_2,suture,2,dummy_mean,4,22.0,19.507537688442213,2.4924623115577873,2.4924623115577873
DVST_XI_19-22_May_2025_22_09.34.36_trainee_39_camera target_2.csv,trainee,39,trainee__participant_39,camera_target,2,dummy_mean,4,19.0,19.507537688442213,-0.5075376884422127,0.5075376884422127
DVST_XI_19-22_May_2025_22_09.34.36_trainee_39_glove cut_2.csv,trainee,39,trainee__participant_39,glove_cut,2,dummy_mean,4,22.0,19.507537688442213,2.4924623115577873,2.4924623115577873
DVST_XI_6-8_Mar_2025_07_11.56.53_expert_1_camera target_1.csv,expert,1,expert__participant_1,camera_target,1,dummy_mean,4,26.0,19.507537688442213,6.492462311557787,6.492462311557787
DVST_XI_6-8_Mar_2025_07_11.56.53_expert_1_glove cut_1.csv,expert,1,expert__participant_1,glove_cut,1,dummy_mean,4,20.0,19.507537688442213,0.4924623115577873,0.4924623115577873
DVST_XI_6-8_Mar_2025_07_11.56.53_expert_1_ring rollercoaster_1.csv,expert,1,expert__participant_1,ring_rollercoaster,1,dummy_mean,4,21.0,19.507537688442213,1.4924623115577873,1.4924623115577873
DVST_XI_6-8_Mar_2025_07_11.56.53_expert_1_sea spikes_1.csv,expert,1,expert__participant_1,sea_spikes,1,dummy_mean,4,23.0,19.507537688442213,3.4924623115577873,3.4924623115577873
DVST_XI_6-8_Mar_2025_07_11.56.53_expert_1_suture_1.csv,expert,1,expert__participant_1,suture,1,dummy_mean,4,26.0,19.507537688442213,6.492462311557787,6.492462311557787
DVST_XI_7-11_Jul_2025_10_09.40.17_expert_6_camera target_1.csv,expert,6,expert__participant_6,camera_target,1,dummy_mean,4,25.0,19.507537688442213,5.492462311557787,5.492462311557787
DVST_XI_7-11_Jul_2025_10_09.40.17_expert_6_glove cut_1.csv,expert,6,expert__participant_6,glove_cut,1,dummy_mean,4,23.0,19.507537688442213,3.4924623115577873,3.4924623115577873
DVST_XI_7-11_Jul_2025_10_09.40.17_expert_6_ring rollercoaster_1.csv,expert,6,expert__participant_6,ring_rollercoaster,1,dummy_mean,4,23.0,19.507537688442213,3.4924623115577873,3.4924623115577873
DVST_XI_7-11_Jul_2025_10_09.40.17_expert_6_sea spikes_1.csv,expert,6,expert__participant_6,sea_spikes,1,dummy_mean,4,23.0,19.507537688442213,3.4924623115577873,3.4924623115577873
DVST_XI_7-11_Jul_2025_10_09.40.17_expert_6_suture_1.csv,expert,6,expert__participant_6,suture,1,dummy_mean,4,26.0,19.507537688442213,6.492462311557787,6.492462311557787
DVST_XI_7-11_Mar_2024_08_13.12.17_trainee_10_ring rollercoaster_1.csv,trainee,10,trainee__participant_10,ring_rollercoaster,1,dummy_mean,4,14.0,19.507537688442213,-5.507537688442213,5.507537688442213
DVST_XI_7-11_Mar_2024_08_13.12.17_trainee_10_sea spikes_1.csv,trainee,10,trainee__participant_10,sea_spikes,1,dummy_mean,4,22.0,19.507537688442213,2.4924623115577873,2.4924623115577873
DVST_XI_7-11_Mar_2024_08_13.12.17_trainee_6_ring rollercoaster_1.csv,trainee,6,trainee__participant_6,ring_rollercoaster,1,dummy_mean,4,16.0,19.507537688442213,-3.5075376884422127,3.5075376884422127
DVST_XI_7-11_Mar_2024_08_13.12.17_trainee_6_sea spikes_1.csv,trainee,6,trainee__participant_6,sea_spikes,1,dummy_mean,4,16.0,19.507537688442213,-3.5075376884422127,3.5075376884422127
DVST_XI_7-11_Mar_2024_09_10.19.01_trainee_10_camera target_1.csv,trainee,10,trainee__participant_10,camera_target,1,dummy_mean,4,14.0,19.507537688442213,-5.507537688442213,5.507537688442213
DVST_XI_7-11_Mar_2024_09_10.19.01_trainee_10_glove cut_1.csv,trainee,10,trainee__participant_10,glove_cut,1,dummy_mean,4,18.0,19.507537688442213,-1.5075376884422127,1.5075376884422127
DVST_XI_7-11_Mar_2024_09_10.19.01_trainee_6_camera target_1.csv,trainee,6,trainee__participant_6,camera_target,1,dummy_mean,4,16.0,19.507537688442213,-3.5075376884422127,3.5075376884422127
DVST_XI_7-11_Mar_2024_09_10.19.01_trainee_6_glove cut_1.csv,trainee,6,trainee__participant_6,glove_cut,1,dummy_mean,4,15.0,19.507537688442213,-4.507537688442213,4.507537688442213
DVST_XI_7-11_Mar_2024_09_13.46.11_trainee_10_suture_1.csv,trainee,10,trainee__participant_10,suture,1,dummy_mean,4,19.0,19.507537688442213,-0.5075376884422127,0.5075376884422127
DVST_XI_7-11_Mar_2024_09_13.46.11_trainee_6_suture_1.csv,trainee,6,trainee__participant_6,suture,1,dummy_mean,4,12.0,19.507537688442213,-7.507537688442213,7.507537688442213
DVST_XI_7-11_Mar_2024_10_08.59.30_trainee_10_ring rollercoaster_2.csv,trainee,10,trainee__participant_10,ring_rollercoaster,2,dummy_mean,4,18.0,19.507537688442213,-1.5075376884422127,1.5075376884422127
DVST_XI_7-11_Mar_2024_10_08.59.30_trainee_10_sea spikes_2.csv,trainee,10,trainee__participant_10,sea_spikes,2,dummy_mean,4,22.0,19.507537688442213,2.4924623115577873,2.4924623115577873
DVST_XI_7-11_Mar_2024_10_08.59.30_trainee_6_ring rollercoaster_2.csv,trainee,6,trainee__participant_6,ring_rollercoaster,2,dummy_mean,4,18.0,19.507537688442213,-1.5075376884422127,1.5075376884422127
DVST_XI_7-11_Mar_2024_10_08.59.30_trainee_6_sea spikes_2.csv,trainee,6,trainee__participant_6,sea_spikes,2,dummy_mean,4,20.0,19.507537688442213,0.4924623115577873,0.4924623115577873
DVST_XI_Griffin_16-19_07_2024_16_08.46.09_trainee_12_glove cut_1.csv,trainee,12,trainee__participant_12,glove_cut,1,dummy_mean,4,21.0,19.507537688442213,1.4924623115577873,1.4924623115577873
DVST_XI_Griffin_16-19_07_2024_16_08.46.09_trainee_12_ring rollercoaster_1.csv,trainee,12,trainee__participant_12,ring_rollercoaster,1,dummy_mean,4,16.0,19.507537688442213,-3.5075376884422127,3.5075376884422127
DVST_XI_Griffin_16-19_07_2024_16_08.46.09_trainee_12_sea spikes_1.csv,trainee,12,trainee__participant_12,sea_spikes,1,dummy_mean,4,12.0,19.507537688442213,-7.507537688442213,7.507537688442213
DVST_XI_Griffin_16-19_07_2024_16_08.46.09_trainee_12_suture_1.csv,trainee,12,trainee__participant_12,suture,1,dummy_mean,4,20.0,19.507537688442213,0.4924623115577873,0.4924623115577873
DVST_XI_Griffin_16-19_07_2024_17_12.20.23_trainee_12_camera target_1.csv,trainee,12,trainee__participant_12,camera_target,1,dummy_mean,4,16.0,19.507537688442213,-3.5075376884422127,3.5075376884422127
DVST_XI_Griffin_16-19_07_2024_18_08.46.52_trainee_12_sea spikes_2.csv,trainee,12,trainee__participant_12,sea_spikes,2,dummy_mean,4,19.0,19.507537688442213,-0.5075376884422127,0.5075376884422127
DVST_XI_Griffin_16-19_07_2024_18_08.46.52_trainee_12_suture_2.csv,trainee,12,trainee__participant_12,suture,2,dummy_mean,4,28.0,19.507537688442213,8.492462311557787,8.492462311557787
DVST_XI_Griffin_16-19_07_2024_19_09.39.41_trainee_12_glove cut_2.csv,trainee,12,trainee__participant_12,glove_cut,2,dummy_mean,4,20.0,19.507537688442213,0.4924623115577873,0.4924623115577873
DVST_XI_19-22_May_2025_21_09.43.23_expert_5_camera target_1.csv,expert,5,expert__participant_5,camera_target,1,dummy_mean,5,30.0,19.71212121212121,10.287878787878789,10.287878787878789
DVST_XI_19-22_May_2025_21_09.43.23_expert_5_glove cut_1.csv,expert,5,expert__participant_5,glove_cut,1,dummy_mean,5,24.0,19.71212121212121,4.287878787878789,4.287878787878789
DVST_XI_19-22_May_2025_21_09.43.23_expert_5_ring rollercoaster_1.csv,expert,5,expert__participant_5,ring_rollercoaster,1,dummy_mean,5,24.0,19.71212121212121,4.287878787878789,4.287878787878789
DVST_XI_19-22_May_2025_21_09.43.23_expert_5_sea spikes_1.csv,expert,5,expert__participant_5,sea_spikes,1,dummy_mean,5,24.0,19.71212121212121,4.287878787878789,4.287878787878789
DVST_XI_19-22_May_2025_21_09.43.23_expert_5_suture_1.csv,expert,5,expert__participant_5,suture,1,dummy_mean,5,29.0,19.71212121212121,9.287878787878789,9.287878787878789
DVST_XI_19-22_May_2025_22_09.34.36_trainee_38_camera target_2.csv,trainee,38,trainee__participant_38,camera_target,2,dummy_mean,5,22.0,19.71212121212121,2.287878787878789,2.287878787878789
DVST_XI_19-22_May_2025_22_09.34.36_trainee_38_glove cut_2.csv,trainee,38,trainee__participant_38,glove_cut,2,dummy_mean,5,18.0,19.71212121212121,-1.712121212121211,1.712121212121211
DVST_XI_19-22_May_2025_22_09.34.36_trainee_42_camera target_2.csv,trainee,42,trainee__participant_42,camera_target,2,dummy_mean,5,19.0,19.71212121212121,-0.712121212121211,0.712121212121211
DVST_XI_19-22_May_2025_22_09.34.36_trainee_42_glove cut_2.csv,trainee,42,trainee__participant_42,glove_cut,2,dummy_mean,5,16.0,19.71212121212121,-3.712121212121211,3.712121212121211
DVST_XI_6-8_Mar_2025_06_10.41.14_trainee_34_camera target_1.csv,trainee,34,trainee__participant_34,camera_target,1,dummy_mean,5,18.0,19.71212121212121,-1.712121212121211,1.712121212121211
DVST_XI_6-8_Mar_2025_06_10.41.14_trainee_34_ring rollercoaster_1.csv,trainee,34,trainee__participant_34,ring_rollercoaster,1,dummy_mean,5,14.0,19.71212121212121,-5.712121212121211,5.712121212121211
DVST_XI_6-8_Mar_2025_06_10.41.14_trainee_34_sea spikes_1.csv,trainee,34,trainee__participant_34,sea_spikes,1,dummy_mean,5,14.0,19.71212121212121,-5.712121212121211,5.712121212121211
DVST_XI_6-8_Mar_2025_07_11.56.53_trainee_34_glove cut_1.csv,trainee,34,trainee__participant_34,glove_cut,1,dummy_mean,5,12.0,19.71212121212121,-7.712121212121211,7.712121212121211
DVST_XI_7-11_Mar_2024_08_13.12.17_trainee_8_ring rollercoaster_1.csv,trainee,8,trainee__participant_8,ring_rollercoaster,1,dummy_mean,5,12.0,19.71212121212121,-7.712121212121211,7.712121212121211
DVST_XI_7-11_Mar_2024_08_13.12.17_trainee_8_sea spikes_1.csv,trainee,8,trainee__participant_8,sea_spikes,1,dummy_mean,5,18.0,19.71212121212121,-1.712121212121211,1.712121212121211
DVST_XI_7-11_Mar_2024_08_13.12.17_trainee_9_ring rollercoaster_1.csv,trainee,9,trainee__participant_9,ring_rollercoaster,1,dummy_mean,5,14.0,19.71212121212121,-5.712121212121211,5.712121212121211
DVST_XI_7-11_Mar_2024_08_13.12.17_trainee_9_sea spikes_1.csv,trainee,9,trainee__participant_9,sea_spikes,1,dummy_mean,5,18.0,19.71212121212121,-1.712121212121211,1.712121212121211
DVST_XI_7-11_Mar_2024_09_10.19.01_trainee_8_camera target_1.csv,trainee,8,trainee__participant_8,camera_target,1,dummy_mean,5,10.0,19.71212121212121,-9.712121212121211,9.712121212121211
DVST_XI_7-11_Mar_2024_09_10.19.01_trainee_8_glove cut_1.csv,trainee,8,trainee__participant_8,glove_cut,1,dummy_mean,5,17.0,19.71212121212121,-2.712121212121211,2.712121212121211
DVST_XI_7-11_Mar_2024_09_10.19.01_trainee_9_camera target_1.csv,trainee,9,trainee__participant_9,camera_target,1,dummy_mean,5,19.0,19.71212121212121,-0.712121212121211,0.712121212121211
DVST_XI_7-11_Mar_2024_09_10.19.01_trainee_9_glove cut_1.csv,trainee,9,trainee__participant_9,glove_cut,1,dummy_mean,5,18.0,19.71212121212121,-1.712121212121211,1.712121212121211
DVST_XI_7-11_Mar_2024_09_13.46.11_trainee_8_suture_1.csv,trainee,8,trainee__participant_8,suture,1,dummy_mean,5,17.0,19.71212121212121,-2.712121212121211,2.712121212121211
DVST_XI_7-11_Mar_2024_09_13.46.11_trainee_9_suture_1.csv,trainee,9,trainee__participant_9,suture,1,dummy_mean,5,16.0,19.71212121212121,-3.712121212121211,3.712121212121211
DVST_XI_7-11_Mar_2024_10_08.59.30_trainee_8_ring rollercoaster_2.csv,trainee,8,trainee__participant_8,ring_rollercoaster,2,dummy_mean,5,16.0,19.71212121212121,-3.712121212121211,3.712121212121211
DVST_XI_7-11_Mar_2024_10_08.59.30_trainee_8_sea spikes_2.csv,trainee,8,trainee__participant_8,sea_spikes,2,dummy_mean,5,20.0,19.71212121212121,0.28787878787878896,0.28787878787878896
DVST_XI_7-11_Mar_2024_10_08.59.30_trainee_9_ring rollercoaster_2.csv,trainee,9,trainee__participant_9,ring_rollercoaster,2,dummy_mean,5,20.0,19.71212121212121,0.28787878787878896,0.28787878787878896
DVST_XI_7-11_Mar_2024_10_08.59.30_trainee_9_sea spikes_2.csv,trainee,9,trainee__participant_9,sea_spikes,2,dummy_mean,5,22.0,19.71212121212121,2.287878787878789,2.287878787878789
DVST_XI_Griffin_16-19_07_2024_16_08.46.09_trainee_15_glove cut_1.csv,trainee,15,trainee__participant_15,glove_cut,1,dummy_mean,5,17.0,19.71212121212121,-2.712121212121211,2.712121212121211
DVST_XI_Griffin_16-19_07_2024_16_08.46.09_trainee_15_ring rollercoaster_1.csv,trainee,15,trainee__participant_15,ring_rollercoaster,1,dummy_mean,5,18.0,19.71212121212121,-1.712121212121211,1.712121212121211
DVST_XI_Griffin_16-19_07_2024_16_08.46.09_trainee_15_sea spikes_1.csv,trainee,15,trainee__participant_15,sea_spikes,1,dummy_mean,5,20.0,19.71212121212121,0.28787878787878896,0.28787878787878896
DVST_XI_Griffin_16-19_07_2024_16_08.46.09_trainee_15_suture_1.csv,trainee,15,trainee__participant_15,suture,1,dummy_mean,5,15.0,19.71212121212121,-4.712121212121211,4.712121212121211
DVST_XI_Griffin_16-19_07_2024_16_08.46.09_trainee_16_glove cut_1.csv,trainee,16,trainee__participant_16,glove_cut,1,dummy_mean,5,15.0,19.71212121212121,-4.712121212121211,4.712121212121211
DVST_XI_Griffin_16-19_07_2024_16_08.46.09_trainee_16_ring rollercoaster_1.csv,trainee,16,trainee__participant_16,ring_rollercoaster,1,dummy_mean,5,20.0,19.71212121212121,0.28787878787878896,0.28787878787878896
DVST_XI_Griffin_16-19_07_2024_16_08.46.09_trainee_16_sea spikes_1.csv,trainee,16,trainee__participant_16,sea_spikes,1,dummy_mean,5,16.0,19.71212121212121,-3.712121212121211,3.712121212121211
DVST_XI_Griffin_16-19_07_2024_16_08.46.09_trainee_16_suture_1.csv,trainee,16,trainee__participant_16,suture,1,dummy_mean,5,21.0,19.71212121212121,1.287878787878789,1.287878787878789
DVST_XI_Griffin_16-19_07_2024_17_12.20.23_trainee_15_camera target_1.csv,trainee,15,trainee__participant_15,camera_target,1,dummy_mean,5,18.0,19.71212121212121,-1.712121212121211,1.712121212121211
DVST_XI_Griffin_16-19_07_2024_17_12.20.23_trainee_16_camera target_1.csv,trainee,16,trainee__participant_16,camera_target,1,dummy_mean,5,23.0,19.71212121212121,3.287878787878789,3.287878787878789
DVST_XI_Griffin_16-19_07_2024_17_12.20.23_trainee_16_ring rollercoaster_2.csv,trainee,16,trainee__participant_16,ring_rollercoaster,2,dummy_mean,5,23.0,19.71212121212121,3.287878787878789,3.287878787878789
DVST_XI_Griffin_16-19_07_2024_18_08.46.52_trainee_15_sea spikes_2.csv,trainee,15,trainee__participant_15,sea_spikes,2,dummy_mean,5,23.0,19.71212121212121,3.287878787878789,3.287878787878789
DVST_XI_Griffin_16-19_07_2024_18_08.46.52_trainee_15_suture_2.csv,trainee,15,trainee__participant_15,suture,2,dummy_mean,5,26.0,19.71212121212121,6.287878787878789,6.287878787878789
DVST_XI_Griffin_16-19_07_2024_18_08.46.52_trainee_16_sea spikes_2.csv,trainee,16,trainee__participant_16,sea_spikes,2,dummy_mean,5,21.0,19.71212121212121,1.287878787878789,1.287878787878789
DVST_XI_Griffin_16-19_07_2024_18_08.46.52_trainee_16_suture_2.csv,trainee,16,trainee__participant_16,suture,2,dummy_mean,5,29.0,19.71212121212121,9.287878787878789,9.287878787878789
DVST_XI_Griffin_16-19_07_2024_19_09.39.41_trainee_16_camera target_2.csv,trainee,16,trainee__participant_16,camera_target,2,dummy_mean,5,23.0,19.71212121212121,3.287878787878789,3.287878787878789
DVST_XI_Griffin_16-19_07_2024_19_09.39.41_trainee_16_glove cut_2.csv,trainee,16,trainee__participant_16,glove_cut,2,dummy_mean,5,24.0,19.71212121212121,4.287878787878789,4.287878787878789
DVST_XI_Griffin_29_sep-1_oct_2024_01_10.39.05_trainee_19_camera target_2.csv,trainee,19,trainee__participant_19,camera_target,2,dummy_mean,5,18.0,19.71212121212121,-1.712121212121211,1.712121212121211
DVST_XI_Griffin_29_sep-1_oct_2024_29_09.07.40_trainee_19_camera target_1.csv,trainee,19,trainee__participant_19,camera_target,1,dummy_mean,5,17.0,19.71212121212121,-2.712121212121211,2.712121212121211
DVST_XI_Griffin_29_sep-1_oct_2024_29_09.07.40_trainee_19_suture_1.csv,trainee,19,trainee__participant_19,suture,1,dummy_mean,5,16.0,19.71212121212121,-3.712121212121211,3.712121212121211
DVST_XI_Griffin_29_sep-1_oct_2024_30_12.18.00_trainee_19_glove cut_2.csv,trainee,19,trainee__participant_19,glove_cut,2,dummy_mean,5,17.0,19.71212121212121,-2.712121212121211,2.712121212121211
DVST_XI_Griffin_29_sep-1_oct_2024_30_12.18.00_trainee_19_ring rollercoaster_2.csv,trainee,19,trainee__participant_19,ring_rollercoaster,2,dummy_mean,5,22.0,19.71212121212121,2.287878787878789,2.287878787878789
DVST_XI_Griffin_29_sep-1_oct_2024_30_12.18.00_trainee_19_sea spikes_2.csv,trainee,19,trainee__participant_19,sea_spikes,2,dummy_mean,5,21.0,19.71212121212121,1.287878787878789,1.287878787878789
DVST_XI_11-14_Aug_2025_14_10.45.28_expert_8_camera target_1.csv,expert,8,expert__participant_8,camera_target,1,linear_regression,1,28.0,23.24027896996609,4.759721030033909,4.759721030033909
DVST_XI_11-14_Aug_2025_14_10.45.28_expert_8_glove cut_1.csv,expert,8,expert__participant_8,glove_cut,1,linear_regression,1,24.0,21.55506456896312,2.4449354310368783,2.4449354310368783
DVST_XI_11-14_Aug_2025_14_10.45.28_expert_8_ring rollercoaster_1.csv,expert,8,expert__participant_8,ring_rollercoaster,1,linear_regression,1,24.0,18.95238552867855,5.047614471321449,5.047614471321449
DVST_XI_11-14_Aug_2025_14_10.45.28_expert_8_sea spikes_1.csv,expert,8,expert__participant_8,sea_spikes,1,linear_regression,1,22.0,21.125365312354365,0.874634687645635,0.874634687645635
DVST_XI_11-14_Aug_2025_14_10.45.28_expert_8_suture_1.csv,expert,8,expert__participant_8,suture,1,linear_regression,1,29.0,25.09724561428274,3.902754385717259,3.902754385717259
DVST_XI_14-16_Feb_2024_14_09.13.16_trainee_1_camera target_1.csv,trainee,1,trainee__participant_1,camera_target,1,linear_regression,1,17.0,13.609139292117781,3.3908607078822186,3.3908607078822186
DVST_XI_14-16_Feb_2024_14_09.13.16_trainee_1_glove cut_1.csv,trainee,1,trainee__participant_1,glove_cut,1,linear_regression,1,15.0,8.623832121481147,6.376167878518853,6.376167878518853
DVST_XI_14-16_Feb_2024_14_09.13.16_trainee_1_ring rollercoaster_1.csv,trainee,1,trainee__participant_1,ring_rollercoaster,1,linear_regression,1,14.0,11.782483020649689,2.217516979350311,2.217516979350311
DVST_XI_14-16_Feb_2024_14_09.13.16_trainee_1_sea spikes_1.csv,trainee,1,trainee__participant_1,sea_spikes,1,linear_regression,1,13.0,16.48167502803257,-3.4816750280325692,3.4816750280325692
DVST_XI_14-16_Feb_2024_14_09.13.16_trainee_1_suture_1.csv,trainee,1,trainee__participant_1,suture,1,linear_regression,1,19.0,15.353571053525444,3.646428946474556,3.646428946474556
DVST_XI_14-16_Feb_2024_14_09.13.16_trainee_5_camera target_1.csv,trainee,5,trainee__participant_5,camera_target,1,linear_regression,1,7.0,11.756950191091246,-4.756950191091246,4.756950191091246
DVST_XI_14-16_Feb_2024_14_09.13.16_trainee_5_glove cut_1.csv,trainee,5,trainee__participant_5,glove_cut,1,linear_regression,1,11.0,13.48615424224271,-2.4861542422427103,2.4861542422427103
DVST_XI_14-16_Feb_2024_14_09.13.16_trainee_5_ring rollercoaster_1.csv,trainee,5,trainee__participant_5,ring_rollercoaster,1,linear_regression,1,17.0,9.54516376639889,7.45483623360111,7.45483623360111
DVST_XI_14-16_Feb_2024_14_09.13.16_trainee_5_sea spikes_1.csv,trainee,5,trainee__participant_5,sea_spikes,1,linear_regression,1,16.0,12.775379378300386,3.2246206216996143,3.2246206216996143
DVST_XI_14-16_Feb_2024_14_09.13.16_trainee_5_suture_1.csv,trainee,5,trainee__participant_5,suture,1,linear_regression,1,16.0,14.830250778032653,1.169749221967347,1.169749221967347
DVST_XI_14-16_Feb_2024_16_08.32.59_trainee_1_camera target_2.csv,trainee,1,trainee__participant_1,camera_target,2,linear_regression,1,19.0,17.74368944757217,1.2563105524278306,1.2563105524278306
DVST_XI_14-16_Feb_2024_16_08.32.59_trainee_1_glove cut_2.csv,trainee,1,trainee__participant_1,glove_cut,2,linear_regression,1,19.0,17.216117500530117,1.7838824994698825,1.7838824994698825
DVST_XI_14-16_Feb_2024_16_08.32.59_trainee_1_ring rollercoaster_2.csv,trainee,1,trainee__participant_1,ring_rollercoaster,2,linear_regression,1,20.0,16.8628846810011,3.1371153189989016,3.1371153189989016
DVST_XI_14-16_Feb_2024_16_08.32.59_trainee_1_sea spikes_2.csv,trainee,1,trainee__participant_1,sea_spikes,2,linear_regression,1,19.0,20.067588974821348,-1.0675889748213478,1.0675889748213478
DVST_XI_14-16_Feb_2024_16_08.32.59_trainee_1_suture_2.csv,trainee,1,trainee__participant_1,suture,2,linear_regression,1,17.0,17.405847464577874,-0.40584746457787446,0.40584746457787446
DVST_XI_14-16_Feb_2024_16_08.32.59_trainee_5_camera target_2.csv,trainee,5,trainee__participant_5,camera_target,2,linear_regression,1,21.0,12.520143096869425,8.479856903130575,8.479856903130575
DVST_XI_14-16_Feb_2024_16_08.32.59_trainee_5_glove cut_2.csv,trainee,5,trainee__participant_5,glove_cut,2,linear_regression,1,19.0,13.490511884957463,5.5094881150425365,5.5094881150425365
DVST_XI_14-16_Feb_2024_16_08.32.59_trainee_5_ring rollercoaster_2.csv,trainee,5,trainee__participant_5,ring_rollercoaster,2,linear_regression,1,23.0,13.589890423882302,9.410109576117698,9.410109576117698
DVST_XI_14-16_Feb_2024_16_08.32.59_trainee_5_sea spikes_2.csv,trainee,5,trainee__participant_5,sea_spikes,2,linear_regression,1,21.0,23.188122379515498,-2.188122379515498,2.188122379515498
DVST_XI_14-16_Feb_2024_16_08.32.59_trainee_5_suture_2.csv,trainee,5,trainee__participant_5,suture,2,linear_regression,1,21.0,15.091538790120296,5.908461209879704,5.908461209879704
DVST_XI_19-22_May_2025_22_09.34.36_trainee_37_camera target_2.csv,trainee,37,trainee__participant_37,camera_target,2,linear_regression,1,16.0,19.144724182704337,-3.144724182704337,3.144724182704337
DVST_XI_19-22_May_2025_22_09.34.36_trainee_37_glove cut_2.csv,trainee,37,trainee__participant_37,glove_cut,2,linear_regression,1,19.0,29.46031183830954,-10.46031183830954,10.46031183830954
DVST_XI_19-22_May_2025_22_09.34.36_trainee_41_camera target_2.csv,trainee,41,trainee__participant_41,camera_target,2,linear_regression,1,20.0,18.34122697967306,1.6587730203269402,1.6587730203269402
DVST_XI_19-22_May_2025_22_09.34.36_trainee_41_glove cut_2.csv,trainee,41,trainee__participant_41,glove_cut,2,linear_regression,1,19.0,10.911184378220685,8.088815621779315,8.088815621779315
DVST_XI_6-8_Mar_2025_06_10.41.14_trainee_32_camera target_1.csv,trainee,32,trainee__participant_32,camera_target,1,linear_regression,1,20.0,21.524736579456153,-1.5247365794561532,1.5247365794561532
DVST_XI_6-8_Mar_2025_06_10.41.14_trainee_32_ring rollercoaster_1.csv,trainee,32,trainee__participant_32,ring_rollercoaster,1,linear_regression,1,17.0,11.54048856359596,5.459511436404039,5.459511436404039
DVST_XI_6-8_Mar_2025_06_10.41.14_trainee_32_sea spikes_1.csv,trainee,32,trainee__participant_32,sea_spikes,1,linear_regression,1,14.0,13.218113974820067,0.7818860251799329,0.7818860251799329
DVST_XI_6-8_Mar_2025_07_11.56.53_trainee_32_glove cut_1.csv,trainee,32,trainee__participant_32,glove_cut,1,linear_regression,1,13.0,18.412144665808523,-5.412144665808523,5.412144665808523
DVST_XI_6-8_Mar_2025_08_08.21.32_expert_3_camera target_1.csv,expert,3,expert__participant_3,camera_target,1,linear_regression,1,27.0,269.2871282173172,-242.28712821731722,242.28712821731722
DVST_XI_6-8_Mar_2025_08_08.21.32_expert_3_glove cut_1.csv,expert,3,expert__participant_3,glove_cut,1,linear_regression,1,24.0,366.22601989131726,-342.22601989131726,342.22601989131726
DVST_XI_6-8_Mar_2025_08_08.21.32_expert_3_ring rollercoaster_1.csv,expert,3,expert__participant_3,ring_rollercoaster,1,linear_regression,1,21.0,446.1018510867554,-425.1018510867554,425.1018510867554
DVST_XI_6-8_Mar_2025_08_08.21.32_expert_3_sea spikes_1.csv,expert,3,expert__participant_3,sea_spikes,1,linear_regression,1,23.0,430.83699247941433,-407.83699247941433,407.83699247941433
DVST_XI_6-8_Mar_2025_08_08.21.32_expert_3_suture_1.csv,expert,3,expert__participant_3,suture,1,linear_regression,1,28.0,653.8875246461575,-625.8875246461575,625.8875246461575
DVST_XI_Griffin_29_sep-1_oct_2024_01_10.39.05_trainee_18_camera target_2.csv,trainee,18,trainee__participant_18,camera_target,2,linear_regression,1,18.0,22.23115741455731,-4.231157414557309,4.231157414557309
DVST_XI_Griffin_29_sep-1_oct_2024_01_10.39.05_trainee_20_camera target_2.csv,trainee,20,trainee__participant_20,camera_target,2,linear_regression,1,14.0,20.03336106339001,-6.033361063390011,6.033361063390011
DVST_XI_Griffin_29_sep-1_oct_2024_29_09.07.40_trainee_18_camera target_1.csv,trainee,18,trainee__participant_18,camera_target,1,linear_regression,1,19.0,-448.3030332101744,467.3030332101744,467.3030332101744
DVST_XI_Griffin_29_sep-1_oct_2024_29_09.07.40_trainee_18_suture_1.csv,trainee,18,trainee__participant_18,suture,1,linear_regression,1,12.0,-122.04960230472122,134.04960230472122,134.04960230472122
DVST_XI_Griffin_29_sep-1_oct_2024_29_09.07.40_trainee_20_camera target_1.csv,trainee,20,trainee__participant_20,camera_target,1,linear_regression,1,15.0,99.59191979515863,-84.59191979515863,84.59191979515863
DVST_XI_Griffin_29_sep-1_oct_2024_29_09.07.40_trainee_20_suture_1.csv,trainee,20,trainee__participant_20,suture,1,linear_regression,1,13.0,288.07161840743186,-275.07161840743186,275.07161840743186
DVST_XI_Griffin_29_sep-1_oct_2024_30_12.18.00_trainee_18_glove cut_2.csv,trainee,18,trainee__participant_18,glove_cut,2,linear_regression,1,22.0,22.401677955457917,-0.4016779554579166,0.4016779554579166
DVST_XI_Griffin_29_sep-1_oct_2024_30_12.18.00_trainee_18_ring rollercoaster_2.csv,trainee,18,trainee__participant_18,ring_rollercoaster,2,linear_regression,1,24.0,17.434958179059315,6.565041820940685,6.565041820940685
DVST_XI_Griffin_29_sep-1_oct_2024_30_12.18.00_trainee_18_sea spikes_2.csv,trainee,18,trainee__participant_18,sea_spikes,2,linear_regression,1,22.0,23.29241048774177,-1.292410487741769,1.292410487741769
DVST_XI_Griffin_29_sep-1_oct_2024_30_12.18.00_trainee_18_suture_2.csv,trainee,18,trainee__participant_18,suture,2,linear_regression,1,22.0,19.617051578981865,2.382948421018135,2.382948421018135
DVST_XI_Griffin_29_sep-1_oct_2024_30_12.18.00_trainee_20_glove cut_2.csv,trainee,20,trainee__participant_20,glove_cut,2,linear_regression,1,17.0,11.946128144566917,5.0538718554330835,5.0538718554330835
DVST_XI_Griffin_29_sep-1_oct_2024_30_12.18.00_trainee_20_ring rollercoaster_2.csv,trainee,20,trainee__participant_20,ring_rollercoaster,2,linear_regression,1,21.0,15.983152301156267,5.016847698843733,5.016847698843733
DVST_XI_Griffin_29_sep-1_oct_2024_30_12.18.00_trainee_20_sea spikes_2.csv,trainee,20,trainee__participant_20,sea_spikes,2,linear_regression,1,21.0,23.755019814583104,-2.755019814583104,2.755019814583104
DVST_XI_14-16_Feb_2024_14_09.13.16_trainee_4_camera target_1.csv,trainee,4,trainee__participant_4,camera_target,1,linear_regression,2,16.0,16.35793241289875,-0.35793241289875155,0.35793241289875155
DVST_XI_14-16_Feb_2024_14_09.13.16_trainee_4_glove cut_1.csv,trainee,4,trainee__participant_4,glove_cut,1,linear_regression,2,23.0,20.496201377840425,2.503798622159575,2.503798622159575
DVST_XI_14-16_Feb_2024_14_09.13.16_trainee_4_ring rollercoaster_1.csv,trainee,4,trainee__participant_4,ring_rollercoaster,1,linear_regression,2,14.0,18.6401910118308,-4.640191011830801,4.640191011830801
DVST_XI_14-16_Feb_2024_14_09.13.16_trainee_4_sea spikes_1.csv,trainee,4,trainee__participant_4,sea_spikes,1,linear_regression,2,18.0,19.451706867596258,-1.4517068675962577,1.4517068675962577
DVST_XI_14-16_Feb_2024_14_09.13.16_trainee_4_suture_1.csv,trainee,4,trainee__participant_4,suture,1,linear_regression,2,18.0,15.375229787106154,2.6247702128938464,2.6247702128938464
DVST_XI_14-16_Feb_2024_16_08.32.59_trainee_4_camera target_2.csv,trainee,4,trainee__participant_4,camera_target,2,linear_regression,2,23.0,19.485296628897977,3.514703371102023,3.514703371102023
DVST_XI_14-16_Feb_2024_16_08.32.59_trainee_4_glove cut_2.csv,trainee,4,trainee__participant_4,glove_cut,2,linear_regression,2,24.0,21.276346353416706,2.723653646583294,2.723653646583294
DVST_XI_14-16_Feb_2024_16_08.32.59_trainee_4_ring rollercoaster_2.csv,trainee,4,trainee__participant_4,ring_rollercoaster,2,linear_regression,2,24.0,13.735611247795088,10.264388752204912,10.264388752204912
DVST_XI_14-16_Feb_2024_16_08.32.59_trainee_4_sea spikes_2.csv,trainee,4,trainee__participant_4,sea_spikes,2,linear_regression,2,24.0,140.01712198600245,-116.01712198600245,116.01712198600245
DVST_XI_14-16_Feb_2024_16_08.32.59_trainee_4_suture_2.csv,trainee,4,trainee__participant_4,suture,2,linear_regression,2,22.0,17.060550172048004,4.9394498279519965,4.9394498279519965
DVST_XI_6-8_Mar_2025_06_10.41.14_trainee_31_ring rollercoaster_1.csv,trainee,31,trainee__participant_31,ring_rollercoaster,1,linear_regression,2,15.0,16.501141649712125,-1.5011416497121246,1.5011416497121246
DVST_XI_6-8_Mar_2025_06_10.41.14_trainee_31_sea spikes_1.csv,trainee,31,trainee__participant_31,sea_spikes,1,linear_regression,2,13.0,16.018743303998654,-3.0187433039986544,3.0187433039986544
DVST_XI_6-8_Mar_2025_06_10.41.14_trainee_33_camera target_1.csv,trainee,33,trainee__participant_33,camera_target,1,linear_regression,2,23.0,22.839867180231987,0.16013281976801252,0.16013281976801252
DVST_XI_6-8_Mar_2025_06_10.41.14_trainee_33_ring rollercoaster_1.csv,trainee,33,trainee__participant_33,ring_rollercoaster,1,linear_regression,2,21.0,21.3815960577674,-0.3815960577673998,0.3815960577673998
DVST_XI_6-8_Mar_2025_06_10.41.14_trainee_33_sea spikes_1.csv,trainee,33,trainee__participant_33,sea_spikes,1,linear_regression,2,16.0,24.722585749658087,-8.722585749658087,8.722585749658087
DVST_XI_6-8_Mar_2025_06_10.41.14_trainee_36_ring rollercoaster_1.csv,trainee,36,trainee__participant_36,ring_rollercoaster,1,linear_regression,2,19.0,16.203787608615425,2.796212391384575,2.796212391384575
DVST_XI_6-8_Mar_2025_06_10.41.14_trainee_36_sea spikes_1.csv,trainee,36,trainee__participant_36,sea_spikes,1,linear_regression,2,16.0,18.184619767122218,-2.184619767122218,2.184619767122218
DVST_XI_6-8_Mar_2025_07_11.56.53_expert_2_camera target_1.csv,expert,2,expert__participant_2,camera_target,1,linear_regression,2,25.0,22.163824417668557,2.8361755823314425,2.8361755823314425
DVST_XI_6-8_Mar_2025_07_11.56.53_expert_2_glove cut_1.csv,expert,2,expert__participant_2,glove_cut,1,linear_regression,2,19.0,17.02575862874413,1.9742413712558715,1.9742413712558715
DVST_XI_6-8_Mar_2025_07_11.56.53_expert_2_ring rollercoaster_1.csv,expert,2,expert__participant_2,ring_rollercoaster,1,linear_regression,2,20.0,17.68546098064961,2.3145390193503914,2.3145390193503914
DVST_XI_6-8_Mar_2025_07_11.56.53_expert_2_sea spikes_1.csv,expert,2,expert__participant_2,sea_spikes,1,linear_regression,2,18.0,13.376749393920914,4.623250606079086,4.623250606079086
DVST_XI_6-8_Mar_2025_07_11.56.53_expert_2_suture_1.csv,expert,2,expert__participant_2,suture,1,linear_regression,2,23.0,13.281017365716805,9.718982634283195,9.718982634283195
DVST_XI_6-8_Mar_2025_07_11.56.53_trainee_31_glove cut_1.csv,trainee,31,trainee__participant_31,glove_cut,1,linear_regression,2,16.0,16.938978079045384,-0.9389780790453841,0.9389780790453841
DVST_XI_6-8_Mar_2025_07_11.56.53_trainee_33_camera target_2.csv,trainee,33,trainee__participant_33,camera_target,2,linear_regression,2,19.0,23.64899060537298,-4.64899060537298,4.64899060537298
DVST_XI_6-8_Mar_2025_07_11.56.53_trainee_33_glove cut_1.csv,trainee,33,trainee__participant_33,glove_cut,1,linear_regression,2,18.0,18.055354374363116,-0.055354374363115966,0.055354374363115966
DVST_XI_6-8_Mar_2025_07_11.56.53_trainee_33_sea spikes_2.csv,trainee,33,trainee__participant_33,sea_spikes,2,linear_regression,2,20.0,18.781965013038615,1.218034986961385,1.218034986961385
DVST_XI_6-8_Mar_2025_07_11.56.53_trainee_36_glove cut_1.csv,trainee,36,trainee__participant_36,glove_cut,1,linear_regression,2,18.0,21.23327639248925,-3.2332763924892483,3.2332763924892483
DVST_XI_Griffin_16-19_07_2024_17_12.20.23_trainee_13_camera target_1.csv,trainee,13,trainee__participant_13,camera_target,1,linear_regression,2,19.0,22.69546629571194,-3.6954662957119417,3.6954662957119417
DVST_XI_Griffin_16-19_07_2024_17_12.20.23_trainee_13_glove cut_1.csv,trainee,13,trainee__participant_13,glove_cut,1,linear_regression,2,23.0,15.115302605654339,7.884697394345661,7.884697394345661
DVST_XI_Griffin_16-19_07_2024_17_12.20.23_trainee_13_ring rollercoaster_1.csv,trainee,13,trainee__participant_13,ring_rollercoaster,1,linear_regression,2,17.0,22.301712065309886,-5.301712065309886,5.301712065309886
DVST_XI_Griffin_16-19_07_2024_17_12.20.23_trainee_13_ring rollercoaster_2.csv,trainee,13,trainee__participant_13,ring_rollercoaster,2,linear_regression,2,22.0,13.612593902002745,8.387406097997255,8.387406097997255
DVST_XI_Griffin_16-19_07_2024_17_12.20.23_trainee_13_sea spikes_1.csv,trainee,13,trainee__participant_13,sea_spikes,1,linear_regression,2,17.0,19.46616150857012,-2.4661615085701207,2.4661615085701207
DVST_XI_Griffin_16-19_07_2024_17_12.20.23_trainee_13_suture_1.csv,trainee,13,trainee__participant_13,suture,1,linear_regression,2,23.0,21.934580068704257,1.065419931295743,1.065419931295743
DVST_XI_Griffin_16-19_07_2024_18_08.46.52_trainee_13_sea spikes_2.csv,trainee,13,trainee__participant_13,sea_spikes,2,linear_regression,2,21.0,29.635800420176952,-8.635800420176952,8.635800420176952
DVST_XI_Griffin_16-19_07_2024_18_08.46.52_trainee_13_suture_2.csv,trainee,13,trainee__participant_13,suture,2,linear_regression,2,28.0,25.391722028820798,2.608277971179202,2.608277971179202
DVST_XI_Griffin_16-19_07_2024_19_09.39.41_trainee_13_camera target_2.csv,trainee,13,trainee__participant_13,camera_target,2,linear_regression,2,17.0,23.41477278615825,-6.414772786158249,6.414772786158249
DVST_XI_Griffin_29_sep-1_oct_2024_01_10.39.05_trainee_17_camera target_2.csv,trainee,17,trainee__participant_17,camera_target,2,linear_regression,2,22.0,33.15393562695754,-11.15393562695754,11.15393562695754
DVST_XI_Griffin_29_sep-1_oct_2024_01_10.39.05_trainee_21_camera target_2.csv,trainee,21,trainee__participant_21,camera_target,2,linear_regression,2,23.0,18.39305688709252,4.60694311290748,4.60694311290748
DVST_XI_Griffin_29_sep-1_oct_2024_29_09.07.40_trainee_17_camera target_1.csv,trainee,17,trainee__participant_17,camera_target,1,linear_regression,2,23.0,121.91100632514399,-98.91100632514399,98.91100632514399
DVST_XI_Griffin_29_sep-1_oct_2024_29_09.07.40_trainee_17_suture_1.csv,trainee,17,trainee__participant_17,suture,1,linear_regression,2,15.0,17.636295151090017,-2.6362951510900174,2.6362951510900174
DVST_XI_Griffin_29_sep-1_oct_2024_29_09.07.40_trainee_21_camera target_1.csv,trainee,21,trainee__participant_21,camera_target,1,linear_regression,2,19.0,73.61785016797074,-54.617850167970744,54.617850167970744
DVST_XI_Griffin_29_sep-1_oct_2024_29_09.07.40_trainee_21_suture_1.csv,trainee,21,trainee__participant_21,suture,1,linear_regression,2,18.0,97.25184915575421,-79.25184915575421,79.25184915575421
DVST_XI_Griffin_29_sep-1_oct_2024_30_12.18.00_trainee_17_glove cut_2.csv,trainee,17,trainee__participant_17,glove_cut,2,linear_regression,2,22.0,19.862265735064092,2.137734264935908,2.137734264935908
DVST_XI_Griffin_29_sep-1_oct_2024_30_12.18.00_trainee_17_ring rollercoaster_2.csv,trainee,17,trainee__participant_17,ring_rollercoaster,2,linear_regression,2,22.0,21.56148056703759,0.4385194329624085,0.4385194329624085
DVST_XI_Griffin_29_sep-1_oct_2024_30_12.18.00_trainee_17_sea spikes_2.csv,trainee,17,trainee__participant_17,sea_spikes,2,linear_regression,2,22.0,19.508333126328978,2.491666873671022,2.491666873671022
DVST_XI_Griffin_29_sep-1_oct_2024_30_12.18.00_trainee_21_glove cut_2.csv,trainee,21,trainee__participant_21,glove_cut,2,linear_regression,2,25.0,22.926976497962563,2.0730235020374366,2.0730235020374366
DVST_XI_Griffin_29_sep-1_oct_2024_30_12.18.00_trainee_21_ring rollercoaster_2.csv,trainee,21,trainee__participant_21,ring_rollercoaster,2,linear_regression,2,22.0,14.840984150839535,7.159015849160465,7.159015849160465
DVST_XI_Griffin_29_sep-1_oct_2024_30_12.18.00_trainee_21_sea spikes_2.csv,trainee,21,trainee__participant_21,sea_spikes,2,linear_regression,2,22.0,19.933087966815496,2.0669120331845043,2.0669120331845043
DVST_XI_Griffin_29_sep-1_oct_2024_30_12.18.00_trainee_21_suture_2.csv,trainee,21,trainee__participant_21,suture,2,linear_regression,2,23.0,25.00943259950197,-2.00943259950197,2.00943259950197
DVST_XI_10-13_Nov_2025_12_10.36.46_expert_10_camera target_1.csv,expert,10,expert__participant_10,camera_target,1,linear_regression,3,30.0,24.884893415287863,5.115106584712137,5.115106584712137
DVST_XI_10-13_Nov_2025_12_10.36.46_expert_10_glove cut_1.csv,expert,10,expert__participant_10,glove_cut,1,linear_regression,3,28.0,31.589124144199207,-3.5891241441992072,3.5891241441992072
DVST_XI_10-13_Nov_2025_12_10.36.46_expert_10_ring rollercoaster_1.csv,expert,10,expert__participant_10,ring_rollercoaster,1,linear_regression,3,29.0,25.790755429722857,3.209244570277143,3.209244570277143
DVST_XI_10-13_Nov_2025_12_10.36.46_expert_10_sea spikes_1.csv,expert,10,expert__participant_10,sea_spikes,1,linear_regression,3,29.0,28.980463404372827,0.019536595627172915,0.019536595627172915
DVST_XI_10-13_Nov_2025_12_10.36.46_expert_10_suture_1.csv,expert,10,expert__participant_10,suture,1,linear_regression,3,30.0,34.04473320346078,-4.04473320346078,4.04473320346078
DVST_XI_11-14_Aug_2025_13_11.33.24_expert_7_camera target_1.csv,expert,7,expert__participant_7,camera_target,1,linear_regression,3,28.0,24.04096738813718,3.9590326118628205,3.9590326118628205
DVST_XI_11-14_Aug_2025_13_11.33.24_expert_7_glove cut_1.csv,expert,7,expert__participant_7,glove_cut,1,linear_regression,3,25.0,23.025696109503123,1.974303890496877,1.974303890496877
DVST_XI_11-14_Aug_2025_13_11.33.24_expert_7_ring rollercoaster_1.csv,expert,7,expert__participant_7,ring_rollercoaster,1,linear_regression,3,20.0,19.591602440065678,0.4083975599343219,0.4083975599343219
DVST_XI_11-14_Aug_2025_13_11.33.24_expert_7_sea spikes_1.csv,expert,7,expert__participant_7,sea_spikes,1,linear_regression,3,20.0,23.720250690171206,-3.7202506901712056,3.7202506901712056
DVST_XI_11-14_Aug_2025_13_11.33.24_expert_7_suture_1.csv,expert,7,expert__participant_7,suture,1,linear_regression,3,29.0,19.972155821295424,9.027844178704576,9.027844178704576
DVST_XI_14-16_Feb_2024_14_09.13.16_trainee_3_camera target_1.csv,trainee,3,trainee__participant_3,camera_target,1,linear_regression,3,15.0,12.804044045477546,2.1959559545224536,2.1959559545224536
DVST_XI_14-16_Feb_2024_14_09.13.16_trainee_3_glove cut_1.csv,trainee,3,trainee__participant_3,glove_cut,1,linear_regression,3,17.0,16.16035686591393,0.8396431340860708,0.8396431340860708
DVST_XI_14-16_Feb_2024_14_09.13.16_trainee_3_ring rollercoaster_1.csv,trainee,3,trainee__participant_3,ring_rollercoaster,1,linear_regression,3,12.0,18.16180780895464,-6.1618078089546415,6.1618078089546415
DVST_XI_14-16_Feb_2024_14_09.13.16_trainee_3_sea spikes_1.csv,trainee,3,trainee__participant_3,sea_spikes,1,linear_regression,3,15.0,18.937948773575044,-3.9379487735750445,3.9379487735750445
DVST_XI_14-16_Feb_2024_14_09.13.16_trainee_3_suture_1.csv,trainee,3,trainee__participant_3,suture,1,linear_regression,3,19.0,17.74097685939776,1.2590231406022383,1.2590231406022383
DVST_XI_14-16_Feb_2024_16_08.32.59_trainee_3_camera target_2.csv,trainee,3,trainee__participant_3,camera_target,2,linear_regression,3,23.0,17.47776930047048,5.522230699529519,5.522230699529519
DVST_XI_14-16_Feb_2024_16_08.32.59_trainee_3_glove cut_2.csv,trainee,3,trainee__participant_3,glove_cut,2,linear_regression,3,19.0,15.150399344867282,3.8496006551327184,3.8496006551327184
DVST_XI_14-16_Feb_2024_16_08.32.59_trainee_3_ring rollercoaster_2.csv,trainee,3,trainee__participant_3,ring_rollercoaster,2,linear_regression,3,21.0,20.011307224723097,0.9886927752769026,0.9886927752769026
DVST_XI_14-16_Feb_2024_16_08.32.59_trainee_3_sea spikes_2.csv,trainee,3,trainee__participant_3,sea_spikes,2,linear_regression,3,17.0,21.192039142160624,-4.192039142160624,4.192039142160624
DVST_XI_14-16_Feb_2024_16_08.32.59_trainee_3_suture_2.csv,trainee,3,trainee__participant_3,suture,2,linear_regression,3,22.0,15.62237279038778,6.3776272096122195,6.3776272096122195
DVST_XI_19-22_May_2025_22_09.34.36_trainee_40_camera target_2.csv,trainee,40,trainee__participant_40,camera_target,2,linear_regression,3,24.0,23.098769424136567,0.9012305758634334,0.9012305758634334
DVST_XI_19-22_May_2025_22_09.34.36_trainee_40_glove cut_2.csv,trainee,40,trainee__participant_40,glove_cut,2,linear_regression,3,24.0,22.38072446588768,1.6192755341123188,1.6192755341123188
DVST_XI_6-8_Mar_2025_06_10.41.14_trainee_35_ring rollercoaster_1.csv,trainee,35,trainee__participant_35,ring_rollercoaster,1,linear_regression,3,18.0,15.938630219781139,2.061369780218861,2.061369780218861
DVST_XI_6-8_Mar_2025_06_10.41.14_trainee_35_sea spikes_1.csv,trainee,35,trainee__participant_35,sea_spikes,1,linear_regression,3,15.0,11.288573112807928,3.711426887192072,3.711426887192072
DVST_XI_6-8_Mar_2025_07_11.56.53_trainee_35_camera target_2.csv,trainee,35,trainee__participant_35,camera_target,2,linear_regression,3,18.0,19.75083266976815,-1.750832669768151,1.750832669768151
DVST_XI_6-8_Mar_2025_07_11.56.53_trainee_35_glove cut_1.csv,trainee,35,trainee__participant_35,glove_cut,1,linear_regression,3,16.0,20.446994549998983,-4.446994549998983,4.446994549998983
DVST_XI_6-8_Mar_2025_07_11.56.53_trainee_35_sea spikes_2.csv,trainee,35,trainee__participant_35,sea_spikes,2,linear_regression,3,21.0,17.723770221714968,3.276229778285032,3.276229778285032
DVST_XI_7-11_Mar_2024_08_13.12.17_trainee_11_ring rollercoaster_1.csv,trainee,11,trainee__participant_11,ring_rollercoaster,1,linear_regression,3,18.0,18.641463460941218,-0.6414634609412175,0.6414634609412175
DVST_XI_7-11_Mar_2024_08_13.12.17_trainee_11_sea spikes_1.csv,trainee,11,trainee__participant_11,sea_spikes,1,linear_regression,3,18.0,18.814101648029258,-0.8141016480292578,0.8141016480292578
DVST_XI_7-11_Mar_2024_08_13.12.17_trainee_7_ring rollercoaster_1.csv,trainee,7,trainee__participant_7,ring_rollercoaster,1,linear_regression,3,15.0,17.387060504555325,-2.3870605045553255,2.3870605045553255
DVST_XI_7-11_Mar_2024_08_13.12.17_trainee_7_sea spikes_1.csv,trainee,7,trainee__participant_7,sea_spikes,1,linear_regression,3,19.0,11.80536885236937,7.194631147630631,7.194631147630631
DVST_XI_7-11_Mar_2024_09_10.19.01_trainee_11_camera target_1.csv,trainee,11,trainee__participant_11,camera_target,1,linear_regression,3,10.0,15.61628596074997,-5.61628596074997,5.61628596074997
DVST_XI_7-11_Mar_2024_09_10.19.01_trainee_11_glove cut_1.csv,trainee,11,trainee__participant_11,glove_cut,1,linear_regression,3,18.0,16.105008297765583,1.8949917022344174,1.8949917022344174
DVST_XI_7-11_Mar_2024_09_10.19.01_trainee_7_camera target_1.csv,trainee,7,trainee__participant_7,camera_target,1,linear_regression,3,17.0,39.14414304218764,-22.144143042187643,22.144143042187643
DVST_XI_7-11_Mar_2024_09_10.19.01_trainee_7_glove cut_1.csv,trainee,7,trainee__participant_7,glove_cut,1,linear_regression,3,15.0,14.73563365019367,0.26436634980633045,0.26436634980633045
DVST_XI_7-11_Mar_2024_09_13.46.11_trainee_11_suture_1.csv,trainee,11,trainee__participant_11,suture,1,linear_regression,3,18.0,18.836634042861185,-0.8366340428611849,0.8366340428611849
DVST_XI_7-11_Mar_2024_09_13.46.11_trainee_7_suture_1.csv,trainee,7,trainee__participant_7,suture,1,linear_regression,3,17.0,19.444632337041583,-2.4446323370415826,2.4446323370415826
DVST_XI_7-11_Mar_2024_10_08.59.30_trainee_11_ring rollercoaster_2.csv,trainee,11,trainee__participant_11,ring_rollercoaster,2,linear_regression,3,16.0,12.812127751112858,3.1878722488871425,3.1878722488871425
DVST_XI_7-11_Mar_2024_10_08.59.30_trainee_11_sea spikes_2.csv,trainee,11,trainee__participant_11,sea_spikes,2,linear_regression,3,18.0,17.892780997866346,0.10721900213365387,0.10721900213365387
DVST_XI_7-11_Mar_2024_10_08.59.30_trainee_7_ring rollercoaster_2.csv,trainee,7,trainee__participant_7,ring_rollercoaster,2,linear_regression,3,18.0,14.354692004990214,3.6453079950097855,3.6453079950097855
DVST_XI_7-11_Mar_2024_10_08.59.30_trainee_7_sea spikes_2.csv,trainee,7,trainee__participant_7,sea_spikes,2,linear_regression,3,20.0,17.154736915377885,2.8452630846221147,2.8452630846221147
DVST_XI_Griffin_16-19_07_2024_16_08.46.09_trainee_14_glove cut_1.csv,trainee,14,trainee__participant_14,glove_cut,1,linear_regression,3,11.0,15.0826531510271,-4.082653151027101,4.082653151027101
DVST_XI_Griffin_16-19_07_2024_16_08.46.09_trainee_14_ring rollercoaster_1.csv,trainee,14,trainee__participant_14,ring_rollercoaster,1,linear_regression,3,16.0,17.54610323586151,-1.5461032358615086,1.5461032358615086
DVST_XI_Griffin_16-19_07_2024_16_08.46.09_trainee_14_sea spikes_1.csv,trainee,14,trainee__participant_14,sea_spikes,1,linear_regression,3,12.0,5.6865147561792995,6.3134852438207005,6.3134852438207005
DVST_XI_Griffin_16-19_07_2024_16_08.46.09_trainee_14_suture_1.csv,trainee,14,trainee__participant_14,suture,1,linear_regression,3,15.0,22.932681667321823,-7.932681667321823,7.932681667321823
DVST_XI_Griffin_16-19_07_2024_17_12.20.23_trainee_14_camera target_1.csv,trainee,14,trainee__participant_14,camera_target,1,linear_regression,3,14.0,11.154739817129446,2.845260182870554,2.845260182870554
DVST_XI_Griffin_16-19_07_2024_18_08.46.52_trainee_14_sea spikes_2.csv,trainee,14,trainee__participant_14,sea_spikes,2,linear_regression,3,20.0,18.34352621077521,1.6564737892247905,1.6564737892247905
DVST_XI_Griffin_16-19_07_2024_18_08.46.52_trainee_14_suture_2.csv,trainee,14,trainee__participant_14,suture,2,linear_regression,3,29.0,29.851698293460657,-0.8516982934606574,0.8516982934606574
DVST_XI_Griffin_16-19_07_2024_19_09.39.41_trainee_14_glove cut_2.csv,trainee,14,trainee__participant_14,glove_cut,2,linear_regression,3,18.0,17.71097108449677,0.2890289155032306,0.2890289155032306
DVST_XI_10-13_Nov_2025_12_10.36.46_expert_9_camera target_1.csv,expert,9,expert__participant_9,camera_target,1,linear_regression,4,28.0,26.062807343240273,1.937192656759727,1.937192656759727
DVST_XI_10-13_Nov_2025_12_10.36.46_expert_9_glove cut_1.csv,expert,9,expert__participant_9,glove_cut,1,linear_regression,4,29.0,24.101489932347864,4.898510067652136,4.898510067652136
DVST_XI_10-13_Nov_2025_12_10.36.46_expert_9_ring rollercoaster_1.csv,expert,9,expert__participant_9,ring_rollercoaster,1,linear_regression,4,29.0,26.70301272958011,2.2969872704198906,2.2969872704198906
DVST_XI_10-13_Nov_2025_12_10.36.46_expert_9_sea spikes_1.csv,expert,9,expert__participant_9,sea_spikes,1,linear_regression,4,29.0,25.933666006759985,3.066333993240015,3.066333993240015
DVST_XI_10-13_Nov_2025_12_10.36.46_expert_9_suture_1.csv,expert,9,expert__participant_9,suture,1,linear_regression,4,28.0,26.338718892593242,1.661281107406758,1.661281107406758
DVST_XI_14-16_Feb_2024_14_09.13.16_trainee_2_camera target_1.csv,trainee,2,trainee__participant_2,camera_target,1,linear_regression,4,17.0,14.424728034005911,2.575271965994089,2.575271965994089
DVST_XI_14-16_Feb_2024_14_09.13.16_trainee_2_glove cut_1.csv,trainee,2,trainee__participant_2,glove_cut,1,linear_regression,4,13.0,18.626716847239923,-5.626716847239923,5.626716847239923
DVST_XI_14-16_Feb_2024_14_09.13.16_trainee_2_ring rollercoaster_1.csv,trainee,2,trainee__participant_2,ring_rollercoaster,1,linear_regression,4,14.0,8.967496429131259,5.032503570868741,5.032503570868741
DVST_XI_14-16_Feb_2024_14_09.13.16_trainee_2_sea spikes_1.csv,trainee,2,trainee__participant_2,sea_spikes,1,linear_regression,4,15.0,7.70406957417271,7.29593042582729,7.29593042582729
DVST_XI_14-16_Feb_2024_14_09.13.16_trainee_2_suture_1.csv,trainee,2,trainee__participant_2,suture,1,linear_regression,4,19.0,1.8068551956169934,17.193144804383007,17.193144804383007
DVST_XI_14-16_Feb_2024_16_08.32.59_trainee_2_camera target_2.csv,trainee,2,trainee__participant_2,camera_target,2,linear_regression,4,16.0,23.029878436534425,-7.029878436534425,7.029878436534425
DVST_XI_14-16_Feb_2024_16_08.32.59_trainee_2_glove cut_2.csv,trainee,2,trainee__participant_2,glove_cut,2,linear_regression,4,19.0,20.33780583947895,-1.3378058394789498,1.3378058394789498
DVST_XI_14-16_Feb_2024_16_08.32.59_trainee_2_ring rollercoaster_2.csv,trainee,2,trainee__participant_2,ring_rollercoaster,2,linear_regression,4,21.0,12.517229836065994,8.482770163934006,8.482770163934006
DVST_XI_14-16_Feb_2024_16_08.32.59_trainee_2_sea spikes_2.csv,trainee,2,trainee__participant_2,sea_spikes,2,linear_regression,4,17.0,22.087626330218203,-5.087626330218203,5.087626330218203
DVST_XI_14-16_Feb_2024_16_08.32.59_trainee_2_suture_2.csv,trainee,2,trainee__participant_2,suture,2,linear_regression,4,22.0,24.5088603604938,-2.5088603604937987,2.5088603604937987
DVST_XI_19-22_May_2025_22_09.34.36_trainee_39_camera target_2.csv,trainee,39,trainee__participant_39,camera_target,2,linear_regression,4,19.0,24.720136010936177,-5.7201360109361765,5.7201360109361765
DVST_XI_19-22_May_2025_22_09.34.36_trainee_39_glove cut_2.csv,trainee,39,trainee__participant_39,glove_cut,2,linear_regression,4,22.0,20.88804432285056,1.1119556771494388,1.1119556771494388
DVST_XI_6-8_Mar_2025_07_11.56.53_expert_1_camera target_1.csv,expert,1,expert__participant_1,camera_target,1,linear_regression,4,26.0,20.7027148652213,5.297285134778701,5.297285134778701
DVST_XI_6-8_Mar_2025_07_11.56.53_expert_1_glove cut_1.csv,expert,1,expert__participant_1,glove_cut,1,linear_regression,4,20.0,30.471192286443717,-10.471192286443717,10.471192286443717
DVST_XI_6-8_Mar_2025_07_11.56.53_expert_1_ring rollercoaster_1.csv,expert,1,expert__participant_1,ring_rollercoaster,1,linear_regression,4,21.0,21.771623723764144,-0.7716237237641437,0.7716237237641437
DVST_XI_6-8_Mar_2025_07_11.56.53_expert_1_sea spikes_1.csv,expert,1,expert__participant_1,sea_spikes,1,linear_regression,4,23.0,18.756832086568252,4.243167913431748,4.243167913431748
DVST_XI_6-8_Mar_2025_07_11.56.53_expert_1_suture_1.csv,expert,1,expert__participant_1,suture,1,linear_regression,4,26.0,29.67385537403756,-3.6738553740375615,3.6738553740375615
DVST_XI_7-11_Jul_2025_10_09.40.17_expert_6_camera target_1.csv,expert,6,expert__participant_6,camera_target,1,linear_regression,4,25.0,29.08544017259562,-4.0854401725956215,4.0854401725956215
DVST_XI_7-11_Jul_2025_10_09.40.17_expert_6_glove cut_1.csv,expert,6,expert__participant_6,glove_cut,1,linear_regression,4,23.0,26.64338253688366,-3.64338253688366,3.64338253688366
DVST_XI_7-11_Jul_2025_10_09.40.17_expert_6_ring rollercoaster_1.csv,expert,6,expert__participant_6,ring_rollercoaster,1,linear_regression,4,23.0,25.635460188428077,-2.635460188428077,2.635460188428077
DVST_XI_7-11_Jul_2025_10_09.40.17_expert_6_sea spikes_1.csv,expert,6,expert__participant_6,sea_spikes,1,linear_regression,4,23.0,20.438207699510922,2.5617923004890777,2.5617923004890777
DVST_XI_7-11_Jul_2025_10_09.40.17_expert_6_suture_1.csv,expert,6,expert__participant_6,suture,1,linear_regression,4,26.0,33.09720094818049,-7.097200948180493,7.097200948180493
DVST_XI_7-11_Mar_2024_08_13.12.17_trainee_10_ring rollercoaster_1.csv,trainee,10,trainee__participant_10,ring_rollercoaster,1,linear_regression,4,14.0,18.809027811693987,-4.809027811693987,4.809027811693987
DVST_XI_7-11_Mar_2024_08_13.12.17_trainee_10_sea spikes_1.csv,trainee,10,trainee__participant_10,sea_spikes,1,linear_regression,4,22.0,21.697729829080846,0.3022701709191544,0.3022701709191544
DVST_XI_7-11_Mar_2024_08_13.12.17_trainee_6_ring rollercoaster_1.csv,trainee,6,trainee__participant_6,ring_rollercoaster,1,linear_regression,4,16.0,12.383932782892497,3.616067217107503,3.616067217107503
DVST_XI_7-11_Mar_2024_08_13.12.17_trainee_6_sea spikes_1.csv,trainee,6,trainee__participant_6,sea_spikes,1,linear_regression,4,16.0,20.61487093551296,-4.614870935512961,4.614870935512961
DVST_XI_7-11_Mar_2024_09_10.19.01_trainee_10_camera target_1.csv,trainee,10,trainee__participant_10,camera_target,1,linear_regression,4,14.0,41.06380218403348,-27.063802184033477,27.063802184033477
DVST_XI_7-11_Mar_2024_09_10.19.01_trainee_10_glove cut_1.csv,trainee,10,trainee__participant_10,glove_cut,1,linear_regression,4,18.0,7.712021280147237,10.287978719852763,10.287978719852763
DVST_XI_7-11_Mar_2024_09_10.19.01_trainee_6_camera target_1.csv,trainee,6,trainee__participant_6,camera_target,1,linear_regression,4,16.0,15.374813897930242,0.6251861020697582,0.6251861020697582
DVST_XI_7-11_Mar_2024_09_10.19.01_trainee_6_glove cut_1.csv,trainee,6,trainee__participant_6,glove_cut,1,linear_regression,4,15.0,13.143543043793095,1.8564569562069053,1.8564569562069053
DVST_XI_7-11_Mar_2024_09_13.46.11_trainee_10_suture_1.csv,trainee,10,trainee__participant_10,suture,1,linear_regression,4,19.0,22.274519514829983,-3.274519514829983,3.274519514829983
DVST_XI_7-11_Mar_2024_09_13.46.11_trainee_6_suture_1.csv,trainee,6,trainee__participant_6,suture,1,linear_regression,4,12.0,20.955609717451082,-8.955609717451082,8.955609717451082
DVST_XI_7-11_Mar_2024_10_08.59.30_trainee_10_ring rollercoaster_2.csv,trainee,10,trainee__participant_10,ring_rollercoaster,2,linear_regression,4,18.0,17.14926135335883,0.8507386466411688,0.8507386466411688
DVST_XI_7-11_Mar_2024_10_08.59.30_trainee_10_sea spikes_2.csv,trainee,10,trainee__participant_10,sea_spikes,2,linear_regression,4,22.0,23.22168136308291,-1.2216813630829115,1.2216813630829115
DVST_XI_7-11_Mar_2024_10_08.59.30_trainee_6_ring rollercoaster_2.csv,trainee,6,trainee__participant_6,ring_rollercoaster,2,linear_regression,4,18.0,17.0016514926917,0.9983485073083003,0.9983485073083003
DVST_XI_7-11_Mar_2024_10_08.59.30_trainee_6_sea spikes_2.csv,trainee,6,trainee__participant_6,sea_spikes,2,linear_regression,4,20.0,18.21914204195264,1.7808579580473598,1.7808579580473598
DVST_XI_Griffin_16-19_07_2024_16_08.46.09_trainee_12_glove cut_1.csv,trainee,12,trainee__participant_12,glove_cut,1,linear_regression,4,21.0,17.215910106141827,3.784089893858173,3.784089893858173
DVST_XI_Griffin_16-19_07_2024_16_08.46.09_trainee_12_ring rollercoaster_1.csv,trainee,12,trainee__participant_12,ring_rollercoaster,1,linear_regression,4,16.0,16.575746872936023,-0.5757468729360227,0.5757468729360227
DVST_XI_Griffin_16-19_07_2024_16_08.46.09_trainee_12_sea spikes_1.csv,trainee,12,trainee__participant_12,sea_spikes,1,linear_regression,4,12.0,17.06059519369895,-5.060595193698951,5.060595193698951
DVST_XI_Griffin_16-19_07_2024_16_08.46.09_trainee_12_suture_1.csv,trainee,12,trainee__participant_12,suture,1,linear_regression,4,20.0,24.17764929815089,-4.1776492981508895,4.1776492981508895
DVST_XI_Griffin_16-19_07_2024_17_12.20.23_trainee_12_camera target_1.csv,trainee,12,trainee__participant_12,camera_target,1,linear_regression,4,16.0,23.334269969180724,-7.334269969180724,7.334269969180724
DVST_XI_Griffin_16-19_07_2024_18_08.46.52_trainee_12_sea spikes_2.csv,trainee,12,trainee__participant_12,sea_spikes,2,linear_regression,4,19.0,20.141427133398874,-1.1414271333988744,1.1414271333988744
DVST_XI_Griffin_16-19_07_2024_18_08.46.52_trainee_12_suture_2.csv,trainee,12,trainee__participant_12,suture,2,linear_regression,4,28.0,26.58130192858178,1.4186980714182198,1.4186980714182198
DVST_XI_Griffin_16-19_07_2024_19_09.39.41_trainee_12_glove cut_2.csv,trainee,12,trainee__participant_12,glove_cut,2,linear_regression,4,20.0,5.312507162534629,14.68749283746537,14.68749283746537
DVST_XI_19-22_May_2025_21_09.43.23_expert_5_camera target_1.csv,expert,5,expert__participant_5,camera_target,1,linear_regression,5,30.0,32.02935984245574,-2.02935984245574,2.02935984245574
DVST_XI_19-22_May_2025_21_09.43.23_expert_5_glove cut_1.csv,expert,5,expert__participant_5,glove_cut,1,linear_regression,5,24.0,28.026361198956042,-4.026361198956042,4.026361198956042
DVST_XI_19-22_May_2025_21_09.43.23_expert_5_ring rollercoaster_1.csv,expert,5,expert__participant_5,ring_rollercoaster,1,linear_regression,5,24.0,28.608325032427583,-4.608325032427583,4.608325032427583
DVST_XI_19-22_May_2025_21_09.43.23_expert_5_sea spikes_1.csv,expert,5,expert__participant_5,sea_spikes,1,linear_regression,5,24.0,23.920210088377857,0.079789911622143,0.079789911622143
DVST_XI_19-22_May_2025_21_09.43.23_expert_5_suture_1.csv,expert,5,expert__participant_5,suture,1,linear_regression,5,29.0,25.060827460533186,3.9391725394668136,3.9391725394668136
DVST_XI_19-22_May_2025_22_09.34.36_trainee_38_camera target_2.csv,trainee,38,trainee__participant_38,camera_target,2,linear_regression,5,22.0,34.29587455461027,-12.295874554610272,12.295874554610272
DVST_XI_19-22_May_2025_22_09.34.36_trainee_38_glove cut_2.csv,trainee,38,trainee__participant_38,glove_cut,2,linear_regression,5,18.0,15.948425502203037,2.051574497796963,2.051574497796963
DVST_XI_19-22_May_2025_22_09.34.36_trainee_42_camera target_2.csv,trainee,42,trainee__participant_42,camera_target,2,linear_regression,5,19.0,13.108728481646391,5.891271518353609,5.891271518353609
DVST_XI_19-22_May_2025_22_09.34.36_trainee_42_glove cut_2.csv,trainee,42,trainee__participant_42,glove_cut,2,linear_regression,5,16.0,7.395939879516634,8.604060120483366,8.604060120483366
DVST_XI_6-8_Mar_2025_06_10.41.14_trainee_34_camera target_1.csv,trainee,34,trainee__participant_34,camera_target,1,linear_regression,5,18.0,17.775204717765632,0.22479528223436773,0.22479528223436773
DVST_XI_6-8_Mar_2025_06_10.41.14_trainee_34_ring rollercoaster_1.csv,trainee,34,trainee__participant_34,ring_rollercoaster,1,linear_regression,5,14.0,-13.89826423678955,27.89826423678955,27.89826423678955
DVST_XI_6-8_Mar_2025_06_10.41.14_trainee_34_sea spikes_1.csv,trainee,34,trainee__participant_34,sea_spikes,1,linear_regression,5,14.0,18.852762852709937,-4.852762852709937,4.852762852709937
DVST_XI_6-8_Mar_2025_07_11.56.53_trainee_34_glove cut_1.csv,trainee,34,trainee__participant_34,glove_cut,1,linear_regression,5,12.0,1.0782557612211434,10.921744238778857,10.921744238778857
DVST_XI_7-11_Mar_2024_08_13.12.17_trainee_8_ring rollercoaster_1.csv,trainee,8,trainee__participant_8,ring_rollercoaster,1,linear_regression,5,12.0,23.58085242513073,-11.580852425130729,11.580852425130729
DVST_XI_7-11_Mar_2024_08_13.12.17_trainee_8_sea spikes_1.csv,trainee,8,trainee__participant_8,sea_spikes,1,linear_regression,5,18.0,11.934665974568677,6.065334025431323,6.065334025431323
DVST_XI_7-11_Mar_2024_08_13.12.17_trainee_9_ring rollercoaster_1.csv,trainee,9,trainee__participant_9,ring_rollercoaster,1,linear_regression,5,14.0,18.256555230680107,-4.256555230680107,4.256555230680107
DVST_XI_7-11_Mar_2024_08_13.12.17_trainee_9_sea spikes_1.csv,trainee,9,trainee__participant_9,sea_spikes,1,linear_regression,5,18.0,14.51149396066836,3.4885060393316394,3.4885060393316394
DVST_XI_7-11_Mar_2024_09_10.19.01_trainee_8_camera target_1.csv,trainee,8,trainee__participant_8,camera_target,1,linear_regression,5,10.0,12.255612036085626,-2.255612036085626,2.255612036085626
DVST_XI_7-11_Mar_2024_09_10.19.01_trainee_8_glove cut_1.csv,trainee,8,trainee__participant_8,glove_cut,1,linear_regression,5,17.0,17.196606861347924,-0.1966068613479237,0.1966068613479237
DVST_XI_7-11_Mar_2024_09_10.19.01_trainee_9_camera target_1.csv,trainee,9,trainee__participant_9,camera_target,1,linear_regression,5,19.0,16.724680610708713,2.275319389291287,2.275319389291287
DVST_XI_7-11_Mar_2024_09_10.19.01_trainee_9_glove cut_1.csv,trainee,9,trainee__participant_9,glove_cut,1,linear_regression,5,18.0,11.814566047658635,6.185433952341365,6.185433952341365
DVST_XI_7-11_Mar_2024_09_13.46.11_trainee_8_suture_1.csv,trainee,8,trainee__participant_8,suture,1,linear_regression,5,17.0,23.30590271184785,-6.30590271184785,6.30590271184785
DVST_XI_7-11_Mar_2024_09_13.46.11_trainee_9_suture_1.csv,trainee,9,trainee__participant_9,suture,1,linear_regression,5,16.0,17.948952520615425,-1.9489525206154248,1.9489525206154248
DVST_XI_7-11_Mar_2024_10_08.59.30_trainee_8_ring rollercoaster_2.csv,trainee,8,trainee__participant_8,ring_rollercoaster,2,linear_regression,5,16.0,25.053592368361087,-9.053592368361087,9.053592368361087
DVST_XI_7-11_Mar_2024_10_08.59.30_trainee_8_sea spikes_2.csv,trainee,8,trainee__participant_8,sea_spikes,2,linear_regression,5,20.0,26.79645786706861,-6.796457867068611,6.796457867068611
DVST_XI_7-11_Mar_2024_10_08.59.30_trainee_9_ring rollercoaster_2.csv,trainee,9,trainee__participant_9,ring_rollercoaster,2,linear_regression,5,20.0,13.622653635538331,6.377346364461669,6.377346364461669
DVST_XI_7-11_Mar_2024_10_08.59.30_trainee_9_sea spikes_2.csv,trainee,9,trainee__participant_9,sea_spikes,2,linear_regression,5,22.0,16.907043982118413,5.092956017881587,5.092956017881587
DVST_XI_Griffin_16-19_07_2024_16_08.46.09_trainee_15_glove cut_1.csv,trainee,15,trainee__participant_15,glove_cut,1,linear_regression,5,17.0,14.450019137962698,2.5499808620373017,2.5499808620373017
DVST_XI_Griffin_16-19_07_2024_16_08.46.09_trainee_15_ring rollercoaster_1.csv,trainee,15,trainee__participant_15,ring_rollercoaster,1,linear_regression,5,18.0,13.09893346064613,4.90106653935387,4.90106653935387
DVST_XI_Griffin_16-19_07_2024_16_08.46.09_trainee_15_sea spikes_1.csv,trainee,15,trainee__participant_15,sea_spikes,1,linear_regression,5,20.0,18.12533698412246,1.874663015877541,1.874663015877541
DVST_XI_Griffin_16-19_07_2024_16_08.46.09_trainee_15_suture_1.csv,trainee,15,trainee__participant_15,suture,1,linear_regression,5,15.0,14.542232172911596,0.4577678270884036,0.4577678270884036
DVST_XI_Griffin_16-19_07_2024_16_08.46.09_trainee_16_glove cut_1.csv,trainee,16,trainee__participant_16,glove_cut,1,linear_regression,5,15.0,13.85869184420364,1.1413081557963594,1.1413081557963594
DVST_XI_Griffin_16-19_07_2024_16_08.46.09_trainee_16_ring rollercoaster_1.csv,trainee,16,trainee__participant_16,ring_rollercoaster,1,linear_regression,5,20.0,15.86757173301154,4.132428266988461,4.132428266988461
DVST_XI_Griffin_16-19_07_2024_16_08.46.09_trainee_16_sea spikes_1.csv,trainee,16,trainee__participant_16,sea_spikes,1,linear_regression,5,16.0,15.191942495376178,0.8080575046238216,0.8080575046238216
DVST_XI_Griffin_16-19_07_2024_16_08.46.09_trainee_16_suture_1.csv,trainee,16,trainee__participant_16,suture,1,linear_regression,5,21.0,14.240902778640642,6.759097221359358,6.759097221359358
DVST_XI_Griffin_16-19_07_2024_17_12.20.23_trainee_15_camera target_1.csv,trainee,15,trainee__participant_15,camera_target,1,linear_regression,5,18.0,12.849294294180323,5.150705705819677,5.150705705819677
DVST_XI_Griffin_16-19_07_2024_17_12.20.23_trainee_16_camera target_1.csv,trainee,16,trainee__participant_16,camera_target,1,linear_regression,5,23.0,14.11953264138244,8.88046735861756,8.88046735861756
DVST_XI_Griffin_16-19_07_2024_17_12.20.23_trainee_16_ring rollercoaster_2.csv,trainee,16,trainee__participant_16,ring_rollercoaster,2,linear_regression,5,23.0,21.27055797127617,1.729442028723831,1.729442028723831
DVST_XI_Griffin_16-19_07_2024_18_08.46.52_trainee_15_sea spikes_2.csv,trainee,15,trainee__participant_15,sea_spikes,2,linear_regression,5,23.0,21.90059585313996,1.0994041468600386,1.0994041468600386
DVST_XI_Griffin_16-19_07_2024_18_08.46.52_trainee_15_suture_2.csv,trainee,15,trainee__participant_15,suture,2,linear_regression,5,26.0,30.70483616914442,-4.704836169144421,4.704836169144421
DVST_XI_Griffin_16-19_07_2024_18_08.46.52_trainee_16_sea spikes_2.csv,trainee,16,trainee__participant_16,sea_spikes,2,linear_regression,5,21.0,22.698540402846547,-1.6985404028465467,1.6985404028465467
DVST_XI_Griffin_16-19_07_2024_18_08.46.52_trainee_16_suture_2.csv,trainee,16,trainee__participant_16,suture,2,linear_regression,5,29.0,24.83673114522015,4.163268854779851,4.163268854779851
DVST_XI_Griffin_16-19_07_2024_19_09.39.41_trainee_16_camera target_2.csv,trainee,16,trainee__participant_16,camera_target,2,linear_regression,5,23.0,18.43131468111091,4.5686853188890915,4.5686853188890915
DVST_XI_Griffin_16-19_07_2024_19_09.39.41_trainee_16_glove cut_2.csv,trainee,16,trainee__participant_16,glove_cut,2,linear_regression,5,24.0,11.678786928603316,12.321213071396684,12.321213071396684
DVST_XI_Griffin_29_sep-1_oct_2024_01_10.39.05_trainee_19_camera target_2.csv,trainee,19,trainee__participant_19,camera_target,2,linear_regression,5,18.0,20.195888686967695,-2.1958886869676952,2.1958886869676952
DVST_XI_Griffin_29_sep-1_oct_2024_29_09.07.40_trainee_19_camera target_1.csv,trainee,19,trainee__participant_19,camera_target,1,linear_regression,5,17.0,32.682224686341506,-15.682224686341506,15.682224686341506
DVST_XI_Griffin_29_sep-1_oct_2024_29_09.07.40_trainee_19_suture_1.csv,trainee,19,trainee__participant_19,suture,1,linear_regression,5,16.0,157.41739072729757,-141.41739072729757,141.41739072729757
DVST_XI_Griffin_29_sep-1_oct_2024_30_12.18.00_trainee_19_glove cut_2.csv,trainee,19,trainee__participant_19,glove_cut,2,linear_regression,5,17.0,10.540024826999302,6.459975173000698,6.459975173000698
DVST_XI_Griffin_29_sep-1_oct_2024_30_12.18.00_trainee_19_ring rollercoaster_2.csv,trainee,19,trainee__participant_19,ring_rollercoaster,2,linear_regression,5,22.0,19.43501499010411,2.5649850098958886,2.5649850098958886
DVST_XI_Griffin_29_sep-1_oct_2024_30_12.18.00_trainee_19_sea spikes_2.csv,trainee,19,trainee__participant_19,sea_spikes,2,linear_regression,5,21.0,17.485734895140016,3.514265104859984,3.514265104859984
DVST_XI_11-14_Aug_2025_14_10.45.28_expert_8_camera target_1.csv,expert,8,expert__participant_8,camera_target,1,ridge,1,28.0,22.431292025358854,5.568707974641146,5.568707974641146
DVST_XI_11-14_Aug_2025_14_10.45.28_expert_8_glove cut_1.csv,expert,8,expert__participant_8,glove_cut,1,ridge,1,24.0,22.026137668970094,1.9738623310299062,1.9738623310299062
DVST_XI_11-14_Aug_2025_14_10.45.28_expert_8_ring rollercoaster_1.csv,expert,8,expert__participant_8,ring_rollercoaster,1,ridge,1,24.0,22.682898034792355,1.3171019652076446,1.3171019652076446
DVST_XI_11-14_Aug_2025_14_10.45.28_expert_8_sea spikes_1.csv,expert,8,expert__participant_8,sea_spikes,1,ridge,1,22.0,21.443840338064742,0.5561596619352578,0.5561596619352578
DVST_XI_11-14_Aug_2025_14_10.45.28_expert_8_suture_1.csv,expert,8,expert__participant_8,suture,1,ridge,1,29.0,25.237694902132056,3.7623050978679444,3.7623050978679444
DVST_XI_14-16_Feb_2024_14_09.13.16_trainee_1_camera target_1.csv,trainee,1,trainee__participant_1,camera_target,1,ridge,1,17.0,18.822286299722897,-1.8222862997228972,1.8222862997228972
DVST_XI_14-16_Feb_2024_14_09.13.16_trainee_1_glove cut_1.csv,trainee,1,trainee__participant_1,glove_cut,1,ridge,1,15.0,15.872406716455037,-0.8724067164550373,0.8724067164550373
DVST_XI_14-16_Feb_2024_14_09.13.16_trainee_1_ring rollercoaster_1.csv,trainee,1,trainee__participant_1,ring_rollercoaster,1,ridge,1,14.0,18.155346693102565,-4.155346693102565,4.155346693102565
DVST_XI_14-16_Feb_2024_14_09.13.16_trainee_1_sea spikes_1.csv,trainee,1,trainee__participant_1,sea_spikes,1,ridge,1,13.0,17.475125256975762,-4.475125256975762,4.475125256975762
DVST_XI_14-16_Feb_2024_14_09.13.16_trainee_1_suture_1.csv,trainee,1,trainee__participant_1,suture,1,ridge,1,19.0,17.730034173292562,1.2699658267074376,1.2699658267074376
DVST_XI_14-16_Feb_2024_14_09.13.16_trainee_5_camera target_1.csv,trainee,5,trainee__participant_5,camera_target,1,ridge,1,7.0,15.399387800414916,-8.399387800414916,8.399387800414916
DVST_XI_14-16_Feb_2024_14_09.13.16_trainee_5_glove cut_1.csv,trainee,5,trainee__participant_5,glove_cut,1,ridge,1,11.0,16.826908228300614,-5.8269082283006135,5.8269082283006135
DVST_XI_14-16_Feb_2024_14_09.13.16_trainee_5_ring rollercoaster_1.csv,trainee,5,trainee__participant_5,ring_rollercoaster,1,ridge,1,17.0,13.978396965682084,3.0216030343179163,3.0216030343179163
DVST_XI_14-16_Feb_2024_14_09.13.16_trainee_5_sea spikes_1.csv,trainee,5,trainee__participant_5,sea_spikes,1,ridge,1,16.0,16.697556791423423,-0.6975567914234233,0.6975567914234233
DVST_XI_14-16_Feb_2024_14_09.13.16_trainee_5_suture_1.csv,trainee,5,trainee__participant_5,suture,1,ridge,1,16.0,17.670172493134025,-1.6701724931340252,1.6701724931340252
DVST_XI_14-16_Feb_2024_16_08.32.59_trainee_1_camera target_2.csv,trainee,1,trainee__participant_1,camera_target,2,ridge,1,19.0,18.488711931994807,0.511288068005193,0.511288068005193
DVST_XI_14-16_Feb_2024_16_08.32.59_trainee_1_glove cut_2.csv,trainee,1,trainee__participant_1,glove_cut,2,ridge,1,19.0,16.09437349861267,2.9056265013873315,2.9056265013873315
DVST_XI_14-16_Feb_2024_16_08.32.59_trainee_1_ring rollercoaster_2.csv,trainee,1,trainee__participant_1,ring_rollercoaster,2,ridge,1,20.0,18.70391575826983,1.2960842417301706,1.2960842417301706
DVST_XI_14-16_Feb_2024_16_08.32.59_trainee_1_sea spikes_2.csv,trainee,1,trainee__participant_1,sea_spikes,2,ridge,1,19.0,18.850394672115996,0.1496053278840037,0.1496053278840037
DVST_XI_14-16_Feb_2024_16_08.32.59_trainee_1_suture_2.csv,trainee,1,trainee__participant_1,suture,2,ridge,1,17.0,18.444245923501644,-1.4442459235016436,1.4442459235016436
DVST_XI_14-16_Feb_2024_16_08.32.59_trainee_5_camera target_2.csv,trainee,5,trainee__participant_5,camera_target,2,ridge,1,21.0,19.2306236586077,1.7693763413922987,1.7693763413922987
DVST_XI_14-16_Feb_2024_16_08.32.59_trainee_5_glove cut_2.csv,trainee,5,trainee__participant_5,glove_cut,2,ridge,1,19.0,16.099150420400544,2.9008495795994556,2.9008495795994556
DVST_XI_14-16_Feb_2024_16_08.32.59_trainee_5_ring rollercoaster_2.csv,trainee,5,trainee__participant_5,ring_rollercoaster,2,ridge,1,23.0,16.504711836164148,6.495288163835852,6.495288163835852
DVST_XI_14-16_Feb_2024_16_08.32.59_trainee_5_sea spikes_2.csv,trainee,5,trainee__participant_5,sea_spikes,2,ridge,1,21.0,20.358657080519414,0.6413429194805857,0.6413429194805857
DVST_XI_14-16_Feb_2024_16_08.32.59_trainee_5_suture_2.csv,trainee,5,trainee__participant_5,suture,2,ridge,1,21.0,18.856659042212133,2.143340957787867,2.143340957787867
DVST_XI_19-22_May_2025_22_09.34.36_trainee_37_camera target_2.csv,trainee,37,trainee__participant_37,camera_target,2,ridge,1,16.0,20.8475972010633,-4.8475972010633015,4.8475972010633015
DVST_XI_19-22_May_2025_22_09.34.36_trainee_37_glove cut_2.csv,trainee,37,trainee__participant_37,glove_cut,2,ridge,1,19.0,21.72561289586335,-2.7256128958633496,2.7256128958633496
DVST_XI_19-22_May_2025_22_09.34.36_trainee_41_camera target_2.csv,trainee,41,trainee__participant_41,camera_target,2,ridge,1,20.0,20.968972267723043,-0.9689722677230428,0.9689722677230428
DVST_XI_19-22_May_2025_22_09.34.36_trainee_41_glove cut_2.csv,trainee,41,trainee__participant_41,glove_cut,2,ridge,1,19.0,19.917516439273633,-0.9175164392736335,0.9175164392736335
DVST_XI_6-8_Mar_2025_06_10.41.14_trainee_32_camera target_1.csv,trainee,32,trainee__participant_32,camera_target,1,ridge,1,20.0,20.75138388599713,-0.7513838859971287,0.7513838859971287
DVST_XI_6-8_Mar_2025_06_10.41.14_trainee_32_ring rollercoaster_1.csv,trainee,32,trainee__participant_32,ring_rollercoaster,1,ridge,1,17.0,18.089995845143804,-1.0899958451438039,1.0899958451438039
DVST_XI_6-8_Mar_2025_06_10.41.14_trainee_32_sea spikes_1.csv,trainee,32,trainee__participant_32,sea_spikes,1,ridge,1,14.0,21.63652033982318,-7.6365203398231785,7.6365203398231785
DVST_XI_6-8_Mar_2025_07_11.56.53_trainee_32_glove cut_1.csv,trainee,32,trainee__participant_32,glove_cut,1,ridge,1,13.0,20.075675350056674,-7.075675350056674,7.075675350056674
DVST_XI_6-8_Mar_2025_08_08.21.32_expert_3_camera target_1.csv,expert,3,expert__participant_3,camera_target,1,ridge,1,27.0,18.97650916480742,8.023490835192579,8.023490835192579
DVST_XI_6-8_Mar_2025_08_08.21.32_expert_3_glove cut_1.csv,expert,3,expert__participant_3,glove_cut,1,ridge,1,24.0,20.035281717787836,3.9647182822121643,3.9647182822121643
DVST_XI_6-8_Mar_2025_08_08.21.32_expert_3_ring rollercoaster_1.csv,expert,3,expert__participant_3,ring_rollercoaster,1,ridge,1,21.0,18.46347270313534,2.5365272968646586,2.5365272968646586
DVST_XI_6-8_Mar_2025_08_08.21.32_expert_3_sea spikes_1.csv,expert,3,expert__participant_3,sea_spikes,1,ridge,1,23.0,17.88075712383144,5.11924287616856,5.11924287616856
DVST_XI_6-8_Mar_2025_08_08.21.32_expert_3_suture_1.csv,expert,3,expert__participant_3,suture,1,ridge,1,28.0,19.347875203279393,8.652124796720607,8.652124796720607
DVST_XI_Griffin_29_sep-1_oct_2024_01_10.39.05_trainee_18_camera target_2.csv,trainee,18,trainee__participant_18,camera_target,2,ridge,1,18.0,21.380440734261324,-3.380440734261324,3.380440734261324
DVST_XI_Griffin_29_sep-1_oct_2024_01_10.39.05_trainee_20_camera target_2.csv,trainee,20,trainee__participant_20,camera_target,2,ridge,1,14.0,19.307466556061218,-5.307466556061218,5.307466556061218
DVST_XI_Griffin_29_sep-1_oct_2024_29_09.07.40_trainee_18_camera target_1.csv,trainee,18,trainee__participant_18,camera_target,1,ridge,1,19.0,25.985948152086074,-6.985948152086074,6.985948152086074
DVST_XI_Griffin_29_sep-1_oct_2024_29_09.07.40_trainee_18_suture_1.csv,trainee,18,trainee__participant_18,suture,1,ridge,1,12.0,15.3974741987053,-3.3974741987053,3.3974741987053
DVST_XI_Griffin_29_sep-1_oct_2024_29_09.07.40_trainee_20_camera target_1.csv,trainee,20,trainee__participant_20,camera_target,1,ridge,1,15.0,15.4640734465974,-0.4640734465973999,0.4640734465973999
DVST_XI_Griffin_29_sep-1_oct_2024_29_09.07.40_trainee_20_suture_1.csv,trainee,20,trainee__participant_20,suture,1,ridge,1,13.0,15.268782953457702,-2.268782953457702,2.268782953457702
DVST_XI_Griffin_29_sep-1_oct_2024_30_12.18.00_trainee_18_glove cut_2.csv,trainee,18,trainee__participant_18,glove_cut,2,ridge,1,22.0,20.591161929561807,1.4088380704381933,1.4088380704381933
DVST_XI_Griffin_29_sep-1_oct_2024_30_12.18.00_trainee_18_ring rollercoaster_2.csv,trainee,18,trainee__participant_18,ring_rollercoaster,2,ridge,1,24.0,20.199566877239047,3.8004331227609534,3.8004331227609534
DVST_XI_Griffin_29_sep-1_oct_2024_30_12.18.00_trainee_18_sea spikes_2.csv,trainee,18,trainee__participant_18,sea_spikes,2,ridge,1,22.0,20.272760900733314,1.7272390992666864,1.7272390992666864
DVST_XI_Griffin_29_sep-1_oct_2024_30_12.18.00_trainee_18_suture_2.csv,trainee,18,trainee__participant_18,suture,2,ridge,1,22.0,20.685027018091677,1.3149729819083227,1.3149729819083227
DVST_XI_Griffin_29_sep-1_oct_2024_30_12.18.00_trainee_20_glove cut_2.csv,trainee,20,trainee__participant_20,glove_cut,2,ridge,1,17.0,20.2007143576286,-3.2007143576285983,3.2007143576285983
DVST_XI_Griffin_29_sep-1_oct_2024_30_12.18.00_trainee_20_ring rollercoaster_2.csv,trainee,20,trainee__participant_20,ring_rollercoaster,2,ridge,1,21.0,19.800864788085715,1.1991352119142853,1.1991352119142853
DVST_XI_Griffin_29_sep-1_oct_2024_30_12.18.00_trainee_20_sea spikes_2.csv,trainee,20,trainee__participant_20,sea_spikes,2,ridge,1,21.0,20.1488421934025,0.8511578065974987,0.8511578065974987
DVST_XI_14-16_Feb_2024_14_09.13.16_trainee_4_camera target_1.csv,trainee,4,trainee__participant_4,camera_target,1,ridge,2,16.0,16.887428669875284,-0.887428669875284,0.887428669875284
DVST_XI_14-16_Feb_2024_14_09.13.16_trainee_4_glove cut_1.csv,trainee,4,trainee__participant_4,glove_cut,1,ridge,2,23.0,18.332902417941376,4.667097582058624,4.667097582058624
DVST_XI_14-16_Feb_2024_14_09.13.16_trainee_4_ring rollercoaster_1.csv,trainee,4,trainee__participant_4,ring_rollercoaster,1,ridge,2,14.0,17.303848172781542,-3.3038481727815423,3.3038481727815423
DVST_XI_14-16_Feb_2024_14_09.13.16_trainee_4_sea spikes_1.csv,trainee,4,trainee__participant_4,sea_spikes,1,ridge,2,18.0,18.389617847790376,-0.389617847790376,0.389617847790376
DVST_XI_14-16_Feb_2024_14_09.13.16_trainee_4_suture_1.csv,trainee,4,trainee__participant_4,suture,1,ridge,2,18.0,18.90533101621437,-0.9053310162143688,0.9053310162143688
DVST_XI_14-16_Feb_2024_16_08.32.59_trainee_4_camera target_2.csv,trainee,4,trainee__participant_4,camera_target,2,ridge,2,23.0,18.28495436121623,4.715045638783771,4.715045638783771
DVST_XI_14-16_Feb_2024_16_08.32.59_trainee_4_glove cut_2.csv,trainee,4,trainee__participant_4,glove_cut,2,ridge,2,24.0,18.186681015995966,5.8133189840040345,5.8133189840040345
DVST_XI_14-16_Feb_2024_16_08.32.59_trainee_4_ring rollercoaster_2.csv,trainee,4,trainee__participant_4,ring_rollercoaster,2,ridge,2,24.0,18.817267068058076,5.182732931941924,5.182732931941924
DVST_XI_14-16_Feb_2024_16_08.32.59_trainee_4_sea spikes_2.csv,trainee,4,trainee__participant_4,sea_spikes,2,ridge,2,24.0,19.537840584897115,4.462159415102885,4.462159415102885
DVST_XI_14-16_Feb_2024_16_08.32.59_trainee_4_suture_2.csv,trainee,4,trainee__participant_4,suture,2,ridge,2,22.0,20.855707478155555,1.144292521844445,1.144292521844445
DVST_XI_6-8_Mar_2025_06_10.41.14_trainee_31_ring rollercoaster_1.csv,trainee,31,trainee__participant_31,ring_rollercoaster,1,ridge,2,15.0,19.37964876394527,-4.379648763945269,4.379648763945269
DVST_XI_6-8_Mar_2025_06_10.41.14_trainee_31_sea spikes_1.csv,trainee,31,trainee__participant_31,sea_spikes,1,ridge,2,13.0,18.879171668011224,-5.8791716680112245,5.8791716680112245
DVST_XI_6-8_Mar_2025_06_10.41.14_trainee_33_camera target_1.csv,trainee,33,trainee__participant_33,camera_target,1,ridge,2,23.0,20.472291562061248,2.5277084379387524,2.5277084379387524
DVST_XI_6-8_Mar_2025_06_10.41.14_trainee_33_ring rollercoaster_1.csv,trainee,33,trainee__participant_33,ring_rollercoaster,1,ridge,2,21.0,21.210275808973172,-0.21027580897317222,0.21027580897317222
DVST_XI_6-8_Mar_2025_06_10.41.14_trainee_33_sea spikes_1.csv,trainee,33,trainee__participant_33,sea_spikes,1,ridge,2,16.0,19.222357601629177,-3.2223576016291773,3.2223576016291773
DVST_XI_6-8_Mar_2025_06_10.41.14_trainee_36_ring rollercoaster_1.csv,trainee,36,trainee__participant_36,ring_rollercoaster,1,ridge,2,19.0,17.295899848767025,1.704100151232975,1.704100151232975
DVST_XI_6-8_Mar_2025_06_10.41.14_trainee_36_sea spikes_1.csv,trainee,36,trainee__participant_36,sea_spikes,1,ridge,2,16.0,17.575561806034372,-1.5755618060343721,1.5755618060343721
DVST_XI_6-8_Mar_2025_07_11.56.53_expert_2_camera target_1.csv,expert,2,expert__participant_2,camera_target,1,ridge,2,25.0,20.35698863751635,4.6430113624836515,4.6430113624836515
DVST_XI_6-8_Mar_2025_07_11.56.53_expert_2_glove cut_1.csv,expert,2,expert__participant_2,glove_cut,1,ridge,2,19.0,19.06689833097903,-0.0668983309790292,0.0668983309790292
DVST_XI_6-8_Mar_2025_07_11.56.53_expert_2_ring rollercoaster_1.csv,expert,2,expert__participant_2,ring_rollercoaster,1,ridge,2,20.0,20.142072931805554,-0.14207293180555425,0.14207293180555425
DVST_XI_6-8_Mar_2025_07_11.56.53_expert_2_sea spikes_1.csv,expert,2,expert__participant_2,sea_spikes,1,ridge,2,18.0,19.699946884486923,-1.6999468844869234,1.6999468844869234
DVST_XI_6-8_Mar_2025_07_11.56.53_expert_2_suture_1.csv,expert,2,expert__participant_2,suture,1,ridge,2,23.0,21.874029008208474,1.125970991791526,1.125970991791526
DVST_XI_6-8_Mar_2025_07_11.56.53_trainee_31_glove cut_1.csv,trainee,31,trainee__participant_31,glove_cut,1,ridge,2,16.0,18.55708251994277,-2.557082519942771,2.557082519942771
DVST_XI_6-8_Mar_2025_07_11.56.53_trainee_33_camera target_2.csv,trainee,33,trainee__participant_33,camera_target,2,ridge,2,19.0,20.524136251331687,-1.5241362513316865,1.5241362513316865
DVST_XI_6-8_Mar_2025_07_11.56.53_trainee_33_glove cut_1.csv,trainee,33,trainee__participant_33,glove_cut,1,ridge,2,18.0,19.009570339274813,-1.0095703392748128,1.0095703392748128
DVST_XI_6-8_Mar_2025_07_11.56.53_trainee_33_sea spikes_2.csv,trainee,33,trainee__participant_33,sea_spikes,2,ridge,2,20.0,19.38411727872423,0.6158827212757707,0.6158827212757707
DVST_XI_6-8_Mar_2025_07_11.56.53_trainee_36_glove cut_1.csv,trainee,36,trainee__participant_36,glove_cut,1,ridge,2,18.0,18.75874100789905,-0.7587410078990509,0.7587410078990509
DVST_XI_Griffin_16-19_07_2024_17_12.20.23_trainee_13_camera target_1.csv,trainee,13,trainee__participant_13,camera_target,1,ridge,2,19.0,20.021911862207162,-1.021911862207162,1.021911862207162
DVST_XI_Griffin_16-19_07_2024_17_12.20.23_trainee_13_glove cut_1.csv,trainee,13,trainee__participant_13,glove_cut,1,ridge,2,23.0,18.807458188415172,4.192541811584828,4.192541811584828
DVST_XI_Griffin_16-19_07_2024_17_12.20.23_trainee_13_ring rollercoaster_1.csv,trainee,13,trainee__participant_13,ring_rollercoaster,1,ridge,2,17.0,20.59047450335014,-3.5904745033501406,3.5904745033501406
DVST_XI_Griffin_16-19_07_2024_17_12.20.23_trainee_13_ring rollercoaster_2.csv,trainee,13,trainee__participant_13,ring_rollercoaster,2,ridge,2,22.0,21.571098856666634,0.42890114333336626,0.42890114333336626
DVST_XI_Griffin_16-19_07_2024_17_12.20.23_trainee_13_sea spikes_1.csv,trainee,13,trainee__participant_13,sea_spikes,1,ridge,2,17.0,19.594218190090963,-2.594218190090963,2.594218190090963
DVST_XI_Griffin_16-19_07_2024_17_12.20.23_trainee_13_suture_1.csv,trainee,13,trainee__participant_13,suture,1,ridge,2,23.0,20.578933754530734,2.421066245469266,2.421066245469266
DVST_XI_Griffin_16-19_07_2024_18_08.46.52_trainee_13_sea spikes_2.csv,trainee,13,trainee__participant_13,sea_spikes,2,ridge,2,21.0,21.413078289557877,-0.41307828955787684,0.41307828955787684
DVST_XI_Griffin_16-19_07_2024_18_08.46.52_trainee_13_suture_2.csv,trainee,13,trainee__participant_13,suture,2,ridge,2,28.0,21.200499093214933,6.799500906785067,6.799500906785067
DVST_XI_Griffin_16-19_07_2024_19_09.39.41_trainee_13_camera target_2.csv,trainee,13,trainee__participant_13,camera_target,2,ridge,2,17.0,21.620088477802447,-4.620088477802447,4.620088477802447
DVST_XI_Griffin_29_sep-1_oct_2024_01_10.39.05_trainee_17_camera target_2.csv,trainee,17,trainee__participant_17,camera_target,2,ridge,2,22.0,22.74350099538516,-0.7435009953851583,0.7435009953851583
DVST_XI_Griffin_29_sep-1_oct_2024_01_10.39.05_trainee_21_camera target_2.csv,trainee,21,trainee__participant_21,camera_target,2,ridge,2,23.0,20.944491276011412,2.055508723988588,2.055508723988588
DVST_XI_Griffin_29_sep-1_oct_2024_29_09.07.40_trainee_17_camera target_1.csv,trainee,17,trainee__participant_17,camera_target,1,ridge,2,23.0,14.706408236082428,8.293591763917572,8.293591763917572
DVST_XI_Griffin_29_sep-1_oct_2024_29_09.07.40_trainee_17_suture_1.csv,trainee,17,trainee__participant_17,suture,1,ridge,2,15.0,18.377240198595683,-3.3772401985956826,3.3772401985956826
DVST_XI_Griffin_29_sep-1_oct_2024_29_09.07.40_trainee_21_camera target_1.csv,trainee,21,trainee__participant_21,camera_target,1,ridge,2,19.0,19.655601032654953,-0.6556010326549533,0.6556010326549533
DVST_XI_Griffin_29_sep-1_oct_2024_29_09.07.40_trainee_21_suture_1.csv,trainee,21,trainee__participant_21,suture,1,ridge,2,18.0,18.16581898663925,-0.16581898663924832,0.16581898663924832
DVST_XI_Griffin_29_sep-1_oct_2024_30_12.18.00_trainee_17_glove cut_2.csv,trainee,17,trainee__participant_17,glove_cut,2,ridge,2,22.0,19.711085835123246,2.288914164876754,2.288914164876754
DVST_XI_Griffin_29_sep-1_oct_2024_30_12.18.00_trainee_17_ring rollercoaster_2.csv,trainee,17,trainee__participant_17,ring_rollercoaster,2,ridge,2,22.0,20.765367122953666,1.2346328770463337,1.2346328770463337
DVST_XI_Griffin_29_sep-1_oct_2024_30_12.18.00_trainee_17_sea spikes_2.csv,trainee,17,trainee__participant_17,sea_spikes,2,ridge,2,22.0,20.842861126912453,1.157138873087547,1.157138873087547
DVST_XI_Griffin_29_sep-1_oct_2024_30_12.18.00_trainee_21_glove cut_2.csv,trainee,21,trainee__participant_21,glove_cut,2,ridge,2,25.0,19.424146492583123,5.575853507416877,5.575853507416877
DVST_XI_Griffin_29_sep-1_oct_2024_30_12.18.00_trainee_21_ring rollercoaster_2.csv,trainee,21,trainee__participant_21,ring_rollercoaster,2,ridge,2,22.0,19.337434161747602,2.662565838252398,2.662565838252398
DVST_XI_Griffin_29_sep-1_oct_2024_30_12.18.00_trainee_21_sea spikes_2.csv,trainee,21,trainee__participant_21,sea_spikes,2,ridge,2,22.0,20.026351241899295,1.9736487581007047,1.9736487581007047
DVST_XI_Griffin_29_sep-1_oct_2024_30_12.18.00_trainee_21_suture_2.csv,trainee,21,trainee__participant_21,suture,2,ridge,2,23.0,20.713496348938836,2.286503651061164,2.286503651061164
DVST_XI_10-13_Nov_2025_12_10.36.46_expert_10_camera target_1.csv,expert,10,expert__participant_10,camera_target,1,ridge,3,30.0,27.3911675900414,2.6088324099586018,2.6088324099586018
DVST_XI_10-13_Nov_2025_12_10.36.46_expert_10_glove cut_1.csv,expert,10,expert__participant_10,glove_cut,1,ridge,3,28.0,26.27166015178237,1.7283398482176295,1.7283398482176295
DVST_XI_10-13_Nov_2025_12_10.36.46_expert_10_ring rollercoaster_1.csv,expert,10,expert__participant_10,ring_rollercoaster,1,ridge,3,29.0,25.27306328068912,3.7269367193108813,3.7269367193108813
DVST_XI_10-13_Nov_2025_12_10.36.46_expert_10_sea spikes_1.csv,expert,10,expert__participant_10,sea_spikes,1,ridge,3,29.0,23.632833295918697,5.367166704081303,5.367166704081303
DVST_XI_10-13_Nov_2025_12_10.36.46_expert_10_suture_1.csv,expert,10,expert__participant_10,suture,1,ridge,3,30.0,28.351389150525847,1.648610849474153,1.648610849474153
DVST_XI_11-14_Aug_2025_13_11.33.24_expert_7_camera target_1.csv,expert,7,expert__participant_7,camera_target,1,ridge,3,28.0,23.687212543360683,4.312787456639317,4.312787456639317
DVST_XI_11-14_Aug_2025_13_11.33.24_expert_7_glove cut_1.csv,expert,7,expert__participant_7,glove_cut,1,ridge,3,25.0,22.095629597392755,2.9043704026072454,2.9043704026072454
DVST_XI_11-14_Aug_2025_13_11.33.24_expert_7_ring rollercoaster_1.csv,expert,7,expert__participant_7,ring_rollercoaster,1,ridge,3,20.0,21.031729077646617,-1.0317290776466166,1.0317290776466166
DVST_XI_11-14_Aug_2025_13_11.33.24_expert_7_sea spikes_1.csv,expert,7,expert__participant_7,sea_spikes,1,ridge,3,20.0,21.395498309947914,-1.3954983099479144,1.3954983099479144
DVST_XI_11-14_Aug_2025_13_11.33.24_expert_7_suture_1.csv,expert,7,expert__participant_7,suture,1,ridge,3,29.0,25.60202976529257,3.3979702347074294,3.3979702347074294
DVST_XI_14-16_Feb_2024_14_09.13.16_trainee_3_camera target_1.csv,trainee,3,trainee__participant_3,camera_target,1,ridge,3,15.0,17.93979237587975,-2.939792375879751,2.939792375879751
DVST_XI_14-16_Feb_2024_14_09.13.16_trainee_3_glove cut_1.csv,trainee,3,trainee__participant_3,glove_cut,1,ridge,3,17.0,19.645603149802785,-2.6456031498027848,2.6456031498027848
DVST_XI_14-16_Feb_2024_14_09.13.16_trainee_3_ring rollercoaster_1.csv,trainee,3,trainee__participant_3,ring_rollercoaster,1,ridge,3,12.0,17.427871526041503,-5.427871526041503,5.427871526041503
DVST_XI_14-16_Feb_2024_14_09.13.16_trainee_3_sea spikes_1.csv,trainee,3,trainee__participant_3,sea_spikes,1,ridge,3,15.0,18.471012031670448,-3.4710120316704476,3.4710120316704476
DVST_XI_14-16_Feb_2024_14_09.13.16_trainee_3_suture_1.csv,trainee,3,trainee__participant_3,suture,1,ridge,3,19.0,18.24747502936221,0.7525249706377899,0.7525249706377899
DVST_XI_14-16_Feb_2024_16_08.32.59_trainee_3_camera target_2.csv,trainee,3,trainee__participant_3,camera_target,2,ridge,3,23.0,18.869149055636075,4.1308509443639245,4.1308509443639245
DVST_XI_14-16_Feb_2024_16_08.32.59_trainee_3_glove cut_2.csv,trainee,3,trainee__participant_3,glove_cut,2,ridge,3,19.0,19.453297607538587,-0.4532976075385875,0.4532976075385875
DVST_XI_14-16_Feb_2024_16_08.32.59_trainee_3_ring rollercoaster_2.csv,trainee,3,trainee__participant_3,ring_rollercoaster,2,ridge,3,21.0,19.37230903813723,1.6276909618627684,1.6276909618627684
DVST_XI_14-16_Feb_2024_16_08.32.59_trainee_3_sea spikes_2.csv,trainee,3,trainee__participant_3,sea_spikes,2,ridge,3,17.0,19.21058656206478,-2.2105865620647798,2.2105865620647798
DVST_XI_14-16_Feb_2024_16_08.32.59_trainee_3_suture_2.csv,trainee,3,trainee__participant_3,suture,2,ridge,3,22.0,21.879826838132907,0.12017316186709337,0.12017316186709337
DVST_XI_19-22_May_2025_22_09.34.36_trainee_40_camera target_2.csv,trainee,40,trainee__participant_40,camera_target,2,ridge,3,24.0,24.450300688096547,-0.4503006880965472,0.4503006880965472
DVST_XI_19-22_May_2025_22_09.34.36_trainee_40_glove cut_2.csv,trainee,40,trainee__participant_40,glove_cut,2,ridge,3,24.0,21.050096305005624,2.9499036949943758,2.9499036949943758
DVST_XI_6-8_Mar_2025_06_10.41.14_trainee_35_ring rollercoaster_1.csv,trainee,35,trainee__participant_35,ring_rollercoaster,1,ridge,3,18.0,16.599213034703926,1.4007869652960743,1.4007869652960743
DVST_XI_6-8_Mar_2025_06_10.41.14_trainee_35_sea spikes_1.csv,trainee,35,trainee__participant_35,sea_spikes,1,ridge,3,15.0,14.804817092878224,0.19518290712177588,0.19518290712177588
DVST_XI_6-8_Mar_2025_07_11.56.53_trainee_35_camera target_2.csv,trainee,35,trainee__participant_35,camera_target,2,ridge,3,18.0,21.873740398758127,-3.8737403987581267,3.8737403987581267
DVST_XI_6-8_Mar_2025_07_11.56.53_trainee_35_glove cut_1.csv,trainee,35,trainee__participant_35,glove_cut,1,ridge,3,16.0,19.578674447424234,-3.578674447424234,3.578674447424234
DVST_XI_6-8_Mar_2025_07_11.56.53_trainee_35_sea spikes_2.csv,trainee,35,trainee__participant_35,sea_spikes,2,ridge,3,21.0,20.04431295245539,0.9556870475446111,0.9556870475446111
DVST_XI_7-11_Mar_2024_08_13.12.17_trainee_11_ring rollercoaster_1.csv,trainee,11,trainee__participant_11,ring_rollercoaster,1,ridge,3,18.0,17.204387723400057,0.7956122765999432,0.7956122765999432
DVST_XI_7-11_Mar_2024_08_13.12.17_trainee_11_sea spikes_1.csv,trainee,11,trainee__participant_11,sea_spikes,1,ridge,3,18.0,19.236567123143374,-1.2365671231433737,1.2365671231433737
DVST_XI_7-11_Mar_2024_08_13.12.17_trainee_7_ring rollercoaster_1.csv,trainee,7,trainee__participant_7,ring_rollercoaster,1,ridge,3,15.0,15.833579044335476,-0.833579044335476,0.833579044335476
DVST_XI_7-11_Mar_2024_08_13.12.17_trainee_7_sea spikes_1.csv,trainee,7,trainee__participant_7,sea_spikes,1,ridge,3,19.0,15.296253061166361,3.703746938833639,3.703746938833639
DVST_XI_7-11_Mar_2024_09_10.19.01_trainee_11_camera target_1.csv,trainee,11,trainee__participant_11,camera_target,1,ridge,3,10.0,13.451645153946219,-3.4516451539462185,3.4516451539462185
DVST_XI_7-11_Mar_2024_09_10.19.01_trainee_11_glove cut_1.csv,trainee,11,trainee__participant_11,glove_cut,1,ridge,3,18.0,17.866149860317698,0.13385013968230197,0.13385013968230197
DVST_XI_7-11_Mar_2024_09_10.19.01_trainee_7_camera target_1.csv,trainee,7,trainee__participant_7,camera_target,1,ridge,3,17.0,18.090878761457812,-1.0908787614578124,1.0908787614578124
DVST_XI_7-11_Mar_2024_09_10.19.01_trainee_7_glove cut_1.csv,trainee,7,trainee__participant_7,glove_cut,1,ridge,3,15.0,15.829607263016129,-0.8296072630161291,0.8296072630161291
DVST_XI_7-11_Mar_2024_09_13.46.11_trainee_11_suture_1.csv,trainee,11,trainee__participant_11,suture,1,ridge,3,18.0,19.534861543540565,-1.5348615435405648,1.5348615435405648
DVST_XI_7-11_Mar_2024_09_13.46.11_trainee_7_suture_1.csv,trainee,7,trainee__participant_7,suture,1,ridge,3,17.0,18.698995166397296,-1.698995166397296,1.698995166397296
DVST_XI_7-11_Mar_2024_10_08.59.30_trainee_11_ring rollercoaster_2.csv,trainee,11,trainee__participant_11,ring_rollercoaster,2,ridge,3,16.0,19.193757580604125,-3.1937575806041245,3.1937575806041245
DVST_XI_7-11_Mar_2024_10_08.59.30_trainee_11_sea spikes_2.csv,trainee,11,trainee__participant_11,sea_spikes,2,ridge,3,18.0,20.44140054414144,-2.441400544141441,2.441400544141441
DVST_XI_7-11_Mar_2024_10_08.59.30_trainee_7_ring rollercoaster_2.csv,trainee,7,trainee__participant_7,ring_rollercoaster,2,ridge,3,18.0,19.338617038335443,-1.3386170383354425,1.3386170383354425
DVST_XI_7-11_Mar_2024_10_08.59.30_trainee_7_sea spikes_2.csv,trainee,7,trainee__participant_7,sea_spikes,2,ridge,3,20.0,18.434750639644836,1.565249360355164,1.565249360355164
DVST_XI_Griffin_16-19_07_2024_16_08.46.09_trainee_14_glove cut_1.csv,trainee,14,trainee__participant_14,glove_cut,1,ridge,3,11.0,18.219881419011568,-7.219881419011568,7.219881419011568
DVST_XI_Griffin_16-19_07_2024_16_08.46.09_trainee_14_ring rollercoaster_1.csv,trainee,14,trainee__participant_14,ring_rollercoaster,1,ridge,3,16.0,19.30993804897164,-3.3099380489716417,3.3099380489716417
DVST_XI_Griffin_16-19_07_2024_16_08.46.09_trainee_14_sea spikes_1.csv,trainee,14,trainee__participant_14,sea_spikes,1,ridge,3,12.0,13.100273731129406,-1.1002737311294055,1.1002737311294055
DVST_XI_Griffin_16-19_07_2024_16_08.46.09_trainee_14_suture_1.csv,trainee,14,trainee__participant_14,suture,1,ridge,3,15.0,19.675226552597717,-4.675226552597717,4.675226552597717
DVST_XI_Griffin_16-19_07_2024_17_12.20.23_trainee_14_camera target_1.csv,trainee,14,trainee__participant_14,camera_target,1,ridge,3,14.0,15.549607312705353,-1.5496073127053531,1.5496073127053531
DVST_XI_Griffin_16-19_07_2024_18_08.46.52_trainee_14_sea spikes_2.csv,trainee,14,trainee__participant_14,sea_spikes,2,ridge,3,20.0,20.255906790419758,-0.2559067904197576,0.2559067904197576
DVST_XI_Griffin_16-19_07_2024_18_08.46.52_trainee_14_suture_2.csv,trainee,14,trainee__participant_14,suture,2,ridge,3,29.0,24.22665748911188,4.773342510888121,4.773342510888121
DVST_XI_Griffin_16-19_07_2024_19_09.39.41_trainee_14_glove cut_2.csv,trainee,14,trainee__participant_14,glove_cut,2,ridge,3,18.0,18.19177508921776,-0.1917750892177601,0.1917750892177601
DVST_XI_10-13_Nov_2025_12_10.36.46_expert_9_camera target_1.csv,expert,9,expert__participant_9,camera_target,1,ridge,4,28.0,26.1646688599486,1.8353311400514016,1.8353311400514016
DVST_XI_10-13_Nov_2025_12_10.36.46_expert_9_glove cut_1.csv,expert,9,expert__participant_9,glove_cut,1,ridge,4,29.0,24.86583073450612,4.134169265493881,4.134169265493881
DVST_XI_10-13_Nov_2025_12_10.36.46_expert_9_ring rollercoaster_1.csv,expert,9,expert__participant_9,ring_rollercoaster,1,ridge,4,29.0,25.339527924268268,3.6604720757317324,3.6604720757317324
DVST_XI_10-13_Nov_2025_12_10.36.46_expert_9_sea spikes_1.csv,expert,9,expert__participant_9,sea_spikes,1,ridge,4,29.0,24.204367578935955,4.795632421064045,4.795632421064045
DVST_XI_10-13_Nov_2025_12_10.36.46_expert_9_suture_1.csv,expert,9,expert__participant_9,suture,1,ridge,4,28.0,25.28651953627459,2.7134804637254106,2.7134804637254106
DVST_XI_14-16_Feb_2024_14_09.13.16_trainee_2_camera target_1.csv,trainee,2,trainee__participant_2,camera_target,1,ridge,4,17.0,15.032112069691147,1.9678879303088532,1.9678879303088532
DVST_XI_14-16_Feb_2024_14_09.13.16_trainee_2_glove cut_1.csv,trainee,2,trainee__participant_2,glove_cut,1,ridge,4,13.0,19.00427690812552,-6.004276908125519,6.004276908125519
DVST_XI_14-16_Feb_2024_14_09.13.16_trainee_2_ring rollercoaster_1.csv,trainee,2,trainee__participant_2,ring_rollercoaster,1,ridge,4,14.0,16.964423231299445,-2.9644232312994454,2.9644232312994454
DVST_XI_14-16_Feb_2024_14_09.13.16_trainee_2_sea spikes_1.csv,trainee,2,trainee__participant_2,sea_spikes,1,ridge,4,15.0,18.276746494431556,-3.2767464944315563,3.2767464944315563
DVST_XI_14-16_Feb_2024_14_09.13.16_trainee_2_suture_1.csv,trainee,2,trainee__participant_2,suture,1,ridge,4,19.0,17.755068941991272,1.2449310580087278,1.2449310580087278
DVST_XI_14-16_Feb_2024_16_08.32.59_trainee_2_camera target_2.csv,trainee,2,trainee__participant_2,camera_target,2,ridge,4,16.0,19.336599255222144,-3.3365992552221435,3.3365992552221435
DVST_XI_14-16_Feb_2024_16_08.32.59_trainee_2_glove cut_2.csv,trainee,2,trainee__participant_2,glove_cut,2,ridge,4,19.0,17.275138705006647,1.724861294993353,1.724861294993353
DVST_XI_14-16_Feb_2024_16_08.32.59_trainee_2_ring rollercoaster_2.csv,trainee,2,trainee__participant_2,ring_rollercoaster,2,ridge,4,21.0,16.92705344273212,4.07294655726788,4.07294655726788
DVST_XI_14-16_Feb_2024_16_08.32.59_trainee_2_sea spikes_2.csv,trainee,2,trainee__participant_2,sea_spikes,2,ridge,4,17.0,18.595928268832473,-1.5959282688324734,1.5959282688324734
DVST_XI_14-16_Feb_2024_16_08.32.59_trainee_2_suture_2.csv,trainee,2,trainee__participant_2,suture,2,ridge,4,22.0,21.910210459475362,0.08978954052463806,0.08978954052463806
DVST_XI_19-22_May_2025_22_09.34.36_trainee_39_camera target_2.csv,trainee,39,trainee__participant_39,camera_target,2,ridge,4,19.0,23.221830665021482,-4.221830665021482,4.221830665021482
DVST_XI_19-22_May_2025_22_09.34.36_trainee_39_glove cut_2.csv,trainee,39,trainee__participant_39,glove_cut,2,ridge,4,22.0,21.10348842449395,0.8965115755060502,0.8965115755060502
DVST_XI_6-8_Mar_2025_07_11.56.53_expert_1_camera target_1.csv,expert,1,expert__participant_1,camera_target,1,ridge,4,26.0,23.684174528918035,2.315825471081965,2.315825471081965
DVST_XI_6-8_Mar_2025_07_11.56.53_expert_1_glove cut_1.csv,expert,1,expert__participant_1,glove_cut,1,ridge,4,20.0,22.174414291737783,-2.174414291737783,2.174414291737783
DVST_XI_6-8_Mar_2025_07_11.56.53_expert_1_ring rollercoaster_1.csv,expert,1,expert__participant_1,ring_rollercoaster,1,ridge,4,21.0,22.149795674644416,-1.149795674644416,1.149795674644416
DVST_XI_6-8_Mar_2025_07_11.56.53_expert_1_sea spikes_1.csv,expert,1,expert__participant_1,sea_spikes,1,ridge,4,23.0,21.40758393512349,1.5924160648765096,1.5924160648765096
DVST_XI_6-8_Mar_2025_07_11.56.53_expert_1_suture_1.csv,expert,1,expert__participant_1,suture,1,ridge,4,26.0,24.97079270245077,1.029207297549231,1.029207297549231
DVST_XI_7-11_Jul_2025_10_09.40.17_expert_6_camera target_1.csv,expert,6,expert__participant_6,camera_target,1,ridge,4,25.0,24.063681722888113,0.9363182771118872,0.9363182771118872
DVST_XI_7-11_Jul_2025_10_09.40.17_expert_6_glove cut_1.csv,expert,6,expert__participant_6,glove_cut,1,ridge,4,23.0,22.141879987149633,0.8581200128503674,0.8581200128503674
DVST_XI_7-11_Jul_2025_10_09.40.17_expert_6_ring rollercoaster_1.csv,expert,6,expert__participant_6,ring_rollercoaster,1,ridge,4,23.0,22.35439821346871,0.6456017865312909,0.6456017865312909
DVST_XI_7-11_Jul_2025_10_09.40.17_expert_6_sea spikes_1.csv,expert,6,expert__participant_6,sea_spikes,1,ridge,4,23.0,22.426925046487323,0.5730749535126769,0.5730749535126769
DVST_XI_7-11_Jul_2025_10_09.40.17_expert_6_suture_1.csv,expert,6,expert__participant_6,suture,1,ridge,4,26.0,24.05752997739827,1.9424700226017286,1.9424700226017286
DVST_XI_7-11_Mar_2024_08_13.12.17_trainee_10_ring rollercoaster_1.csv,trainee,10,trainee__participant_10,ring_rollercoaster,1,ridge,4,14.0,19.15359330870754,-5.1535933087075385,5.1535933087075385
DVST_XI_7-11_Mar_2024_08_13.12.17_trainee_10_sea spikes_1.csv,trainee,10,trainee__participant_10,sea_spikes,1,ridge,4,22.0,14.871262043048723,7.1287379569512765,7.1287379569512765
DVST_XI_7-11_Mar_2024_08_13.12.17_trainee_6_ring rollercoaster_1.csv,trainee,6,trainee__participant_6,ring_rollercoaster,1,ridge,4,16.0,21.4674900469161,-5.467490046916101,5.467490046916101
DVST_XI_7-11_Mar_2024_08_13.12.17_trainee_6_sea spikes_1.csv,trainee,6,trainee__participant_6,sea_spikes,1,ridge,4,16.0,15.047647409172246,0.9523525908277541,0.9523525908277541
DVST_XI_7-11_Mar_2024_09_10.19.01_trainee_10_camera target_1.csv,trainee,10,trainee__participant_10,camera_target,1,ridge,4,14.0,25.307631885171414,-11.307631885171414,11.307631885171414
DVST_XI_7-11_Mar_2024_09_10.19.01_trainee_10_glove cut_1.csv,trainee,10,trainee__participant_10,glove_cut,1,ridge,4,18.0,12.173802539079881,5.826197460920119,5.826197460920119
DVST_XI_7-11_Mar_2024_09_10.19.01_trainee_6_camera target_1.csv,trainee,6,trainee__participant_6,camera_target,1,ridge,4,16.0,17.480051749040893,-1.4800517490408929,1.4800517490408929
DVST_XI_7-11_Mar_2024_09_10.19.01_trainee_6_glove cut_1.csv,trainee,6,trainee__participant_6,glove_cut,1,ridge,4,15.0,12.88776859055642,2.112231409443581,2.112231409443581
DVST_XI_7-11_Mar_2024_09_13.46.11_trainee_10_suture_1.csv,trainee,10,trainee__participant_10,suture,1,ridge,4,19.0,20.707702903750675,-1.7077029037506755,1.7077029037506755
DVST_XI_7-11_Mar_2024_09_13.46.11_trainee_6_suture_1.csv,trainee,6,trainee__participant_6,suture,1,ridge,4,12.0,18.66607647589904,-6.66607647589904,6.66607647589904
DVST_XI_7-11_Mar_2024_10_08.59.30_trainee_10_ring rollercoaster_2.csv,trainee,10,trainee__participant_10,ring_rollercoaster,2,ridge,4,18.0,18.725428762397627,-0.7254287623976268,0.7254287623976268
DVST_XI_7-11_Mar_2024_10_08.59.30_trainee_10_sea spikes_2.csv,trainee,10,trainee__participant_10,sea_spikes,2,ridge,4,22.0,20.804753777545702,1.1952462224542977,1.1952462224542977
DVST_XI_7-11_Mar_2024_10_08.59.30_trainee_6_ring rollercoaster_2.csv,trainee,6,trainee__participant_6,ring_rollercoaster,2,ridge,4,18.0,21.988342627007345,-3.988342627007345,3.988342627007345
DVST_XI_7-11_Mar_2024_10_08.59.30_trainee_6_sea spikes_2.csv,trainee,6,trainee__participant_6,sea_spikes,2,ridge,4,20.0,21.612720717197668,-1.6127207171976679,1.6127207171976679
DVST_XI_Griffin_16-19_07_2024_16_08.46.09_trainee_12_glove cut_1.csv,trainee,12,trainee__participant_12,glove_cut,1,ridge,4,21.0,19.29762148049073,1.7023785195092707,1.7023785195092707
DVST_XI_Griffin_16-19_07_2024_16_08.46.09_trainee_12_ring rollercoaster_1.csv,trainee,12,trainee__participant_12,ring_rollercoaster,1,ridge,4,16.0,20.76934544714901,-4.769345447149011,4.769345447149011
DVST_XI_Griffin_16-19_07_2024_16_08.46.09_trainee_12_sea spikes_1.csv,trainee,12,trainee__participant_12,sea_spikes,1,ridge,4,12.0,18.93857287249885,-6.938572872498849,6.938572872498849
DVST_XI_Griffin_16-19_07_2024_16_08.46.09_trainee_12_suture_1.csv,trainee,12,trainee__participant_12,suture,1,ridge,4,20.0,22.265687556224194,-2.2656875562241936,2.2656875562241936
DVST_XI_Griffin_16-19_07_2024_17_12.20.23_trainee_12_camera target_1.csv,trainee,12,trainee__participant_12,camera_target,1,ridge,4,16.0,23.188933367682147,-7.1889333676821465,7.1889333676821465
DVST_XI_Griffin_16-19_07_2024_18_08.46.52_trainee_12_sea spikes_2.csv,trainee,12,trainee__participant_12,sea_spikes,2,ridge,4,19.0,22.27835086051024,-3.2783508605102405,3.2783508605102405
DVST_XI_Griffin_16-19_07_2024_18_08.46.52_trainee_12_suture_2.csv,trainee,12,trainee__participant_12,suture,2,ridge,4,28.0,23.88307268338342,4.116927316616579,4.116927316616579
DVST_XI_Griffin_16-19_07_2024_19_09.39.41_trainee_12_glove cut_2.csv,trainee,12,trainee__participant_12,glove_cut,2,ridge,4,20.0,18.330422632585915,1.6695773674140852,1.6695773674140852
DVST_XI_19-22_May_2025_21_09.43.23_expert_5_camera target_1.csv,expert,5,expert__participant_5,camera_target,1,ridge,5,30.0,24.249164837488713,5.750835162511287,5.750835162511287
DVST_XI_19-22_May_2025_21_09.43.23_expert_5_glove cut_1.csv,expert,5,expert__participant_5,glove_cut,1,ridge,5,24.0,22.773047919094108,1.2269520809058925,1.2269520809058925
DVST_XI_19-22_May_2025_21_09.43.23_expert_5_ring rollercoaster_1.csv,expert,5,expert__participant_5,ring_rollercoaster,1,ridge,5,24.0,21.915469220561114,2.084530779438886,2.084530779438886
DVST_XI_19-22_May_2025_21_09.43.23_expert_5_sea spikes_1.csv,expert,5,expert__participant_5,sea_spikes,1,ridge,5,24.0,22.446282534104036,1.5537174658959643,1.5537174658959643
DVST_XI_19-22_May_2025_21_09.43.23_expert_5_suture_1.csv,expert,5,expert__participant_5,suture,1,ridge,5,29.0,24.2921736939042,4.7078263060958,4.7078263060958
DVST_XI_19-22_May_2025_22_09.34.36_trainee_38_camera target_2.csv,trainee,38,trainee__participant_38,camera_target,2,ridge,5,22.0,26.882551893029788,-4.882551893029788,4.882551893029788
DVST_XI_19-22_May_2025_22_09.34.36_trainee_38_glove cut_2.csv,trainee,38,trainee__participant_38,glove_cut,2,ridge,5,18.0,22.69047293857402,-4.690472938574018,4.690472938574018
DVST_XI_19-22_May_2025_22_09.34.36_trainee_42_camera target_2.csv,trainee,42,trainee__participant_42,camera_target,2,ridge,5,19.0,16.31145848776527,2.6885415122347283,2.6885415122347283
DVST_XI_19-22_May_2025_22_09.34.36_trainee_42_glove cut_2.csv,trainee,42,trainee__participant_42,glove_cut,2,ridge,5,16.0,17.35083398961753,-1.3508339896175308,1.3508339896175308
DVST_XI_6-8_Mar_2025_06_10.41.14_trainee_34_camera target_1.csv,trainee,34,trainee__participant_34,camera_target,1,ridge,5,18.0,19.400075341646893,-1.4000753416468932,1.4000753416468932
DVST_XI_6-8_Mar_2025_06_10.41.14_trainee_34_ring rollercoaster_1.csv,trainee,34,trainee__participant_34,ring_rollercoaster,1,ridge,5,14.0,13.276844083186091,0.7231559168139086,0.7231559168139086
DVST_XI_6-8_Mar_2025_06_10.41.14_trainee_34_sea spikes_1.csv,trainee,34,trainee__participant_34,sea_spikes,1,ridge,5,14.0,14.426432201022344,-0.4264322010223438,0.4264322010223438
DVST_XI_6-8_Mar_2025_07_11.56.53_trainee_34_glove cut_1.csv,trainee,34,trainee__participant_34,glove_cut,1,ridge,5,12.0,13.528999670310753,-1.5289996703107533,1.5289996703107533
DVST_XI_7-11_Mar_2024_08_13.12.17_trainee_8_ring rollercoaster_1.csv,trainee,8,trainee__participant_8,ring_rollercoaster,1,ridge,5,12.0,16.04947018445179,-4.049470184451788,4.049470184451788
DVST_XI_7-11_Mar_2024_08_13.12.17_trainee_8_sea spikes_1.csv,trainee,8,trainee__participant_8,sea_spikes,1,ridge,5,18.0,16.859373484472634,1.1406265155273658,1.1406265155273658
DVST_XI_7-11_Mar_2024_08_13.12.17_trainee_9_ring rollercoaster_1.csv,trainee,9,trainee__participant_9,ring_rollercoaster,1,ridge,5,14.0,18.60957129326069,-4.609571293260689,4.609571293260689
DVST_XI_7-11_Mar_2024_08_13.12.17_trainee_9_sea spikes_1.csv,trainee,9,trainee__participant_9,sea_spikes,1,ridge,5,18.0,16.55199056544266,1.4480094345573384,1.4480094345573384
DVST_XI_7-11_Mar_2024_09_10.19.01_trainee_8_camera target_1.csv,trainee,8,trainee__participant_8,camera_target,1,ridge,5,10.0,12.858522181813326,-2.858522181813326,2.858522181813326
DVST_XI_7-11_Mar_2024_09_10.19.01_trainee_8_glove cut_1.csv,trainee,8,trainee__participant_8,glove_cut,1,ridge,5,17.0,16.96111539661307,0.03888460338692923,0.03888460338692923
DVST_XI_7-11_Mar_2024_09_10.19.01_trainee_9_camera target_1.csv,trainee,9,trainee__participant_9,camera_target,1,ridge,5,19.0,18.52879961962835,0.47120038037164846,0.47120038037164846
DVST_XI_7-11_Mar_2024_09_10.19.01_trainee_9_glove cut_1.csv,trainee,9,trainee__participant_9,glove_cut,1,ridge,5,18.0,17.63168240751425,0.3683175924857487,0.3683175924857487
DVST_XI_7-11_Mar_2024_09_13.46.11_trainee_8_suture_1.csv,trainee,8,trainee__participant_8,suture,1,ridge,5,17.0,18.86056959341999,-1.8605695934199886,1.8605695934199886
DVST_XI_7-11_Mar_2024_09_13.46.11_trainee_9_suture_1.csv,trainee,9,trainee__participant_9,suture,1,ridge,5,16.0,18.36543451822447,-2.3654345182244683,2.3654345182244683
DVST_XI_7-11_Mar_2024_10_08.59.30_trainee_8_ring rollercoaster_2.csv,trainee,8,trainee__participant_8,ring_rollercoaster,2,ridge,5,16.0,18.77512312651383,-2.7751231265138294,2.7751231265138294
DVST_XI_7-11_Mar_2024_10_08.59.30_trainee_8_sea spikes_2.csv,trainee,8,trainee__participant_8,sea_spikes,2,ridge,5,20.0,18.5531963178503,1.4468036821496995,1.4468036821496995
DVST_XI_7-11_Mar_2024_10_08.59.30_trainee_9_ring rollercoaster_2.csv,trainee,9,trainee__participant_9,ring_rollercoaster,2,ridge,5,20.0,19.436936807071465,0.563063192928535,0.563063192928535
DVST_XI_7-11_Mar_2024_10_08.59.30_trainee_9_sea spikes_2.csv,trainee,9,trainee__participant_9,sea_spikes,2,ridge,5,22.0,18.63822812233216,3.3617718776678416,3.3617718776678416
DVST_XI_Griffin_16-19_07_2024_16_08.46.09_trainee_15_glove cut_1.csv,trainee,15,trainee__participant_15,glove_cut,1,ridge,5,17.0,19.75831393021756,-2.758313930217561,2.758313930217561
DVST_XI_Griffin_16-19_07_2024_16_08.46.09_trainee_15_ring rollercoaster_1.csv,trainee,15,trainee__participant_15,ring_rollercoaster,1,ridge,5,18.0,19.544625337206686,-1.5446253372066856,1.5446253372066856
DVST_XI_Griffin_16-19_07_2024_16_08.46.09_trainee_15_sea spikes_1.csv,trainee,15,trainee__participant_15,sea_spikes,1,ridge,5,20.0,17.632023541425337,2.367976458574663,2.367976458574663
DVST_XI_Griffin_16-19_07_2024_16_08.46.09_trainee_15_suture_1.csv,trainee,15,trainee__participant_15,suture,1,ridge,5,15.0,18.451701569226245,-3.4517015692262447,3.4517015692262447
DVST_XI_Griffin_16-19_07_2024_16_08.46.09_trainee_16_glove cut_1.csv,trainee,16,trainee__participant_16,glove_cut,1,ridge,5,15.0,18.33487848688659,-3.3348784868865913,3.3348784868865913
DVST_XI_Griffin_16-19_07_2024_16_08.46.09_trainee_16_ring rollercoaster_1.csv,trainee,16,trainee__participant_16,ring_rollercoaster,1,ridge,5,20.0,18.18452802854482,1.8154719714551817,1.8154719714551817
DVST_XI_Griffin_16-19_07_2024_16_08.46.09_trainee_16_sea spikes_1.csv,trainee,16,trainee__participant_16,sea_spikes,1,ridge,5,16.0,16.135312650736793,-0.13531265073679322,0.13531265073679322
DVST_XI_Griffin_16-19_07_2024_16_08.46.09_trainee_16_suture_1.csv,trainee,16,trainee__participant_16,suture,1,ridge,5,21.0,17.14182383800098,3.858176161999019,3.858176161999019
DVST_XI_Griffin_16-19_07_2024_17_12.20.23_trainee_15_camera target_1.csv,trainee,15,trainee__participant_15,camera_target,1,ridge,5,18.0,20.366455896591766,-2.3664558965917664,2.3664558965917664
DVST_XI_Griffin_16-19_07_2024_17_12.20.23_trainee_16_camera target_1.csv,trainee,16,trainee__participant_16,camera_target,1,ridge,5,23.0,20.298192841402237,2.701807158597763,2.701807158597763
DVST_XI_Griffin_16-19_07_2024_17_12.20.23_trainee_16_ring rollercoaster_2.csv,trainee,16,trainee__participant_16,ring_rollercoaster,2,ridge,5,23.0,20.467303588054694,2.532696411945306,2.532696411945306
DVST_XI_Griffin_16-19_07_2024_18_08.46.52_trainee_15_sea spikes_2.csv,trainee,15,trainee__participant_15,sea_spikes,2,ridge,5,23.0,20.098225044626954,2.901774955373046,2.901774955373046
DVST_XI_Griffin_16-19_07_2024_18_08.46.52_trainee_15_suture_2.csv,trainee,15,trainee__participant_15,suture,2,ridge,5,26.0,21.45968083612628,4.540319163873718,4.540319163873718
DVST_XI_Griffin_16-19_07_2024_18_08.46.52_trainee_16_sea spikes_2.csv,trainee,16,trainee__participant_16,sea_spikes,2,ridge,5,21.0,19.112784962150265,1.8872150378497352,1.8872150378497352
DVST_XI_Griffin_16-19_07_2024_18_08.46.52_trainee_16_suture_2.csv,trainee,16,trainee__participant_16,suture,2,ridge,5,29.0,22.45552571678247,6.544474283217529,6.544474283217529
DVST_XI_Griffin_16-19_07_2024_19_09.39.41_trainee_16_camera target_2.csv,trainee,16,trainee__participant_16,camera_target,2,ridge,5,23.0,20.059357477734423,2.940642522265577,2.940642522265577
DVST_XI_Griffin_16-19_07_2024_19_09.39.41_trainee_16_glove cut_2.csv,trainee,16,trainee__participant_16,glove_cut,2,ridge,5,24.0,18.001760323023234,5.998239676976766,5.998239676976766
DVST_XI_Griffin_29_sep-1_oct_2024_01_10.39.05_trainee_19_camera target_2.csv,trainee,19,trainee__participant_19,camera_target,2,ridge,5,18.0,20.14028181598441,-2.140281815984409,2.140281815984409
DVST_XI_Griffin_29_sep-1_oct_2024_29_09.07.40_trainee_19_camera target_1.csv,trainee,19,trainee__participant_19,camera_target,1,ridge,5,17.0,14.809125409730026,2.190874590269974,2.190874590269974
DVST_XI_Griffin_29_sep-1_oct_2024_29_09.07.40_trainee_19_suture_1.csv,trainee,19,trainee__participant_19,suture,1,ridge,5,16.0,13.198967658614272,2.801032341385728,2.801032341385728
DVST_XI_Griffin_29_sep-1_oct_2024_30_12.18.00_trainee_19_glove cut_2.csv,trainee,19,trainee__participant_19,glove_cut,2,ridge,5,17.0,18.514923648110514,-1.5149236481105142,1.5149236481105142
DVST_XI_Griffin_29_sep-1_oct_2024_30_12.18.00_trainee_19_ring rollercoaster_2.csv,trainee,19,trainee__participant_19,ring_rollercoaster,2,ridge,5,22.0,18.80341998468228,3.1965800153177213,3.1965800153177213
DVST_XI_Griffin_29_sep-1_oct_2024_30_12.18.00_trainee_19_sea spikes_2.csv,trainee,19,trainee__participant_19,sea_spikes,2,ridge,5,21.0,20.958998667796305,0.041001332203695284,0.041001332203695284
DVST_XI_11-14_Aug_2025_14_10.45.28_expert_8_camera target_1.csv,expert,8,expert__participant_8,camera_target,1,elastic_net,1,28.0,23.229939570285175,4.770060429714825,4.770060429714825
DVST_XI_11-14_Aug_2025_14_10.45.28_expert_8_glove cut_1.csv,expert,8,expert__participant_8,glove_cut,1,elastic_net,1,24.0,22.271463185279945,1.728536814720055,1.728536814720055
DVST_XI_11-14_Aug_2025_14_10.45.28_expert_8_ring rollercoaster_1.csv,expert,8,expert__participant_8,ring_rollercoaster,1,elastic_net,1,24.0,22.723221183319932,1.2767788166800678,1.2767788166800678
DVST_XI_11-14_Aug_2025_14_10.45.28_expert_8_sea spikes_1.csv,expert,8,expert__participant_8,sea_spikes,1,elastic_net,1,22.0,21.267922155709492,0.732077844290508,0.732077844290508
DVST_XI_11-14_Aug_2025_14_10.45.28_expert_8_suture_1.csv,expert,8,expert__participant_8,suture,1,elastic_net,1,29.0,26.76044406130968,2.2395559386903194,2.2395559386903194
DVST_XI_14-16_Feb_2024_14_09.13.16_trainee_1_camera target_1.csv,trainee,1,trainee__participant_1,camera_target,1,elastic_net,1,17.0,18.33487077161173,-1.3348707716117296,1.3348707716117296
DVST_XI_14-16_Feb_2024_14_09.13.16_trainee_1_glove cut_1.csv,trainee,1,trainee__participant_1,glove_cut,1,elastic_net,1,15.0,15.427303939344412,-0.42730393934441224,0.42730393934441224
DVST_XI_14-16_Feb_2024_14_09.13.16_trainee_1_ring rollercoaster_1.csv,trainee,1,trainee__participant_1,ring_rollercoaster,1,elastic_net,1,14.0,16.913349485100582,-2.913349485100582,2.913349485100582
DVST_XI_14-16_Feb_2024_14_09.13.16_trainee_1_sea spikes_1.csv,trainee,1,trainee__participant_1,sea_spikes,1,elastic_net,1,13.0,17.048645937442203,-4.048645937442203,4.048645937442203
DVST_XI_14-16_Feb_2024_14_09.13.16_trainee_1_suture_1.csv,trainee,1,trainee__participant_1,suture,1,elastic_net,1,19.0,16.910778618713366,2.0892213812866345,2.0892213812866345
DVST_XI_14-16_Feb_2024_14_09.13.16_trainee_5_camera target_1.csv,trainee,5,trainee__participant_5,camera_target,1,elastic_net,1,7.0,14.603598920454013,-7.603598920454013,7.603598920454013
DVST_XI_14-16_Feb_2024_14_09.13.16_trainee_5_glove cut_1.csv,trainee,5,trainee__participant_5,glove_cut,1,elastic_net,1,11.0,15.952526586999758,-4.952526586999758,4.952526586999758
DVST_XI_14-16_Feb_2024_14_09.13.16_trainee_5_ring rollercoaster_1.csv,trainee,5,trainee__participant_5,ring_rollercoaster,1,elastic_net,1,17.0,12.921917324745342,4.078082675254658,4.078082675254658
DVST_XI_14-16_Feb_2024_14_09.13.16_trainee_5_sea spikes_1.csv,trainee,5,trainee__participant_5,sea_spikes,1,elastic_net,1,16.0,16.207787840673898,-0.20778784067389822,0.20778784067389822
DVST_XI_14-16_Feb_2024_14_09.13.16_trainee_5_suture_1.csv,trainee,5,trainee__participant_5,suture,1,elastic_net,1,16.0,17.038305515004378,-1.038305515004378,1.038305515004378
DVST_XI_14-16_Feb_2024_16_08.32.59_trainee_1_camera target_2.csv,trainee,1,trainee__participant_1,camera_target,2,elastic_net,1,19.0,18.538343185657094,0.4616568143429056,0.4616568143429056
DVST_XI_14-16_Feb_2024_16_08.32.59_trainee_1_glove cut_2.csv,trainee,1,trainee__participant_1,glove_cut,2,elastic_net,1,19.0,15.62034950915832,3.37965049084168,3.37965049084168
DVST_XI_14-16_Feb_2024_16_08.32.59_trainee_1_ring rollercoaster_2.csv,trainee,1,trainee__participant_1,ring_rollercoaster,2,elastic_net,1,20.0,18.40217352719328,1.5978264728067195,1.5978264728067195
DVST_XI_14-16_Feb_2024_16_08.32.59_trainee_1_sea spikes_2.csv,trainee,1,trainee__participant_1,sea_spikes,2,elastic_net,1,19.0,18.891223632008614,0.10877636799138557,0.10877636799138557
DVST_XI_14-16_Feb_2024_16_08.32.59_trainee_1_suture_2.csv,trainee,1,trainee__participant_1,suture,2,elastic_net,1,17.0,17.538799466564328,-0.5387994665643276,0.5387994665643276
DVST_XI_14-16_Feb_2024_16_08.32.59_trainee_5_camera target_2.csv,trainee,5,trainee__participant_5,camera_target,2,elastic_net,1,21.0,19.12388172214702,1.8761182778529815,1.8761182778529815
DVST_XI_14-16_Feb_2024_16_08.32.59_trainee_5_glove cut_2.csv,trainee,5,trainee__participant_5,glove_cut,2,elastic_net,1,19.0,15.697719726038196,3.302280273961804,3.302280273961804
DVST_XI_14-16_Feb_2024_16_08.32.59_trainee_5_ring rollercoaster_2.csv,trainee,5,trainee__participant_5,ring_rollercoaster,2,elastic_net,1,23.0,15.565856031761406,7.434143968238594,7.434143968238594
DVST_XI_14-16_Feb_2024_16_08.32.59_trainee_5_sea spikes_2.csv,trainee,5,trainee__participant_5,sea_spikes,2,elastic_net,1,21.0,19.97141261196173,1.0285873880382717,1.0285873880382717
DVST_XI_14-16_Feb_2024_16_08.32.59_trainee_5_suture_2.csv,trainee,5,trainee__participant_5,suture,2,elastic_net,1,21.0,18.625978428884476,2.3740215711155237,2.3740215711155237
DVST_XI_19-22_May_2025_22_09.34.36_trainee_37_camera target_2.csv,trainee,37,trainee__participant_37,camera_target,2,elastic_net,1,16.0,21.489041706566343,-5.4890417065663435,5.4890417065663435
DVST_XI_19-22_May_2025_22_09.34.36_trainee_37_glove cut_2.csv,trainee,37,trainee__participant_37,glove_cut,2,elastic_net,1,19.0,22.34827553875535,-3.348275538755349,3.348275538755349
DVST_XI_19-22_May_2025_22_09.34.36_trainee_41_camera target_2.csv,trainee,41,trainee__participant_41,camera_target,2,elastic_net,1,20.0,20.812364146800014,-0.8123641468000145,0.8123641468000145
DVST_XI_19-22_May_2025_22_09.34.36_trainee_41_glove cut_2.csv,trainee,41,trainee__participant_41,glove_cut,2,elastic_net,1,19.0,19.439155048971053,-0.4391550489710525,0.4391550489710525
DVST_XI_6-8_Mar_2025_06_10.41.14_trainee_32_camera target_1.csv,trainee,32,trainee__participant_32,camera_target,1,elastic_net,1,20.0,21.056979819251815,-1.056979819251815,1.056979819251815
DVST_XI_6-8_Mar_2025_06_10.41.14_trainee_32_ring rollercoaster_1.csv,trainee,32,trainee__participant_32,ring_rollercoaster,1,elastic_net,1,17.0,17.400832090475348,-0.4008320904753475,0.4008320904753475
DVST_XI_6-8_Mar_2025_06_10.41.14_trainee_32_sea spikes_1.csv,trainee,32,trainee__participant_32,sea_spikes,1,elastic_net,1,14.0,21.538803823426953,-7.538803823426953,7.538803823426953
DVST_XI_6-8_Mar_2025_07_11.56.53_trainee_32_glove cut_1.csv,trainee,32,trainee__participant_32,glove_cut,1,elastic_net,1,13.0,20.42852536936228,-7.42852536936228,7.42852536936228
DVST_XI_6-8_Mar_2025_08_08.21.32_expert_3_camera target_1.csv,expert,3,expert__participant_3,camera_target,1,elastic_net,1,27.0,18.973153992257316,8.026846007742684,8.026846007742684
DVST_XI_6-8_Mar_2025_08_08.21.32_expert_3_glove cut_1.csv,expert,3,expert__participant_3,glove_cut,1,elastic_net,1,24.0,19.102033397194965,4.897966602805035,4.897966602805035
DVST_XI_6-8_Mar_2025_08_08.21.32_expert_3_ring rollercoaster_1.csv,expert,3,expert__participant_3,ring_rollercoaster,1,elastic_net,1,21.0,17.80692776731206,3.193072232687939,3.193072232687939
DVST_XI_6-8_Mar_2025_08_08.21.32_expert_3_sea spikes_1.csv,expert,3,expert__participant_3,sea_spikes,1,elastic_net,1,23.0,17.822389004379648,5.177610995620352,5.177610995620352
DVST_XI_6-8_Mar_2025_08_08.21.32_expert_3_suture_1.csv,expert,3,expert__participant_3,suture,1,elastic_net,1,28.0,18.771606571954276,9.228393428045724,9.228393428045724
DVST_XI_Griffin_29_sep-1_oct_2024_01_10.39.05_trainee_18_camera target_2.csv,trainee,18,trainee__participant_18,camera_target,2,elastic_net,1,18.0,21.829117490184316,-3.8291174901843164,3.8291174901843164
DVST_XI_Griffin_29_sep-1_oct_2024_01_10.39.05_trainee_20_camera target_2.csv,trainee,20,trainee__participant_20,camera_target,2,elastic_net,1,14.0,19.721304502160216,-5.721304502160216,5.721304502160216
DVST_XI_Griffin_29_sep-1_oct_2024_29_09.07.40_trainee_18_camera target_1.csv,trainee,18,trainee__participant_18,camera_target,1,elastic_net,1,19.0,29.02609355587202,-10.02609355587202,10.02609355587202
DVST_XI_Griffin_29_sep-1_oct_2024_29_09.07.40_trainee_18_suture_1.csv,trainee,18,trainee__participant_18,suture,1,elastic_net,1,12.0,13.224662354726311,-1.224662354726311,1.224662354726311
DVST_XI_Griffin_29_sep-1_oct_2024_29_09.07.40_trainee_20_camera target_1.csv,trainee,20,trainee__participant_20,camera_target,1,elastic_net,1,15.0,15.997111452848525,-0.9971114528485252,0.9971114528485252
DVST_XI_Griffin_29_sep-1_oct_2024_29_09.07.40_trainee_20_suture_1.csv,trainee,20,trainee__participant_20,suture,1,elastic_net,1,13.0,15.364662930181504,-2.3646629301815043,2.3646629301815043
DVST_XI_Griffin_29_sep-1_oct_2024_30_12.18.00_trainee_18_glove cut_2.csv,trainee,18,trainee__participant_18,glove_cut,2,elastic_net,1,22.0,20.844850559065485,1.1551494409345153,1.1551494409345153
DVST_XI_Griffin_29_sep-1_oct_2024_30_12.18.00_trainee_18_ring rollercoaster_2.csv,trainee,18,trainee__participant_18,ring_rollercoaster,2,elastic_net,1,24.0,20.193862855597935,3.806137144402065,3.806137144402065
DVST_XI_Griffin_29_sep-1_oct_2024_30_12.18.00_trainee_18_sea spikes_2.csv,trainee,18,trainee__participant_18,sea_spikes,2,elastic_net,1,22.0,20.177201200331844,1.8227987996681563,1.8227987996681563
DVST_XI_Griffin_29_sep-1_oct_2024_30_12.18.00_trainee_18_suture_2.csv,trainee,18,trainee__participant_18,suture,2,elastic_net,1,22.0,20.229569265215716,1.7704307347842843,1.7704307347842843
DVST_XI_Griffin_29_sep-1_oct_2024_30_12.18.00_trainee_20_glove cut_2.csv,trainee,20,trainee__participant_20,glove_cut,2,elastic_net,1,17.0,21.019829236716948,-4.019829236716948,4.019829236716948
DVST_XI_Griffin_29_sep-1_oct_2024_30_12.18.00_trainee_20_ring rollercoaster_2.csv,trainee,20,trainee__participant_20,ring_rollercoaster,2,elastic_net,1,21.0,19.088653201718653,1.9113467982813468,1.9113467982813468
DVST_XI_Griffin_29_sep-1_oct_2024_30_12.18.00_trainee_20_sea spikes_2.csv,trainee,20,trainee__participant_20,sea_spikes,2,elastic_net,1,21.0,20.274456806522476,0.7255431934775238,0.7255431934775238
DVST_XI_14-16_Feb_2024_14_09.13.16_trainee_4_camera target_1.csv,trainee,4,trainee__participant_4,camera_target,1,elastic_net,2,16.0,16.471910564258344,-0.4719105642583443,0.4719105642583443
DVST_XI_14-16_Feb_2024_14_09.13.16_trainee_4_glove cut_1.csv,trainee,4,trainee__participant_4,glove_cut,1,elastic_net,2,23.0,18.224734086372024,4.775265913627976,4.775265913627976
DVST_XI_14-16_Feb_2024_14_09.13.16_trainee_4_ring rollercoaster_1.csv,trainee,4,trainee__participant_4,ring_rollercoaster,1,elastic_net,2,14.0,16.70481054158382,-2.7048105415838215,2.7048105415838215
DVST_XI_14-16_Feb_2024_14_09.13.16_trainee_4_sea spikes_1.csv,trainee,4,trainee__participant_4,sea_spikes,1,elastic_net,2,18.0,17.874407483341507,0.12559251665849303,0.12559251665849303
DVST_XI_14-16_Feb_2024_14_09.13.16_trainee_4_suture_1.csv,trainee,4,trainee__participant_4,suture,1,elastic_net,2,18.0,18.19918803830398,-0.1991880383039799,0.1991880383039799
DVST_XI_14-16_Feb_2024_16_08.32.59_trainee_4_camera target_2.csv,trainee,4,trainee__participant_4,camera_target,2,elastic_net,2,23.0,18.096802273311102,4.903197726688898,4.903197726688898
DVST_XI_14-16_Feb_2024_16_08.32.59_trainee_4_glove cut_2.csv,trainee,4,trainee__participant_4,glove_cut,2,elastic_net,2,24.0,18.050589750691916,5.949410249308084,5.949410249308084
DVST_XI_14-16_Feb_2024_16_08.32.59_trainee_4_ring rollercoaster_2.csv,trainee,4,trainee__participant_4,ring_rollercoaster,2,elastic_net,2,24.0,18.784053890410416,5.215946109589584,5.215946109589584
DVST_XI_14-16_Feb_2024_16_08.32.59_trainee_4_sea spikes_2.csv,trainee,4,trainee__participant_4,sea_spikes,2,elastic_net,2,24.0,19.697933019748394,4.302066980251606,4.302066980251606
DVST_XI_14-16_Feb_2024_16_08.32.59_trainee_4_suture_2.csv,trainee,4,trainee__participant_4,suture,2,elastic_net,2,22.0,20.90876231959569,1.0912376804043085,1.0912376804043085
DVST_XI_6-8_Mar_2025_06_10.41.14_trainee_31_ring rollercoaster_1.csv,trainee,31,trainee__participant_31,ring_rollercoaster,1,elastic_net,2,15.0,19.0780501960163,-4.078050196016299,4.078050196016299
DVST_XI_6-8_Mar_2025_06_10.41.14_trainee_31_sea spikes_1.csv,trainee,31,trainee__participant_31,sea_spikes,1,elastic_net,2,13.0,18.26500121506323,-5.265001215063229,5.265001215063229
DVST_XI_6-8_Mar_2025_06_10.41.14_trainee_33_camera target_1.csv,trainee,33,trainee__participant_33,camera_target,1,elastic_net,2,23.0,20.59877545441153,2.4012245455884695,2.4012245455884695
DVST_XI_6-8_Mar_2025_06_10.41.14_trainee_33_ring rollercoaster_1.csv,trainee,33,trainee__participant_33,ring_rollercoaster,1,elastic_net,2,21.0,21.65251232588121,-0.6525123258812116,0.6525123258812116
DVST_XI_6-8_Mar_2025_06_10.41.14_trainee_33_sea spikes_1.csv,trainee,33,trainee__participant_33,sea_spikes,1,elastic_net,2,16.0,18.42166064354812,-2.421660643548119,2.421660643548119
DVST_XI_6-8_Mar_2025_06_10.41.14_trainee_36_ring rollercoaster_1.csv,trainee,36,trainee__participant_36,ring_rollercoaster,1,elastic_net,2,19.0,16.904223769325796,2.095776230674204,2.095776230674204
DVST_XI_6-8_Mar_2025_06_10.41.14_trainee_36_sea spikes_1.csv,trainee,36,trainee__participant_36,sea_spikes,1,elastic_net,2,16.0,16.804146037212742,-0.8041460372127425,0.8041460372127425
DVST_XI_6-8_Mar_2025_07_11.56.53_expert_2_camera target_1.csv,expert,2,expert__participant_2,camera_target,1,elastic_net,2,25.0,20.510160713199006,4.4898392868009935,4.4898392868009935
DVST_XI_6-8_Mar_2025_07_11.56.53_expert_2_glove cut_1.csv,expert,2,expert__participant_2,glove_cut,1,elastic_net,2,19.0,18.877874545133338,0.12212545486666215,0.12212545486666215
DVST_XI_6-8_Mar_2025_07_11.56.53_expert_2_ring rollercoaster_1.csv,expert,2,expert__participant_2,ring_rollercoaster,1,elastic_net,2,20.0,19.568557666448307,0.4314423335516935,0.4314423335516935
DVST_XI_6-8_Mar_2025_07_11.56.53_expert_2_sea spikes_1.csv,expert,2,expert__participant_2,sea_spikes,1,elastic_net,2,18.0,19.42827592717041,-1.4282759271704109,1.4282759271704109
DVST_XI_6-8_Mar_2025_07_11.56.53_expert_2_suture_1.csv,expert,2,expert__participant_2,suture,1,elastic_net,2,23.0,21.93245378393758,1.0675462160624214,1.0675462160624214
DVST_XI_6-8_Mar_2025_07_11.56.53_trainee_31_glove cut_1.csv,trainee,31,trainee__participant_31,glove_cut,1,elastic_net,2,16.0,18.0378011094923,-2.0378011094922996,2.0378011094922996
DVST_XI_6-8_Mar_2025_07_11.56.53_trainee_33_camera target_2.csv,trainee,33,trainee__participant_33,camera_target,2,elastic_net,2,19.0,20.54382948643898,-1.5438294864389803,1.5438294864389803
DVST_XI_6-8_Mar_2025_07_11.56.53_trainee_33_glove cut_1.csv,trainee,33,trainee__participant_33,glove_cut,1,elastic_net,2,18.0,19.042263839469445,-1.0422638394694452,1.0422638394694452
DVST_XI_6-8_Mar_2025_07_11.56.53_trainee_33_sea spikes_2.csv,trainee,33,trainee__participant_33,sea_spikes,2,elastic_net,2,20.0,18.82459047510534,1.1754095248946612,1.1754095248946612
DVST_XI_6-8_Mar_2025_07_11.56.53_trainee_36_glove cut_1.csv,trainee,36,trainee__participant_36,glove_cut,1,elastic_net,2,18.0,18.509790885002584,-0.5097908850025838,0.5097908850025838
DVST_XI_Griffin_16-19_07_2024_17_12.20.23_trainee_13_camera target_1.csv,trainee,13,trainee__participant_13,camera_target,1,elastic_net,2,19.0,20.552918324161205,-1.5529183241612046,1.5529183241612046
DVST_XI_Griffin_16-19_07_2024_17_12.20.23_trainee_13_glove cut_1.csv,trainee,13,trainee__participant_13,glove_cut,1,elastic_net,2,23.0,18.7436414396673,4.2563585603327,4.2563585603327
DVST_XI_Griffin_16-19_07_2024_17_12.20.23_trainee_13_ring rollercoaster_1.csv,trainee,13,trainee__participant_13,ring_rollercoaster,1,elastic_net,2,17.0,20.623180438817688,-3.6231804388176876,3.6231804388176876
DVST_XI_Griffin_16-19_07_2024_17_12.20.23_trainee_13_ring rollercoaster_2.csv,trainee,13,trainee__participant_13,ring_rollercoaster,2,elastic_net,2,22.0,21.182480162914434,0.8175198370855661,0.8175198370855661
DVST_XI_Griffin_16-19_07_2024_17_12.20.23_trainee_13_sea spikes_1.csv,trainee,13,trainee__participant_13,sea_spikes,1,elastic_net,2,17.0,19.54839647497119,-2.5483964749711916,2.5483964749711916
DVST_XI_Griffin_16-19_07_2024_17_12.20.23_trainee_13_suture_1.csv,trainee,13,trainee__participant_13,suture,1,elastic_net,2,23.0,20.746879180031502,2.2531208199684976,2.2531208199684976
DVST_XI_Griffin_16-19_07_2024_18_08.46.52_trainee_13_sea spikes_2.csv,trainee,13,trainee__participant_13,sea_spikes,2,elastic_net,2,21.0,21.87949177162109,-0.8794917716210904,0.8794917716210904
DVST_XI_Griffin_16-19_07_2024_18_08.46.52_trainee_13_suture_2.csv,trainee,13,trainee__participant_13,suture,2,elastic_net,2,28.0,21.54683970393271,6.4531602960672885,6.4531602960672885
DVST_XI_Griffin_16-19_07_2024_19_09.39.41_trainee_13_camera target_2.csv,trainee,13,trainee__participant_13,camera_target,2,elastic_net,2,17.0,22.201247556095957,-5.201247556095957,5.201247556095957
DVST_XI_Griffin_29_sep-1_oct_2024_01_10.39.05_trainee_17_camera target_2.csv,trainee,17,trainee__participant_17,camera_target,2,elastic_net,2,22.0,23.779861881470318,-1.7798618814703175,1.7798618814703175
DVST_XI_Griffin_29_sep-1_oct_2024_01_10.39.05_trainee_21_camera target_2.csv,trainee,21,trainee__participant_21,camera_target,2,elastic_net,2,23.0,21.27987420480164,1.72012579519836,1.72012579519836
DVST_XI_Griffin_29_sep-1_oct_2024_29_09.07.40_trainee_17_camera target_1.csv,trainee,17,trainee__participant_17,camera_target,1,elastic_net,2,23.0,14.72265229379921,8.27734770620079,8.27734770620079
DVST_XI_Griffin_29_sep-1_oct_2024_29_09.07.40_trainee_17_suture_1.csv,trainee,17,trainee__participant_17,suture,1,elastic_net,2,15.0,18.4091721305862,-3.4091721305861995,3.4091721305861995
DVST_XI_Griffin_29_sep-1_oct_2024_29_09.07.40_trainee_21_camera target_1.csv,trainee,21,trainee__participant_21,camera_target,1,elastic_net,2,19.0,20.682592711811704,-1.6825927118117043,1.6825927118117043
DVST_XI_Griffin_29_sep-1_oct_2024_29_09.07.40_trainee_21_suture_1.csv,trainee,21,trainee__participant_21,suture,1,elastic_net,2,18.0,18.217694808192185,-0.217694808192185,0.217694808192185
DVST_XI_Griffin_29_sep-1_oct_2024_30_12.18.00_trainee_17_glove cut_2.csv,trainee,17,trainee__participant_17,glove_cut,2,elastic_net,2,22.0,19.419263554772066,2.5807364452279344,2.5807364452279344
DVST_XI_Griffin_29_sep-1_oct_2024_30_12.18.00_trainee_17_ring rollercoaster_2.csv,trainee,17,trainee__participant_17,ring_rollercoaster,2,elastic_net,2,22.0,20.570376820839982,1.4296231791600178,1.4296231791600178
DVST_XI_Griffin_29_sep-1_oct_2024_30_12.18.00_trainee_17_sea spikes_2.csv,trainee,17,trainee__participant_17,sea_spikes,2,elastic_net,2,22.0,20.857627163914678,1.1423728360853218,1.1423728360853218
DVST_XI_Griffin_29_sep-1_oct_2024_30_12.18.00_trainee_21_glove cut_2.csv,trainee,21,trainee__participant_21,glove_cut,2,elastic_net,2,25.0,18.95913307644427,6.040866923555729,6.040866923555729
DVST_XI_Griffin_29_sep-1_oct_2024_30_12.18.00_trainee_21_ring rollercoaster_2.csv,trainee,21,trainee__participant_21,ring_rollercoaster,2,elastic_net,2,22.0,18.830444430286,3.1695555697139994,3.1695555697139994
DVST_XI_Griffin_29_sep-1_oct_2024_30_12.18.00_trainee_21_sea spikes_2.csv,trainee,21,trainee__participant_21,sea_spikes,2,elastic_net,2,22.0,19.857892962199706,2.1421070378002938,2.1421070378002938
DVST_XI_Griffin_29_sep-1_oct_2024_30_12.18.00_trainee_21_suture_2.csv,trainee,21,trainee__participant_21,suture,2,elastic_net,2,23.0,20.761482388994985,2.2385176110050153,2.2385176110050153
DVST_XI_10-13_Nov_2025_12_10.36.46_expert_10_camera target_1.csv,expert,10,expert__participant_10,camera_target,1,elastic_net,3,30.0,25.684890570393215,4.315109429606785,4.315109429606785
DVST_XI_10-13_Nov_2025_12_10.36.46_expert_10_glove cut_1.csv,expert,10,expert__participant_10,glove_cut,1,elastic_net,3,28.0,24.160808381346143,3.8391916186538566,3.8391916186538566
DVST_XI_10-13_Nov_2025_12_10.36.46_expert_10_ring rollercoaster_1.csv,expert,10,expert__participant_10,ring_rollercoaster,1,elastic_net,3,29.0,23.443861603680578,5.556138396319422,5.556138396319422
DVST_XI_10-13_Nov_2025_12_10.36.46_expert_10_sea spikes_1.csv,expert,10,expert__participant_10,sea_spikes,1,elastic_net,3,29.0,22.85643632143504,6.143563678564959,6.143563678564959
DVST_XI_10-13_Nov_2025_12_10.36.46_expert_10_suture_1.csv,expert,10,expert__participant_10,suture,1,elastic_net,3,30.0,26.138005159328834,3.8619948406711657,3.8619948406711657
DVST_XI_11-14_Aug_2025_13_11.33.24_expert_7_camera target_1.csv,expert,7,expert__participant_7,camera_target,1,elastic_net,3,28.0,23.374808471237863,4.625191528762137,4.625191528762137
DVST_XI_11-14_Aug_2025_13_11.33.24_expert_7_glove cut_1.csv,expert,7,expert__participant_7,glove_cut,1,elastic_net,3,25.0,21.635271503347493,3.364728496652507,3.364728496652507
DVST_XI_11-14_Aug_2025_13_11.33.24_expert_7_ring rollercoaster_1.csv,expert,7,expert__participant_7,ring_rollercoaster,1,elastic_net,3,20.0,21.29133431814502,-1.2913343181450188,1.2913343181450188
DVST_XI_11-14_Aug_2025_13_11.33.24_expert_7_sea spikes_1.csv,expert,7,expert__participant_7,sea_spikes,1,elastic_net,3,20.0,21.370380333310916,-1.3703803333109157,1.3703803333109157
DVST_XI_11-14_Aug_2025_13_11.33.24_expert_7_suture_1.csv,expert,7,expert__participant_7,suture,1,elastic_net,3,29.0,24.336248157270056,4.663751842729944,4.663751842729944
DVST_XI_14-16_Feb_2024_14_09.13.16_trainee_3_camera target_1.csv,trainee,3,trainee__participant_3,camera_target,1,elastic_net,3,15.0,18.897947744211816,-3.897947744211816,3.897947744211816
DVST_XI_14-16_Feb_2024_14_09.13.16_trainee_3_glove cut_1.csv,trainee,3,trainee__participant_3,glove_cut,1,elastic_net,3,17.0,19.630904092949063,-2.630904092949063,2.630904092949063
DVST_XI_14-16_Feb_2024_14_09.13.16_trainee_3_ring rollercoaster_1.csv,trainee,3,trainee__participant_3,ring_rollercoaster,1,elastic_net,3,12.0,18.19578560823535,-6.195785608235351,6.195785608235351
DVST_XI_14-16_Feb_2024_14_09.13.16_trainee_3_sea spikes_1.csv,trainee,3,trainee__participant_3,sea_spikes,1,elastic_net,3,15.0,19.066542457847863,-4.066542457847863,4.066542457847863
DVST_XI_14-16_Feb_2024_14_09.13.16_trainee_3_suture_1.csv,trainee,3,trainee__participant_3,suture,1,elastic_net,3,19.0,18.717857947673554,0.28214205232644574,0.28214205232644574
DVST_XI_14-16_Feb_2024_16_08.32.59_trainee_3_camera target_2.csv,trainee,3,trainee__participant_3,camera_target,2,elastic_net,3,23.0,19.010012055315315,3.9899879446846853,3.9899879446846853
DVST_XI_14-16_Feb_2024_16_08.32.59_trainee_3_glove cut_2.csv,trainee,3,trainee__participant_3,glove_cut,2,elastic_net,3,19.0,19.20296792035404,-0.2029679203540411,0.2029679203540411
DVST_XI_14-16_Feb_2024_16_08.32.59_trainee_3_ring rollercoaster_2.csv,trainee,3,trainee__participant_3,ring_rollercoaster,2,elastic_net,3,21.0,19.58660280949466,1.4133971905053393,1.4133971905053393
DVST_XI_14-16_Feb_2024_16_08.32.59_trainee_3_sea spikes_2.csv,trainee,3,trainee__participant_3,sea_spikes,2,elastic_net,3,17.0,19.534560702656993,-2.534560702656993,2.534560702656993
DVST_XI_14-16_Feb_2024_16_08.32.59_trainee_3_suture_2.csv,trainee,3,trainee__participant_3,suture,2,elastic_net,3,22.0,21.95009880415498,0.049901195845020396,0.049901195845020396
DVST_XI_19-22_May_2025_22_09.34.36_trainee_40_camera target_2.csv,trainee,40,trainee__participant_40,camera_target,2,elastic_net,3,24.0,23.77933697353936,0.22066302646064173,0.22066302646064173
DVST_XI_19-22_May_2025_22_09.34.36_trainee_40_glove cut_2.csv,trainee,40,trainee__participant_40,glove_cut,2,elastic_net,3,24.0,21.471388231947365,2.5286117680526345,2.5286117680526345
DVST_XI_6-8_Mar_2025_06_10.41.14_trainee_35_ring rollercoaster_1.csv,trainee,35,trainee__participant_35,ring_rollercoaster,1,elastic_net,3,18.0,17.29620829896514,0.7037917010348593,0.7037917010348593
DVST_XI_6-8_Mar_2025_06_10.41.14_trainee_35_sea spikes_1.csv,trainee,35,trainee__participant_35,sea_spikes,1,elastic_net,3,15.0,16.28380561139899,-1.2838056113989893,1.2838056113989893
DVST_XI_6-8_Mar_2025_07_11.56.53_trainee_35_camera target_2.csv,trainee,35,trainee__participant_35,camera_target,2,elastic_net,3,18.0,21.442528143287106,-3.442528143287106,3.442528143287106
DVST_XI_6-8_Mar_2025_07_11.56.53_trainee_35_glove cut_1.csv,trainee,35,trainee__participant_35,glove_cut,1,elastic_net,3,16.0,19.64055192110428,-3.6405519211042794,3.6405519211042794
DVST_XI_6-8_Mar_2025_07_11.56.53_trainee_35_sea spikes_2.csv,trainee,35,trainee__participant_35,sea_spikes,2,elastic_net,3,21.0,20.468496075553187,0.5315039244468132,0.5315039244468132
DVST_XI_7-11_Mar_2024_08_13.12.17_trainee_11_ring rollercoaster_1.csv,trainee,11,trainee__participant_11,ring_rollercoaster,1,elastic_net,3,18.0,17.153000084759903,0.8469999152400973,0.8469999152400973
DVST_XI_7-11_Mar_2024_08_13.12.17_trainee_11_sea spikes_1.csv,trainee,11,trainee__participant_11,sea_spikes,1,elastic_net,3,18.0,19.25224511994836,-1.252245119948359,1.252245119948359
DVST_XI_7-11_Mar_2024_08_13.12.17_trainee_7_ring rollercoaster_1.csv,trainee,7,trainee__participant_7,ring_rollercoaster,1,elastic_net,3,15.0,16.45153720691271,-1.451537206912711,1.451537206912711
DVST_XI_7-11_Mar_2024_08_13.12.17_trainee_7_sea spikes_1.csv,trainee,7,trainee__participant_7,sea_spikes,1,elastic_net,3,19.0,16.07663619830892,2.9233638016910817,2.9233638016910817
DVST_XI_7-11_Mar_2024_09_10.19.01_trainee_11_camera target_1.csv,trainee,11,trainee__participant_11,camera_target,1,elastic_net,3,10.0,13.898483827501941,-3.8984838275019413,3.8984838275019413
DVST_XI_7-11_Mar_2024_09_10.19.01_trainee_11_glove cut_1.csv,trainee,11,trainee__participant_11,glove_cut,1,elastic_net,3,18.0,17.85071052642233,0.14928947357767086,0.14928947357767086
DVST_XI_7-11_Mar_2024_09_10.19.01_trainee_7_camera target_1.csv,trainee,7,trainee__participant_7,camera_target,1,elastic_net,3,17.0,17.73038797538217,-0.7303879753821683,0.7303879753821683
DVST_XI_7-11_Mar_2024_09_10.19.01_trainee_7_glove cut_1.csv,trainee,7,trainee__participant_7,glove_cut,1,elastic_net,3,15.0,16.07963361041998,-1.0796336104199789,1.0796336104199789
DVST_XI_7-11_Mar_2024_09_13.46.11_trainee_11_suture_1.csv,trainee,11,trainee__participant_11,suture,1,elastic_net,3,18.0,19.730346244655493,-1.7303462446554931,1.7303462446554931
DVST_XI_7-11_Mar_2024_09_13.46.11_trainee_7_suture_1.csv,trainee,7,trainee__participant_7,suture,1,elastic_net,3,17.0,18.938020057263348,-1.9380200572633477,1.9380200572633477
DVST_XI_7-11_Mar_2024_10_08.59.30_trainee_11_ring rollercoaster_2.csv,trainee,11,trainee__participant_11,ring_rollercoaster,2,elastic_net,3,16.0,19.440301449431217,-3.4403014494312174,3.4403014494312174
DVST_XI_7-11_Mar_2024_10_08.59.30_trainee_11_sea spikes_2.csv,trainee,11,trainee__participant_11,sea_spikes,2,elastic_net,3,18.0,20.448224821761983,-2.4482248217619826,2.4482248217619826
DVST_XI_7-11_Mar_2024_10_08.59.30_trainee_7_ring rollercoaster_2.csv,trainee,7,trainee__participant_7,ring_rollercoaster,2,elastic_net,3,18.0,19.6451884418543,-1.6451884418543017,1.6451884418543017
DVST_XI_7-11_Mar_2024_10_08.59.30_trainee_7_sea spikes_2.csv,trainee,7,trainee__participant_7,sea_spikes,2,elastic_net,3,20.0,18.718766570482103,1.281233429517897,1.281233429517897
DVST_XI_Griffin_16-19_07_2024_16_08.46.09_trainee_14_glove cut_1.csv,trainee,14,trainee__participant_14,glove_cut,1,elastic_net,3,11.0,18.858948296925345,-7.858948296925345,7.858948296925345
DVST_XI_Griffin_16-19_07_2024_16_08.46.09_trainee_14_ring rollercoaster_1.csv,trainee,14,trainee__participant_14,ring_rollercoaster,1,elastic_net,3,16.0,20.33213089670783,-4.332130896707831,4.332130896707831
DVST_XI_Griffin_16-19_07_2024_16_08.46.09_trainee_14_sea spikes_1.csv,trainee,14,trainee__participant_14,sea_spikes,1,elastic_net,3,12.0,14.333759708422004,-2.3337597084220043,2.3337597084220043
DVST_XI_Griffin_16-19_07_2024_16_08.46.09_trainee_14_suture_1.csv,trainee,14,trainee__participant_14,suture,1,elastic_net,3,15.0,20.053416253493996,-5.053416253493996,5.053416253493996
DVST_XI_Griffin_16-19_07_2024_17_12.20.23_trainee_14_camera target_1.csv,trainee,14,trainee__participant_14,camera_target,1,elastic_net,3,14.0,16.18133853979774,-2.181338539797739,2.181338539797739
DVST_XI_Griffin_16-19_07_2024_18_08.46.52_trainee_14_sea spikes_2.csv,trainee,14,trainee__participant_14,sea_spikes,2,elastic_net,3,20.0,20.151232990424997,-0.15123299042499738,0.15123299042499738
DVST_XI_Griffin_16-19_07_2024_18_08.46.52_trainee_14_suture_2.csv,trainee,14,trainee__participant_14,suture,2,elastic_net,3,29.0,23.161155475920456,5.838844524079544,5.838844524079544
DVST_XI_Griffin_16-19_07_2024_19_09.39.41_trainee_14_glove cut_2.csv,trainee,14,trainee__participant_14,glove_cut,2,elastic_net,3,18.0,18.78694801099165,-0.7869480109916509,0.7869480109916509
DVST_XI_10-13_Nov_2025_12_10.36.46_expert_9_camera target_1.csv,expert,9,expert__participant_9,camera_target,1,elastic_net,4,28.0,25.15702364818428,2.8429763518157216,2.8429763518157216
DVST_XI_10-13_Nov_2025_12_10.36.46_expert_9_glove cut_1.csv,expert,9,expert__participant_9,glove_cut,1,elastic_net,4,29.0,23.570960622881167,5.429039377118833,5.429039377118833
DVST_XI_10-13_Nov_2025_12_10.36.46_expert_9_ring rollercoaster_1.csv,expert,9,expert__participant_9,ring_rollercoaster,1,elastic_net,4,29.0,23.650850179836112,5.349149820163888,5.349149820163888
DVST_XI_10-13_Nov_2025_12_10.36.46_expert_9_sea spikes_1.csv,expert,9,expert__participant_9,sea_spikes,1,elastic_net,4,29.0,23.016085232751106,5.983914767248894,5.983914767248894
DVST_XI_10-13_Nov_2025_12_10.36.46_expert_9_suture_1.csv,expert,9,expert__participant_9,suture,1,elastic_net,4,28.0,24.221090705205746,3.7789092947942535,3.7789092947942535
DVST_XI_14-16_Feb_2024_14_09.13.16_trainee_2_camera target_1.csv,trainee,2,trainee__participant_2,camera_target,1,elastic_net,4,17.0,15.409874907469248,1.5901250925307515,1.5901250925307515
DVST_XI_14-16_Feb_2024_14_09.13.16_trainee_2_glove cut_1.csv,trainee,2,trainee__participant_2,glove_cut,1,elastic_net,4,13.0,19.07147608043701,-6.071476080437009,6.071476080437009
DVST_XI_14-16_Feb_2024_14_09.13.16_trainee_2_ring rollercoaster_1.csv,trainee,2,trainee__participant_2,ring_rollercoaster,1,elastic_net,4,14.0,17.526903658718798,-3.5269036587187976,3.5269036587187976
DVST_XI_14-16_Feb_2024_14_09.13.16_trainee_2_sea spikes_1.csv,trainee,2,trainee__participant_2,sea_spikes,1,elastic_net,4,15.0,19.553261072182835,-4.553261072182835,4.553261072182835
DVST_XI_14-16_Feb_2024_14_09.13.16_trainee_2_suture_1.csv,trainee,2,trainee__participant_2,suture,1,elastic_net,4,19.0,19.131053030560835,-0.13105303056083528,0.13105303056083528
DVST_XI_14-16_Feb_2024_16_08.32.59_trainee_2_camera target_2.csv,trainee,2,trainee__participant_2,camera_target,2,elastic_net,4,16.0,19.666983352144015,-3.6669833521440154,3.6669833521440154
DVST_XI_14-16_Feb_2024_16_08.32.59_trainee_2_glove cut_2.csv,trainee,2,trainee__participant_2,glove_cut,2,elastic_net,4,19.0,17.60047524666837,1.3995247533316295,1.3995247533316295
DVST_XI_14-16_Feb_2024_16_08.32.59_trainee_2_ring rollercoaster_2.csv,trainee,2,trainee__participant_2,ring_rollercoaster,2,elastic_net,4,21.0,17.56610840647949,3.43389159352051,3.43389159352051
DVST_XI_14-16_Feb_2024_16_08.32.59_trainee_2_sea spikes_2.csv,trainee,2,trainee__participant_2,sea_spikes,2,elastic_net,4,17.0,18.465817070379444,-1.465817070379444,1.465817070379444
DVST_XI_14-16_Feb_2024_16_08.32.59_trainee_2_suture_2.csv,trainee,2,trainee__participant_2,suture,2,elastic_net,4,22.0,21.752189619895436,0.24781038010456413,0.24781038010456413
DVST_XI_19-22_May_2025_22_09.34.36_trainee_39_camera target_2.csv,trainee,39,trainee__participant_39,camera_target,2,elastic_net,4,19.0,23.00244605316488,-4.002446053164881,4.002446053164881
DVST_XI_19-22_May_2025_22_09.34.36_trainee_39_glove cut_2.csv,trainee,39,trainee__participant_39,glove_cut,2,elastic_net,4,22.0,21.62408815377791,0.3759118462220883,0.3759118462220883
DVST_XI_6-8_Mar_2025_07_11.56.53_expert_1_camera target_1.csv,expert,1,expert__participant_1,camera_target,1,elastic_net,4,26.0,23.12389276893463,2.876107231065369,2.876107231065369
DVST_XI_6-8_Mar_2025_07_11.56.53_expert_1_glove cut_1.csv,expert,1,expert__participant_1,glove_cut,1,elastic_net,4,20.0,22.203210123824476,-2.2032101238244763,2.2032101238244763
DVST_XI_6-8_Mar_2025_07_11.56.53_expert_1_ring rollercoaster_1.csv,expert,1,expert__participant_1,ring_rollercoaster,1,elastic_net,4,21.0,21.44723791730891,-0.44723791730891094,0.44723791730891094
DVST_XI_6-8_Mar_2025_07_11.56.53_expert_1_sea spikes_1.csv,expert,1,expert__participant_1,sea_spikes,1,elastic_net,4,23.0,21.381207626838766,1.6187923731612344,1.6187923731612344
DVST_XI_6-8_Mar_2025_07_11.56.53_expert_1_suture_1.csv,expert,1,expert__participant_1,suture,1,elastic_net,4,26.0,23.913686713349577,2.086313286650423,2.086313286650423
DVST_XI_7-11_Jul_2025_10_09.40.17_expert_6_camera target_1.csv,expert,6,expert__participant_6,camera_target,1,elastic_net,4,25.0,23.031796976842678,1.9682030231573222,1.9682030231573222
DVST_XI_7-11_Jul_2025_10_09.40.17_expert_6_glove cut_1.csv,expert,6,expert__participant_6,glove_cut,1,elastic_net,4,23.0,21.7837701289318,1.216229871068201,1.216229871068201
DVST_XI_7-11_Jul_2025_10_09.40.17_expert_6_ring rollercoaster_1.csv,expert,6,expert__participant_6,ring_rollercoaster,1,elastic_net,4,23.0,22.025449308916837,0.974550691083163,0.974550691083163
DVST_XI_7-11_Jul_2025_10_09.40.17_expert_6_sea spikes_1.csv,expert,6,expert__participant_6,sea_spikes,1,elastic_net,4,23.0,21.65441075561403,1.3455892443859696,1.3455892443859696
DVST_XI_7-11_Jul_2025_10_09.40.17_expert_6_suture_1.csv,expert,6,expert__participant_6,suture,1,elastic_net,4,26.0,23.14304132547349,2.85695867452651,2.85695867452651
DVST_XI_7-11_Mar_2024_08_13.12.17_trainee_10_ring rollercoaster_1.csv,trainee,10,trainee__participant_10,ring_rollercoaster,1,elastic_net,4,14.0,19.148622700494617,-5.148622700494617,5.148622700494617
DVST_XI_7-11_Mar_2024_08_13.12.17_trainee_10_sea spikes_1.csv,trainee,10,trainee__participant_10,sea_spikes,1,elastic_net,4,22.0,15.09640614437523,6.90359385562477,6.90359385562477
DVST_XI_7-11_Mar_2024_08_13.12.17_trainee_6_ring rollercoaster_1.csv,trainee,6,trainee__participant_6,ring_rollercoaster,1,elastic_net,4,16.0,20.5987825317617,-4.5987825317616995,4.5987825317616995
DVST_XI_7-11_Mar_2024_08_13.12.17_trainee_6_sea spikes_1.csv,trainee,6,trainee__participant_6,sea_spikes,1,elastic_net,4,16.0,16.089943351211385,-0.08994335121138519,0.08994335121138519
DVST_XI_7-11_Mar_2024_09_10.19.01_trainee_10_camera target_1.csv,trainee,10,trainee__participant_10,camera_target,1,elastic_net,4,14.0,21.116015668547604,-7.116015668547604,7.116015668547604
DVST_XI_7-11_Mar_2024_09_10.19.01_trainee_10_glove cut_1.csv,trainee,10,trainee__participant_10,glove_cut,1,elastic_net,4,18.0,13.065896710892206,4.934103289107794,4.934103289107794
DVST_XI_7-11_Mar_2024_09_10.19.01_trainee_6_camera target_1.csv,trainee,6,trainee__participant_6,camera_target,1,elastic_net,4,16.0,17.621313589114067,-1.6213135891140666,1.6213135891140666
DVST_XI_7-11_Mar_2024_09_10.19.01_trainee_6_glove cut_1.csv,trainee,6,trainee__participant_6,glove_cut,1,elastic_net,4,15.0,12.908683010799457,2.0913169892005428,2.0913169892005428
DVST_XI_7-11_Mar_2024_09_13.46.11_trainee_10_suture_1.csv,trainee,10,trainee__participant_10,suture,1,elastic_net,4,19.0,20.253283779837975,-1.2532837798379752,1.2532837798379752
DVST_XI_7-11_Mar_2024_09_13.46.11_trainee_6_suture_1.csv,trainee,6,trainee__participant_6,suture,1,elastic_net,4,12.0,18.858626077016837,-6.858626077016837,6.858626077016837
DVST_XI_7-11_Mar_2024_10_08.59.30_trainee_10_ring rollercoaster_2.csv,trainee,10,trainee__participant_10,ring_rollercoaster,2,elastic_net,4,18.0,19.267996439309396,-1.267996439309396,1.267996439309396
DVST_XI_7-11_Mar_2024_10_08.59.30_trainee_10_sea spikes_2.csv,trainee,10,trainee__participant_10,sea_spikes,2,elastic_net,4,22.0,20.353125009543366,1.6468749904566344,1.6468749904566344
DVST_XI_7-11_Mar_2024_10_08.59.30_trainee_6_ring rollercoaster_2.csv,trainee,6,trainee__participant_6,ring_rollercoaster,2,elastic_net,4,18.0,21.553202160235386,-3.5532021602353865,3.5532021602353865
DVST_XI_7-11_Mar_2024_10_08.59.30_trainee_6_sea spikes_2.csv,trainee,6,trainee__participant_6,sea_spikes,2,elastic_net,4,20.0,21.462053729452137,-1.462053729452137,1.462053729452137
DVST_XI_Griffin_16-19_07_2024_16_08.46.09_trainee_12_glove cut_1.csv,trainee,12,trainee__participant_12,glove_cut,1,elastic_net,4,21.0,19.529880913394532,1.470119086605468,1.470119086605468
DVST_XI_Griffin_16-19_07_2024_16_08.46.09_trainee_12_ring rollercoaster_1.csv,trainee,12,trainee__participant_12,ring_rollercoaster,1,elastic_net,4,16.0,20.864555489927255,-4.864555489927255,4.864555489927255
DVST_XI_Griffin_16-19_07_2024_16_08.46.09_trainee_12_sea spikes_1.csv,trainee,12,trainee__participant_12,sea_spikes,1,elastic_net,4,12.0,19.060509191174162,-7.060509191174162,7.060509191174162
DVST_XI_Griffin_16-19_07_2024_16_08.46.09_trainee_12_suture_1.csv,trainee,12,trainee__participant_12,suture,1,elastic_net,4,20.0,22.469151070638986,-2.4691510706389863,2.4691510706389863
DVST_XI_Griffin_16-19_07_2024_17_12.20.23_trainee_12_camera target_1.csv,trainee,12,trainee__participant_12,camera_target,1,elastic_net,4,16.0,22.463428927974658,-6.4634289279746575,6.4634289279746575
DVST_XI_Griffin_16-19_07_2024_18_08.46.52_trainee_12_sea spikes_2.csv,trainee,12,trainee__participant_12,sea_spikes,2,elastic_net,4,19.0,22.699530312463914,-3.6995303124639136,3.6995303124639136
DVST_XI_Griffin_16-19_07_2024_18_08.46.52_trainee_12_suture_2.csv,trainee,12,trainee__participant_12,suture,2,elastic_net,4,28.0,22.696511018927012,5.303488981072988,5.303488981072988
DVST_XI_Griffin_16-19_07_2024_19_09.39.41_trainee_12_glove cut_2.csv,trainee,12,trainee__participant_12,glove_cut,2,elastic_net,4,20.0,19.61797185363608,0.38202814636391835,0.38202814636391835
DVST_XI_19-22_May_2025_21_09.43.23_expert_5_camera target_1.csv,expert,5,expert__participant_5,camera_target,1,elastic_net,5,30.0,23.171247733537516,6.828752266462484,6.828752266462484
DVST_XI_19-22_May_2025_21_09.43.23_expert_5_glove cut_1.csv,expert,5,expert__participant_5,glove_cut,1,elastic_net,5,24.0,21.105002624435638,2.894997375564362,2.894997375564362
DVST_XI_19-22_May_2025_21_09.43.23_expert_5_ring rollercoaster_1.csv,expert,5,expert__participant_5,ring_rollercoaster,1,elastic_net,5,24.0,21.33079761981267,2.669202380187329,2.669202380187329
DVST_XI_19-22_May_2025_21_09.43.23_expert_5_sea spikes_1.csv,expert,5,expert__participant_5,sea_spikes,1,elastic_net,5,24.0,21.85086628733751,2.14913371266249,2.14913371266249
DVST_XI_19-22_May_2025_21_09.43.23_expert_5_suture_1.csv,expert,5,expert__participant_5,suture,1,elastic_net,5,29.0,23.419974013895068,5.580025986104932,5.580025986104932
DVST_XI_19-22_May_2025_22_09.34.36_trainee_38_camera target_2.csv,trainee,38,trainee__participant_38,camera_target,2,elastic_net,5,22.0,26.097432311912062,-4.097432311912062,4.097432311912062
DVST_XI_19-22_May_2025_22_09.34.36_trainee_38_glove cut_2.csv,trainee,38,trainee__participant_38,glove_cut,2,elastic_net,5,18.0,22.905106882493865,-4.905106882493865,4.905106882493865
DVST_XI_19-22_May_2025_22_09.34.36_trainee_42_camera target_2.csv,trainee,42,trainee__participant_42,camera_target,2,elastic_net,5,19.0,18.61579683962214,0.3842031603778615,0.3842031603778615
DVST_XI_19-22_May_2025_22_09.34.36_trainee_42_glove cut_2.csv,trainee,42,trainee__participant_42,glove_cut,2,elastic_net,5,16.0,19.109126868819704,-3.109126868819704,3.109126868819704
DVST_XI_6-8_Mar_2025_06_10.41.14_trainee_34_camera target_1.csv,trainee,34,trainee__participant_34,camera_target,1,elastic_net,5,18.0,19.691971558734856,-1.6919715587348563,1.6919715587348563
DVST_XI_6-8_Mar_2025_06_10.41.14_trainee_34_ring rollercoaster_1.csv,trainee,34,trainee__participant_34,ring_rollercoaster,1,elastic_net,5,14.0,14.051368528048311,-0.051368528048310935,0.051368528048310935
DVST_XI_6-8_Mar_2025_06_10.41.14_trainee_34_sea spikes_1.csv,trainee,34,trainee__participant_34,sea_spikes,1,elastic_net,5,14.0,14.853696429834246,-0.8536964298342458,0.8536964298342458
DVST_XI_6-8_Mar_2025_07_11.56.53_trainee_34_glove cut_1.csv,trainee,34,trainee__participant_34,glove_cut,1,elastic_net,5,12.0,13.322554135936695,-1.322554135936695,1.322554135936695
DVST_XI_7-11_Mar_2024_08_13.12.17_trainee_8_ring rollercoaster_1.csv,trainee,8,trainee__participant_8,ring_rollercoaster,1,elastic_net,5,12.0,16.226888126898928,-4.226888126898928,4.226888126898928
DVST_XI_7-11_Mar_2024_08_13.12.17_trainee_8_sea spikes_1.csv,trainee,8,trainee__participant_8,sea_spikes,1,elastic_net,5,18.0,17.356209046577113,0.6437909534228865,0.6437909534228865
DVST_XI_7-11_Mar_2024_08_13.12.17_trainee_9_ring rollercoaster_1.csv,trainee,9,trainee__participant_9,ring_rollercoaster,1,elastic_net,5,14.0,18.590963744556657,-4.590963744556657,4.590963744556657
DVST_XI_7-11_Mar_2024_08_13.12.17_trainee_9_sea spikes_1.csv,trainee,9,trainee__participant_9,sea_spikes,1,elastic_net,5,18.0,16.85489941836979,1.14510058163021,1.14510058163021
DVST_XI_7-11_Mar_2024_09_10.19.01_trainee_8_camera target_1.csv,trainee,8,trainee__participant_8,camera_target,1,elastic_net,5,10.0,13.020283208358702,-3.020283208358702,3.020283208358702
DVST_XI_7-11_Mar_2024_09_10.19.01_trainee_8_glove cut_1.csv,trainee,8,trainee__participant_8,glove_cut,1,elastic_net,5,17.0,16.83831866405259,0.16168133594741008,0.16168133594741008
DVST_XI_7-11_Mar_2024_09_10.19.01_trainee_9_camera target_1.csv,trainee,9,trainee__participant_9,camera_target,1,elastic_net,5,19.0,18.65573369085957,0.3442663091404299,0.3442663091404299
DVST_XI_7-11_Mar_2024_09_10.19.01_trainee_9_glove cut_1.csv,trainee,9,trainee__participant_9,glove_cut,1,elastic_net,5,18.0,17.43919041564903,0.5608095843509702,0.5608095843509702
DVST_XI_7-11_Mar_2024_09_13.46.11_trainee_8_suture_1.csv,trainee,8,trainee__participant_8,suture,1,elastic_net,5,17.0,19.011148360215625,-2.011148360215625,2.011148360215625
DVST_XI_7-11_Mar_2024_09_13.46.11_trainee_9_suture_1.csv,trainee,9,trainee__participant_9,suture,1,elastic_net,5,16.0,18.70448976249095,-2.704489762490951,2.704489762490951
DVST_XI_7-11_Mar_2024_10_08.59.30_trainee_8_ring rollercoaster_2.csv,trainee,8,trainee__participant_8,ring_rollercoaster,2,elastic_net,5,16.0,18.598255513747485,-2.5982555137474854,2.5982555137474854
DVST_XI_7-11_Mar_2024_10_08.59.30_trainee_8_sea spikes_2.csv,trainee,8,trainee__participant_8,sea_spikes,2,elastic_net,5,20.0,18.710969145819742,1.2890308541802575,1.2890308541802575
DVST_XI_7-11_Mar_2024_10_08.59.30_trainee_9_ring rollercoaster_2.csv,trainee,9,trainee__participant_9,ring_rollercoaster,2,elastic_net,5,20.0,19.642556597076986,0.357443402923014,0.357443402923014
DVST_XI_7-11_Mar_2024_10_08.59.30_trainee_9_sea spikes_2.csv,trainee,9,trainee__participant_9,sea_spikes,2,elastic_net,5,22.0,18.940768561993867,3.059231438006133,3.059231438006133
DVST_XI_Griffin_16-19_07_2024_16_08.46.09_trainee_15_glove cut_1.csv,trainee,15,trainee__participant_15,glove_cut,1,elastic_net,5,17.0,19.796463927743027,-2.7964639277430265,2.7964639277430265
DVST_XI_Griffin_16-19_07_2024_16_08.46.09_trainee_15_ring rollercoaster_1.csv,trainee,15,trainee__participant_15,ring_rollercoaster,1,elastic_net,5,18.0,20.15265689316838,-2.1526568931683805,2.1526568931683805
DVST_XI_Griffin_16-19_07_2024_16_08.46.09_trainee_15_sea spikes_1.csv,trainee,15,trainee__participant_15,sea_spikes,1,elastic_net,5,20.0,18.615359540903306,1.384640459096694,1.384640459096694
DVST_XI_Griffin_16-19_07_2024_16_08.46.09_trainee_15_suture_1.csv,trainee,15,trainee__participant_15,suture,1,elastic_net,5,15.0,18.752603812745534,-3.7526038127455337,3.7526038127455337
DVST_XI_Griffin_16-19_07_2024_16_08.46.09_trainee_16_glove cut_1.csv,trainee,16,trainee__participant_16,glove_cut,1,elastic_net,5,15.0,18.7423554487012,-3.7423554487012005,3.7423554487012005
DVST_XI_Griffin_16-19_07_2024_16_08.46.09_trainee_16_ring rollercoaster_1.csv,trainee,16,trainee__participant_16,ring_rollercoaster,1,elastic_net,5,20.0,19.148969991233166,0.8510300087668341,0.8510300087668341
DVST_XI_Griffin_16-19_07_2024_16_08.46.09_trainee_16_sea spikes_1.csv,trainee,16,trainee__participant_16,sea_spikes,1,elastic_net,5,16.0,17.119791610756906,-1.1197916107569057,1.1197916107569057
DVST_XI_Griffin_16-19_07_2024_16_08.46.09_trainee_16_suture_1.csv,trainee,16,trainee__participant_16,suture,1,elastic_net,5,21.0,18.060113043983137,2.9398869560168635,2.9398869560168635
DVST_XI_Griffin_16-19_07_2024_17_12.20.23_trainee_15_camera target_1.csv,trainee,15,trainee__participant_15,camera_target,1,elastic_net,5,18.0,20.52555696418438,-2.5255569641843785,2.5255569641843785
DVST_XI_Griffin_16-19_07_2024_17_12.20.23_trainee_16_camera target_1.csv,trainee,16,trainee__participant_16,camera_target,1,elastic_net,5,23.0,20.346128135116626,2.6538718648833743,2.6538718648833743
DVST_XI_Griffin_16-19_07_2024_17_12.20.23_trainee_16_ring rollercoaster_2.csv,trainee,16,trainee__participant_16,ring_rollercoaster,2,elastic_net,5,23.0,20.28762754700784,2.7123724529921596,2.7123724529921596
DVST_XI_Griffin_16-19_07_2024_18_08.46.52_trainee_15_sea spikes_2.csv,trainee,15,trainee__participant_15,sea_spikes,2,elastic_net,5,23.0,20.094554232941796,2.905445767058204,2.905445767058204
DVST_XI_Griffin_16-19_07_2024_18_08.46.52_trainee_15_suture_2.csv,trainee,15,trainee__participant_15,suture,2,elastic_net,5,26.0,21.367419496535284,4.632580503464716,4.632580503464716
DVST_XI_Griffin_16-19_07_2024_18_08.46.52_trainee_16_sea spikes_2.csv,trainee,16,trainee__participant_16,sea_spikes,2,elastic_net,5,21.0,19.69860165303776,1.301398346962241,1.301398346962241
DVST_XI_Griffin_16-19_07_2024_18_08.46.52_trainee_16_suture_2.csv,trainee,16,trainee__participant_16,suture,2,elastic_net,5,29.0,21.863134159293804,7.1368658407061965,7.1368658407061965
DVST_XI_Griffin_16-19_07_2024_19_09.39.41_trainee_16_camera target_2.csv,trainee,16,trainee__participant_16,camera_target,2,elastic_net,5,23.0,20.988220211307674,2.0117797886923263,2.0117797886923263
DVST_XI_Griffin_16-19_07_2024_19_09.39.41_trainee_16_glove cut_2.csv,trainee,16,trainee__participant_16,glove_cut,2,elastic_net,5,24.0,18.8893661291494,5.110633870850599,5.110633870850599
DVST_XI_Griffin_29_sep-1_oct_2024_01_10.39.05_trainee_19_camera target_2.csv,trainee,19,trainee__participant_19,camera_target,2,elastic_net,5,18.0,19.807801658802088,-1.807801658802088,1.807801658802088
DVST_XI_Griffin_29_sep-1_oct_2024_29_09.07.40_trainee_19_camera target_1.csv,trainee,19,trainee__participant_19,camera_target,1,elastic_net,5,17.0,16.020968955360097,0.9790310446399033,0.9790310446399033
DVST_XI_Griffin_29_sep-1_oct_2024_29_09.07.40_trainee_19_suture_1.csv,trainee,19,trainee__participant_19,suture,1,elastic_net,5,16.0,15.271396518407435,0.7286034815925646,0.7286034815925646
DVST_XI_Griffin_29_sep-1_oct_2024_30_12.18.00_trainee_19_glove cut_2.csv,trainee,19,trainee__participant_19,glove_cut,2,elastic_net,5,17.0,18.420720855568288,-1.4207208555682875,1.4207208555682875
DVST_XI_Griffin_29_sep-1_oct_2024_30_12.18.00_trainee_19_ring rollercoaster_2.csv,trainee,19,trainee__participant_19,ring_rollercoaster,2,elastic_net,5,22.0,18.67500357371656,3.324996426283441,3.324996426283441
DVST_XI_Griffin_29_sep-1_oct_2024_30_12.18.00_trainee_19_sea spikes_2.csv,trainee,19,trainee__participant_19,sea_spikes,2,elastic_net,5,21.0,20.283802275122394,0.7161977248776061,0.7161977248776061
