model,cv_fold,feature,coefficient,abs_coefficient
linear_regression,1,USM2_joint_rms_speed_l2,9.872780923098192,9.872780923098192
linear_regression,1,USM1_pose_rel_max_acceleration_l2,-7.279239459825577,7.279239459825577
linear_regression,1,USM2_joint_raw_path_l2,-6.202820969070286,6.202820969070286
linear_regression,1,USM2_pose_rel_max_angular_speed_rad_s,6.136956049447847,6.136956049447847
linear_regression,1,USM1_joint_pause_duration_seconds,5.920282478790638,5.920282478790638
linear_regression,1,USM1_USM3_pose_rel_std_distance_rel,-5.720357412731557,5.720357412731557
linear_regression,1,USM1_USM3_pose_rel_mean_distance_rel,5.688193973396865,5.688193973396865
linear_regression,1,USM1_USM3_pose_rel_min_distance_rel,-5.473665226991626,5.473665226991626
linear_regression,1,USM0_joint_idle_fraction_relative,5.38997009440394,5.38997009440394
linear_regression,1,USM2_pose_rel_mean_abs_angular_acceleration_rad_s2,-5.313456331221328,5.313456331221328
linear_regression,1,USM2_pose_rel_rms_speed_l2,5.26913957907783,5.26913957907783
linear_regression,1,USM2_pose_rel_rotation_orthogonality_error_mean,5.256632556313491,5.256632556313491
linear_regression,1,USM2_joint_base_revolute_q0_q2_path_l1,-5.173922085559646,5.173922085559646
linear_regression,1,USM2_pose_rel_economy_area_xy,5.124619690809374,5.124619690809374
linear_regression,1,USM0_joint_raw_path_l2,5.112032350363655,5.112032350363655
linear_regression,1,USM2_pose_rel_pause_count,5.0515487680620135,5.0515487680620135
linear_regression,1,USM3_pose_rel_pause_fraction,4.886668542091191,4.886668542091191
linear_regression,1,USM1_joint_idle_fraction_relative,-4.591536593667707,4.591536593667707
linear_regression,1,USM2_pose_rel_mean_angular_speed_rad_s,4.544137036567604,4.544137036567604
linear_regression,1,USM3_pose_rel_max_abs_angular_acceleration_rad_s2,-4.482110228808075,4.482110228808075
linear_regression,1,USM1_USM3_pose_rel_distance_range_rel,4.43628331902179,4.43628331902179
linear_regression,1,USM1_pose_rel_x_range,4.329532666442519,4.329532666442519
linear_regression,1,duration_seconds,4.296848325799275,4.296848325799275
linear_regression,1,USM2_joint_mean_acceleration_l2,-4.184078423449689,4.184078423449689
linear_regression,1,USM1_USM2_pose_rel_speed_correlation,4.162748790005438,4.162748790005438
linear_regression,1,USM2_joint_max_speed_l2,-4.030333223530098,4.030333223530098
linear_regression,1,USM3_pose_rel_y_range,-4.017846549650355,4.017846549650355
linear_regression,1,USM1_USM3_pose_rel_path_length_imbalance,4.002167951770385,4.002167951770385
linear_regression,1,USM2_pose_rel_log_dimensionless_jerk,3.985259638206185,3.985259638206185
linear_regression,1,USM2_joint_max_joint_range,3.8904499459727697,3.8904499459727697
linear_regression,1,USM0_joint_insertion_q3_path_l1,-3.822218269237819,3.822218269237819
linear_regression,1,USM0_joint_idle_threshold_relative,-3.817981032132063,3.817981032132063
linear_regression,1,USM3_pose_rel_z_range,-3.8168583450389866,3.8168583450389866
linear_regression,1,USM2_pose_rel_rotation_orthogonality_error_max,-3.7566548140313873,3.7566548140313873
linear_regression,1,USM2_pose_rel_dimensionless_jerk,-3.6913285344118654,3.6913285344118654
linear_regression,1,USM0_joint_base_revolute_q0_q2_mean_abs_velocity,3.6249059371316963,3.6249059371316963
linear_regression,1,USM1_pose_rel_max_jerk_l2,3.5482356632460843,3.5482356632460843
linear_regression,1,USM3_pose_rel_economy_area_xz,3.5339591856895525,3.5339591856895525
linear_regression,1,USM1_pose_rel_rms_speed_l2,3.4791836275867145,3.4791836275867145
linear_regression,1,USM1_joint_idle_threshold_relative,3.4055765161192317,3.4055765161192317
linear_regression,1,USM0_joint_mean_acceleration_l2,3.392327281370526,3.392327281370526
linear_regression,1,USM1_pose_rel_idle_threshold_relative,-3.32683391864411,3.32683391864411
linear_regression,1,USM2_pose_rel_y_range,-3.326640594923496,3.326640594923496
linear_regression,1,USM1_joint_base_revolute_q0_q2_mean_range,3.302323267293435,3.302323267293435
linear_regression,1,USM1_pose_rel_raw_path_l2,3.15640401009847,3.15640401009847
linear_regression,1,USM0_joint_mean_speed_l2,-3.1151686831457006,3.1151686831457006
linear_regression,1,USM2_joint_pause_count,-3.114311655154018,3.114311655154018
linear_regression,1,USM1_joint_tool_roll_q4_path_l1,3.084332923665325,3.084332923665325
linear_regression,1,USM1_pose_rel_economy_area_xy,-3.080702281951517,3.080702281951517
linear_regression,1,USM1_USM2_pose_rel_mean_distance_rel,3.07321768637898,3.07321768637898
linear_regression,1,USM2_pose_rel_jerk_cost,-3.068396159107387,3.068396159107387
linear_regression,1,USM2_joint_insertion_q3_path_l1,3.044526917431679,3.044526917431679
linear_regression,1,USM2_pose_rel_economy_area_xz,-2.9481217038105543,2.9481217038105543
linear_regression,1,USM3_joint_max_speed_l2,2.940249023580982,2.940249023580982
linear_regression,1,USM1_USM3_pose_rel_speed_correlation,-2.926889523673763,2.926889523673763
linear_regression,1,USM1_USM3_pose_rel_one_arm_only_active_fraction,-2.909430778198985,2.909430778198985
linear_regression,1,active_pair_simultaneous_active_fraction,2.8962502123308216,2.8962502123308216
linear_regression,1,USM2_pose_rel_x_range,-2.895786609600558,2.895786609600558
linear_regression,1,USM2_pose_rel_rotation_path_radians,2.894692141381334,2.894692141381334
linear_regression,1,USM1_USM2_pose_rel_max_distance_rel,-2.708940292594208,2.708940292594208
linear_regression,1,USM3_joint_idle_fraction_relative,-2.7000724345807505,2.7000724345807505
linear_regression,1,USM1_pose_rel_mean_speed_l2,-2.6991306678040874,2.6991306678040874
linear_regression,1,USM2_joint_mean_joint_range,-2.697587671168668,2.697587671168668
linear_regression,1,USM3_pose_rel_mean_abs_angular_acceleration_rad_s2,-2.6613187443484687,2.6613187443484687
linear_regression,1,USM2_joint_mean_speed_l2,2.6319714903123073,2.6319714903123073
linear_regression,1,USM1_USM3_pose_rel_both_idle_fraction,2.572180337984468,2.572180337984468
linear_regression,1,USM3_pose_rel_jerk_cost,-2.547888293100198,2.547888293100198
linear_regression,1,USM2_joint_net_displacement_l2,-2.5381372287902346,2.5381372287902346
linear_regression,1,USM1_joint_jerk_cost,-2.493820705242972,2.493820705242972
linear_regression,1,USM2_USM3_pose_rel_simultaneous_active_fraction,2.4086390406476546,2.4086390406476546
linear_regression,1,active_pair_both_idle_fraction,-2.3407912592342894,2.3407912592342894
linear_regression,1,USM3_pose_rel_idle_fraction_relative,-2.329617591005213,2.329617591005213
linear_regression,1,USM1_pose_rel_max_abs_angular_acceleration_rad_s2,2.3249734587812934,2.3249734587812934
linear_regression,1,USM3_joint_insertion_q3_mean_range,2.3169499056143086,2.3169499056143086
linear_regression,1,USM3_pose_rel_max_angular_speed_rad_s,-2.282930353872308,2.282930353872308
linear_regression,1,USM2_joint_tool_roll_q4_path_l1,-2.2791356422501012,2.2791356422501012
linear_regression,1,USM1_USM3_pose_rel_max_distance_rel,-2.2684673058754985,2.2684673058754985
linear_regression,1,USM3_pose_rel_dimensionless_jerk,2.1975092615267218,2.1975092615267218
linear_regression,1,USM3_joint_distal_q5_q9_mean_range,2.163300155750724,2.163300155750724
linear_regression,1,USM1_pose_rel_max_speed_l2,2.1438147712750446,2.1438147712750446
linear_regression,1,USM0_joint_insertion_q3_mean_range,2.1244501800465385,2.1244501800465385
linear_regression,1,USM0_joint_tool_roll_q4_mean_abs_velocity,2.1075600153541405,2.1075600153541405
linear_regression,1,USM3_pose_rel_movement_economy,-2.0891938688906118,2.0891938688906118
linear_regression,1,USM1_USM2_pose_rel_min_distance_rel,-2.048031867337443,2.048031867337443
linear_regression,1,USM1_pose_rel_rotation_determinant_mean,-1.9681154831220704,1.9681154831220704
linear_regression,1,active_pair_usm_a,1.9613670063300528,1.9613670063300528
linear_regression,1,USM3_pose_rel_economy_volume,-1.931529380711957,1.931529380711957
linear_regression,1,active_pair_path_length_a_rel,-1.9216611399017878,1.9216611399017878
linear_regression,1,USM2_joint_base_revolute_q0_q2_mean_range,1.9133381930348055,1.9133381930348055
linear_regression,1,USM2_pose_rel_economy_volume,1.8952832477291706,1.8952832477291706
linear_regression,1,USM3_pose_rel_rms_speed_l2,1.8942858756970429,1.8942858756970429
linear_regression,1,USM2_joint_insertion_q3_mean_range,1.8820395376861976,1.8820395376861976
linear_regression,1,USM1_joint_mean_speed_l2,-1.8808697146597362,1.8808697146597362
linear_regression,1,USM3_joint_pause_duration_seconds,-1.8795724813322827,1.8795724813322827
linear_regression,1,USM1_joint_max_abs_joint_velocity,-1.8787281483403613,1.8787281483403613
linear_regression,1,USM1_joint_base_revolute_q0_q2_path_l1,1.8716322973777824,1.8716322973777824
linear_regression,1,USM1_joint_mean_acceleration_l2,-1.8502506570221218,1.8502506570221218
linear_regression,1,USM3_joint_mean_joint_range,1.8257010124200448,1.8257010124200448
linear_regression,1,USM1_USM2_pose_rel_std_distance_rel,-1.8200198394266909,1.8200198394266909
linear_regression,1,USM1_pose_rel_rotation_path_radians,1.801623436911845,1.801623436911845
linear_regression,1,USM2_pose_rel_workspace_box_volume,1.8000864647094703,1.8000864647094703
linear_regression,1,USM1_pose_rel_economy_volume,-1.781618172585051,1.781618172585051
linear_regression,1,USM2_joint_pause_duration_seconds,-1.7730020282424936,1.7730020282424936
linear_regression,1,USM1_pose_rel_net_displacement_l2,1.7721524716424466,1.7721524716424466
linear_regression,1,USM1_joint_pause_fraction,1.7514364471763209,1.7514364471763209
linear_regression,1,USM1_pose_rel_pause_duration_seconds,1.7488858467472577,1.7488858467472577
linear_regression,1,USM0_joint_max_acceleration_l2,1.748311221099027,1.748311221099027
linear_regression,1,active_pair_usm_b,-1.708912562910146,1.708912562910146
linear_regression,1,USM2_joint_mean_abs_joint_velocity,-1.6872731358783437,1.6872731358783437
linear_regression,1,USM3_pose_rel_log_dimensionless_jerk,1.6737538204918372,1.6737538204918372
linear_regression,1,USM2_USM3_pose_rel_speed_correlation,1.6521743498095633,1.6521743498095633
linear_regression,1,USM0_joint_tool_roll_q4_mean_range,-1.6471875783714431,1.6471875783714431
linear_regression,1,USM2_joint_max_jerk_l2,1.6384929229211724,1.6384929229211724
linear_regression,1,USM1_joint_insertion_q3_mean_range,-1.609441773952333,1.609441773952333
linear_regression,1,USM1_pose_rel_mean_acceleration_l2,-1.5975602336493744,1.5975602336493744
linear_regression,1,USM2_pose_rel_raw_path_l2,-1.5964591750690376,1.5964591750690376
linear_regression,1,USM3_pose_rel_mean_speed_l2,1.575333374488591,1.575333374488591
linear_regression,1,USM3_pose_rel_net_displacement_l2,-1.5750283643135918,1.5750283643135918
linear_regression,1,USM2_USM3_pose_rel_one_arm_only_active_fraction,-1.5732424606800992,1.5732424606800992
linear_regression,1,USM2_pose_rel_idle_threshold_relative,1.5499954146468866,1.5499954146468866
linear_regression,1,USM0_joint_pause_count,-1.5312219118779353,1.5312219118779353
linear_regression,1,active_pair_path_length_imbalance,1.5275807990382608,1.5275807990382608
linear_regression,1,USM2_joint_base_revolute_q0_q2_mean_abs_velocity,1.5100843067607421,1.5100843067607421
linear_regression,1,USM2_joint_idle_threshold_relative,-1.4997649877510735,1.4997649877510735
linear_regression,1,USM3_joint_base_revolute_q0_q2_mean_range,1.4982567688659016,1.4982567688659016
linear_regression,1,USM0_joint_tool_roll_q4_path_l1,1.4704616642194726,1.4704616642194726
linear_regression,1,USM3_joint_net_displacement_l2,1.4205519795246857,1.4205519795246857
linear_regression,1,USM0_joint_median_dt_seconds,-1.40565386015474,1.40565386015474
linear_regression,1,USM1_USM2_pose_rel_path_length_imbalance,1.3872474241353179,1.3872474241353179
linear_regression,1,USM2_pose_rel_max_abs_angular_acceleration_rad_s2,1.348527026885591,1.348527026885591
linear_regression,1,USM1_pose_rel_economy_area_yz,1.3409833276875553,1.3409833276875553
linear_regression,1,USM0_joint_jerk_cost,-1.3185928646960385,1.3185928646960385
linear_regression,1,USM2_USM3_pose_rel_mean_distance_rel,1.3078772902567708,1.3078772902567708
linear_regression,1,USM3_joint_movement_economy,-1.2970561760187858,1.2970561760187858
linear_regression,1,USM2_joint_max_acceleration_l2,-1.2827618275758856,1.2827618275758856
linear_regression,1,USM3_pose_rel_max_acceleration_l2,-1.2738835601904823,1.2738835601904823
linear_regression,1,USM3_pose_rel_workspace_box_volume,1.2689530094962223,1.2689530094962223
linear_regression,1,USM3_pose_rel_economy_area_xy,1.2669924264325343,1.2669924264325343
linear_regression,1,USM2_USM3_pose_rel_path_length_imbalance,-1.2646030645340551,1.2646030645340551
linear_regression,1,USM3_pose_rel_rotation_orthogonality_error_mean,-1.2461483733375127,1.2461483733375127
linear_regression,1,USM2_pose_rel_z_range,-1.244896345872982,1.244896345872982
linear_regression,1,USM3_pose_rel_mean_angular_speed_rad_s,-1.1832640686717917,1.1832640686717917
linear_regression,1,USM2_USM3_pose_rel_distance_range_rel,1.173190002345721,1.173190002345721
linear_regression,1,USM0_joint_pause_duration_seconds,-1.1726384023671974,1.1726384023671974
linear_regression,1,USM1_joint_max_joint_range,-1.1653983359941307,1.1653983359941307
linear_regression,1,USM0_joint_distal_q5_q9_mean_range,-1.1488792981833553,1.1488792981833553
linear_regression,1,USM2_pose_rel_idle_fraction_relative,-1.14750027019091,1.14750027019091
linear_regression,1,USM2_joint_tool_roll_q4_mean_abs_velocity,-1.1462120817034382,1.1462120817034382
linear_regression,1,USM3_joint_max_joint_range,1.1442113316859157,1.1442113316859157
linear_regression,1,USM1_USM2_pose_rel_mean_abs_relative_speed,-1.1357346462322115,1.1357346462322115
linear_regression,1,USM0_joint_mean_joint_range,-1.1277414638885896,1.1277414638885896
linear_regression,1,USM1_pose_rel_dimensionless_jerk,-1.1137625817824985,1.1137625817824985
linear_regression,1,USM1_pose_rel_y_range,1.0597841967215604,1.0597841967215604
linear_regression,1,USM0_joint_max_joint_range,1.034374719967533,1.034374719967533
linear_regression,1,USM1_joint_insertion_q3_path_l1,1.0320971877149758,1.0320971877149758
linear_regression,1,USM1_pose_rel_rotation_orthogonality_error_max,1.0249683422029936,1.0249683422029936
linear_regression,1,USM1_joint_raw_path_l2,-1.012053122359048,1.012053122359048
linear_regression,1,USM1_joint_base_revolute_q0_q2_mean_abs_velocity,-0.983757199502995,0.983757199502995
linear_regression,1,USM2_pose_rel_max_jerk_l2,0.9814154865082696,0.9814154865082696
linear_regression,1,USM3_pose_rel_economy_area_yz,-0.9810813031863435,0.9810813031863435
linear_regression,1,USM3_pose_rel_pause_duration_seconds,0.9565328573101097,0.9565328573101097
linear_regression,1,USM0_joint_max_gap_seconds,-0.9564165518815713,0.9564165518815713
linear_regression,1,USM0_joint_insertion_q3_mean_abs_velocity,0.9545080968792545,0.9545080968792545
linear_regression,1,USM3_pose_rel_pause_count,-0.9520047699943848,0.9520047699943848
linear_regression,1,active_pair_mean_distance_rel,0.9328497291062571,0.9328497291062571
linear_regression,1,USM1_joint_tool_roll_q4_mean_abs_velocity,0.9321722603994826,0.9321722603994826
linear_regression,1,active_pair_speed_correlation,0.931689133730593,0.931689133730593
linear_regression,1,USM1_USM2_pose_rel_simultaneous_active_fraction,0.9216660270237366,0.9216660270237366
linear_regression,1,USM3_pose_rel_x_range,0.8817451759149336,0.8817451759149336
linear_regression,1,USM3_pose_rel_max_speed_l2,0.8787644318911432,0.8787644318911432
linear_regression,1,USM1_pose_rel_pause_fraction,-0.862660984626541,0.862660984626541
linear_regression,1,USM2_pose_rel_mean_acceleration_l2,-0.8600987961937423,0.8600987961937423
linear_regression,1,USM2_pose_rel_mean_speed_l2,-0.8386200161868542,0.8386200161868542
linear_regression,1,USM1_pose_rel_movement_economy,0.8224008889522304,0.8224008889522304
linear_regression,1,USM2_pose_rel_max_acceleration_l2,0.8120113243523401,0.8120113243523401
linear_regression,1,USM1_joint_max_jerk_l2,-0.8077388742734041,0.8077388742734041
linear_regression,1,USM1_pose_rel_z_range,-0.7929583315045499,0.7929583315045499
linear_regression,1,USM2_joint_distal_q5_q9_mean_range,-0.7827986866809364,0.7827986866809364
linear_regression,1,USM3_pose_rel_idle_threshold_relative,-0.7658713152596245,0.7658713152596245
linear_regression,1,USM2_USM3_pose_rel_std_distance_rel,-0.7247267576506573,0.7247267576506573
linear_regression,1,USM2_joint_max_abs_joint_velocity,-0.7175531558650925,0.7175531558650925
linear_regression,1,USM2_pose_rel_pause_fraction,0.7095076242455594,0.7095076242455594
linear_regression,1,USM2_pose_rel_movement_economy,0.6740671739262933,0.6740671739262933
linear_regression,1,USM2_joint_insertion_q3_mean_abs_velocity,-0.6373818723761624,0.6373818723761624
linear_regression,1,USM2_joint_jerk_cost,-0.6345409224975711,0.6345409224975711
linear_regression,1,USM3_pose_rel_raw_path_l2,0.6301098579440038,0.6301098579440038
linear_regression,1,USM1_joint_insertion_q3_mean_abs_velocity,0.6257647887715941,0.6257647887715941
linear_regression,1,USM3_pose_rel_rotation_path_radians,-0.6030326381373855,0.6030326381373855
linear_regression,1,USM2_pose_rel_pause_duration_seconds,0.592096312748628,0.592096312748628
linear_regression,1,USM2_joint_idle_fraction_relative,0.5789837355635198,0.5789837355635198
linear_regression,1,USM1_joint_max_acceleration_l2,-0.5733250636477456,0.5733250636477456
linear_regression,1,USM2_pose_rel_rotation_determinant_mean,0.5562136791352896,0.5562136791352896
linear_regression,1,USM1_pose_rel_rotation_orthogonality_error_mean,-0.5539867916601989,0.5539867916601989
linear_regression,1,USM2_pose_rel_max_speed_l2,-0.5501559558367561,0.5501559558367561
linear_regression,1,all_usm_joint_path_l1_total,0.5428887621222726,0.5428887621222726
linear_regression,1,USM1_joint_distal_q5_q9_mean_range,-0.5417642808196543,0.5417642808196543
linear_regression,1,all_psm_pose_rel_path_total,0.514120788529955,0.514120788529955
linear_regression,1,USM2_USM3_pose_rel_both_idle_fraction,-0.5025869157640989,0.5025869157640989
linear_regression,1,USM0_joint_base_revolute_q0_q2_mean_range,0.5001789471390226,0.5001789471390226
linear_regression,1,USM1_USM2_pose_rel_alignment_coverage,-0.4684018895426898,0.4684018895426898
linear_regression,1,USM1_pose_rel_max_angular_speed_rad_s,-0.4556754849858655,0.4556754849858655
linear_regression,1,USM3_pose_rel_max_jerk_l2,0.44860549936930205,0.44860549936930205
linear_regression,1,USM1_USM3_pose_rel_simultaneous_active_fraction,-0.43181475992456375,0.43181475992456375
linear_regression,1,USM1_pose_rel_economy_area_xz,0.42510925273517763,0.42510925273517763
linear_regression,1,USM0_joint_movement_economy,0.4249709330336059,0.4249709330336059
linear_regression,1,USM1_joint_mean_joint_range,-0.40850486482720233,0.40850486482720233
linear_regression,1,USM3_joint_base_revolute_q0_q2_mean_abs_velocity,0.38247179242292895,0.38247179242292895
linear_regression,1,USM3_joint_pause_count,-0.3728548098816422,0.3728548098816422
linear_regression,1,USM0_joint_max_speed_l2,-0.36586003385226684,0.36586003385226684
linear_regression,1,USM0_joint_max_jerk_l2,0.36579365589852764,0.36579365589852764
linear_regression,1,USM3_joint_mean_speed_l2,-0.3572465449317032,0.3572465449317032
linear_regression,1,USM3_pose_rel_rotation_determinant_mean,-0.35519606511952806,0.35519606511952806
linear_regression,1,USM1_pose_rel_mean_abs_angular_acceleration_rad_s2,-0.3533049840383983,0.3533049840383983
linear_regression,1,USM0_joint_net_displacement_l2,-0.34694462519811575,0.34694462519811575
linear_regression,1,USM3_joint_raw_path_l2,0.3200010841344088,0.3200010841344088
linear_regression,1,USM1_pose_rel_log_dimensionless_jerk,0.3053339125494665,0.3053339125494665
linear_regression,1,USM1_pose_rel_idle_fraction_relative,-0.29185373385351054,0.29185373385351054
linear_regression,1,USM1_pose_rel_mean_angular_speed_rad_s,-0.26617432368595684,0.26617432368595684
linear_regression,1,USM1_USM2_pose_rel_one_arm_only_active_fraction,-0.24556650582338557,0.24556650582338557
linear_regression,1,USM1_joint_max_speed_l2,-0.24227911330744023,0.24227911330744023
linear_regression,1,USM2_joint_pause_fraction,0.24163747050348597,0.24163747050348597
linear_regression,1,USM3_joint_max_acceleration_l2,0.2412239961424354,0.2412239961424354
linear_regression,1,USM0_joint_rms_speed_l2,-0.22857797195467483,0.22857797195467483
linear_regression,1,USM3_joint_rms_speed_l2,0.22781480496576878,0.22781480496576878
linear_regression,1,active_pair_one_arm_only_active_fraction,-0.20140203415284497,0.20140203415284497
linear_regression,1,USM1_pose_rel_jerk_cost,-0.19488748275254536,0.19488748275254536
linear_regression,1,USM2_joint_movement_economy,-0.14775431671707095,0.14775431671707095
linear_regression,1,USM1_pose_rel_pause_count,-0.13145084737020452,0.13145084737020452
linear_regression,1,USM1_joint_net_displacement_l2,0.1202902241123538,0.1202902241123538
linear_regression,1,USM3_pose_rel_rotation_orthogonality_error_max,0.10681131741504313,0.10681131741504313
linear_regression,1,USM1_joint_pause_count,-0.08654150266597338,0.08654150266597338
linear_regression,1,USM3_joint_insertion_q3_path_l1,0.07533611635329779,0.07533611635329779
linear_regression,1,USM2_pose_rel_economy_area_yz,0.06247148123517554,0.06247148123517554
linear_regression,1,USM2_pose_rel_net_displacement_l2,0.062410357390593196,0.062410357390593196
linear_regression,1,USM3_joint_tool_roll_q4_mean_abs_velocity,-0.06096974280136719,0.06096974280136719
linear_regression,1,USM3_joint_insertion_q3_mean_abs_velocity,-0.05156231678062284,0.05156231678062284
linear_regression,1,USM1_USM2_pose_rel_distance_range_rel,0.04427227175815451,0.04427227175815451
linear_regression,1,USM3_joint_base_revolute_q0_q2_path_l1,0.011873940487488799,0.011873940487488799
linear_regression,1,USM0_joint_base_revolute_q0_q2_path_l1,0.010191041187948224,0.010191041187948224
linear_regression,1,USM1_pose_rel_workspace_box_volume,-0.004674597414673354,0.004674597414673354
linear_regression,1,USM1_joint_movement_economy,0.0019443130472676096,0.0019443130472676096
linear_regression,1,USM1_USM2_pose_rel_both_idle_fraction,-0.0004553584442383851,0.0004553584442383851
linear_regression,1,active_psm_count,0.0,0.0
linear_regression,1,USM1_pose_rel_active,0.0,0.0
linear_regression,2,USM1_pose_rel_rotation_determinant_mean,9.908798230030996,9.908798230030996
linear_regression,2,USM1_pose_rel_rotation_orthogonality_error_mean,9.293033368598769,9.293033368598769
linear_regression,2,USM1_joint_idle_threshold_relative,9.084301604913769,9.084301604913769
linear_regression,2,USM1_USM3_pose_rel_speed_correlation,-8.753633280154311,8.753633280154311
linear_regression,2,USM2_joint_base_revolute_q0_q2_mean_abs_velocity,7.992846954433142,7.992846954433142
linear_regression,2,USM3_pose_rel_max_angular_speed_rad_s,-7.6979432532888,7.6979432532888
linear_regression,2,USM2_joint_rms_speed_l2,7.33727835298504,7.33727835298504
linear_regression,2,USM3_pose_rel_log_dimensionless_jerk,7.200880320370335,7.200880320370335
linear_regression,2,USM1_pose_rel_log_dimensionless_jerk,-6.743596585483988,6.743596585483988
linear_regression,2,USM2_joint_insertion_q3_path_l1,6.717301090600642,6.717301090600642
linear_regression,2,USM2_joint_mean_speed_l2,6.402643390992019,6.402643390992019
linear_regression,2,USM2_joint_max_speed_l2,-6.350731078374426,6.350731078374426
linear_regression,2,USM3_joint_net_displacement_l2,6.293155575527744,6.293155575527744
linear_regression,2,USM1_joint_tool_roll_q4_mean_abs_velocity,5.9575920545902905,5.9575920545902905
linear_regression,2,USM0_joint_base_revolute_q0_q2_mean_abs_velocity,5.889030297784662,5.889030297784662
linear_regression,2,USM1_joint_pause_fraction,5.838502043403859,5.838502043403859
linear_regression,2,USM3_joint_idle_fraction_relative,-5.514654030362816,5.514654030362816
linear_regression,2,USM2_pose_rel_max_abs_angular_acceleration_rad_s2,5.494514179582886,5.494514179582886
linear_regression,2,USM2_joint_idle_threshold_relative,-5.4317290201349175,5.4317290201349175
linear_regression,2,USM3_pose_rel_rotation_orthogonality_error_mean,-5.33774201485585,5.33774201485585
linear_regression,2,USM2_pose_rel_max_speed_l2,5.25849848181066,5.25849848181066
linear_regression,2,USM0_joint_mean_speed_l2,-5.154640827341077,5.154640827341077
linear_regression,2,USM0_joint_raw_path_l2,5.015189460578448,5.015189460578448
linear_regression,2,USM1_joint_idle_fraction_relative,-4.976671883240708,4.976671883240708
linear_regression,2,USM2_joint_idle_fraction_relative,4.931616210121174,4.931616210121174
linear_regression,2,USM2_joint_insertion_q3_mean_abs_velocity,-4.70570168625814,4.70570168625814
linear_regression,2,USM1_pose_rel_rms_speed_l2,4.472363504677171,4.472363504677171
linear_regression,2,USM3_pose_rel_rotation_determinant_mean,-4.365608468850635,4.365608468850635
linear_regression,2,USM3_pose_rel_mean_abs_angular_acceleration_rad_s2,-4.258747144815872,4.258747144815872
linear_regression,2,USM1_USM2_pose_rel_speed_correlation,4.208002800515663,4.208002800515663
linear_regression,2,USM1_pose_rel_dimensionless_jerk,4.108702514966855,4.108702514966855
linear_regression,2,USM1_USM2_pose_rel_path_length_imbalance,4.067449607716361,4.067449607716361
linear_regression,2,USM0_joint_max_joint_range,4.057577862327071,4.057577862327071
linear_regression,2,USM3_pose_rel_workspace_box_volume,-3.954207289400694,3.954207289400694
linear_regression,2,USM2_pose_rel_max_jerk_l2,-3.9091671818061853,3.9091671818061853
linear_regression,2,USM2_joint_jerk_cost,-3.8861145109348216,3.8861145109348216
linear_regression,2,USM1_joint_max_jerk_l2,-3.8245577947333023,3.8245577947333023
linear_regression,2,USM2_joint_max_abs_joint_velocity,3.792676716458436,3.792676716458436
linear_regression,2,USM1_USM3_pose_rel_min_distance_rel,-3.697303095073209,3.697303095073209
linear_regression,2,USM3_joint_insertion_q3_mean_abs_velocity,-3.6014430037274785,3.6014430037274785
linear_regression,2,USM1_USM3_pose_rel_std_distance_rel,-3.5852733915896895,3.5852733915896895
linear_regression,2,USM3_pose_rel_economy_volume,-3.5603433602085417,3.5603433602085417
linear_regression,2,USM2_joint_mean_abs_joint_velocity,-3.4640743468590633,3.4640743468590633
linear_regression,2,USM1_joint_tool_roll_q4_path_l1,3.4409932371203906,3.4409932371203906
linear_regression,2,USM0_joint_tool_roll_q4_mean_range,-3.3432120833052417,3.3432120833052417
linear_regression,2,USM1_pose_rel_economy_volume,-3.3368661529297587,3.3368661529297587
linear_regression,2,USM1_USM3_pose_rel_distance_range_rel,3.2987420107193395,3.2987420107193395
linear_regression,2,USM2_pose_rel_economy_area_xz,3.2578111536854406,3.2578111536854406
linear_regression,2,USM0_joint_tool_roll_q4_mean_abs_velocity,3.1529913204846007,3.1529913204846007
linear_regression,2,USM1_pose_rel_pause_duration_seconds,-3.047584206233874,3.047584206233874
linear_regression,2,USM2_USM3_pose_rel_mean_distance_rel,3.0438182273553487,3.0438182273553487
linear_regression,2,USM3_pose_rel_x_range,-3.0392547302681145,3.0392547302681145
linear_regression,2,USM1_pose_rel_economy_area_yz,3.0294531954145443,3.0294531954145443
linear_regression,2,USM0_joint_jerk_cost,-2.9997609810103296,2.9997609810103296
linear_regression,2,USM3_pose_rel_mean_angular_speed_rad_s,-2.9796098938656432,2.9796098938656432
linear_regression,2,USM0_joint_movement_economy,-2.9157942682609743,2.9157942682609743
linear_regression,2,USM0_joint_tool_roll_q4_path_l1,-2.9034045169950877,2.9034045169950877
linear_regression,2,USM0_joint_pause_count,2.8933334723135973,2.8933334723135973
linear_regression,2,USM2_joint_base_revolute_q0_q2_path_l1,-2.8838028624745924,2.8838028624745924
linear_regression,2,USM1_joint_base_revolute_q0_q2_path_l1,-2.8150846349364955,2.8150846349364955
linear_regression,2,USM3_pose_rel_pause_duration_seconds,2.811095735793014,2.811095735793014
linear_regression,2,USM2_joint_max_joint_range,2.8046229639576503,2.8046229639576503
linear_regression,2,USM2_pose_rel_idle_threshold_relative,-2.781703368087451,2.781703368087451
linear_regression,2,USM2_pose_rel_rms_speed_l2,-2.7614572860459625,2.7614572860459625
linear_regression,2,USM1_pose_rel_pause_count,-2.7601368184116986,2.7601368184116986
linear_regression,2,USM2_pose_rel_mean_abs_angular_acceleration_rad_s2,-2.7525234151035276,2.7525234151035276
linear_regression,2,USM3_joint_base_revolute_q0_q2_mean_range,2.7421151287152123,2.7421151287152123
linear_regression,2,USM1_joint_max_joint_range,-2.683421866986117,2.683421866986117
linear_regression,2,active_pair_mean_distance_rel,2.6832363641828176,2.6832363641828176
linear_regression,2,USM1_pose_rel_max_speed_l2,-2.668973934617173,2.668973934617173
linear_regression,2,active_pair_usm_a,2.619099467448819,2.619099467448819
linear_regression,2,USM1_pose_rel_max_jerk_l2,2.591840920547145,2.591840920547145
linear_regression,2,USM3_joint_base_revolute_q0_q2_mean_abs_velocity,-2.583348599281499,2.583348599281499
linear_regression,2,USM2_joint_base_revolute_q0_q2_mean_range,-2.574214536476153,2.574214536476153
linear_regression,2,USM3_pose_rel_economy_area_xz,2.55147197132911,2.55147197132911
linear_regression,2,USM1_pose_rel_idle_threshold_relative,2.509967720192638,2.509967720192638
linear_regression,2,USM2_pose_rel_movement_economy,-2.4764978404007123,2.4764978404007123
linear_regression,2,USM3_pose_rel_rotation_path_radians,-2.3934119516937304,2.3934119516937304
linear_regression,2,USM1_USM3_pose_rel_path_length_imbalance,-2.348473134113666,2.348473134113666
linear_regression,2,USM1_pose_rel_y_range,2.3322638551450554,2.3322638551450554
linear_regression,2,USM3_pose_rel_z_range,-2.320599765338198,2.320599765338198
linear_regression,2,USM2_pose_rel_raw_path_l2,-2.3114264915329183,2.3114264915329183
linear_regression,2,USM1_joint_insertion_q3_mean_abs_velocity,-2.3056587226600183,2.3056587226600183
linear_regression,2,USM0_joint_max_speed_l2,-2.2977824783449607,2.2977824783449607
linear_regression,2,USM2_pose_rel_economy_area_xy,-2.2770415288842116,2.2770415288842116
linear_regression,2,USM1_pose_rel_max_acceleration_l2,2.258926338424485,2.258926338424485
linear_regression,2,USM0_joint_max_jerk_l2,2.2509317490443546,2.2509317490443546
linear_regression,2,USM3_pose_rel_pause_fraction,-2.2454859233669326,2.2454859233669326
linear_regression,2,USM0_joint_idle_threshold_relative,2.220236089734449,2.220236089734449
linear_regression,2,USM2_pose_rel_mean_speed_l2,-2.160893599918187,2.160893599918187
linear_regression,2,USM1_joint_max_speed_l2,-2.1427686739829737,2.1427686739829737
linear_regression,2,USM2_pose_rel_rotation_orthogonality_error_max,2.142032205281001,2.142032205281001
linear_regression,2,USM2_joint_net_displacement_l2,-2.137387838019346,2.137387838019346
linear_regression,2,USM3_pose_rel_idle_threshold_relative,2.1348291068836587,2.1348291068836587
linear_regression,2,USM3_pose_rel_max_acceleration_l2,-2.1064756891853778,2.1064756891853778
linear_regression,2,USM0_joint_insertion_q3_mean_abs_velocity,-2.0897581506295904,2.0897581506295904
linear_regression,2,USM3_pose_rel_mean_speed_l2,2.0552371350100715,2.0552371350100715
linear_regression,2,USM1_joint_pause_count,-2.0254121112446763,2.0254121112446763
linear_regression,2,USM2_USM3_pose_rel_path_length_imbalance,-2.0226387936658985,2.0226387936658985
linear_regression,2,USM2_pose_rel_pause_count,-1.9926074766790798,1.9926074766790798
linear_regression,2,USM1_USM3_pose_rel_simultaneous_active_fraction,-1.9029402993732627,1.9029402993732627
linear_regression,2,USM3_pose_rel_jerk_cost,1.880449383420176,1.880449383420176
linear_regression,2,USM1_joint_jerk_cost,-1.829253050977194,1.829253050977194
linear_regression,2,USM0_joint_idle_fraction_relative,1.8119683337290065,1.8119683337290065
linear_regression,2,USM3_joint_mean_joint_range,1.802741458068695,1.802741458068695
linear_regression,2,USM1_pose_rel_rotation_orthogonality_error_max,1.7767116306830029,1.7767116306830029
linear_regression,2,USM3_joint_raw_path_l2,1.775244754168047,1.775244754168047
linear_regression,2,USM1_USM3_pose_rel_mean_distance_rel,1.7646396305436163,1.7646396305436163
linear_regression,2,USM2_pose_rel_max_acceleration_l2,1.7621226239972034,1.7621226239972034
linear_regression,2,USM2_joint_mean_acceleration_l2,-1.735154829673242,1.735154829673242
linear_regression,2,USM2_pose_rel_pause_duration_seconds,1.6946756569506174,1.6946756569506174
linear_regression,2,active_pair_path_length_a_rel,-1.646888077229519,1.646888077229519
linear_regression,2,USM3_joint_movement_economy,-1.643175211965568,1.643175211965568
linear_regression,2,USM3_joint_distal_q5_q9_mean_range,1.6282923565756677,1.6282923565756677
linear_regression,2,USM1_pose_rel_idle_fraction_relative,-1.62230243644424,1.62230243644424
linear_regression,2,USM1_USM2_pose_rel_min_distance_rel,-1.5342827614401435,1.5342827614401435
linear_regression,2,USM2_pose_rel_y_range,-1.510628950703974,1.510628950703974
linear_regression,2,USM1_USM3_pose_rel_both_idle_fraction,1.4881876498916706,1.4881876498916706
linear_regression,2,USM3_pose_rel_movement_economy,-1.4869058653696392,1.4869058653696392
linear_regression,2,USM2_pose_rel_rotation_path_radians,1.4639528216379898,1.4639528216379898
linear_regression,2,USM1_pose_rel_pause_fraction,-1.450549637274698,1.450549637274698
linear_regression,2,USM1_pose_rel_active,1.4067617366290672,1.4067617366290672
linear_regression,2,USM3_joint_insertion_q3_mean_range,1.4033307529534063,1.4033307529534063
linear_regression,2,USM0_joint_pause_duration_seconds,-1.3908253374986836,1.3908253374986836
linear_regression,2,USM3_pose_rel_max_speed_l2,1.3628063424365326,1.3628063424365326
linear_regression,2,USM0_joint_base_revolute_q0_q2_mean_range,1.3181526938267705,1.3181526938267705
linear_regression,2,USM2_pose_rel_x_range,-1.309484626847735,1.309484626847735
linear_regression,2,USM1_USM2_pose_rel_mean_distance_rel,1.3009214934454747,1.3009214934454747
linear_regression,2,USM3_pose_rel_y_range,1.299713275849361,1.299713275849361
linear_regression,2,USM1_pose_rel_max_angular_speed_rad_s,1.2847791127599106,1.2847791127599106
linear_regression,2,USM2_joint_mean_joint_range,-1.2745852111471256,1.2745852111471256
linear_regression,2,USM2_joint_movement_economy,1.2697918332616704,1.2697918332616704
linear_regression,2,USM3_pose_rel_rms_speed_l2,1.2361664300343267,1.2361664300343267
linear_regression,2,USM3_joint_max_acceleration_l2,-1.2279017662034455,1.2279017662034455
linear_regression,2,USM2_joint_pause_duration_seconds,-1.2147943681446187,1.2147943681446187
linear_regression,2,USM2_USM3_pose_rel_std_distance_rel,1.213964932174741,1.213964932174741
linear_regression,2,USM3_pose_rel_idle_fraction_relative,1.2067443951631787,1.2067443951631787
linear_regression,2,USM1_USM3_pose_rel_max_distance_rel,-1.1939553788639423,1.1939553788639423
linear_regression,2,USM1_joint_insertion_q3_mean_range,1.1889764965239804,1.1889764965239804
linear_regression,2,USM1_pose_rel_z_range,-1.1832711367295818,1.1832711367295818
linear_regression,2,USM1_joint_base_revolute_q0_q2_mean_abs_velocity,-1.1647675956621106,1.1647675956621106
linear_regression,2,USM3_pose_rel_dimensionless_jerk,-1.129890865580722,1.129890865580722
linear_regression,2,USM0_joint_median_dt_seconds,1.1042312812868604,1.1042312812868604
linear_regression,2,USM2_joint_max_acceleration_l2,-1.0802548287003677,1.0802548287003677
linear_regression,2,USM1_joint_max_acceleration_l2,-1.0610043377123433,1.0610043377123433
linear_regression,2,USM1_pose_rel_economy_area_xy,1.02920587340884,1.02920587340884
linear_regression,2,active_pair_simultaneous_active_fraction,1.0135377061955868,1.0135377061955868
linear_regression,2,USM1_USM2_pose_rel_alignment_coverage,-0.9910823661365542,0.9910823661365542
linear_regression,2,USM1_joint_mean_joint_range,0.9855578553196802,0.9855578553196802
linear_regression,2,USM1_pose_rel_mean_abs_angular_acceleration_rad_s2,-0.9713586446863083,0.9713586446863083
linear_regression,2,USM3_joint_pause_duration_seconds,-0.9380133067235399,0.9380133067235399
linear_regression,2,USM1_pose_rel_net_displacement_l2,-0.9357718171416165,0.9357718171416165
linear_regression,2,USM2_pose_rel_workspace_box_volume,0.9237146615433933,0.9237146615433933
linear_regression,2,active_pair_min_distance_rel,-0.9077381828760797,0.9077381828760797
linear_regression,2,USM1_USM2_pose_rel_distance_range_rel,0.9048081810463783,0.9048081810463783
linear_regression,2,USM2_pose_rel_log_dimensionless_jerk,0.8918081795617646,0.8918081795617646
linear_regression,2,USM1_USM2_pose_rel_simultaneous_active_fraction,0.8830669860746576,0.8830669860746576
linear_regression,2,USM1_joint_net_displacement_l2,0.880080333732111,0.880080333732111
linear_regression,2,USM3_joint_tool_roll_q4_mean_abs_velocity,-0.8795933720380305,0.8795933720380305
linear_regression,2,USM2_pose_rel_economy_volume,0.8743516139727745,0.8743516139727745
linear_regression,2,USM1_joint_pause_duration_seconds,-0.8713929618989007,0.8713929618989007
linear_regression,2,USM3_pose_rel_max_abs_angular_acceleration_rad_s2,0.8680372990971393,0.8680372990971393
linear_regression,2,USM0_joint_mean_joint_range,-0.8678648318473082,0.8678648318473082
linear_regression,2,USM1_pose_rel_workspace_box_volume,0.8636712552567729,0.8636712552567729
linear_regression,2,active_pair_both_idle_fraction,-0.8289194423902523,0.8289194423902523
linear_regression,2,USM2_pose_rel_idle_fraction_relative,-0.8208743262409358,0.8208743262409358
linear_regression,2,USM0_joint_distal_q5_q9_mean_range,0.8162398370454067,0.8162398370454067
linear_regression,2,USM3_pose_rel_pause_count,-0.7850903885569576,0.7850903885569576
linear_regression,2,USM1_pose_rel_mean_angular_speed_rad_s,0.773498969546142,0.773498969546142
linear_regression,2,USM1_USM2_pose_rel_mean_abs_relative_speed,-0.764663470599176,0.764663470599176
linear_regression,2,USM1_joint_distal_q5_q9_mean_range,0.7481620567690768,0.7481620567690768
linear_regression,2,USM0_joint_max_gap_seconds,-0.7241449980681585,0.7241449980681585
linear_regression,2,USM2_joint_distal_q5_q9_mean_range,0.7175726105852733,0.7175726105852733
linear_regression,2,USM2_joint_insertion_q3_mean_range,-0.7130309205393865,0.7130309205393865
linear_regression,2,USM2_pose_rel_jerk_cost,0.7020261404140162,0.7020261404140162
linear_regression,2,USM3_joint_mean_speed_l2,0.6794388696354707,0.6794388696354707
linear_regression,2,active_pair_path_length_imbalance,0.6733021795521121,0.6733021795521121
linear_regression,2,USM1_pose_rel_raw_path_l2,0.666945100746669,0.666945100746669
linear_regression,2,USM0_joint_insertion_q3_mean_range,-0.6621057154618075,0.6621057154618075
linear_regression,2,USM2_joint_tool_roll_q4_mean_abs_velocity,-0.6215249724415187,0.6215249724415187
linear_regression,2,USM2_USM3_pose_rel_min_distance_rel,-0.6103720006159103,0.6103720006159103
linear_regression,2,USM1_USM2_pose_rel_max_distance_rel,-0.5944896420250161,0.5944896420250161
linear_regression,2,USM1_pose_rel_max_abs_angular_acceleration_rad_s2,0.5705237181051179,0.5705237181051179
linear_regression,2,USM1_USM3_pose_rel_one_arm_only_active_fraction,-0.5617326162513133,0.5617326162513133
linear_regression,2,USM1_joint_base_revolute_q0_q2_mean_range,0.534576676542263,0.534576676542263
linear_regression,2,USM2_joint_pause_fraction,-0.5237218267234777,0.5237218267234777
linear_regression,2,USM1_pose_rel_mean_acceleration_l2,0.5076437882290004,0.5076437882290004
linear_regression,2,USM3_pose_rel_raw_path_l2,0.5014497239149018,0.5014497239149018
linear_regression,2,USM3_joint_tool_roll_q4_path_l1,-0.4910623891002741,0.4910623891002741
linear_regression,2,USM2_pose_rel_mean_angular_speed_rad_s,0.4799445168424423,0.4799445168424423
linear_regression,2,USM3_joint_max_speed_l2,0.46227606947216393,0.46227606947216393
linear_regression,2,USM1_joint_mean_acceleration_l2,0.4522257222413966,0.4522257222413966
linear_regression,2,USM2_USM3_pose_rel_distance_range_rel,0.45102206956670265,0.45102206956670265
linear_regression,2,USM3_joint_rms_speed_l2,0.4282370435087263,0.4282370435087263
linear_regression,2,USM0_joint_base_revolute_q0_q2_path_l1,-0.4262817709951783,0.4262817709951783
linear_regression,2,USM1_USM2_pose_rel_one_arm_only_active_fraction,-0.39168462562267436,0.39168462562267436
linear_regression,2,all_usm_joint_path_l1_total,-0.38814958198987426,0.38814958198987426
linear_regression,2,USM2_joint_max_jerk_l2,0.3705825774248259,0.3705825774248259
linear_regression,2,active_pair_speed_correlation,-0.3628957403207387,0.3628957403207387
linear_regression,2,USM2_pose_rel_dimensionless_jerk,0.35679666096475615,0.35679666096475615
linear_regression,2,USM1_pose_rel_jerk_cost,-0.3546071596039081,0.3546071596039081
linear_regression,2,USM3_joint_insertion_q3_path_l1,-0.3524708163386,0.3524708163386
linear_regression,2,USM2_USM3_pose_rel_speed_correlation,0.34882496041905564,0.34882496041905564
linear_regression,2,USM1_pose_rel_rotation_path_radians,0.3488119651355988,0.3488119651355988
linear_regression,2,USM2_pose_rel_net_displacement_l2,-0.34781187583601714,0.34781187583601714
linear_regression,2,USM2_joint_raw_path_l2,-0.3454649642068024,0.3454649642068024
linear_regression,2,duration_seconds,0.3262325328801016,0.3262325328801016
linear_regression,2,USM1_pose_rel_movement_economy,0.30942530967057413,0.30942530967057413
linear_regression,2,USM1_joint_insertion_q3_path_l1,-0.29395057414553194,0.29395057414553194
linear_regression,2,USM0_joint_rms_speed_l2,0.29083857659471674,0.29083857659471674
linear_regression,2,USM0_joint_mean_acceleration_l2,-0.2629504202725699,0.2629504202725699
linear_regression,2,USM1_joint_raw_path_l2,-0.2616040740288461,0.2616040740288461
linear_regression,2,USM1_pose_rel_mean_speed_l2,-0.25802670350666157,0.25802670350666157
linear_regression,2,USM0_joint_net_displacement_l2,-0.24347731824272134,0.24347731824272134
linear_regression,2,USM2_joint_tool_roll_q4_path_l1,-0.23727930832359778,0.23727930832359778
linear_regression,2,USM0_joint_max_acceleration_l2,-0.2326124127417456,0.2326124127417456
linear_regression,2,USM3_pose_rel_economy_area_xy,0.23167482940806794,0.23167482940806794
linear_regression,2,USM1_joint_max_abs_joint_velocity,0.2190707858010461,0.2190707858010461
linear_regression,2,USM2_pose_rel_max_angular_speed_rad_s,0.2136548071888374,0.2136548071888374
linear_regression,2,USM3_pose_rel_net_displacement_l2,0.21078402166858967,0.21078402166858967
linear_regression,2,USM2_USM3_pose_rel_simultaneous_active_fraction,0.2090155633394417,0.2090155633394417
linear_regression,2,USM2_pose_rel_rotation_orthogonality_error_mean,0.19134064302888393,0.19134064302888393
linear_regression,2,USM3_pose_rel_economy_area_yz,-0.1865745466339983,0.1865745466339983
linear_regression,2,USM3_joint_max_joint_range,0.1477920412162465,0.1477920412162465
linear_regression,2,USM2_pose_rel_rotation_determinant_mean,0.1366842229478494,0.1366842229478494
linear_regression,2,USM1_USM2_pose_rel_both_idle_fraction,0.12671181872025844,0.12671181872025844
linear_regression,2,USM3_joint_base_revolute_q0_q2_path_l1,-0.1197854497422054,0.1197854497422054
linear_regression,2,USM3_pose_rel_rotation_orthogonality_error_max,0.11788721773093447,0.11788721773093447
linear_regression,2,USM2_USM3_pose_rel_both_idle_fraction,-0.11329389626123348,0.11329389626123348
linear_regression,2,USM2_pose_rel_mean_acceleration_l2,0.10856626583581197,0.10856626583581197
linear_regression,2,USM3_joint_pause_count,0.10645232884233136,0.10645232884233136
linear_regression,2,USM1_pose_rel_economy_area_xz,-0.10553213266916717,0.10553213266916717
linear_regression,2,USM0_joint_insertion_q3_path_l1,0.1048192173333371,0.1048192173333371
linear_regression,2,USM1_joint_mean_speed_l2,-0.09032941541388517,0.09032941541388517
linear_regression,2,active_pair_usm_b,0.07650825580989483,0.07650825580989483
linear_regression,2,USM2_pose_rel_z_range,-0.07367053974411153,0.07367053974411153
linear_regression,2,USM2_joint_pause_count,-0.06717018966467148,0.06717018966467148
linear_regression,2,USM1_joint_movement_economy,-0.06365564117326628,0.06365564117326628
linear_regression,2,USM2_USM3_pose_rel_one_arm_only_active_fraction,-0.05152451985290074,0.05152451985290074
linear_regression,2,USM1_pose_rel_x_range,0.029354527439801048,0.029354527439801048
linear_regression,2,USM2_pose_rel_economy_area_yz,0.026078033396581102,0.026078033396581102
linear_regression,2,USM1_USM2_pose_rel_std_distance_rel,0.022572414392738605,0.022572414392738605
linear_regression,2,active_pair_one_arm_only_active_fraction,0.01989581331963841,0.01989581331963841
linear_regression,2,all_psm_pose_rel_path_total,0.012041383837800096,0.012041383837800096
linear_regression,3,USM1_joint_tool_roll_q4_path_l1,7.213586780957215,7.213586780957215
linear_regression,3,USM1_pose_rel_economy_area_yz,6.685607395454943,6.685607395454943
linear_regression,3,USM0_joint_idle_fraction_relative,6.584204423978452,6.584204423978452
linear_regression,3,USM2_joint_idle_threshold_relative,-6.5228594530718995,6.5228594530718995
linear_regression,3,USM1_pose_rel_rms_speed_l2,6.33473926572471,6.33473926572471
linear_regression,3,USM1_pose_rel_max_speed_l2,6.093440490433783,6.093440490433783
linear_regression,3,USM2_pose_rel_economy_area_xz,6.073212348048672,6.073212348048672
linear_regression,3,USM1_pose_rel_max_acceleration_l2,-6.067790884431893,6.067790884431893
linear_regression,3,USM2_joint_base_revolute_q0_q2_mean_abs_velocity,6.030829539511007,6.030829539511007
linear_regression,3,USM3_pose_rel_mean_speed_l2,5.835033804365449,5.835033804365449
linear_regression,3,USM2_joint_movement_economy,5.8128617653929515,5.8128617653929515
linear_regression,3,USM1_pose_rel_log_dimensionless_jerk,-5.653792305451967,5.653792305451967
linear_regression,3,USM3_pose_rel_max_acceleration_l2,-5.6535089329153125,5.6535089329153125
linear_regression,3,USM3_pose_rel_economy_area_xz,5.355460851360048,5.355460851360048
linear_regression,3,USM0_joint_pause_duration_seconds,-4.980779687661512,4.980779687661512
linear_regression,3,USM1_USM3_pose_rel_mean_distance_rel,-4.861473660588741,4.861473660588741
linear_regression,3,duration_seconds,4.7793273969965355,4.7793273969965355
linear_regression,3,USM1_joint_tool_roll_q4_mean_abs_velocity,4.669200763551078,4.669200763551078
linear_regression,3,USM3_pose_rel_z_range,-4.631862744553473,4.631862744553473
linear_regression,3,USM3_pose_rel_log_dimensionless_jerk,4.629904311360789,4.629904311360789
linear_regression,3,USM1_joint_max_speed_l2,-4.555511975430129,4.555511975430129
linear_regression,3,USM3_pose_rel_max_speed_l2,4.056737688743415,4.056737688743415
linear_regression,3,USM0_joint_movement_economy,-4.031858009658807,4.031858009658807
linear_regression,3,USM1_USM3_pose_rel_simultaneous_active_fraction,-4.026346354306089,4.026346354306089
linear_regression,3,USM2_joint_pause_count,-4.009493673181005,4.009493673181005
linear_regression,3,USM1_joint_jerk_cost,-3.83428456967429,3.83428456967429
linear_regression,3,USM2_joint_mean_speed_l2,3.780200773435747,3.780200773435747
linear_regression,3,USM0_joint_pause_count,3.68368307903664,3.68368307903664
linear_regression,3,USM3_pose_rel_mean_abs_angular_acceleration_rad_s2,-3.664711364093878,3.664711364093878
linear_regression,3,USM2_pose_rel_movement_economy,-3.6353625591919294,3.6353625591919294
linear_regression,3,USM1_joint_pause_duration_seconds,-3.6335084183417843,3.6335084183417843
linear_regression,3,USM1_joint_insertion_q3_path_l1,3.5698427443375866,3.5698427443375866
linear_regression,3,USM0_joint_rms_speed_l2,-3.539539873453418,3.539539873453418
linear_regression,3,USM3_joint_max_acceleration_l2,-3.502376542741115,3.502376542741115
linear_regression,3,USM2_pose_rel_y_range,-3.488285277393454,3.488285277393454
linear_regression,3,USM2_joint_pause_fraction,3.388257910202741,3.388257910202741
linear_regression,3,USM3_pose_rel_pause_fraction,3.3633277037098788,3.3633277037098788
linear_regression,3,USM3_joint_net_displacement_l2,3.283129147993159,3.283129147993159
linear_regression,3,USM3_pose_rel_economy_volume,-3.276997834701395,3.276997834701395
linear_regression,3,active_pair_simultaneous_active_fraction,3.1741392441187783,3.1741392441187783
linear_regression,3,USM2_pose_rel_raw_path_l2,-3.0841607324246145,3.0841607324246145
linear_regression,3,USM1_joint_max_joint_range,-3.058650452486871,3.058650452486871
linear_regression,3,USM2_pose_rel_rotation_orthogonality_error_mean,2.965054827710399,2.965054827710399
linear_regression,3,USM1_pose_rel_max_angular_speed_rad_s,-2.9594164638999056,2.9594164638999056
linear_regression,3,USM1_USM3_pose_rel_distance_range_rel,2.9532246842511296,2.9532246842511296
linear_regression,3,USM1_joint_base_revolute_q0_q2_path_l1,2.9456663729188595,2.9456663729188595
linear_regression,3,USM2_joint_base_revolute_q0_q2_path_l1,-2.9290230912442823,2.9290230912442823
linear_regression,3,USM3_pose_rel_mean_angular_speed_rad_s,-2.8759747104345177,2.8759747104345177
linear_regression,3,USM2_joint_net_displacement_l2,-2.858947942398958,2.858947942398958
linear_regression,3,active_pair_usm_a,-2.813251042793878,2.813251042793878
linear_regression,3,USM2_pose_rel_mean_abs_angular_acceleration_rad_s2,-2.780179915983992,2.780179915983992
linear_regression,3,USM1_joint_insertion_q3_mean_abs_velocity,-2.772107505890431,2.772107505890431
linear_regression,3,USM1_USM3_pose_rel_max_distance_rel,2.764354759548662,2.764354759548662
linear_regression,3,USM3_joint_raw_path_l2,2.7493076204756424,2.7493076204756424
linear_regression,3,USM1_joint_pause_fraction,2.7184918346675104,2.7184918346675104
linear_regression,3,USM2_pose_rel_idle_threshold_relative,2.7177824841924387,2.7177824841924387
linear_regression,3,USM1_pose_rel_dimensionless_jerk,2.667257443533817,2.667257443533817
linear_regression,3,USM1_USM3_pose_rel_both_idle_fraction,2.6451795688338193,2.6451795688338193
linear_regression,3,USM2_joint_insertion_q3_path_l1,2.6352586415779453,2.6352586415779453
linear_regression,3,USM2_pose_rel_dimensionless_jerk,2.6255103776361017,2.6255103776361017
linear_regression,3,USM2_joint_mean_acceleration_l2,2.595377420448158,2.595377420448158
linear_regression,3,USM0_joint_mean_speed_l2,-2.5850265994398725,2.5850265994398725
linear_regression,3,USM2_joint_max_abs_joint_velocity,-2.581090241460358,2.581090241460358
linear_regression,3,USM2_pose_rel_max_jerk_l2,-2.526543436768921,2.526543436768921
linear_regression,3,USM3_joint_movement_economy,-2.5257407734489457,2.5257407734489457
linear_regression,3,USM2_pose_rel_rotation_orthogonality_error_max,-2.5007675239298113,2.5007675239298113
linear_regression,3,USM3_pose_rel_rotation_orthogonality_error_max,-2.4961574933998323,2.4961574933998323
linear_regression,3,USM1_pose_rel_pause_fraction,-2.4939262366425945,2.4939262366425945
linear_regression,3,USM3_pose_rel_rotation_determinant_mean,-2.4723271290985624,2.4723271290985624
linear_regression,3,USM3_joint_distal_q5_q9_mean_range,2.471137135672825,2.471137135672825
linear_regression,3,USM2_pose_rel_jerk_cost,2.439891410649887,2.439891410649887
linear_regression,3,USM3_joint_mean_speed_l2,2.4378681006545344,2.4378681006545344
linear_regression,3,USM2_joint_pause_duration_seconds,-2.436647963402638,2.436647963402638
linear_regression,3,USM2_pose_rel_economy_area_yz,-2.4361656972722496,2.4361656972722496
linear_regression,3,USM1_pose_rel_mean_abs_angular_acceleration_rad_s2,-2.3802618299883433,2.3802618299883433
linear_regression,3,USM1_joint_movement_economy,-2.3719137476346606,2.3719137476346606
linear_regression,3,USM1_pose_rel_economy_area_xy,-2.259733197988119,2.259733197988119
linear_regression,3,USM2_pose_rel_max_acceleration_l2,2.2531738284393605,2.2531738284393605
linear_regression,3,active_pair_both_idle_fraction,-2.187329458338896,2.187329458338896
linear_regression,3,USM2_pose_rel_x_range,-2.17899437291177,2.17899437291177
linear_regression,3,USM0_joint_idle_threshold_relative,2.1611717977338674,2.1611717977338674
linear_regression,3,USM3_joint_mean_joint_range,2.152556999214877,2.152556999214877
linear_regression,3,USM1_pose_rel_movement_economy,-2.1147096855740797,2.1147096855740797
linear_regression,3,USM0_joint_net_displacement_l2,2.088208274409076,2.088208274409076
linear_regression,3,USM2_joint_distal_q5_q9_mean_range,2.0698702496615615,2.0698702496615615
linear_regression,3,USM2_pose_rel_max_abs_angular_acceleration_rad_s2,2.0102347970807575,2.0102347970807575
linear_regression,3,active_pair_path_length_a_rel,-2.0046652260854,2.0046652260854
linear_regression,3,USM2_pose_rel_max_speed_l2,1.9930757740042957,1.9930757740042957
linear_regression,3,USM0_joint_mean_acceleration_l2,1.975188878674432,1.975188878674432
linear_regression,3,USM1_pose_rel_mean_speed_l2,-1.9720562675683138,1.9720562675683138
linear_regression,3,USM2_pose_rel_mean_speed_l2,1.964838533474367,1.964838533474367
linear_regression,3,USM2_joint_tool_roll_q4_path_l1,-1.9536815219000006,1.9536815219000006
linear_regression,3,USM1_joint_max_acceleration_l2,1.9475079429494238,1.9475079429494238
linear_regression,3,USM1_pose_rel_mean_acceleration_l2,-1.9293531515067408,1.9293531515067408
linear_regression,3,USM2_joint_insertion_q3_mean_abs_velocity,-1.9216169831005865,1.9216169831005865
linear_regression,3,USM3_joint_idle_fraction_relative,-1.9084000831189878,1.9084000831189878
linear_regression,3,USM3_joint_pause_count,1.8861914465135052,1.8861914465135052
linear_regression,3,USM0_joint_tool_roll_q4_path_l1,1.874737617284374,1.874737617284374
linear_regression,3,USM3_joint_tool_roll_q4_path_l1,-1.869639019883089,1.869639019883089
linear_regression,3,USM3_joint_rms_speed_l2,1.8674708873687464,1.8674708873687464
linear_regression,3,USM3_joint_insertion_q3_mean_range,-1.8622603304899625,1.8622603304899625
linear_regression,3,USM1_joint_mean_acceleration_l2,-1.8368899145676874,1.8368899145676874
linear_regression,3,USM1_joint_insertion_q3_mean_range,-1.8353294404428395,1.8353294404428395
linear_regression,3,USM3_pose_rel_idle_threshold_relative,-1.834516210172389,1.834516210172389
linear_regression,3,USM3_joint_base_revolute_q0_q2_mean_abs_velocity,1.8052404932071973,1.8052404932071973
linear_regression,3,USM1_USM2_pose_rel_mean_distance_rel,1.80218239624968,1.80218239624968
linear_regression,3,USM3_pose_rel_movement_economy,1.7841252641965215,1.7841252641965215
linear_regression,3,USM1_pose_rel_net_displacement_l2,1.7834414363044588,1.7834414363044588
linear_regression,3,USM1_pose_rel_rotation_determinant_mean,1.718951916522868,1.718951916522868
linear_regression,3,USM3_joint_base_revolute_q0_q2_mean_range,1.6864695673646,1.6864695673646
linear_regression,3,USM0_joint_insertion_q3_mean_range,-1.652328206369455,1.652328206369455
linear_regression,3,USM0_joint_base_revolute_q0_q2_mean_abs_velocity,-1.6523147538080485,1.6523147538080485
linear_regression,3,USM3_pose_rel_rotation_path_radians,-1.6491277884608397,1.6491277884608397
linear_regression,3,USM1_USM2_pose_rel_simultaneous_active_fraction,1.6349107264585028,1.6349107264585028
linear_regression,3,USM1_pose_rel_workspace_box_volume,1.617853762111395,1.617853762111395
linear_regression,3,USM1_pose_rel_x_range,1.5967675036507694,1.5967675036507694
linear_regression,3,USM1_joint_mean_joint_range,1.580866813572628,1.580866813572628
linear_regression,3,USM2_joint_idle_fraction_relative,1.5769987536191434,1.5769987536191434
linear_regression,3,USM2_joint_max_acceleration_l2,1.5759484782426432,1.5759484782426432
linear_regression,3,USM2_pose_rel_mean_acceleration_l2,-1.5755247023519217,1.5755247023519217
linear_regression,3,USM1_USM3_pose_rel_speed_correlation,-1.5669921523015602,1.5669921523015602
linear_regression,3,USM1_USM2_pose_rel_path_length_imbalance,1.5657600130301543,1.5657600130301543
linear_regression,3,USM3_pose_rel_idle_fraction_relative,-1.5606956843164705,1.5606956843164705
linear_regression,3,USM1_pose_rel_y_range,1.5495528132542624,1.5495528132542624
linear_regression,3,USM1_USM3_pose_rel_min_distance_rel,1.5378603704657006,1.5378603704657006
linear_regression,3,USM1_pose_rel_jerk_cost,-1.5218165563452306,1.5218165563452306
linear_regression,3,USM1_USM2_pose_rel_max_distance_rel,-1.5106808716515985,1.5106808716515985
linear_regression,3,USM0_joint_jerk_cost,-1.5004069035477894,1.5004069035477894
linear_regression,3,USM1_pose_rel_rotation_path_radians,1.497475546449221,1.497475546449221
linear_regression,3,USM3_pose_rel_max_abs_angular_acceleration_rad_s2,-1.4952760960489935,1.4952760960489935
linear_regression,3,USM2_pose_rel_pause_count,1.4886405861327567,1.4886405861327567
linear_regression,3,USM2_joint_max_joint_range,1.4632253865828817,1.4632253865828817
linear_regression,3,USM3_pose_rel_dimensionless_jerk,-1.4546110610461631,1.4546110610461631
linear_regression,3,USM0_joint_tool_roll_q4_mean_abs_velocity,1.4436217186021283,1.4436217186021283
linear_regression,3,USM2_joint_rms_speed_l2,1.433483512468785,1.433483512468785
linear_regression,3,USM2_joint_base_revolute_q0_q2_mean_range,1.4261982264900166,1.4261982264900166
linear_regression,3,USM1_joint_base_revolute_q0_q2_mean_abs_velocity,1.4211505163673028,1.4211505163673028
linear_regression,3,USM2_pose_rel_idle_fraction_relative,-1.4102683645271092,1.4102683645271092
linear_regression,3,USM2_pose_rel_net_displacement_l2,-1.4063035143915115,1.4063035143915115
linear_regression,3,USM1_pose_rel_rotation_orthogonality_error_max,-1.3890876002134696,1.3890876002134696
linear_regression,3,USM2_joint_raw_path_l2,1.3876915299112185,1.3876915299112185
linear_regression,3,USM1_pose_rel_max_abs_angular_acceleration_rad_s2,-1.3390368853766696,1.3390368853766696
linear_regression,3,USM1_pose_rel_raw_path_l2,-1.3123195626352464,1.3123195626352464
linear_regression,3,USM3_pose_rel_y_range,1.2912793479528832,1.2912793479528832
linear_regression,3,USM3_pose_rel_workspace_box_volume,-1.2861654343848732,1.2861654343848732
linear_regression,3,USM1_joint_max_abs_joint_velocity,-1.260224666728258,1.260224666728258
linear_regression,3,USM2_pose_rel_z_range,1.2443241821198778,1.2443241821198778
linear_regression,3,USM3_pose_rel_x_range,-1.2241736016426374,1.2241736016426374
linear_regression,3,USM3_joint_max_speed_l2,-1.2059996603890872,1.2059996603890872
linear_regression,3,USM2_pose_rel_max_angular_speed_rad_s,-1.1915871086230156,1.1915871086230156
linear_regression,3,USM0_joint_base_revolute_q0_q2_mean_range,1.184586908240349,1.184586908240349
linear_regression,3,USM1_pose_rel_mean_angular_speed_rad_s,-1.1311652290540128,1.1311652290540128
linear_regression,3,USM1_USM2_pose_rel_mean_abs_relative_speed,1.1292304867147982,1.1292304867147982
linear_regression,3,USM3_joint_tool_roll_q4_mean_abs_velocity,-1.1163163895939117,1.1163163895939117
linear_regression,3,USM1_pose_rel_economy_volume,-1.1021327971925308,1.1021327971925308
linear_regression,3,USM1_pose_rel_pause_count,-1.0803063902010652,1.0803063902010652
linear_regression,3,USM1_USM2_pose_rel_distance_range_rel,-1.079646263565984,1.079646263565984
linear_regression,3,USM2_joint_max_speed_l2,-1.0737858920208936,1.0737858920208936
linear_regression,3,USM0_joint_distal_q5_q9_mean_range,-1.059331061443865,1.059331061443865
linear_regression,3,USM0_joint_median_dt_seconds,1.059069200400514,1.059069200400514
linear_regression,3,USM1_USM2_pose_rel_one_arm_only_active_fraction,-1.058412933086693,1.058412933086693
linear_regression,3,USM1_pose_rel_idle_fraction_relative,-1.053833872868367,1.053833872868367
linear_regression,3,USM0_joint_max_jerk_l2,1.0216228719383695,1.0216228719383695
linear_regression,3,USM3_joint_max_joint_range,1.0189829108127166,1.0189829108127166
linear_regression,3,USM1_pose_rel_rotation_orthogonality_error_mean,1.0130826198328853,1.0130826198328853
linear_regression,3,USM1_pose_rel_z_range,-0.9969541995628206,0.9969541995628206
linear_regression,3,USM2_USM3_pose_rel_distance_range_rel,0.9900116792585277,0.9900116792585277
linear_regression,3,USM0_joint_insertion_q3_path_l1,0.971037600432391,0.971037600432391
linear_regression,3,USM1_joint_base_revolute_q0_q2_mean_range,0.9651422914388152,0.9651422914388152
linear_regression,3,USM2_pose_rel_rms_speed_l2,0.9534852249688086,0.9534852249688086
linear_regression,3,USM2_USM3_pose_rel_both_idle_fraction,-0.9113277415970478,0.9113277415970478
linear_regression,3,USM0_joint_max_speed_l2,-0.910569031291867,0.910569031291867
linear_regression,3,USM3_pose_rel_economy_area_yz,-0.9090323564934293,0.9090323564934293
linear_regression,3,USM0_joint_max_joint_range,-0.8957941770227064,0.8957941770227064
linear_regression,3,USM1_pose_rel_active,0.8882887976332952,0.8882887976332952
linear_regression,3,USM1_pose_rel_pause_duration_seconds,0.8747670050080598,0.8747670050080598
linear_regression,3,USM2_joint_mean_joint_range,0.8619055050959176,0.8619055050959176
linear_regression,3,USM3_joint_pause_duration_seconds,0.8328436114632346,0.8328436114632346
linear_regression,3,USM2_USM3_pose_rel_mean_distance_rel,0.8113658647615818,0.8113658647615818
linear_regression,3,USM2_pose_rel_pause_fraction,-0.8088787798704172,0.8088787798704172
linear_regression,3,USM2_USM3_pose_rel_one_arm_only_active_fraction,0.7993470976713918,0.7993470976713918
linear_regression,3,active_pair_speed_correlation,0.796840984496527,0.796840984496527
linear_regression,3,USM1_USM2_pose_rel_speed_correlation,-0.7785643141356029,0.7785643141356029
linear_regression,3,USM3_joint_insertion_q3_path_l1,0.7640962190308112,0.7640962190308112
linear_regression,3,USM2_joint_max_jerk_l2,-0.7583322630693954,0.7583322630693954
linear_regression,3,active_pair_mean_distance_rel,-0.7192871979128826,0.7192871979128826
linear_regression,3,USM2_pose_rel_mean_angular_speed_rad_s,-0.7174228772078051,0.7174228772078051
linear_regression,3,USM1_USM2_pose_rel_both_idle_fraction,0.7138681701696763,0.7138681701696763
linear_regression,3,USM3_pose_rel_economy_area_xy,-0.6925828531849911,0.6925828531849911
linear_regression,3,USM2_pose_rel_rotation_path_radians,0.6663137242147641,0.6663137242147641
linear_regression,3,USM2_joint_insertion_q3_mean_range,0.6551864260375498,0.6551864260375498
linear_regression,3,active_pair_path_length_imbalance,-0.6519016055258772,0.6519016055258772
linear_regression,3,USM1_joint_pause_count,-0.6204675908315187,0.6204675908315187
linear_regression,3,USM2_pose_rel_pause_duration_seconds,0.6186205740544188,0.6186205740544188
linear_regression,3,USM1_USM3_pose_rel_one_arm_only_active_fraction,-0.6176383008367134,0.6176383008367134
linear_regression,3,USM3_joint_base_revolute_q0_q2_path_l1,0.5814387303786507,0.5814387303786507
linear_regression,3,USM2_pose_rel_workspace_box_volume,0.5373729889899843,0.5373729889899843
linear_regression,3,USM2_USM3_pose_rel_speed_correlation,-0.5140252338714666,0.5140252338714666
linear_regression,3,USM3_pose_rel_pause_count,0.5124375422701696,0.5124375422701696
linear_regression,3,USM3_pose_rel_net_displacement_l2,-0.5103759141792032,0.5103759141792032
linear_regression,3,active_pair_one_arm_only_active_fraction,-0.49362471447111256,0.49362471447111256
linear_regression,3,USM2_pose_rel_log_dimensionless_jerk,0.49196942993331555,0.49196942993331555
linear_regression,3,USM0_joint_base_revolute_q0_q2_path_l1,0.4813261683215456,0.4813261683215456
linear_regression,3,USM2_joint_mean_abs_joint_velocity,-0.47573811214195827,0.47573811214195827
linear_regression,3,USM0_joint_tool_roll_q4_mean_range,0.44887718822182365,0.44887718822182365
linear_regression,3,USM1_joint_net_displacement_l2,-0.4091264271039883,0.4091264271039883
linear_regression,3,USM2_pose_rel_economy_volume,0.40521104903149696,0.40521104903149696
linear_regression,3,USM3_pose_rel_raw_path_l2,0.3446857143950792,0.3446857143950792
linear_regression,3,USM1_USM2_pose_rel_min_distance_rel,-0.33556777181763997,0.33556777181763997
linear_regression,3,USM2_USM3_pose_rel_simultaneous_active_fraction,0.3247550945286277,0.3247550945286277
linear_regression,3,USM1_joint_idle_fraction_relative,0.3206416296926702,0.3206416296926702
linear_regression,3,USM0_joint_insertion_q3_mean_abs_velocity,0.31903976838504766,0.31903976838504766
linear_regression,3,all_usm_joint_path_l1_total,-0.31143452252475634,0.31143452252475634
linear_regression,3,USM3_pose_rel_max_angular_speed_rad_s,-0.3071820485275352,0.3071820485275352
linear_regression,3,USM1_joint_max_jerk_l2,0.28097529671794697,0.28097529671794697
linear_regression,3,USM3_pose_rel_rotation_orthogonality_error_mean,-0.2728561648722474,0.2728561648722474
linear_regression,3,USM0_joint_max_acceleration_l2,0.2647987080216052,0.2647987080216052
linear_regression,3,USM2_joint_tool_roll_q4_mean_abs_velocity,0.2623721492916906,0.2623721492916906
linear_regression,3,USM2_pose_rel_rotation_determinant_mean,0.2598107774291758,0.2598107774291758
linear_regression,3,USM3_pose_rel_pause_duration_seconds,-0.25975188313162856,0.25975188313162856
linear_regression,3,USM2_USM3_pose_rel_path_length_imbalance,-0.25755893384376616,0.25755893384376616
linear_regression,3,active_pair_usm_b,0.2522775244915607,0.2522775244915607
linear_regression,3,USM1_USM3_pose_rel_path_length_imbalance,-0.25125705329663206,0.25125705329663206
linear_regression,3,all_psm_pose_rel_path_total,-0.2311358775051079,0.2311358775051079
linear_regression,3,USM2_USM3_pose_rel_std_distance_rel,-0.2143696598061644,0.2143696598061644
linear_regression,3,USM0_joint_raw_path_l2,-0.21435686313864116,0.21435686313864116
linear_regression,3,USM1_USM2_pose_rel_alignment_coverage,-0.20509488131586284,0.20509488131586284
linear_regression,3,USM3_pose_rel_rms_speed_l2,0.1968208832930347,0.1968208832930347
linear_regression,3,USM1_pose_rel_economy_area_xz,-0.18892658268032525,0.18892658268032525
linear_regression,3,USM3_pose_rel_jerk_cost,0.18388865299140145,0.18388865299140145
linear_regression,3,USM1_joint_distal_q5_q9_mean_range,0.15710015288059925,0.15710015288059925
linear_regression,3,USM1_joint_mean_speed_l2,-0.1304584051277547,0.1304584051277547
linear_regression,3,USM3_joint_insertion_q3_mean_abs_velocity,0.11511190882901312,0.11511190882901312
linear_regression,3,USM1_USM3_pose_rel_std_distance_rel,0.10401844400603322,0.10401844400603322
linear_regression,3,USM1_pose_rel_idle_threshold_relative,-0.08899546789686152,0.08899546789686152
linear_regression,3,USM0_joint_max_gap_seconds,0.08648783593828449,0.08648783593828449
linear_regression,3,USM0_joint_mean_joint_range,-0.06375579669293135,0.06375579669293135
linear_regression,3,USM1_USM2_pose_rel_std_distance_rel,-0.04445461476760193,0.04445461476760193
linear_regression,3,USM1_joint_raw_path_l2,-0.03963988731631829,0.03963988731631829
linear_regression,3,USM2_joint_jerk_cost,-0.03638025813586887,0.03638025813586887
linear_regression,3,USM2_pose_rel_economy_area_xy,0.009018289498755272,0.009018289498755272
linear_regression,4,USM3_pose_rel_max_acceleration_l2,-7.957826445252021,7.957826445252021
linear_regression,4,USM3_pose_rel_rotation_orthogonality_error_mean,-7.955211330660616,7.955211330660616
linear_regression,4,USM2_pose_rel_max_acceleration_l2,7.299419511612113,7.299419511612113
linear_regression,4,USM0_joint_idle_fraction_relative,7.153176196411431,7.153176196411431
linear_regression,4,USM2_joint_jerk_cost,-6.597160837474012,6.597160837474012
linear_regression,4,USM1_joint_base_revolute_q0_q2_path_l1,-6.436409994292512,6.436409994292512
linear_regression,4,USM1_USM3_pose_rel_distance_range_rel,6.408474293474094,6.408474293474094
linear_regression,4,USM1_USM2_pose_rel_mean_distance_rel,6.154560916124822,6.154560916124822
linear_regression,4,USM2_pose_rel_rotation_determinant_mean,5.803307208110351,5.803307208110351
linear_regression,4,USM1_pose_rel_rms_speed_l2,5.569605733529044,5.569605733529044
linear_regression,4,USM3_pose_rel_economy_volume,-5.515832455022378,5.515832455022378
linear_regression,4,USM2_pose_rel_mean_abs_angular_acceleration_rad_s2,-5.328640455002532,5.328640455002532
linear_regression,4,USM1_joint_pause_fraction,5.299065498526185,5.299065498526185
linear_regression,4,USM2_pose_rel_rotation_orthogonality_error_mean,5.173910943430099,5.173910943430099
linear_regression,4,USM3_pose_rel_workspace_box_volume,-5.071563251592635,5.071563251592635
linear_regression,4,USM1_pose_rel_log_dimensionless_jerk,-5.057344192087811,5.057344192087811
linear_regression,4,USM1_pose_rel_pause_fraction,-4.983144084734448,4.983144084734448
linear_regression,4,USM0_joint_mean_acceleration_l2,4.738209239838342,4.738209239838342
linear_regression,4,USM1_USM3_pose_rel_std_distance_rel,-4.662103530567984,4.662103530567984
linear_regression,4,USM1_joint_max_jerk_l2,4.659308308717949,4.659308308717949
linear_regression,4,USM1_pose_rel_workspace_box_volume,4.537680689817277,4.537680689817277
linear_regression,4,active_pair_path_length_a_rel,-4.36374814803137,4.36374814803137
linear_regression,4,USM3_pose_rel_x_range,4.328641816640676,4.328641816640676
linear_regression,4,USM2_pose_rel_economy_area_xy,4.284610585407026,4.284610585407026
linear_regression,4,USM1_USM2_pose_rel_max_distance_rel,-4.25628165516337,4.25628165516337
linear_regression,4,USM0_joint_jerk_cost,-4.198548287616854,4.198548287616854
linear_regression,4,USM2_pose_rel_mean_angular_speed_rad_s,3.9635887876449982,3.9635887876449982
linear_regression,4,USM2_pose_rel_x_range,-3.9560173748517857,3.9560173748517857
linear_regression,4,USM1_USM3_pose_rel_speed_correlation,-3.831710324150462,3.831710324150462
linear_regression,4,USM2_joint_insertion_q3_mean_range,3.793293746639876,3.793293746639876
linear_regression,4,USM3_pose_rel_rotation_determinant_mean,-3.741090086446802,3.741090086446802
linear_regression,4,USM1_joint_base_revolute_q0_q2_mean_abs_velocity,3.7009004334066358,3.7009004334066358
linear_regression,4,USM2_joint_pause_duration_seconds,3.6770400108492156,3.6770400108492156
linear_regression,4,USM3_pose_rel_jerk_cost,3.6463710577892807,3.6463710577892807
linear_regression,4,USM1_joint_base_revolute_q0_q2_mean_range,3.6146296284233084,3.6146296284233084
linear_regression,4,all_usm_joint_path_l1_total,3.5915032546643064,3.5915032546643064
linear_regression,4,USM1_pose_rel_rotation_orthogonality_error_mean,3.563137852688071,3.563137852688071
linear_regression,4,USM1_pose_rel_jerk_cost,-3.552342326629209,3.552342326629209
linear_regression,4,USM1_USM3_pose_rel_max_distance_rel,3.53332014490281,3.53332014490281
linear_regression,4,USM3_pose_rel_mean_abs_angular_acceleration_rad_s2,-3.504045598430877,3.504045598430877
linear_regression,4,USM1_pose_rel_max_acceleration_l2,-3.4884005207821795,3.4884005207821795
linear_regression,4,USM1_pose_rel_idle_fraction_relative,-3.4289616169983863,3.4289616169983863
linear_regression,4,USM1_pose_rel_raw_path_l2,3.4179034094713496,3.4179034094713496
linear_regression,4,USM2_joint_max_joint_range,3.3847983896629437,3.3847983896629437
linear_regression,4,USM2_pose_rel_workspace_box_volume,3.2977176992173725,3.2977176992173725
linear_regression,4,USM2_pose_rel_pause_fraction,-3.2966665896267786,3.2966665896267786
linear_regression,4,USM1_joint_pause_duration_seconds,-3.2819164234200593,3.2819164234200593
linear_regression,4,USM1_joint_movement_economy,-3.252758512895311,3.252758512895311
linear_regression,4,USM2_USM3_pose_rel_simultaneous_active_fraction,3.2463379335713602,3.2463379335713602
linear_regression,4,USM0_joint_insertion_q3_mean_abs_velocity,3.203413525008086,3.203413525008086
linear_regression,4,USM2_pose_rel_log_dimensionless_jerk,3.1208769427384775,3.1208769427384775
linear_regression,4,USM0_joint_mean_speed_l2,-3.059522805453288,3.059522805453288
linear_regression,4,USM2_joint_max_speed_l2,-3.0520132889324163,3.0520132889324163
linear_regression,4,USM2_USM3_pose_rel_mean_distance_rel,2.9867338256272817,2.9867338256272817
linear_regression,4,USM1_joint_insertion_q3_mean_abs_velocity,-2.9821634970410837,2.9821634970410837
linear_regression,4,USM3_joint_base_revolute_q0_q2_mean_abs_velocity,2.968074478339923,2.968074478339923
linear_regression,4,USM1_joint_max_acceleration_l2,-2.9624199911878697,2.9624199911878697
linear_regression,4,USM3_pose_rel_economy_area_xz,2.9435555368673025,2.9435555368673025
linear_regression,4,USM2_pose_rel_economy_area_xz,2.943063402599415,2.943063402599415
linear_regression,4,USM3_pose_rel_max_speed_l2,2.942167321456428,2.942167321456428
linear_regression,4,USM2_joint_idle_fraction_relative,2.9362389771483905,2.9362389771483905
linear_regression,4,USM2_pose_rel_max_speed_l2,-2.911165773373699,2.911165773373699
linear_regression,4,USM2_joint_insertion_q3_path_l1,2.892468427604609,2.892468427604609
linear_regression,4,USM1_joint_jerk_cost,-2.8836362192139906,2.8836362192139906
linear_regression,4,USM0_joint_idle_threshold_relative,-2.862987398050718,2.862987398050718
linear_regression,4,USM0_joint_max_joint_range,2.8174834720363453,2.8174834720363453
linear_regression,4,USM3_pose_rel_max_angular_speed_rad_s,2.7849016024882465,2.7849016024882465
linear_regression,4,USM1_pose_rel_max_speed_l2,2.7848126181826367,2.7848126181826367
linear_regression,4,USM0_joint_base_revolute_q0_q2_path_l1,2.777940653920327,2.777940653920327
linear_regression,4,USM1_joint_insertion_q3_path_l1,-2.751594948085782,2.751594948085782
linear_regression,4,active_pair_min_distance_rel,-2.713646675898908,2.713646675898908
linear_regression,4,USM1_joint_mean_speed_l2,-2.712796201875411,2.712796201875411
linear_regression,4,USM1_joint_tool_roll_q4_path_l1,2.6942647361242535,2.6942647361242535
linear_regression,4,USM3_joint_max_acceleration_l2,-2.6720514690733177,2.6720514690733177
linear_regression,4,USM1_USM3_pose_rel_both_idle_fraction,2.6358439792183215,2.6358439792183215
linear_regression,4,USM1_pose_rel_y_range,-2.6203725075062407,2.6203725075062407
linear_regression,4,USM1_joint_max_joint_range,-2.617608819518805,2.617608819518805
linear_regression,4,USM2_joint_base_revolute_q0_q2_mean_abs_velocity,2.6026215068891063,2.6026215068891063
linear_regression,4,USM2_pose_rel_y_range,-2.573439272895487,2.573439272895487
linear_regression,4,USM2_pose_rel_raw_path_l2,-2.5702898719561302,2.5702898719561302
linear_regression,4,USM1_USM3_pose_rel_one_arm_only_active_fraction,-2.5602110115949177,2.5602110115949177
linear_regression,4,USM2_joint_mean_abs_joint_velocity,2.51731885234091,2.51731885234091
linear_regression,4,USM2_joint_tool_roll_q4_mean_abs_velocity,-2.4873206989200494,2.4873206989200494
linear_regression,4,USM1_pose_rel_max_angular_speed_rad_s,-2.4848181080785814,2.4848181080785814
linear_regression,4,USM1_joint_max_speed_l2,-2.482050949507748,2.482050949507748
linear_regression,4,USM3_pose_rel_z_range,-2.4296836905830475,2.4296836905830475
linear_regression,4,USM3_joint_mean_speed_l2,2.413186923717925,2.413186923717925
linear_regression,4,USM2_pose_rel_idle_threshold_relative,2.4048057138879155,2.4048057138879155
linear_regression,4,USM1_pose_rel_mean_speed_l2,2.3604950544527394,2.3604950544527394
linear_regression,4,USM3_joint_jerk_cost,2.3475243366322256,2.3475243366322256
linear_regression,4,USM1_USM2_pose_rel_distance_range_rel,-2.3287243917910483,2.3287243917910483
linear_regression,4,USM1_pose_rel_rotation_determinant_mean,2.28384682693281,2.28384682693281
linear_regression,4,USM2_pose_rel_economy_area_yz,-2.2443108424035865,2.2443108424035865
linear_regression,4,USM3_pose_rel_mean_speed_l2,2.212163905329042,2.212163905329042
linear_regression,4,active_pair_usm_a,-2.1574982687669997,2.1574982687669997
linear_regression,4,USM0_joint_base_revolute_q0_q2_mean_range,2.155914429497278,2.155914429497278
linear_regression,4,USM1_joint_tool_roll_q4_mean_abs_velocity,-2.1074129485263606,2.1074129485263606
linear_regression,4,USM0_joint_tool_roll_q4_mean_range,-2.0973694086354717,2.0973694086354717
linear_regression,4,USM1_pose_rel_pause_duration_seconds,-2.0949111540396457,2.0949111540396457
linear_regression,4,USM1_USM2_pose_rel_mean_abs_relative_speed,2.092274173785086,2.092274173785086
linear_regression,4,USM3_pose_rel_log_dimensionless_jerk,-2.0843366616031935,2.0843366616031935
linear_regression,4,USM2_pose_rel_max_abs_angular_acceleration_rad_s2,-2.0570794737688316,2.0570794737688316
linear_regression,4,USM1_pose_rel_mean_acceleration_l2,2.0413756271923393,2.0413756271923393
linear_regression,4,USM3_pose_rel_movement_economy,2.041234271399833,2.041234271399833
linear_regression,4,USM1_USM3_pose_rel_mean_distance_rel,-2.025942470509831,2.025942470509831
linear_regression,4,USM1_joint_idle_fraction_relative,-2.001221641454554,2.001221641454554
linear_regression,4,USM1_pose_rel_net_displacement_l2,1.98024915230832,1.98024915230832
linear_regression,4,USM1_pose_rel_max_abs_angular_acceleration_rad_s2,-1.9490614640041248,1.9490614640041248
linear_regression,4,USM3_pose_rel_raw_path_l2,1.9330828770989283,1.9330828770989283
linear_regression,4,duration_seconds,1.9235495207104143,1.9235495207104143
linear_regression,4,USM3_joint_insertion_q3_mean_abs_velocity,1.9202108418811703,1.9202108418811703
linear_regression,4,USM0_joint_insertion_q3_mean_range,-1.9099777109589806,1.9099777109589806
linear_regression,4,USM1_joint_insertion_q3_mean_range,1.874170807025177,1.874170807025177
linear_regression,4,USM1_pose_rel_rotation_orthogonality_error_max,1.7959382525367187,1.7959382525367187
linear_regression,4,USM3_pose_rel_y_range,-1.7695276830164546,1.7695276830164546
linear_regression,4,USM0_joint_raw_path_l2,1.750073014180023,1.750073014180023
linear_regression,4,USM1_pose_rel_idle_threshold_relative,-1.748997382792444,1.748997382792444
linear_regression,4,USM1_USM2_pose_rel_speed_correlation,1.7177836640737638,1.7177836640737638
linear_regression,4,USM2_joint_pause_fraction,-1.7095890399188491,1.7095890399188491
linear_regression,4,USM3_joint_raw_path_l2,1.7036359360902393,1.7036359360902393
linear_regression,4,active_pair_speed_correlation,1.6928244097864829,1.6928244097864829
linear_regression,4,USM2_joint_base_revolute_q0_q2_mean_range,1.6689612440500994,1.6689612440500994
linear_regression,4,USM0_joint_movement_economy,-1.6651875361454904,1.6651875361454904
linear_regression,4,active_pair_mean_distance_rel,1.657837358842745,1.657837358842745
linear_regression,4,USM1_joint_raw_path_l2,-1.6576574869872025,1.6576574869872025
linear_regression,4,USM3_pose_rel_pause_duration_seconds,1.6563187683602862,1.6563187683602862
linear_regression,4,USM1_pose_rel_x_range,-1.6434317683182353,1.6434317683182353
linear_regression,4,USM2_joint_raw_path_l2,1.6223893353190364,1.6223893353190364
linear_regression,4,USM2_joint_distal_q5_q9_mean_range,-1.6129425716365384,1.6129425716365384
linear_regression,4,USM2_joint_net_displacement_l2,-1.5750838631995947,1.5750838631995947
linear_regression,4,USM3_joint_tool_roll_q4_mean_abs_velocity,1.5529745737864125,1.5529745737864125
linear_regression,4,USM1_pose_rel_rotation_path_radians,1.5511478834402632,1.5511478834402632
linear_regression,4,USM1_pose_rel_z_range,-1.5064076527041712,1.5064076527041712
linear_regression,4,USM1_pose_rel_economy_volume,-1.4736811019126446,1.4736811019126446
linear_regression,4,USM3_joint_max_speed_l2,-1.4688518239381145,1.4688518239381145
linear_regression,4,USM3_joint_net_displacement_l2,1.4568427411245866,1.4568427411245866
linear_regression,4,USM1_pose_rel_mean_abs_angular_acceleration_rad_s2,-1.455785314431834,1.455785314431834
linear_regression,4,USM2_USM3_pose_rel_both_idle_fraction,-1.4518264074852119,1.4518264074852119
linear_regression,4,USM3_joint_movement_economy,-1.4192259720902705,1.4192259720902705
linear_regression,4,active_pair_simultaneous_active_fraction,1.4071374708058815,1.4071374708058815
linear_regression,4,USM3_pose_rel_economy_area_xy,1.4048264771923107,1.4048264771923107
linear_regression,4,USM2_USM3_pose_rel_min_distance_rel,-1.3944653854700317,1.3944653854700317
linear_regression,4,USM1_USM2_pose_rel_min_distance_rel,-1.387448937224429,1.387448937224429
linear_regression,4,USM2_USM3_pose_rel_one_arm_only_active_fraction,-1.3068067552860545,1.3068067552860545
linear_regression,4,USM2_pose_rel_rms_speed_l2,-1.2642181110268467,1.2642181110268467
linear_regression,4,USM3_joint_max_joint_range,-1.2448840830490584,1.2448840830490584
linear_regression,4,USM0_joint_pause_duration_seconds,-1.2165505323781267,1.2165505323781267
linear_regression,4,USM3_joint_base_revolute_q0_q2_mean_range,1.1987674275513622,1.1987674275513622
linear_regression,4,USM0_joint_distal_q5_q9_mean_range,-1.1882576504854696,1.1882576504854696
linear_regression,4,USM2_joint_mean_acceleration_l2,-1.17210034197611,1.17210034197611
linear_regression,4,USM0_joint_insertion_q3_path_l1,-1.1573907086429893,1.1573907086429893
linear_regression,4,USM2_pose_rel_idle_fraction_relative,-1.1471550139442148,1.1471550139442148
linear_regression,4,USM0_joint_tool_roll_q4_mean_abs_velocity,1.124589655026106,1.124589655026106
linear_regression,4,USM1_joint_pause_count,-1.1007124762219358,1.1007124762219358
linear_regression,4,USM2_pose_rel_rotation_orthogonality_error_max,-1.0881020570556377,1.0881020570556377
linear_regression,4,USM3_pose_rel_dimensionless_jerk,1.0791032577358377,1.0791032577358377
linear_regression,4,USM1_USM2_pose_rel_path_length_imbalance,1.0668249329453972,1.0668249329453972
linear_regression,4,USM0_joint_mean_joint_range,-1.0652178774161738,1.0652178774161738
linear_regression,4,USM2_joint_rms_speed_l2,1.0435354216434498,1.0435354216434498
linear_regression,4,USM1_USM3_pose_rel_simultaneous_active_fraction,-1.033035316068052,1.033035316068052
linear_regression,4,USM0_joint_base_revolute_q0_q2_mean_abs_velocity,-1.0171346999143713,1.0171346999143713
linear_regression,4,USM3_pose_rel_rms_speed_l2,1.0156577283822883,1.0156577283822883
linear_regression,4,USM2_pose_rel_jerk_cost,0.9997714446593488,0.9997714446593488
linear_regression,4,USM2_pose_rel_economy_volume,0.9848587233480269,0.9848587233480269
linear_regression,4,USM2_joint_insertion_q3_mean_abs_velocity,-0.977312569478322,0.977312569478322
linear_regression,4,USM1_USM2_pose_rel_simultaneous_active_fraction,-0.972666381162629,0.972666381162629
linear_regression,4,USM2_joint_mean_joint_range,0.9711022848296732,0.9711022848296732
linear_regression,4,USM1_joint_max_abs_joint_velocity,0.9669228607896581,0.9669228607896581
linear_regression,4,USM2_joint_max_jerk_l2,0.9472880004840608,0.9472880004840608
linear_regression,4,USM2_joint_idle_threshold_relative,-0.9407094378065352,0.9407094378065352
linear_regression,4,USM2_joint_movement_economy,-0.9312523605314855,0.9312523605314855
linear_regression,4,USM1_pose_rel_dimensionless_jerk,0.8859578182541994,0.8859578182541994
linear_regression,4,USM3_pose_rel_idle_threshold_relative,-0.8840882334167055,0.8840882334167055
linear_regression,4,USM3_pose_rel_mean_angular_speed_rad_s,-0.878947704407383,0.878947704407383
linear_regression,4,USM3_joint_insertion_q3_mean_range,-0.8686902873351509,0.8686902873351509
linear_regression,4,active_pair_one_arm_only_active_fraction,-0.8654571907215197,0.8654571907215197
linear_regression,4,USM2_pose_rel_max_jerk_l2,-0.8593759587928266,0.8593759587928266
linear_regression,4,USM1_pose_rel_mean_angular_speed_rad_s,-0.8544738322627188,0.8544738322627188
linear_regression,4,USM2_pose_rel_rotation_path_radians,0.8423071359568958,0.8423071359568958
linear_regression,4,USM2_joint_max_abs_joint_velocity,0.8087494718223116,0.8087494718223116
linear_regression,4,USM2_joint_mean_speed_l2,0.8041341231320875,0.8041341231320875
linear_regression,4,USM2_pose_rel_dimensionless_jerk,-0.7972838376102447,0.7972838376102447
linear_regression,4,USM3_joint_insertion_q3_path_l1,0.7925780191895925,0.7925780191895925
linear_regression,4,USM2_USM3_pose_rel_path_length_imbalance,0.7877507998099771,0.7877507998099771
linear_regression,4,USM3_joint_pause_duration_seconds,-0.7783247120105055,0.7783247120105055
linear_regression,4,USM0_joint_rms_speed_l2,0.7569620705853153,0.7569620705853153
linear_regression,4,USM1_pose_rel_active,-0.754308134502464,0.754308134502464
linear_regression,4,USM1_pose_rel_movement_economy,0.7540153335640756,0.7540153335640756
linear_regression,4,USM2_pose_rel_pause_count,-0.6960122653536098,0.6960122653536098
linear_regression,4,USM1_joint_mean_acceleration_l2,-0.693798459902554,0.693798459902554
linear_regression,4,all_psm_pose_rel_path_total,0.6644091358367692,0.6644091358367692
linear_regression,4,USM3_pose_rel_rotation_orthogonality_error_max,0.6611268888706747,0.6611268888706747
linear_regression,4,USM3_pose_rel_idle_fraction_relative,0.6443886877210906,0.6443886877210906
linear_regression,4,USM2_pose_rel_movement_economy,0.6334217709914277,0.6334217709914277
linear_regression,4,USM0_joint_tool_roll_q4_path_l1,0.6091727004815635,0.6091727004815635
linear_regression,4,USM3_pose_rel_rotation_path_radians,-0.5784391401781221,0.5784391401781221
linear_regression,4,USM3_joint_tool_roll_q4_path_l1,0.5774483261063829,0.5774483261063829
linear_regression,4,USM0_joint_max_acceleration_l2,0.5718796652579583,0.5718796652579583
linear_regression,4,USM2_USM3_pose_rel_std_distance_rel,-0.5689007633880947,0.5689007633880947
linear_regression,4,USM1_joint_mean_joint_range,0.5493924190339324,0.5493924190339324
linear_regression,4,USM2_pose_rel_net_displacement_l2,-0.5465509714851118,0.5465509714851118
linear_regression,4,active_pair_usm_b,-0.5346419430662547,0.5346419430662547
linear_regression,4,USM1_USM2_pose_rel_both_idle_fraction,0.5203598378088632,0.5203598378088632
linear_regression,4,active_pair_both_idle_fraction,-0.5040340408606041,0.5040340408606041
linear_regression,4,USM1_pose_rel_economy_area_xz,-0.5015479648251944,0.5015479648251944
linear_regression,4,USM3_pose_rel_max_abs_angular_acceleration_rad_s2,-0.47946842405230483,0.47946842405230483
linear_regression,4,USM3_pose_rel_economy_area_yz,-0.47588897111839046,0.47588897111839046
linear_regression,4,USM2_joint_pause_count,-0.45547330190432844,0.45547330190432844
linear_regression,4,USM0_joint_net_displacement_l2,0.439476614639127,0.439476614639127
linear_regression,4,USM2_joint_max_acceleration_l2,0.40667509042047767,0.40667509042047767
linear_regression,4,USM1_USM2_pose_rel_alignment_coverage,-0.40108722493740756,0.40108722493740756
linear_regression,4,USM3_pose_rel_pause_count,0.39775268430297217,0.39775268430297217
linear_regression,4,USM3_pose_rel_pause_fraction,0.3946581203131039,0.3946581203131039
linear_regression,4,USM2_USM3_pose_rel_speed_correlation,-0.39195155617434874,0.39195155617434874
linear_regression,4,USM3_joint_idle_fraction_relative,-0.3793828065025257,0.3793828065025257
linear_regression,4,USM1_USM3_pose_rel_min_distance_rel,0.33677612619141484,0.33677612619141484
linear_regression,4,USM2_pose_rel_max_angular_speed_rad_s,-0.32681261412912455,0.32681261412912455
linear_regression,4,USM0_joint_median_dt_seconds,0.3181325802878573,0.3181325802878573
linear_regression,4,USM2_joint_base_revolute_q0_q2_path_l1,-0.3169553503887396,0.3169553503887396
linear_regression,4,USM0_joint_max_speed_l2,-0.27070194389574725,0.27070194389574725
linear_regression,4,USM0_joint_max_jerk_l2,0.2706708865519206,0.2706708865519206
linear_regression,4,USM1_USM2_pose_rel_one_arm_only_active_fraction,-0.26208289420075026,0.26208289420075026
linear_regression,4,USM1_joint_net_displacement_l2,0.24451901464725168,0.24451901464725168
linear_regression,4,USM1_pose_rel_max_jerk_l2,0.22838971528478158,0.22838971528478158
linear_regression,4,USM1_pose_rel_economy_area_xy,0.21132809746357428,0.21132809746357428
linear_regression,4,USM1_USM3_pose_rel_path_length_imbalance,-0.21090115327461717,0.21090115327461717
linear_regression,4,USM2_pose_rel_mean_acceleration_l2,0.19631575706378301,0.19631575706378301
linear_regression,4,USM3_joint_pause_count,0.19304716873057026,0.19304716873057026
linear_regression,4,USM2_joint_tool_roll_q4_path_l1,-0.17713762244138165,0.17713762244138165
linear_regression,4,USM1_joint_distal_q5_q9_mean_range,0.15635210197643967,0.15635210197643967
linear_regression,4,USM3_joint_base_revolute_q0_q2_path_l1,0.15051194925103023,0.15051194925103023
linear_regression,4,USM2_pose_rel_z_range,0.14420234130312748,0.14420234130312748
linear_regression,4,USM3_pose_rel_net_displacement_l2,-0.13620176456362654,0.13620176456362654
linear_regression,4,USM2_pose_rel_mean_speed_l2,0.1165896830149673,0.1165896830149673
linear_regression,4,USM2_pose_rel_pause_duration_seconds,-0.1065295979266464,0.1065295979266464
linear_regression,4,USM0_joint_pause_count,0.08839964942078171,0.08839964942078171
linear_regression,4,USM1_USM2_pose_rel_std_distance_rel,-0.0878463994222819,0.0878463994222819
linear_regression,4,USM1_pose_rel_pause_count,-0.05982134428144503,0.05982134428144503
linear_regression,4,USM3_joint_distal_q5_q9_mean_range,0.059723627640238974,0.059723627640238974
linear_regression,4,active_pair_path_length_imbalance,-0.05666129248151247,0.05666129248151247
linear_regression,4,USM2_USM3_pose_rel_distance_range_rel,-0.04444409476190769,0.04444409476190769
linear_regression,4,USM1_pose_rel_economy_area_yz,-0.020854919200698818,0.020854919200698818
linear_regression,4,USM3_joint_mean_joint_range,0.015325162510842094,0.015325162510842094
linear_regression,4,USM0_joint_max_gap_seconds,-0.013142599274612365,0.013142599274612365
linear_regression,5,USM2_joint_max_speed_l2,-8.825391561401588,8.825391561401588
linear_regression,5,USM2_pose_rel_rotation_orthogonality_error_mean,8.390286054241452,8.390286054241452
linear_regression,5,USM3_pose_rel_max_angular_speed_rad_s,-7.220112032143535,7.220112032143535
linear_regression,5,USM1_USM3_pose_rel_simultaneous_active_fraction,-6.789515874769579,6.789515874769579
linear_regression,5,USM3_pose_rel_max_abs_angular_acceleration_rad_s2,6.7026896250508265,6.7026896250508265
linear_regression,5,USM2_joint_mean_speed_l2,5.9198054596661915,5.9198054596661915
linear_regression,5,USM2_pose_rel_rotation_determinant_mean,5.812653912052441,5.812653912052441
linear_regression,5,USM1_pose_rel_rms_speed_l2,5.7761653509670285,5.7761653509670285
linear_regression,5,USM2_pose_rel_max_angular_speed_rad_s,-5.517501505213764,5.517501505213764
linear_regression,5,USM1_USM3_pose_rel_min_distance_rel,-5.352530545547767,5.352530545547767
linear_regression,5,USM2_pose_rel_max_acceleration_l2,5.309505680732987,5.309505680732987
linear_regression,5,USM1_USM3_pose_rel_speed_correlation,-5.2621021662620135,5.2621021662620135
linear_regression,5,USM2_joint_idle_threshold_relative,-5.189622606308423,5.189622606308423
linear_regression,5,USM1_pose_rel_max_speed_l2,-5.0617060882025795,5.0617060882025795
linear_regression,5,USM2_pose_rel_rms_speed_l2,-4.892877020783953,4.892877020783953
linear_regression,5,USM2_joint_rms_speed_l2,4.769761689931315,4.769761689931315
linear_regression,5,USM1_USM3_pose_rel_mean_distance_rel,4.7317402571491955,4.7317402571491955
linear_regression,5,USM2_pose_rel_max_abs_angular_acceleration_rad_s2,4.685457642542119,4.685457642542119
linear_regression,5,USM1_pose_rel_max_acceleration_l2,-4.5577288896916945,4.5577288896916945
linear_regression,5,USM1_joint_base_revolute_q0_q2_mean_abs_velocity,4.438381634364589,4.438381634364589
linear_regression,5,USM1_pose_rel_max_angular_speed_rad_s,-4.422112827295006,4.422112827295006
linear_regression,5,USM2_pose_rel_idle_threshold_relative,-4.4141373913832,4.4141373913832
linear_regression,5,USM1_USM3_pose_rel_std_distance_rel,-4.309366323119096,4.309366323119096
linear_regression,5,USM1_USM3_pose_rel_distance_range_rel,4.236417238335621,4.236417238335621
linear_regression,5,USM2_joint_base_revolute_q0_q2_path_l1,-4.176919022012018,4.176919022012018
linear_regression,5,USM2_joint_base_revolute_q0_q2_mean_abs_velocity,4.10489212119476,4.10489212119476
linear_regression,5,USM1_USM2_pose_rel_path_length_imbalance,4.083302059052385,4.083302059052385
linear_regression,5,active_pair_usm_a,-4.0143529702955085,4.0143529702955085
linear_regression,5,USM2_pose_rel_mean_speed_l2,-3.9423235154385625,3.9423235154385625
linear_regression,5,USM1_USM2_pose_rel_mean_abs_relative_speed,-3.8726036824966292,3.8726036824966292
linear_regression,5,USM1_pose_rel_rotation_determinant_mean,3.8171100484789315,3.8171100484789315
linear_regression,5,USM0_joint_insertion_q3_path_l1,3.7299897907637005,3.7299897907637005
linear_regression,5,USM2_pose_rel_mean_abs_angular_acceleration_rad_s2,-3.679877103237285,3.679877103237285
linear_regression,5,USM2_pose_rel_economy_area_xy,-3.678193487547503,3.678193487547503
linear_regression,5,USM3_pose_rel_rotation_determinant_mean,-3.635003443573961,3.635003443573961
linear_regression,5,USM1_joint_tool_roll_q4_mean_abs_velocity,3.5141183936822005,3.5141183936822005
linear_regression,5,USM2_pose_rel_max_speed_l2,3.511622172475003,3.511622172475003
linear_regression,5,USM3_joint_insertion_q3_mean_abs_velocity,-3.4565525036323566,3.4565525036323566
linear_regression,5,USM1_pose_rel_mean_acceleration_l2,3.4418795698776576,3.4418795698776576
linear_regression,5,USM1_joint_pause_fraction,3.38871834057239,3.38871834057239
linear_regression,5,USM2_joint_pause_duration_seconds,3.309218623408283,3.309218623408283
linear_regression,5,USM1_pose_rel_idle_fraction_relative,3.221780665193262,3.221780665193262
linear_regression,5,USM2_joint_max_abs_joint_velocity,3.2131787712289173,3.2131787712289173
linear_regression,5,USM1_joint_distal_q5_q9_mean_range,3.2128321271281663,3.2128321271281663
linear_regression,5,USM1_pose_rel_jerk_cost,-3.2124221562059305,3.2124221562059305
linear_regression,5,USM2_joint_distal_q5_q9_mean_range,3.168485028493009,3.168485028493009
linear_regression,5,USM3_pose_rel_rotation_orthogonality_error_mean,-3.1434454583407847,3.1434454583407847
linear_regression,5,USM0_joint_mean_speed_l2,-3.06790506815332,3.06790506815332
linear_regression,5,USM0_joint_rms_speed_l2,3.0441926597464612,3.0441926597464612
linear_regression,5,USM2_pose_rel_economy_area_xz,3.014784958542445,3.014784958542445
linear_regression,5,USM1_USM3_pose_rel_both_idle_fraction,3.0126753577345617,3.0126753577345617
linear_regression,5,USM1_joint_max_abs_joint_velocity,2.9890464584983443,2.9890464584983443
linear_regression,5,USM2_joint_pause_count,-2.965790897088931,2.965790897088931
linear_regression,5,USM1_pose_rel_pause_duration_seconds,-2.9623226958014506,2.9623226958014506
linear_regression,5,USM2_pose_rel_workspace_box_volume,2.886673830092852,2.886673830092852
linear_regression,5,USM1_pose_rel_active,2.8816539075680083,2.8816539075680083
linear_regression,5,USM3_pose_rel_pause_count,-2.870271193721084,2.870271193721084
linear_regression,5,USM3_pose_rel_max_acceleration_l2,-2.8689106836533207,2.8689106836533207
linear_regression,5,USM3_pose_rel_rotation_orthogonality_error_max,-2.857276277728732,2.857276277728732
linear_regression,5,USM1_joint_max_acceleration_l2,2.852080918606197,2.852080918606197
linear_regression,5,USM2_joint_jerk_cost,-2.843426961310821,2.843426961310821
linear_regression,5,USM0_joint_raw_path_l2,2.8429813330510516,2.8429813330510516
linear_regression,5,USM1_pose_rel_rotation_orthogonality_error_max,2.809643601984883,2.809643601984883
linear_regression,5,USM3_joint_base_revolute_q0_q2_mean_range,2.7761853997798718,2.7761853997798718
linear_regression,5,USM3_pose_rel_economy_volume,-2.7409395609572957,2.7409395609572957
linear_regression,5,USM3_pose_rel_jerk_cost,2.706880160597768,2.706880160597768
linear_regression,5,USM3_pose_rel_workspace_box_volume,-2.705655166612962,2.705655166612962
linear_regression,5,USM2_pose_rel_mean_angular_speed_rad_s,2.7033945075647403,2.7033945075647403
linear_regression,5,USM1_pose_rel_log_dimensionless_jerk,2.6971946362660537,2.6971946362660537
linear_regression,5,USM2_pose_rel_max_jerk_l2,-2.684553724749759,2.684553724749759
linear_regression,5,USM3_joint_mean_speed_l2,-2.615707070982572,2.615707070982572
linear_regression,5,USM3_joint_tool_roll_q4_path_l1,2.601676229266688,2.601676229266688
linear_regression,5,USM1_pose_rel_x_range,2.5624410091533383,2.5624410091533383
linear_regression,5,USM2_joint_raw_path_l2,-2.5380304052402973,2.5380304052402973
linear_regression,5,all_usm_joint_path_l1_total,-2.518858304591735,2.518858304591735
linear_regression,5,USM2_joint_idle_fraction_relative,2.513462630168408,2.513462630168408
linear_regression,5,USM2_pose_rel_y_range,-2.496636083323549,2.496636083323549
linear_regression,5,USM3_joint_insertion_q3_mean_range,2.494987332107242,2.494987332107242
linear_regression,5,USM3_joint_idle_fraction_relative,-2.4751508211101183,2.4751508211101183
linear_regression,5,USM1_pose_rel_economy_area_yz,2.4639343156434275,2.4639343156434275
linear_regression,5,USM1_joint_max_joint_range,-2.4131315756492677,2.4131315756492677
linear_regression,5,USM0_joint_insertion_q3_mean_abs_velocity,-2.4038814033936795,2.4038814033936795
linear_regression,5,USM3_joint_max_speed_l2,2.387897453118748,2.387897453118748
linear_regression,5,USM2_pose_rel_rotation_path_radians,2.3829453946549135,2.3829453946549135
linear_regression,5,USM1_joint_idle_fraction_relative,-2.3804776584355816,2.3804776584355816
linear_regression,5,USM1_joint_tool_roll_q4_path_l1,-2.327771714066422,2.327771714066422
linear_regression,5,USM3_pose_rel_mean_speed_l2,2.3260240012417674,2.3260240012417674
linear_regression,5,USM1_joint_insertion_q3_mean_abs_velocity,2.313191635048934,2.313191635048934
linear_regression,5,USM0_joint_base_revolute_q0_q2_mean_abs_velocity,2.2676041708101047,2.2676041708101047
linear_regression,5,USM1_pose_rel_economy_area_xy,2.25280857804435,2.25280857804435
linear_regression,5,USM2_joint_pause_fraction,-2.250345990802729,2.250345990802729
linear_regression,5,USM1_joint_pause_duration_seconds,-2.2325518449628907,2.2325518449628907
linear_regression,5,USM1_pose_rel_movement_economy,-2.2066921582336922,2.2066921582336922
linear_regression,5,USM1_USM3_pose_rel_max_distance_rel,-2.20343811155468,2.20343811155468
linear_regression,5,USM1_pose_rel_max_abs_angular_acceleration_rad_s2,-2.1982011601403593,2.1982011601403593
linear_regression,5,USM1_joint_mean_joint_range,2.147624912850811,2.147624912850811
linear_regression,5,USM0_joint_pause_count,2.138622161831262,2.138622161831262
linear_regression,5,USM2_pose_rel_net_displacement_l2,-2.1188707659301054,2.1188707659301054
linear_regression,5,USM1_pose_rel_raw_path_l2,-2.1112267159489706,2.1112267159489706
linear_regression,5,USM2_pose_rel_pause_count,2.1096230811366627,2.1096230811366627
linear_regression,5,USM3_joint_net_displacement_l2,2.0801669580889897,2.0801669580889897
linear_regression,5,USM2_pose_rel_economy_volume,-2.0648550027674584,2.0648550027674584
linear_regression,5,active_pair_usm_b,2.046440688562957,2.046440688562957
linear_regression,5,USM0_joint_jerk_cost,-1.9778872029051984,1.9778872029051984
linear_regression,5,USM3_pose_rel_z_range,-1.9710136544564731,1.9710136544564731
linear_regression,5,USM0_joint_tool_roll_q4_mean_range,1.9529818645849166,1.9529818645849166
linear_regression,5,USM0_joint_max_joint_range,-1.9133531847892533,1.9133531847892533
linear_regression,5,USM3_joint_raw_path_l2,1.8955222291535527,1.8955222291535527
linear_regression,5,USM1_pose_rel_economy_area_xz,-1.8832307142397195,1.8832307142397195
linear_regression,5,USM3_joint_jerk_cost,1.8724997511266228,1.8724997511266228
linear_regression,5,active_pair_path_length_imbalance,-1.8689950564256714,1.8689950564256714
linear_regression,5,USM1_pose_rel_mean_angular_speed_rad_s,1.8558355889675804,1.8558355889675804
linear_regression,5,USM0_joint_tool_roll_q4_path_l1,-1.852975045714236,1.852975045714236
linear_regression,5,USM1_joint_base_revolute_q0_q2_path_l1,1.8494932083036941,1.8494932083036941
linear_regression,5,USM1_pose_rel_pause_count,1.8135970995290696,1.8135970995290696
linear_regression,5,USM1_joint_jerk_cost,-1.810525574933671,1.810525574933671
linear_regression,5,USM3_pose_rel_log_dimensionless_jerk,1.790460087431846,1.790460087431846
linear_regression,5,USM3_joint_tool_roll_q4_mean_abs_velocity,-1.7877322978896988,1.7877322978896988
linear_regression,5,USM3_pose_rel_idle_threshold_relative,1.7875490399398448,1.7875490399398448
linear_regression,5,USM1_joint_distal_q5_q9_path_l1,-1.775803721661157,1.775803721661157
linear_regression,5,USM1_joint_max_speed_l2,1.763916189730567,1.763916189730567
linear_regression,5,USM0_joint_mean_acceleration_l2,-1.7461666656432326,1.7461666656432326
linear_regression,5,USM2_joint_insertion_q3_path_l1,1.7129486838501107,1.7129486838501107
linear_regression,5,USM2_pose_rel_pause_fraction,1.6960447471587619,1.6960447471587619
linear_regression,5,USM1_joint_raw_path_l2,-1.6460110517326367,1.6460110517326367
linear_regression,5,USM1_USM3_pose_rel_path_length_imbalance,-1.636267450863521,1.636267450863521
linear_regression,5,USM2_pose_rel_raw_path_l2,-1.6330743172509026,1.6330743172509026
linear_regression,5,USM3_pose_rel_net_displacement_l2,-1.631548759999155,1.631548759999155
linear_regression,5,USM3_joint_pause_count,1.617051068295932,1.617051068295932
linear_regression,5,USM3_pose_rel_idle_fraction_relative,-1.6009921799198934,1.6009921799198934
linear_regression,5,USM2_pose_rel_x_range,-1.5655657987651512,1.5655657987651512
linear_regression,5,USM1_USM2_pose_rel_one_arm_only_active_fraction,-1.5307025321972167,1.5307025321972167
linear_regression,5,USM2_USM3_pose_rel_speed_correlation,-1.5229969271668709,1.5229969271668709
linear_regression,5,USM0_joint_movement_economy,-1.5040102678410614,1.5040102678410614
linear_regression,5,USM1_USM2_pose_rel_both_idle_fraction,1.434938060723503,1.434938060723503
linear_regression,5,USM2_joint_net_displacement_l2,-1.4054431324039407,1.4054431324039407
linear_regression,5,USM2_USM3_pose_rel_mean_distance_rel,1.4054337580087175,1.4054337580087175
linear_regression,5,USM1_joint_rms_speed_l2,1.4015915396683067,1.4015915396683067
linear_regression,5,USM0_joint_max_acceleration_l2,1.3949770073772154,1.3949770073772154
linear_regression,5,USM2_joint_tool_roll_q4_mean_abs_velocity,-1.3831091013905925,1.3831091013905925
linear_regression,5,USM3_pose_rel_pause_duration_seconds,1.3712361097989973,1.3712361097989973
linear_regression,5,USM2_pose_rel_rotation_orthogonality_error_max,-1.3707321127776444,1.3707321127776444
linear_regression,5,USM1_pose_rel_rotation_orthogonality_error_mean,1.3592283391275375,1.3592283391275375
linear_regression,5,USM1_joint_net_displacement_l2,1.352314870186656,1.352314870186656
linear_regression,5,USM2_pose_rel_movement_economy,1.3501132562546518,1.3501132562546518
linear_regression,5,USM3_joint_movement_economy,-1.3360548816667177,1.3360548816667177
linear_regression,5,USM2_joint_insertion_q3_mean_abs_velocity,1.327133279499385,1.327133279499385
linear_regression,5,USM2_joint_tool_roll_q4_path_l1,1.3169069477615778,1.3169069477615778
linear_regression,5,USM3_pose_rel_dimensionless_jerk,1.282725467451479,1.282725467451479
linear_regression,5,USM0_joint_base_revolute_q0_q2_path_l1,1.2822014954882293,1.2822014954882293
linear_regression,5,USM1_USM2_pose_rel_mean_distance_rel,1.2802372473787573,1.2802372473787573
linear_regression,5,active_pair_both_idle_fraction,-1.274040186721713,1.274040186721713
linear_regression,5,USM1_pose_rel_mean_abs_angular_acceleration_rad_s2,-1.262009921601408,1.262009921601408
linear_regression,5,USM2_joint_insertion_q3_mean_range,1.2557927834275027,1.2557927834275027
linear_regression,5,USM1_pose_rel_dimensionless_jerk,1.248096562640677,1.248096562640677
linear_regression,5,USM3_pose_rel_rotation_path_radians,1.2078323336194294,1.2078323336194294
linear_regression,5,USM1_USM2_pose_rel_alignment_coverage,-1.2002025361062305,1.2002025361062305
linear_regression,5,USM3_joint_base_revolute_q0_q2_mean_abs_velocity,-1.1951270178382998,1.1951270178382998
linear_regression,5,USM0_joint_max_speed_l2,-1.1700775400942696,1.1700775400942696
linear_regression,5,active_pair_mean_distance_rel,1.1563796074367805,1.1563796074367805
linear_regression,5,USM2_pose_rel_z_range,1.1493700093277197,1.1493700093277197
linear_regression,5,USM3_pose_rel_y_range,1.1403416528941477,1.1403416528941477
linear_regression,5,duration_seconds,1.1398400980567465,1.1398400980567465
linear_regression,5,USM2_joint_max_joint_range,1.1302201971632442,1.1302201971632442
linear_regression,5,USM3_joint_distal_q5_q9_mean_range,1.1116819986619004,1.1116819986619004
linear_regression,5,USM1_pose_rel_mean_speed_l2,-1.100042689965713,1.100042689965713
linear_regression,5,USM1_joint_mean_acceleration_l2,-1.0983280923402063,1.0983280923402063
linear_regression,5,USM3_pose_rel_movement_economy,1.0577914323631266,1.0577914323631266
linear_regression,5,USM2_USM3_pose_rel_path_length_imbalance,1.0507322031223205,1.0507322031223205
linear_regression,5,USM3_pose_rel_mean_abs_angular_acceleration_rad_s2,1.0434934502056594,1.0434934502056594
linear_regression,5,USM2_joint_max_jerk_l2,1.041341966227518,1.041341966227518
linear_regression,5,USM1_USM2_pose_rel_max_distance_rel,-1.034188864182985,1.034188864182985
linear_regression,5,USM2_USM3_pose_rel_min_distance_rel,1.0298802089437396,1.0298802089437396
linear_regression,5,USM3_pose_rel_pause_fraction,1.0293117880683074,1.0293117880683074
linear_regression,5,USM0_joint_tool_roll_q4_mean_abs_velocity,1.0211657653560349,1.0211657653560349
linear_regression,5,USM3_pose_rel_x_range,-0.985077153720777,0.985077153720777
linear_regression,5,USM3_joint_mean_joint_range,0.9702205705264927,0.9702205705264927
linear_regression,5,USM2_joint_max_acceleration_l2,0.9538797789981089,0.9538797789981089
linear_regression,5,USM1_USM2_pose_rel_speed_correlation,-0.9423811369865471,0.9423811369865471
linear_regression,5,all_psm_pose_rel_path_total,-0.9220766259488044,0.9220766259488044
linear_regression,5,active_pair_simultaneous_active_fraction,0.9178610075563961,0.9178610075563961
linear_regression,5,USM1_USM2_pose_rel_min_distance_rel,-0.8898805281160275,0.8898805281160275
linear_regression,5,active_pair_speed_correlation,-0.8863686737341788,0.8863686737341788
linear_regression,5,USM0_joint_max_gap_seconds,-0.8821859222169974,0.8821859222169974
linear_regression,5,USM3_joint_max_acceleration_l2,-0.8519216350173371,0.8519216350173371
linear_regression,5,USM3_pose_rel_mean_angular_speed_rad_s,-0.8475600304073667,0.8475600304073667
linear_regression,5,USM1_pose_rel_idle_threshold_relative,-0.8381209464339999,0.8381209464339999
linear_regression,5,USM0_joint_insertion_q3_mean_range,-0.8361283753981984,0.8361283753981984
linear_regression,5,USM0_joint_max_jerk_l2,0.830642922984526,0.830642922984526
linear_regression,5,USM1_joint_pause_count,-0.8266602426595975,0.8266602426595975
linear_regression,5,USM2_pose_rel_economy_area_yz,-0.8243681219879185,0.8243681219879185
linear_regression,5,USM2_pose_rel_idle_fraction_relative,0.8234206722567443,0.8234206722567443
linear_regression,5,USM0_joint_pause_duration_seconds,-0.8094744392873868,0.8094744392873868
linear_regression,5,USM2_USM3_pose_rel_simultaneous_active_fraction,0.8092539646797179,0.8092539646797179
linear_regression,5,active_pair_min_distance_rel,0.7887871880930775,0.7887871880930775
linear_regression,5,USM0_joint_base_revolute_q0_q2_mean_range,-0.7817070058005401,0.7817070058005401
linear_regression,5,USM2_USM3_pose_rel_distance_range_rel,0.7509728460191624,0.7509728460191624
linear_regression,5,USM3_joint_pause_duration_seconds,0.7375736881945403,0.7375736881945403
linear_regression,5,USM0_joint_mean_joint_range,0.730141543843143,0.730141543843143
linear_regression,5,USM2_joint_mean_acceleration_l2,-0.7116772055453914,0.7116772055453914
linear_regression,5,USM3_joint_base_revolute_q0_q2_path_l1,0.6646129084708805,0.6646129084708805
linear_regression,5,USM1_pose_rel_net_displacement_l2,0.6325967631948848,0.6325967631948848
linear_regression,5,active_pair_one_arm_only_active_fraction,0.6022785286540725,0.6022785286540725
linear_regression,5,USM2_USM3_pose_rel_both_idle_fraction,-0.6016442100619581,0.6016442100619581
linear_regression,5,USM1_USM3_pose_rel_one_arm_only_active_fraction,0.6012970697148505,0.6012970697148505
linear_regression,5,USM3_pose_rel_max_speed_l2,-0.59720851650193,0.59720851650193
linear_regression,5,USM0_joint_idle_fraction_relative,-0.5863629198782251,0.5863629198782251
linear_regression,5,USM1_pose_rel_z_range,-0.5853801249179773,0.5853801249179773
linear_regression,5,USM2_joint_mean_joint_range,-0.5506908638750252,0.5506908638750252
linear_regression,5,USM3_pose_rel_economy_area_yz,-0.5504853907919093,0.5504853907919093
linear_regression,5,USM1_joint_mean_speed_l2,-0.5396312718387577,0.5396312718387577
linear_regression,5,active_pair_path_length_a_rel,-0.5330680630851399,0.5330680630851399
linear_regression,5,USM2_joint_base_revolute_q0_q2_mean_range,0.5115700251843287,0.5115700251843287
linear_regression,5,USM2_USM3_pose_rel_std_distance_rel,0.5067381400785994,0.5067381400785994
linear_regression,5,USM1_joint_max_jerk_l2,-0.4523885612386769,0.4523885612386769
linear_regression,5,USM2_pose_rel_dimensionless_jerk,0.45167549708684424,0.45167549708684424
linear_regression,5,USM2_pose_rel_jerk_cost,0.43857752350564966,0.43857752350564966
linear_regression,5,USM1_joint_movement_economy,0.42577088084430603,0.42577088084430603
linear_regression,5,USM3_pose_rel_raw_path_l2,-0.40453744928911406,0.40453744928911406
linear_regression,5,USM3_joint_max_joint_range,-0.4039608673207061,0.4039608673207061
linear_regression,5,USM0_joint_net_displacement_l2,-0.402952179949796,0.402952179949796
linear_regression,5,USM2_pose_rel_mean_acceleration_l2,-0.3873590769069284,0.3873590769069284
linear_regression,5,USM1_pose_rel_y_range,0.38037061063087263,0.38037061063087263
linear_regression,5,USM3_pose_rel_rms_speed_l2,-0.35894318719132096,0.35894318719132096
linear_regression,5,USM0_joint_idle_threshold_relative,0.3388223635803882,0.3388223635803882
linear_regression,5,USM1_pose_rel_economy_volume,-0.33323077015610836,0.33323077015610836
linear_regression,5,USM1_pose_rel_rotation_path_radians,-0.28791678461925346,0.28791678461925346
linear_regression,5,USM1_USM2_pose_rel_simultaneous_active_fraction,0.26340174628596635,0.26340174628596635
linear_regression,5,USM1_pose_rel_pause_fraction,-0.2570534911139457,0.2570534911139457
linear_regression,5,USM1_joint_insertion_q3_mean_range,0.23900376506045862,0.23900376506045862
linear_regression,5,USM3_pose_rel_economy_area_xy,-0.23817272092874936,0.23817272092874936
linear_regression,5,USM2_pose_rel_log_dimensionless_jerk,-0.21944476575034547,0.21944476575034547
linear_regression,5,USM1_USM2_pose_rel_distance_range_rel,0.21233794123021693,0.21233794123021693
linear_regression,5,USM1_pose_rel_workspace_box_volume,0.1918506290459424,0.1918506290459424
linear_regression,5,USM3_pose_rel_economy_area_xz,0.1803683647944478,0.1803683647944478
linear_regression,5,USM2_joint_movement_economy,0.15430702356171527,0.15430702356171527
linear_regression,5,USM1_joint_base_revolute_q0_q2_mean_range,0.15173612976822848,0.15173612976822848
linear_regression,5,USM1_USM2_pose_rel_std_distance_rel,-0.13984768148386384,0.13984768148386384
linear_regression,5,USM2_pose_rel_pause_duration_seconds,0.0911834370440171,0.0911834370440171
linear_regression,5,USM3_joint_insertion_q3_path_l1,-0.09087904367018115,0.09087904367018115
linear_regression,5,USM0_joint_median_dt_seconds,-0.06676727793656823,0.06676727793656823
linear_regression,5,USM2_joint_mean_abs_joint_velocity,0.06171556296417752,0.06171556296417752
linear_regression,5,USM1_joint_insertion_q3_path_l1,-0.028425026048184032,0.028425026048184032
linear_regression,5,USM0_joint_distal_q5_q9_mean_range,-0.0029473388341081375,0.0029473388341081375
linear_regression,5,USM2_USM3_pose_rel_one_arm_only_active_fraction,-0.0020585101605374856,0.0020585101605374856
ridge,1,USM0_joint_insertion_q3_mean_range,-0.36565758011647675,0.36565758011647675
ridge,1,USM0_joint_tool_roll_q4_mean_abs_velocity,0.3139008848028398,0.3139008848028398
ridge,1,USM1_pose_rel_pause_count,0.2882569295860166,0.2882569295860166
ridge,1,USM0_joint_base_revolute_q0_q2_mean_abs_velocity,0.2701849744823975,0.2701849744823975
ridge,1,USM3_pose_rel_economy_area_xz,0.26907897864076935,0.26907897864076935
ridge,1,USM2_joint_base_revolute_q0_q2_mean_abs_velocity,0.2477482672456851,0.2477482672456851
ridge,1,USM2_pose_rel_pause_fraction,-0.2296922011721996,0.2296922011721996
ridge,1,USM1_pose_rel_y_range,0.21548473981978183,0.21548473981978183
ridge,1,USM2_joint_distal_q5_q9_mean_range,0.21321672841123554,0.21321672841123554
ridge,1,USM0_joint_movement_economy,0.21103922628312471,0.21103922628312471
ridge,1,USM2_pose_rel_mean_angular_speed_rad_s,0.20853414682625587,0.20853414682625587
ridge,1,USM1_USM2_pose_rel_simultaneous_active_fraction,0.20754878308744404,0.20754878308744404
ridge,1,active_pair_speed_correlation,0.20658389594267856,0.20658389594267856
ridge,1,USM2_pose_rel_z_range,0.1999254528927245,0.1999254528927245
ridge,1,USM2_pose_rel_idle_fraction_relative,-0.1982701048816834,0.1982701048816834
ridge,1,USM1_pose_rel_rms_speed_l2,0.19591046148554622,0.19591046148554622
ridge,1,USM2_pose_rel_y_range,-0.1888319166561554,0.1888319166561554
ridge,1,USM2_pose_rel_max_acceleration_l2,0.1844653293736204,0.1844653293736204
ridge,1,USM1_joint_movement_economy,-0.17662591158642088,0.17662591158642088
ridge,1,USM0_joint_idle_threshold_relative,-0.1761412895166623,0.1761412895166623
ridge,1,USM1_USM2_pose_rel_min_distance_rel,-0.17308957575337178,0.17308957575337178
ridge,1,USM2_pose_rel_max_speed_l2,0.16925988370711084,0.16925988370711084
ridge,1,USM2_joint_net_displacement_l2,-0.16775812720173278,0.16775812720173278
ridge,1,USM0_joint_tool_roll_q4_path_l1,0.16730188268869364,0.16730188268869364
ridge,1,USM2_joint_pause_count,-0.1644081837945261,0.1644081837945261
ridge,1,USM2_joint_insertion_q3_mean_abs_velocity,0.16401324051741825,0.16401324051741825
ridge,1,USM1_USM3_pose_rel_one_arm_only_active_fraction,-0.1639319642980803,0.1639319642980803
ridge,1,USM3_joint_idle_fraction_relative,-0.1592072267322549,0.1592072267322549
ridge,1,USM1_USM3_pose_rel_path_length_imbalance,0.15812251546983674,0.15812251546983674
ridge,1,USM1_pose_rel_economy_area_yz,0.15745453317188843,0.15745453317188843
ridge,1,USM2_USM3_pose_rel_mean_distance_rel,0.1572216751906965,0.1572216751906965
ridge,1,USM1_USM3_pose_rel_both_idle_fraction,0.15720849162535247,0.15720849162535247
ridge,1,USM1_USM2_pose_rel_std_distance_rel,-0.15630772056955067,0.15630772056955067
ridge,1,USM2_USM3_pose_rel_speed_correlation,0.1552317217936017,0.1552317217936017
ridge,1,active_pair_mean_distance_rel,0.15159656270713584,0.15159656270713584
ridge,1,USM1_USM2_pose_rel_max_distance_rel,-0.15000620249618724,0.15000620249618724
ridge,1,USM3_joint_pause_duration_seconds,-0.1453415221239801,0.1453415221239801
ridge,1,USM0_joint_base_revolute_q0_q2_path_l1,0.14430452001611038,0.14430452001611038
ridge,1,USM3_pose_rel_pause_duration_seconds,0.14335166706641972,0.14335166706641972
ridge,1,USM1_joint_net_displacement_l2,-0.14318722218726115,0.14318722218726115
ridge,1,USM3_pose_rel_pause_count,-0.14307998125455865,0.14307998125455865
ridge,1,USM2_joint_max_abs_joint_velocity,-0.14037608338037985,0.14037608338037985
ridge,1,USM1_pose_rel_idle_fraction_relative,0.13927936246797326,0.13927936246797326
ridge,1,USM1_pose_rel_economy_volume,0.13907665115480894,0.13907665115480894
ridge,1,USM1_pose_rel_economy_area_xz,0.13748744572263416,0.13748744572263416
ridge,1,USM2_USM3_pose_rel_path_length_imbalance,-0.1369458870067282,0.1369458870067282
ridge,1,USM2_joint_idle_fraction_relative,-0.13600654549005348,0.13600654549005348
ridge,1,USM2_joint_mean_joint_range,0.13446395077624032,0.13446395077624032
ridge,1,USM1_USM3_pose_rel_distance_range_rel,0.13373556545846377,0.13373556545846377
ridge,1,USM1_pose_rel_pause_fraction,0.13060065333934046,0.13060065333934046
ridge,1,USM3_pose_rel_log_dimensionless_jerk,0.13014909972754476,0.13014909972754476
ridge,1,USM1_joint_insertion_q3_mean_abs_velocity,0.12946140595624836,0.12946140595624836
ridge,1,USM1_USM2_pose_rel_mean_abs_relative_speed,0.12834593582790826,0.12834593582790826
ridge,1,USM1_pose_rel_rotation_orthogonality_error_max,0.12725320043299765,0.12725320043299765
ridge,1,USM1_USM2_pose_rel_alignment_coverage,0.12696496543592978,0.12696496543592978
ridge,1,USM2_pose_rel_pause_count,-0.12647571966576196,0.12647571966576196
ridge,1,USM0_joint_base_revolute_q0_q2_mean_range,0.1262513457959092,0.1262513457959092
ridge,1,USM0_joint_mean_acceleration_l2,-0.12368947007707348,0.12368947007707348
ridge,1,USM2_pose_rel_log_dimensionless_jerk,0.12153416993130112,0.12153416993130112
ridge,1,USM1_USM3_pose_rel_min_distance_rel,-0.12024392038207382,0.12024392038207382
ridge,1,USM1_pose_rel_log_dimensionless_jerk,0.11935942867833892,0.11935942867833892
ridge,1,USM3_pose_rel_dimensionless_jerk,-0.11921033656473057,0.11921033656473057
ridge,1,USM2_pose_rel_pause_duration_seconds,-0.1191587727608891,0.1191587727608891
ridge,1,USM2_pose_rel_max_jerk_l2,0.1176153483446918,0.1176153483446918
ridge,1,USM3_pose_rel_workspace_box_volume,-0.11745020783115037,0.11745020783115037
ridge,1,USM2_pose_rel_rms_speed_l2,0.11622529680700988,0.11622529680700988
ridge,1,USM1_pose_rel_mean_speed_l2,0.11271788649576235,0.11271788649576235
ridge,1,USM1_USM3_pose_rel_speed_correlation,-0.10910593582494774,0.10910593582494774
ridge,1,USM0_joint_rms_speed_l2,-0.1040767772033947,0.1040767772033947
ridge,1,USM0_joint_mean_speed_l2,-0.10365524218513497,0.10365524218513497
ridge,1,USM1_pose_rel_rotation_orthogonality_error_mean,0.10297223880900565,0.10297223880900565
ridge,1,USM2_pose_rel_mean_speed_l2,0.10263970278278019,0.10263970278278019
ridge,1,active_pair_path_length_imbalance,-0.10248094592347363,0.10248094592347363
ridge,1,USM0_joint_pause_duration_seconds,-0.09919112174969495,0.09919112174969495
ridge,1,USM3_joint_insertion_q3_mean_abs_velocity,0.09918641963522476,0.09918641963522476
ridge,1,USM2_joint_tool_roll_q4_mean_abs_velocity,0.09907226404571423,0.09907226404571423
ridge,1,USM2_pose_rel_x_range,-0.097703878596826,0.097703878596826
ridge,1,USM2_pose_rel_idle_threshold_relative,0.0976741227632993,0.0976741227632993
ridge,1,USM1_joint_max_jerk_l2,-0.0966154479492572,0.0966154479492572
ridge,1,USM3_pose_rel_jerk_cost,-0.09572962953080788,0.09572962953080788
ridge,1,USM0_joint_max_joint_range,-0.09482357024191244,0.09482357024191244
ridge,1,USM2_joint_base_revolute_q0_q2_mean_range,0.09440943003602098,0.09440943003602098
ridge,1,USM3_pose_rel_pause_fraction,0.09362573815275974,0.09362573815275974
ridge,1,USM1_joint_base_revolute_q0_q2_mean_abs_velocity,0.09355443775195671,0.09355443775195671
ridge,1,active_pair_usm_a,0.09254481435494392,0.09254481435494392
ridge,1,USM2_pose_rel_rotation_orthogonality_error_mean,0.09232583189735183,0.09232583189735183
ridge,1,USM2_USM3_pose_rel_one_arm_only_active_fraction,0.09208242761816277,0.09208242761816277
ridge,1,USM2_pose_rel_workspace_box_volume,-0.09204216387383748,0.09204216387383748
ridge,1,USM3_pose_rel_rotation_orthogonality_error_mean,-0.09172873971985587,0.09172873971985587
ridge,1,USM0_joint_max_speed_l2,0.09105641072743378,0.09105641072743378
ridge,1,USM3_pose_rel_movement_economy,-0.09082846407517335,0.09082846407517335
ridge,1,USM0_joint_tool_roll_q4_mean_range,-0.09061796043821313,0.09061796043821313
ridge,1,USM1_pose_rel_movement_economy,-0.08743385843122947,0.08743385843122947
ridge,1,USM1_joint_tool_roll_q4_mean_abs_velocity,-0.0869273966024855,0.0869273966024855
ridge,1,USM0_joint_insertion_q3_path_l1,-0.08629777820583454,0.08629777820583454
ridge,1,USM2_joint_pause_duration_seconds,-0.08617069855065648,0.08617069855065648
ridge,1,USM1_USM2_pose_rel_distance_range_rel,0.08568165486679333,0.08568165486679333
ridge,1,USM3_pose_rel_z_range,0.08427215412168079,0.08427215412168079
ridge,1,USM2_joint_pause_fraction,-0.08416742057015628,0.08416742057015628
ridge,1,USM3_pose_rel_economy_volume,0.08402209531767722,0.08402209531767722
ridge,1,USM1_USM2_pose_rel_speed_correlation,-0.08319941958983544,0.08319941958983544
ridge,1,USM3_joint_mean_speed_l2,0.08241808644057705,0.08241808644057705
ridge,1,USM1_joint_insertion_q3_mean_range,0.07917588713297519,0.07917588713297519
ridge,1,USM2_joint_raw_path_l2,-0.07819825460136946,0.07819825460136946
ridge,1,USM1_pose_rel_economy_area_xy,0.07711322773673064,0.07711322773673064
ridge,1,USM3_joint_tool_roll_q4_mean_abs_velocity,0.07651295417487378,0.07651295417487378
ridge,1,duration_seconds,-0.07596156160469349,0.07596156160469349
ridge,1,USM0_joint_net_displacement_l2,0.07564298073593181,0.07564298073593181
ridge,1,USM1_pose_rel_dimensionless_jerk,0.07523334883467091,0.07523334883467091
ridge,1,USM0_joint_idle_fraction_relative,-0.07521990189397357,0.07521990189397357
ridge,1,USM0_joint_insertion_q3_mean_abs_velocity,0.07516946596834198,0.07516946596834198
ridge,1,USM1_pose_rel_mean_acceleration_l2,0.07496609076663385,0.07496609076663385
ridge,1,USM2_USM3_pose_rel_simultaneous_active_fraction,-0.07453673617651305,0.07453673617651305
ridge,1,USM3_pose_rel_idle_fraction_relative,0.07330961940602293,0.07330961940602293
ridge,1,USM1_joint_base_revolute_q0_q2_mean_range,-0.07231991522032813,0.07231991522032813
ridge,1,USM1_USM3_pose_rel_mean_distance_rel,-0.07229616405930817,0.07229616405930817
ridge,1,USM2_joint_mean_acceleration_l2,-0.07054171135724606,0.07054171135724606
ridge,1,USM1_pose_rel_pause_duration_seconds,-0.07040101033036636,0.07040101033036636
ridge,1,USM1_joint_tool_roll_q4_path_l1,-0.07039379453364884,0.07039379453364884
ridge,1,USM2_joint_idle_threshold_relative,-0.07035979412634868,0.07035979412634868
ridge,1,USM3_joint_max_acceleration_l2,0.07031403936319267,0.07031403936319267
ridge,1,USM2_USM3_pose_rel_distance_range_rel,-0.07031185643397075,0.07031185643397075
ridge,1,USM3_joint_insertion_q3_path_l1,0.06725044352499113,0.06725044352499113
ridge,1,USM3_joint_movement_economy,-0.06690155041086358,0.06690155041086358
ridge,1,USM3_pose_rel_max_speed_l2,-0.06674727690893144,0.06674727690893144
ridge,1,USM2_pose_rel_rotation_path_radians,0.06617954726464788,0.06617954726464788
ridge,1,USM1_joint_max_acceleration_l2,-0.06535547566177292,0.06535547566177292
ridge,1,USM2_joint_insertion_q3_path_l1,-0.06424037255590499,0.06424037255590499
ridge,1,USM0_joint_max_acceleration_l2,-0.06422659211239723,0.06422659211239723
ridge,1,USM1_joint_pause_count,-0.06367680359392901,0.06367680359392901
ridge,1,USM1_pose_rel_x_range,0.0633120042193211,0.0633120042193211
ridge,1,active_pair_usm_b,0.06297226662318525,0.06297226662318525
ridge,1,USM1_joint_pause_fraction,0.061439053612740116,0.061439053612740116
ridge,1,USM1_joint_max_speed_l2,-0.061356076266270154,0.061356076266270154
ridge,1,USM3_pose_rel_max_abs_angular_acceleration_rad_s2,-0.060721416245240564,0.060721416245240564
ridge,1,USM3_pose_rel_economy_area_xy,0.060101998591390315,0.060101998591390315
ridge,1,USM1_USM2_pose_rel_path_length_imbalance,-0.05953836083965647,0.05953836083965647
ridge,1,USM2_pose_rel_economy_area_yz,-0.0593033846529872,0.0593033846529872
ridge,1,USM2_joint_mean_speed_l2,-0.057976884328428936,0.057976884328428936
ridge,1,USM1_pose_rel_rotation_determinant_mean,-0.05777415387166521,0.05777415387166521
ridge,1,USM3_joint_insertion_q3_mean_range,0.05712712671130727,0.05712712671130727
ridge,1,USM2_pose_rel_raw_path_l2,-0.05705674399966888,0.05705674399966888
ridge,1,USM2_pose_rel_mean_acceleration_l2,0.056066735427770104,0.056066735427770104
ridge,1,USM2_pose_rel_rotation_determinant_mean,-0.056043986170097676,0.056043986170097676
ridge,1,USM3_pose_rel_mean_angular_speed_rad_s,0.05521175765974393,0.05521175765974393
ridge,1,active_pair_one_arm_only_active_fraction,0.05443497766067161,0.05443497766067161
ridge,1,USM2_USM3_pose_rel_std_distance_rel,-0.05209780331834266,0.05209780331834266
ridge,1,USM1_joint_max_abs_joint_velocity,-0.05197508779933859,0.05197508779933859
ridge,1,USM3_joint_pause_count,-0.05195422875311102,0.05195422875311102
ridge,1,USM3_pose_rel_max_acceleration_l2,-0.05084634156969306,0.05084634156969306
ridge,1,USM3_pose_rel_idle_threshold_relative,0.050813599076204585,0.050813599076204585
ridge,1,USM1_joint_pause_duration_seconds,-0.05017417688997389,0.05017417688997389
ridge,1,USM3_joint_base_revolute_q0_q2_mean_abs_velocity,0.04999831096803649,0.04999831096803649
ridge,1,active_pair_path_length_a_rel,-0.04922830134679326,0.04922830134679326
ridge,1,USM1_pose_rel_max_speed_l2,0.04898054358916462,0.04898054358916462
ridge,1,active_pair_both_idle_fraction,-0.048722615496553504,0.048722615496553504
ridge,1,USM0_joint_median_dt_seconds,-0.04856728609565365,0.04856728609565365
ridge,1,USM2_pose_rel_net_displacement_l2,-0.04720829794854904,0.04720829794854904
ridge,1,USM1_USM3_pose_rel_simultaneous_active_fraction,-0.04717214427137942,0.04717214427137942
ridge,1,USM3_joint_net_displacement_l2,0.045332520490090886,0.045332520490090886
ridge,1,USM3_joint_rms_speed_l2,0.0445850737387481,0.0445850737387481
ridge,1,USM3_joint_raw_path_l2,0.04370370479683677,0.04370370479683677
ridge,1,USM3_pose_rel_rotation_orthogonality_error_max,-0.04352220658904156,0.04352220658904156
ridge,1,USM3_joint_base_revolute_q0_q2_path_l1,0.042619764796327925,0.042619764796327925
ridge,1,USM3_pose_rel_max_jerk_l2,-0.040526313943136494,0.040526313943136494
ridge,1,USM3_pose_rel_economy_area_yz,-0.04035106188366144,0.04035106188366144
ridge,1,USM1_pose_rel_z_range,0.040077025423607804,0.040077025423607804
ridge,1,USM0_joint_distal_q5_q9_mean_range,-0.039972602313068595,0.039972602313068595
ridge,1,USM2_pose_rel_mean_abs_angular_acceleration_rad_s2,0.03959405280835125,0.03959405280835125
ridge,1,USM1_pose_rel_workspace_box_volume,0.038614447369784394,0.038614447369784394
ridge,1,USM1_joint_idle_fraction_relative,-0.03828894556723293,0.03828894556723293
ridge,1,USM3_pose_rel_y_range,0.038092136581570235,0.038092136581570235
ridge,1,USM1_pose_rel_max_angular_speed_rad_s,0.03745810689604003,0.03745810689604003
ridge,1,USM2_pose_rel_economy_area_xz,0.03709715950981222,0.03709715950981222
ridge,1,USM0_joint_mean_joint_range,-0.03650126728525602,0.03650126728525602
ridge,1,USM0_joint_pause_count,-0.035283525711100466,0.035283525711100466
ridge,1,USM2_pose_rel_dimensionless_jerk,0.034181671994850144,0.034181671994850144
ridge,1,USM1_joint_mean_acceleration_l2,0.03368079463790051,0.03368079463790051
ridge,1,USM2_pose_rel_max_angular_speed_rad_s,0.033308982060933634,0.033308982060933634
ridge,1,USM1_USM2_pose_rel_one_arm_only_active_fraction,-0.033010715604040924,0.033010715604040924
ridge,1,USM1_USM3_pose_rel_max_distance_rel,-0.03207370091924058,0.03207370091924058
ridge,1,USM1_pose_rel_rotation_path_radians,-0.031980833989836595,0.031980833989836595
ridge,1,USM1_pose_rel_jerk_cost,0.03050729606017577,0.03050729606017577
ridge,1,USM1_joint_base_revolute_q0_q2_path_l1,-0.029532392422870077,0.029532392422870077
ridge,1,USM0_joint_max_jerk_l2,-0.029186565964566764,0.029186565964566764
ridge,1,USM1_pose_rel_mean_angular_speed_rad_s,-0.028432506416309483,0.028432506416309483
ridge,1,USM3_pose_rel_x_range,-0.02665220691180667,0.02665220691180667
ridge,1,USM2_joint_mean_abs_joint_velocity,-0.026463603636404417,0.026463603636404417
ridge,1,USM1_joint_jerk_cost,0.026240085233554006,0.026240085233554006
ridge,1,USM1_joint_max_joint_range,0.026148859132626295,0.026148859132626295
ridge,1,USM1_pose_rel_max_acceleration_l2,0.023702564078670454,0.023702564078670454
ridge,1,USM1_pose_rel_net_displacement_l2,-0.023650528152446018,0.023650528152446018
ridge,1,USM3_pose_rel_rotation_path_radians,0.023584871940755023,0.023584871940755023
ridge,1,USM3_pose_rel_mean_speed_l2,0.023520141467400058,0.023520141467400058
ridge,1,USM3_joint_max_joint_range,0.023210210459566744,0.023210210459566744
ridge,1,USM2_USM3_pose_rel_both_idle_fraction,-0.022450431349563565,0.022450431349563565
ridge,1,USM0_joint_raw_path_l2,0.022426397914494828,0.022426397914494828
ridge,1,USM1_USM2_pose_rel_both_idle_fraction,-0.02154322561228081,0.02154322561228081
ridge,1,USM0_joint_jerk_cost,-0.020864638140409494,0.020864638140409494
ridge,1,USM3_pose_rel_net_displacement_l2,0.020802226772052443,0.020802226772052443
ridge,1,USM2_pose_rel_rotation_orthogonality_error_max,0.020579654295732698,0.020579654295732698
ridge,1,USM1_pose_rel_idle_threshold_relative,0.0187206624825048,0.0187206624825048
ridge,1,USM1_pose_rel_max_jerk_l2,0.018033887068170537,0.018033887068170537
ridge,1,USM3_joint_mean_joint_range,0.01724629893957658,0.01724629893957658
ridge,1,USM3_pose_rel_raw_path_l2,0.016931201268741924,0.016931201268741924
ridge,1,USM2_joint_movement_economy,-0.01513945074244781,0.01513945074244781
ridge,1,USM3_pose_rel_max_angular_speed_rad_s,-0.014882779387983242,0.014882779387983242
ridge,1,USM2_joint_insertion_q3_mean_range,-0.014806583616573055,0.014806583616573055
ridge,1,USM1_USM3_pose_rel_std_distance_rel,0.014073737443546758,0.014073737443546758
ridge,1,USM2_pose_rel_movement_economy,-0.013840068766575578,0.013840068766575578
ridge,1,USM2_joint_max_acceleration_l2,0.013578101992384323,0.013578101992384323
ridge,1,USM2_joint_max_jerk_l2,-0.013541700782357835,0.013541700782357835
ridge,1,USM1_pose_rel_max_abs_angular_acceleration_rad_s2,0.013494741682040755,0.013494741682040755
ridge,1,USM2_pose_rel_economy_area_xy,-0.013333890315271685,0.013333890315271685
ridge,1,USM2_pose_rel_max_abs_angular_acceleration_rad_s2,-0.01331958022316257,0.01331958022316257
ridge,1,USM2_pose_rel_jerk_cost,0.012124140293897176,0.012124140293897176
ridge,1,USM2_joint_rms_speed_l2,-0.011848596269827372,0.011848596269827372
ridge,1,USM3_pose_rel_mean_abs_angular_acceleration_rad_s2,0.011773651968942409,0.011773651968942409
ridge,1,USM1_pose_rel_mean_abs_angular_acceleration_rad_s2,0.010836115991429085,0.010836115991429085
ridge,1,USM2_joint_base_revolute_q0_q2_path_l1,-0.010582033912236138,0.010582033912236138
ridge,1,USM1_joint_idle_threshold_relative,-0.010020839981982034,0.010020839981982034
ridge,1,USM2_joint_jerk_cost,0.009987792221832843,0.009987792221832843
ridge,1,USM1_joint_mean_joint_range,0.009803756271815539,0.009803756271815539
ridge,1,USM2_joint_tool_roll_q4_path_l1,-0.008823910557801476,0.008823910557801476
ridge,1,USM1_joint_insertion_q3_path_l1,-0.008146461870552693,0.008146461870552693
ridge,1,all_usm_joint_path_l1_total,-0.007983005649369893,0.007983005649369893
ridge,1,USM3_pose_rel_rotation_determinant_mean,-0.006343357409182862,0.006343357409182862
ridge,1,USM1_joint_mean_speed_l2,0.006253510693803151,0.006253510693803151
ridge,1,USM3_joint_max_speed_l2,0.005306776258775875,0.005306776258775875
ridge,1,USM2_joint_max_speed_l2,-0.004876668964274439,0.004876668964274439
ridge,1,USM1_pose_rel_raw_path_l2,0.00480483162924137,0.00480483162924137
ridge,1,USM2_joint_max_joint_range,0.004202492407967211,0.004202492407967211
ridge,1,USM1_joint_raw_path_l2,0.0037316603372669205,0.0037316603372669205
ridge,1,USM1_joint_distal_q5_q9_mean_range,0.0037133033418995376,0.0037133033418995376
ridge,1,USM3_joint_base_revolute_q0_q2_mean_range,0.002656866820634377,0.002656866820634377
ridge,1,USM3_pose_rel_rms_speed_l2,-0.002374480130311496,0.002374480130311496
ridge,1,all_psm_pose_rel_path_total,-0.0011922066022135025,0.0011922066022135025
ridge,1,USM2_pose_rel_economy_volume,0.0007269252465733622,0.0007269252465733622
ridge,1,USM3_joint_distal_q5_q9_mean_range,0.00042076149128375366,0.00042076149128375366
ridge,1,USM0_joint_max_gap_seconds,-0.0004015991260618301,0.0004015991260618301
ridge,1,USM1_USM2_pose_rel_mean_distance_rel,0.00039161505576401634,0.00039161505576401634
ridge,1,active_pair_simultaneous_active_fraction,-0.0003578385558271023,0.0003578385558271023
ridge,1,active_psm_count,0.0,0.0
ridge,1,USM1_pose_rel_active,0.0,0.0
ridge,2,USM0_joint_insertion_q3_mean_range,-0.35982235747882596,0.35982235747882596
ridge,2,USM0_joint_tool_roll_q4_mean_abs_velocity,0.3464589054976885,0.3464589054976885
ridge,2,USM2_pose_rel_mean_angular_speed_rad_s,0.3060033894022643,0.3060033894022643
ridge,2,USM2_pose_rel_y_range,-0.2995091379743201,0.2995091379743201
ridge,2,USM1_pose_rel_rotation_orthogonality_error_max,0.26996093976649593,0.26996093976649593
ridge,2,USM0_joint_jerk_cost,-0.2584918351874642,0.2584918351874642
ridge,2,USM2_joint_base_revolute_q0_q2_mean_abs_velocity,0.2569791645161952,0.2569791645161952
ridge,2,USM2_joint_distal_q5_q9_mean_range,0.2535376180718561,0.2535376180718561
ridge,2,USM1_USM2_pose_rel_std_distance_rel,-0.24898653571801144,0.24898653571801144
ridge,2,USM0_joint_base_revolute_q0_q2_mean_abs_velocity,0.2455429750019836,0.2455429750019836
ridge,2,USM1_USM2_pose_rel_simultaneous_active_fraction,0.22778122854982308,0.22778122854982308
ridge,2,USM2_pose_rel_idle_fraction_relative,-0.2244470878752055,0.2244470878752055
ridge,2,active_pair_usm_b,0.22001943964875936,0.22001943964875936
ridge,2,USM2_joint_net_displacement_l2,-0.21984860170743425,0.21984860170743425
ridge,2,USM1_joint_movement_economy,-0.20516257051763667,0.20516257051763667
ridge,2,USM2_joint_raw_path_l2,-0.2037013781437713,0.2037013781437713
ridge,2,USM1_USM3_pose_rel_one_arm_only_active_fraction,-0.20196124654118827,0.20196124654118827
ridge,2,USM2_joint_tool_roll_q4_mean_abs_velocity,0.19985857731454337,0.19985857731454337
ridge,2,USM0_joint_raw_path_l2,-0.19887513306959695,0.19887513306959695
ridge,2,USM3_pose_rel_rotation_determinant_mean,-0.19161120726268335,0.19161120726268335
ridge,2,USM1_pose_rel_pause_count,0.18982597962943656,0.18982597962943656
ridge,2,USM2_pose_rel_rotation_orthogonality_error_mean,0.18981779230011564,0.18981779230011564
ridge,2,USM1_USM2_pose_rel_both_idle_fraction,-0.18685946962300265,0.18685946962300265
ridge,2,USM1_pose_rel_rotation_orthogonality_error_mean,0.18023816772001588,0.18023816772001588
ridge,2,USM1_pose_rel_rms_speed_l2,0.17353113331240427,0.17353113331240427
ridge,2,USM3_pose_rel_movement_economy,-0.17332334704165514,0.17332334704165514
ridge,2,USM1_USM3_pose_rel_both_idle_fraction,0.17264924854257804,0.17264924854257804
ridge,2,USM2_USM3_pose_rel_mean_distance_rel,0.17206199529514776,0.17206199529514776
ridge,2,USM1_pose_rel_economy_area_xz,0.17172775706670246,0.17172775706670246
ridge,2,USM0_joint_insertion_q3_path_l1,-0.16489933616053304,0.16489933616053304
ridge,2,all_usm_joint_path_l1_total,-0.16159152571227497,0.16159152571227497
ridge,2,USM3_pose_rel_pause_count,-0.15911449999673116,0.15911449999673116
ridge,2,USM2_pose_rel_mean_speed_l2,0.15866481380738784,0.15866481380738784
ridge,2,USM1_pose_rel_movement_economy,-0.15795675322339972,0.15795675322339972
ridge,2,USM1_USM2_pose_rel_mean_abs_relative_speed,0.15734051183699302,0.15734051183699302
ridge,2,USM2_joint_insertion_q3_mean_abs_velocity,0.15641671413882147,0.15641671413882147
ridge,2,active_pair_speed_correlation,0.15322620333758188,0.15322620333758188
ridge,2,USM2_pose_rel_economy_area_yz,-0.15216487145645155,0.15216487145645155
ridge,2,USM1_pose_rel_y_range,0.15206395773129205,0.15206395773129205
ridge,2,USM2_pose_rel_rms_speed_l2,0.150726531492221,0.150726531492221
ridge,2,USM2_USM3_pose_rel_min_distance_rel,0.1491232627698121,0.1491232627698121
ridge,2,USM3_joint_idle_fraction_relative,-0.1486443895524634,0.1486443895524634
ridge,2,USM1_pose_rel_idle_fraction_relative,0.14733881441183092,0.14733881441183092
ridge,2,USM2_USM3_pose_rel_path_length_imbalance,-0.14366337792491643,0.14366337792491643
ridge,2,USM1_pose_rel_economy_area_yz,0.1423788617810517,0.1423788617810517
ridge,2,active_pair_path_length_imbalance,-0.13929373028874636,0.13929373028874636
ridge,2,active_pair_mean_distance_rel,0.13858020956226366,0.13858020956226366
ridge,2,USM0_joint_max_jerk_l2,-0.1374820162214908,0.1374820162214908
ridge,2,USM2_pose_rel_mean_abs_angular_acceleration_rad_s2,0.13322761228066482,0.13322761228066482
ridge,2,USM0_joint_base_revolute_q0_q2_mean_range,0.1307168412982617,0.1307168412982617
ridge,2,USM2_pose_rel_mean_acceleration_l2,0.13025933035191548,0.13025933035191548
ridge,2,USM1_pose_rel_pause_fraction,0.13009909289581015,0.13009909289581015
ridge,2,USM1_USM2_pose_rel_one_arm_only_active_fraction,0.12911023631708765,0.12911023631708765
ridge,2,USM1_USM3_pose_rel_min_distance_rel,-0.12820883424885532,0.12820883424885532
ridge,2,USM1_joint_pause_count,-0.12706711050044736,0.12706711050044736
ridge,2,USM1_USM2_pose_rel_min_distance_rel,-0.1246917965354022,0.1246917965354022
ridge,2,USM0_joint_idle_threshold_relative,-0.12284131913125897,0.12284131913125897
ridge,2,USM1_USM3_pose_rel_distance_range_rel,0.12196473917625791,0.12196473917625791
ridge,2,active_pair_min_distance_rel,0.11891381030646639,0.11891381030646639
ridge,2,USM1_USM2_pose_rel_mean_distance_rel,0.1170931914959423,0.1170931914959423
ridge,2,USM2_pose_rel_jerk_cost,0.11620939531347203,0.11620939531347203
ridge,2,USM2_pose_rel_pause_duration_seconds,-0.11426003321939904,0.11426003321939904
ridge,2,USM1_USM3_pose_rel_mean_distance_rel,-0.11403920705141855,0.11403920705141855
ridge,2,USM3_pose_rel_pause_duration_seconds,0.11143994363719012,0.11143994363719012
ridge,2,USM1_pose_rel_economy_volume,0.10695704589583464,0.10695704589583464
ridge,2,USM1_pose_rel_z_range,0.10554775794137508,0.10554775794137508
ridge,2,USM0_joint_pause_duration_seconds,-0.10502840185323953,0.10502840185323953
ridge,2,USM1_pose_rel_pause_duration_seconds,-0.10121048039679433,0.10121048039679433
ridge,2,USM2_joint_max_jerk_l2,0.10057128291039952,0.10057128291039952
ridge,2,USM2_joint_max_joint_range,-0.0998843763001607,0.0998843763001607
ridge,2,active_pair_usm_a,0.09911613371983254,0.09911613371983254
ridge,2,USM1_pose_rel_active,-0.09831709160936865,0.09831709160936865
ridge,2,USM2_joint_insertion_q3_path_l1,-0.09773261001324943,0.09773261001324943
ridge,2,USM1_pose_rel_x_range,0.09650960106689718,0.09650960106689718
ridge,2,USM2_pose_rel_rotation_determinant_mean,-0.09636575831687655,0.09636575831687655
ridge,2,duration_seconds,-0.09595474892860173,0.09595474892860173
ridge,2,USM2_joint_mean_joint_range,0.09513567512875572,0.09513567512875572
ridge,2,USM2_pose_rel_workspace_box_volume,-0.09339732953394203,0.09339732953394203
ridge,2,USM2_pose_rel_idle_threshold_relative,0.08960000860917927,0.08960000860917927
ridge,2,USM3_pose_rel_economy_area_xz,0.08948047839667599,0.08948047839667599
ridge,2,USM1_joint_distal_q5_q9_mean_range,-0.08831031444865685,0.08831031444865685
ridge,2,USM0_joint_max_acceleration_l2,-0.08770810485276857,0.08770810485276857
ridge,2,USM1_joint_max_joint_range,-0.08732658663840484,0.08732658663840484
ridge,2,USM1_joint_max_speed_l2,-0.08640672138965831,0.08640672138965831
ridge,2,USM1_joint_max_jerk_l2,-0.08625508122608606,0.08625508122608606
ridge,2,USM2_pose_rel_z_range,0.08437902410146964,0.08437902410146964
ridge,2,active_pair_both_idle_fraction,-0.08400600992878637,0.08400600992878637
ridge,2,USM2_joint_max_acceleration_l2,0.08355691263751144,0.08355691263751144
ridge,2,USM1_joint_pause_fraction,0.08340203441781248,0.08340203441781248
ridge,2,USM1_joint_insertion_q3_mean_abs_velocity,0.08339111381857055,0.08339111381857055
ridge,2,USM3_joint_movement_economy,-0.0819810997998855,0.0819810997998855
ridge,2,USM2_pose_rel_max_acceleration_l2,0.0806680855126873,0.0806680855126873
ridge,2,USM2_USM3_pose_rel_both_idle_fraction,-0.07966651454025944,0.07966651454025944
ridge,2,USM0_joint_tool_roll_q4_path_l1,0.07924444207047382,0.07924444207047382
ridge,2,USM2_joint_max_abs_joint_velocity,-0.07881848772602774,0.07881848772602774
ridge,2,USM1_joint_max_abs_joint_velocity,-0.07871802113907686,0.07871802113907686
ridge,2,USM1_joint_base_revolute_q0_q2_mean_abs_velocity,0.0786851300083646,0.0786851300083646
ridge,2,USM0_joint_max_gap_seconds,0.07678955397392617,0.07678955397392617
ridge,2,USM1_USM3_pose_rel_speed_correlation,-0.07670595312603751,0.07670595312603751
ridge,2,USM2_joint_insertion_q3_mean_range,-0.07656282331789438,0.07656282331789438
ridge,2,USM0_joint_idle_fraction_relative,-0.07648197046846669,0.07648197046846669
ridge,2,USM1_joint_pause_duration_seconds,-0.07605411655417739,0.07605411655417739
ridge,2,USM3_joint_pause_count,-0.07605234054801337,0.07605234054801337
ridge,2,USM3_pose_rel_rotation_orthogonality_error_max,0.07493781859701586,0.07493781859701586
ridge,2,USM2_joint_jerk_cost,-0.07487464914125586,0.07487464914125586
ridge,2,USM1_pose_rel_max_speed_l2,0.0747226883373839,0.0747226883373839
ridge,2,USM1_USM2_pose_rel_max_distance_rel,-0.07413341274692413,0.07413341274692413
ridge,2,USM3_pose_rel_workspace_box_volume,-0.07362439190366123,0.07362439190366123
ridge,2,USM1_pose_rel_net_displacement_l2,-0.07328138500749162,0.07328138500749162
ridge,2,active_pair_simultaneous_active_fraction,0.0731681634976946,0.0731681634976946
ridge,2,USM3_pose_rel_log_dimensionless_jerk,0.07199753851055711,0.07199753851055711
ridge,2,USM3_joint_tool_roll_q4_path_l1,0.07129907860907647,0.07129907860907647
ridge,2,USM2_joint_base_revolute_q0_q2_mean_range,0.07087088989395313,0.07087088989395313
ridge,2,USM2_pose_rel_movement_economy,0.06923232416312837,0.06923232416312837
ridge,2,USM3_joint_pause_duration_seconds,-0.06899880147990946,0.06899880147990946
ridge,2,USM1_joint_mean_joint_range,-0.06741419829538466,0.06741419829538466
ridge,2,USM3_joint_net_displacement_l2,0.06739315868816716,0.06739315868816716
ridge,2,USM2_USM3_pose_rel_one_arm_only_active_fraction,0.06705306011465927,0.06705306011465927
ridge,2,USM3_pose_rel_rotation_orthogonality_error_mean,0.06520812816361488,0.06520812816361488
ridge,2,USM1_USM2_pose_rel_alignment_coverage,0.06448480667689244,0.06448480667689244
ridge,2,USM1_pose_rel_mean_speed_l2,0.06326000768733507,0.06326000768733507
ridge,2,USM3_pose_rel_max_acceleration_l2,-0.06267560025715088,0.06267560025715088
ridge,2,USM3_joint_insertion_q3_mean_range,0.0621361599218103,0.0621361599218103
ridge,2,USM2_joint_max_speed_l2,0.0620523735905677,0.0620523735905677
ridge,2,USM2_pose_rel_economy_area_xz,0.06057256681305868,0.06057256681305868
ridge,2,USM2_joint_mean_abs_joint_velocity,0.06028154002564545,0.06028154002564545
ridge,2,USM1_joint_tool_roll_q4_mean_abs_velocity,-0.05977181605520893,0.05977181605520893
ridge,2,USM3_pose_rel_max_speed_l2,-0.059250871763008396,0.059250871763008396
ridge,2,USM3_pose_rel_mean_speed_l2,0.058817683743813895,0.058817683743813895
ridge,2,USM2_joint_rms_speed_l2,0.05841181354030964,0.05841181354030964
ridge,2,USM3_pose_rel_max_abs_angular_acceleration_rad_s2,-0.05835078897236405,0.05835078897236405
ridge,2,USM1_joint_insertion_q3_mean_range,0.05770182758624757,0.05770182758624757
ridge,2,USM2_USM3_pose_rel_speed_correlation,0.056767359792762,0.056767359792762
ridge,2,USM2_pose_rel_raw_path_l2,-0.056604899840268855,0.056604899840268855
ridge,2,USM3_pose_rel_y_range,0.05618164760444268,0.05618164760444268
ridge,2,USM0_joint_max_speed_l2,0.05595824956129146,0.05595824956129146
ridge,2,USM1_USM3_pose_rel_std_distance_rel,-0.05527103158234631,0.05527103158234631
ridge,2,USM2_pose_rel_net_displacement_l2,-0.05526157118444827,0.05526157118444827
ridge,2,USM2_pose_rel_dimensionless_jerk,0.05427463106596826,0.05427463106596826
ridge,2,USM2_pose_rel_log_dimensionless_jerk,0.05358248142600306,0.05358248142600306
ridge,2,USM2_pose_rel_max_speed_l2,0.053508888632024264,0.053508888632024264
ridge,2,USM3_pose_rel_economy_area_xy,0.05346925267322694,0.05346925267322694
ridge,2,USM3_pose_rel_idle_threshold_relative,0.0532665209389743,0.0532665209389743
ridge,2,USM1_pose_rel_max_acceleration_l2,0.05314990052153764,0.05314990052153764
ridge,2,USM1_joint_max_acceleration_l2,-0.05309079837846815,0.05309079837846815
ridge,2,USM1_USM2_pose_rel_distance_range_rel,0.053075385957489375,0.053075385957489375
ridge,2,USM2_pose_rel_rotation_orthogonality_error_max,0.05282294413494138,0.05282294413494138
ridge,2,USM2_pose_rel_economy_volume,-0.05185267222368842,0.05185267222368842
ridge,2,USM3_pose_rel_dimensionless_jerk,-0.0514190117165261,0.0514190117165261
ridge,2,USM3_joint_tool_roll_q4_mean_abs_velocity,0.050548111375787505,0.050548111375787505
ridge,2,USM1_USM3_pose_rel_path_length_imbalance,0.050513382644075726,0.050513382644075726
ridge,2,USM1_joint_tool_roll_q4_path_l1,-0.04972413079257897,0.04972413079257897
ridge,2,USM0_joint_mean_speed_l2,-0.04961462163013388,0.04961462163013388
ridge,2,USM0_joint_distal_q5_q9_mean_range,0.049314833351854596,0.049314833351854596
ridge,2,USM3_pose_rel_z_range,0.04918542377771164,0.04918542377771164
ridge,2,USM2_pose_rel_economy_area_xy,-0.04879726607075475,0.04879726607075475
ridge,2,USM1_pose_rel_rotation_determinant_mean,-0.04800492400407904,0.04800492400407904
ridge,2,USM0_joint_rms_speed_l2,-0.047970416685745504,0.047970416685745504
ridge,2,USM2_pose_rel_x_range,0.04612304234285772,0.04612304234285772
ridge,2,USM1_pose_rel_max_abs_angular_acceleration_rad_s2,-0.044225960900604044,0.044225960900604044
ridge,2,USM1_pose_rel_max_jerk_l2,0.04257308330020867,0.04257308330020867
ridge,2,USM3_joint_max_acceleration_l2,0.042008797188989186,0.042008797188989186
ridge,2,USM0_joint_insertion_q3_mean_abs_velocity,0.04182233440941977,0.04182233440941977
ridge,2,USM0_joint_net_displacement_l2,0.041646643574912205,0.041646643574912205
ridge,2,USM2_pose_rel_rotation_path_radians,0.04161931921255547,0.04161931921255547
ridge,2,USM1_pose_rel_mean_acceleration_l2,0.04116341212980824,0.04116341212980824
ridge,2,USM0_joint_pause_count,0.04023689258394269,0.04023689258394269
ridge,2,USM3_pose_rel_economy_volume,0.03919591831896177,0.03919591831896177
ridge,2,USM3_pose_rel_max_angular_speed_rad_s,-0.037998246568204525,0.037998246568204525
ridge,2,USM1_USM3_pose_rel_max_distance_rel,-0.037460546933718086,0.037460546933718086
ridge,2,USM0_joint_base_revolute_q0_q2_path_l1,0.03725842840707786,0.03725842840707786
ridge,2,USM0_joint_mean_joint_range,0.03692400663878525,0.03692400663878525
ridge,2,USM2_USM3_pose_rel_distance_range_rel,0.03630580446706853,0.03630580446706853
ridge,2,USM2_joint_idle_threshold_relative,-0.03514163833947939,0.03514163833947939
ridge,2,USM3_pose_rel_rms_speed_l2,0.03512022982649204,0.03512022982649204
ridge,2,USM2_USM3_pose_rel_simultaneous_active_fraction,0.034602667796213474,0.034602667796213474
ridge,2,USM1_pose_rel_dimensionless_jerk,0.03401713538159657,0.03401713538159657
ridge,2,USM0_joint_median_dt_seconds,0.03368872950745313,0.03368872950745313
ridge,2,USM1_joint_net_displacement_l2,-0.03362686510274945,0.03362686510274945
ridge,2,USM1_pose_rel_max_angular_speed_rad_s,-0.03325393700430175,0.03325393700430175
ridge,2,USM2_joint_pause_duration_seconds,-0.03270314101800273,0.03270314101800273
ridge,2,USM3_joint_raw_path_l2,0.03131774817141859,0.03131774817141859
ridge,2,USM3_joint_insertion_q3_path_l1,0.031264859438214346,0.031264859438214346
ridge,2,USM1_USM3_pose_rel_simultaneous_active_fraction,-0.031183380487167983,0.031183380487167983
ridge,2,active_pair_one_arm_only_active_fraction,0.03114072079654885,0.03114072079654885
ridge,2,USM1_joint_idle_fraction_relative,0.031125250562782432,0.031125250562782432
ridge,2,USM1_joint_insertion_q3_path_l1,0.03108035690963992,0.03108035690963992
ridge,2,USM3_pose_rel_idle_fraction_relative,0.030913176905507378,0.030913176905507378
ridge,2,USM1_joint_mean_acceleration_l2,0.03090291591140397,0.03090291591140397
ridge,2,USM2_pose_rel_max_jerk_l2,-0.029775623651460057,0.029775623651460057
ridge,2,USM1_joint_base_revolute_q0_q2_path_l1,-0.02937648669402394,0.02937648669402394
ridge,2,USM1_pose_rel_mean_angular_speed_rad_s,-0.02907236413560717,0.02907236413560717
ridge,2,active_pair_path_length_a_rel,-0.028115753787149183,0.028115753787149183
ridge,2,USM1_pose_rel_raw_path_l2,0.026619568535152294,0.026619568535152294
ridge,2,USM1_pose_rel_workspace_box_volume,0.025720047902941964,0.025720047902941964
ridge,2,USM3_pose_rel_net_displacement_l2,-0.02545077082990844,0.02545077082990844
ridge,2,USM3_pose_rel_x_range,-0.025389810262542827,0.025389810262542827
ridge,2,USM1_pose_rel_mean_abs_angular_acceleration_rad_s2,-0.023639447645593524,0.023639447645593524
ridge,2,USM3_pose_rel_rotation_path_radians,0.023431842502060953,0.023431842502060953
ridge,2,USM2_joint_idle_fraction_relative,-0.02213065261492586,0.02213065261492586
ridge,2,USM0_joint_tool_roll_q4_mean_range,-0.020784711686463626,0.020784711686463626
ridge,2,USM3_joint_base_revolute_q0_q2_path_l1,0.020468314734005334,0.020468314734005334
ridge,2,USM1_joint_idle_threshold_relative,-0.0200337668230492,0.0200337668230492
ridge,2,USM2_joint_movement_economy,-0.019908554021730706,0.019908554021730706
ridge,2,USM3_joint_insertion_q3_mean_abs_velocity,0.01810827409513067,0.01810827409513067
ridge,2,USM1_pose_rel_jerk_cost,-0.017301988857670956,0.017301988857670956
ridge,2,USM3_pose_rel_mean_angular_speed_rad_s,0.017224439811262714,0.017224439811262714
ridge,2,USM3_pose_rel_jerk_cost,0.017173031508928224,0.017173031508928224
ridge,2,USM1_USM2_pose_rel_path_length_imbalance,-0.016904566152177804,0.016904566152177804
ridge,2,USM1_pose_rel_rotation_path_radians,-0.015606793167651402,0.015606793167651402
ridge,2,USM1_pose_rel_idle_threshold_relative,0.015123789348380932,0.015123789348380932
ridge,2,USM2_pose_rel_max_abs_angular_acceleration_rad_s2,-0.014998405056134869,0.014998405056134869
ridge,2,USM3_pose_rel_pause_fraction,0.014155286671039406,0.014155286671039406
ridge,2,USM1_joint_jerk_cost,0.013891964275826478,0.013891964275826478
ridge,2,USM0_joint_max_joint_range,-0.013653985037707265,0.013653985037707265
ridge,2,USM3_joint_mean_speed_l2,0.012979422780181112,0.012979422780181112
ridge,2,USM2_joint_mean_speed_l2,0.011858564373993461,0.011858564373993461
ridge,2,USM3_joint_max_speed_l2,0.011445068498869778,0.011445068498869778
ridge,2,USM0_joint_mean_acceleration_l2,-0.011438296207076917,0.011438296207076917
ridge,2,USM1_joint_base_revolute_q0_q2_mean_range,-0.011186303159446553,0.011186303159446553
ridge,2,USM2_joint_pause_fraction,0.010891529968037385,0.010891529968037385
ridge,2,USM2_pose_rel_max_angular_speed_rad_s,0.008890040157305334,0.008890040157305334
ridge,2,USM3_pose_rel_economy_area_yz,0.0086643074318367,0.0086643074318367
ridge,2,USM3_joint_base_revolute_q0_q2_mean_range,0.007759532018480504,0.007759532018480504
ridge,2,USM2_USM3_pose_rel_std_distance_rel,-0.007754859749986287,0.007754859749986287
ridge,2,USM3_joint_max_joint_range,-0.006558243950152017,0.006558243950152017
ridge,2,USM2_joint_base_revolute_q0_q2_path_l1,0.006407143512162407,0.006407143512162407
ridge,2,USM1_USM2_pose_rel_speed_correlation,0.006268714172734116,0.006268714172734116
ridge,2,USM1_joint_mean_speed_l2,-0.006048563215389134,0.006048563215389134
ridge,2,USM3_pose_rel_raw_path_l2,0.005770351015104069,0.005770351015104069
ridge,2,USM3_joint_base_revolute_q0_q2_mean_abs_velocity,-0.005372701696011943,0.005372701696011943
ridge,2,USM1_pose_rel_economy_area_xy,0.004393203374908004,0.004393203374908004
ridge,2,USM3_joint_mean_joint_range,0.004309080463892951,0.004309080463892951
ridge,2,USM2_joint_tool_roll_q4_path_l1,-0.0041889596469261905,0.0041889596469261905
ridge,2,all_psm_pose_rel_path_total,-0.004172238976104819,0.004172238976104819
ridge,2,USM1_pose_rel_log_dimensionless_jerk,-0.0036553753580206953,0.0036553753580206953
ridge,2,USM3_joint_distal_q5_q9_mean_range,-0.0036036332664295015,0.0036036332664295015
ridge,2,USM3_pose_rel_mean_abs_angular_acceleration_rad_s2,0.003581618050475352,0.003581618050475352
ridge,2,USM2_joint_mean_acceleration_l2,-0.0031501313293898375,0.0031501313293898375
ridge,2,USM1_joint_raw_path_l2,-0.0029338064238506943,0.0029338064238506943
ridge,2,USM2_pose_rel_pause_count,-0.0029135649417416625,0.0029135649417416625
ridge,2,USM3_joint_rms_speed_l2,-0.002578071616352098,0.002578071616352098
ridge,2,USM0_joint_movement_economy,-0.001053736166830844,0.001053736166830844
ridge,2,USM2_joint_pause_count,-0.0006484920413347451,0.0006484920413347451
ridge,3,USM0_joint_insertion_q3_mean_range,-0.4683834980937569,0.4683834980937569
ridge,3,USM2_pose_rel_mean_angular_speed_rad_s,0.36587708160035887,0.36587708160035887
ridge,3,USM2_joint_tool_roll_q4_mean_abs_velocity,0.3107626076004615,0.3107626076004615
ridge,3,USM2_joint_base_revolute_q0_q2_mean_abs_velocity,0.29157241194622635,0.29157241194622635
ridge,3,USM1_pose_rel_pause_count,0.2839656999660727,0.2839656999660727
ridge,3,USM2_pose_rel_pause_fraction,-0.268040103848969,0.268040103848969
ridge,3,USM0_joint_insertion_q3_path_l1,-0.25251723537818715,0.25251723537818715
ridge,3,USM0_joint_base_revolute_q0_q2_mean_abs_velocity,0.2481296237558043,0.2481296237558043
ridge,3,USM2_pose_rel_idle_fraction_relative,-0.24033710779645417,0.24033710779645417
ridge,3,USM1_pose_rel_economy_area_yz,0.23736311292209966,0.23736311292209966
ridge,3,USM1_pose_rel_y_range,0.23489932056096025,0.23489932056096025
ridge,3,USM0_joint_tool_roll_q4_mean_abs_velocity,0.23447532744368063,0.23447532744368063
ridge,3,USM1_USM2_pose_rel_std_distance_rel,-0.22738664215578674,0.22738664215578674
ridge,3,USM3_pose_rel_pause_count,-0.2233555839271392,0.2233555839271392
ridge,3,USM2_joint_distal_q5_q9_mean_range,0.21938816930855146,0.21938816930855146
ridge,3,USM2_joint_max_abs_joint_velocity,-0.21139325118754465,0.21139325118754465
ridge,3,USM3_pose_rel_movement_economy,-0.2094725710611659,0.2094725710611659
ridge,3,USM2_pose_rel_rotation_orthogonality_error_mean,0.20032744854371887,0.20032744854371887
ridge,3,USM1_pose_rel_rms_speed_l2,0.1947465765584689,0.1947465765584689
ridge,3,USM1_USM3_pose_rel_distance_range_rel,0.19285738161503005,0.19285738161503005
ridge,3,USM3_pose_rel_pause_duration_seconds,0.19192241875313087,0.19192241875313087
ridge,3,USM2_joint_idle_fraction_relative,-0.18352731860178056,0.18352731860178056
ridge,3,USM2_joint_insertion_q3_mean_abs_velocity,0.18314298531415127,0.18314298531415127
ridge,3,USM1_USM2_pose_rel_max_distance_rel,-0.16677431890285335,0.16677431890285335
ridge,3,USM2_pose_rel_rotation_determinant_mean,-0.16590010193519583,0.16590010193519583
ridge,3,USM1_USM3_pose_rel_both_idle_fraction,0.1636164955488162,0.1636164955488162
ridge,3,USM2_pose_rel_max_speed_l2,0.16167604702432395,0.16167604702432395
ridge,3,USM2_USM3_pose_rel_mean_distance_rel,0.16022323867775587,0.16022323867775587
ridge,3,active_pair_mean_distance_rel,0.15973015458469858,0.15973015458469858
ridge,3,USM1_USM2_pose_rel_mean_abs_relative_speed,0.15972657920638866,0.15972657920638866
ridge,3,USM3_pose_rel_economy_area_xz,0.15902547135458941,0.15902547135458941
ridge,3,USM1_pose_rel_idle_fraction_relative,0.15848520627767912,0.15848520627767912
ridge,3,USM3_joint_idle_fraction_relative,-0.15839403966839516,0.15839403966839516
ridge,3,USM3_pose_rel_economy_area_xy,-0.152109360279168,0.152109360279168
ridge,3,USM1_pose_rel_pause_fraction,0.15000571986365824,0.15000571986365824
ridge,3,USM2_pose_rel_mean_abs_angular_acceleration_rad_s2,0.14983956187443445,0.14983956187443445
ridge,3,USM0_joint_movement_economy,-0.1492972762954857,0.1492972762954857
ridge,3,USM1_pose_rel_economy_volume,0.14892864861473273,0.14892864861473273
ridge,3,USM2_pose_rel_mean_speed_l2,0.14858150365998593,0.14858150365998593
ridge,3,USM3_pose_rel_rotation_determinant_mean,-0.14848983747573827,0.14848983747573827
ridge,3,USM1_pose_rel_rotation_orthogonality_error_max,0.1456896716701128,0.1456896716701128
ridge,3,USM1_pose_rel_movement_economy,-0.14551086374487252,0.14551086374487252
ridge,3,USM1_USM3_pose_rel_one_arm_only_active_fraction,-0.14350173438810654,0.14350173438810654
ridge,3,USM2_pose_rel_pause_duration_seconds,-0.14116898869960628,0.14116898869960628
ridge,3,USM0_joint_base_revolute_q0_q2_mean_range,0.13868942345392915,0.13868942345392915
ridge,3,USM2_joint_raw_path_l2,-0.1383571960011197,0.1383571960011197
ridge,3,USM1_pose_rel_workspace_box_volume,0.1369314174283889,0.1369314174283889
ridge,3,USM1_pose_rel_economy_area_xz,0.13496973381236768,0.13496973381236768
ridge,3,USM3_pose_rel_log_dimensionless_jerk,0.13405052573451734,0.13405052573451734
ridge,3,USM2_pose_rel_net_displacement_l2,-0.1329169130863393,0.1329169130863393
ridge,3,USM2_joint_insertion_q3_path_l1,-0.12970918372899462,0.12970918372899462
ridge,3,active_pair_speed_correlation,0.12905720368082635,0.12905720368082635
ridge,3,USM3_pose_rel_dimensionless_jerk,-0.12863518546945615,0.12863518546945615
ridge,3,USM2_pose_rel_max_acceleration_l2,0.1280348464467902,0.1280348464467902
ridge,3,USM3_pose_rel_workspace_box_volume,-0.1276440053265513,0.1276440053265513
ridge,3,USM3_pose_rel_idle_threshold_relative,0.1254623442805598,0.1254623442805598
ridge,3,USM3_joint_pause_duration_seconds,-0.12361350863471099,0.12361350863471099
ridge,3,USM1_joint_distal_q5_q9_mean_range,-0.12250452256950957,0.12250452256950957
ridge,3,USM2_joint_insertion_q3_mean_range,-0.12110951609693664,0.12110951609693664
ridge,3,USM3_pose_rel_net_displacement_l2,-0.12085665557222902,0.12085665557222902
ridge,3,USM2_pose_rel_rms_speed_l2,0.12073992829210196,0.12073992829210196
ridge,3,USM1_pose_rel_pause_duration_seconds,-0.12067597054214128,0.12067597054214128
ridge,3,USM2_joint_pause_fraction,-0.11857889477777761,0.11857889477777761
ridge,3,USM1_USM2_pose_rel_min_distance_rel,-0.11780590827956175,0.11780590827956175
ridge,3,USM3_pose_rel_max_acceleration_l2,-0.1168194333693542,0.1168194333693542
ridge,3,USM1_USM3_pose_rel_min_distance_rel,-0.11678018940739192,0.11678018940739192
ridge,3,USM1_joint_max_speed_l2,-0.11673641059110737,0.11673641059110737
ridge,3,USM1_USM3_pose_rel_path_length_imbalance,0.11633707456994913,0.11633707456994913
ridge,3,USM3_joint_insertion_q3_mean_abs_velocity,0.11629238755588772,0.11629238755588772
ridge,3,active_pair_usm_b,0.11502792942104645,0.11502792942104645
ridge,3,USM0_joint_tool_roll_q4_mean_range,-0.11478670275316531,0.11478670275316531
ridge,3,USM0_joint_pause_duration_seconds,-0.11419130930704739,0.11419130930704739
ridge,3,USM0_joint_jerk_cost,-0.11378138517089033,0.11378138517089033
ridge,3,USM1_joint_movement_economy,-0.11371997960062567,0.11371997960062567
ridge,3,USM1_pose_rel_x_range,0.11318887673714968,0.11318887673714968
ridge,3,USM1_pose_rel_mean_acceleration_l2,0.11271773023355469,0.11271773023355469
ridge,3,USM2_USM3_pose_rel_speed_correlation,0.11172087598557373,0.11172087598557373
ridge,3,USM1_joint_insertion_q3_mean_abs_velocity,0.1116731124791702,0.1116731124791702
ridge,3,USM1_joint_max_abs_joint_velocity,-0.11159059232474665,0.11159059232474665
ridge,3,USM1_joint_max_jerk_l2,-0.11127353560853112,0.11127353560853112
ridge,3,USM2_pose_rel_mean_acceleration_l2,0.11097868130755807,0.11097868130755807
ridge,3,USM1_pose_rel_max_speed_l2,0.1094906088970988,0.1094906088970988
ridge,3,USM1_USM3_pose_rel_speed_correlation,-0.10862113359992248,0.10862113359992248
ridge,3,USM2_pose_rel_idle_threshold_relative,0.10767669355657462,0.10767669355657462
ridge,3,USM1_joint_max_joint_range,-0.10758141811590054,0.10758141811590054
ridge,3,active_pair_usm_a,0.1061879744015637,0.1061879744015637
ridge,3,USM0_joint_idle_threshold_relative,-0.10565802593091272,0.10565802593091272
ridge,3,USM2_pose_rel_log_dimensionless_jerk,0.10487724323634265,0.10487724323634265
ridge,3,duration_seconds,-0.10415781994497512,0.10415781994497512
ridge,3,USM2_pose_rel_z_range,0.10344379473025409,0.10344379473025409
ridge,3,USM2_pose_rel_rotation_path_radians,0.10327844932360095,0.10327844932360095
ridge,3,USM1_pose_rel_mean_speed_l2,0.10287610692955694,0.10287610692955694
ridge,3,USM2_joint_tool_roll_q4_path_l1,0.10271233092773469,0.10271233092773469
ridge,3,USM1_joint_base_revolute_q0_q2_mean_abs_velocity,0.10249119066019846,0.10249119066019846
ridge,3,USM3_pose_rel_z_range,0.1020967662062286,0.1020967662062286
ridge,3,USM2_pose_rel_economy_area_xz,0.10198520125305954,0.10198520125305954
ridge,3,USM0_joint_max_acceleration_l2,-0.10172781267289707,0.10172781267289707
ridge,3,USM0_joint_pause_count,0.10165151798158784,0.10165151798158784
ridge,3,USM1_joint_mean_joint_range,-0.10120996941663866,0.10120996941663866
ridge,3,USM0_joint_max_speed_l2,0.10030232964334139,0.10030232964334139
ridge,3,USM2_pose_rel_raw_path_l2,-0.09991743474401936,0.09991743474401936
ridge,3,USM3_joint_tool_roll_q4_mean_abs_velocity,0.09956343926678415,0.09956343926678415
ridge,3,USM1_joint_tool_roll_q4_mean_abs_velocity,-0.09750815502132336,0.09750815502132336
ridge,3,USM0_joint_max_joint_range,-0.09588798259693149,0.09588798259693149
ridge,3,USM2_pose_rel_dimensionless_jerk,0.09326059095425011,0.09326059095425011
ridge,3,USM1_USM3_pose_rel_mean_distance_rel,-0.0923616069945337,0.0923616069945337
ridge,3,USM2_pose_rel_y_range,-0.09228878622970299,0.09228878622970299
ridge,3,USM2_pose_rel_max_jerk_l2,0.09212219189459525,0.09212219189459525
ridge,3,USM1_joint_pause_duration_seconds,-0.09205971566229128,0.09205971566229128
ridge,3,USM1_USM3_pose_rel_simultaneous_active_fraction,-0.09077237935104808,0.09077237935104808
ridge,3,USM3_pose_rel_max_speed_l2,-0.09076185947582628,0.09076185947582628
ridge,3,USM3_pose_rel_x_range,-0.09068675623801374,0.09068675623801374
ridge,3,USM1_pose_rel_active,-0.08958609566759854,0.08958609566759854
ridge,3,USM2_joint_mean_joint_range,0.08949623398797975,0.08949623398797975
ridge,3,USM0_joint_rms_speed_l2,-0.08722018960644483,0.08722018960644483
ridge,3,USM2_USM3_pose_rel_std_distance_rel,0.08650711048013161,0.08650711048013161
ridge,3,USM1_pose_rel_rotation_orthogonality_error_mean,0.08592262380060695,0.08592262380060695
ridge,3,active_pair_path_length_a_rel,-0.08519880648225016,0.08519880648225016
ridge,3,USM3_joint_base_revolute_q0_q2_mean_abs_velocity,0.08426834543369065,0.08426834543369065
ridge,3,USM3_joint_movement_economy,-0.08357571612256087,0.08357571612256087
ridge,3,USM1_joint_pause_fraction,0.08311696977635154,0.08311696977635154
ridge,3,USM0_joint_base_revolute_q0_q2_path_l1,0.08242506499314539,0.08242506499314539
ridge,3,USM1_joint_net_displacement_l2,-0.08235427334946478,0.08235427334946478
ridge,3,USM2_joint_pause_duration_seconds,-0.08157628062820986,0.08157628062820986
ridge,3,USM2_pose_rel_jerk_cost,0.0815170589901609,0.0815170589901609
ridge,3,USM3_pose_rel_mean_angular_speed_rad_s,0.08036161402312354,0.08036161402312354
ridge,3,USM3_joint_insertion_q3_mean_range,0.07952457526307384,0.07952457526307384
ridge,3,USM1_joint_max_acceleration_l2,-0.0794841145220804,0.0794841145220804
ridge,3,USM3_joint_max_acceleration_l2,0.0784146540310724,0.0784146540310724
ridge,3,USM0_joint_max_gap_seconds,0.07753301168346252,0.07753301168346252
ridge,3,USM2_joint_idle_threshold_relative,-0.07703320410531367,0.07703320410531367
ridge,3,USM3_pose_rel_mean_speed_l2,0.07642515346249079,0.07642515346249079
ridge,3,USM1_pose_rel_log_dimensionless_jerk,0.07633956843369799,0.07633956843369799
ridge,3,USM2_joint_jerk_cost,-0.07624556203991327,0.07624556203991327
ridge,3,USM1_joint_tool_roll_q4_path_l1,-0.07471965237170049,0.07471965237170049
ridge,3,USM3_joint_pause_count,-0.07375123324300252,0.07375123324300252
ridge,3,USM3_joint_mean_speed_l2,0.07312705468663254,0.07312705468663254
ridge,3,all_usm_joint_path_l1_total,-0.07233196276786426,0.07233196276786426
ridge,3,USM0_joint_idle_fraction_relative,-0.0717303868026309,0.0717303868026309
ridge,3,USM1_joint_idle_fraction_relative,0.07124861618255228,0.07124861618255228
ridge,3,USM1_USM3_pose_rel_std_distance_rel,0.07101655371950721,0.07101655371950721
ridge,3,USM3_joint_tool_roll_q4_path_l1,0.07101368851601773,0.07101368851601773
ridge,3,USM2_pose_rel_economy_area_yz,-0.06987923904146483,0.06987923904146483
ridge,3,USM1_USM2_pose_rel_speed_correlation,-0.06944737274620515,0.06944737274620515
ridge,3,active_pair_simultaneous_active_fraction,0.06758652676126631,0.06758652676126631
ridge,3,USM2_joint_mean_abs_joint_velocity,0.06722111372040435,0.06722111372040435
ridge,3,USM3_pose_rel_pause_fraction,0.06637192695735349,0.06637192695735349
ridge,3,USM1_pose_rel_rotation_determinant_mean,-0.06633271677313855,0.06633271677313855
ridge,3,USM1_USM2_pose_rel_path_length_imbalance,-0.06570441152513071,0.06570441152513071
ridge,3,USM3_pose_rel_raw_path_l2,0.06563958977661843,0.06563958977661843
ridge,3,active_pair_both_idle_fraction,-0.06518926057714772,0.06518926057714772
ridge,3,USM1_USM2_pose_rel_alignment_coverage,0.0647432005496901,0.0647432005496901
ridge,3,USM2_joint_net_displacement_l2,0.06460504214226173,0.06460504214226173
ridge,3,USM3_joint_insertion_q3_path_l1,0.06416319606387151,0.06416319606387151
ridge,3,USM0_joint_mean_speed_l2,-0.05877793277011272,0.05877793277011272
ridge,3,USM3_pose_rel_mean_abs_angular_acceleration_rad_s2,0.057085836274660275,0.057085836274660275
ridge,3,USM1_pose_rel_jerk_cost,0.056504390067118104,0.056504390067118104
ridge,3,USM0_joint_net_displacement_l2,0.0560520711872361,0.0560520711872361
ridge,3,USM1_pose_rel_z_range,0.05462226513096979,0.05462226513096979
ridge,3,USM1_USM2_pose_rel_one_arm_only_active_fraction,0.054285371873229,0.054285371873229
ridge,3,USM2_joint_mean_acceleration_l2,-0.0520870161921932,0.0520870161921932
ridge,3,USM0_joint_raw_path_l2,-0.05157288796491744,0.05157288796491744
ridge,3,USM3_joint_base_revolute_q0_q2_path_l1,0.051382138086513485,0.051382138086513485
ridge,3,USM2_joint_max_joint_range,-0.050351530221535254,0.050351530221535254
ridge,3,USM2_USM3_pose_rel_path_length_imbalance,-0.05016657995387748,0.05016657995387748
ridge,3,USM3_joint_net_displacement_l2,0.04975461091955587,0.04975461091955587
ridge,3,USM1_USM2_pose_rel_both_idle_fraction,-0.04963448680491663,0.04963448680491663
ridge,3,USM1_pose_rel_mean_angular_speed_rad_s,-0.04908033646026912,0.04908033646026912
ridge,3,USM1_pose_rel_max_acceleration_l2,0.04688494699279623,0.04688494699279623
ridge,3,USM3_pose_rel_jerk_cost,-0.04479932090620268,0.04479932090620268
ridge,3,USM2_USM3_pose_rel_both_idle_fraction,-0.044040448593306095,0.044040448593306095
ridge,3,USM2_pose_rel_max_angular_speed_rad_s,0.04353699914068943,0.04353699914068943
ridge,3,USM3_pose_rel_rotation_path_radians,0.04336214835700327,0.04336214835700327
ridge,3,USM2_pose_rel_x_range,-0.043324666936763095,0.043324666936763095
ridge,3,USM1_joint_base_revolute_q0_q2_path_l1,-0.039227089101284,0.039227089101284
ridge,3,USM3_joint_max_speed_l2,0.039033281476489094,0.039033281476489094
ridge,3,USM3_joint_rms_speed_l2,0.03900301021359674,0.03900301021359674
ridge,3,USM3_pose_rel_idle_fraction_relative,0.03832432625478327,0.03832432625478327
ridge,3,USM1_pose_rel_rotation_path_radians,-0.03491182462937379,0.03491182462937379
ridge,3,all_psm_pose_rel_path_total,0.03416791381508762,0.03416791381508762
ridge,3,USM2_pose_rel_economy_area_xy,0.031608803526367524,0.031608803526367524
ridge,3,USM3_pose_rel_rotation_orthogonality_error_max,0.031122597956850677,0.031122597956850677
ridge,3,USM2_joint_base_revolute_q0_q2_mean_range,0.030888557429836188,0.030888557429836188
ridge,3,USM0_joint_mean_acceleration_l2,-0.030704011815688825,0.030704011815688825
ridge,3,USM1_joint_insertion_q3_path_l1,0.030691854151112998,0.030691854151112998
ridge,3,USM1_joint_mean_speed_l2,-0.030673458221728,0.030673458221728
ridge,3,USM3_joint_raw_path_l2,0.030161258879550103,0.030161258879550103
ridge,3,USM1_pose_rel_net_displacement_l2,0.02972347982155105,0.02972347982155105
ridge,3,USM2_joint_max_speed_l2,0.02969245981278919,0.02969245981278919
ridge,3,USM1_pose_rel_max_abs_angular_acceleration_rad_s2,0.029669458793535438,0.029669458793535438
ridge,3,USM3_joint_max_joint_range,0.02921877518527965,0.02921877518527965
ridge,3,USM3_joint_base_revolute_q0_q2_mean_range,0.02879716193778394,0.02879716193778394
ridge,3,USM2_USM3_pose_rel_simultaneous_active_fraction,0.02842231058507968,0.02842231058507968
ridge,3,USM2_pose_rel_max_abs_angular_acceleration_rad_s2,0.027719383958969,0.027719383958969
ridge,3,USM1_joint_pause_count,-0.027540482150543902,0.027540482150543902
ridge,3,USM2_USM3_pose_rel_one_arm_only_active_fraction,0.02739308134647481,0.02739308134647481
ridge,3,USM1_joint_raw_path_l2,-0.02701533937432154,0.02701533937432154
ridge,3,USM1_pose_rel_mean_abs_angular_acceleration_rad_s2,0.02672757837941538,0.02672757837941538
ridge,3,USM2_joint_mean_speed_l2,-0.026201945725301354,0.026201945725301354
ridge,3,USM1_pose_rel_raw_path_l2,0.02592300552115877,0.02592300552115877
ridge,3,USM2_joint_base_revolute_q0_q2_path_l1,0.02375237296691101,0.02375237296691101
ridge,3,USM2_joint_movement_economy,-0.023555451293541665,0.023555451293541665
ridge,3,USM2_pose_rel_economy_volume,0.023339898580056175,0.023339898580056175
ridge,3,USM2_pose_rel_rotation_orthogonality_error_max,0.023130733723847177,0.023130733723847177
ridge,3,USM3_joint_mean_joint_range,0.022817513249877838,0.022817513249877838
ridge,3,USM0_joint_max_jerk_l2,0.022552296223368122,0.022552296223368122
ridge,3,USM2_pose_rel_workspace_box_volume,-0.022507397928319302,0.022507397928319302
ridge,3,USM0_joint_mean_joint_range,-0.021106789665049013,0.021106789665049013
ridge,3,USM3_pose_rel_rotation_orthogonality_error_mean,0.02041713081223825,0.02041713081223825
ridge,3,USM3_pose_rel_economy_area_yz,-0.01961930480762164,0.01961930480762164
ridge,3,USM2_joint_max_jerk_l2,-0.018872569160633176,0.018872569160633176
ridge,3,USM1_pose_rel_economy_area_xy,0.018164175589240095,0.018164175589240095
ridge,3,USM3_pose_rel_rms_speed_l2,0.018128280645731257,0.018128280645731257
ridge,3,USM0_joint_median_dt_seconds,-0.017610839734615788,0.017610839734615788
ridge,3,USM2_USM3_pose_rel_distance_range_rel,0.01694499227915591,0.01694499227915591
ridge,3,USM2_pose_rel_pause_count,0.016873733805393646,0.016873733805393646
ridge,3,USM0_joint_tool_roll_q4_path_l1,0.01677543772177504,0.01677543772177504
ridge,3,USM0_joint_distal_q5_q9_mean_range,0.01605437932985664,0.01605437932985664
ridge,3,USM2_joint_max_acceleration_l2,0.014677730056638324,0.014677730056638324
ridge,3,USM0_joint_insertion_q3_mean_abs_velocity,-0.01460722938532523,0.01460722938532523
ridge,3,USM1_USM2_pose_rel_simultaneous_active_fraction,-0.01452131408330308,0.01452131408330308
ridge,3,USM2_joint_pause_count,-0.014476823233393844,0.014476823233393844
ridge,3,USM3_pose_rel_max_abs_angular_acceleration_rad_s2,-0.01445750155869752,0.01445750155869752
ridge,3,USM1_pose_rel_dimensionless_jerk,0.014042403627175683,0.014042403627175683
ridge,3,active_pair_path_length_imbalance,-0.01279824690616052,0.01279824690616052
ridge,3,USM1_USM2_pose_rel_mean_distance_rel,-0.011488519023851975,0.011488519023851975
ridge,3,active_pair_one_arm_only_active_fraction,0.010639915618580409,0.010639915618580409
ridge,3,USM3_pose_rel_y_range,0.010606678531992816,0.010606678531992816
ridge,3,USM2_pose_rel_movement_economy,0.008543786385063399,0.008543786385063399
ridge,3,USM1_pose_rel_max_angular_speed_rad_s,0.006561188291908038,0.006561188291908038
ridge,3,USM1_joint_base_revolute_q0_q2_mean_range,-0.006325334866809503,0.006325334866809503
ridge,3,USM1_USM2_pose_rel_distance_range_rel,-0.005900156659497808,0.005900156659497808
ridge,3,USM1_joint_mean_acceleration_l2,0.005549824596197132,0.005549824596197132
ridge,3,USM3_pose_rel_max_angular_speed_rad_s,-0.005461501545180757,0.005461501545180757
ridge,3,USM1_USM3_pose_rel_max_distance_rel,0.004849403450894013,0.004849403450894013
ridge,3,USM1_joint_insertion_q3_mean_range,0.002029140061051632,0.002029140061051632
ridge,3,USM3_joint_distal_q5_q9_mean_range,-0.0018989496443391836,0.0018989496443391836
ridge,3,USM2_joint_rms_speed_l2,-0.0008199903772757883,0.0008199903772757883
ridge,3,USM1_pose_rel_idle_threshold_relative,0.000712507254690527,0.000712507254690527
ridge,3,USM3_pose_rel_economy_volume,0.00019571422040631678,0.00019571422040631678
ridge,3,USM1_joint_jerk_cost,1.0040176635270504e-05,1.0040176635270504e-05
ridge,4,USM0_joint_insertion_q3_mean_range,-0.515523461478172,0.515523461478172
ridge,4,USM1_pose_rel_pause_count,0.37003451751220945,0.37003451751220945
ridge,4,USM0_joint_tool_roll_q4_mean_abs_velocity,0.31330878489515657,0.31330878489515657
ridge,4,USM2_pose_rel_mean_angular_speed_rad_s,0.2868313726012543,0.2868313726012543
ridge,4,USM2_joint_base_revolute_q0_q2_mean_abs_velocity,0.2803803109826722,0.2803803109826722
ridge,4,USM0_joint_base_revolute_q0_q2_mean_abs_velocity,0.25567527425015224,0.25567527425015224
ridge,4,USM2_pose_rel_rotation_orthogonality_error_mean,0.24916487386414096,0.24916487386414096
ridge,4,USM0_joint_insertion_q3_path_l1,-0.24650487836491392,0.24650487836491392
ridge,4,USM2_joint_insertion_q3_mean_range,-0.23893632326425948,0.23893632326425948
ridge,4,USM1_USM2_pose_rel_max_distance_rel,-0.23520876007132577,0.23520876007132577
ridge,4,USM2_pose_rel_pause_fraction,-0.2193524772103537,0.2193524772103537
ridge,4,USM3_joint_movement_economy,-0.21769413984979466,0.21769413984979466
ridge,4,USM1_pose_rel_rotation_orthogonality_error_max,0.21386353808515074,0.21386353808515074
ridge,4,USM1_USM2_pose_rel_std_distance_rel,-0.20661016281239072,0.20661016281239072
ridge,4,USM1_joint_movement_economy,-0.19489580478656285,0.19489580478656285
ridge,4,USM1_pose_rel_rotation_orthogonality_error_mean,0.18288296728369793,0.18288296728369793
ridge,4,USM3_pose_rel_pause_count,-0.17908674285827778,0.17908674285827778
ridge,4,USM2_pose_rel_idle_fraction_relative,-0.1777676450042701,0.1777676450042701
ridge,4,USM2_joint_idle_fraction_relative,-0.17703614918064697,0.17703614918064697
ridge,4,USM1_pose_rel_rms_speed_l2,0.17685868544945949,0.17685868544945949
ridge,4,USM1_USM2_pose_rel_simultaneous_active_fraction,0.16847114411101746,0.16847114411101746
ridge,4,USM2_pose_rel_y_range,-0.16836985043675065,0.16836985043675065
ridge,4,USM2_joint_insertion_q3_path_l1,-0.1649476463224259,0.1649476463224259
ridge,4,USM1_USM3_pose_rel_distance_range_rel,0.1633571989829616,0.1633571989829616
ridge,4,USM3_pose_rel_rotation_determinant_mean,-0.16074508299628398,0.16074508299628398
ridge,4,USM2_joint_max_speed_l2,-0.1604484266724599,0.1604484266724599
ridge,4,USM1_pose_rel_economy_area_xz,0.1604296680029172,0.1604296680029172
ridge,4,USM1_USM2_pose_rel_min_distance_rel,-0.16018698240177703,0.16018698240177703
ridge,4,USM1_USM3_pose_rel_min_distance_rel,-0.15963520525720296,0.15963520525720296
ridge,4,USM2_pose_rel_max_acceleration_l2,0.1572760999241878,0.1572760999241878
ridge,4,USM2_pose_rel_max_speed_l2,0.1548483837367972,0.1548483837367972
ridge,4,USM3_pose_rel_pause_duration_seconds,0.15350712049265278,0.15350712049265278
ridge,4,USM0_joint_max_speed_l2,0.15340981391445063,0.15340981391445063
ridge,4,active_pair_min_distance_rel,0.14957769394283793,0.14957769394283793
ridge,4,USM2_pose_rel_rotation_determinant_mean,-0.149284947118061,0.149284947118061
ridge,4,active_pair_mean_distance_rel,0.14859943684027138,0.14859943684027138
ridge,4,USM2_USM3_pose_rel_mean_distance_rel,0.14806275944961939,0.14806275944961939
ridge,4,USM2_USM3_pose_rel_min_distance_rel,0.14588762985585602,0.14588762985585602
ridge,4,USM2_joint_net_displacement_l2,-0.14557383432465593,0.14557383432465593
ridge,4,USM1_USM3_pose_rel_path_length_imbalance,0.14513152754349867,0.14513152754349867
ridge,4,USM1_USM2_pose_rel_alignment_coverage,0.14432235094502574,0.14432235094502574
ridge,4,USM3_pose_rel_economy_area_xz,0.14073870398497287,0.14073870398497287
ridge,4,USM1_USM3_pose_rel_mean_distance_rel,-0.13903090335233156,0.13903090335233156
ridge,4,USM2_joint_tool_roll_q4_mean_abs_velocity,0.13865395671678465,0.13865395671678465
ridge,4,USM1_USM2_pose_rel_path_length_imbalance,-0.13827838269408668,0.13827838269408668
ridge,4,USM1_pose_rel_pause_duration_seconds,-0.13390837176034853,0.13390837176034853
ridge,4,USM3_pose_rel_dimensionless_jerk,-0.13123480474586321,0.13123480474586321
ridge,4,USM1_pose_rel_movement_economy,-0.13005085159092084,0.13005085159092084
ridge,4,USM0_joint_jerk_cost,-0.12999903908272037,0.12999903908272037
ridge,4,USM2_pose_rel_pause_duration_seconds,-0.1285711201944278,0.1285711201944278
ridge,4,USM1_pose_rel_economy_area_yz,0.1276352025734981,0.1276352025734981
ridge,4,USM3_pose_rel_economy_area_yz,-0.12605243420418827,0.12605243420418827
ridge,4,USM1_pose_rel_active,-0.12381493749839596,0.12381493749839596
ridge,4,USM2_pose_rel_raw_path_l2,-0.12319274475163934,0.12319274475163934
ridge,4,USM3_joint_idle_fraction_relative,-0.12282189668646407,0.12282189668646407
ridge,4,active_pair_path_length_a_rel,-0.12087626977893043,0.12087626977893043
ridge,4,USM0_joint_idle_threshold_relative,-0.12068067493201708,0.12068067493201708
ridge,4,USM2_pose_rel_mean_abs_angular_acceleration_rad_s2,0.12054434869947538,0.12054434869947538
ridge,4,USM1_pose_rel_z_range,0.12040333333843248,0.12040333333843248
ridge,4,active_pair_speed_correlation,0.11916747297430999,0.11916747297430999
ridge,4,USM2_joint_pause_fraction,-0.11791215337022601,0.11791215337022601
ridge,4,USM1_pose_rel_y_range,0.11713450409192105,0.11713450409192105
ridge,4,USM2_joint_max_abs_joint_velocity,-0.1153667451162879,0.1153667451162879
ridge,4,duration_seconds,-0.1138158193238924,0.1138158193238924
ridge,4,USM2_joint_insertion_q3_mean_abs_velocity,0.11281407171662247,0.11281407171662247
ridge,4,USM2_pose_rel_economy_area_xy,-0.11075754770780509,0.11075754770780509
ridge,4,USM2_joint_movement_economy,-0.11017572430564046,0.11017572430564046
ridge,4,USM3_pose_rel_movement_economy,-0.1093373394371892,0.1093373394371892
ridge,4,USM2_pose_rel_rms_speed_l2,0.10707879419341089,0.10707879419341089
ridge,4,USM1_USM2_pose_rel_mean_abs_relative_speed,0.10656525367009471,0.10656525367009471
ridge,4,USM2_pose_rel_max_jerk_l2,0.10477048833114969,0.10477048833114969
ridge,4,USM1_pose_rel_economy_volume,0.10435862979655483,0.10435862979655483
ridge,4,USM2_pose_rel_x_range,-0.10410461050747528,0.10410461050747528
ridge,4,USM0_joint_pause_duration_seconds,-0.10189191992714915,0.10189191992714915
ridge,4,active_pair_usm_b,0.09803626960765048,0.09803626960765048
ridge,4,USM1_pose_rel_idle_fraction_relative,0.09755877875427676,0.09755877875427676
ridge,4,USM2_pose_rel_mean_speed_l2,0.09745283621412415,0.09745283621412415
ridge,4,USM2_joint_jerk_cost,-0.09738059896720369,0.09738059896720369
ridge,4,USM2_joint_max_acceleration_l2,-0.09682694577553283,0.09682694577553283
ridge,4,USM0_joint_base_revolute_q0_q2_mean_range,0.09664616262305878,0.09664616262305878
ridge,4,USM3_pose_rel_mean_speed_l2,0.09644167104767469,0.09644167104767469
ridge,4,USM0_joint_base_revolute_q0_q2_path_l1,0.09537578375565814,0.09537578375565814
ridge,4,USM3_pose_rel_max_acceleration_l2,-0.09525411301655395,0.09525411301655395
ridge,4,USM2_joint_raw_path_l2,-0.09491755085873031,0.09491755085873031
ridge,4,USM2_pose_rel_economy_area_xz,0.09458800011536532,0.09458800011536532
ridge,4,USM1_joint_insertion_q3_mean_abs_velocity,0.09411799609686727,0.09411799609686727
ridge,4,USM1_USM3_pose_rel_speed_correlation,-0.0938258965727818,0.0938258965727818
ridge,4,USM1_USM3_pose_rel_both_idle_fraction,0.09312124577596773,0.09312124577596773
ridge,4,USM1_joint_pause_fraction,0.09285652514475343,0.09285652514475343
ridge,4,USM1_joint_base_revolute_q0_q2_mean_abs_velocity,0.09226564704365704,0.09226564704365704
ridge,4,USM2_USM3_pose_rel_speed_correlation,0.09156399004595837,0.09156399004595837
ridge,4,USM2_pose_rel_rotation_orthogonality_error_max,0.09122715266247301,0.09122715266247301
ridge,4,USM2_USM3_pose_rel_path_length_imbalance,-0.09032085003307273,0.09032085003307273
ridge,4,active_pair_usm_a,0.09020873273736404,0.09020873273736404
ridge,4,USM3_joint_insertion_q3_mean_abs_velocity,0.09019303001667713,0.09019303001667713
ridge,4,USM3_joint_pause_duration_seconds,-0.09014833049106317,0.09014833049106317
ridge,4,USM1_joint_max_acceleration_l2,-0.0898501374398592,0.0898501374398592
ridge,4,active_pair_simultaneous_active_fraction,0.0896792572804115,0.0896792572804115
ridge,4,USM2_joint_pause_duration_seconds,-0.0894114165091421,0.0894114165091421
ridge,4,USM0_joint_tool_roll_q4_path_l1,0.08928609247260422,0.08928609247260422
ridge,4,USM1_USM3_pose_rel_one_arm_only_active_fraction,-0.08910076661862196,0.08910076661862196
ridge,4,USM3_pose_rel_log_dimensionless_jerk,0.08836236093946728,0.08836236093946728
ridge,4,USM1_joint_max_jerk_l2,-0.08790035157894392,0.08790035157894392
ridge,4,USM1_USM2_pose_rel_mean_distance_rel,-0.08736221676862418,0.08736221676862418
ridge,4,USM1_pose_rel_rotation_determinant_mean,-0.08460884983317184,0.08460884983317184
ridge,4,USM1_pose_rel_x_range,0.08190468243641522,0.08190468243641522
ridge,4,USM2_joint_mean_abs_joint_velocity,0.08137127093000028,0.08137127093000028
ridge,4,USM2_USM3_pose_rel_distance_range_rel,-0.08107276937575465,0.08107276937575465
ridge,4,USM3_joint_pause_count,-0.0782507201761201,0.0782507201761201
ridge,4,USM1_pose_rel_pause_fraction,0.0778361826581062,0.0778361826581062
ridge,4,USM2_pose_rel_economy_area_yz,-0.07615154194428908,0.07615154194428908
ridge,4,USM2_pose_rel_mean_acceleration_l2,0.07554888448777035,0.07554888448777035
ridge,4,USM2_pose_rel_z_range,0.07510532257028321,0.07510532257028321
ridge,4,all_usm_joint_path_l1_total,-0.07507936372672121,0.07507936372672121
ridge,4,USM1_joint_pause_duration_seconds,-0.07435151244676518,0.07435151244676518
ridge,4,USM3_pose_rel_workspace_box_volume,-0.07404551830047384,0.07404551830047384
ridge,4,USM3_joint_mean_speed_l2,0.07392525322544027,0.07392525322544027
ridge,4,USM3_pose_rel_rotation_orthogonality_error_max,0.07370042907395395,0.07370042907395395
ridge,4,USM1_joint_max_speed_l2,-0.07306708958374265,0.07306708958374265
ridge,4,USM1_joint_max_abs_joint_velocity,-0.071699285626189,0.071699285626189
ridge,4,USM2_joint_max_jerk_l2,-0.07088970279624082,0.07088970279624082
ridge,4,USM3_pose_rel_max_speed_l2,-0.07081229844477965,0.07081229844477965
ridge,4,USM2_pose_rel_rotation_path_radians,0.06877194614647149,0.06877194614647149
ridge,4,USM1_pose_rel_mean_speed_l2,0.0675835757160888,0.0675835757160888
ridge,4,USM1_pose_rel_max_speed_l2,0.06755926125408289,0.06755926125408289
ridge,4,active_pair_path_length_imbalance,-0.06742896673834142,0.06742896673834142
ridge,4,USM3_joint_base_revolute_q0_q2_mean_abs_velocity,0.06600510534070751,0.06600510534070751
ridge,4,USM2_pose_rel_jerk_cost,0.06597898866458013,0.06597898866458013
ridge,4,USM2_joint_distal_q5_q9_mean_range,0.06471989026681356,0.06471989026681356
ridge,4,USM0_joint_raw_path_l2,-0.06421120304001597,0.06421120304001597
ridge,4,USM3_pose_rel_mean_angular_speed_rad_s,0.06298710239655335,0.06298710239655335
ridge,4,USM3_pose_rel_rms_speed_l2,0.06159422973697145,0.06159422973697145
ridge,4,USM0_joint_pause_count,0.060487801612446344,0.060487801612446344
ridge,4,USM3_pose_rel_rotation_orthogonality_error_mean,0.05943545545756005,0.05943545545756005
ridge,4,USM3_joint_tool_roll_q4_mean_abs_velocity,0.05791995540601638,0.05791995540601638
ridge,4,active_pair_one_arm_only_active_fraction,-0.057621648389437945,0.057621648389437945
ridge,4,USM2_pose_rel_dimensionless_jerk,0.05616699913299702,0.05616699913299702
ridge,4,USM1_pose_rel_workspace_box_volume,0.055737581638185124,0.055737581638185124
ridge,4,USM1_pose_rel_max_abs_angular_acceleration_rad_s2,-0.055159098656906075,0.055159098656906075
ridge,4,USM1_USM3_pose_rel_std_distance_rel,0.05478025710970125,0.05478025710970125
ridge,4,USM3_pose_rel_net_displacement_l2,-0.05389192900713928,0.05389192900713928
ridge,4,USM2_pose_rel_idle_threshold_relative,0.05370305328168625,0.05370305328168625
ridge,4,USM1_joint_base_revolute_q0_q2_path_l1,-0.053084015598877585,0.053084015598877585
ridge,4,USM3_pose_rel_max_abs_angular_acceleration_rad_s2,-0.05204853760039012,0.05204853760039012
ridge,4,USM1_pose_rel_dimensionless_jerk,0.05128216393922179,0.05128216393922179
ridge,4,USM1_pose_rel_max_acceleration_l2,0.05049502320350118,0.05049502320350118
ridge,4,USM0_joint_max_acceleration_l2,-0.05048298595034211,0.05048298595034211
ridge,4,USM2_pose_rel_workspace_box_volume,-0.05022128311318602,0.05022128311318602
ridge,4,USM1_USM2_pose_rel_both_idle_fraction,-0.0490249293858557,0.0490249293858557
ridge,4,USM1_joint_net_displacement_l2,-0.04728144651720102,0.04728144651720102
ridge,4,USM2_joint_base_revolute_q0_q2_mean_range,0.047274337651943096,0.047274337651943096
ridge,4,USM2_joint_idle_threshold_relative,0.046916636817282475,0.046916636817282475
ridge,4,USM1_USM3_pose_rel_max_distance_rel,-0.046913249988249105,0.046913249988249105
ridge,4,USM2_joint_pause_count,-0.04608170926145957,0.04608170926145957
ridge,4,USM3_pose_rel_z_range,0.04575951566495945,0.04575951566495945
ridge,4,USM2_joint_mean_speed_l2,0.04484716390603089,0.04484716390603089
ridge,4,USM3_joint_net_displacement_l2,0.04453672087981447,0.04453672087981447
ridge,4,USM1_joint_pause_count,-0.04316161441442082,0.04316161441442082
ridge,4,USM1_pose_rel_mean_acceleration_l2,0.042857390178213814,0.042857390178213814
ridge,4,USM0_joint_max_gap_seconds,0.04270040711758959,0.04270040711758959
ridge,4,USM2_pose_rel_movement_economy,-0.04267584197920099,0.04267584197920099
ridge,4,USM2_pose_rel_economy_volume,-0.04018412483334824,0.04018412483334824
ridge,4,USM3_joint_max_acceleration_l2,0.03966208262954763,0.03966208262954763
ridge,4,USM2_pose_rel_log_dimensionless_jerk,0.03894985161293716,0.03894985161293716
ridge,4,USM1_USM2_pose_rel_speed_correlation,-0.038656949937552545,0.038656949937552545
ridge,4,USM1_USM3_pose_rel_simultaneous_active_fraction,-0.038494230780443624,0.038494230780443624
ridge,4,USM1_pose_rel_log_dimensionless_jerk,0.038267595783944675,0.038267595783944675
ridge,4,USM3_joint_max_speed_l2,-0.03758119861839362,0.03758119861839362
ridge,4,USM2_joint_mean_acceleration_l2,0.03594319249937735,0.03594319249937735
ridge,4,USM3_pose_rel_jerk_cost,-0.03562139247111695,0.03562139247111695
ridge,4,USM0_joint_max_jerk_l2,-0.03486086231994198,0.03486086231994198
ridge,4,USM1_joint_tool_roll_q4_mean_abs_velocity,-0.03461684130207728,0.03461684130207728
ridge,4,USM2_pose_rel_max_abs_angular_acceleration_rad_s2,-0.03451436596987174,0.03451436596987174
ridge,4,USM2_joint_mean_joint_range,0.033001972951914225,0.033001972951914225
ridge,4,USM3_pose_rel_y_range,0.032607189087581236,0.032607189087581236
ridge,4,USM3_pose_rel_idle_threshold_relative,0.03209454609672787,0.03209454609672787
ridge,4,USM3_joint_distal_q5_q9_mean_range,-0.030200958007133988,0.030200958007133988
ridge,4,USM2_USM3_pose_rel_one_arm_only_active_fraction,-0.030016550490660213,0.030016550490660213
ridge,4,active_pair_both_idle_fraction,-0.0299646107162166,0.0299646107162166
ridge,4,USM3_pose_rel_raw_path_l2,0.029896871590932395,0.029896871590932395
ridge,4,USM1_joint_idle_fraction_relative,-0.029766781948302085,0.029766781948302085
ridge,4,USM3_joint_insertion_q3_path_l1,0.0281878608469081,0.0281878608469081
ridge,4,USM2_pose_rel_net_displacement_l2,-0.027045776189525386,0.027045776189525386
ridge,4,USM3_joint_base_revolute_q0_q2_path_l1,0.026955375092763873,0.026955375092763873
ridge,4,USM0_joint_rms_speed_l2,-0.026060260690289692,0.026060260690289692
ridge,4,USM1_pose_rel_max_jerk_l2,0.02605688944410305,0.02605688944410305
ridge,4,USM3_pose_rel_economy_volume,-0.02517719500774838,0.02517719500774838
ridge,4,USM0_joint_distal_q5_q9_mean_range,-0.025078156414980807,0.025078156414980807
ridge,4,USM1_joint_tool_roll_q4_path_l1,-0.02492791681537303,0.02492791681537303
ridge,4,USM3_joint_max_joint_range,-0.024504195143207015,0.024504195143207015
ridge,4,USM0_joint_mean_speed_l2,-0.024371510281652325,0.024371510281652325
ridge,4,USM1_joint_base_revolute_q0_q2_mean_range,-0.024158511010777706,0.024158511010777706
ridge,4,USM3_pose_rel_economy_area_xy,-0.02285370886242681,0.02285370886242681
ridge,4,USM3_pose_rel_mean_abs_angular_acceleration_rad_s2,0.020381200437081522,0.020381200437081522
ridge,4,USM1_joint_raw_path_l2,-0.019168507543286396,0.019168507543286396
ridge,4,USM2_joint_rms_speed_l2,0.019004103341810998,0.019004103341810998
ridge,4,USM3_pose_rel_pause_fraction,0.018927571374807342,0.018927571374807342
ridge,4,USM1_joint_mean_acceleration_l2,0.0186995635011185,0.0186995635011185
ridge,4,USM2_USM3_pose_rel_both_idle_fraction,0.01803876566273022,0.01803876566273022
ridge,4,USM2_USM3_pose_rel_std_distance_rel,0.016920524404746624,0.016920524404746624
ridge,4,USM1_USM2_pose_rel_distance_range_rel,-0.016591858854008726,0.016591858854008726
ridge,4,USM3_joint_insertion_q3_mean_range,0.016504238486283462,0.016504238486283462
ridge,4,USM1_joint_jerk_cost,-0.016169532952166738,0.016169532952166738
ridge,4,USM0_joint_idle_fraction_relative,-0.01532624389375867,0.01532624389375867
ridge,4,USM1_joint_mean_joint_range,0.015211567734296926,0.015211567734296926
ridge,4,USM3_pose_rel_x_range,0.014918424414144272,0.014918424414144272
ridge,4,USM0_joint_mean_acceleration_l2,-0.014811418232755811,0.014811418232755811
ridge,4,USM2_pose_rel_pause_count,0.01393041367109021,0.01393041367109021
ridge,4,USM3_joint_mean_joint_range,-0.012961329383181147,0.012961329383181147
ridge,4,USM3_joint_base_revolute_q0_q2_mean_range,0.012042966196154413,0.012042966196154413
ridge,4,USM3_pose_rel_idle_fraction_relative,0.011652746577701812,0.011652746577701812
ridge,4,USM1_joint_insertion_q3_mean_range,0.011473487033643823,0.011473487033643823
ridge,4,USM0_joint_tool_roll_q4_mean_range,-0.011155712505079268,0.011155712505079268
ridge,4,USM0_joint_median_dt_seconds,0.010664617522756709,0.010664617522756709
ridge,4,USM2_joint_max_joint_range,0.010582701989246357,0.010582701989246357
ridge,4,USM0_joint_net_displacement_l2,0.010556719026721556,0.010556719026721556
ridge,4,USM0_joint_max_joint_range,-0.010438390017462225,0.010438390017462225
ridge,4,USM3_pose_rel_rotation_path_radians,0.009874436255162392,0.009874436255162392
ridge,4,USM2_USM3_pose_rel_simultaneous_active_fraction,0.009421628391591939,0.009421628391591939
ridge,4,USM1_pose_rel_jerk_cost,0.008352569347021103,0.008352569347021103
ridge,4,USM1_pose_rel_max_angular_speed_rad_s,-0.007315336767634694,0.007315336767634694
ridge,4,USM1_pose_rel_raw_path_l2,-0.006537439352068329,0.006537439352068329
ridge,4,all_psm_pose_rel_path_total,-0.006322880022520324,0.006322880022520324
ridge,4,USM3_pose_rel_max_angular_speed_rad_s,0.005841172941188891,0.005841172941188891
ridge,4,USM1_joint_max_joint_range,0.0057021710200337375,0.0057021710200337375
ridge,4,USM1_pose_rel_mean_abs_angular_acceleration_rad_s2,-0.005503438928813567,0.005503438928813567
ridge,4,USM1_joint_distal_q5_q9_mean_range,0.0052032951900143325,0.0052032951900143325
ridge,4,USM2_pose_rel_max_angular_speed_rad_s,-0.005163602227869875,0.005163602227869875
ridge,4,USM1_pose_rel_economy_area_xy,-0.004758730054285394,0.004758730054285394
ridge,4,USM1_pose_rel_rotation_path_radians,-0.00412703402620046,0.00412703402620046
ridge,4,USM1_pose_rel_net_displacement_l2,-0.003934909452317113,0.003934909452317113
ridge,4,USM2_joint_base_revolute_q0_q2_path_l1,0.003519710057839748,0.003519710057839748
ridge,4,USM3_joint_jerk_cost,-0.003329109960244921,0.003329109960244921
ridge,4,USM1_USM2_pose_rel_one_arm_only_active_fraction,0.003204565757257166,0.003204565757257166
ridge,4,USM2_joint_tool_roll_q4_path_l1,-0.0029806241573864874,0.0029806241573864874
ridge,4,USM3_joint_tool_roll_q4_path_l1,0.0025160552742341945,0.0025160552742341945
ridge,4,USM0_joint_mean_joint_range,-0.0024178879554864518,0.0024178879554864518
ridge,4,USM0_joint_movement_economy,-0.002318710564851098,0.002318710564851098
ridge,4,USM1_pose_rel_mean_angular_speed_rad_s,-0.0019200719417070318,0.0019200719417070318
ridge,4,USM3_joint_raw_path_l2,-0.0019012707419524435,0.0019012707419524435
ridge,4,USM1_joint_mean_speed_l2,-0.00125381360988388,0.00125381360988388
ridge,4,USM1_joint_insertion_q3_path_l1,-0.0009975262872049442,0.0009975262872049442
ridge,4,USM1_pose_rel_idle_threshold_relative,0.0009378375945653288,0.0009378375945653288
ridge,4,USM0_joint_insertion_q3_mean_abs_velocity,0.00031207150388453645,0.00031207150388453645
ridge,5,USM2_pose_rel_mean_angular_speed_rad_s,0.125236183152703,0.125236183152703
ridge,5,USM2_pose_rel_rotation_orthogonality_error_mean,0.10625892979985752,0.10625892979985752
ridge,5,USM2_joint_tool_roll_q4_mean_abs_velocity,0.1044235689851985,0.1044235689851985
ridge,5,USM2_pose_rel_rotation_orthogonality_error_max,0.08790360619818033,0.08790360619818033
ridge,5,USM2_pose_rel_rotation_determinant_mean,-0.08685986088590664,0.08685986088590664
ridge,5,USM3_pose_rel_pause_count,-0.0865226696473232,0.0865226696473232
ridge,5,USM0_joint_tool_roll_q4_mean_abs_velocity,0.08651298014705511,0.08651298014705511
ridge,5,USM2_pose_rel_pause_duration_seconds,-0.08533352052056238,0.08533352052056238
ridge,5,USM2_pose_rel_mean_abs_angular_acceleration_rad_s2,0.08425605374236382,0.08425605374236382
ridge,5,USM1_USM2_pose_rel_mean_abs_relative_speed,0.08159681722378714,0.08159681722378714
ridge,5,USM0_joint_base_revolute_q0_q2_mean_abs_velocity,0.08025644548723573,0.08025644548723573
ridge,5,USM2_pose_rel_pause_fraction,-0.07922602275769056,0.07922602275769056
ridge,5,USM2_joint_pause_duration_seconds,-0.07736919555133083,0.07736919555133083
ridge,5,USM2_pose_rel_mean_speed_l2,0.0770802892228757,0.0770802892228757
ridge,5,USM2_pose_rel_idle_fraction_relative,-0.07474256578440111,0.07474256578440111
ridge,5,USM0_joint_insertion_q3_mean_range,-0.07412493840432448,0.07412493840432448
ridge,5,USM2_joint_idle_fraction_relative,-0.07323323346904607,0.07323323346904607
ridge,5,USM0_joint_pause_duration_seconds,-0.07175261489824519,0.07175261489824519
ridge,5,USM2_pose_rel_mean_acceleration_l2,0.06997426742485874,0.06997426742485874
ridge,5,USM1_USM2_pose_rel_simultaneous_active_fraction,0.06980581491774358,0.06980581491774358
ridge,5,USM2_pose_rel_rms_speed_l2,0.06883656600963191,0.06883656600963191
ridge,5,duration_seconds,-0.0668793295194421,0.0668793295194421
ridge,5,USM1_pose_rel_pause_duration_seconds,-0.06611189738666716,0.06611189738666716
ridge,5,USM2_joint_insertion_q3_mean_abs_velocity,0.06473824705506571,0.06473824705506571
ridge,5,USM2_joint_base_revolute_q0_q2_mean_abs_velocity,0.06455206581600047,0.06455206581600047
ridge,5,USM2_pose_rel_idle_threshold_relative,0.06304059579439229,0.06304059579439229
ridge,5,USM1_USM3_pose_rel_distance_range_rel,0.06223747313296377,0.06223747313296377
ridge,5,USM3_pose_rel_idle_threshold_relative,0.061346982015783626,0.061346982015783626
ridge,5,active_pair_min_distance_rel,0.06048924308393341,0.06048924308393341
ridge,5,USM3_pose_rel_dimensionless_jerk,-0.060189131549557844,0.060189131549557844
ridge,5,USM2_joint_pause_fraction,-0.059973205946905736,0.059973205946905736
ridge,5,USM3_pose_rel_log_dimensionless_jerk,0.05755708128949469,0.05755708128949469
ridge,5,USM0_joint_jerk_cost,-0.057548971264495645,0.057548971264495645
ridge,5,active_pair_mean_distance_rel,0.057354051749509784,0.057354051749509784
ridge,5,USM1_USM3_pose_rel_std_distance_rel,0.05695409847517173,0.05695409847517173
ridge,5,USM1_USM3_pose_rel_path_length_imbalance,0.05646714744814312,0.05646714744814312
ridge,5,USM1_pose_rel_y_range,0.05608812700557798,0.05608812700557798
ridge,5,USM0_joint_insertion_q3_mean_abs_velocity,0.05585852167302581,0.05585852167302581
ridge,5,active_pair_one_arm_only_active_fraction,0.05521488509578737,0.05521488509578737
ridge,5,USM1_pose_rel_rms_speed_l2,0.0551915479129511,0.0551915479129511
ridge,5,USM1_pose_rel_pause_count,0.05496411760915441,0.05496411760915441
ridge,5,USM1_joint_pause_duration_seconds,-0.05473588520843554,0.05473588520843554
ridge,5,USM2_joint_pause_count,-0.05260508025741806,0.05260508025741806
ridge,5,USM3_pose_rel_mean_speed_l2,0.05237295843138912,0.05237295843138912
ridge,5,USM2_joint_insertion_q3_mean_range,-0.05203498314383428,0.05203498314383428
ridge,5,USM1_joint_insertion_q3_mean_abs_velocity,0.05198588353373779,0.05198588353373779
ridge,5,USM2_pose_rel_log_dimensionless_jerk,0.05144178948957322,0.05144178948957322
ridge,5,USM2_joint_mean_abs_joint_velocity,0.05120243972316902,0.05120243972316902
ridge,5,USM2_USM3_pose_rel_min_distance_rel,0.05011064154219853,0.05011064154219853
ridge,5,USM2_USM3_pose_rel_one_arm_only_active_fraction,0.049714037916165986,0.049714037916165986
ridge,5,USM2_pose_rel_max_speed_l2,0.04918297906868484,0.04918297906868484
ridge,5,USM0_joint_insertion_q3_path_l1,-0.04902069535096709,0.04902069535096709
ridge,5,USM0_joint_median_dt_seconds,0.04849594628723505,0.04849594628723505
ridge,5,USM2_USM3_pose_rel_both_idle_fraction,-0.047805155597547055,0.047805155597547055
ridge,5,USM2_USM3_pose_rel_mean_distance_rel,0.04736322401551462,0.04736322401551462
ridge,5,USM1_pose_rel_log_dimensionless_jerk,0.04677115818679007,0.04677115818679007
ridge,5,USM0_joint_raw_path_l2,-0.04675400792895728,0.04675400792895728
ridge,5,USM3_pose_rel_mean_abs_angular_acceleration_rad_s2,0.04626628615704912,0.04626628615704912
ridge,5,USM1_pose_rel_x_range,0.045623756234438366,0.045623756234438366
ridge,5,USM2_pose_rel_max_acceleration_l2,0.04507632374999567,0.04507632374999567
ridge,5,USM1_pose_rel_workspace_box_volume,0.045069131846295254,0.045069131846295254
ridge,5,USM3_pose_rel_z_range,0.04472909598922467,0.04472909598922467
ridge,5,USM2_pose_rel_max_jerk_l2,0.04409865034610126,0.04409865034610126
ridge,5,USM1_pose_rel_mean_speed_l2,0.04396193263389181,0.04396193263389181
ridge,5,USM2_pose_rel_pause_count,-0.04236544124710549,0.04236544124710549
ridge,5,USM2_pose_rel_dimensionless_jerk,-0.042257364012570214,0.042257364012570214
ridge,5,USM1_pose_rel_economy_area_xy,0.04184117880020535,0.04184117880020535
ridge,5,USM1_USM2_pose_rel_std_distance_rel,-0.0412525395564115,0.0412525395564115
ridge,5,USM3_pose_rel_rotation_orthogonality_error_mean,-0.04112490434429247,0.04112490434429247
ridge,5,USM2_joint_distal_q5_q9_mean_range,0.04075825456852017,0.04075825456852017
ridge,5,active_pair_both_idle_fraction,-0.040555120988847185,0.040555120988847185
ridge,5,USM1_USM2_pose_rel_path_length_imbalance,-0.040304651369311786,0.040304651369311786
ridge,5,USM0_joint_idle_fraction_relative,-0.040119786243066724,0.040119786243066724
ridge,5,all_usm_joint_path_l1_total,-0.0400794602036249,0.0400794602036249
ridge,5,USM2_joint_insertion_q3_path_l1,-0.039727878797310094,0.039727878797310094
ridge,5,USM1_joint_base_revolute_q0_q2_mean_abs_velocity,0.03946218901483763,0.03946218901483763
ridge,5,USM1_USM3_pose_rel_speed_correlation,-0.03884043817177917,0.03884043817177917
ridge,5,USM2_joint_raw_path_l2,-0.038757310717644135,0.038757310717644135
ridge,5,USM1_USM2_pose_rel_both_idle_fraction,-0.03824577767279706,0.03824577767279706
ridge,5,USM1_pose_rel_economy_area_xz,0.03786285187022209,0.03786285187022209
ridge,5,USM1_pose_rel_economy_volume,0.03784802140199332,0.03784802140199332
ridge,5,USM1_pose_rel_idle_threshold_relative,0.036513821648789184,0.036513821648789184
ridge,5,USM3_pose_rel_rotation_orthogonality_error_max,-0.03650714802812695,0.03650714802812695
ridge,5,USM1_pose_rel_mean_acceleration_l2,0.03595523353043646,0.03595523353043646
ridge,5,USM3_joint_insertion_q3_mean_abs_velocity,0.03567300111194181,0.03567300111194181
ridge,5,USM1_pose_rel_dimensionless_jerk,-0.03561766001026008,0.03561766001026008
ridge,5,USM3_pose_rel_mean_angular_speed_rad_s,0.03369510897559374,0.03369510897559374
ridge,5,USM3_pose_rel_rms_speed_l2,0.03336648746114966,0.03336648746114966
ridge,5,USM3_joint_base_revolute_q0_q2_mean_abs_velocity,0.03272176870190292,0.03272176870190292
ridge,5,USM2_USM3_pose_rel_path_length_imbalance,-0.03259269524133146,0.03259269524133146
ridge,5,USM3_pose_rel_pause_fraction,0.032383982471597184,0.032383982471597184
ridge,5,USM2_pose_rel_jerk_cost,0.031226714460786058,0.031226714460786058
ridge,5,USM3_joint_max_acceleration_l2,0.030984224111649278,0.030984224111649278
ridge,5,USM2_joint_mean_speed_l2,0.030211090712634437,0.030211090712634437
ridge,5,USM3_joint_net_displacement_l2,0.030093679308906558,0.030093679308906558
ridge,5,USM1_USM3_pose_rel_max_distance_rel,0.02993338473639645,0.02993338473639645
ridge,5,USM2_joint_base_revolute_q0_q2_path_l1,-0.029304083470161658,0.029304083470161658
ridge,5,USM0_joint_mean_acceleration_l2,0.02926422945820954,0.02926422945820954
ridge,5,USM0_joint_mean_speed_l2,0.02871319808583828,0.02871319808583828
ridge,5,USM1_joint_tool_roll_q4_path_l1,-0.0276419060401073,0.0276419060401073
ridge,5,USM1_pose_rel_rotation_orthogonality_error_max,0.027546039579548806,0.027546039579548806
ridge,5,USM3_joint_mean_speed_l2,0.0274502611165972,0.0274502611165972
ridge,5,USM2_joint_movement_economy,-0.027425519028362797,0.027425519028362797
ridge,5,USM1_pose_rel_rotation_determinant_mean,-0.027201899099451726,0.027201899099451726
ridge,5,USM2_joint_mean_acceleration_l2,0.027086207407732408,0.027086207407732408
ridge,5,USM3_pose_rel_idle_fraction_relative,0.027008607954204386,0.027008607954204386
ridge,5,USM1_pose_rel_economy_area_yz,0.026628895844162247,0.026628895844162247
ridge,5,USM3_pose_rel_workspace_box_volume,-0.026436769861214866,0.026436769861214866
ridge,5,USM2_pose_rel_raw_path_l2,-0.026417661585432205,0.026417661585432205
ridge,5,USM1_pose_rel_rotation_orthogonality_error_mean,0.025861784430769086,0.025861784430769086
ridge,5,USM1_joint_distal_q5_q9_mean_range,-0.02577636617004247,0.02577636617004247
ridge,5,USM2_joint_max_acceleration_l2,0.024901194512828156,0.024901194512828156
ridge,5,active_pair_usm_a,0.024836761409131165,0.024836761409131165
ridge,5,active_pair_path_length_a_rel,-0.024524840809597555,0.024524840809597555
ridge,5,USM2_joint_net_displacement_l2,-0.02424257037945039,0.02424257037945039
ridge,5,USM1_joint_pause_count,-0.024033545887170424,0.024033545887170424
ridge,5,USM3_joint_insertion_q3_mean_range,0.023723511012363876,0.023723511012363876
ridge,5,USM3_joint_max_joint_range,0.023212486570937687,0.023212486570937687
ridge,5,USM1_USM2_pose_rel_one_arm_only_active_fraction,0.02283349683877863,0.02283349683877863
ridge,5,USM0_joint_base_revolute_q0_q2_mean_range,0.022728080002204807,0.022728080002204807
ridge,5,USM3_joint_tool_roll_q4_mean_abs_velocity,0.02260040465129803,0.02260040465129803
ridge,5,USM2_pose_rel_movement_economy,-0.02240156391111269,0.02240156391111269
ridge,5,USM0_joint_max_joint_range,-0.022361241546568652,0.022361241546568652
ridge,5,USM0_joint_pause_count,-0.022208169152142597,0.022208169152142597
ridge,5,USM1_USM2_pose_rel_speed_correlation,-0.02211468498564501,0.02211468498564501
ridge,5,USM1_USM3_pose_rel_simultaneous_active_fraction,-0.021963169413345928,0.021963169413345928
ridge,5,USM3_joint_distal_q5_q9_mean_range,0.02180050794445243,0.02180050794445243
ridge,5,USM2_USM3_pose_rel_speed_correlation,0.021683319094324867,0.021683319094324867
ridge,5,USM3_joint_mean_joint_range,0.021332419834345393,0.021332419834345393
ridge,5,USM2_joint_rms_speed_l2,0.021235337923977502,0.021235337923977502
ridge,5,USM3_joint_movement_economy,-0.020803644872711413,0.020803644872711413
ridge,5,USM1_USM2_pose_rel_alignment_coverage,0.02043181731602079,0.02043181731602079
ridge,5,USM2_pose_rel_economy_area_yz,-0.02035972068155891,0.02035972068155891
ridge,5,USM1_pose_rel_rotation_path_radians,-0.020300463947253114,0.020300463947253114
ridge,5,USM2_joint_jerk_cost,-0.020083618440328983,0.020083618440328983
ridge,5,USM3_joint_max_speed_l2,0.019780328345493356,0.019780328345493356
ridge,5,USM3_pose_rel_rotation_determinant_mean,0.019673123953101116,0.019673123953101116
ridge,5,USM1_pose_rel_idle_fraction_relative,0.01957534960669112,0.01957534960669112
ridge,5,USM3_pose_rel_economy_area_xz,0.019483018907006166,0.019483018907006166
ridge,5,USM1_joint_base_revolute_q0_q2_path_l1,-0.019463927199922244,0.019463927199922244
ridge,5,USM2_USM3_pose_rel_std_distance_rel,0.018937239818452172,0.018937239818452172
ridge,5,USM3_pose_rel_jerk_cost,-0.018851556092139597,0.018851556092139597
ridge,5,USM2_pose_rel_z_range,0.018823348705111192,0.018823348705111192
ridge,5,USM1_joint_mean_joint_range,-0.01875394192950996,0.01875394192950996
ridge,5,USM3_joint_insertion_q3_path_l1,0.018599331121791945,0.018599331121791945
ridge,5,USM3_joint_base_revolute_q0_q2_path_l1,0.018196343525230693,0.018196343525230693
ridge,5,USM1_USM2_pose_rel_max_distance_rel,-0.017951505715699725,0.017951505715699725
ridge,5,USM2_joint_tool_roll_q4_path_l1,0.017296233796956578,0.017296233796956578
ridge,5,active_pair_path_length_imbalance,-0.01721880493024539,0.01721880493024539
ridge,5,USM1_joint_raw_path_l2,-0.016911069865338812,0.016911069865338812
ridge,5,USM2_joint_mean_joint_range,0.016822515185851723,0.016822515185851723
ridge,5,USM1_joint_max_jerk_l2,-0.016198401287491972,0.016198401287491972
ridge,5,USM1_joint_max_joint_range,-0.015815260769515397,0.015815260769515397
ridge,5,USM1_pose_rel_pause_fraction,0.015787231480292645,0.015787231480292645
ridge,5,USM1_joint_net_displacement_l2,-0.015746307154785505,0.015746307154785505
ridge,5,USM3_pose_rel_economy_area_xy,-0.01570923518146417,0.01570923518146417
ridge,5,USM0_joint_base_revolute_q0_q2_path_l1,-0.01545184569046192,0.01545184569046192
ridge,5,USM2_USM3_pose_rel_distance_range_rel,-0.015365018906560723,0.015365018906560723
ridge,5,USM3_joint_base_revolute_q0_q2_mean_range,0.014208336691333735,0.014208336691333735
ridge,5,USM1_joint_idle_fraction_relative,-0.014059145850443919,0.014059145850443919
ridge,5,USM2_joint_max_abs_joint_velocity,-0.013956343195391324,0.013956343195391324
ridge,5,USM2_pose_rel_rotation_path_radians,0.01379256434962133,0.01379256434962133
ridge,5,USM1_joint_distal_q5_q9_path_l1,-0.013750727480325782,0.013750727480325782
ridge,5,USM0_joint_tool_roll_q4_path_l1,-0.013669782759733897,0.013669782759733897
ridge,5,USM1_joint_max_abs_joint_velocity,-0.013221636595564789,0.013221636595564789
ridge,5,USM1_joint_max_speed_l2,-0.0131241637634071,0.0131241637634071
ridge,5,USM2_pose_rel_y_range,-0.012900915837402592,0.012900915837402592
ridge,5,USM0_joint_max_acceleration_l2,-0.012744306164923785,0.012744306164923785
ridge,5,USM1_pose_rel_mean_abs_angular_acceleration_rad_s2,0.012732284517253768,0.012732284517253768
ridge,5,USM1_joint_max_acceleration_l2,-0.01210471371303401,0.01210471371303401
ridge,5,USM1_USM2_pose_rel_distance_range_rel,-0.011997938008600145,0.011997938008600145
ridge,5,USM2_joint_max_joint_range,-0.011626212225994727,0.011626212225994727
ridge,5,USM2_pose_rel_economy_area_xz,0.010676784792028373,0.010676784792028373
ridge,5,USM1_pose_rel_max_speed_l2,0.010480978096199026,0.010480978096199026
ridge,5,USM3_joint_jerk_cost,0.010407102762132274,0.010407102762132274
ridge,5,USM1_pose_rel_jerk_cost,0.010251962710088275,0.010251962710088275
ridge,5,USM1_USM3_pose_rel_mean_distance_rel,0.010212394901525213,0.010212394901525213
ridge,5,USM1_pose_rel_net_displacement_l2,-0.009844036890171078,0.009844036890171078
ridge,5,USM2_joint_idle_threshold_relative,0.009518978423970443,0.009518978423970443
ridge,5,USM1_USM3_pose_rel_one_arm_only_active_fraction,0.009312316643265636,0.009312316643265636
ridge,5,USM2_joint_max_jerk_l2,0.009154845738594227,0.009154845738594227
ridge,5,USM0_joint_net_displacement_l2,-0.008833010719623209,0.008833010719623209
ridge,5,USM3_joint_raw_path_l2,0.008717918491445197,0.008717918491445197
ridge,5,active_pair_simultaneous_active_fraction,-0.008714033487599165,0.008714033487599165
ridge,5,USM2_USM3_pose_rel_simultaneous_active_fraction,0.00829609787848123,0.00829609787848123
ridge,5,USM2_joint_max_speed_l2,0.007956764992750507,0.007956764992750507
ridge,5,USM3_pose_rel_max_angular_speed_rad_s,-0.007880198884059258,0.007880198884059258
ridge,5,USM2_pose_rel_workspace_box_volume,0.007806136841083405,0.007806136841083405
ridge,5,USM3_pose_rel_max_speed_l2,-0.007735422709362907,0.007735422709362907
ridge,5,USM1_pose_rel_movement_economy,-0.007694823802705803,0.007694823802705803
ridge,5,USM3_pose_rel_max_acceleration_l2,-0.007470084537884672,0.007470084537884672
ridge,5,USM0_joint_tool_roll_q4_mean_range,-0.007372921723766762,0.007372921723766762
ridge,5,USM3_pose_rel_x_range,-0.007235634853146796,0.007235634853146796
ridge,5,all_psm_pose_rel_path_total,-0.00721421531116179,0.00721421531116179
ridge,5,USM3_pose_rel_movement_economy,-0.006942290296821173,0.006942290296821173
ridge,5,USM3_pose_rel_max_abs_angular_acceleration_rad_s2,-0.006811522901291181,0.006811522901291181
ridge,5,USM1_pose_rel_max_angular_speed_rad_s,0.00674956534785702,0.00674956534785702
ridge,5,USM0_joint_rms_speed_l2,0.006694484364632517,0.006694484364632517
ridge,5,USM3_joint_tool_roll_q4_path_l1,0.006594193865107989,0.006594193865107989
ridge,5,USM1_joint_insertion_q3_path_l1,-0.006548451351439948,0.006548451351439948
ridge,5,USM1_pose_rel_mean_angular_speed_rad_s,0.006384697676971175,0.006384697676971175
ridge,5,USM2_pose_rel_net_displacement_l2,-0.0063485411282289,0.0063485411282289
ridge,5,USM0_joint_distal_q5_q9_mean_range,0.006335032394166326,0.006335032394166326
ridge,5,USM1_joint_tool_roll_q4_mean_abs_velocity,0.006009251953919419,0.006009251953919419
ridge,5,USM3_pose_rel_economy_area_yz,-0.0059724053534765875,0.0059724053534765875
ridge,5,USM3_pose_rel_net_displacement_l2,-0.005755241925601936,0.005755241925601936
ridge,5,USM3_joint_idle_fraction_relative,0.005681334474527315,0.005681334474527315
ridge,5,USM1_pose_rel_max_abs_angular_acceleration_rad_s2,0.005150763936854071,0.005150763936854071
ridge,5,USM1_joint_insertion_q3_mean_range,-0.0050804817661704,0.0050804817661704
ridge,5,USM1_USM2_pose_rel_mean_distance_rel,0.004836006190724566,0.004836006190724566
ridge,5,USM3_joint_pause_duration_seconds,-0.004741780680021867,0.004741780680021867
ridge,5,active_pair_usm_b,-0.004699852930614918,0.004699852930614918
ridge,5,USM0_joint_idle_threshold_relative,-0.004397697343942684,0.004397697343942684
ridge,5,USM3_joint_pause_count,0.004394106966080724,0.004394106966080724
ridge,5,USM1_pose_rel_active,0.00420084923285401,0.00420084923285401
ridge,5,USM1_joint_movement_economy,-0.004168476250228644,0.004168476250228644
ridge,5,USM2_pose_rel_x_range,0.004018375270864579,0.004018375270864579
ridge,5,USM1_USM2_pose_rel_min_distance_rel,-0.0038568130125680266,0.0038568130125680266
ridge,5,USM1_USM3_pose_rel_both_idle_fraction,0.0037557825841566007,0.0037557825841566007
ridge,5,USM3_pose_rel_pause_duration_seconds,-0.0037115966005488023,0.0037115966005488023
ridge,5,USM0_joint_max_gap_seconds,-0.003703573787666351,0.003703573787666351
ridge,5,USM0_joint_movement_economy,0.003569237177213816,0.003569237177213816
ridge,5,USM1_joint_jerk_cost,-0.003453145646848737,0.003453145646848737
ridge,5,USM0_joint_mean_joint_range,0.003154856974484397,0.003154856974484397
ridge,5,USM2_pose_rel_max_abs_angular_acceleration_rad_s2,-0.0028918911948375295,0.0028918911948375295
ridge,5,USM1_joint_rms_speed_l2,0.002714234727262135,0.002714234727262135
ridge,5,USM2_joint_base_revolute_q0_q2_mean_range,0.002624064612156869,0.002624064612156869
ridge,5,USM0_joint_max_jerk_l2,0.0023785778684608898,0.0023785778684608898
ridge,5,USM1_joint_mean_speed_l2,0.002163903604353427,0.002163903604353427
ridge,5,USM1_joint_mean_acceleration_l2,0.002155260312154976,0.002155260312154976
ridge,5,USM1_pose_rel_max_acceleration_l2,0.0021387085577010225,0.0021387085577010225
ridge,5,USM0_joint_max_speed_l2,-0.0018984466320113415,0.0018984466320113415
ridge,5,USM2_pose_rel_max_angular_speed_rad_s,-0.0018757689686438876,0.0018757689686438876
ridge,5,USM1_USM3_pose_rel_min_distance_rel,-0.001870832852036279,0.001870832852036279
ridge,5,USM3_pose_rel_rotation_path_radians,0.001438074398638472,0.001438074398638472
ridge,5,USM3_pose_rel_raw_path_l2,-0.001270508424812945,0.001270508424812945
ridge,5,USM1_joint_pause_fraction,0.0011136569317227278,0.0011136569317227278
ridge,5,USM2_pose_rel_economy_area_xy,0.0010885665290668283,0.0010885665290668283
ridge,5,USM1_joint_base_revolute_q0_q2_mean_range,0.0008564726075264213,0.0008564726075264213
ridge,5,active_pair_speed_correlation,-0.0006883793493040532,0.0006883793493040532
ridge,5,USM3_pose_rel_y_range,-0.0004380262757403427,0.0004380262757403427
ridge,5,USM3_pose_rel_economy_volume,-0.0002436603563673002,0.0002436603563673002
ridge,5,USM1_pose_rel_raw_path_l2,0.00023861602685881534,0.00023861602685881534
ridge,5,USM2_pose_rel_economy_volume,0.00023826330643483194,0.00023826330643483194
ridge,5,USM1_pose_rel_z_range,8.545026110918587e-05,8.545026110918587e-05
elastic_net,1,USM0_joint_tool_roll_q4_mean_abs_velocity,0.2466827341066327,0.2466827341066327
elastic_net,1,USM0_joint_insertion_q3_mean_range,-0.24637874654486322,0.24637874654486322
elastic_net,1,USM0_joint_base_revolute_q0_q2_mean_abs_velocity,0.23381204729013327,0.23381204729013327
elastic_net,1,USM2_pose_rel_pause_fraction,-0.20994521912114128,0.20994521912114128
elastic_net,1,USM1_pose_rel_y_range,0.19856220820619766,0.19856220820619766
elastic_net,1,USM2_joint_base_revolute_q0_q2_mean_abs_velocity,0.19429309254166877,0.19429309254166877
elastic_net,1,USM1_pose_rel_rms_speed_l2,0.17967531989319327,0.17967531989319327
elastic_net,1,USM3_pose_rel_economy_area_xz,0.17782359997776395,0.17782359997776395
elastic_net,1,active_pair_speed_correlation,0.17599475830542644,0.17599475830542644
elastic_net,1,USM2_pose_rel_idle_fraction_relative,-0.17102410708454896,0.17102410708454896
elastic_net,1,USM2_joint_idle_fraction_relative,-0.1647263442186543,0.1647263442186543
elastic_net,1,USM2_pose_rel_mean_angular_speed_rad_s,0.16009399713298225,0.16009399713298225
elastic_net,1,USM2_pose_rel_pause_duration_seconds,-0.15671531177343373,0.15671531177343373
elastic_net,1,USM1_pose_rel_pause_count,0.14705057725576687,0.14705057725576687
elastic_net,1,USM1_joint_insertion_q3_mean_abs_velocity,0.14407250396057528,0.14407250396057528
elastic_net,1,USM1_USM2_pose_rel_mean_abs_relative_speed,0.14398825967929582,0.14398825967929582
elastic_net,1,USM1_USM2_pose_rel_min_distance_rel,-0.1394700821392706,0.1394700821392706
elastic_net,1,USM2_pose_rel_z_range,0.13513474757822383,0.13513474757822383
elastic_net,1,USM2_joint_insertion_q3_mean_abs_velocity,0.13507405039617715,0.13507405039617715
elastic_net,1,USM0_joint_movement_economy,0.12978013344314276,0.12978013344314276
elastic_net,1,USM3_pose_rel_log_dimensionless_jerk,0.12940412350928807,0.12940412350928807
elastic_net,1,USM2_USM3_pose_rel_one_arm_only_active_fraction,0.12883860191042118,0.12883860191042118
elastic_net,1,USM2_joint_pause_count,-0.12275009588096458,0.12275009588096458
elastic_net,1,USM1_USM3_pose_rel_distance_range_rel,0.11954483794293615,0.11954483794293615
elastic_net,1,USM1_USM2_pose_rel_simultaneous_active_fraction,0.11868770269753676,0.11868770269753676
elastic_net,1,USM2_joint_distal_q5_q9_mean_range,0.11736185889223139,0.11736185889223139
elastic_net,1,USM2_pose_rel_rotation_orthogonality_error_mean,0.11636654644411669,0.11636654644411669
elastic_net,1,USM0_joint_idle_threshold_relative,-0.11320736469262746,0.11320736469262746
elastic_net,1,USM2_joint_pause_duration_seconds,-0.11137755698481562,0.11137755698481562
elastic_net,1,USM3_pose_rel_jerk_cost,-0.11129726158895102,0.11129726158895102
elastic_net,1,USM1_pose_rel_log_dimensionless_jerk,0.11021182182858592,0.11021182182858592
elastic_net,1,USM0_joint_pause_duration_seconds,-0.10955578035064037,0.10955578035064037
elastic_net,1,USM1_pose_rel_mean_speed_l2,0.10330088486242855,0.10330088486242855
elastic_net,1,USM1_USM2_pose_rel_max_distance_rel,-0.10243372472183758,0.10243372472183758
elastic_net,1,USM2_pose_rel_log_dimensionless_jerk,0.09948871600543345,0.09948871600543345
elastic_net,1,USM1_pose_rel_economy_area_xz,0.09948535270878311,0.09948535270878311
elastic_net,1,USM2_USM3_pose_rel_path_length_imbalance,-0.09893139292462061,0.09893139292462061
elastic_net,1,USM2_pose_rel_max_speed_l2,0.09598966801410028,0.09598966801410028
elastic_net,1,USM2_joint_pause_fraction,-0.09259827923283785,0.09259827923283785
elastic_net,1,USM2_pose_rel_mean_speed_l2,0.09258520946131919,0.09258520946131919
elastic_net,1,USM2_pose_rel_rms_speed_l2,0.09200777627753744,0.09200777627753744
elastic_net,1,USM2_USM3_pose_rel_mean_distance_rel,0.08805769591677612,0.08805769591677612
elastic_net,1,USM2_pose_rel_max_acceleration_l2,0.08775411877123415,0.08775411877123415
elastic_net,1,USM2_pose_rel_pause_count,-0.085270488532973,0.085270488532973
elastic_net,1,USM1_pose_rel_economy_volume,0.08457253476568988,0.08457253476568988
elastic_net,1,USM2_pose_rel_y_range,-0.08393082220022755,0.08393082220022755
elastic_net,1,USM2_pose_rel_rotation_determinant_mean,-0.08092800799660067,0.08092800799660067
elastic_net,1,active_pair_one_arm_only_active_fraction,0.07998457323577483,0.07998457323577483
elastic_net,1,USM1_joint_base_revolute_q0_q2_mean_abs_velocity,0.07796515322170357,0.07796515322170357
elastic_net,1,USM1_USM3_pose_rel_both_idle_fraction,0.07683577705463407,0.07683577705463407
elastic_net,1,USM1_USM3_pose_rel_one_arm_only_active_fraction,-0.07404926968718896,0.07404926968718896
elastic_net,1,USM1_USM3_pose_rel_path_length_imbalance,0.07382101539901903,0.07382101539901903
elastic_net,1,USM2_USM3_pose_rel_speed_correlation,0.07269297667876883,0.07269297667876883
elastic_net,1,duration_seconds,-0.07249901961567812,0.07249901961567812
elastic_net,1,USM2_joint_tool_roll_q4_mean_abs_velocity,0.07170110472074766,0.07170110472074766
elastic_net,1,USM3_pose_rel_workspace_box_volume,-0.07098881820854554,0.07098881820854554
elastic_net,1,active_pair_mean_distance_rel,0.07097030877497154,0.07097030877497154
elastic_net,1,USM3_pose_rel_z_range,0.07028477030548586,0.07028477030548586
elastic_net,1,USM3_pose_rel_pause_fraction,0.06993035479479517,0.06993035479479517
elastic_net,1,USM1_joint_movement_economy,-0.06843076733695243,0.06843076733695243
elastic_net,1,USM3_pose_rel_rotation_orthogonality_error_mean,-0.06739970323918948,0.06739970323918948
elastic_net,1,USM2_pose_rel_max_jerk_l2,0.06359241422454627,0.06359241422454627
elastic_net,1,USM2_joint_max_abs_joint_velocity,-0.05965287657868342,0.05965287657868342
elastic_net,1,USM3_joint_insertion_q3_mean_abs_velocity,0.059517473727464305,0.059517473727464305
elastic_net,1,USM3_pose_rel_dimensionless_jerk,-0.05831623129956374,0.05831623129956374
elastic_net,1,USM2_joint_net_displacement_l2,-0.05671359611211596,0.05671359611211596
elastic_net,1,USM1_USM2_pose_rel_alignment_coverage,0.056515248367656555,0.056515248367656555
elastic_net,1,USM3_pose_rel_pause_count,-0.055290363615223624,0.055290363615223624
elastic_net,1,USM2_pose_rel_idle_threshold_relative,0.05525509117228487,0.05525509117228487
elastic_net,1,USM1_pose_rel_pause_duration_seconds,-0.054086367739457616,0.054086367739457616
elastic_net,1,active_pair_path_length_imbalance,-0.05145882063894311,0.05145882063894311
elastic_net,1,USM1_pose_rel_economy_area_yz,0.05102225301682615,0.05102225301682615
elastic_net,1,USM1_USM2_pose_rel_path_length_imbalance,-0.0507977529884095,0.0507977529884095
elastic_net,1,active_pair_usm_a,0.04946715821887571,0.04946715821887571
elastic_net,1,active_pair_usm_b,0.048562641039100074,0.048562641039100074
elastic_net,1,USM0_joint_jerk_cost,-0.04781683022325349,0.04781683022325349
elastic_net,1,USM1_USM3_pose_rel_std_distance_rel,0.04717480825181192,0.04717480825181192
elastic_net,1,USM0_joint_insertion_q3_mean_abs_velocity,0.0469028237776581,0.0469028237776581
elastic_net,1,USM0_joint_rms_speed_l2,-0.046687209855938674,0.046687209855938674
elastic_net,1,USM1_pose_rel_idle_fraction_relative,0.04577878830976714,0.04577878830976714
elastic_net,1,USM1_pose_rel_mean_acceleration_l2,0.04499238201571907,0.04499238201571907
elastic_net,1,USM0_joint_idle_fraction_relative,-0.04179888932348216,0.04179888932348216
elastic_net,1,USM1_USM3_pose_rel_speed_correlation,-0.041337360647656654,0.041337360647656654
elastic_net,1,USM0_joint_max_jerk_l2,-0.04054187045763486,0.04054187045763486
elastic_net,1,USM1_joint_insertion_q3_mean_range,0.04052060273140455,0.04052060273140455
elastic_net,1,USM0_joint_mean_acceleration_l2,-0.039618428288200426,0.039618428288200426
elastic_net,1,USM1_pose_rel_rotation_orthogonality_error_max,0.03943858520630205,0.03943858520630205
elastic_net,1,USM2_pose_rel_mean_acceleration_l2,0.03943553986085375,0.03943553986085375
elastic_net,1,USM2_USM3_pose_rel_simultaneous_active_fraction,-0.03926034252694859,0.03926034252694859
elastic_net,1,USM0_joint_insertion_q3_path_l1,-0.039054077962539374,0.039054077962539374
elastic_net,1,USM1_pose_rel_rotation_orthogonality_error_mean,0.03827031613453977,0.03827031613453977
elastic_net,1,USM1_pose_rel_pause_fraction,0.03780128185412178,0.03780128185412178
elastic_net,1,USM2_pose_rel_rotation_orthogonality_error_max,0.0370495114420876,0.0370495114420876
elastic_net,1,USM3_pose_rel_idle_fraction_relative,0.036592241324860615,0.036592241324860615
elastic_net,1,USM1_joint_tool_roll_q4_path_l1,-0.03566803877800534,0.03566803877800534
elastic_net,1,USM1_pose_rel_economy_area_xy,0.03185642266922579,0.03185642266922579
elastic_net,1,USM0_joint_max_acceleration_l2,-0.03091421022632678,0.03091421022632678
elastic_net,1,USM3_pose_rel_idle_threshold_relative,0.0286756297053308,0.0286756297053308
elastic_net,1,USM2_USM3_pose_rel_distance_range_rel,-0.028074437599960225,0.028074437599960225
elastic_net,1,USM1_USM2_pose_rel_std_distance_rel,-0.027363462177520368,0.027363462177520368
elastic_net,1,USM1_pose_rel_idle_threshold_relative,0.0265554052155214,0.0265554052155214
elastic_net,1,USM3_pose_rel_rotation_orthogonality_error_max,-0.025539500539397655,0.025539500539397655
elastic_net,1,USM3_joint_base_revolute_q0_q2_mean_abs_velocity,0.02525632539568253,0.02525632539568253
elastic_net,1,USM2_pose_rel_x_range,-0.022211807947120858,0.022211807947120858
elastic_net,1,USM1_USM2_pose_rel_speed_correlation,-0.020358844813059752,0.020358844813059752
elastic_net,1,USM1_pose_rel_x_range,0.019002732087966868,0.019002732087966868
elastic_net,1,USM3_pose_rel_max_speed_l2,-0.018912914385486042,0.018912914385486042
elastic_net,1,USM1_pose_rel_workspace_box_volume,0.01885296485402155,0.01885296485402155
elastic_net,1,USM2_joint_mean_joint_range,0.017400208088110707,0.017400208088110707
elastic_net,1,USM1_joint_max_jerk_l2,-0.01704915430953311,0.01704915430953311
elastic_net,1,USM1_USM2_pose_rel_distance_range_rel,0.016687029658826524,0.016687029658826524
elastic_net,1,USM3_joint_pause_duration_seconds,-0.014107189365752308,0.014107189365752308
elastic_net,1,USM3_pose_rel_max_acceleration_l2,-0.012730126172541562,0.012730126172541562
elastic_net,1,USM3_joint_idle_fraction_relative,-0.012286447395041034,0.012286447395041034
elastic_net,1,USM3_joint_mean_speed_l2,0.01189391684324567,0.01189391684324567
elastic_net,1,USM1_pose_rel_rotation_determinant_mean,-0.011649265699861942,0.011649265699861942
elastic_net,1,USM3_joint_tool_roll_q4_mean_abs_velocity,0.011024363436655872,0.011024363436655872
elastic_net,1,USM0_joint_base_revolute_q0_q2_mean_range,0.010856618620808256,0.010856618620808256
elastic_net,1,USM1_joint_pause_duration_seconds,-0.010004379852531328,0.010004379852531328
elastic_net,1,USM1_pose_rel_z_range,0.009473808656280622,0.009473808656280622
elastic_net,1,USM3_joint_insertion_q3_mean_range,0.009210211924173288,0.009210211924173288
elastic_net,1,USM3_joint_max_acceleration_l2,0.008722505631767836,0.008722505631767836
elastic_net,1,USM3_pose_rel_mean_angular_speed_rad_s,0.007964995607079172,0.007964995607079172
elastic_net,1,USM2_joint_raw_path_l2,-0.007779891312308564,0.007779891312308564
elastic_net,1,USM0_joint_mean_speed_l2,-0.005893433979406216,0.005893433979406216
elastic_net,1,USM2_joint_insertion_q3_path_l1,-0.00462531703804899,0.00462531703804899
elastic_net,1,USM3_pose_rel_pause_duration_seconds,0.0043294725338321235,0.0043294725338321235
elastic_net,1,USM1_pose_rel_movement_economy,-0.0036479040692572514,0.0036479040692572514
elastic_net,1,USM0_joint_tool_roll_q4_mean_range,-0.003022655217091076,0.003022655217091076
elastic_net,1,USM0_joint_pause_count,-0.0015374589809802389,0.0015374589809802389
elastic_net,1,USM3_pose_rel_x_range,-0.0014687433752757523,0.0014687433752757523
elastic_net,1,USM2_pose_rel_raw_path_l2,-0.0010699038047169828,0.0010699038047169828
elastic_net,1,USM3_pose_rel_movement_economy,-0.0008796435005211373,0.0008796435005211373
elastic_net,1,USM3_pose_rel_max_jerk_l2,-0.0003219140542342103,0.0003219140542342103
elastic_net,1,USM1_joint_net_displacement_l2,-0.0003170544504957728,0.0003170544504957728
elastic_net,1,USM3_joint_movement_economy,-0.000115115039429699,0.000115115039429699
elastic_net,1,USM1_pose_rel_jerk_cost,8.307525700847224e-05,8.307525700847224e-05
elastic_net,1,USM1_joint_distal_q5_q9_mean_range,-0.0,0.0
elastic_net,1,USM1_pose_rel_raw_path_l2,0.0,0.0
elastic_net,1,USM1_pose_rel_net_displacement_l2,-0.0,0.0
elastic_net,1,USM1_pose_rel_mean_abs_angular_acceleration_rad_s2,0.0,0.0
elastic_net,1,USM1_pose_rel_mean_angular_speed_rad_s,-0.0,0.0
elastic_net,1,USM1_pose_rel_max_abs_angular_acceleration_rad_s2,0.0,0.0
elastic_net,1,USM2_joint_max_speed_l2,-0.0,0.0
elastic_net,1,USM2_joint_max_acceleration_l2,0.0,0.0
elastic_net,1,USM2_joint_mean_acceleration_l2,-0.0,0.0
elastic_net,1,USM2_joint_idle_threshold_relative,-0.0,0.0
elastic_net,1,USM2_joint_max_jerk_l2,-0.0,0.0
elastic_net,1,USM1_joint_max_acceleration_l2,-0.0,0.0
elastic_net,1,USM1_joint_mean_acceleration_l2,0.0,0.0
elastic_net,1,USM1_joint_max_speed_l2,-0.0,0.0
elastic_net,1,USM1_joint_mean_speed_l2,-0.0,0.0
elastic_net,1,USM0_joint_distal_q5_q9_mean_range,-0.0,0.0
elastic_net,1,USM1_joint_pause_count,-0.0,0.0
elastic_net,1,USM0_joint_max_gap_seconds,-0.0,0.0
elastic_net,1,USM0_joint_raw_path_l2,-0.0,0.0
elastic_net,1,USM0_joint_base_revolute_q0_q2_path_l1,0.0,0.0
elastic_net,1,USM0_joint_max_joint_range,-0.0,0.0
elastic_net,1,USM0_joint_mean_joint_range,-0.0,0.0
elastic_net,1,USM0_joint_max_speed_l2,0.0,0.0
elastic_net,1,USM0_joint_net_displacement_l2,0.0,0.0
elastic_net,1,USM0_joint_median_dt_seconds,0.0,0.0
elastic_net,1,USM1_joint_raw_path_l2,-0.0,0.0
elastic_net,1,USM0_joint_tool_roll_q4_path_l1,0.0,0.0
elastic_net,1,USM1_joint_mean_joint_range,-0.0,0.0
elastic_net,1,USM1_joint_jerk_cost,-0.0,0.0
elastic_net,1,USM1_joint_pause_fraction,0.0,0.0
elastic_net,1,USM1_joint_max_joint_range,-0.0,0.0
elastic_net,1,USM1_joint_idle_fraction_relative,0.0,0.0
elastic_net,1,USM1_joint_idle_threshold_relative,-0.0,0.0
elastic_net,1,USM1_pose_rel_dimensionless_jerk,0.0,0.0
elastic_net,1,USM1_joint_tool_roll_q4_mean_abs_velocity,-0.0,0.0
elastic_net,1,USM1_pose_rel_max_acceleration_l2,0.0,0.0
elastic_net,1,USM1_pose_rel_max_speed_l2,0.0,0.0
elastic_net,1,USM1_pose_rel_max_jerk_l2,0.0,0.0
elastic_net,1,USM1_pose_rel_rotation_path_radians,-0.0,0.0
elastic_net,1,USM1_joint_base_revolute_q0_q2_mean_range,-0.0,0.0
elastic_net,1,USM1_joint_base_revolute_q0_q2_path_l1,-0.0,0.0
elastic_net,1,USM1_joint_max_abs_joint_velocity,-0.0,0.0
elastic_net,1,USM1_joint_insertion_q3_path_l1,-0.0,0.0
elastic_net,1,USM2_joint_tool_roll_q4_path_l1,-0.0,0.0
elastic_net,1,USM2_joint_insertion_q3_mean_range,-0.0,0.0
elastic_net,1,USM2_joint_base_revolute_q0_q2_mean_range,0.0,0.0
elastic_net,1,USM2_joint_base_revolute_q0_q2_path_l1,-0.0,0.0
elastic_net,1,USM2_joint_jerk_cost,-0.0,0.0
elastic_net,1,USM2_joint_max_joint_range,-0.0,0.0
elastic_net,1,USM2_joint_mean_abs_joint_velocity,-0.0,0.0
elastic_net,1,USM1_pose_rel_max_angular_speed_rad_s,0.0,0.0
elastic_net,1,USM2_joint_mean_speed_l2,-0.0,0.0
elastic_net,1,USM2_joint_movement_economy,-0.0,0.0
elastic_net,1,USM2_joint_rms_speed_l2,-0.0,0.0
elastic_net,1,USM3_joint_pause_count,-0.0,0.0
elastic_net,1,USM3_joint_max_speed_l2,0.0,0.0
elastic_net,1,USM3_joint_rms_speed_l2,0.0,0.0
elastic_net,1,USM3_joint_raw_path_l2,0.0,0.0
elastic_net,1,USM2_pose_rel_max_abs_angular_acceleration_rad_s2,-0.0,0.0
elastic_net,1,USM2_pose_rel_economy_area_yz,-0.0,0.0
elastic_net,1,USM2_pose_rel_economy_area_xz,0.0,0.0
elastic_net,1,USM2_pose_rel_economy_area_xy,-0.0,0.0
elastic_net,1,USM2_pose_rel_workspace_box_volume,-0.0,0.0
elastic_net,1,USM2_pose_rel_dimensionless_jerk,-0.0,0.0
elastic_net,1,USM2_pose_rel_jerk_cost,0.0,0.0
elastic_net,1,USM2_pose_rel_movement_economy,-0.0,0.0
elastic_net,1,USM2_pose_rel_net_displacement_l2,-0.0,0.0
elastic_net,1,USM2_pose_rel_economy_volume,-0.0,0.0
elastic_net,1,USM2_pose_rel_rotation_path_radians,0.0,0.0
elastic_net,1,USM2_pose_rel_max_angular_speed_rad_s,-0.0,0.0
elastic_net,1,USM2_pose_rel_mean_abs_angular_acceleration_rad_s2,0.0,0.0
elastic_net,1,USM3_joint_mean_joint_range,0.0,0.0
elastic_net,1,USM3_joint_max_joint_range,0.0,0.0
elastic_net,1,USM3_joint_base_revolute_q0_q2_path_l1,0.0,0.0
elastic_net,1,USM3_joint_base_revolute_q0_q2_mean_range,0.0,0.0
elastic_net,1,USM3_pose_rel_rms_speed_l2,-0.0,0.0
elastic_net,1,USM3_pose_rel_mean_speed_l2,0.0,0.0
elastic_net,1,USM3_pose_rel_raw_path_l2,-0.0,0.0
elastic_net,1,USM3_pose_rel_net_displacement_l2,0.0,0.0
elastic_net,1,USM3_joint_insertion_q3_path_l1,0.0,0.0
elastic_net,1,USM3_joint_distal_q5_q9_mean_range,0.0,0.0
elastic_net,1,USM3_joint_net_displacement_l2,0.0,0.0
elastic_net,1,all_usm_joint_path_l1_total,-0.0,0.0
elastic_net,1,USM3_pose_rel_rotation_path_radians,0.0,0.0
elastic_net,1,USM3_pose_rel_economy_area_xy,0.0,0.0
elastic_net,1,USM3_pose_rel_economy_volume,0.0,0.0
elastic_net,1,USM3_pose_rel_y_range,-0.0,0.0
elastic_net,1,USM3_pose_rel_economy_area_yz,-0.0,0.0
elastic_net,1,USM3_pose_rel_rotation_determinant_mean,0.0,0.0
elastic_net,1,all_psm_pose_rel_path_total,-0.0,0.0
elastic_net,1,USM1_pose_rel_active,0.0,0.0
elastic_net,1,active_psm_count,0.0,0.0
elastic_net,1,USM1_USM2_pose_rel_mean_distance_rel,-0.0,0.0
elastic_net,1,USM3_pose_rel_max_angular_speed_rad_s,-0.0,0.0
elastic_net,1,USM3_pose_rel_mean_abs_angular_acceleration_rad_s2,0.0,0.0
elastic_net,1,USM3_pose_rel_max_abs_angular_acceleration_rad_s2,-0.0,0.0
elastic_net,1,USM1_USM2_pose_rel_one_arm_only_active_fraction,0.0,0.0
elastic_net,1,USM1_USM2_pose_rel_both_idle_fraction,-0.0,0.0
elastic_net,1,USM1_USM3_pose_rel_min_distance_rel,-0.0,0.0
elastic_net,1,USM1_USM3_pose_rel_max_distance_rel,0.0,0.0
elastic_net,1,USM1_USM3_pose_rel_simultaneous_active_fraction,-0.0,0.0
elastic_net,1,USM1_USM3_pose_rel_mean_distance_rel,-0.0,0.0
elastic_net,1,USM2_USM3_pose_rel_std_distance_rel,0.0,0.0
elastic_net,1,USM2_USM3_pose_rel_both_idle_fraction,-0.0,0.0
elastic_net,1,active_pair_simultaneous_active_fraction,-0.0,0.0
elastic_net,1,active_pair_both_idle_fraction,-0.0,0.0
elastic_net,1,active_pair_path_length_a_rel,-0.0,0.0
elastic_net,2,USM0_joint_tool_roll_q4_mean_abs_velocity,0.31009372178690603,0.31009372178690603
elastic_net,2,USM2_pose_rel_mean_angular_speed_rad_s,0.2962901508902846,0.2962901508902846
elastic_net,2,USM0_joint_jerk_cost,-0.24646956313390483,0.24646956313390483
elastic_net,2,USM0_joint_insertion_q3_mean_range,-0.2144079558686503,0.2144079558686503
elastic_net,2,USM2_pose_rel_idle_fraction_relative,-0.21431153977059417,0.21431153977059417
elastic_net,2,USM1_pose_rel_rotation_orthogonality_error_max,0.19879791092975255,0.19879791092975255
elastic_net,2,USM2_joint_tool_roll_q4_mean_abs_velocity,0.19780657264505386,0.19780657264505386
elastic_net,2,USM0_joint_base_revolute_q0_q2_mean_abs_velocity,0.19250244621648085,0.19250244621648085
elastic_net,2,USM2_pose_rel_y_range,-0.1890375552373832,0.1890375552373832
elastic_net,2,USM2_joint_base_revolute_q0_q2_mean_abs_velocity,0.18899103404599554,0.18899103404599554
elastic_net,2,active_pair_usm_b,0.18548788308503872,0.18548788308503872
elastic_net,2,USM1_USM2_pose_rel_both_idle_fraction,-0.18051063705446277,0.18051063705446277
elastic_net,2,USM2_joint_distal_q5_q9_mean_range,0.18049279216131814,0.18049279216131814
elastic_net,2,USM2_pose_rel_rotation_orthogonality_error_mean,0.18008642524678087,0.18008642524678087
elastic_net,2,USM2_joint_insertion_q3_mean_abs_velocity,0.17268409592816852,0.17268409592816852
elastic_net,2,USM1_USM2_pose_rel_mean_abs_relative_speed,0.169740429414609,0.169740429414609
elastic_net,2,USM0_joint_raw_path_l2,-0.16697391723663288,0.16697391723663288
elastic_net,2,USM1_pose_rel_rotation_orthogonality_error_mean,0.16231902307588977,0.16231902307588977
elastic_net,2,USM2_pose_rel_mean_speed_l2,0.16154825850477217,0.16154825850477217
elastic_net,2,USM1_pose_rel_rms_speed_l2,0.1580995897370332,0.1580995897370332
elastic_net,2,USM2_pose_rel_pause_duration_seconds,-0.14390100906795567,0.14390100906795567
elastic_net,2,USM1_USM3_pose_rel_distance_range_rel,0.1426339376009901,0.1426339376009901
elastic_net,2,USM2_pose_rel_rms_speed_l2,0.14046966033538186,0.14046966033538186
elastic_net,2,USM1_pose_rel_y_range,0.13147319898102455,0.13147319898102455
elastic_net,2,USM1_USM2_pose_rel_one_arm_only_active_fraction,0.1278820555487007,0.1278820555487007
elastic_net,2,all_usm_joint_path_l1_total,-0.12708867891710313,0.12708867891710313
elastic_net,2,USM2_pose_rel_mean_acceleration_l2,0.12671950952095973,0.12671950952095973
elastic_net,2,USM3_pose_rel_rotation_determinant_mean,-0.12388531816743736,0.12388531816743736
elastic_net,2,USM1_joint_movement_economy,-0.12206774342678411,0.12206774342678411
elastic_net,2,USM1_USM2_pose_rel_std_distance_rel,-0.11838143923968221,0.11838143923968221
elastic_net,2,USM1_USM2_pose_rel_simultaneous_active_fraction,0.1164096773977656,0.1164096773977656
elastic_net,2,USM1_USM3_pose_rel_one_arm_only_active_fraction,-0.1156791738346024,0.1156791738346024
elastic_net,2,active_pair_speed_correlation,0.11455763683861979,0.11455763683861979
elastic_net,2,USM0_joint_pause_duration_seconds,-0.11450056154016165,0.11450056154016165
elastic_net,2,USM1_pose_rel_economy_area_xz,0.11136444774516958,0.11136444774516958
elastic_net,2,USM2_USM3_pose_rel_mean_distance_rel,0.11123920535606463,0.11123920535606463
elastic_net,2,USM2_USM3_pose_rel_path_length_imbalance,-0.1103990636257639,0.1103990636257639
elastic_net,2,USM1_USM3_pose_rel_both_idle_fraction,0.10892416377013818,0.10892416377013818
elastic_net,2,USM0_joint_max_jerk_l2,-0.1087388950751164,0.1087388950751164
elastic_net,2,USM3_pose_rel_movement_economy,-0.10523183321970271,0.10523183321970271
elastic_net,2,USM2_joint_raw_path_l2,-0.1051478071788451,0.1051478071788451
elastic_net,2,USM2_joint_net_displacement_l2,-0.10456205631918448,0.10456205631918448
elastic_net,2,USM2_USM3_pose_rel_min_distance_rel,0.1028703337630174,0.1028703337630174
elastic_net,2,USM2_pose_rel_mean_abs_angular_acceleration_rad_s2,0.10161287865229128,0.10161287865229128
elastic_net,2,USM0_joint_insertion_q3_path_l1,-0.0996901805351283,0.0996901805351283
elastic_net,2,USM3_pose_rel_pause_count,-0.0970627177391734,0.0970627177391734
elastic_net,2,duration_seconds,-0.09660644931835768,0.09660644931835768
elastic_net,2,USM2_pose_rel_idle_threshold_relative,0.09195889906799952,0.09195889906799952
elastic_net,2,USM1_joint_distal_q5_q9_mean_range,-0.08714327635800356,0.08714327635800356
elastic_net,2,USM1_joint_insertion_q3_mean_abs_velocity,0.08650190615684629,0.08650190615684629
elastic_net,2,USM1_pose_rel_movement_economy,-0.08529408472555382,0.08529408472555382
elastic_net,2,USM1_pose_rel_idle_fraction_relative,0.08482557870830625,0.08482557870830625
elastic_net,2,active_pair_mean_distance_rel,0.08392783519248448,0.08392783519248448
elastic_net,2,USM3_pose_rel_z_range,0.0802341913970407,0.0802341913970407
elastic_net,2,active_pair_min_distance_rel,0.07889202349577334,0.07889202349577334
elastic_net,2,USM1_pose_rel_pause_duration_seconds,-0.07726953320987189,0.07726953320987189
elastic_net,2,active_pair_path_length_imbalance,-0.07304330993905744,0.07304330993905744
elastic_net,2,USM1_joint_max_joint_range,-0.07090595817979914,0.07090595817979914
elastic_net,2,USM2_pose_rel_rotation_determinant_mean,-0.07054393763888618,0.07054393763888618
elastic_net,2,USM1_pose_rel_pause_fraction,0.07048441997007959,0.07048441997007959
elastic_net,2,USM2_joint_pause_duration_seconds,-0.06665696814804771,0.06665696814804771
elastic_net,2,USM1_joint_pause_count,-0.06527917059387561,0.06527917059387561
elastic_net,2,USM2_pose_rel_economy_area_yz,-0.06072498773488994,0.06072498773488994
elastic_net,2,active_pair_usm_a,0.0598112200516051,0.0598112200516051
elastic_net,2,USM2_pose_rel_workspace_box_volume,-0.05834591606697664,0.05834591606697664
elastic_net,2,USM2_USM3_pose_rel_one_arm_only_active_fraction,0.05826416695197028,0.05826416695197028
elastic_net,2,USM1_pose_rel_rotation_determinant_mean,-0.05742809843669389,0.05742809843669389
elastic_net,2,USM3_pose_rel_dimensionless_jerk,-0.0573459200507171,0.0573459200507171
elastic_net,2,USM1_pose_rel_z_range,0.05037517928733045,0.05037517928733045
elastic_net,2,USM3_pose_rel_log_dimensionless_jerk,0.05030968771400976,0.05030968771400976
elastic_net,2,USM1_joint_mean_joint_range,-0.04958053046268707,0.04958053046268707
elastic_net,2,USM1_pose_rel_x_range,0.04907500260304124,0.04907500260304124
elastic_net,2,USM2_pose_rel_rotation_orthogonality_error_max,0.04769196393678319,0.04769196393678319
elastic_net,2,USM2_joint_idle_fraction_relative,-0.047592638884323385,0.047592638884323385
elastic_net,2,active_pair_both_idle_fraction,-0.04465125043842574,0.04465125043842574
elastic_net,2,USM1_pose_rel_economy_volume,0.043902956127075364,0.043902956127075364
elastic_net,2,USM2_USM3_pose_rel_both_idle_fraction,-0.04295313954994529,0.04295313954994529
elastic_net,2,active_pair_one_arm_only_active_fraction,0.04272448940840549,0.04272448940840549
elastic_net,2,USM3_joint_idle_fraction_relative,-0.0424227130451513,0.0424227130451513
elastic_net,2,USM1_joint_pause_duration_seconds,-0.040727719618693786,0.040727719618693786
elastic_net,2,USM1_pose_rel_pause_count,0.04053906871371569,0.04053906871371569
elastic_net,2,USM1_pose_rel_mean_speed_l2,0.04053184152147456,0.04053184152147456
elastic_net,2,USM2_joint_max_acceleration_l2,0.040213916343587584,0.040213916343587584
elastic_net,2,USM2_pose_rel_log_dimensionless_jerk,0.04019171840799544,0.04019171840799544
elastic_net,2,USM1_pose_rel_economy_area_yz,0.03939800109019854,0.03939800109019854
elastic_net,2,USM2_joint_mean_abs_joint_velocity,0.03749727650330745,0.03749727650330745
elastic_net,2,USM2_joint_max_jerk_l2,0.03304358243287561,0.03304358243287561
elastic_net,2,USM0_joint_insertion_q3_mean_abs_velocity,0.03209792701739823,0.03209792701739823
elastic_net,2,USM1_joint_base_revolute_q0_q2_mean_abs_velocity,0.028630843200624534,0.028630843200624534
elastic_net,2,USM0_joint_idle_threshold_relative,-0.027474117846993325,0.027474117846993325
elastic_net,2,USM1_USM3_pose_rel_std_distance_rel,0.027065476991564186,0.027065476991564186
elastic_net,2,USM0_joint_idle_fraction_relative,-0.026855034853116744,0.026855034853116744
elastic_net,2,USM3_pose_rel_economy_area_xz,0.026361820436437505,0.026361820436437505
elastic_net,2,USM1_joint_tool_roll_q4_path_l1,-0.025952048527995816,0.025952048527995816
elastic_net,2,USM1_pose_rel_net_displacement_l2,-0.02438987856602368,0.02438987856602368
elastic_net,2,USM0_joint_max_acceleration_l2,-0.024131757904774436,0.024131757904774436
elastic_net,2,USM3_pose_rel_idle_threshold_relative,0.023585525293507114,0.023585525293507114
elastic_net,2,USM0_joint_median_dt_seconds,0.023217430250862797,0.023217430250862797
elastic_net,2,USM1_pose_rel_active,-0.021765169218186074,0.021765169218186074
elastic_net,2,USM3_pose_rel_workspace_box_volume,-0.02125922713601022,0.02125922713601022
elastic_net,2,USM1_pose_rel_idle_threshold_relative,0.01987506305380742,0.01987506305380742
elastic_net,2,USM2_joint_insertion_q3_path_l1,-0.018677782984964694,0.018677782984964694
elastic_net,2,USM1_joint_max_speed_l2,-0.016010565188076364,0.016010565188076364
elastic_net,2,USM1_USM3_pose_rel_speed_correlation,-0.01502742724386541,0.01502742724386541
elastic_net,2,USM1_USM2_pose_rel_min_distance_rel,-0.014502107187813952,0.014502107187813952
elastic_net,2,USM1_joint_max_jerk_l2,-0.013356356399506499,0.013356356399506499
elastic_net,2,USM3_pose_rel_idle_fraction_relative,0.012439417814517118,0.012439417814517118
elastic_net,2,USM0_joint_base_revolute_q0_q2_mean_range,0.0113667420427704,0.0113667420427704
elastic_net,2,USM1_joint_max_abs_joint_velocity,-0.010650737371754274,0.010650737371754274
elastic_net,2,USM1_USM2_pose_rel_mean_distance_rel,0.00900980164261837,0.00900980164261837
elastic_net,2,USM1_USM3_pose_rel_path_length_imbalance,0.008779299986319055,0.008779299986319055
elastic_net,2,USM3_joint_movement_economy,-0.007813879231741682,0.007813879231741682
elastic_net,2,USM3_pose_rel_max_abs_angular_acceleration_rad_s2,-0.006232500710734757,0.006232500710734757
elastic_net,2,USM2_USM3_pose_rel_speed_correlation,0.004814635941736801,0.004814635941736801
elastic_net,2,USM2_pose_rel_z_range,0.004453434463642573,0.004453434463642573
elastic_net,2,USM2_joint_max_speed_l2,0.0044470767154046326,0.0044470767154046326
elastic_net,2,USM2_joint_mean_joint_range,0.004078993385056821,0.004078993385056821
elastic_net,2,USM2_joint_max_joint_range,-0.0028879436975018163,0.0028879436975018163
elastic_net,2,USM3_joint_pause_count,-0.002545769933631878,0.002545769933631878
elastic_net,2,USM1_pose_rel_max_speed_l2,0.0023345011196036626,0.0023345011196036626
elastic_net,2,USM3_pose_rel_pause_fraction,0.001638176375964969,0.001638176375964969
elastic_net,2,USM2_joint_pause_fraction,-0.0006295892772995096,0.0006295892772995096
elastic_net,2,USM2_pose_rel_max_acceleration_l2,0.0005621737414661212,0.0005621737414661212
elastic_net,2,USM1_pose_rel_workspace_box_volume,0.00043233098077512786,0.00043233098077512786
elastic_net,2,USM3_pose_rel_max_angular_speed_rad_s,-2.149088784312226e-05,2.149088784312226e-05
elastic_net,2,USM2_joint_tool_roll_q4_path_l1,0.0,0.0
elastic_net,2,USM2_joint_base_revolute_q0_q2_mean_range,0.0,0.0
elastic_net,2,USM2_joint_base_revolute_q0_q2_path_l1,-0.0,0.0
elastic_net,2,USM2_joint_max_abs_joint_velocity,-0.0,0.0
elastic_net,2,USM2_joint_insertion_q3_mean_range,-0.0,0.0
elastic_net,2,USM2_joint_idle_threshold_relative,0.0,0.0
elastic_net,2,USM2_joint_pause_count,-0.0,0.0
elastic_net,2,USM1_pose_rel_max_acceleration_l2,0.0,0.0
elastic_net,2,USM1_pose_rel_mean_acceleration_l2,0.0,0.0
elastic_net,2,USM1_pose_rel_max_jerk_l2,0.0,0.0
elastic_net,2,USM1_pose_rel_log_dimensionless_jerk,0.0,0.0
elastic_net,2,USM1_pose_rel_dimensionless_jerk,-0.0,0.0
elastic_net,2,USM2_joint_jerk_cost,-0.0,0.0
elastic_net,2,USM1_pose_rel_mean_angular_speed_rad_s,-0.0,0.0
elastic_net,2,USM1_pose_rel_max_angular_speed_rad_s,-0.0,0.0
elastic_net,2,USM2_joint_mean_speed_l2,0.0,0.0
elastic_net,2,USM2_joint_movement_economy,-0.0,0.0
elastic_net,2,USM1_pose_rel_mean_abs_angular_acceleration_rad_s2,-0.0,0.0
elastic_net,2,USM1_pose_rel_max_abs_angular_acceleration_rad_s2,-0.0,0.0
elastic_net,2,USM2_joint_mean_acceleration_l2,0.0,0.0
elastic_net,2,USM2_joint_rms_speed_l2,0.0,0.0
elastic_net,2,USM1_joint_insertion_q3_path_l1,0.0,0.0
elastic_net,2,USM1_joint_insertion_q3_mean_range,0.0,0.0
elastic_net,2,USM1_joint_max_acceleration_l2,-0.0,0.0
elastic_net,2,USM1_joint_mean_acceleration_l2,-0.0,0.0
elastic_net,2,USM1_joint_mean_speed_l2,-0.0,0.0
elastic_net,2,USM1_joint_net_displacement_l2,-0.0,0.0
elastic_net,2,USM0_joint_distal_q5_q9_mean_range,0.0,0.0
elastic_net,2,USM0_joint_base_revolute_q0_q2_path_l1,-0.0,0.0
elastic_net,2,USM0_joint_mean_joint_range,0.0,0.0
elastic_net,2,USM0_joint_max_joint_range,0.0,0.0
elastic_net,2,USM0_joint_movement_economy,0.0,0.0
elastic_net,2,USM0_joint_net_displacement_l2,0.0,0.0
elastic_net,2,USM0_joint_max_gap_seconds,0.0,0.0
elastic_net,2,USM0_joint_pause_count,-0.0,0.0
elastic_net,2,USM0_joint_rms_speed_l2,-0.0,0.0
elastic_net,2,USM0_joint_mean_speed_l2,-0.0,0.0
elastic_net,2,USM0_joint_mean_acceleration_l2,-0.0,0.0
elastic_net,2,USM0_joint_max_speed_l2,0.0,0.0
elastic_net,2,USM1_joint_jerk_cost,-0.0,0.0
elastic_net,2,USM1_joint_pause_fraction,0.0,0.0
elastic_net,2,USM0_joint_tool_roll_q4_path_l1,0.0,0.0
elastic_net,2,USM0_joint_tool_roll_q4_mean_range,-0.0,0.0
elastic_net,2,USM1_joint_raw_path_l2,-0.0,0.0
elastic_net,2,USM1_pose_rel_jerk_cost,0.0,0.0
elastic_net,2,USM1_pose_rel_raw_path_l2,0.0,0.0
elastic_net,2,USM1_joint_tool_roll_q4_mean_abs_velocity,-0.0,0.0
elastic_net,2,USM1_pose_rel_economy_area_xy,0.0,0.0
elastic_net,2,USM1_pose_rel_rotation_path_radians,-0.0,0.0
elastic_net,2,USM1_joint_idle_threshold_relative,-0.0,0.0
elastic_net,2,USM1_joint_idle_fraction_relative,0.0,0.0
elastic_net,2,USM1_joint_base_revolute_q0_q2_mean_range,0.0,0.0
elastic_net,2,USM1_joint_base_revolute_q0_q2_path_l1,-0.0,0.0
elastic_net,2,USM2_pose_rel_dimensionless_jerk,-0.0,0.0
elastic_net,2,USM2_pose_rel_jerk_cost,0.0,0.0
elastic_net,2,USM3_pose_rel_pause_duration_seconds,0.0,0.0
elastic_net,2,USM3_pose_rel_rms_speed_l2,0.0,0.0
elastic_net,2,USM3_pose_rel_max_speed_l2,-0.0,0.0
elastic_net,2,USM3_pose_rel_max_acceleration_l2,-0.0,0.0
elastic_net,2,USM3_pose_rel_mean_speed_l2,0.0,0.0
elastic_net,2,USM3_joint_distal_q5_q9_mean_range,-0.0,0.0
elastic_net,2,USM3_pose_rel_raw_path_l2,-0.0,0.0
elastic_net,2,USM3_pose_rel_net_displacement_l2,-0.0,0.0
elastic_net,2,USM3_joint_insertion_q3_mean_abs_velocity,-0.0,0.0
elastic_net,2,USM3_joint_tool_roll_q4_path_l1,0.0,0.0
elastic_net,2,USM3_joint_insertion_q3_mean_range,0.0,0.0
elastic_net,2,USM3_joint_tool_roll_q4_mean_abs_velocity,0.0,0.0
elastic_net,2,USM3_joint_base_revolute_q0_q2_path_l1,-0.0,0.0
elastic_net,2,USM3_joint_base_revolute_q0_q2_mean_range,-0.0,0.0
elastic_net,2,USM3_joint_base_revolute_q0_q2_mean_abs_velocity,-0.0,0.0
elastic_net,2,USM3_joint_insertion_q3_path_l1,-0.0,0.0
elastic_net,2,USM3_joint_raw_path_l2,-0.0,0.0
elastic_net,2,USM3_joint_max_speed_l2,-0.0,0.0
elastic_net,2,USM3_joint_rms_speed_l2,-0.0,0.0
elastic_net,2,USM3_joint_mean_speed_l2,-0.0,0.0
elastic_net,2,USM3_joint_max_joint_range,-0.0,0.0
elastic_net,2,USM3_joint_mean_joint_range,-0.0,0.0
elastic_net,2,USM3_joint_pause_duration_seconds,-0.0,0.0
elastic_net,2,USM3_joint_max_acceleration_l2,0.0,0.0
elastic_net,2,USM3_joint_net_displacement_l2,0.0,0.0
elastic_net,2,USM2_pose_rel_economy_area_xz,0.0,0.0
elastic_net,2,USM2_pose_rel_economy_area_xy,-0.0,0.0
elastic_net,2,USM2_pose_rel_x_range,0.0,0.0
elastic_net,2,USM2_pose_rel_economy_volume,-0.0,0.0
elastic_net,2,USM2_pose_rel_rotation_path_radians,0.0,0.0
elastic_net,2,USM2_pose_rel_max_angular_speed_rad_s,-0.0,0.0
elastic_net,2,USM2_pose_rel_max_abs_angular_acceleration_rad_s2,-0.0,0.0
elastic_net,2,USM2_pose_rel_max_speed_l2,0.0,0.0
elastic_net,2,USM2_pose_rel_raw_path_l2,-0.0,0.0
elastic_net,2,USM2_pose_rel_net_displacement_l2,-0.0,0.0
elastic_net,2,USM2_pose_rel_movement_economy,0.0,0.0
elastic_net,2,USM2_pose_rel_pause_count,-0.0,0.0
elastic_net,2,USM2_pose_rel_max_jerk_l2,0.0,0.0
elastic_net,2,all_psm_pose_rel_path_total,-0.0,0.0
elastic_net,2,USM3_pose_rel_jerk_cost,-0.0,0.0
elastic_net,2,USM3_pose_rel_x_range,-0.0,0.0
elastic_net,2,USM3_pose_rel_y_range,0.0,0.0
elastic_net,2,USM3_pose_rel_economy_area_yz,0.0,0.0
elastic_net,2,USM3_pose_rel_economy_area_xy,0.0,0.0
elastic_net,2,USM3_pose_rel_economy_volume,0.0,0.0
elastic_net,2,USM3_pose_rel_rotation_orthogonality_error_mean,0.0,0.0
elastic_net,2,USM3_pose_rel_rotation_orthogonality_error_max,0.0,0.0
elastic_net,2,USM3_pose_rel_rotation_path_radians,-0.0,0.0
elastic_net,2,USM1_USM2_pose_rel_speed_correlation,-0.0,0.0
elastic_net,2,USM1_USM2_pose_rel_distance_range_rel,0.0,0.0
elastic_net,2,USM1_USM2_pose_rel_max_distance_rel,-0.0,0.0
elastic_net,2,USM1_USM2_pose_rel_alignment_coverage,0.0,0.0
elastic_net,2,USM3_pose_rel_mean_abs_angular_acceleration_rad_s2,0.0,0.0
elastic_net,2,USM3_pose_rel_mean_angular_speed_rad_s,0.0,0.0
elastic_net,2,USM1_USM3_pose_rel_mean_distance_rel,-0.0,0.0
elastic_net,2,USM1_USM2_pose_rel_path_length_imbalance,-0.0,0.0
elastic_net,2,USM2_USM3_pose_rel_std_distance_rel,0.0,0.0
elastic_net,2,USM1_USM3_pose_rel_simultaneous_active_fraction,-0.0,0.0
elastic_net,2,USM1_USM3_pose_rel_min_distance_rel,-0.0,0.0
elastic_net,2,USM1_USM3_pose_rel_max_distance_rel,0.0,0.0
elastic_net,2,USM2_USM3_pose_rel_distance_range_rel,-0.0,0.0
elastic_net,2,USM2_USM3_pose_rel_simultaneous_active_fraction,0.0,0.0
elastic_net,2,active_pair_simultaneous_active_fraction,0.0,0.0
elastic_net,2,active_pair_path_length_a_rel,-0.0,0.0
elastic_net,3,USM2_pose_rel_mean_angular_speed_rad_s,0.34794973602520557,0.34794973602520557
elastic_net,3,USM0_joint_insertion_q3_mean_range,-0.3214021722882175,0.3214021722882175
elastic_net,3,USM2_joint_tool_roll_q4_mean_abs_velocity,0.29929933735838526,0.29929933735838526
elastic_net,3,USM2_pose_rel_pause_fraction,-0.26565289904453965,0.26565289904453965
elastic_net,3,USM2_joint_idle_fraction_relative,-0.237642036892701,0.237642036892701
elastic_net,3,USM2_pose_rel_idle_fraction_relative,-0.23256482714957374,0.23256482714957374
elastic_net,3,USM1_pose_rel_y_range,0.22671917202691544,0.22671917202691544
elastic_net,3,USM0_joint_base_revolute_q0_q2_mean_abs_velocity,0.20389659241194588,0.20389659241194588
elastic_net,3,USM2_joint_base_revolute_q0_q2_mean_abs_velocity,0.20097123558421137,0.20097123558421137
elastic_net,3,USM2_pose_rel_rotation_orthogonality_error_mean,0.1999729879175947,0.1999729879175947
elastic_net,3,USM1_pose_rel_rms_speed_l2,0.19872890437095966,0.19872890437095966
elastic_net,3,USM0_joint_insertion_q3_path_l1,-0.18754443517696068,0.18754443517696068
elastic_net,3,USM1_USM3_pose_rel_distance_range_rel,0.1843166855058836,0.1843166855058836
elastic_net,3,USM0_joint_tool_roll_q4_mean_abs_velocity,0.183811139400309,0.183811139400309
elastic_net,3,USM3_pose_rel_pause_count,-0.17721770459672162,0.17721770459672162
elastic_net,3,USM1_USM2_pose_rel_mean_abs_relative_speed,0.16428344842938802,0.16428344842938802
elastic_net,3,USM2_pose_rel_pause_duration_seconds,-0.15484779638766075,0.15484779638766075
elastic_net,3,USM2_joint_pause_fraction,-0.15473071295398919,0.15473071295398919
elastic_net,3,USM2_pose_rel_rotation_determinant_mean,-0.1523211112953593,0.1523211112953593
elastic_net,3,USM2_joint_insertion_q3_mean_abs_velocity,0.14768226339392618,0.14768226339392618
elastic_net,3,USM2_joint_distal_q5_q9_mean_range,0.13791330395230553,0.13791330395230553
elastic_net,3,USM2_pose_rel_mean_speed_l2,0.13492128277095658,0.13492128277095658
elastic_net,3,USM3_pose_rel_movement_economy,-0.1272769412876234,0.1272769412876234
elastic_net,3,USM0_joint_jerk_cost,-0.11935981799016374,0.11935981799016374
elastic_net,3,USM1_pose_rel_economy_area_yz,0.11882368192111718,0.11882368192111718
elastic_net,3,USM3_pose_rel_log_dimensionless_jerk,0.11518860369895251,0.11518860369895251
elastic_net,3,USM1_pose_rel_rotation_orthogonality_error_max,0.11268846726015448,0.11268846726015448
elastic_net,3,USM1_USM3_pose_rel_std_distance_rel,0.11027072401182166,0.11027072401182166
elastic_net,3,USM1_joint_insertion_q3_mean_abs_velocity,0.1090712533186838,0.1090712533186838
elastic_net,3,USM0_joint_pause_duration_seconds,-0.10819861123403603,0.10819861123403603
elastic_net,3,USM1_USM2_pose_rel_max_distance_rel,-0.1072773384726398,0.1072773384726398
elastic_net,3,USM2_pose_rel_rms_speed_l2,0.10593293270542484,0.10593293270542484
elastic_net,3,USM2_pose_rel_mean_abs_angular_acceleration_rad_s2,0.10575812227680309,0.10575812227680309
elastic_net,3,USM2_USM3_pose_rel_mean_distance_rel,0.10573846971980733,0.10573846971980733
elastic_net,3,USM3_pose_rel_z_range,0.10287645453600429,0.10287645453600429
elastic_net,3,active_pair_speed_correlation,0.1021392163543443,0.1021392163543443
elastic_net,3,USM1_pose_rel_pause_count,0.10079633782532675,0.10079633782532675
elastic_net,3,USM2_joint_pause_duration_seconds,-0.09826962595326331,0.09826962595326331
elastic_net,3,USM2_pose_rel_max_speed_l2,0.09723988349137949,0.09723988349137949
elastic_net,3,USM1_joint_distal_q5_q9_mean_range,-0.0969126451358648,0.0969126451358648
elastic_net,3,USM2_pose_rel_mean_acceleration_l2,0.09549778038063736,0.09549778038063736
elastic_net,3,USM1_pose_rel_mean_speed_l2,0.09414034290996867,0.09414034290996867
elastic_net,3,USM1_pose_rel_idle_fraction_relative,0.09378620878889131,0.09378620878889131
elastic_net,3,active_pair_usm_b,0.09270932082657558,0.09270932082657558
elastic_net,3,active_pair_mean_distance_rel,0.09138887940079135,0.09138887940079135
elastic_net,3,USM1_pose_rel_pause_fraction,0.08876278868058417,0.08876278868058417
elastic_net,3,USM1_pose_rel_mean_acceleration_l2,0.08581925278331201,0.08581925278331201
elastic_net,3,duration_seconds,-0.0854441361865711,0.0854441361865711
elastic_net,3,USM1_pose_rel_pause_duration_seconds,-0.08508501293819501,0.08508501293819501
elastic_net,3,USM3_pose_rel_dimensionless_jerk,-0.08384696195695986,0.08384696195695986
elastic_net,3,USM1_USM2_pose_rel_min_distance_rel,-0.08361672520969991,0.08361672520969991
elastic_net,3,USM2_joint_max_abs_joint_velocity,-0.08264279292781467,0.08264279292781467
elastic_net,3,USM2_pose_rel_idle_threshold_relative,0.08186862430733018,0.08186862430733018
elastic_net,3,USM3_pose_rel_economy_area_xy,-0.08118191342016183,0.08118191342016183
elastic_net,3,USM1_pose_rel_rotation_orthogonality_error_mean,0.08010518901031771,0.08010518901031771
elastic_net,3,USM1_pose_rel_workspace_box_volume,0.07888892682272082,0.07888892682272082
elastic_net,3,USM1_pose_rel_economy_volume,0.07669699095287763,0.07669699095287763
elastic_net,3,USM1_pose_rel_rotation_determinant_mean,-0.07645233199053503,0.07645233199053503
elastic_net,3,USM1_pose_rel_x_range,0.07596688731943696,0.07596688731943696
elastic_net,3,USM1_USM3_pose_rel_both_idle_fraction,0.07545545872528164,0.07545545872528164
elastic_net,3,active_pair_usm_a,0.07479724607357846,0.07479724607357846
elastic_net,3,USM3_joint_insertion_q3_mean_abs_velocity,0.07447118315313633,0.07447118315313633
elastic_net,3,USM1_USM2_pose_rel_path_length_imbalance,-0.07266261884141302,0.07266261884141302
elastic_net,3,USM2_pose_rel_log_dimensionless_jerk,0.06924010027925288,0.06924010027925288
elastic_net,3,USM2_joint_insertion_q3_path_l1,-0.06859032941930822,0.06859032941930822
elastic_net,3,USM1_joint_base_revolute_q0_q2_mean_abs_velocity,0.06645088318477611,0.06645088318477611
elastic_net,3,USM1_pose_rel_economy_area_xz,0.06632838918134892,0.06632838918134892
elastic_net,3,USM2_pose_rel_max_acceleration_l2,0.06532760766551725,0.06532760766551725
elastic_net,3,USM2_joint_raw_path_l2,-0.06400241247173787,0.06400241247173787
elastic_net,3,USM2_USM3_pose_rel_one_arm_only_active_fraction,0.0637546957991842,0.0637546957991842
elastic_net,3,USM3_pose_rel_workspace_box_volume,-0.0633056008885599,0.0633056008885599
elastic_net,3,USM1_USM2_pose_rel_std_distance_rel,-0.06282586658814973,0.06282586658814973
elastic_net,3,USM1_USM3_pose_rel_path_length_imbalance,0.06228190565712189,0.06228190565712189
elastic_net,3,USM3_pose_rel_idle_threshold_relative,0.05693688047762944,0.05693688047762944
elastic_net,3,USM2_joint_insertion_q3_mean_range,-0.05565390406687303,0.05565390406687303
elastic_net,3,USM1_joint_mean_joint_range,-0.05525159116592877,0.05525159116592877
elastic_net,3,USM2_pose_rel_z_range,0.05504635979999701,0.05504635979999701
elastic_net,3,USM3_joint_base_revolute_q0_q2_mean_abs_velocity,0.05488586285374164,0.05488586285374164
elastic_net,3,USM1_joint_max_joint_range,-0.051207201964671545,0.051207201964671545
elastic_net,3,USM1_USM3_pose_rel_speed_correlation,-0.04945710809973488,0.04945710809973488
elastic_net,3,USM0_joint_tool_roll_q4_mean_range,-0.049080158958600524,0.049080158958600524
elastic_net,3,USM1_pose_rel_log_dimensionless_jerk,0.04870180892967949,0.04870180892967949
elastic_net,3,USM1_joint_movement_economy,-0.04840516763569022,0.04840516763569022
elastic_net,3,USM0_joint_raw_path_l2,-0.0458709203616214,0.0458709203616214
elastic_net,3,USM2_pose_rel_max_jerk_l2,0.04435482613012476,0.04435482613012476
elastic_net,3,USM1_USM3_pose_rel_one_arm_only_active_fraction,-0.04252144911701198,0.04252144911701198
elastic_net,3,USM1_joint_net_displacement_l2,-0.04243726731342769,0.04243726731342769
elastic_net,3,USM1_joint_pause_duration_seconds,-0.04121575943243134,0.04121575943243134
elastic_net,3,USM3_pose_rel_rotation_determinant_mean,-0.03850323775269495,0.03850323775269495
elastic_net,3,USM2_USM3_pose_rel_speed_correlation,0.03617723155919603,0.03617723155919603
elastic_net,3,USM1_pose_rel_movement_economy,-0.03573083524916619,0.03573083524916619
elastic_net,3,all_usm_joint_path_l1_total,-0.03447055618634763,0.03447055618634763
elastic_net,3,USM2_pose_rel_raw_path_l2,-0.03202983818503313,0.03202983818503313
elastic_net,3,USM0_joint_idle_threshold_relative,-0.0318370201030063,0.0318370201030063
elastic_net,3,USM3_pose_rel_economy_area_xz,0.03182192121513711,0.03182192121513711
elastic_net,3,USM2_USM3_pose_rel_both_idle_fraction,-0.03170605806642457,0.03170605806642457
elastic_net,3,USM1_pose_rel_max_speed_l2,0.03148053199990943,0.03148053199990943
elastic_net,3,USM3_pose_rel_pause_fraction,0.031440922259039675,0.031440922259039675
elastic_net,3,USM1_joint_max_jerk_l2,-0.029651490603547,0.029651490603547
elastic_net,3,active_pair_one_arm_only_active_fraction,0.028857002000769676,0.028857002000769676
elastic_net,3,USM3_pose_rel_pause_duration_seconds,0.028496426933569456,0.028496426933569456
elastic_net,3,USM0_joint_max_joint_range,-0.027765037233581126,0.027765037233581126
elastic_net,3,USM1_USM2_pose_rel_speed_correlation,-0.026713930244520463,0.026713930244520463
elastic_net,3,USM3_pose_rel_x_range,-0.02594361982329233,0.02594361982329233
elastic_net,3,USM3_pose_rel_max_acceleration_l2,-0.0256799239575229,0.0256799239575229
elastic_net,3,USM0_joint_max_acceleration_l2,-0.025655501204441364,0.025655501204441364
elastic_net,3,USM0_joint_idle_fraction_relative,-0.02529383214611813,0.02529383214611813
elastic_net,3,active_pair_both_idle_fraction,-0.024640642608215742,0.024640642608215742
elastic_net,3,USM2_USM3_pose_rel_path_length_imbalance,-0.024163565584785596,0.024163565584785596
elastic_net,3,USM2_pose_rel_rotation_orthogonality_error_max,0.024053055419544198,0.024053055419544198
elastic_net,3,USM1_joint_max_speed_l2,-0.02350876494660559,0.02350876494660559
elastic_net,3,USM3_pose_rel_mean_angular_speed_rad_s,0.023338285400249376,0.023338285400249376
elastic_net,3,USM3_joint_tool_roll_q4_mean_abs_velocity,0.023107286376394216,0.023107286376394216
elastic_net,3,USM3_joint_insertion_q3_mean_range,0.022877944148224708,0.022877944148224708
elastic_net,3,USM0_joint_movement_economy,-0.022272304458885863,0.022272304458885863
elastic_net,3,USM1_joint_pause_fraction,0.02136988306480617,0.02136988306480617
elastic_net,3,USM3_joint_max_acceleration_l2,0.020904433450861615,0.020904433450861615
elastic_net,3,USM2_pose_rel_net_displacement_l2,-0.019744174373802485,0.019744174373802485
elastic_net,3,USM1_joint_tool_roll_q4_path_l1,-0.018754197817329933,0.018754197817329933
elastic_net,3,USM3_joint_net_displacement_l2,0.018609901266750065,0.018609901266750065
elastic_net,3,USM3_pose_rel_net_displacement_l2,-0.016106910834829225,0.016106910834829225
elastic_net,3,USM1_joint_max_abs_joint_velocity,-0.014011832715411386,0.014011832715411386
elastic_net,3,USM1_pose_rel_jerk_cost,0.013108952270754533,0.013108952270754533
elastic_net,3,USM1_pose_rel_idle_threshold_relative,0.013013950362686582,0.013013950362686582
elastic_net,3,USM3_pose_rel_jerk_cost,-0.012031354113973549,0.012031354113973549
elastic_net,3,USM3_pose_rel_max_speed_l2,-0.011045946657430517,0.011045946657430517
elastic_net,3,USM1_USM2_pose_rel_one_arm_only_active_fraction,0.011011562231721886,0.011011562231721886
elastic_net,3,USM1_USM2_pose_rel_both_idle_fraction,-0.008649614128152615,0.008649614128152615
elastic_net,3,USM3_joint_mean_speed_l2,0.008248527190340667,0.008248527190340667
elastic_net,3,USM1_USM3_pose_rel_simultaneous_active_fraction,-0.0074341280738397,0.0074341280738397
elastic_net,3,USM1_joint_idle_fraction_relative,0.00737121581654421,0.00737121581654421
elastic_net,3,USM2_USM3_pose_rel_std_distance_rel,0.007319503984493681,0.007319503984493681
elastic_net,3,USM1_pose_rel_active,-0.006212517057616313,0.006212517057616313
elastic_net,3,USM0_joint_rms_speed_l2,-0.004758292780244057,0.004758292780244057
elastic_net,3,USM2_joint_movement_economy,-0.004463253383365705,0.004463253383365705
elastic_net,3,active_pair_path_length_a_rel,-0.00184903277385839,0.00184903277385839
elastic_net,3,USM0_joint_base_revolute_q0_q2_mean_range,0.0008241941917218129,0.0008241941917218129
elastic_net,3,USM1_pose_rel_mean_angular_speed_rad_s,-0.0,0.0
elastic_net,3,USM1_pose_rel_max_abs_angular_acceleration_rad_s2,0.0,0.0
elastic_net,3,USM1_pose_rel_max_angular_speed_rad_s,0.0,0.0
elastic_net,3,USM2_joint_rms_speed_l2,-0.0,0.0
elastic_net,3,USM2_joint_mean_acceleration_l2,-0.0,0.0
elastic_net,3,USM2_joint_max_acceleration_l2,0.0,0.0
elastic_net,3,USM2_joint_max_jerk_l2,-0.0,0.0
elastic_net,3,USM2_joint_idle_threshold_relative,-0.0,0.0
elastic_net,3,USM0_joint_pause_count,0.0,0.0
elastic_net,3,USM0_joint_max_jerk_l2,-0.0,0.0
elastic_net,3,USM0_joint_tool_roll_q4_path_l1,-0.0,0.0
elastic_net,3,USM1_joint_raw_path_l2,-0.0,0.0
elastic_net,3,USM0_joint_base_revolute_q0_q2_path_l1,-0.0,0.0
elastic_net,3,USM0_joint_mean_joint_range,-0.0,0.0
elastic_net,3,USM0_joint_insertion_q3_mean_abs_velocity,0.0,0.0
elastic_net,3,USM0_joint_distal_q5_q9_mean_range,0.0,0.0
elastic_net,3,USM1_joint_mean_speed_l2,-0.0,0.0
elastic_net,3,USM1_joint_pause_count,-0.0,0.0
elastic_net,3,USM0_joint_mean_acceleration_l2,-0.0,0.0
elastic_net,3,USM0_joint_median_dt_seconds,0.0,0.0
elastic_net,3,USM0_joint_net_displacement_l2,-0.0,0.0
elastic_net,3,USM0_joint_max_gap_seconds,0.0,0.0
elastic_net,3,USM0_joint_mean_speed_l2,-0.0,0.0
elastic_net,3,USM0_joint_max_speed_l2,0.0,0.0
elastic_net,3,USM1_joint_jerk_cost,-0.0,0.0
elastic_net,3,USM1_joint_max_acceleration_l2,-0.0,0.0
elastic_net,3,USM1_joint_mean_acceleration_l2,-0.0,0.0
elastic_net,3,USM1_pose_rel_mean_abs_angular_acceleration_rad_s2,0.0,0.0
elastic_net,3,USM1_pose_rel_rotation_path_radians,-0.0,0.0
elastic_net,3,USM1_pose_rel_dimensionless_jerk,-0.0,0.0
elastic_net,3,USM1_pose_rel_z_range,0.0,0.0
elastic_net,3,USM1_pose_rel_economy_area_xy,0.0,0.0
elastic_net,3,USM1_pose_rel_max_acceleration_l2,0.0,0.0
elastic_net,3,USM1_joint_insertion_q3_mean_range,0.0,0.0
elastic_net,3,USM1_pose_rel_raw_path_l2,0.0,0.0
elastic_net,3,USM1_pose_rel_net_displacement_l2,0.0,0.0
elastic_net,3,USM1_joint_tool_roll_q4_mean_abs_velocity,-0.0,0.0
elastic_net,3,USM1_joint_base_revolute_q0_q2_path_l1,-0.0,0.0
elastic_net,3,USM1_joint_base_revolute_q0_q2_mean_range,0.0,0.0
elastic_net,3,USM1_joint_insertion_q3_path_l1,0.0,0.0
elastic_net,3,USM2_joint_tool_roll_q4_path_l1,0.0,0.0
elastic_net,3,USM2_joint_base_revolute_q0_q2_path_l1,-0.0,0.0
elastic_net,3,USM2_joint_base_revolute_q0_q2_mean_range,0.0,0.0
elastic_net,3,USM2_joint_pause_count,-0.0,0.0
elastic_net,3,USM2_joint_jerk_cost,-0.0,0.0
elastic_net,3,USM2_joint_mean_joint_range,0.0,0.0
elastic_net,3,USM2_joint_max_joint_range,-0.0,0.0
elastic_net,3,USM2_joint_mean_abs_joint_velocity,0.0,0.0
elastic_net,3,USM2_joint_net_displacement_l2,0.0,0.0
elastic_net,3,USM2_joint_mean_speed_l2,0.0,0.0
elastic_net,3,USM2_joint_max_speed_l2,0.0,0.0
elastic_net,3,USM3_joint_pause_duration_seconds,-0.0,0.0
elastic_net,3,USM3_joint_mean_joint_range,0.0,0.0
elastic_net,3,USM3_joint_max_joint_range,0.0,0.0
elastic_net,3,USM3_joint_base_revolute_q0_q2_path_l1,0.0,0.0
elastic_net,3,USM3_joint_base_revolute_q0_q2_mean_range,0.0,0.0
elastic_net,3,USM3_joint_movement_economy,-0.0,0.0
elastic_net,3,USM3_joint_rms_speed_l2,0.0,0.0
elastic_net,3,USM3_joint_raw_path_l2,0.0,0.0
elastic_net,3,USM2_pose_rel_movement_economy,-0.0,0.0
elastic_net,3,USM2_pose_rel_jerk_cost,0.0,0.0
elastic_net,3,USM2_pose_rel_pause_count,-0.0,0.0
elastic_net,3,USM2_pose_rel_x_range,-0.0,0.0
elastic_net,3,USM2_pose_rel_dimensionless_jerk,-0.0,0.0
elastic_net,3,USM2_pose_rel_economy_area_xz,0.0,0.0
elastic_net,3,USM2_pose_rel_economy_area_xy,0.0,0.0
elastic_net,3,USM2_pose_rel_workspace_box_volume,0.0,0.0
elastic_net,3,USM2_pose_rel_y_range,-0.0,0.0
elastic_net,3,USM2_pose_rel_economy_area_yz,-0.0,0.0
elastic_net,3,USM2_pose_rel_economy_volume,0.0,0.0
elastic_net,3,USM2_pose_rel_rotation_path_radians,0.0,0.0
elastic_net,3,USM2_pose_rel_max_angular_speed_rad_s,-0.0,0.0
elastic_net,3,USM3_pose_rel_idle_fraction_relative,0.0,0.0
elastic_net,3,USM3_pose_rel_rms_speed_l2,0.0,0.0
elastic_net,3,USM3_pose_rel_mean_speed_l2,0.0,0.0
elastic_net,3,USM3_pose_rel_raw_path_l2,-0.0,0.0
elastic_net,3,USM3_joint_insertion_q3_path_l1,0.0,0.0
elastic_net,3,USM3_joint_tool_roll_q4_path_l1,0.0,0.0
elastic_net,3,USM3_joint_distal_q5_q9_mean_range,0.0,0.0
elastic_net,3,USM2_pose_rel_max_abs_angular_acceleration_rad_s2,-0.0,0.0
elastic_net,3,USM3_joint_max_speed_l2,0.0,0.0
elastic_net,3,USM3_joint_idle_fraction_relative,-0.0,0.0
elastic_net,3,USM3_joint_pause_count,-0.0,0.0
elastic_net,3,USM3_pose_rel_economy_area_yz,-0.0,0.0
elastic_net,3,USM3_pose_rel_rotation_orthogonality_error_max,0.0,0.0
elastic_net,3,USM3_pose_rel_economy_volume,-0.0,0.0
elastic_net,3,USM3_pose_rel_rotation_orthogonality_error_mean,0.0,0.0
elastic_net,3,USM3_pose_rel_y_range,-0.0,0.0
elastic_net,3,USM1_USM2_pose_rel_distance_range_rel,0.0,0.0
elastic_net,3,USM1_USM2_pose_rel_mean_distance_rel,-0.0,0.0
elastic_net,3,USM1_USM2_pose_rel_alignment_coverage,0.0,0.0
elastic_net,3,USM3_pose_rel_rotation_path_radians,0.0,0.0
elastic_net,3,USM3_pose_rel_max_angular_speed_rad_s,-0.0,0.0
elastic_net,3,USM3_pose_rel_mean_abs_angular_acceleration_rad_s2,0.0,0.0
elastic_net,3,USM3_pose_rel_max_abs_angular_acceleration_rad_s2,-0.0,0.0
elastic_net,3,all_psm_pose_rel_path_total,-0.0,0.0
elastic_net,3,USM1_USM3_pose_rel_max_distance_rel,0.0,0.0
elastic_net,3,USM1_USM2_pose_rel_simultaneous_active_fraction,0.0,0.0
elastic_net,3,USM1_USM3_pose_rel_mean_distance_rel,-0.0,0.0
elastic_net,3,USM1_USM3_pose_rel_min_distance_rel,-0.0,0.0
elastic_net,3,USM2_USM3_pose_rel_distance_range_rel,-0.0,0.0
elastic_net,3,USM2_USM3_pose_rel_simultaneous_active_fraction,-0.0,0.0
elastic_net,3,active_pair_simultaneous_active_fraction,0.0,0.0
elastic_net,3,active_pair_path_length_imbalance,-0.0,0.0
elastic_net,4,USM0_joint_insertion_q3_mean_range,-0.3665628051039773,0.3665628051039773
elastic_net,4,USM2_pose_rel_mean_angular_speed_rad_s,0.2790882890887205,0.2790882890887205
elastic_net,4,USM0_joint_tool_roll_q4_mean_abs_velocity,0.24023000480195905,0.24023000480195905
elastic_net,4,USM2_joint_idle_fraction_relative,-0.2293823051618296,0.2293823051618296
elastic_net,4,USM0_joint_base_revolute_q0_q2_mean_abs_velocity,0.2226557811753354,0.2226557811753354
elastic_net,4,USM2_pose_rel_rotation_orthogonality_error_mean,0.22040556916926063,0.22040556916926063
elastic_net,4,USM2_joint_base_revolute_q0_q2_mean_abs_velocity,0.21987854243416996,0.21987854243416996
elastic_net,4,USM2_pose_rel_pause_fraction,-0.20676180162618685,0.20676180162618685
elastic_net,4,USM1_pose_rel_pause_count,0.1885081209984173,0.1885081209984173
elastic_net,4,USM2_joint_insertion_q3_mean_range,-0.18694542854354906,0.18694542854354906
elastic_net,4,USM0_joint_insertion_q3_path_l1,-0.18536921887993715,0.18536921887993715
elastic_net,4,USM1_USM2_pose_rel_max_distance_rel,-0.1832062579418937,0.1832062579418937
elastic_net,4,USM1_pose_rel_rms_speed_l2,0.17071036007312065,0.17071036007312065
elastic_net,4,USM2_pose_rel_pause_duration_seconds,-0.17010502763485907,0.17010502763485907
elastic_net,4,USM2_pose_rel_idle_fraction_relative,-0.16486413621123597,0.16486413621123597
elastic_net,4,USM1_USM3_pose_rel_distance_range_rel,0.16177743587503798,0.16177743587503798
elastic_net,4,USM2_joint_pause_fraction,-0.16102880294170477,0.16102880294170477
elastic_net,4,USM1_pose_rel_rotation_orthogonality_error_max,0.151594212972912,0.151594212972912
elastic_net,4,USM1_pose_rel_rotation_orthogonality_error_mean,0.1493801212956645,0.1493801212956645
elastic_net,4,USM2_joint_tool_roll_q4_mean_abs_velocity,0.1446922768791324,0.1446922768791324
elastic_net,4,USM2_joint_pause_duration_seconds,-0.13684595930172103,0.13684595930172103
elastic_net,4,USM1_USM3_pose_rel_path_length_imbalance,0.13362238031930218,0.13362238031930218
elastic_net,4,USM1_USM2_pose_rel_mean_abs_relative_speed,0.13319256774124028,0.13319256774124028
elastic_net,4,USM3_pose_rel_pause_count,-0.131681428688228,0.131681428688228
elastic_net,4,USM1_joint_movement_economy,-0.12919249657560267,0.12919249657560267
elastic_net,4,duration_seconds,-0.12230387973115853,0.12230387973115853
elastic_net,4,USM2_pose_rel_rotation_determinant_mean,-0.12045771193123592,0.12045771193123592
elastic_net,4,USM2_pose_rel_mean_abs_angular_acceleration_rad_s2,0.11988666510865817,0.11988666510865817
elastic_net,4,USM1_pose_rel_pause_duration_seconds,-0.11763680474936061,0.11763680474936061
elastic_net,4,USM2_USM3_pose_rel_min_distance_rel,0.11588678448368167,0.11588678448368167
elastic_net,4,USM3_joint_movement_economy,-0.11557794433167931,0.11557794433167931
elastic_net,4,USM2_joint_insertion_q3_path_l1,-0.11402558303924314,0.11402558303924314
elastic_net,4,USM3_pose_rel_dimensionless_jerk,-0.11050795754864731,0.11050795754864731
elastic_net,4,active_pair_min_distance_rel,0.11016457340329865,0.11016457340329865
elastic_net,4,active_pair_speed_correlation,0.10806177156915071,0.10806177156915071
elastic_net,4,USM2_pose_rel_mean_speed_l2,0.10751679104622626,0.10751679104622626
elastic_net,4,USM1_USM2_pose_rel_simultaneous_active_fraction,0.102420694873874,0.102420694873874
elastic_net,4,USM1_USM3_pose_rel_std_distance_rel,0.10229982207127762,0.10229982207127762
elastic_net,4,USM1_USM2_pose_rel_path_length_imbalance,-0.10125070230011046,0.10125070230011046
elastic_net,4,USM1_pose_rel_y_range,0.10104053334095943,0.10104053334095943
elastic_net,4,USM2_USM3_pose_rel_mean_distance_rel,0.09982869217545838,0.09982869217545838
elastic_net,4,USM0_joint_jerk_cost,-0.09886349668130708,0.09886349668130708
elastic_net,4,USM1_joint_insertion_q3_mean_abs_velocity,0.09730023436031555,0.09730023436031555
elastic_net,4,USM2_joint_movement_economy,-0.09593651438662781,0.09593651438662781
elastic_net,4,USM0_joint_pause_duration_seconds,-0.09534457737382669,0.09534457737382669
elastic_net,4,USM2_pose_rel_rms_speed_l2,0.09422363272717696,0.09422363272717696
elastic_net,4,USM1_USM2_pose_rel_min_distance_rel,-0.09257085588994507,0.09257085588994507
elastic_net,4,USM2_joint_insertion_q3_mean_abs_velocity,0.09215658683342687,0.09215658683342687
elastic_net,4,active_pair_mean_distance_rel,0.09148889459034533,0.09148889459034533
elastic_net,4,active_pair_usm_b,0.09073899422590673,0.09073899422590673
elastic_net,4,USM3_pose_rel_log_dimensionless_jerk,0.08887297699635682,0.08887297699635682
elastic_net,4,USM2_pose_rel_mean_acceleration_l2,0.08416463110304633,0.08416463110304633
elastic_net,4,USM2_joint_max_speed_l2,-0.08312979387818865,0.08312979387818865
elastic_net,4,USM1_pose_rel_economy_area_xz,0.0819654985583215,0.0819654985583215
elastic_net,4,USM2_pose_rel_rotation_orthogonality_error_max,0.07656053328771777,0.07656053328771777
elastic_net,4,USM1_joint_base_revolute_q0_q2_mean_abs_velocity,0.0761076020644463,0.0761076020644463
elastic_net,4,USM2_joint_net_displacement_l2,-0.07387253291411001,0.07387253291411001
elastic_net,4,USM3_pose_rel_z_range,0.07287723888052365,0.07287723888052365
elastic_net,4,USM2_pose_rel_max_acceleration_l2,0.07035303708689929,0.07035303708689929
elastic_net,4,USM1_USM2_pose_rel_std_distance_rel,-0.07021988477270037,0.07021988477270037
elastic_net,4,USM1_pose_rel_rotation_determinant_mean,-0.06722930898434536,0.06722930898434536
elastic_net,4,USM2_joint_mean_abs_joint_velocity,0.06287719703142801,0.06287719703142801
elastic_net,4,USM1_pose_rel_z_range,0.06268224783801239,0.06268224783801239
elastic_net,4,USM2_pose_rel_max_speed_l2,0.06249510787404015,0.06249510787404015
elastic_net,4,USM2_pose_rel_raw_path_l2,-0.06223601806709332,0.06223601806709332
elastic_net,4,USM2_pose_rel_y_range,-0.06153631281776643,0.06153631281776643
elastic_net,4,active_pair_path_length_a_rel,-0.05884739551236025,0.05884739551236025
elastic_net,4,USM1_pose_rel_mean_speed_l2,0.05870508702566441,0.05870508702566441
elastic_net,4,USM1_USM2_pose_rel_mean_distance_rel,-0.05809340550232029,0.05809340550232029
elastic_net,4,USM2_joint_max_abs_joint_velocity,-0.0576999133321782,0.0576999133321782
elastic_net,4,active_pair_usm_a,0.0560117223391672,0.0560117223391672
elastic_net,4,USM3_pose_rel_movement_economy,-0.05456543228348131,0.05456543228348131
elastic_net,4,USM2_USM3_pose_rel_path_length_imbalance,-0.054464203985545884,0.054464203985545884
elastic_net,4,USM3_pose_rel_mean_speed_l2,0.054057545050871146,0.054057545050871146
elastic_net,4,USM2_pose_rel_idle_threshold_relative,0.0497353088875311,0.0497353088875311
elastic_net,4,all_usm_joint_path_l1_total,-0.04790314279324491,0.04790314279324491
elastic_net,4,USM1_pose_rel_movement_economy,-0.04603310678929166,0.04603310678929166
elastic_net,4,USM2_USM3_pose_rel_distance_range_rel,-0.044588588859848996,0.044588588859848996
elastic_net,4,USM3_pose_rel_rotation_determinant_mean,-0.04310758341083108,0.04310758341083108
elastic_net,4,USM1_joint_pause_duration_seconds,-0.03877009040605691,0.03877009040605691
elastic_net,4,USM2_pose_rel_max_jerk_l2,0.03866434289997352,0.03866434289997352
elastic_net,4,USM2_USM3_pose_rel_speed_correlation,0.034223105150859814,0.034223105150859814
elastic_net,4,USM0_joint_raw_path_l2,-0.03365979228768115,0.03365979228768115
elastic_net,4,USM1_pose_rel_x_range,0.0310638518019803,0.0310638518019803
elastic_net,4,USM1_joint_max_acceleration_l2,-0.029083685576742332,0.029083685576742332
elastic_net,4,USM1_USM2_pose_rel_alignment_coverage,0.02882191051317385,0.02882191051317385
elastic_net,4,USM2_pose_rel_log_dimensionless_jerk,0.027714428078006795,0.027714428078006795
elastic_net,4,USM1_pose_rel_log_dimensionless_jerk,0.02647444001947256,0.02647444001947256
elastic_net,4,USM3_pose_rel_jerk_cost,-0.026165396232893476,0.026165396232893476
elastic_net,4,USM1_USM3_pose_rel_speed_correlation,-0.025840440441983463,0.025840440441983463
elastic_net,4,USM2_pose_rel_economy_area_xy,-0.02565132124218978,0.02565132124218978
elastic_net,4,USM3_pose_rel_economy_area_xz,0.023378187166101787,0.023378187166101787
elastic_net,4,USM1_joint_max_jerk_l2,-0.023191094809101812,0.023191094809101812
elastic_net,4,USM1_pose_rel_mean_acceleration_l2,0.022596573778442104,0.022596573778442104
elastic_net,4,USM1_joint_pause_fraction,0.021675114012514825,0.021675114012514825
elastic_net,4,USM2_pose_rel_x_range,-0.02094118384083387,0.02094118384083387
elastic_net,4,USM2_joint_max_acceleration_l2,-0.020312527188359436,0.020312527188359436
elastic_net,4,USM2_joint_max_jerk_l2,-0.02012723420223993,0.02012723420223993
elastic_net,4,USM1_pose_rel_economy_volume,0.018530651584265014,0.018530651584265014
elastic_net,4,USM1_pose_rel_idle_threshold_relative,0.017816074370944995,0.017816074370944995
elastic_net,4,USM1_pose_rel_active,-0.01668522567411744,0.01668522567411744
elastic_net,4,USM1_USM2_pose_rel_both_idle_fraction,-0.016055885949177628,0.016055885949177628
elastic_net,4,USM3_pose_rel_workspace_box_volume,-0.016053767822876368,0.016053767822876368
elastic_net,4,USM1_pose_rel_idle_fraction_relative,0.016010467111260248,0.016010467111260248
elastic_net,4,USM3_joint_insertion_q3_mean_abs_velocity,0.01575469215794834,0.01575469215794834
elastic_net,4,USM3_pose_rel_economy_area_yz,-0.014077436057690549,0.014077436057690549
elastic_net,4,USM1_pose_rel_workspace_box_volume,0.013803391722162503,0.013803391722162503
elastic_net,4,USM2_pose_rel_movement_economy,-0.013658769432380181,0.013658769432380181
elastic_net,4,USM1_pose_rel_max_speed_l2,0.012920522449643139,0.012920522449643139
elastic_net,4,USM3_joint_pause_duration_seconds,-0.012848613166623486,0.012848613166623486
elastic_net,4,USM2_joint_mean_speed_l2,0.011783349783068357,0.011783349783068357
elastic_net,4,active_pair_path_length_imbalance,-0.010560649095727086,0.010560649095727086
elastic_net,4,USM3_joint_pause_count,-0.008449941342879706,0.008449941342879706
elastic_net,4,USM3_joint_idle_fraction_relative,-0.008174730343315728,0.008174730343315728
elastic_net,4,USM3_pose_rel_pause_fraction,0.00744455984924887,0.00744455984924887
elastic_net,4,USM2_joint_pause_count,-0.00717176871444913,0.00717176871444913
elastic_net,4,USM1_pose_rel_economy_area_yz,0.007066204192447471,0.007066204192447471
elastic_net,4,USM2_pose_rel_economy_area_yz,-0.005314221218024977,0.005314221218024977
elastic_net,4,USM1_USM3_pose_rel_both_idle_fraction,0.0048345464599299955,0.0048345464599299955
elastic_net,4,USM3_pose_rel_idle_threshold_relative,0.004436480681005856,0.004436480681005856
elastic_net,4,USM2_joint_raw_path_l2,-0.0036175362818010497,0.0036175362818010497
elastic_net,4,USM3_pose_rel_max_acceleration_l2,-0.0033068135789331055,0.0033068135789331055
elastic_net,4,USM3_joint_base_revolute_q0_q2_mean_abs_velocity,0.0028476618789109345,0.0028476618789109345
elastic_net,4,USM2_joint_jerk_cost,-0.0022550603636539318,0.0022550603636539318
elastic_net,4,USM1_pose_rel_pause_fraction,0.0005210817579467947,0.0005210817579467947
elastic_net,4,USM1_joint_max_abs_joint_velocity,-0.0003453180259028901,0.0003453180259028901
elastic_net,4,USM1_pose_rel_mean_abs_angular_acceleration_rad_s2,0.0,0.0
elastic_net,4,USM1_pose_rel_max_angular_speed_rad_s,0.0,0.0
elastic_net,4,USM2_joint_rms_speed_l2,0.0,0.0
elastic_net,4,USM2_joint_mean_joint_range,0.0,0.0
elastic_net,4,USM2_joint_mean_acceleration_l2,0.0,0.0
elastic_net,4,USM2_joint_idle_threshold_relative,0.0,0.0
elastic_net,4,USM1_pose_rel_max_acceleration_l2,0.0,0.0
elastic_net,4,USM1_pose_rel_max_jerk_l2,0.0,0.0
elastic_net,4,USM1_joint_distal_q5_q9_mean_range,-0.0,0.0
elastic_net,4,USM1_pose_rel_dimensionless_jerk,-0.0,0.0
elastic_net,4,USM1_pose_rel_net_displacement_l2,-0.0,0.0
elastic_net,4,USM1_pose_rel_raw_path_l2,-0.0,0.0
elastic_net,4,USM1_joint_tool_roll_q4_mean_abs_velocity,0.0,0.0
elastic_net,4,USM1_joint_idle_fraction_relative,0.0,0.0
elastic_net,4,USM1_joint_max_joint_range,-0.0,0.0
elastic_net,4,USM1_joint_mean_joint_range,-0.0,0.0
elastic_net,4,USM1_joint_jerk_cost,-0.0,0.0
elastic_net,4,USM1_pose_rel_max_abs_angular_acceleration_rad_s2,-0.0,0.0
elastic_net,4,USM1_pose_rel_economy_area_xy,0.0,0.0
elastic_net,4,USM1_pose_rel_jerk_cost,0.0,0.0
elastic_net,4,USM1_pose_rel_rotation_path_radians,-0.0,0.0
elastic_net,4,USM1_pose_rel_mean_angular_speed_rad_s,0.0,0.0
elastic_net,4,USM0_joint_base_revolute_q0_q2_path_l1,-0.0,0.0
elastic_net,4,USM0_joint_max_joint_range,-0.0,0.0
elastic_net,4,USM0_joint_mean_joint_range,0.0,0.0
elastic_net,4,USM0_joint_pause_count,-0.0,0.0
elastic_net,4,USM0_joint_idle_threshold_relative,-0.0,0.0
elastic_net,4,USM0_joint_idle_fraction_relative,-0.0,0.0
elastic_net,4,USM0_joint_max_acceleration_l2,-0.0,0.0
elastic_net,4,USM0_joint_max_jerk_l2,-0.0,0.0
elastic_net,4,USM0_joint_rms_speed_l2,-0.0,0.0
elastic_net,4,USM0_joint_mean_speed_l2,0.0,0.0
elastic_net,4,USM0_joint_mean_acceleration_l2,0.0,0.0
elastic_net,4,USM0_joint_max_speed_l2,0.0,0.0
elastic_net,4,USM0_joint_tool_roll_q4_mean_range,-0.0,0.0
elastic_net,4,USM0_joint_tool_roll_q4_path_l1,0.0,0.0
elastic_net,4,USM0_joint_base_revolute_q0_q2_mean_range,0.0,0.0
elastic_net,4,USM0_joint_insertion_q3_mean_abs_velocity,0.0,0.0
elastic_net,4,USM1_joint_mean_acceleration_l2,-0.0,0.0
elastic_net,4,USM1_joint_max_speed_l2,-0.0,0.0
elastic_net,4,USM1_joint_mean_speed_l2,-0.0,0.0
elastic_net,4,USM1_joint_net_displacement_l2,-0.0,0.0
elastic_net,4,USM0_joint_distal_q5_q9_mean_range,-0.0,0.0
elastic_net,4,USM1_joint_raw_path_l2,-0.0,0.0
elastic_net,4,USM1_joint_pause_count,-0.0,0.0
elastic_net,4,USM1_joint_tool_roll_q4_path_l1,-0.0,0.0
elastic_net,4,USM1_joint_base_revolute_q0_q2_mean_range,-0.0,0.0
elastic_net,4,USM1_joint_insertion_q3_path_l1,-0.0,0.0
elastic_net,4,USM1_joint_insertion_q3_mean_range,0.0,0.0
elastic_net,4,USM1_joint_base_revolute_q0_q2_path_l1,-0.0,0.0
elastic_net,4,USM0_joint_max_gap_seconds,0.0,0.0
elastic_net,4,USM0_joint_median_dt_seconds,0.0,0.0
elastic_net,4,USM0_joint_net_displacement_l2,0.0,0.0
elastic_net,4,USM0_joint_movement_economy,-0.0,0.0
elastic_net,4,USM2_joint_distal_q5_q9_mean_range,0.0,0.0
elastic_net,4,USM2_joint_tool_roll_q4_path_l1,-0.0,0.0
elastic_net,4,USM2_joint_base_revolute_q0_q2_path_l1,-0.0,0.0
elastic_net,4,USM2_joint_base_revolute_q0_q2_mean_range,0.0,0.0
elastic_net,4,USM2_joint_max_joint_range,0.0,0.0
elastic_net,4,USM3_joint_distal_q5_q9_mean_range,-0.0,0.0
elastic_net,4,USM3_pose_rel_raw_path_l2,-0.0,0.0
elastic_net,4,USM3_pose_rel_net_displacement_l2,-0.0,0.0
elastic_net,4,USM3_joint_insertion_q3_mean_range,0.0,0.0
elastic_net,4,USM3_joint_tool_roll_q4_path_l1,-0.0,0.0
elastic_net,4,USM3_joint_mean_joint_range,-0.0,0.0
elastic_net,4,USM3_joint_jerk_cost,-0.0,0.0
elastic_net,4,USM3_joint_max_joint_range,-0.0,0.0
elastic_net,4,USM3_joint_base_revolute_q0_q2_path_l1,0.0,0.0
elastic_net,4,USM3_joint_base_revolute_q0_q2_mean_range,0.0,0.0
elastic_net,4,USM3_joint_insertion_q3_path_l1,0.0,0.0
elastic_net,4,USM3_joint_raw_path_l2,-0.0,0.0
elastic_net,4,USM3_joint_mean_speed_l2,0.0,0.0
elastic_net,4,USM3_joint_net_displacement_l2,0.0,0.0
elastic_net,4,USM3_joint_max_speed_l2,-0.0,0.0
elastic_net,4,USM3_joint_max_acceleration_l2,0.0,0.0
elastic_net,4,USM2_pose_rel_jerk_cost,0.0,0.0
elastic_net,4,USM2_pose_rel_pause_count,-0.0,0.0
elastic_net,4,USM2_pose_rel_net_displacement_l2,-0.0,0.0
elastic_net,4,USM2_pose_rel_dimensionless_jerk,-0.0,0.0
elastic_net,4,USM2_pose_rel_economy_area_xz,0.0,0.0
elastic_net,4,USM2_pose_rel_z_range,0.0,0.0
elastic_net,4,USM2_pose_rel_workspace_box_volume,-0.0,0.0
elastic_net,4,USM2_pose_rel_economy_volume,-0.0,0.0
elastic_net,4,USM2_pose_rel_rotation_path_radians,0.0,0.0
elastic_net,4,USM2_pose_rel_max_angular_speed_rad_s,-0.0,0.0
elastic_net,4,USM2_pose_rel_max_abs_angular_acceleration_rad_s2,-0.0,0.0
elastic_net,4,USM3_pose_rel_pause_duration_seconds,0.0,0.0
elastic_net,4,USM3_pose_rel_idle_fraction_relative,0.0,0.0
elastic_net,4,USM3_pose_rel_rms_speed_l2,0.0,0.0
elastic_net,4,USM3_pose_rel_max_speed_l2,-0.0,0.0
elastic_net,4,USM3_joint_tool_roll_q4_mean_abs_velocity,0.0,0.0
elastic_net,4,USM3_pose_rel_mean_abs_angular_acceleration_rad_s2,0.0,0.0
elastic_net,4,USM3_pose_rel_max_abs_angular_acceleration_rad_s2,-0.0,0.0
elastic_net,4,USM3_pose_rel_mean_angular_speed_rad_s,0.0,0.0
elastic_net,4,USM3_pose_rel_economy_volume,-0.0,0.0
elastic_net,4,USM3_pose_rel_y_range,0.0,0.0
elastic_net,4,USM3_pose_rel_x_range,-0.0,0.0
elastic_net,4,USM3_pose_rel_economy_area_xy,-0.0,0.0
elastic_net,4,USM3_pose_rel_rotation_orthogonality_error_max,0.0,0.0
elastic_net,4,USM3_pose_rel_rotation_orthogonality_error_mean,0.0,0.0
elastic_net,4,all_psm_pose_rel_path_total,-0.0,0.0
elastic_net,4,USM3_pose_rel_rotation_path_radians,-0.0,0.0
elastic_net,4,USM1_USM2_pose_rel_speed_correlation,-0.0,0.0
elastic_net,4,USM1_USM2_pose_rel_distance_range_rel,-0.0,0.0
elastic_net,4,USM3_pose_rel_max_angular_speed_rad_s,-0.0,0.0
elastic_net,4,USM1_USM3_pose_rel_simultaneous_active_fraction,-0.0,0.0
elastic_net,4,USM1_USM3_pose_rel_mean_distance_rel,-0.0,0.0
elastic_net,4,USM1_USM2_pose_rel_one_arm_only_active_fraction,0.0,0.0
elastic_net,4,USM1_USM3_pose_rel_min_distance_rel,-0.0,0.0
elastic_net,4,USM1_USM3_pose_rel_max_distance_rel,0.0,0.0
elastic_net,4,USM2_USM3_pose_rel_std_distance_rel,0.0,0.0
elastic_net,4,USM1_USM3_pose_rel_one_arm_only_active_fraction,-0.0,0.0
elastic_net,4,USM2_USM3_pose_rel_simultaneous_active_fraction,-0.0,0.0
elastic_net,4,USM2_USM3_pose_rel_one_arm_only_active_fraction,0.0,0.0
elastic_net,4,USM2_USM3_pose_rel_both_idle_fraction,-0.0,0.0
elastic_net,4,active_pair_simultaneous_active_fraction,0.0,0.0
elastic_net,4,active_pair_both_idle_fraction,-0.0,0.0
elastic_net,4,active_pair_one_arm_only_active_fraction,0.0,0.0
elastic_net,5,USM2_pose_rel_mean_angular_speed_rad_s,0.3394001016740857,0.3394001016740857
elastic_net,5,USM2_pose_rel_rotation_orthogonality_error_mean,0.26165483982093535,0.26165483982093535
elastic_net,5,USM3_pose_rel_pause_count,-0.24058069035666027,0.24058069035666027
elastic_net,5,USM0_joint_insertion_q3_mean_range,-0.23871704214592576,0.23871704214592576
elastic_net,5,USM2_joint_tool_roll_q4_mean_abs_velocity,0.23454149894738843,0.23454149894738843
elastic_net,5,USM0_joint_tool_roll_q4_mean_abs_velocity,0.2007658764934882,0.2007658764934882
elastic_net,5,USM2_pose_rel_pause_fraction,-0.19154730504825432,0.19154730504825432
elastic_net,5,USM1_USM2_pose_rel_simultaneous_active_fraction,0.18314340762374998,0.18314340762374998
elastic_net,5,USM1_pose_rel_pause_count,0.18068230061757537,0.18068230061757537
elastic_net,5,USM2_pose_rel_idle_fraction_relative,-0.16134744625693892,0.16134744625693892
elastic_net,5,USM2_pose_rel_rotation_orthogonality_error_max,0.15712076493241453,0.15712076493241453
elastic_net,5,USM0_joint_base_revolute_q0_q2_mean_abs_velocity,0.1546592764560307,0.1546592764560307
elastic_net,5,USM2_pose_rel_rotation_determinant_mean,-0.1528580687786721,0.1528580687786721
elastic_net,5,USM2_pose_rel_pause_duration_seconds,-0.14927094567926713,0.14927094567926713
elastic_net,5,USM0_joint_jerk_cost,-0.1472553988282394,0.1472553988282394
elastic_net,5,USM1_pose_rel_y_range,0.14577642713803993,0.14577642713803993
elastic_net,5,active_pair_min_distance_rel,0.13986001046488464,0.13986001046488464
elastic_net,5,USM1_pose_rel_rms_speed_l2,0.13867909157148192,0.13867909157148192
elastic_net,5,USM1_USM2_pose_rel_mean_abs_relative_speed,0.13090907435204424,0.13090907435204424
elastic_net,5,active_pair_mean_distance_rel,0.12268078001970927,0.12268078001970927
elastic_net,5,USM1_pose_rel_x_range,0.1224170505769435,0.1224170505769435
elastic_net,5,USM2_joint_distal_q5_q9_mean_range,0.11995159233413183,0.11995159233413183
elastic_net,5,USM3_pose_rel_idle_threshold_relative,0.1197100398399975,0.1197100398399975
elastic_net,5,USM2_pose_rel_rms_speed_l2,0.11750664743817965,0.11750664743817965
elastic_net,5,USM1_USM3_pose_rel_distance_range_rel,0.1143839261764187,0.1143839261764187
elastic_net,5,USM2_pose_rel_mean_abs_angular_acceleration_rad_s2,0.11239997350833432,0.11239997350833432
elastic_net,5,USM3_pose_rel_dimensionless_jerk,-0.1121249119944456,0.1121249119944456
elastic_net,5,USM2_joint_idle_fraction_relative,-0.11112889167520806,0.11112889167520806
elastic_net,5,USM2_joint_pause_duration_seconds,-0.10917264276478979,0.10917264276478979
elastic_net,5,USM0_joint_pause_duration_seconds,-0.10890122539601267,0.10890122539601267
elastic_net,5,USM2_pose_rel_mean_speed_l2,0.10346828918609369,0.10346828918609369
elastic_net,5,USM0_joint_insertion_q3_path_l1,-0.10269028896484074,0.10269028896484074
elastic_net,5,USM1_pose_rel_workspace_box_volume,0.10052235030306196,0.10052235030306196
elastic_net,5,USM2_USM3_pose_rel_min_distance_rel,0.09831029562511938,0.09831029562511938
elastic_net,5,USM3_pose_rel_workspace_box_volume,-0.09588089431818962,0.09588089431818962
elastic_net,5,USM2_pose_rel_max_speed_l2,0.09161881692985688,0.09161881692985688
elastic_net,5,USM2_pose_rel_mean_acceleration_l2,0.09129767550424732,0.09129767550424732
elastic_net,5,USM1_pose_rel_economy_area_xz,0.09067133235005831,0.09067133235005831
elastic_net,5,USM1_USM2_pose_rel_path_length_imbalance,-0.09061802786319693,0.09061802786319693
elastic_net,5,USM3_joint_insertion_q3_mean_abs_velocity,0.0872009510727366,0.0872009510727366
elastic_net,5,USM3_joint_max_acceleration_l2,0.08486197343488992,0.08486197343488992
elastic_net,5,USM2_USM3_pose_rel_mean_distance_rel,0.08317919890348102,0.08317919890348102
elastic_net,5,USM2_joint_insertion_q3_mean_range,-0.08119307319988821,0.08119307319988821
elastic_net,5,USM2_pose_rel_max_acceleration_l2,0.07785987435267018,0.07785987435267018
elastic_net,5,duration_seconds,-0.07758506903813603,0.07758506903813603
elastic_net,5,USM1_pose_rel_pause_duration_seconds,-0.07661803646877972,0.07661803646877972
elastic_net,5,USM1_USM3_pose_rel_path_length_imbalance,0.07655959091052823,0.07655959091052823
elastic_net,5,USM0_joint_raw_path_l2,-0.07413451375874804,0.07413451375874804
elastic_net,5,USM1_joint_insertion_q3_mean_abs_velocity,0.07175966487657996,0.07175966487657996
elastic_net,5,USM2_USM3_pose_rel_path_length_imbalance,-0.06972893409772787,0.06972893409772787
elastic_net,5,USM2_joint_raw_path_l2,-0.06502854574516008,0.06502854574516008
elastic_net,5,USM1_pose_rel_idle_fraction_relative,0.06468356153269489,0.06468356153269489
elastic_net,5,USM1_USM3_pose_rel_std_distance_rel,0.06324964196788677,0.06324964196788677
elastic_net,5,USM2_joint_insertion_q3_mean_abs_velocity,0.06305751535092166,0.06305751535092166
elastic_net,5,USM3_pose_rel_economy_area_xy,-0.05939811324447936,0.05939811324447936
elastic_net,5,USM1_pose_rel_mean_speed_l2,0.05772361429679601,0.05772361429679601
elastic_net,5,USM1_pose_rel_economy_volume,0.05688213384427964,0.05688213384427964
elastic_net,5,USM2_pose_rel_max_jerk_l2,0.055848505049028184,0.055848505049028184
elastic_net,5,USM1_USM3_pose_rel_speed_correlation,-0.05459137582199095,0.05459137582199095
elastic_net,5,USM2_pose_rel_idle_threshold_relative,0.054049330069716614,0.054049330069716614
elastic_net,5,USM2_joint_net_displacement_l2,-0.053834755473198354,0.053834755473198354
elastic_net,5,USM1_USM2_pose_rel_std_distance_rel,-0.05327096178871653,0.05327096178871653
elastic_net,5,USM3_joint_mean_speed_l2,0.0529609067986885,0.0529609067986885
elastic_net,5,USM1_pose_rel_pause_fraction,0.05075701726049639,0.05075701726049639
elastic_net,5,active_pair_one_arm_only_active_fraction,0.04812453224442501,0.04812453224442501
elastic_net,5,USM2_joint_base_revolute_q0_q2_mean_abs_velocity,0.04743293701263203,0.04743293701263203
elastic_net,5,USM3_pose_rel_log_dimensionless_jerk,0.046925413848210404,0.046925413848210404
elastic_net,5,USM1_pose_rel_rotation_orthogonality_error_max,0.04528589608429573,0.04528589608429573
elastic_net,5,USM2_joint_pause_fraction,-0.045239913417009336,0.045239913417009336
elastic_net,5,USM3_joint_base_revolute_q0_q2_mean_abs_velocity,0.042867216384098655,0.042867216384098655
elastic_net,5,USM0_joint_idle_fraction_relative,-0.04157627364344427,0.04157627364344427
elastic_net,5,USM2_pose_rel_y_range,-0.04077239660110976,0.04077239660110976
elastic_net,5,USM2_joint_pause_count,-0.040378478817876616,0.040378478817876616
elastic_net,5,all_usm_joint_path_l1_total,-0.04009927001124456,0.04009927001124456
elastic_net,5,USM2_USM3_pose_rel_one_arm_only_active_fraction,0.04004125996029119,0.04004125996029119
elastic_net,5,USM2_joint_insertion_q3_path_l1,-0.03923033250333681,0.03923033250333681
elastic_net,5,USM2_pose_rel_z_range,0.038631555187804256,0.038631555187804256
elastic_net,5,USM1_pose_rel_mean_acceleration_l2,0.03845876585572943,0.03845876585572943
elastic_net,5,USM1_joint_distal_q5_q9_mean_range,-0.037947234087488256,0.037947234087488256
elastic_net,5,USM1_USM2_pose_rel_alignment_coverage,0.0379208607411717,0.0379208607411717
elastic_net,5,USM3_joint_net_displacement_l2,0.03756935824819557,0.03756935824819557
elastic_net,5,USM3_joint_movement_economy,-0.03623684105186682,0.03623684105186682
elastic_net,5,USM0_joint_idle_threshold_relative,-0.03571733663764065,0.03571733663764065
elastic_net,5,USM3_pose_rel_mean_angular_speed_rad_s,0.03522029097911043,0.03522029097911043
elastic_net,5,USM3_pose_rel_jerk_cost,-0.035136493595664724,0.035136493595664724
elastic_net,5,USM3_pose_rel_mean_speed_l2,0.033665513784495144,0.033665513784495144
elastic_net,5,USM1_joint_pause_duration_seconds,-0.03332987749726058,0.03332987749726058
elastic_net,5,USM2_USM3_pose_rel_both_idle_fraction,-0.03308556065462082,0.03308556065462082
elastic_net,5,USM3_pose_rel_max_acceleration_l2,-0.032864798947003636,0.032864798947003636
elastic_net,5,USM0_joint_insertion_q3_mean_abs_velocity,0.03251806836332385,0.03251806836332385
elastic_net,5,USM3_pose_rel_max_speed_l2,-0.031541702916126096,0.031541702916126096
elastic_net,5,USM0_joint_max_joint_range,-0.027760958282732402,0.027760958282732402
elastic_net,5,USM3_joint_tool_roll_q4_mean_abs_velocity,0.027437160918230476,0.027437160918230476
elastic_net,5,USM1_pose_rel_economy_area_yz,0.02657339854437906,0.02657339854437906
elastic_net,5,USM1_pose_rel_economy_area_xy,0.02650520117027856,0.02650520117027856
elastic_net,5,USM0_joint_median_dt_seconds,0.0225686738072205,0.0225686738072205
elastic_net,5,USM2_joint_base_revolute_q0_q2_path_l1,-0.021929504025672487,0.021929504025672487
elastic_net,5,USM2_joint_max_joint_range,-0.021319138176952114,0.021319138176952114
elastic_net,5,USM2_joint_max_acceleration_l2,0.021301336041619563,0.021301336041619563
elastic_net,5,USM3_joint_distal_q5_q9_mean_range,0.01767938703696572,0.01767938703696572
elastic_net,5,USM1_pose_rel_rotation_orthogonality_error_mean,0.017358410031650423,0.017358410031650423
elastic_net,5,USM2_joint_movement_economy,-0.01696352382679577,0.01696352382679577
elastic_net,5,USM3_pose_rel_mean_abs_angular_acceleration_rad_s2,0.016402067352156054,0.016402067352156054
elastic_net,5,active_pair_path_length_imbalance,-0.016372538814136372,0.016372538814136372
elastic_net,5,USM1_joint_tool_roll_q4_path_l1,-0.01459087369867137,0.01459087369867137
elastic_net,5,USM3_joint_insertion_q3_mean_range,0.01447224578690344,0.01447224578690344
elastic_net,5,USM3_joint_insertion_q3_path_l1,0.013625899261899754,0.013625899261899754
elastic_net,5,USM3_pose_rel_z_range,0.011628135171542774,0.011628135171542774
elastic_net,5,USM1_joint_mean_joint_range,-0.009734007491673411,0.009734007491673411
elastic_net,5,USM2_USM3_pose_rel_speed_correlation,0.009551786726817684,0.009551786726817684
elastic_net,5,USM3_joint_max_speed_l2,0.007477123624452375,0.007477123624452375
elastic_net,5,USM2_pose_rel_economy_area_xz,0.0066901278100803705,0.0066901278100803705
elastic_net,5,USM3_joint_max_joint_range,0.006654775443883418,0.006654775443883418
elastic_net,5,active_pair_both_idle_fraction,-0.006271246110909668,0.006271246110909668
elastic_net,5,USM1_joint_max_joint_range,-0.002381294916061086,0.002381294916061086
elastic_net,5,USM3_joint_mean_joint_range,0.002154633151684502,0.002154633151684502
elastic_net,5,USM2_pose_rel_raw_path_l2,-0.0019628586854931146,0.0019628586854931146
elastic_net,5,USM2_joint_tool_roll_q4_path_l1,0.0,0.0
elastic_net,5,USM2_joint_mean_abs_joint_velocity,0.0,0.0
elastic_net,5,USM2_joint_max_abs_joint_velocity,-0.0,0.0
elastic_net,5,USM2_joint_jerk_cost,-0.0,0.0
elastic_net,5,USM2_joint_mean_joint_range,0.0,0.0
elastic_net,5,USM2_joint_base_revolute_q0_q2_mean_range,-0.0,0.0
elastic_net,5,USM2_joint_max_speed_l2,0.0,0.0
elastic_net,5,USM1_pose_rel_max_angular_speed_rad_s,0.0,0.0
elastic_net,5,USM2_joint_rms_speed_l2,0.0,0.0
elastic_net,5,USM2_joint_mean_speed_l2,0.0,0.0
elastic_net,5,USM1_pose_rel_mean_abs_angular_acceleration_rad_s2,0.0,0.0
elastic_net,5,USM1_pose_rel_max_abs_angular_acceleration_rad_s2,0.0,0.0
elastic_net,5,USM2_joint_max_jerk_l2,0.0,0.0
elastic_net,5,USM2_joint_mean_acceleration_l2,0.0,0.0
elastic_net,5,USM2_joint_idle_threshold_relative,-0.0,0.0
elastic_net,5,USM1_pose_rel_mean_angular_speed_rad_s,-0.0,0.0
elastic_net,5,USM1_pose_rel_max_acceleration_l2,0.0,0.0
elastic_net,5,USM1_pose_rel_max_speed_l2,0.0,0.0
elastic_net,5,USM1_pose_rel_idle_threshold_relative,0.0,0.0
elastic_net,5,USM1_joint_tool_roll_q4_mean_abs_velocity,-0.0,0.0
elastic_net,5,USM1_pose_rel_raw_path_l2,0.0,0.0
elastic_net,5,USM1_joint_distal_q5_q9_path_l1,-0.0,0.0
elastic_net,5,USM1_pose_rel_movement_economy,-0.0,0.0
elastic_net,5,USM1_pose_rel_net_displacement_l2,-0.0,0.0
elastic_net,5,USM1_pose_rel_z_range,0.0,0.0
elastic_net,5,USM1_pose_rel_jerk_cost,0.0,0.0
elastic_net,5,USM1_pose_rel_dimensionless_jerk,-0.0,0.0
elastic_net,5,USM1_pose_rel_log_dimensionless_jerk,0.0,0.0
elastic_net,5,USM1_pose_rel_rotation_path_radians,-0.0,0.0
elastic_net,5,USM1_pose_rel_rotation_determinant_mean,-0.0,0.0
elastic_net,5,USM0_joint_net_displacement_l2,-0.0,0.0
elastic_net,5,USM0_joint_max_gap_seconds,-0.0,0.0
elastic_net,5,USM0_joint_base_revolute_q0_q2_mean_range,0.0,0.0
elastic_net,5,USM0_joint_base_revolute_q0_q2_path_l1,-0.0,0.0
elastic_net,5,USM0_joint_mean_joint_range,-0.0,0.0
elastic_net,5,USM0_joint_pause_count,0.0,0.0
elastic_net,5,USM0_joint_max_speed_l2,0.0,0.0
elastic_net,5,USM0_joint_mean_acceleration_l2,0.0,0.0
elastic_net,5,USM0_joint_max_acceleration_l2,-0.0,0.0
elastic_net,5,USM0_joint_max_jerk_l2,0.0,0.0
elastic_net,5,USM0_joint_mean_speed_l2,0.0,0.0
elastic_net,5,USM0_joint_rms_speed_l2,-0.0,0.0
elastic_net,5,USM1_joint_movement_economy,-0.0,0.0
elastic_net,5,USM1_joint_net_displacement_l2,-0.0,0.0
elastic_net,5,USM1_joint_raw_path_l2,-0.0,0.0
elastic_net,5,USM0_joint_tool_roll_q4_path_l1,-0.0,0.0
elastic_net,5,USM0_joint_tool_roll_q4_mean_range,-0.0,0.0
elastic_net,5,USM0_joint_distal_q5_q9_mean_range,0.0,0.0
elastic_net,5,USM1_joint_max_acceleration_l2,-0.0,0.0
elastic_net,5,USM1_joint_mean_acceleration_l2,0.0,0.0
elastic_net,5,USM1_joint_max_speed_l2,-0.0,0.0
elastic_net,5,USM1_joint_rms_speed_l2,-0.0,0.0
elastic_net,5,USM1_joint_mean_speed_l2,0.0,0.0
elastic_net,5,USM1_joint_idle_fraction_relative,-0.0,0.0
elastic_net,5,USM1_joint_pause_count,-0.0,0.0
elastic_net,5,USM1_joint_max_jerk_l2,-0.0,0.0
elastic_net,5,USM1_joint_pause_fraction,0.0,0.0
elastic_net,5,USM1_joint_jerk_cost,0.0,0.0
elastic_net,5,USM1_joint_max_abs_joint_velocity,-0.0,0.0
elastic_net,5,USM1_joint_base_revolute_q0_q2_path_l1,-0.0,0.0
elastic_net,5,USM1_joint_base_revolute_q0_q2_mean_abs_velocity,0.0,0.0
elastic_net,5,USM1_joint_base_revolute_q0_q2_mean_range,-0.0,0.0
elastic_net,5,USM1_joint_insertion_q3_mean_range,0.0,0.0
elastic_net,5,USM1_joint_insertion_q3_path_l1,0.0,0.0
elastic_net,5,USM0_joint_movement_economy,0.0,0.0
elastic_net,5,USM3_pose_rel_idle_fraction_relative,0.0,0.0
elastic_net,5,USM3_pose_rel_rms_speed_l2,0.0,0.0
elastic_net,5,USM3_pose_rel_movement_economy,-0.0,0.0
elastic_net,5,USM3_pose_rel_pause_duration_seconds,0.0,0.0
elastic_net,5,USM3_pose_rel_raw_path_l2,-0.0,0.0
elastic_net,5,USM3_pose_rel_net_displacement_l2,-0.0,0.0
elastic_net,5,USM3_joint_base_revolute_q0_q2_path_l1,0.0,0.0
elastic_net,5,USM3_joint_pause_duration_seconds,-0.0,0.0
elastic_net,5,USM3_joint_pause_count,0.0,0.0
elastic_net,5,USM3_joint_raw_path_l2,0.0,0.0
elastic_net,5,USM3_joint_idle_fraction_relative,0.0,0.0
elastic_net,5,USM3_joint_tool_roll_q4_path_l1,0.0,0.0
elastic_net,5,USM3_joint_jerk_cost,0.0,0.0
elastic_net,5,USM2_pose_rel_max_angular_speed_rad_s,-0.0,0.0
elastic_net,5,USM2_pose_rel_max_abs_angular_acceleration_rad_s2,-0.0,0.0
elastic_net,5,USM2_pose_rel_economy_volume,0.0,0.0
elastic_net,5,USM2_pose_rel_economy_area_yz,-0.0,0.0
elastic_net,5,USM2_pose_rel_log_dimensionless_jerk,0.0,0.0
elastic_net,5,USM2_pose_rel_dimensionless_jerk,-0.0,0.0
elastic_net,5,USM2_pose_rel_net_displacement_l2,-0.0,0.0
elastic_net,5,USM2_pose_rel_movement_economy,-0.0,0.0
elastic_net,5,USM2_pose_rel_jerk_cost,0.0,0.0
elastic_net,5,USM2_pose_rel_pause_count,-0.0,0.0
elastic_net,5,USM2_pose_rel_x_range,0.0,0.0
elastic_net,5,USM2_pose_rel_rotation_path_radians,0.0,0.0
elastic_net,5,USM2_pose_rel_economy_area_xy,0.0,0.0
elastic_net,5,USM2_pose_rel_workspace_box_volume,-0.0,0.0
elastic_net,5,USM3_joint_base_revolute_q0_q2_mean_range,0.0,0.0
elastic_net,5,USM3_pose_rel_x_range,-0.0,0.0
elastic_net,5,USM3_pose_rel_y_range,-0.0,0.0
elastic_net,5,USM3_pose_rel_pause_fraction,0.0,0.0
elastic_net,5,USM1_USM2_pose_rel_speed_correlation,-0.0,0.0
elastic_net,5,USM1_USM2_pose_rel_distance_range_rel,0.0,0.0
elastic_net,5,USM1_USM2_pose_rel_min_distance_rel,-0.0,0.0
elastic_net,5,USM1_USM2_pose_rel_max_distance_rel,-0.0,0.0
elastic_net,5,USM1_USM2_pose_rel_mean_distance_rel,0.0,0.0
elastic_net,5,USM3_pose_rel_max_angular_speed_rad_s,-0.0,0.0
elastic_net,5,all_psm_pose_rel_path_total,-0.0,0.0
elastic_net,5,USM1_pose_rel_active,0.0,0.0
elastic_net,5,USM3_pose_rel_max_abs_angular_acceleration_rad_s2,-0.0,0.0
elastic_net,5,USM3_pose_rel_economy_area_xz,0.0,0.0
elastic_net,5,USM3_pose_rel_economy_area_yz,-0.0,0.0
elastic_net,5,USM3_pose_rel_economy_volume,-0.0,0.0
elastic_net,5,USM3_pose_rel_rotation_orthogonality_error_mean,-0.0,0.0
elastic_net,5,USM3_pose_rel_rotation_orthogonality_error_max,-0.0,0.0
elastic_net,5,USM3_pose_rel_rotation_determinant_mean,-0.0,0.0
elastic_net,5,USM3_pose_rel_rotation_path_radians,0.0,0.0
elastic_net,5,USM2_USM3_pose_rel_std_distance_rel,0.0,0.0
elastic_net,5,USM1_USM3_pose_rel_simultaneous_active_fraction,-0.0,0.0
elastic_net,5,USM1_USM3_pose_rel_one_arm_only_active_fraction,-0.0,0.0
elastic_net,5,USM1_USM3_pose_rel_both_idle_fraction,0.0,0.0
elastic_net,5,USM1_USM3_pose_rel_mean_distance_rel,-0.0,0.0
elastic_net,5,USM1_USM2_pose_rel_both_idle_fraction,-0.0,0.0
elastic_net,5,USM1_USM3_pose_rel_min_distance_rel,-0.0,0.0
elastic_net,5,USM1_USM3_pose_rel_max_distance_rel,0.0,0.0
elastic_net,5,USM1_USM2_pose_rel_one_arm_only_active_fraction,-0.0,0.0
elastic_net,5,active_pair_usm_a,0.0,0.0
elastic_net,5,USM2_USM3_pose_rel_distance_range_rel,-0.0,0.0
elastic_net,5,USM2_USM3_pose_rel_simultaneous_active_fraction,0.0,0.0
elastic_net,5,active_pair_usm_b,-0.0,0.0
elastic_net,5,active_pair_speed_correlation,0.0,0.0
elastic_net,5,active_pair_simultaneous_active_fraction,-0.0,0.0
elastic_net,5,active_pair_path_length_a_rel,-0.0,0.0
